ply
format ascii 1.0
element vertex 12066
property float x
property float y
property float z
property int scalar_Label
end_header
1.444721 0.182429 -2.378551 8
1.465778 0.102963 -2.346455 8
1.326541 0.614227 -2.325756 8
1.367682 0.543778 -2.248248 8
1.388653 0.465003 -2.214585 8
1.425588 0.394590 -2.146938 8
1.434028 0.310300 -2.141281 8
1.472986 0.242476 -2.070093 8
1.456115 0.143813 -2.120373 8
1.461963 0.057146 -2.122048 8
1.459972 -0.034901 -2.141398 8
1.466626 -0.122293 -2.142573 8
1.458679 -0.220025 -2.176286 8
1.433629 -0.330978 -2.248230 8
1.398029 -0.451773 -2.344285 8
1.186510 0.856914 -2.351967 8
1.233623 0.785887 -2.262661 8
1.284792 0.718098 -2.165231 8
1.324232 0.647130 -2.092599 8
1.348334 0.570571 -2.052388 8
1.378267 0.497269 -2.000396 8
1.403599 0.422478 -1.958443 8
1.450776 0.359464 -1.871043 8
1.455169 0.274987 -1.873878 8
1.468677 0.195144 -1.858065 8
1.482117 0.115182 -1.842888 8
1.474721 0.022426 -1.872246 8
1.475301 -0.066427 -1.885380 8
1.469688 -0.160149 -1.912267 8
1.443150 -0.269272 -1.984311 8
1.408065 -0.386655 -2.075439 8
1.385397 -0.497673 -2.141049 8
1.302824 -0.656171 -2.335711 8
1.183562 0.883870 -2.124842 8
1.244401 0.819331 -2.009798 8
1.270569 0.743379 -1.965281 8
1.321149 0.678203 -1.871620 8
1.340311 0.601030 -1.842058 8
1.351295 0.520412 -1.829549 8
1.337376 0.427725 -1.868229 8
1.345485 0.344905 -1.862584 8
1.363908 0.267248 -1.836362 8
1.361416 0.178267 -1.853358 8
1.134824 -0.039908 -2.330112 8
1.129608 -0.137416 -2.354614 8
1.253158 -0.156191 -2.115016 8
1.388159 -0.162591 -1.851533 8
1.402381 -0.244007 -1.836859 8
1.422287 -0.321687 -1.810921 8
1.416077 -0.418016 -1.839538 8
1.376747 -0.540144 -1.937597 8
1.310620 -0.685759 -2.092407 8
1.007966 0.939232 -2.239945 8
1.102060 0.882762 -2.062193 8
1.216997 0.837442 -1.843543 8
1.220198 0.753596 -1.845121 8
1.226339 0.670608 -1.841358 8
1.234557 0.588269 -1.833948 8
1.235502 0.502482 -1.841364 8
1.264726 0.429519 -1.793279 8
1.257242 0.339117 -1.818313 8
1.238527 0.241960 -1.866188 8
1.254145 0.161806 -1.846425 8
1.129992 0.003181 -2.105388 8
1.156299 -0.073915 -2.065608 8
1.207943 -0.135195 -1.975600 8
1.283455 -0.179840 -1.838045 8
1.287118 -0.268782 -1.844540 8
1.293349 -0.356675 -1.846417 8
1.305691 -0.440888 -1.836532 8
1.311805 -0.529969 -1.839691 8
1.312353 -0.623908 -1.854645 8
1.278670 -0.745365 -1.939507 8
0.859017 1.096264 -2.290017 8
1.017055 1.053478 -1.994157 8
1.026432 0.970073 -1.982496 8
1.093944 0.906177 -1.860005 8
1.108879 0.825941 -1.838425 8
1.135988 0.750488 -1.793894 8
1.122255 0.659430 -1.828080 8
1.168114 0.592323 -1.748295 8
1.114291 0.482652 -1.860474 8
1.123191 0.399152 -1.852586 8
1.171893 0.334745 -1.768392 8
1.133553 0.227759 -1.852454 8
1.136655 0.140348 -1.857091 8
1.167620 0.067739 -1.808265 8
1.112548 -0.053502 -1.926553 8
1.171982 -0.109769 -1.823347 8
1.182591 -0.194311 -1.815245 8
1.182886 -0.285792 -1.827685 8
1.185948 -0.376269 -1.835257 8
1.186576 -0.469162 -1.848106 8
1.207711 -0.548363 -1.821340 8
1.209391 -0.641824 -1.833155 8
1.232616 -0.719848 -1.803168 8
1.224238 -0.822549 -1.835845 8
0.773456 1.183771 -2.224344 8
0.805273 1.103332 -2.170462 8
0.985044 1.066548 -1.841801 8
0.999692 0.985686 -1.820337 8
1.015318 0.905366 -1.797416 8
1.045933 0.830529 -1.746918 8
1.075335 0.756075 -1.698994 8
1.049786 0.660878 -1.753995 8
0.972621 0.542855 -1.905993 8
1.012710 0.471884 -1.839312 8
1.018798 0.386606 -1.836598 8
1.044289 0.310241 -1.797908 8
1.043012 0.221056 -1.809814 8
1.049313 0.135115 -1.807928 8
1.046834 0.044039 -1.823000 8
1.054850 -0.041941 -1.818766 8
1.065063 -0.127014 -1.810811 8
1.074517 -0.212856 -1.804715 8
1.061470 -0.313224 -1.841669 8
1.072563 -0.399283 -1.833406 8
1.080864 -0.487590 -1.830888 8
1.100210 -0.568716 -1.807805 8
1.118788 -0.650439 -1.786580 8
1.144265 -0.727133 -1.752576 8
1.124166 -0.838646 -1.806181 8
1.097019 -0.957767 -1.874019 8
1.881383 6.036398 -0.405157 5
1.840471 5.988429 -0.465136 5
1.762783 5.979457 -0.595801 5
1.693821 5.958409 -0.709533 5
1.575063 5.986232 -0.918129 5
0.655733 1.263873 -2.218447 8
0.753879 1.198414 -2.045500 8
0.871338 1.141626 -1.837782 8
0.860926 1.052925 -1.861707 8
0.909036 0.981223 -1.780000 8
0.897515 0.891782 -1.806675 8
0.906848 0.808647 -1.795923 8
0.904480 0.721206 -1.806782 8
0.936123 0.646291 -1.756212 8
0.911760 0.549520 -1.807843 8
0.916909 0.463797 -1.806207 8
0.909363 0.372090 -1.828104 8
0.941249 0.297918 -1.778469 8
0.930701 0.203784 -1.806664 8
1.004484 0.151518 -1.681033 8
0.988656 0.054210 -1.719654 8
0.991342 -0.034233 -1.724819 8
0.970846 -0.136564 -1.772993 8
0.980630 -0.222504 -1.766019 8
0.962254 -0.326176 -1.811326 8
0.974453 -0.411924 -1.800789 8
0.944459 -0.525904 -1.868626 8
0.993738 -0.587871 -1.790392 8
1.014308 -0.668826 -1.765572 8
1.002371 -0.773534 -1.801503 8
0.976150 -0.890561 -1.864608 8
1.024702 -0.951758 -1.789003 8
0.886165 -1.161574 -2.063100 8
1.939390 6.078018 -0.142435 5
1.911558 6.017607 -0.176861 5
1.855656 5.988423 -0.264094 5
1.784149 5.974555 -0.380428 5
1.691527 5.980594 -0.535900 5
1.607398 5.974248 -0.675244 5
1.541335 5.946588 -0.780872 5
1.473232 5.918815 -0.890203 5
1.279852 6.008668 -1.230388 5
1.293171 3.208971 -0.888721 2
1.275430 3.137437 -0.916392 2
1.259908 3.065007 -0.940434 2
1.289412 2.984019 -0.885547 12
1.263403 2.913371 -0.928624 12
1.280976 2.686379 -0.891520 12
1.263492 2.613414 -0.920760 12
1.156970 2.469141 -1.105747 11
1.235179 2.390295 -0.967815 11
1.178545 2.315740 -1.066957 11
1.210613 2.239884 -1.010652 11
1.189438 2.163718 -1.048131 11
1.236933 2.089983 -0.965330 11
1.200589 2.012419 -1.030052 2
1.241807 1.864835 -0.960338 2
0.441011 1.325859 -2.381654 8
0.596369 1.268373 -2.112077 8
0.721277 1.209335 -1.896233 8
0.765739 1.134020 -1.822303 8
0.812932 1.060882 -1.743819 8
0.813421 0.975327 -1.748007 8
0.748384 0.868595 -1.868282 8
0.755927 0.783411 -1.860802 8
0.793164 0.708724 -1.801141 10
0.886407 0.656225 -1.642590 10
0.787420 0.530555 -1.824740 8
0.863616 0.473606 -1.696880 10
0.910478 0.406372 -1.621215 10
0.939702 0.332418 -1.577106 10
0.947669 0.248910 -1.571085 10
0.970712 0.172676 -1.538563 10
0.985058 0.092251 -1.521847 10
0.989985 0.006675 -1.522277 10
0.983293 -0.085915 -1.543856 10
0.968558 -0.184202 -1.580272 10
0.934843 -0.295369 -1.651198 10
0.884650 -0.419126 -1.752304 10
0.879217 -0.516825 -1.773641 8
0.862913 -0.622935 -1.815032 8
0.867937 -0.715875 -1.818509 8
0.743229 -0.902514 -2.056801 8
0.801483 -0.960526 -1.965237 8
0.907861 -0.980220 -1.786552 8
0.877594 -1.103422 -1.855853 8
1.958379 6.070231 0.056589 5
1.923755 6.019249 0.009919 5
1.883442 5.974160 -0.047287 5
1.803267 5.971867 -0.177042 5
1.685382 6.006855 -0.374889 5
1.601965 6.001071 -0.509849 5
1.561102 5.949096 -0.567829 5
1.400856 6.014351 -0.840751 5
1.364642 5.953269 -0.890191 5
1.217979 5.995276 -1.137664 5
1.144662 5.964272 -1.253403 5
1.198997 3.291520 -0.879489 2
1.237297 3.206313 -0.810112 2
1.272360 3.123521 -0.746643 12
1.455191 3.013118 -0.430056 12
1.460813 2.941481 -0.417830 12
1.477665 2.868443 -0.386625 12
1.478461 2.798458 -0.383211 12
1.438097 2.733657 -0.450557 12
1.461371 2.660901 -0.409152 12
1.464053 2.590856 -0.403279 12
1.477824 2.520268 -0.378682 11
1.459130 2.451780 -0.409914 11
1.463489 2.381991 -0.401942 11
1.467523 2.312396 -0.394783 11
1.456037 2.242816 -0.414440 11
1.443681 2.172772 -0.435842 11
1.458504 2.103509 -0.410986 11
1.465621 2.034251 -0.399571 11
1.182082 1.940701 -0.886039 2
1.212492 1.868772 -0.835343 2
1.225731 1.795786 -0.814309 2
0.539994 1.361521 -1.999810 8
0.586630 1.283382 -1.923339 8
0.637443 1.207736 -1.839949 8
0.681086 1.131917 -1.769116 8
0.692472 1.048627 -1.753967 8
0.698632 0.963909 -1.748111 8
0.637217 0.857956 -1.858864 8
0.687477 0.786298 -1.777784 8
0.765060 0.725792 -1.649832 10
0.811028 0.656164 -1.576540 10
0.823313 0.574732 -1.561599 10
0.827026 0.489789 -1.561774 10
0.887197 0.428807 -1.464649 10
0.915090 0.355163 -1.423546 10
0.953434 0.287019 -1.364586 10
0.951924 0.200283 -1.374965 10
0.989096 0.132684 -1.318535 10
0.991400 0.047429 -1.322934 10
0.985453 -0.042944 -1.342045 10
0.990900 -0.127705 -1.341698 10
0.958311 -0.235588 -1.408072 10
0.919492 -0.349444 -1.485869 10
0.875613 -0.468978 -1.573102 10
0.837718 -0.587290 -1.650477 10
0.855527 -0.670162 -1.630709 10
0.747683 -0.841577 -1.832136 8
0.770285 -0.924049 -1.804949 8
0.766412 -1.026331 -1.824774 8
0.763778 -1.128880 -1.842898 8
1.939051 6.107632 0.180231 5
1.919407 6.039909 0.160873 5
1.893797 5.979254 0.130639 5
1.802147 5.991189 -0.016659 5
1.469801 6.160452 -0.572625 5
1.410883 6.124677 -0.660866 5
1.411638 6.027866 -0.644545 5
1.348190 5.994680 -0.740957 5
1.285027 5.959342 -0.836854 5
1.148077 5.990081 -1.061214 5
1.058411 5.973022 -1.202904 5
0.865994 6.042550 -1.522629 5
1.183183 3.203403 -0.730279 2
1.496949 3.061673 -0.202351 12
1.498556 2.992502 -0.197095 12
1.498685 2.923839 -0.194551 12
1.519540 2.852097 -0.157612 12
1.491940 2.787984 -0.201869 12
1.504840 2.718127 -0.178702 12
1.521009 2.648531 -0.150320 12
1.509324 2.581937 -0.168677 12
1.500375 2.514815 -0.182692 11
1.519691 2.446124 -0.149764 11
1.524463 2.378589 -0.141342 11
1.519464 2.311346 -0.149455 11
1.509256 2.243879 -0.166488 11
1.523291 2.176698 -0.143298 11
1.515760 2.109015 -0.156324 11
1.499724 2.040462 -0.183779 11
1.143438 1.943056 -0.779451 2
1.164943 1.870703 -0.744813 2
1.177487 1.797964 -0.725379 2
0.370397 1.343787 -2.083535 8
0.524763 1.286724 -1.828660 8
0.517090 1.197655 -1.845052 8
0.567590 1.122578 -1.764355 8
0.560117 1.033489 -1.781001 8
0.567656 0.948113 -1.772804 8
0.599056 0.870000 -1.724882 10
0.701539 0.815907 -1.557897 10
0.729446 0.739576 -1.516245 10
0.786523 0.674547 -1.425803 10
0.804983 0.596452 -1.400486 10
0.855156 0.531421 -1.322042 10
0.881453 0.457765 -1.283995 10
0.940135 0.398989 -1.191569 10
0.938670 0.314173 -1.200805 10
0.974774 0.246892 -1.146882 10
0.984170 0.167055 -1.138333 10
0.992110 0.086239 -1.132539 10
0.990489 -0.000074 -1.143253 10
0.997619 -0.082169 -1.139454 10
0.977943 -0.180329 -1.181517 10
0.947873 -0.286318 -1.241695 10
0.923146 -0.390971 -1.293259 10
0.829576 -0.542073 -1.462739 10
0.837646 -0.629961 -1.459408 10
0.788524 -0.757903 -1.554270 10
0.817478 -0.833233 -1.516005 10
0.660071 -1.045235 -1.797804 8
0.645992 -1.156693 -1.834528 8
0.651220 -1.254798 -1.838533 8
1.911904 6.064291 0.301923 5
1.878100 6.013706 0.257720 5
1.838890 5.968652 0.204059 5
1.255915 6.110097 -0.724901 5
1.290482 5.980821 -0.652478 5
1.268559 5.906885 -0.676543 5
1.233195 5.845248 -0.723635 5
1.169473 5.808059 -0.818829 5
0.789252 6.040208 -1.447929 5
0.740498 5.979553 -1.517001 5
1.520408 3.247138 -0.019248 2
1.490123 3.186660 -0.065723 2
1.507987 3.114326 -0.033796 2
1.514413 3.045262 -0.020770 12
1.513984 2.977941 -0.019149 12
1.520422 2.909599 -0.006548 12
1.520768 2.842595 -0.004096 12
1.514647 2.776627 -0.012392 12
1.500847 2.711469 -0.033402 12
1.521441 2.642490 0.001392 12
1.509087 2.577038 -0.017678 12
1.521714 2.509631 0.003712 11
1.506919 2.443981 -0.019744 11
1.525294 2.376937 0.010581 11
1.523528 2.310765 0.007914 11
1.527947 2.244594 0.015106 11
1.515275 2.178110 -0.005725 11
1.518455 2.111860 -0.000967 11
1.521998 2.045706 0.004176 11
1.489126 1.976653 -0.050176 2
1.507703 1.911459 -0.020978 2
1.495404 1.843208 -0.042267 2
0.947989 1.701562 -0.935532 6
0.149524 1.409024 -2.241206 8
0.323600 1.350022 -1.960240 8
0.427333 1.282445 -1.794098 8
0.408156 1.190432 -1.828684 8
0.414014 1.103596 -1.822708 8
0.472824 1.030699 -1.730510 8
0.462200 0.939981 -1.751981 10
0.631676 0.902946 -1.479235 10
0.642757 0.821060 -1.465631 10
0.714686 0.759890 -1.352652 10
0.748804 0.687472 -1.301754 10
0.770461 0.611221 -1.271490 10
0.826986 0.549197 -1.184241 10
0.871307 0.483801 -1.117175 10
0.916074 0.419829 -1.049539 10
0.942638 0.348808 -1.012009 10
0.957917 0.272943 -0.993269 10
0.991202 0.206035 -0.945095 10
0.995632 0.125032 -0.944712 10
1.004730 0.046102 -0.936904 10
1.001658 -0.039835 -0.949485 10
0.987472 -0.132938 -0.980779 10
1.015026 -0.202452 -0.943272 10
0.933191 -0.338932 -1.087470 10
0.891853 -0.453769 -1.165055 10
0.840035 -0.578026 -1.260588 10
0.848665 -0.664256 -1.256013 10
0.765538 -0.815268 -1.404807 10
0.517430 -1.089929 -1.829968 8
0.536544 -1.177569 -1.809688 8
0.529921 -1.285138 -1.832843 8
1.880450 6.116615 0.398748 5
1.864571 6.045826 0.385313 5
1.839391 5.985887 0.356002 5
1.766779 5.977363 0.247118 5
1.176792 6.116155 -0.671159 5
1.143568 6.051106 -0.713523 5
1.156292 5.943847 -0.680258 5
1.127536 5.875192 -0.715769 5
0.655782 6.189326 -1.479861 5
0.650861 6.090094 -1.475440 5
0.620919 6.012324 -1.512393 5
0.556982 5.961448 -1.605200 5
0.946692 3.458720 -0.789177 6
1.488257 3.239988 0.077005 2
1.455980 3.180398 0.028316 2
1.475999 3.108136 0.062716 2
1.496044 3.036805 0.096933 12
1.509109 2.967704 0.119824 12
1.505163 2.902138 0.115457 12
1.493417 2.837771 0.098502 12
1.520295 2.767948 0.142744 12
1.536350 2.700467 0.169578 12
1.505631 2.638257 0.121909 12
1.506157 2.572530 0.123692 12
1.502087 2.507181 0.117986 11
1.517990 2.440854 0.143808 11
1.520946 2.375481 0.148879 11
1.528146 2.310200 0.160499 11
1.526575 2.245105 0.158004 11
1.512542 2.179613 0.135535 11
1.511898 2.114193 0.134135 11
1.509268 2.048586 0.129390 11
1.507432 1.982892 0.125718 2
1.493021 1.915825 0.101878 2
1.490193 1.849496 0.096241 2
1.402221 1.771555 -0.044902 6
0.164751 1.425431 -2.015937 8
0.269159 1.354564 -1.852470 8
0.323165 1.276853 -1.769349 8
0.332701 1.190878 -1.757211 8
0.278655 1.089564 -1.846578 8
0.309175 1.008021 -1.801553 8
0.451902 0.958572 -1.577887 10
0.525683 0.893527 -1.464208 10
0.581469 0.825165 -1.379376 10
0.734742 0.791093 -1.139041 10
0.799832 0.731208 -1.039548 10
0.795869 0.647684 -1.050575 10
0.883509 0.599364 -0.915305 10
0.854097 0.505982 -0.967501 10
0.867003 0.429151 -0.952218 10
0.937697 0.378196 -0.844488 10
0.964228 0.308829 -0.807714 10
0.964518 0.227198 -0.813282 10
1.007576 0.166662 -0.750345 10
1.016120 0.089103 -0.743094 10
1.002523 -0.000792 -0.771762 10
1.004794 -0.082883 -0.775157 10
1.002206 -0.168382 -0.786671 10
0.955397 -0.281452 -0.869961 10
0.935318 -0.380411 -0.910460 10
0.877577 -0.505307 -1.012362 10
0.830343 -0.626378 -1.097762 10
0.766266 -0.761858 -1.211038 10
0.593443 -0.978112 -1.501811 10
0.463842 -1.171084 -1.723302 8
0.420526 -1.305700 -1.805010 8
1.847673 6.081883 0.504295 5
1.815379 6.030376 0.463542 5
1.788463 5.972658 0.431419 5
1.054494 6.066030 -0.675440 5
1.110783 5.919990 -0.573819 5
1.087562 5.847031 -0.600281 5
1.039080 5.795583 -0.667378 5
0.555874 6.102587 -1.429123 5
0.497482 6.047299 -1.511167 5
0.456802 5.976708 -1.565080 5
1.358342 3.396279 0.013021 6
1.407227 3.313685 0.091948 6
1.468800 3.229861 0.190336 2
1.456053 3.166221 0.172988 2
1.436904 3.103756 0.145532 2
1.510549 3.021990 0.261978 12
1.515727 2.955700 0.271909 12
1.486349 2.895540 0.228044 12
1.512175 2.826235 0.269658 12
1.510744 2.761571 0.268809 12
1.519980 2.695757 0.284325 12
1.503401 2.632864 0.259648 12
1.517993 2.567011 0.283118 12
1.499467 2.503776 0.255090 11
1.481224 2.439932 0.227333 11
1.507796 2.374308 0.268848 11
1.500688 2.309936 0.258006 11
1.498144 2.245361 0.254065 11
1.500977 2.180831 0.258283 11
1.498870 2.116161 0.254677 11
1.515681 2.052539 0.280217 11
1.446372 1.982650 0.172113 2
1.447309 1.917037 0.172698 2
1.467566 1.853575 0.203063 2
1.432144 1.783383 0.146921 2
1.349986 1.704830 0.018085 6
0.197807 1.444258 -1.771166 8
0.200652 1.356310 -1.769083 8
0.156515 1.258708 -1.840177 8
0.174502 1.172990 -1.815078 8
0.192175 1.087568 -1.790688 8
0.215891 1.004036 -1.757125 10
0.462585 0.982264 -1.377030 10
0.914127 1.029033 -0.678101 10
0.631570 0.863681 -1.121397 10
0.689110 0.799605 -1.035698 10
0.913016 0.795059 -0.690861 10
0.886899 0.706899 -0.735702 10
0.843933 0.610899 -0.807111 10
0.856793 0.535372 -0.791669 10
0.883902 0.465886 -0.754165 10
0.924059 0.402697 -0.696429 10
0.958174 0.337761 -0.648285 10
0.967641 0.261820 -0.638897 10
0.999555 0.196882 -0.594534 10
1.013841 0.123507 -0.577982 10
1.015439 0.043306 -0.581559 10
1.009159 -0.041814 -0.597763 10
1.022512 -0.116503 -0.583342 10
0.989458 -0.218961 -0.642238 10
0.959628 -0.321440 -0.696421 10
0.926319 -0.428053 -0.756467 10
0.839675 -0.571787 -0.901208 10
0.803455 -0.685739 -0.966766 10
0.675068 -0.866347 -1.178789 10
0.334744 -1.205567 -1.727860 8
0.312141 -1.325034 -1.773968 8
1.807491 6.144745 0.583576 5
1.808704 6.055603 0.596654 5
1.792442 5.986977 0.581653 5
1.729069 5.969189 0.491798 5
1.009980 5.945801 -0.556653 5
0.969927 5.886607 -0.609292 5
0.928031 5.828260 -0.664924 5
0.897314 5.760042 -0.703280 5
0.433051 6.034610 -1.415293 5
0.340998 6.003693 -1.548233 5
1.303865 3.394671 0.074455 6
1.326715 3.319452 0.111773 6
1.365584 3.241253 0.173186 2
1.389679 3.168135 0.211983 2
1.353965 3.109079 0.159936 2
1.467441 3.019173 0.333805 12
1.477420 2.952283 0.350639 12
1.472905 2.888292 0.345358 12
1.481238 2.822397 0.359371 12
1.466313 2.759944 0.338020 12
1.461518 2.695946 0.331852 12
1.482838 2.629398 0.365040 12
1.479005 2.565630 0.360012 12
1.478457 2.501599 0.359800 11
1.446695 2.438950 0.312222 11
1.492279 2.373237 0.381476 11
1.457720 2.309815 0.329363 11
1.457568 2.245503 0.329132 11
1.448849 2.180956 0.315791 11
1.473357 2.117520 0.352550 11
1.463838 2.052836 0.337687 11
1.372773 1.981424 0.199305 2
1.371094 1.915291 0.195971 2
1.366654 1.848703 0.188297 2
1.364725 1.782184 0.184262 2
1.299196 1.706115 0.083781 6
0.852741 1.564888 -0.593733 10
0.831901 1.485436 -0.627117 10
0.803384 1.403531 -0.672338 10
0.794739 1.324733 -0.687656 10
0.824583 1.254441 -0.644817 10
0.839606 1.181212 -0.624615 10
0.827590 1.100939 -0.645615 10
0.812780 1.019147 -0.671067 10
0.889242 0.964449 -0.558108 10
0.869195 0.880902 -0.591887 10
0.873211 0.804519 -0.589308 10
0.870111 0.725354 -0.597747 10
0.835736 0.633856 -0.654001 10
0.863597 0.565378 -0.615728 10
0.883802 0.494314 -0.589277 10
0.938133 0.438341 -0.510945 10
0.934857 0.357869 -0.520629 10
0.964832 0.292442 -0.479743 10
0.991801 0.226159 -0.443596 10
1.001451 0.151554 -0.434094 10
0.995713 0.068640 -0.448346 10
1.021250 0.002037 -0.414905 10
1.012458 -0.083628 -0.434279 10
0.980446 -0.183873 -0.489560 10
0.990101 -0.260794 -0.481127 10
0.959243 -0.363365 -0.535237 10
0.917773 -0.474741 -0.606035 10
0.811935 -0.631406 -0.776476 10
0.766910 -0.751439 -0.853666 10
0.829669 -0.797972 -0.764705 10
0.729021 -0.961688 -0.928641 10
1.776668 6.109344 0.687205 5
1.763044 6.037843 0.676112 5
1.739903 5.977166 0.650115 5
1.648933 5.987837 0.519474 5
0.972238 5.916403 -0.441666 5
0.962432 5.832223 -0.447735 5
0.939036 5.759820 -0.474650 5
0.835823 5.751241 -0.622665 5
0.336448 6.047572 -1.369986 5
0.246178 6.014086 -1.497457 5
0.196811 5.947762 -1.563148 5
1.199158 3.337617 0.063042 6
1.217716 3.263451 0.092779 6
1.336929 3.166881 0.271306 2
1.437636 3.078626 0.422182 12
1.449664 3.011493 0.441662 12
1.460023 2.945249 0.458517 12
1.456180 2.881822 0.454230 12
1.450795 2.818629 0.447525 12
1.449535 2.754850 0.446776 12
1.447274 2.691251 0.444410 12
1.465048 2.625793 0.471497 12
1.439092 2.564375 0.433853 12
1.450816 2.499893 0.451723 11
1.454111 2.436220 0.457005 11
1.456767 2.372713 0.461203 11
1.447429 2.309421 0.447553 11
1.461639 2.246019 0.468534 11
1.439366 2.182161 0.435509 11
1.449680 2.118910 0.450461 11
1.463076 2.056157 0.469828 11
1.331342 1.982687 0.274714 2
1.291078 1.913225 0.214525 2
1.290928 1.846747 0.213435 2
1.173037 1.765105 0.038224 2
1.017206 1.673801 -0.193273 10
0.988480 1.597626 -0.237138 10
0.998748 1.527301 -0.223526 10
0.993130 1.454028 -0.233561 10
0.989561 1.380806 -0.240731 10
0.992798 1.308823 -0.237992 10
0.966059 1.229265 -0.279795 10
0.984057 1.160436 -0.255534 10
0.984463 1.086978 -0.257484 10
0.987955 1.014179 -0.255026 10
0.980421 0.937682 -0.269085 10
1.015978 0.875108 -0.219391 10
0.987661 0.790807 -0.264636 10
0.976572 0.711550 -0.284511 10
0.972076 0.634086 -0.294784 10
0.956090 0.551360 -0.322330 10
1.005906 0.495714 -0.252176 10
0.965890 0.401455 -0.315864 10
0.993865 0.336776 -0.278514 10
1.005185 0.264613 -0.266129 10
0.998188 0.183189 -0.281241 10
0.999662 0.105371 -0.283912 10
1.021547 0.038042 -0.256270 10
1.026368 -0.038548 -0.254300 10
1.032109 -0.115025 -0.251140 10
1.017318 -0.204148 -0.278938 10
0.974819 -0.311560 -0.348547 10
0.938812 -0.417202 -0.408745 10
0.895705 -0.529642 -0.479942 10
0.908984 -0.606490 -0.466671 10
0.864894 -0.723486 -0.539992 10
0.759087 -0.887278 -0.706749 10
0.758678 -0.978671 -0.715021 10
1.736281 6.085970 0.773298 5
1.729569 6.007728 0.772087 5
1.685815 5.969519 0.715062 5
1.587524 5.986687 0.576284 5
0.851372 5.865636 -0.444987 5
0.857640 5.768409 -0.427960 5
0.843799 5.688257 -0.440870 5
0.735291 5.680966 -0.593528 5
0.113783 6.052308 -1.501492 5
0.070240 5.980410 -1.557541 5
-0.037491 5.952967 -1.708034 5
0.731043 3.368059 -0.471440 12
1.129704 3.200909 0.106666 12
1.419927 3.070484 0.527638 12
1.418383 3.006689 0.526912 12
1.410595 2.944114 0.517043 12
1.430815 2.876951 0.547477 12
1.432841 2.813211 0.551518 12
1.432579 2.749950 0.552131 12
1.419133 2.688228 0.533600 12
1.414549 2.625328 0.527733 12
1.433831 2.560552 0.556162 12
1.425791 2.498092 0.545059 11
1.417863 2.435408 0.533998 11
1.410916 2.372469 0.524228 11
1.419221 2.309191 0.536328 11
1.418567 2.246123 0.535384 11
1.429350 2.183314 0.550809 11
1.420645 2.120028 0.538010 11
1.414585 2.056569 0.528900 11
1.132412 1.972008 0.121453 2
1.034574 1.894912 -0.020332 10
1.017715 1.823275 -0.045473 10
1.034728 1.755234 -0.021889 10
1.017441 1.682747 -0.047930 10
1.034546 1.615035 -0.024482 10
1.017599 1.541730 -0.050323 10
1.019427 1.471319 -0.049204 10
1.038465 1.404413 -0.023368 10
1.027498 1.331115 -0.041010 10
1.041234 1.263276 -0.023102 10
1.022976 1.187282 -0.051583 10
1.017980 1.114110 -0.061047 10
1.009263 1.039389 -0.076047 10
1.024479 0.971594 -0.056562 10
1.030269 0.900895 -0.050859 10
1.028857 0.827556 -0.055735 10
1.021796 0.751749 -0.068954 10
1.033863 0.682684 -0.054596 10
1.002631 0.596238 -0.103209 10
1.013578 0.526001 -0.090788 10
1.011201 0.449889 -0.097869 10
1.002515 0.370365 -0.114288 10
0.994169 0.290217 -0.130395 10
1.018890 0.225577 -0.098551 10
1.013989 0.146182 -0.109978 10
1.030620 0.077487 -0.090198 10
1.012075 -0.010451 -0.121877 10
1.027575 -0.080339 -0.104068 10
1.010350 -0.169446 -0.134224 10
0.977568 -0.269270 -0.187360 10
0.955932 -0.364049 -0.224453 10
0.929926 -0.463179 -0.268201 10
0.858028 -0.594547 -0.379521 10
0.834975 -0.696095 -0.419546 10
0.876201 -0.754087 -0.365394 10
0.730777 -0.946484 -0.585893 10
0.656887 -1.092382 -0.701731 10
1.704776 6.053934 0.870265 5
1.673890 6.002407 0.832933 5
1.628503 5.965648 0.774339 5
1.517276 5.994709 0.619739 5
0.764799 5.785958 -0.397360 5
0.774645 5.687123 -0.376482 5
0.764525 5.604674 -0.384524 5
0.661282 5.590996 -0.526392 5
-0.004320 5.975086 -1.474496 5
-0.169218 5.986489 -1.703768 5
0.827617 3.402563 -0.185735 12
0.825625 3.329285 -0.186624 12
1.140549 3.185001 0.259505 12
1.403282 3.062389 0.631644 12
1.396474 3.000263 0.623367 12
1.374577 2.940700 0.593709 12
1.386836 2.875175 0.612097 12
1.396741 2.810525 0.627049 12
1.399319 2.747235 0.631560 12
1.369701 2.687599 0.590598 12
1.411741 2.620551 0.650483 12
1.361271 2.561859 0.579937 12
1.425692 2.494910 0.671113 11
1.388963 2.434322 0.619709 11
1.393094 2.371540 0.625746 11
1.381966 2.309043 0.610184 11
1.382688 2.246282 0.611200 11
1.385802 2.183598 0.615477 11
1.390250 2.121051 0.621523 11
1.385872 2.058105 0.615027 11
1.223682 1.983222 0.386131 11
1.000586 1.897360 0.071279 10
1.024918 1.830631 0.104835 10
1.034041 1.762722 0.116847 10
1.016638 1.691264 0.091357 10
1.020971 1.622519 0.096376 10
1.026838 1.554038 0.103437 10
1.011310 1.481505 0.080207 10
1.037657 1.416970 0.115908 10
1.031093 1.345735 0.105069 10
1.033032 1.276119 0.106100 10
1.028662 1.204711 0.098099 10
1.020158 1.131770 0.084128 10
1.009111 1.057533 0.066427 10
1.015736 0.988108 0.073559 10
1.020849 0.918118 0.078430 10
1.018790 0.845521 0.073028 10
1.028829 0.776892 0.084610 10
1.022535 0.702071 0.072946 10
1.031206 0.632592 0.082333 10
1.032640 0.560031 0.081338 10
1.014951 0.478855 0.053090 10
1.020333 0.406993 0.057403 10
1.009540 0.327310 0.038618 10
1.024470 0.259259 0.056206 10
1.016160 0.179547 0.040639 10
1.013050 0.101733 0.032302 10
1.021229 0.029370 0.039872 10
1.014544 -0.051559 0.026134 10
0.996616 -0.139818 -0.003804 10
1.002565 -0.215113 0.000118 10
1.005449 -0.292705 -0.000488 10
0.960050 -0.401494 -0.070238 10
0.930616 -0.502279 -0.117439 10
0.848673 -0.640303 -0.240042 10
0.813769 -0.749689 -0.295653 10
0.839311 -0.818152 -0.264877 10
0.802256 -0.932319 -0.324064 10
1.650573 6.132337 0.925150 5
1.644918 6.053421 0.924162 5
1.574523 6.043035 0.830915 5
1.593927 5.938843 0.865286 5
1.456294 5.993363 0.676623 5
0.700158 5.690212 -0.320052 5
0.676901 5.617558 -0.346896 5
0.662146 5.538729 -0.361967 5
-0.160102 6.027084 -1.505967 5
-0.215099 5.960512 -1.576586 5
0.784002 3.397482 -0.102171 12
1.011126 3.270021 0.212581 12
1.076860 3.186081 0.304654 12
1.360425 3.059921 0.696681 12
1.355677 2.997601 0.691305 12
1.332275 2.938486 0.660144 12
1.367081 2.869709 0.709040 12
1.351481 2.809206 0.688431 12
1.351209 2.746430 0.688830 12
1.355293 2.683287 0.695125 12
1.337339 2.622343 0.670995 12
1.342623 2.559183 0.678749 12
1.348692 2.496212 0.687484 11
1.352073 2.433597 0.692424 11
1.351027 2.371234 0.691177 11
1.362140 2.308758 0.706562 11
1.336121 2.246349 0.670767 11
1.360160 2.184308 0.703742 11
1.315753 2.120243 0.642455 11
1.365705 2.060077 0.710893 11
1.155733 1.982427 0.421590 11
0.999697 1.902694 0.206360 10
0.981835 1.832431 0.181148 10
1.017602 1.768050 0.229638 10
1.017365 1.699731 0.228473 10
1.017380 1.631317 0.227547 10
1.001738 1.560072 0.204953 10
1.001516 1.491055 0.203483 10
1.003595 1.422328 0.205075 10
1.004233 1.353161 0.204572 10
1.032571 1.290402 0.242142 10
0.995952 1.211822 0.190062 10
1.001860 1.143323 0.196493 10
1.025121 1.079770 0.226758 10
1.015913 1.006821 0.212119 10
1.014620 0.935823 0.208287 10
1.008151 0.862721 0.197188 10
1.001542 0.789025 0.185773 10
1.015013 0.722258 0.201987 10
0.991463 0.641134 0.166903 10
1.012016 0.576810 0.192684 10
1.034305 0.513544 0.220773 10
1.010473 0.430213 0.184899 10
1.000870 0.352161 0.168581 10
1.024568 0.289247 0.198287 10
1.022859 0.214093 0.192657 10
1.040909 0.148545 0.214319 10
1.033405 0.069529 0.200390 10
1.044865 0.000146 0.212667 10
1.016381 -0.092106 0.169285 10
1.007890 -0.174247 0.153529 10
1.015895 -0.247310 0.160586 10
0.979449 -0.348494 0.105572 10
0.939007 -0.454292 0.044764 10
0.889380 -0.568420 -0.029105 10
0.780501 -0.725631 -0.185999 10
0.807475 -0.792468 -0.153397 10
0.824010 -0.866586 -0.135504 10
0.663178 -1.072416 -0.366114 10
1.594385 6.127684 0.984537 5
1.571832 6.066948 0.959406 5
1.566535 5.988610 0.958058 5
1.474231 5.998507 0.836283 5
1.408743 5.979010 0.751655 5
1.317035 5.982816 0.630897 5
0.624277 5.694362 -0.265573 5
0.634583 5.597070 -0.246527 5
0.584227 5.544159 -0.310412 5
0.515813 5.502618 -0.398959 5
-0.287149 5.953033 -1.488077 5
0.311545 3.987244 -0.609708 13
0.306609 3.906885 -0.614082 13
0.706414 3.474973 -0.067508 12
0.743192 3.391874 -0.016403 12
0.926087 3.275946 0.231313 12
1.073940 3.173894 0.431644 12
1.317295 3.057600 0.760328 12
1.305507 2.996774 0.745475 12
1.301567 2.934391 0.741101 12
1.302809 2.871229 0.743612 12
1.333217 2.804244 0.785265 12
1.331166 2.742274 0.783171 12
1.327550 2.680502 0.778891 12
1.317237 2.619292 0.765524 12
1.305143 2.557952 0.749681 12
1.329551 2.494230 0.782825 11
1.323389 2.432567 0.774790 11
1.322997 2.370600 0.774430 11
1.319824 2.308663 0.770247 11
1.310537 2.246581 0.757764 11
1.326231 2.184797 0.778776 11
1.323876 2.122772 0.775446 11
1.310404 2.060012 0.757086 11
1.291164 1.996356 0.730887 2
0.945161 1.903124 0.265272 10
0.980214 1.838501 0.311857 10
0.996079 1.772600 0.332557 10
0.978773 1.702562 0.308559 10
0.997562 1.637365 0.333013 10
0.965957 1.564107 0.289587 10
0.985178 1.499099 0.314445 10
0.952187 1.424008 0.268948 10
0.992388 1.363627 0.321865 10
0.998408 1.296343 0.328689 10
0.988539 1.225052 0.314023 10
1.000911 1.159157 0.329215 10
0.963704 1.079335 0.277514 10
0.986886 1.016179 0.307082 10
0.951347 0.934871 0.257398 10
0.985435 0.875349 0.301492 10
0.985187 0.804603 0.299189 10
0.973421 0.729279 0.281239 10
0.974430 0.658125 0.280424 10
0.980248 0.588571 0.286001 10
0.998710 0.524134 0.308566 10
0.991559 0.448749 0.296418 10
0.997117 0.378463 0.301344 10
0.998952 0.306175 0.301129 10
0.991926 0.229159 0.288811 10
1.027326 0.172913 0.333839 10
1.025067 0.097673 0.327765 10
1.022909 0.021888 0.321710 10
1.041654 -0.042797 0.343895 10
1.047664 -0.114732 0.348704 10
1.015559 -0.209792 0.301623 10
1.017896 -0.285438 0.301183 10
0.978672 -0.387997 0.244088 10
0.913219 -0.509821 0.151092 10
0.870727 -0.619386 0.089113 10
0.930501 -0.660602 0.166316 10
0.936418 -0.738543 0.170033 10
0.724088 -0.976396 -0.124334 10
0.664232 -1.109080 -0.210981 10
1.495483 6.168402 0.985696 5
1.516399 6.061913 1.019167 5
1.483317 6.012063 0.979696 5
1.386036 6.025233 0.853786 5
1.422739 5.905806 0.908101 5
1.323764 5.917076 0.779964 5
1.226629 5.923391 0.654403 5
1.173011 5.887371 0.587277 5
0.544263 5.611817 -0.212254 5
0.536649 5.528278 -0.218262 5
0.542441 5.436138 -0.206562 5
0.468195 5.398005 -0.301341 5
-0.519005 5.945356 -1.608376 5
0.401430 4.664625 -0.359648 13
0.385503 4.588986 -0.377891 13
0.367600 4.514243 -0.398835 13
0.325767 4.450101 -0.451468 13
0.331131 4.364703 -0.441860 13
0.295444 4.296929 -0.486531 13
0.289225 4.216714 -0.492401 13
0.339337 4.115339 -0.424088 13
0.317693 4.042092 -0.450508 13
0.312603 3.962782 -0.455198 13
0.305337 3.884390 -0.462847 13
0.497660 3.743628 -0.207728 3
0.585934 3.640389 -0.089840 13
0.544438 3.576708 -0.142923 13
0.532240 3.504220 -0.157512 12
0.738244 3.377571 0.114906 12
1.231333 3.191427 0.764762 2
1.142661 3.146651 0.649160 2
1.289975 3.052216 0.843833 12
1.273547 2.992656 0.823090 12
1.271534 2.930313 0.821230 12
1.285328 2.865659 0.840074 12
1.270814 2.805391 0.821639 12
1.277096 2.742296 0.830464 12
1.280852 2.679759 0.835896 12
1.270005 2.618701 0.822070 12
1.277754 2.556043 0.832604 12
1.287752 2.493565 0.846021 11
1.268300 2.432616 0.820681 11
1.254674 2.370944 0.802923 11
1.252989 2.308766 0.800781 11
1.251935 2.246545 0.799397 11
1.261741 2.184543 0.812207 11
1.289162 2.123530 0.848084 11
1.283085 2.061495 0.839890 11
1.263020 1.998225 0.813248 2
0.960868 1.909658 0.415928 10
0.929188 1.839299 0.373845 10
1.227064 1.807068 0.764719 2
0.947035 1.706225 0.396139 10
0.929016 1.635873 0.371762 10
0.926910 1.567466 0.368217 10
0.956661 1.504671 0.406475 10
0.941998 1.433825 0.386265 10
0.940969 1.365261 0.383899 10
0.962603 1.301713 0.411265 10
0.944300 1.228767 0.386015 10
0.938188 1.158219 0.376718 10
0.932104 1.087237 0.367370 10
0.959405 1.025700 0.401893 10
0.930823 0.947293 0.362753 10
0.961492 0.887181 0.401563 10
0.967452 0.819227 0.407752 10
0.964949 0.748078 0.402702 10
0.929739 0.664093 0.354435 10
0.957011 0.603336 0.388469 10
0.957499 0.532055 0.387094 10
0.950144 0.457023 0.375278 10
0.967907 0.392569 0.396533 10
0.979178 0.325280 0.409138 10
1.004786 0.264845 0.440611 10
1.012410 0.195856 0.448240 10
1.026565 0.130027 0.464421 10
1.024614 0.055587 0.459209 10
1.035200 -0.012517 0.470496 10
1.048760 -0.079088 0.485638 10
1.019525 -0.170914 0.443970 10
1.005008 -0.255458 0.421678 10
0.981360 -0.346850 0.387141 10
0.964028 -0.435688 0.360848 10
0.906436 -0.552496 0.280924 10
0.871835 -0.656505 0.231359 10
0.886285 -0.728220 0.246872 10
0.860176 -0.829309 0.208297 10
0.802096 -0.955804 0.126964 10
1.426888 6.262227 1.024729 5
1.434257 6.168763 1.038928 5
1.443591 6.074794 1.055561 5
1.398948 6.036003 1.001276 5
1.342758 6.007547 0.931842 5
1.278318 5.985545 0.851611 5
1.249953 5.928305 0.818583 5
1.191472 5.898210 0.746138 5
1.092962 5.902147 0.621416 5
1.048713 5.855983 0.567581 5
0.449550 5.540200 -0.179125 5
0.430657 5.464563 -0.200283 5
0.389135 5.403766 -0.250850 5
-0.566431 5.921790 -1.485627 5
0.357639 4.988998 -0.276704 13
0.469207 4.843174 -0.129802 13
0.471769 4.759314 -0.123949 13
0.457339 4.684773 -0.140134 13
0.465033 4.599386 -0.127832 13
0.441338 4.529706 -0.156133 13
0.330945 4.499442 -0.296342 13
0.270623 4.443829 -0.371967 13
0.291346 4.352269 -0.343151 13
0.231923 4.294528 -0.417724 13
0.207421 4.221593 -0.447347 13
0.203504 4.140564 -0.450525 13
0.226101 4.050324 -0.419645 13
0.447766 3.893257 -0.132614 3
0.616166 3.761118 0.085643 3
0.499348 3.722848 -0.063252 3
0.588205 3.620929 0.052414 13
0.497737 3.571728 -0.062667 13
1.125547 3.332954 0.745784 2
1.236296 3.240851 0.889146 2
1.207390 3.184370 0.852891 2
1.205164 3.121493 0.850873 2
1.245781 3.050309 0.903843 12
1.261733 2.985029 0.925049 12
1.267598 2.922063 0.933232 12
1.267258 2.860340 0.933383 12
1.270916 2.798196 0.938609 12
1.245153 2.739729 0.905994 12
1.248054 2.677632 0.910132 12
1.243126 2.616382 0.904157 12
1.129967 2.562663 0.759167 12
1.274849 2.491341 0.945413 11
1.295653 2.429445 0.972295 11
1.298361 2.368655 0.975888 11
1.263261 2.308263 0.930886 11
1.230539 2.246800 0.888879 11
1.243935 2.185388 0.906017 11
1.250003 2.124090 0.913690 11
1.303473 2.065544 0.982161 11
1.313191 2.005548 0.994407 11
1.225537 1.937424 0.881572 2
1.277365 1.880669 0.947769 2
1.226499 1.813400 0.882039 2
0.916447 1.709928 0.483370 10
0.914597 1.642467 0.480418 10
0.900022 1.572721 0.461055 10
0.922156 1.508993 0.488783 10
0.904833 1.438058 0.465753 10
0.878157 1.364413 0.430632 10
0.893830 1.299391 0.449864 10
0.901477 1.232704 0.458718 10
0.918260 1.168419 0.479255 10
0.881945 1.089766 0.431447 10
0.915062 1.029998 0.472861 10
0.905569 0.957882 0.459402 10
0.908916 0.889348 0.462391 10
0.918820 0.822864 0.473753 10
0.896507 0.744864 0.443568 10
0.909230 0.678910 0.458419 10
0.933381 0.617497 0.487930 10
0.930234 0.545399 0.482206 10
0.931069 0.474503 0.481538 10
0.946161 0.409528 0.499181 10
0.995171 0.360186 0.560516 10
0.984845 0.283887 0.545247 10
1.014603 0.226521 0.581638 10
0.998572 0.146380 0.558846 10
1.015062 0.082338 0.577974 10
1.027024 0.015902 0.591187 10
1.030306 -0.055516 0.593106 10
1.033825 -0.127223 0.595254 10
1.012279 -0.214354 0.564880 10
1.004666 -0.294266 0.552437 10
0.979347 -0.386293 0.516956 10
0.923828 -0.499589 0.442209 10
0.885571 -0.604020 0.389680 10
0.836543 -0.718004 0.323027 10
0.811890 -0.817297 0.287849 10
0.779217 -0.924124 0.242117 10
0.789379 -1.001021 0.251908 10
1.392037 6.234572 1.112692 5
1.386088 6.155852 1.108700 5
1.401382 6.056749 1.131754 5
1.352875 6.021806 1.073235 5
1.294568 5.995194 1.002203 5
1.234659 5.968622 0.929134 5
1.174842 5.940451 0.856188 5
1.137523 5.890673 0.811891 5
1.086600 5.852206 0.750251 5
0.994840 5.847440 0.636665 5
1.018525 5.743769 0.669853 5
0.888870 5.766604 0.508138 5
0.858867 5.706163 0.473030 5
0.833841 5.641571 0.444191 5
0.692906 5.664334 0.268299 5
0.705460 5.569637 0.287064 5
0.674852 5.507167 0.251043 5
-0.193723 5.929794 -0.843102 5
0.353078 5.469608 -0.148247 5
0.392552 5.356387 -0.095698 5
0.414802 5.256091 -0.065050 5
0.463595 5.141179 -0.000962 5
0.449888 5.065506 -0.015951 5
0.405336 5.007626 -0.069952 5
0.405874 4.923818 -0.067073 13
0.454183 4.814986 -0.003994 13
0.431567 4.745253 -0.030494 13
0.509950 4.624546 0.070309 13
0.447800 4.575262 -0.006172 13
0.415902 4.510206 -0.044552 13
0.263939 4.498807 -0.234236 13
0.158232 4.462679 -0.365623 13
0.117378 4.396367 -0.415353 13
0.097251 4.320830 -0.439036 13
0.058337 4.252312 -0.486419 13
0.070057 4.164250 -0.470144 13
0.072451 4.080263 -0.465675 13
0.512442 3.849398 0.089049 3
0.550154 3.762045 0.137672 3
0.500584 3.702798 0.076494 3
0.558347 3.611292 0.150180 13
0.521478 3.547705 0.104863 13
1.048550 3.338432 0.768062 6
1.214389 3.233107 0.977198 2
1.215133 3.170387 0.978853 2
1.233272 3.104232 1.002302 12
1.263171 3.036538 1.040465 12
1.260572 2.975724 1.037767 12
1.209500 2.922847 0.974164 12
1.232598 2.857613 1.003635 12
1.204561 2.799933 0.968866 12
1.198680 2.738922 0.961863 12
1.201062 2.676992 0.965185 12
1.235869 2.612466 1.009152 12
1.177990 2.555518 0.936751 12
1.257616 2.489415 1.036864 11
1.244994 2.429370 1.021164 11
1.246166 2.368646 1.022728 11
1.230205 2.308109 1.002747 11
1.206916 2.247030 0.973523 11
1.215470 2.185963 0.984211 11
1.234938 2.125562 1.008546 11
1.261950 2.066138 1.042302 11
1.289293 2.007528 1.076429 11
1.221683 1.941649 0.991348 2
1.215089 1.879734 0.982790 2
1.184324 1.814734 0.943845 2
1.039867 1.733752 0.762135 6
0.865005 1.643706 0.542177 10
0.871635 1.577578 0.549985 10
0.869324 1.509921 0.546515 10
0.869926 1.442600 0.546650 10
0.904665 1.382275 0.589604 10
0.923070 1.319179 0.612001 10
0.851233 1.234727 0.520983 10
0.841425 1.163713 0.507821 10
0.885148 1.106750 0.561870 10
0.879946 1.036818 0.554390 10
0.855407 0.960573 0.522543 10
0.880089 0.899044 0.552515 10
0.871743 0.826898 0.540908 10
0.881593 0.760598 0.552128 10
0.860335 0.682811 0.524156 10
0.880760 0.620060 0.548569 10
0.931673 0.569878 0.611314 10
0.919970 0.494804 0.595192 10
0.945036 0.434952 0.625311 10
0.957323 0.369761 0.639288 10
0.982775 0.310733 0.669801 10
1.016273 0.256035 0.710416 10
1.040163 0.197198 0.738880 10
1.047656 0.130192 0.746617 10
1.051093 0.060784 0.749181 10
1.052122 -0.010341 0.748644 10
1.037936 -0.090649 0.728830 10
1.033467 -0.166272 0.721210 10
1.013626 -0.251949 0.694093 10
0.985516 -0.344091 0.656433 10
0.962184 -0.434786 0.624716 10
0.878829 -0.566657 0.516957 10
0.873305 -0.649361 0.507549 10
0.892224 -0.715910 0.529013 10
0.870249 -0.811793 0.498608 10
0.883521 -0.883331 0.512774 10
1.315995 6.250202 1.147410 5
1.342571 6.138734 1.183260 5
1.353939 6.044484 1.200080 5
1.298192 6.016406 1.133377 5
1.275541 5.955816 1.107796 5
1.108772 6.028019 0.903201 5
1.072783 5.976555 0.861071 5
1.051262 5.911864 0.836862 5
1.007025 5.866792 0.784440 5
0.915135 5.860913 0.672936 5
0.851476 5.829155 0.596442 5
0.829791 5.762190 0.571926 5
0.793133 5.706962 0.528833 5
0.738241 5.665086 0.463149 5
0.721086 5.593897 0.444128 5
0.685188 5.536460 0.401884 5
0.630245 5.491926 0.336074 5
0.528786 5.478139 0.212783 5
0.476817 5.428250 0.150638 5
0.361911 5.418239 0.010775 5
0.424661 5.292220 0.090198 5
0.438177 5.199470 0.108765 5
0.413622 5.130654 0.080306 5
0.414792 5.046680 0.083526 5
0.438040 4.950927 0.113899 5
0.427740 4.874911 0.102857 13
0.411130 4.802461 0.083992 13
0.452046 4.700526 0.135933 13
0.457646 4.618010 0.144308 13
0.440954 4.546866 0.125183 13
0.347006 4.511359 0.010936 13
0.235313 4.481121 -0.125147 13
0.168211 4.428534 -0.206367 13
0.189197 4.337845 -0.179266 7
-0.064812 4.357307 -0.490381 13
0.153691 4.189271 -0.220505 7
0.157879 4.106743 -0.214221 7
0.194670 4.013381 -0.167922 7
0.466504 3.843486 0.167130 3
0.464475 3.769190 0.165558 3
0.458745 3.696249 0.159395 13
0.464733 3.620082 0.167580 13
0.929802 3.420907 0.739497 6
1.050806 3.323704 0.888744 6
1.186225 3.227071 1.055612 2
1.190530 3.163975 1.061445 2
1.167233 3.106895 1.033358 2
1.183316 3.041733 1.053572 12
1.191750 2.978565 1.064359 12
1.203919 2.915199 1.079691 12
1.201933 2.854387 1.077613 12
1.198276 2.793845 1.073450 12
1.187921 2.734060 1.061033 12
1.181030 2.673706 1.052831 12
1.169310 2.613625 1.038668 12
1.185184 2.551362 1.058323 11
1.226888 2.488262 1.109626 11
1.246476 2.427315 1.133761 11
1.179733 2.368964 1.051959 11
1.147634 2.308336 1.012620 11
1.170377 2.247156 1.040519 11
1.217173 2.187210 1.097887 11
1.212654 2.126718 1.092272 11
1.215061 2.066427 1.095118 11
1.218660 2.006250 1.099391 2
1.196210 1.943947 1.071670 2
1.181059 1.881616 1.052867 2
1.112829 1.812675 0.968900 2
0.994902 1.735112 0.823911 6
1.060985 1.680501 0.904660 6
0.867781 1.586229 0.667192 10
0.860344 1.518519 0.657635 10
0.877243 1.455080 0.677905 10
0.863622 1.385691 0.660676 10
0.830156 1.311292 0.619040 10
0.864878 1.251866 0.661075 10
0.865843 1.184764 0.661626 10
0.855005 1.114295 0.647642 10
0.842923 1.042895 0.632084 10
0.867069 0.981746 0.660982 10
0.877895 0.916881 0.673483 10
0.848974 0.838877 0.637104 10
0.792990 0.750231 0.567409 10
0.889146 0.714881 0.684658 10
0.876457 0.640904 0.668088 10
0.855502 0.562896 0.641302 10
0.912368 0.515966 0.710175 10
0.920644 0.449669 0.719258 10
0.952615 0.393811 0.757452 10
0.967512 0.330714 0.774606 10
1.017195 0.284346 0.834544 10
1.028740 0.220307 0.847504 10
1.025386 0.148573 0.842075 10
1.032943 0.082033 0.850036 10
1.047342 0.019003 0.866385 10
1.036081 -0.058500 0.851066 10
1.016040 -0.142018 0.824862 10
1.019447 -0.212747 0.827512 10
0.992254 -0.302777 0.792360 10
0.963404 -0.395411 0.755089 10
0.928087 -0.493908 0.709754 10
0.864838 -0.613030 0.629839 10
0.868842 -0.688854 0.632897 10
0.873086 -0.765066 0.636196 10
0.796149 -0.900701 0.539071 10
0.709384 -1.047281 0.429653 10
1.321547 6.182829 1.281930 5
1.320619 6.100836 1.282724 5
1.281002 6.057357 1.236606 5
1.267425 5.988540 1.222002 5
1.230816 5.941520 1.179484 5
0.891007 5.911867 0.775540 5
0.772890 5.925798 0.634538 5
0.694578 5.818034 0.543334 5
0.660830 5.759058 0.504231 5
0.687335 5.654376 0.537810 5
0.651605 5.597111 0.496249 5
0.636113 5.524856 0.479073 5
0.526449 5.518374 0.348321 5
0.493942 5.456340 0.310596 5
0.427707 5.416147 0.232202 5
0.367912 5.370175 0.161562 5
0.340811 5.302361 0.130292 5
0.371615 5.199104 0.168723 5
0.371508 5.115819 0.169880 5
0.370450 5.033707 0.169852 5
0.408976 4.930164 0.217418 13
0.396908 4.855783 0.204052 13
0.414189 4.766232 0.225957 13
0.404978 4.691190 0.215953 13
0.398850 4.614853 0.209622 13
0.371132 4.549010 0.177298 13
0.351388 4.479102 0.154534 13
0.257247 4.441715 0.042323 13
0.160293 4.402911 -0.073272 7
0.169110 4.318345 -0.061779 7
0.250043 4.206276 0.036313 7
0.182436 4.152930 -0.044088 7
0.159779 4.081664 -0.070515 7
0.409607 3.916452 0.230257 3
0.416595 3.839050 0.239329 3
0.400533 3.769378 0.220693 3
0.437700 3.683724 0.265929 13
0.929760 3.471729 0.857164 6
0.956878 3.398653 0.890202 6
1.138136 3.288111 1.108198 2
1.165106 3.219552 1.140976 2
1.101824 3.171794 1.065423 2
1.107424 3.108227 1.072505 2
1.118883 3.043890 1.086588 2
1.124036 2.981148 1.093079 12
1.123559 2.919591 1.092788 12
1.096984 2.861879 1.061165 12
1.122140 2.796859 1.091572 12
1.107446 2.737197 1.074150 12
1.105098 2.675974 1.071513 12
1.138826 2.611775 1.112118 12
1.131694 2.551421 1.103692 12
1.148222 2.489661 1.123615 11
1.171279 2.428194 1.151344 11
1.180215 2.367767 1.162110 11
1.157834 2.307861 1.135294 11
1.169368 2.247544 1.149127 11
1.174117 2.187415 1.154797 11
1.153342 2.126452 1.129831 11
1.162653 2.066417 1.140923 11
1.166955 2.006282 1.145982 11
1.110889 1.941234 1.078612 2
1.126889 1.881475 1.097649 2
1.028635 1.809231 0.979619 2
1.038485 1.747758 0.991226 6
0.927214 1.669151 0.857514 6
0.895790 1.599688 0.819549 6
0.817170 1.520954 0.724932 10
0.787500 1.448913 0.689003 10
0.735013 1.371151 0.625663 10
0.802793 1.317971 0.706601 10
0.826865 1.256426 0.735071 10
0.820491 1.187808 0.726977 10
0.833842 1.124011 0.742528 10
0.805140 1.048583 0.707573 10
0.779295 0.972865 0.676011 10
0.821219 0.917228 0.725778 10
0.815465 0.847000 0.718276 10
0.834896 0.784953 0.740987 10
0.871737 0.729469 0.784583 10
0.880203 0.664191 0.794075 10
0.844006 0.581380 0.749883 10
0.893900 0.532116 0.809089 10
0.901218 0.466070 0.817116 10
0.939711 0.413586 0.862582 10
0.950518 0.349342 0.874751 10
0.990542 0.298842 0.922019 10
1.005137 0.236809 0.938692 10
1.027735 0.178868 0.964964 10
1.034578 0.113002 0.972259 10
1.053764 0.053550 0.994376 10
1.042297 -0.022780 0.979578 10
1.046846 -0.090829 0.984017 10
1.043311 -0.164017 0.978692 10
1.038030 -0.238932 0.971226 10
0.985914 -0.343867 0.907309 10
0.955400 -0.437343 0.869350 10
0.896111 -0.551519 0.796660 10
0.874871 -0.642654 0.769757 10
0.865433 -0.727014 0.757028 10
0.851130 -0.815896 0.738385 10
0.679291 -1.021499 0.529648 10
0.555123 -1.198417 0.378273 10
0.474677 -1.347129 0.279538 10
1.280344 6.164145 1.356930 5
1.254483 6.107225 1.327546 5
1.237809 6.041481 1.308981 5
1.173421 6.020614 1.234128 5
1.218576 5.897999 1.288434 5
0.567206 5.695281 0.530072 5
0.495339 5.662968 0.446426 5
0.496141 5.577640 0.448279 5
0.436563 5.534558 0.379075 5
0.347006 5.510142 0.274608 5
0.410435 5.383675 0.350057 5
0.283914 5.380501 0.202109 5
0.347454 5.256473 0.277626 5
0.328090 5.184971 0.255642 5
0.308791 5.113407 0.233716 5
0.286687 5.043391 0.208476 5
0.350549 4.926090 0.284230 13
0.375553 4.832157 0.314289 13
0.337746 4.771953 0.270530 13
0.363037 4.679569 0.300876 13
0.357879 4.603205 0.295428 13
0.375746 4.516432 0.317002 13
0.247966 4.496213 0.167520 13
0.207335 4.434537 0.120372 7
0.108838 4.396173 0.005273 7
0.173757 4.289439 0.082014 7
0.233214 4.187283 0.152309 7
0.177038 4.130204 0.086848 7
0.182850 4.049754 0.094129 7
0.248086 3.949697 0.171125 3
0.343205 3.842338 0.283158 3
0.355818 3.763651 0.298342 13
0.341302 3.693586 0.281674 13
0.331809 3.621961 0.270881 13
0.838196 3.415170 0.865295 6
1.048699 3.297062 1.112517 2
1.052424 3.233434 1.117133 2
1.058808 3.169531 1.124852 2
1.057878 3.107466 1.123975 12
1.047917 3.047215 1.112491 12
1.093631 2.977282 1.166289 12
1.049423 2.922902 1.114607 12
1.074209 2.857578 1.143828 12
1.016748 2.803493 1.076576 12
1.052629 2.737398 1.118778 12
1.069662 2.674279 1.138857 12
1.041452 2.615435 1.105867 12
1.059246 2.552745 1.126809 12
0.984924 2.495418 1.039716 11
1.159102 2.426716 1.244008 11
1.140292 2.367500 1.221981 11
1.112300 2.307812 1.189172 11
1.093003 2.247364 1.166543 11
1.115207 2.187261 1.192565 11
1.062104 2.125008 1.130265 11
1.124768 2.067159 1.203703 11
1.092773 2.004811 1.166124 11
1.057856 1.941223 1.125103 2
1.093221 1.883313 1.166486 2
0.984085 1.810287 1.038394 2
0.928900 1.740732 0.973552 6
0.900679 1.673234 0.940315 6
0.813702 1.595599 0.838148 10
0.753978 1.519892 0.767923 10
0.767680 1.455919 0.783798 10
0.742572 1.384388 0.754135 10
0.732424 1.315164 0.742000 10
0.782361 1.259357 0.800332 10
0.749259 1.184379 0.761237 10
0.770961 1.122536 0.786415 10
0.723544 1.041967 0.730486 10
0.767192 0.986347 0.781382 10
0.776191 0.921142 0.791608 10
0.723156 0.835880 0.729022 10
0.809051 0.795784 0.829454 10
0.858948 0.745300 0.887632 10
0.805492 0.657802 0.824492 10
0.849132 0.605777 0.875298 10
0.883463 0.551050 0.915167 10
0.914700 0.495767 0.951391 10
0.942475 0.439615 0.983538 10
0.962021 0.380273 1.006011 10
0.974187 0.317730 1.019801 10
1.012994 0.268021 1.064865 10
1.042114 0.214327 1.098542 10
1.020510 0.135028 1.072617 10
1.042804 0.077899 1.098244 10
1.038924 0.006689 1.093100 10
1.049294 -0.057086 1.104682 10
1.035438 -0.135118 1.087773 10
1.041225 -0.202379 1.093929 10
1.023895 -0.284235 1.072888 10
0.963008 -0.394858 1.000604 10
0.901876 -0.508356 0.927989 10
0.889033 -0.592333 0.912125 10
0.919975 -0.647357 0.947739 10
0.835217 -0.783453 0.847216 10
0.871354 -0.835957 0.888896 10
0.620898 -1.100186 0.593264 10
1.149233 6.234290 1.327409 5
1.196782 6.105340 1.382418 5
1.198727 6.022232 1.385015 5
1.123979 6.010751 1.299498 5
1.067304 5.980956 1.234743 5
0.056228 5.928521 0.077097 7
0.344087 5.637367 0.407856 5
0.349968 5.548081 0.414902 5
0.313180 5.487876 0.372964 5
0.237572 5.452034 0.286465 5
0.211761 5.383157 0.257118 5
0.233941 5.284899 0.282840 5
0.239173 5.198063 0.289102 5
0.230592 5.119965 0.279505 5
0.264412 5.018546 0.318555 5
0.232782 4.954239 0.282495 13
0.296120 4.839639 0.355395 13
0.262313 4.777020 0.316823 13
0.298910 4.679184 0.359020 13
0.324709 4.588165 0.388820 13
0.373711 4.487783 0.445228 13
0.334158 4.428724 0.400037 13
0.133977 4.437593 0.170580 7
0.143424 4.354152 0.181596 7
0.124800 4.282557 0.160404 7
0.371240 4.109801 0.443244 13
0.357212 4.040263 0.427303 13
0.128554 4.045757 0.165182 7
0.108385 3.974787 0.142193 7
0.309618 3.832841 0.373128 13
0.328747 3.752716 0.395193 13
0.354619 3.671511 0.424984 13
0.307107 3.611446 0.370607 13
0.813854 3.406872 0.951862 6
0.865517 3.328621 1.011199 6
0.950534 3.244500 1.108780 2
0.987205 3.173437 1.150909 2
1.032652 3.101895 1.203096 2
1.047378 3.037511 1.220047 12
1.018264 2.981118 1.186721 2
0.989768 2.923899 1.154100 12
1.001715 2.860321 1.167849 12
0.968006 2.802898 1.129240 12
0.992083 2.738226 1.156890 12
0.987297 2.677099 1.151436 12
1.008185 2.613837 1.175418 12
1.057829 2.549357 1.232366 11
1.058752 2.488880 1.233445 11
1.083437 2.427599 1.261764 11
1.055676 2.368222 1.229942 11
1.032964 2.308011 1.203905 11
1.058311 2.247493 1.232968 11
1.063591 2.187271 1.239017 11
1.072112 2.127305 1.248779 11
1.110523 2.069092 1.292808 11
0.944863 1.998518 1.102835 2
0.874210 1.930687 1.021795 2
1.007087 1.880105 1.174129 2
0.990027 1.816866 1.154532 2
0.846442 1.737263 0.989846 6
0.797469 1.666519 0.933642 6
0.730061 1.591371 0.856292 10
0.678140 1.516717 0.796696 10
0.689822 1.452074 0.810027 10
0.677744 1.382899 0.796106 10
0.676377 1.315483 0.794462 10
0.677330 1.248373 0.795473 10
0.697298 1.185726 0.818286 10
0.715360 1.122977 0.838908 10
0.694257 1.049831 0.814607 10
0.695252 0.982192 0.815645 10
0.678328 0.908885 0.796125 10
0.745495 0.861645 0.873043 10
0.750336 0.795329 0.878476 10
0.720015 0.716564 0.843572 10
0.840857 0.691797 0.982045 10
0.847623 0.627002 0.989670 10
0.866214 0.566779 1.010855 10
0.906018 0.515540 1.056368 10
0.939211 0.462370 1.094293 10
0.950992 0.400379 1.107653 10
1.000191 0.355586 1.163932 10
0.994092 0.285662 1.156769 10
1.008863 0.225400 1.173543 10
1.024059 0.165409 1.190800 10
1.030095 0.100668 1.197542 10
1.043587 0.039703 1.212833 10
1.044556 -0.028270 1.213749 10
1.532994 0.183211 1.774039 9
1.567748 0.142465 1.813737 9
1.535525 0.061712 1.776568 9
1.567394 0.019442 1.812947 9
1.560225 -0.047300 1.804518 9
1.558248 -0.111379 1.802040 9
1.568287 -0.167922 1.813349 9
0.891046 -0.702093 1.035716 10
0.829821 -0.822044 0.965162 10
0.734464 -0.969823 0.855407 10
0.630725 -1.128064 0.736007 10
1.118928 6.122595 1.414607 5
1.149094 6.013332 1.448008 5
1.112739 5.966538 1.406973 5
1.057860 5.935671 1.345208 5
0.988200 5.916402 1.266897 5
0.069752 5.779240 0.235242 7
0.125487 5.653318 0.297370 0
0.137610 5.558436 0.310658 0
0.046500 5.530081 0.208311 0
0.044584 5.444336 0.205886 7
0.115213 5.315693 0.284746 5
0.149995 5.210961 0.323458 5
0.192598 5.103573 0.370945 5
0.200139 5.017469 0.379156 5
0.255136 4.906849 0.440553 13
0.246619 4.831436 0.430789 13
0.197940 4.776411 0.376026 13
0.269575 4.661921 0.456097 13
0.251388 4.592378 0.435518 13
0.341395 4.473626 0.536203 13
0.349751 4.393920 0.545389 13
0.337091 4.323776 0.531025 13
0.305358 4.261402 0.495290 13
0.329985 4.176373 0.522734 13
0.327277 4.102754 0.519544 13
0.349593 4.020381 0.544412 13
0.322410 3.956129 0.513800 13
0.371409 3.866210 0.568594 13
0.334195 3.805255 0.526749 13
0.334349 3.732254 0.526799 13
0.308828 3.666855 0.498072 13
0.295057 3.597782 0.482524 13
0.315423 3.519832 0.505252 12
0.354067 3.438326 0.548480 12
0.886710 3.246697 1.145570 2
0.470022 3.271230 0.678310 12
0.896847 3.118162 1.156789 2
0.957781 3.044219 1.225044 12
0.981980 2.978335 1.252118 12
0.915364 2.927118 1.177371 12
0.935209 2.862172 1.199573 12
0.920956 2.802111 1.183547 12
0.934433 2.738721 1.198618 12
0.951718 2.675448 1.217965 12
0.945613 2.614612 1.211091 12
0.910373 2.555557 1.171551 12
0.993765 2.489529 1.265039 11
0.997313 2.428839 1.269003 11
0.989530 2.368525 1.260266 11
0.982052 2.308000 1.251877 11
1.011996 2.247535 1.285453 11
1.029484 2.187660 1.305067 11
1.013715 2.127073 1.287394 11
1.014299 2.066829 1.288064 11
1.012148 2.006385 1.285671 11
0.790283 1.928348 1.036920 2
0.845762 1.869904 1.099159 2
0.632864 1.783853 0.860476 10
0.622123 1.716415 0.848475 10
0.631977 1.651396 0.859573 10
0.652233 1.588133 0.882338 10
0.721420 1.533500 0.959969 10
0.681383 1.460925 0.915142 10
0.652741 1.389260 0.883097 10
0.676332 1.327605 0.909622 10
0.643858 1.253815 0.873292 10
0.600844 1.176338 0.825153 10
0.608342 1.110276 0.833651 10
0.655998 1.055069 0.887177 10
0.689276 0.996951 0.924587 10
0.642649 0.915603 0.872423 10
0.676141 0.857848 0.910082 10
0.751833 0.814772 0.995052 10
0.791669 0.761319 1.039830 10
0.844120 0.713336 1.098754 10
0.829663 0.641491 1.082679 10
0.910527 0.606197 1.173457 10
0.933184 0.549385 1.198994 10
0.920417 0.477971 1.184830 10
0.957254 0.427534 1.226270 10
0.965269 0.364804 1.235410 10
1.440140 0.521181 1.767766 9
1.479036 0.480593 1.811505 9
1.498303 0.431039 1.833251 9
1.520750 0.383373 1.858563 9
1.514910 0.320944 1.852182 9
1.518602 0.263166 1.856489 9
1.559126 0.225957 1.902068 9
1.568307 0.171379 1.912533 9
1.552993 0.101971 1.895560 9
1.541228 0.033776 1.882569 9
1.570072 -0.009570 1.915080 9
1.565220 -0.074350 1.909845 9
1.556385 -0.142468 1.900158 9
1.543420 -0.214252 1.885851 9
1.529595 -0.287643 1.870589 9
1.508724 -0.367168 1.847446 9
1.497852 -0.440649 1.835509 9
1.465955 -0.531035 1.800036 9
1.030975 6.148763 1.436864 5
1.068836 6.032650 1.477072 5
1.052012 5.967822 1.457696 5
0.933954 5.991785 1.327924 5
0.904607 5.936229 1.294902 5
-0.094108 5.842601 0.194613 7
0.002733 5.600978 0.298688 0
0.011875 5.508251 0.307840 5
0.049803 5.399000 0.348502 5
0.047059 5.315735 0.344713 5
0.060778 5.223537 0.358957 5
0.086151 5.125880 0.385981 5
0.078819 5.047388 0.377248 5
0.150648 4.927518 0.455167 13
0.133002 4.856195 0.435199 13
0.124529 4.780288 0.425288 13
0.190420 4.668975 0.496807 13
0.208087 4.582563 0.515564 13
0.239910 4.490815 0.549848 13
0.261779 4.404795 0.573258 13
0.224300 4.344617 0.531696 13
0.285503 4.244045 0.598231 13
0.261069 4.178819 0.570994 13
0.261045 4.104152 0.570511 13
0.252771 4.032771 0.561010 13
0.269817 3.952837 0.579267 13
0.234688 3.890748 0.540377 13
0.230969 3.818138 0.535920 13
0.310251 3.721106 0.622439 13
0.222991 3.673590 0.526467 13
0.198334 3.607052 0.499114 13
0.176151 3.539410 0.474489 13
0.263845 3.445257 0.570318 12
0.303996 3.364481 0.614060 12
0.344431 3.285018 0.658134 12
0.868755 3.113152 1.232712 12
0.861101 3.052029 1.224128 12
0.836624 2.993598 1.197114 12
0.820069 2.933398 1.178800 12
0.817408 2.870952 1.175734 12
0.874715 2.801244 1.238435 12
0.865220 2.740442 1.227908 12
0.847221 2.680241 1.208068 12
0.806954 2.621347 1.163825 12
0.831446 2.557200 1.190607 12
0.851787 2.494011 1.212854 11
0.932417 2.429290 1.301228 11
0.997263 2.367238 1.372310 11
0.950951 2.307848 1.321509 11
0.944924 2.247428 1.314900 11
0.991225 2.187951 1.365688 11
0.987870 2.128008 1.362038 11
0.942968 2.065866 1.312841 11
0.935709 2.004821 1.304939 11
0.563708 1.914857 0.897094 10
0.525632 1.845201 0.855437 10
0.602779 1.786733 0.940140 10
0.546168 1.714124 0.878192 10
0.577919 1.651802 0.913147 10
0.597691 1.588479 0.934983 10
0.649294 1.530847 0.991731 10
0.607163 1.457765 0.945728 10
0.614066 1.392815 0.953499 10
0.615344 1.326733 0.955120 10
0.587569 1.254037 0.924909 10
0.588121 1.187071 0.925768 10
0.585872 1.119213 0.923573 10
0.629321 1.063268 0.971481 10
0.610504 0.990844 0.951160 10
0.599881 0.920053 0.939837 10
0.681834 0.877507 1.029979 10
0.758539 0.835426 1.114375 10
0.848381 0.799847 1.213168 10
0.816174 0.723216 1.178251 10
0.888749 0.684221 1.258142 10
0.923867 0.632644 1.297008 10
0.885959 0.552485 1.255900 10
1.397566 0.700006 1.816634 9
1.404464 0.644686 1.824584 9
1.424956 0.595349 1.847433 9
1.462102 0.554040 1.888528 9
1.476672 0.502733 1.904914 9
1.502667 0.457188 1.933818 9
1.525061 0.410262 1.958791 9
1.534918 0.357070 1.970054 9
1.526561 0.293917 1.961402 9
1.537814 0.241054 1.974222 9
1.549464 0.188369 1.987491 9
1.558563 0.134123 1.997983 9
1.549138 0.068462 1.988231 9
1.559466 0.014372 2.000100 9
1.561150 -0.045399 2.002532 9
1.567684 -0.102412 2.010283 9
1.569703 -0.162765 2.013116 9
1.545171 -0.241980 1.986953 9
1.539948 -0.308875 1.981915 9
1.510815 -0.393929 1.950778 9
1.495409 -0.470367 1.934667 9
1.476702 -0.550490 1.914978 9
1.395067 -0.681112 1.826610 9
0.922162 6.193342 1.438601 5
1.003379 6.038074 1.523087 5
0.938689 6.015395 1.452659 5
0.848544 6.013102 1.355169 5
0.026268 5.542048 0.459286 5
0.018209 5.461718 0.449318 5
0.005840 5.384369 0.434786 5
-0.042251 5.328117 0.382139 5
-0.069391 5.259026 0.351889 5
-0.022753 5.148950 0.400490 5
-0.100861 5.107792 0.315844 5
-0.115795 5.031862 0.298726 5
0.078182 4.850656 0.504977 13
0.029500 4.794617 0.451880 13
0.019970 4.719028 0.440671 13
0.098077 4.603514 0.523235 13
0.175818 4.491019 0.605471 13
0.137155 4.431034 0.563215 13
0.196957 4.329736 0.626356 13
0.235272 4.239165 0.666551 13
0.217723 4.171438 0.646987 13
0.172105 4.113831 0.597398 13
0.185621 4.034407 0.611148 13
0.223880 3.947377 0.651431 13
0.169988 3.891471 0.593055 13
0.166017 3.818930 0.588172 13
0.179355 3.741489 0.601862 13
0.093086 3.692407 0.508863 13
0.135992 3.607025 0.554291 13
0.083707 3.546837 0.497748 13
0.224980 3.439966 0.648666 12
0.235862 3.366088 0.659884 12
0.307258 3.280271 0.735998 12
0.787357 3.118464 1.250272 12
0.781703 3.056583 1.243893 12
0.785897 2.993077 1.248095 12
0.776230 2.931878 1.237462 12
0.783616 2.868230 1.245136 12
0.762593 2.808309 1.222375 12
0.736217 2.748452 1.193896 12
0.798423 2.679803 1.260431 12
0.808673 2.617019 1.271277 12
0.821222 2.554438 1.284615 12
0.919175 2.488045 1.389569 11
0.894434 2.428781 1.362964 11
0.885750 2.368505 1.353603 11
0.909544 2.307772 1.379099 11
0.918220 2.247608 1.388404 11
0.902052 2.187159 1.371087 11
0.908447 2.127032 1.377993 11
0.897431 2.066200 1.366249 11
0.867742 2.003834 1.334505 11
0.555018 1.918611 0.999258 11
0.501105 1.848231 0.941597 10
0.497777 1.781608 0.938210 10
0.501153 1.715608 0.942037 10
0.519210 1.651576 0.961631 10
0.487298 1.580522 0.927675 10
0.499462 1.515612 0.941003 10
0.464562 1.442578 0.903901 10
0.551803 1.391773 0.997764 10
0.505778 1.315891 0.948792 10
0.472612 1.241345 0.913637 10
0.453280 1.168901 0.893342 10
0.478969 1.106908 0.921323 10
0.487538 1.040936 0.930983 10
0.593654 1.002114 1.045182 10
0.578813 0.930751 1.029804 10
0.667974 0.890673 1.125863 10
0.724976 0.842601 1.187483 10
0.769155 0.791626 1.235382 10
0.852837 0.755579 1.325598 10
1.282291 0.848503 1.786017 9
1.323538 0.805856 1.830759 9
1.347470 0.757303 1.856981 9
1.390555 0.717071 1.903717 9
1.407898 0.666859 1.922920 9
1.451597 0.628523 1.970337 9
1.432099 0.562289 1.950166 9
1.457235 0.516239 1.977762 9
1.499988 0.479234 2.024212 9
1.504440 0.423896 2.029723 9
1.527916 0.378227 2.055593 9
1.527037 0.319872 2.055454 9
1.550252 0.274394 2.081083 9
1.565996 0.225014 2.098748 9
1.564487 0.165651 2.098009 9
1.552160 0.099313 2.085748 9
1.557829 0.043225 2.092733 9
1.578386 -0.003708 2.115630 9
1.549722 -0.082430 2.086032 9
1.558283 -0.137783 2.096185 9
1.546023 -0.207597 2.084162 9
1.537645 -0.275639 2.076315 9
1.507073 -0.360457 2.044854 9
1.509527 -0.422616 2.048629 9
1.490820 -0.501219 2.029899 9
1.403704 -0.633835 1.938379 9
1.361233 -0.734992 1.894473 9
1.281892 -0.868107 1.811404 9
0.857541 6.196566 1.488778 5
0.930019 6.050327 1.561325 5
0.879863 6.014258 1.507049 5
0.752304 6.043005 1.372603 5
-0.050644 5.633360 0.512538 5
-0.008746 5.521229 0.554232 5
-0.024970 5.446514 0.535451 5
-0.100221 5.406891 0.455189 5
-0.202073 5.380807 0.347192 5
-0.374275 5.391518 0.165807 5
-0.143770 5.178004 0.404533 5
-0.180342 5.113622 0.364720 5
-0.194321 5.037048 0.348526 5
-0.069569 4.891504 0.477245 13
-0.138759 4.843892 0.403509 13
-0.100211 4.744317 0.442350 13
-0.045172 4.638940 0.498495 13
0.047196 4.519382 0.593738 13
0.033284 4.447849 0.577952 13
0.094336 4.345821 0.640603 13
0.089556 4.271793 0.634466 13
0.069007 4.203935 0.611875 13
0.144144 4.101178 0.689448 13
0.067146 4.053817 0.607867 13
0.119773 3.961393 0.661993 13
0.147826 3.878632 0.690453 13
0.093091 3.822111 0.632272 13
0.085389 3.750684 0.623374 13
0.066538 3.682361 0.602837 13
0.003390 3.625278 0.535931 13
-0.051859 3.564680 0.477324 13
0.060265 3.463953 0.594134 12
0.166158 3.367990 0.704484 12
0.161760 3.297647 0.699298 12
0.627954 3.138388 1.187447 12
0.744389 3.053660 1.309059 12
0.730977 2.993239 1.294592 12
0.743830 2.928711 1.307697 12
0.746385 2.866025 1.310040 12
0.732089 2.805514 1.294745 12
0.728154 2.743609 1.290350 12
0.677051 2.685952 1.236518 12
0.704733 2.620895 1.265348 12
0.720677 2.557407 1.281902 12
0.838506 2.489444 1.405358 11
0.830202 2.429197 1.396549 11
0.829565 2.368585 1.395815 11
0.805474 2.308134 1.370513 11
0.863360 2.247588 1.431231 11
0.875424 2.187693 1.443918 11
0.875013 2.127683 1.443552 11
0.823134 2.065126 1.389234 11
0.834248 2.005036 1.401022 11
0.420438 1.912622 0.967174 10
0.462097 1.849879 1.011080 10
0.457410 1.783376 1.006415 10
0.447786 1.716069 0.996607 10
0.458883 1.651145 1.008567 10
0.379543 1.573151 0.925736 10
0.419051 1.511916 0.967558 10
0.432075 1.447027 0.981646 10
0.416864 1.377021 0.966173 10
0.426259 1.311427 0.976529 10
0.420201 1.242569 0.970727 10
0.424216 1.175689 0.975519 10
0.436644 1.110797 0.989162 10
0.446220 1.045311 0.999852 10
0.472515 0.984472 1.028092 10
0.543599 0.937107 1.103271 10
0.609316 0.889925 1.172844 10
0.711003 0.855843 1.280095 10
0.680779 0.780576 1.249261 10
1.201604 0.895563 1.795218 9
1.306003 0.874817 1.905249 9
1.305904 0.817511 1.905943 9
1.334041 0.770993 1.936206 9
1.370183 0.728289 1.974863 9
1.409171 0.687577 2.016512 9
1.423004 0.636755 2.031883 9
1.451641 0.592731 2.062752 9
1.444298 0.532453 2.056051 9
1.492919 0.498616 2.107844 9
1.521011 0.455715 2.138208 9
1.518050 0.397388 2.136174 9
1.536220 0.349783 2.156231 9
1.531306 0.289797 2.152230 9
1.534775 0.233963 2.157012 9
1.568166 0.195086 2.193029 9
1.549804 0.126194 2.175117 9
1.554987 0.070611 2.181790 9
1.571689 0.021950 2.200498 9
1.574189 -0.035736 2.204445 9
1.573222 -0.096095 2.204823 9
1.544549 -0.175674 2.176413 9
1.539328 -0.240509 2.172462 9
1.528985 -0.309680 2.163234 9
1.499803 -0.393426 2.134480 9
1.487568 -0.466159 2.123402 9
1.460392 -0.551274 2.096867 9
1.397733 -0.665568 2.033579 9
1.356857 -0.765395 1.992997 9
0.876641 6.044706 1.620538 5
0.838924 5.997781 1.579513 5
0.716143 6.021658 1.452640 5
-0.097404 5.705514 0.598090 5
-0.083330 5.610514 0.609857 5
-0.073212 5.519084 0.617688 5
-0.114452 5.459489 0.573358 5
-0.521189 5.613013 0.157102 5
-0.461517 5.488816 0.215426 5
-0.595464 5.474284 0.076669 5
-0.103072 4.556351 0.563109 13
-0.111251 4.481156 0.553152 13
-0.040486 4.374419 0.623929 13
-0.043409 4.298663 0.619477 13
-0.002995 4.207058 0.659394 13
-0.029683 4.140981 0.630759 13
-0.065172 4.077483 0.593164 13
-0.086179 4.008520 0.570427 13
-0.025905 3.913717 0.630926 13
-0.025316 3.838838 0.630407 13
-0.053189 3.772381 0.600800 13
-0.053758 3.697983 0.599198 13
-0.056743 3.624440 0.595176 13
-0.146377 3.572105 0.502436 13
-0.114409 3.489629 0.534316 13
-0.014000 3.393562 0.636397 12
0.048178 3.308187 0.699377 12
0.335104 3.182752 0.992804 12
0.689597 3.053819 1.355622 12
0.688539 2.991406 1.354022 12
0.659346 2.933165 1.323617 12
0.669283 2.869095 1.333376 12
0.670346 2.806443 1.334080 12
0.684889 2.742517 1.348653 12
0.718501 2.677365 1.382831 12
0.655366 2.620540 1.317815 12
0.635525 2.559348 1.297247 12
0.748718 2.491246 1.413196 11
0.733630 2.430715 1.397591 11
0.740220 2.369346 1.404269 11
0.785452 2.307909 1.450631 11
0.796558 2.247487 1.462025 11
0.797822 2.187162 1.463363 11
0.780707 2.126225 1.445888 11
0.748927 2.064083 1.413411 11
0.403216 1.981573 1.058937 11
0.377363 1.913714 1.032644 10
0.349745 1.844921 1.004588 10
0.343697 1.777522 0.998706 10
0.309727 1.706596 0.964234 10
0.403241 1.651345 1.060550 10
0.365327 1.579525 1.022128 10
0.328364 1.506684 0.984735 10
0.357344 1.444077 1.015001 10
0.357458 1.376743 1.015718 10
0.391209 1.316010 1.050958 10
0.369744 1.244195 1.029652 10
0.358075 1.173839 1.018437 10
0.376080 1.110173 1.037674 10
0.433777 1.057018 1.097610 10
0.448409 0.993600 1.113470 10
0.472736 0.933141 1.139300 10
1.101813 1.054497 1.784255 9
1.027765 0.972706 1.709347 9
1.129416 0.946297 1.814301 9
1.189326 0.908262 1.876549 9
1.277939 0.881983 1.968168 9
1.323363 0.841957 2.015623 9
1.321877 0.784852 2.015144 9
1.353662 0.740792 2.048709 9
1.398306 0.702745 2.095437 9
1.426685 0.658719 2.125568 9
1.461019 0.617898 2.161806 9
1.468845 0.565571 2.171008 9
1.492781 0.520835 2.196687 9
1.510485 0.473432 2.216037 9
1.487528 0.405616 2.193957 9
1.510337 0.360644 2.218590 9
1.521690 0.309848 2.231579 9
1.561952 0.275026 2.274049 9
1.563759 0.219189 2.277383 9
1.556875 0.157924 2.271918 9
1.581256 0.114810 2.298311 9
1.584024 0.058713 2.302756 9
1.560249 -0.014544 2.280270 9
1.570318 -0.067055 2.292239 9
1.539093 -0.147211 2.262321 9
1.548598 -0.201095 2.273824 9
1.535311 -0.271111 2.262251 9
1.535556 -0.332414 2.264467 9
1.495389 -0.423883 2.225792 9
1.490273 -0.491001 2.222715 9
1.434405 -0.597844 2.168339 9
1.413140 -0.680088 2.149090 9
1.313461 -0.826674 2.050666 9
0.715677 6.213721 1.577629 5
0.792940 6.065359 1.649756 5
0.775795 6.000451 1.629295 5
0.661185 6.016383 1.513004 5
-0.073417 5.731093 0.753928 5
-0.098317 5.661965 0.726143 5
-0.052899 5.548755 0.768174 5
-0.155287 5.527673 0.663639 5
-0.248368 5.498452 0.568323 5
-0.673485 5.658692 0.143082 5
-0.660644 5.560158 0.152876 5
-1.563124 5.962846 -0.747609 5
-0.238487 4.506504 0.549486 13
-0.198494 4.411489 0.587543 13
-0.199025 4.333508 0.585213 13
-0.218763 4.262942 0.563759 13
-0.224329 4.187151 0.556530 13
-0.164806 4.089475 0.614456 13
-0.175033 4.016467 0.602717 13
-0.239835 3.807100 0.533715 13
-0.173626 3.713097 0.598749 13
-0.196121 3.643739 0.575041 13
-0.257104 3.583227 0.512836 13
-0.031433 3.383970 0.736908 12
0.287699 3.248406 1.055859 2
0.310302 3.176576 1.077732 2
0.522964 3.073065 1.290213 12
0.547088 3.005153 1.313764 12
0.529681 2.943977 1.295728 12
0.570130 2.874941 1.335766 12
0.558723 2.813122 1.323853 12
0.588212 2.746903 1.353014 12
0.573867 2.685448 1.338260 12
0.585038 2.621759 1.349154 12
0.569382 2.560076 1.333187 12
0.582757 2.496631 1.346398 11
0.687801 2.430469 1.451644 11
0.716430 2.368751 1.480269 11
0.684268 2.308240 1.447946 11
0.681668 2.247061 1.445337 11
0.687945 2.185987 1.451686 11
0.750014 2.126966 1.514068 11
0.745595 2.066444 1.509785 11
0.708825 2.003784 1.473093 11
0.328587 1.914357 1.091866 10
0.320966 1.847484 1.084549 10
0.250562 1.773915 1.014312 10
0.284526 1.710429 1.048826 10
0.290491 1.644150 1.055309 10
0.259269 1.572600 1.024555 10
0.333142 1.516575 1.099243 10
0.315274 1.446785 1.081993 10
0.307174 1.378166 1.074597 10
0.303106 1.309970 1.071301 10
0.299577 1.241611 1.068604 10
0.286668 1.170856 1.056568 10
0.330855 1.113261 1.101789 10
0.334339 1.046358 1.106287 10
0.464047 1.013182 1.237225 10
0.550344 0.971181 1.324708 10
1.050533 1.054016 1.826422 9
1.056922 0.997485 1.833877 9
1.101463 0.953298 1.879541 9
1.139035 0.907787 1.918264 9
1.274242 0.897604 2.054621 9
1.293464 0.848416 2.075036 9
1.336387 0.808586 2.119167 9
1.357611 0.761132 2.141650 9
1.370592 0.710634 2.155940 9
1.411263 0.672029 2.197907 9
1.431850 0.625479 2.219859 9
1.449656 0.577970 2.239074 9
1.461162 0.527716 2.252049 9
1.499968 0.490738 2.292268 9
1.497138 0.433755 2.291040 9
1.492477 0.375397 2.288044 9
1.501400 0.323755 2.298625 9
1.508303 0.270914 2.307245 9
1.492920 0.205381 2.293760 9
1.505407 0.155070 2.308039 9
1.537210 0.116199 2.341546 9
1.226997 -0.130409 2.035613 9
1.301527 -0.146863 2.111744 9
1.504224 -0.079240 2.314923 9
1.484368 -0.151832 2.297417 9
1.486365 -0.210835 2.301638 9
1.462065 -0.288423 2.279899 9
1.493094 -0.328236 2.312975 9
1.490179 -0.392108 2.312531 9
1.469227 -0.469984 2.294347 9
1.462622 -0.538280 2.290422 9
1.450148 -0.611945 2.280790 9
1.364757 -0.744407 2.199394 9
1.291377 -0.870780 2.130030 9
0.649541 6.217676 1.627595 5
0.702987 6.090708 1.674347 5
0.733115 5.985931 1.698976 5
0.624062 5.996625 1.590306 5
0.557854 5.970074 1.522672 5
-0.127914 5.807694 0.830696 5
-0.139837 5.730057 0.815455 5
-0.103491 5.622164 0.847006 5
-0.190892 5.592444 0.758893 5
-0.297834 5.572358 0.651838 5
-0.806975 5.785167 0.154822 5
-0.841669 5.712230 0.117551 5
-1.545429 6.010164 -0.569100 5
0.322259 3.296738 1.199221 2
0.445261 3.206085 1.318806 12
0.323777 3.163548 1.198845 2
0.482578 3.070539 1.353703 12
0.489086 3.005617 1.359341 12
0.511636 2.938722 1.380778 12
0.497899 2.877194 1.366691 12
0.471069 2.816892 1.339819 12
0.522908 2.748010 1.390183 12
0.531004 2.684432 1.397700 12
0.544358 2.620750 1.410439 12
0.509074 2.560429 1.375512 12
0.634736 2.491628 1.498587 11
0.637864 2.430364 1.501479 11
0.624536 2.369541 1.488281 11
0.597401 2.308467 1.461589 11
0.611872 2.246949 1.475792 11
0.610519 2.185495 1.474524 11
0.661408 2.125746 1.524585 11
0.631119 2.063521 1.495037 11
0.684642 2.005518 1.547798 11
0.687087 1.945131 1.550490 11
0.232496 1.844772 1.104813 2
0.194177 1.774112 1.067673 6
0.200340 1.707428 1.074241 6
0.151567 1.633782 1.026990 10
0.170714 1.568326 1.046429 10
0.142288 1.495890 1.019280 10
0.177222 1.433245 1.054326 10
0.198800 1.368974 1.076336 10
0.166488 1.294576 1.045591 10
0.203828 1.233739 1.083175 10
0.209323 1.166634 1.089616 10
0.282672 1.115594 1.162580 10
0.285712 1.048728 1.166734 10
0.353355 0.998853 1.234196 10
0.940016 1.095348 1.809632 9
0.977669 1.047247 1.847670 9
1.024642 1.002847 1.894861 9
1.133510 0.979402 2.002603 9
1.131869 0.921788 2.002318 9
1.203774 0.889565 2.073957 9
1.295300 0.866270 2.164769 9
1.328554 0.823337 2.198678 9
1.349622 0.776326 2.220727 9
1.381431 0.734021 2.253298 9
1.379781 0.678283 2.253274 9
1.424554 0.642425 2.298561 9
1.426172 0.588162 2.301824 9
1.428503 0.533974 2.305840 9
1.417160 0.472983 2.296606 9
1.421603 0.419133 2.302803 9
1.419431 0.361706 2.302628 9
1.426070 0.308483 2.311082 9
1.424430 0.250628 2.311553 9
1.431605 0.197238 2.320649 9
1.176216 -0.006069 2.075092 9
1.225757 -0.039059 2.125538 9
1.196425 -0.118384 2.099580 9
1.291695 -0.122193 2.194377 9
1.357006 -0.142423 2.260137 9
1.392511 -0.180389 2.297065 9
1.400607 -0.235926 2.307537 9
1.401356 -0.296704 2.310981 9
1.398989 -0.360145 2.311496 9
1.400046 -0.421749 2.315393 9
1.411468 -0.476293 2.329354 9
1.402698 -0.546112 2.323947 9
1.381585 -0.626245 2.306770 9
1.377940 -0.694052 2.306496 9
1.354502 -0.778419 2.287319 9
0.567124 6.153873 1.657766 5
0.649799 6.005151 1.730043 5
0.570657 5.990424 1.651390 5
0.513703 5.956262 1.593457 5
-0.131625 5.850174 0.956008 5
-0.174497 5.793478 0.911288 5
-0.169764 5.705597 0.911538 5
-0.266308 5.681821 0.816280 5
-1.050056 5.977944 0.067071 5
-0.897573 5.793931 0.207024 5
-0.978723 5.746840 0.126033 5
-0.980666 5.654508 0.120132 5
0.107850 3.398116 1.100545 6
0.212444 3.307613 1.199545 6
0.324265 3.218713 1.305597 2
0.343571 3.149668 1.323089 2
0.403548 3.074503 1.379657 12
0.378854 3.014068 1.355125 12
0.438699 2.941258 1.411739 12
0.432764 2.878486 1.405344 12
0.437599 2.814433 1.409350 12
0.434268 2.751412 1.405593 12
0.429443 2.688507 1.400473 12
0.442018 2.624268 1.412120 12
0.584081 2.552672 1.548119 11
0.602645 2.490649 1.565667 11
0.530886 2.432154 1.496585 11
0.564392 2.369679 1.528610 11
0.517178 2.308645 1.483221 11
0.575323 2.247061 1.539036 11
0.585644 2.186064 1.549011 11
0.594564 2.125280 1.557708 11
0.562527 2.062804 1.527160 11
0.570889 2.001858 1.535458 11
0.279260 1.919146 1.255922 2
0.243532 1.850735 1.222071 2
0.190752 1.779600 1.171938 6
0.227085 1.717061 1.207386 6
0.168678 1.643413 1.152018 6
0.071202 1.562631 1.059271 10
0.084650 1.496130 1.073000 10
0.099365 1.430075 1.088017 10
0.089151 1.359784 1.079209 10
0.087749 1.290774 1.078928 10
0.125098 1.229598 1.115856 10
0.099920 1.155451 1.092949 10
0.219161 1.114299 1.208435 10
0.223070 1.047587 1.213522 10
0.306198 1.001517 1.294503 10
0.916718 1.102830 1.880113 9
0.929932 1.047930 1.894110 9
1.010867 1.013716 1.972917 9
1.102769 0.985009 2.062219 9
1.117746 0.933181 2.078027 9
1.155486 0.889394 2.115630 9
1.284380 0.879148 2.240290 9
1.338915 0.844552 2.293957 9
1.320793 0.783116 2.278343 9
1.358029 0.743132 2.315588 9
1.352997 0.686372 2.312590 9
1.337575 0.624721 2.299770 9
1.373661 0.585235 2.336063 9
1.370598 0.528524 2.335144 9
1.327201 0.452307 2.295950 9
1.358909 0.411175 2.328242 9
1.338872 0.344606 2.311432 9
1.343438 0.289840 2.318069 9
1.342604 0.231972 2.319653 9
1.335279 0.170148 2.315164 9
1.167458 0.017315 2.158750 9
1.215366 -0.016240 2.206820 9
1.219753 -0.074601 2.213746 9
1.232199 -0.128358 2.228366 9
1.325644 -0.131559 2.319539 9
1.310468 -0.201887 2.308169 9
1.309045 -0.264141 2.309875 9
1.313852 -0.322742 2.317538 9
1.290580 -0.401033 2.298859 9
1.308744 -0.451398 2.319269 9
1.322908 -0.504597 2.335984 9
1.300675 -0.584740 2.318611 9
1.281293 -0.664049 2.304048 9
1.281116 -0.729796 2.307608 9
1.294903 -0.785162 2.324335 9
1.288131 -0.857253 2.321922 9
0.505296 6.153892 1.712252 5
0.550068 6.037102 1.747492 5
0.498544 5.999167 1.695270 5
0.412935 5.986767 1.611989 5
0.365342 5.943307 1.563366 5
-0.193771 5.931653 1.025998 5
-0.182838 5.839142 1.031094 5
-0.191687 5.760481 1.018151 5
-0.307955 5.750167 0.906427 5
-0.358280 5.696189 0.855407 5
-1.193046 6.016082 0.075808 5
-1.070993 5.849723 0.183638 5
-1.183110 5.817982 0.075264 5
-1.661633 5.981885 -0.372212 5
0.074547 3.461057 1.178782 6
0.160372 3.373685 1.257723 6
0.210992 3.296009 1.303815 6
0.262733 3.219639 1.351069 2
0.295293 3.148220 1.380451 2
0.332643 3.077019 1.414422 12
0.331356 3.012798 1.412258 12
0.328875 2.948825 1.409054 12
0.301957 2.887950 1.383005 12
0.324605 2.820915 1.403535 12
0.370534 2.752268 1.445998 12
0.290857 2.695646 1.370670 12
0.363956 2.625943 1.438802 12
0.526990 2.552900 1.591446 11
0.497082 2.493066 1.563066 11
0.492487 2.431648 1.558523 11
0.473832 2.370410 1.540856 11
0.444597 2.308767 1.513332 11
0.483320 2.246806 1.549687 11
0.548286 2.186376 1.610756 11
0.566247 2.126094 1.627768 11
0.553873 2.064865 1.616379 11
0.341858 1.991469 1.417665 2
0.288342 1.923909 1.367830 2
0.286079 1.859264 1.366186 2
0.299450 1.796037 1.379294 2
0.191106 1.719468 1.278278 6
0.103084 1.642490 1.196440 6
-0.073392 1.550845 1.031747 10
-0.066388 1.482223 1.039266 10
-0.004200 1.422758 1.098608 10
0.039137 1.361451 1.140342 10
-0.053038 1.275196 1.055151 10
0.009677 1.218056 1.115208 10
-0.012165 1.143965 1.096123 10
0.070981 1.093436 1.175443 10
0.728734 1.185874 1.792652 9
0.719607 1.123327 1.785525 9
0.897927 1.111392 1.953816 9
0.928876 1.061971 1.984265 9
0.968613 1.015827 2.022981 9
1.072650 0.990707 2.121817 9
1.136015 0.954929 2.182664 9
1.174270 0.912119 2.220093 9
1.283209 0.895212 2.323510 9
1.262620 0.833352 2.306116 9
1.280578 0.785422 2.324741 9
1.261772 0.723160 2.309177 9
1.306295 0.686121 2.352668 9
1.294027 0.625933 2.343345 9
1.251559 0.551848 2.306030 9
1.277855 0.507441 2.332748 9
1.254031 0.440025 2.312965 9
1.230547 0.371765 2.293609 9
1.243904 0.320800 2.308535 9
1.232079 0.256993 2.300187 9
1.300682 0.234826 2.366428 9
1.224850 0.136131 2.298995 9
1.167024 0.044807 2.248409 9
1.264698 0.040195 2.341672 9
1.195966 -0.059481 2.281255 9
1.200777 -0.117419 2.288873 9
1.224915 -0.163724 2.314389 9
1.220778 -0.227630 2.313926 9
1.248142 -0.271713 2.342544 9
1.220712 -0.351807 2.320859 9
1.230731 -0.407809 2.333704 9
1.200988 -0.491680 2.310168 9
1.191083 -0.562919 2.304968 9
1.257377 -0.579541 2.369624 9
1.191465 -0.693017 2.313409 9
1.212800 -0.742842 2.337099 9
1.225766 -0.799076 2.353226 9
1.059046 -0.998326 2.205779 9
0.519119 6.013002 1.827966 5
0.403579 6.025511 1.719605 5
0.333076 6.000331 1.651143 5
0.249018 5.983748 1.570603 5
-0.183880 5.963752 1.161593 5
-0.257557 5.928697 1.090079 5
-0.246151 5.836225 1.094841 5
-0.323332 5.801492 1.020274 5
-1.236487 6.092110 0.183000 5
-1.237527 5.996119 0.176473 5
-1.219066 5.889759 0.187695 5
-1.267931 5.821597 0.138331 5
0.118418 3.370177 1.323942 6
0.231474 3.280203 1.426038 2
0.235414 3.214042 1.428306 2
0.299198 3.137591 1.485519 2
0.230772 3.084507 1.421641 2
0.236711 3.018605 1.426018 12
0.230067 2.954697 1.418947 12
0.253472 2.887004 1.439530 12
0.237571 2.824366 1.424145 12
0.244626 2.759159 1.429912 12
0.231346 2.695930 1.417105 12
0.229258 2.631620 1.414657 12
0.431868 2.555341 1.600219 11
0.446884 2.492906 1.613666 11
0.450092 2.431279 1.616358 11
0.413008 2.370544 1.582139 11
0.441941 2.308432 1.608621 11
0.379436 2.246482 1.551228 11
0.397430 2.184471 1.567835 11
0.485103 2.125177 1.648504 11
0.412337 2.060842 1.581948 11
0.300872 1.992318 1.479960 2
0.235595 1.924152 1.420475 2
0.314730 1.866436 1.493638 2
0.098402 1.781895 1.295720 6
0.077639 1.713263 1.277396 6
-0.168594 1.616116 1.052323 10
-0.150497 1.548575 1.069882 10
-0.167384 1.476150 1.055449 10
-0.173717 1.404877 1.050798 10
-0.153182 1.338033 1.070876 10
-0.232653 1.252645 0.999402 10
-0.137352 1.200401 1.088174 10
0.635139 1.296662 1.797137 9
0.718154 1.255301 1.874539 9
0.690414 1.189135 1.850616 9
0.687270 1.128346 1.849298 9
0.789353 1.095615 1.944291 9
0.914182 1.071863 2.060082 9
0.985358 1.035391 2.126839 9
0.983680 0.978082 2.127089 9
1.090683 0.955646 2.226624 9
1.152402 0.920653 2.284831 9
1.172219 0.872434 2.304854 9
1.190703 0.824043 2.323726 9
1.187444 0.767699 2.322858 9
1.178049 0.708609 2.316492 9
1.217457 0.668808 2.354615 9
1.183577 0.599061 2.326154 9
1.185471 0.543606 2.330320 9
1.201437 0.494219 2.347345 9
1.171581 0.423791 2.322871 9
1.126816 0.345086 2.285012 9
1.144965 0.295663 2.304294 9
1.191682 0.260866 2.349500 9
1.161335 0.186986 2.325040 9
1.136535 0.114819 2.305735 9
1.185917 0.082311 2.353533 9
1.179120 0.019165 2.350682 9
1.201658 -0.027591 2.374374 9
1.193863 -0.092119 2.370822 9
1.178125 -0.162153 2.360244 9
1.135223 -0.250086 2.325396 9
1.138305 -0.310360 2.332004 9
1.191851 -0.337926 2.383955 9
1.116229 -0.451037 2.320246 9
1.144391 -0.495722 2.349632 9
1.183658 -0.532236 2.388996 9
1.132975 -0.632716 2.348133 9
1.106562 -0.717547 2.329130 9
1.127676 -0.768103 2.352609 9
1.117688 -0.842454 2.348522 9
1.144769 -0.888674 2.377489 9
1.136399 -0.963033 2.375098 9
0.301379 6.137166 1.746007 5
0.330870 6.033832 1.764962 5
0.249307 6.016403 1.687963 5
0.248422 5.937186 1.680912 5
-0.211117 6.020703 1.262699 5
-0.253804 5.965288 1.219290 5
-0.258112 5.883782 1.209473 5
-0.316898 5.838093 1.152169 5
-0.378151 5.792813 1.092743 5
-1.443202 6.068794 0.134208 5
-1.400058 5.947084 0.166144 5
-1.621002 5.970677 -0.034400 5
-0.046315 3.461543 1.281556 6
0.049818 3.372405 1.365882 6
0.118459 3.291465 1.425752 2
0.175194 3.214708 1.475098 2
0.180267 3.148575 1.478276 2
0.214974 3.077932 1.508123 2
0.176520 3.019157 1.472481 2
0.085541 2.966601 1.389810 12
0.135994 2.894500 1.434083 12
0.158820 2.826820 1.453685 12
0.141562 2.763680 1.437419 12
0.210264 2.692986 1.498404 12
0.172819 2.631629 1.464212 12
0.368790 2.555866 1.639672 11
0.375528 2.493696 1.645351 11
0.334467 2.433266 1.608203 11
0.354057 2.370636 1.625607 11
0.359222 2.308617 1.630152 11
0.331694 2.246525 1.605432 11
0.325452 2.184132 1.599920 11
0.304924 2.121105 1.581675 11
0.400023 2.062725 1.667344 11
0.207530 1.990129 1.494893 2
0.231329 1.927826 1.516738 2
0.246044 1.865323 1.530519 2
0.089412 1.786610 1.390617 2
0.022791 1.713624 1.331627 6
-0.016582 1.642162 1.297204 6
-0.368475 1.527326 0.982590 10
-0.320693 1.462484 1.026623 10
-0.307180 1.393233 1.040021 10
-0.277354 1.327039 1.068143 10
-0.277249 1.255909 1.069729 10
-0.307912 1.178462 1.043868 10
0.577458 1.295497 1.838303 9
0.606768 1.241700 1.866074 9
0.678146 1.198594 1.931555 9
0.741450 1.155159 1.989856 9
0.774328 1.105125 2.021002 9
0.931934 1.090627 2.163656 9
0.951412 1.039701 2.182911 9
1.048962 1.012997 2.271924 9
1.114909 0.978607 2.332741 9
1.176573 0.944358 2.389763 9
1.115560 0.869048 2.337497 9
1.097291 0.807249 2.323449 9
1.109759 0.756203 2.336868 9
1.116550 0.703050 2.345315 9
1.128255 0.651798 2.358215 9
1.123921 0.593945 2.356949 9
1.086791 0.521625 2.326679 9
1.150246 0.492531 2.385751 9
1.069554 0.399044 2.317109 9
1.050307 0.331917 2.303082 9
1.057467 0.276730 2.312544 9
1.098487 0.238324 2.352023 9
1.089802 0.175199 2.347652 9
1.078214 0.109928 2.340839 9
1.118107 0.071898 2.379522 9
1.163720 0.037838 2.423279 9
1.128099 -0.041768 2.395619 9
1.130817 -0.100326 2.401816 9
1.158585 -0.144142 2.430106 9
1.123015 -0.226651 2.402933 9
1.091289 -0.308256 2.379314 9
1.046485 -0.399768 2.344444 9
1.090069 -0.434539 2.386991 9
1.017499 -0.547284 2.328246 9
1.081022 -0.568337 2.388352 9
1.094753 -0.623281 2.405120 9
1.030446 -0.734991 2.354189 9
1.058395 -0.780880 2.383586 9
0.983831 -0.904181 2.324247 9
1.029972 -0.937039 2.369648 9
1.027358 -1.007580 2.372964 9
0.943137 -1.144773 2.306070 9
0.181691 6.100295 1.746623 5
0.182463 6.019277 1.740287 5
0.172570 5.946811 1.725114 5
0.132394 5.896431 1.684446 5
-0.097390 5.978413 1.483027 5
-0.252798 6.002914 1.344378 5
-0.280435 5.937652 1.314216 5
-0.368656 5.911888 1.232558 5
-0.404622 5.850663 1.195445 5
-1.470735 6.038871 0.250574 5
-1.547102 5.984222 0.178451 5
-1.713442 5.976266 0.028975 5
0.103329 3.283061 1.513687 2
0.078578 3.222068 1.490408 2
0.109959 3.150913 1.516411 2
0.130555 3.082417 1.533088 2
0.133387 3.017175 1.534307 2
0.136903 2.952027 1.536234 2
-0.002423 2.904342 1.412963 6
0.063564 2.830987 1.469892 12
0.088878 2.763280 1.491258 12
0.043299 2.702149 1.450514 12
-0.052806 2.643453 1.365508 12
0.158521 2.564788 1.550504 11
0.297065 2.494777 1.671737 11
0.301966 2.432565 1.675738 11
0.307408 2.370490 1.680315 11
0.296241 2.308672 1.670408 11
0.261214 2.246424 1.639648 11
0.200965 2.182802 1.586842 11
0.191413 2.119244 1.578660 11
0.053538 2.049715 1.457908 2
0.149926 1.990040 1.542958 2
0.158206 1.926615 1.550748 2
0.173060 1.863892 1.564409 2
0.110181 1.794071 1.509954 2
-0.559777 1.656926 0.922957 10
-0.596199 1.579182 0.892079 10
-0.609917 1.503437 0.881249 10
-0.379273 1.463028 1.084805 10
-0.512479 1.370429 0.969435 10
-0.540255 1.292426 0.946642 10
-0.594915 1.208582 0.900437 10
0.364733 1.324022 1.742591 9
0.568418 1.304649 1.922503 9
0.582493 1.247945 1.936470 9
0.640842 1.201939 1.989249 9
0.758105 1.172018 2.093584 9
0.739531 1.109252 2.079231 9
0.912413 1.098704 2.232198 9
0.955779 1.055038 2.272053 9
1.034261 1.022952 2.342597 9
1.049665 0.972822 2.358162 9
1.072799 0.925443 2.380544 9
1.057788 0.865400 2.369780 9
1.095752 0.823589 2.405229 9
1.039998 0.747944 2.359237 9
1.037244 0.690846 2.359467 9
1.081201 0.651944 2.400359 9
1.113707 0.609281 2.431359 9
1.085840 0.541641 2.410080 9
1.046561 0.467956 2.379061 9
1.065958 0.419387 2.398983 9
1.043951 0.351776 2.383185 9
1.046900 0.295198 2.389087 9
1.078194 0.252368 2.419555 9
1.056244 0.183042 2.404180 9
1.084113 0.138751 2.431859 9
1.118250 0.098258 2.464995 9
1.083173 0.020243 2.438705 9
1.060531 -0.052145 2.423273 9
1.080048 -0.101140 2.444151 9
1.091679 -0.154667 2.458358 9
1.022708 -0.257421 2.403729 9
1.000227 -0.333637 2.389087 9
0.990260 -0.402988 2.385298 9
1.008464 -0.454672 2.405663 9
1.007836 -0.518917 2.410100 9
0.995123 -0.591978 2.404410 9
0.956344 -0.684237 2.376783 9
0.945930 -0.757923 2.373421 9
0.853975 -0.892247 2.301285 9
0.904405 -0.923500 2.349750 9
0.990405 -0.926545 2.428209 9
0.701130 -1.220497 2.190836 9
0.826144 -1.194238 2.302430 9
0.045158 6.155407 1.742735 5
0.079214 6.048860 1.763133 5
0.059361 5.983097 1.739400 5
-0.055010 5.984314 1.637779 5
-0.096134 5.931936 1.596597 5
-0.322984 6.004735 1.401676 5
-0.333090 5.927793 1.386140 5
-0.388185 5.880304 1.333394 5
-1.519503 6.118154 0.354516 5
-1.520135 6.021752 0.346825 5
-1.583705 5.960230 0.286555 5
-0.845541 3.457653 0.800892 6
-0.003080 3.226497 1.520366 2
-0.022127 3.163692 1.502432 2
0.005992 3.093103 1.525027 2
-0.080421 3.039944 1.449569 2
0.003052 2.962244 1.519866 2
-0.096436 2.908637 1.433386 12
-0.106440 2.843038 1.423753 12
-0.081847 2.774007 1.443922 12
-0.048467 2.704952 1.471759 12
-0.060142 2.639915 1.461046 12
-0.070480 2.574562 1.451593 11
0.064230 2.502615 1.566794 11
0.139536 2.435954 1.631119 11
0.201207 2.371465 1.683854 11
0.171734 2.309112 1.658435 11
0.169737 2.246195 1.656720 11
0.116006 2.182249 1.610691 11
0.139587 2.119367 1.631162 11
0.114316 2.054906 1.609797 11
0.015686 1.985629 1.525568 2
0.084050 1.925371 1.584821 2
0.000387 1.854359 1.513690 2
-0.689474 1.724000 0.922508 6
-0.765893 1.641760 0.857982 6
0.273387 1.316769 1.758777 9
0.560842 1.313933 2.006512 9
0.613247 1.266268 2.053096 9
0.597209 1.203760 2.041230 9
0.692728 1.168255 2.124812 9
0.840825 1.148727 2.253319 9
0.876717 1.102220 2.286019 9
0.965657 1.071645 2.364039 9
0.951547 1.012373 2.354216 9
0.983484 0.966918 2.383744 9
0.864764 0.873067 2.285065 9
0.890596 0.824823 2.309621 9
0.804041 0.737486 2.238702 9
0.914115 0.719424 2.335053 9
0.962698 0.680775 2.379169 9
0.957298 0.622013 2.377540 9
0.981693 0.574927 2.401279 9
0.985494 0.519598 2.407656 9
0.979289 0.459763 2.405677 9
1.032691 0.426075 2.454197 9
1.017551 0.362013 2.444873 9
1.016517 0.303910 2.447590 9
0.977209 0.226779 2.418177 9
1.012235 0.185525 2.451519 9
1.002630 0.121879 2.447396 9
0.921670 0.019773 2.383498 9
1.009611 0.006942 2.461544 9
1.018716 -0.047808 2.473500 9
0.913422 -0.168264 2.389861 9
0.922713 -0.224842 2.402318 9
0.976805 -0.254592 2.452270 9
0.954366 -0.330421 2.438469 9
0.986161 -0.373095 2.469982 9
0.958135 -0.453987 2.451862 9
0.952896 -0.521120 2.452858 9
0.858716 -0.649145 2.380353 9
0.867308 -0.709396 2.393227 9
0.853929 -0.785481 2.388097 9
0.844810 -0.859460 2.386673 9
0.828252 -0.939804 2.379318 9
0.821540 -1.013835 2.380262 9
0.820214 -1.084546 2.385811 9
0.802622 -1.168743 2.378229 9
-0.087548 6.206149 1.745329 5
-0.062260 6.105477 1.757358 5
-0.065076 6.026373 1.747106 5
-0.180751 6.026783 1.646251 5
-0.174220 5.940732 1.643761 5
-0.378167 5.996336 1.471552 5
-0.399584 5.927087 1.446608 5
-0.483194 5.897588 1.371426 5
-1.506412 6.065311 0.501397 5
-1.532948 5.984696 0.472161 5
-1.686193 5.972117 0.339376 5
-0.771089 3.355041 0.976945 6
-0.196800 3.183333 1.455968 12
-0.202405 3.116591 1.449629 12
-0.233656 3.053507 1.421921 12
-0.262868 2.989485 1.396034 12
-0.220114 2.916324 1.430615 12
-0.188206 2.845473 1.456244 12
-0.157024 2.775569 1.481403 12
-0.208597 2.713204 1.437252 12
-0.223979 2.647142 1.423588 12
-0.085875 2.572167 1.538887 11
0.043162 2.501065 1.646726 11
0.040119 2.437307 1.643813 11
0.093332 2.372447 1.688254 11
-0.031035 2.310026 1.583709 11
0.015552 2.245582 1.622826 11
0.006465 2.181253 1.615317 11
0.011534 2.117125 1.619813 11
0.077764 2.055758 1.675776 11
-0.687805 1.949491 1.033611 2
-0.122117 1.915141 1.509083 2
-0.146746 1.847114 1.489156 2
-0.740432 1.725327 0.991918 6
-0.697918 1.655937 1.028686 6
0.178756 1.372223 1.772157 9
0.290292 1.330672 1.867266 9
0.522116 1.316618 2.063030 9
0.556133 1.264978 2.093346 9
0.574708 1.210475 2.110844 9
0.804210 1.207848 2.304604 9
0.819406 1.155795 2.319376 9
0.850218 1.108181 2.347271 9
0.878364 1.060429 2.373020 9
0.798932 0.981394 2.309224 9
0.852017 0.941030 2.355957 9
0.890041 0.896995 2.390211 9
0.833256 0.821994 2.345714 9
0.848718 0.770424 2.361418 9
0.861447 0.718042 2.374949 9
0.892031 0.672440 2.403386 9
0.925884 0.628666 2.434604 9
0.924977 0.571601 2.437117 9
0.910631 0.508678 2.428636 9
0.809765 0.408084 2.348823 9
0.814333 0.351000 2.356318 9
0.877366 0.320327 2.412129 9
0.906222 0.275049 2.439809 9
0.801555 0.165847 2.357735 9
0.835386 0.122127 2.389780 9
0.975215 0.133052 2.508871 9
0.900218 0.034965 2.451749 9
0.945681 -0.000782 2.493513 9
0.850753 -0.113144 2.420562 9
0.799883 -0.203643 2.383924 9
0.831994 -0.247819 2.415185 9
0.893375 -0.274075 2.470340 9
0.857381 -0.358359 2.446358 9
0.770535 -0.475896 2.381354 9
0.842236 -0.495126 2.445167 9
0.816986 -0.576120 2.430537 9
0.804360 -0.649922 2.426326 9
0.777051 -0.734665 2.410479 9
0.744062 -0.824742 2.390307 9
0.722465 -0.908243 2.379551 9
0.725661 -0.974885 2.388907 9
0.692451 -1.069169 2.369308 9
0.670333 -1.156664 2.358853 9
0.691127 -1.212139 2.382847 9
-0.207289 6.245931 1.761206 5
-0.205987 6.162174 1.753383 5
-0.210221 6.083060 1.741456 5
-0.342642 6.093042 1.629233 5
-0.307008 5.986134 1.648843 5
-0.402208 5.967408 1.565805 5
-0.554068 5.983108 1.438031 5
-0.699551 5.990948 1.315081 5
-1.413321 6.155988 0.725037 5
-1.464070 6.091195 0.676411 5
-1.470689 6.000888 0.663036 5
-1.561834 5.957132 0.582463 5
-0.880597 3.362835 0.999509 6
-0.730600 3.262335 1.120209 2
-0.302611 3.122859 1.468841 12
-0.340336 3.060146 1.436309 12
-0.346775 2.992563 1.429534 12
-0.336130 2.922925 1.436901 12
-0.376637 2.858993 1.402461 12
-0.341987 2.787209 1.429791 12
-0.341692 2.719099 1.429085 12
-0.353838 2.651900 1.418306 12
-0.118696 2.570778 1.610607 11
-0.056254 2.502911 1.661339 11
-0.048124 2.438281 1.667629 11
-0.065189 2.374338 1.653364 11
-0.051626 2.309801 1.664370 11
-0.077346 2.245360 1.643256 11
-0.088642 2.180549 1.634111 11
-0.071968 2.116306 1.648056 11
-0.099985 2.050527 1.625446 11
-0.740705 1.950136 1.100128 2
-0.743153 1.877092 1.098844 2
-0.778343 1.801314 1.070845 2
-0.746819 1.730757 1.097726 2
0.200949 1.386123 1.884595 9
0.300364 1.342996 1.967768 9
0.496116 1.321875 2.129753 9
0.573950 1.279982 2.195340 9
0.588809 1.225467 2.209546 9
0.762715 1.209625 2.353678 9
0.766635 1.154773 2.359093 9
0.770893 1.099945 2.364896 9
0.822539 1.058312 2.409416 9
0.753978 0.982648 2.356139 9
0.793956 0.938183 2.391355 9
0.743826 0.865871 2.353399 9
0.746191 0.809440 2.358266 9
0.802729 0.771487 2.407212 9
0.807032 0.716126 2.413853 9
0.809019 0.659783 2.418735 9
0.785586 0.593506 2.403171 9
0.814097 0.546946 2.429762 9
0.802806 0.484571 2.424292 9
0.722461 0.392419 2.363266 9
0.781112 0.358471 2.414520 9
0.782609 0.300095 2.419799 9
0.825064 0.260421 2.458138 9
0.780294 0.179996 2.426494 9
0.707710 0.084383 2.372774 9
0.768663 0.053750 2.426294 9
0.829282 0.024265 2.479562 9
0.811106 -0.045804 2.469908 9
0.755733 -0.137055 2.430776 9
0.715066 -0.222019 2.403635 9
0.770354 -0.253468 2.453042 9
0.824127 -0.284656 2.501265 9
0.702783 -0.420244 2.410712 9
0.750873 -0.455243 2.454705 9
0.795226 -0.491669 2.495779 9
0.691971 -0.622649 2.420509 9
0.771762 -0.636183 2.489768 9
0.712889 -0.741566 2.450037 9
0.765342 -0.772329 2.497943 9
0.585446 -0.966066 2.364056 9
0.594104 -1.029862 2.378165 9
0.574227 -1.115002 2.370201 9
0.591846 -1.173167 2.391656 9
0.593466 -1.243693 2.400837 9
-0.363073 6.143586 1.733551 5
-0.453675 6.122832 1.655312 5
-0.528356 6.089420 1.589206 5
-0.431974 5.942749 1.654323 5
-0.664118 6.009269 1.467456 5
-0.721822 5.960827 1.414462 5
-0.859362 5.960012 1.299939 5
-1.247213 6.104915 0.991803 5
-1.221748 5.999181 1.002847 5
-1.412970 6.017683 0.846149 5
-1.519428 5.984536 0.755043 5
-0.855216 3.272162 1.129782 2
-0.818315 3.192309 1.157291 2
-0.748809 3.108921 1.211094 12
-0.593770 3.016413 1.333619 12
-0.553278 2.941059 1.364580 12
-0.455381 2.860848 1.441729 12
-0.461943 2.792645 1.435308 12
-0.509826 2.727621 1.395889 12
-0.563066 2.661851 1.352305 12
-0.659566 2.597205 1.274146 12
-0.340704 2.512581 1.529402 11
-0.241084 2.442410 1.608921 11
-0.249144 2.376648 1.602174 11
-0.247834 2.310646 1.603086 11
-0.327819 2.244187 1.538894 11
-0.229859 2.179023 1.617651 11
-0.225159 2.113393 1.621700 11
-0.228305 2.047520 1.619591 11
-0.784200 1.951294 1.174152 2
-0.837413 1.875117 1.132231 2
-0.827922 1.802545 1.140771 2
0.194227 1.394636 1.971369 9
0.256449 1.344862 2.023056 9
0.349731 1.302761 2.099643 9
0.587107 1.293700 2.291353 9
0.649205 1.250667 2.343077 9
0.717991 1.210632 2.400199 9
0.718857 1.155073 2.403234 9
0.656958 1.082795 2.356395 9
0.675002 1.030912 2.373386 9
0.662514 0.970469 2.366198 9
0.682293 0.919264 2.384797 9
0.688226 0.864006 2.392504 9
0.681195 0.804448 2.390048 9
0.731836 0.764115 2.433446 9
0.685963 0.690781 2.400472 9
0.760300 0.660024 2.462801 9
0.575550 0.532775 2.320390 9
0.724277 0.531167 2.441687 9
0.715949 0.469570 2.439016 9
0.712958 0.409713 2.440702 9
-0.130644 -0.013065 1.781203 10
0.724910 0.296876 2.458607 9
-0.096155 -0.138445 1.818730 10
-0.132300 -0.226159 1.795856 10
-0.074196 -0.269544 1.846998 10
-0.077857 -0.342534 1.849918 10
-0.100932 -0.425972 1.837874 10
-0.100984 -0.498364 1.844006 10
-0.150243 -0.597742 1.812037 10
-0.007515 -0.592720 1.929515 9
-0.017554 -0.670841 1.928345 9
0.438385 -0.478854 2.288164 9
0.548090 -0.480618 2.379349 9
0.536650 -0.553579 2.376948 9
0.579802 -0.593269 2.416796 9
0.676012 -0.598318 2.497480 9
0.563303 -0.737489 2.417796 9
0.540811 -0.820226 2.407708 9
0.699128 -0.780756 2.536014 9
0.443657 -1.025677 2.348551 9
0.453326 -1.089931 2.363818 9
0.386694 -1.209992 2.321349 9
0.413298 -1.263440 2.349920 9
0.545105 -1.236935 2.458083 9
-0.557178 6.063059 1.679667 5
-0.641859 6.034736 1.607141 5
-0.784071 6.040893 1.491493 5
-0.850475 5.996851 1.432557 5
-0.939600 5.965221 1.356575 5
-1.214133 6.040783 1.140861 5
-1.333003 6.019829 1.042135 5
-1.465785 6.003965 0.932810 5
-1.578746 5.974183 0.838397 5
-0.977356 3.281333 1.143873 2
-0.953074 3.202770 1.160709 2
-0.862904 3.115788 1.229303 12
-0.767386 3.030432 1.302305 12
-0.800290 2.962194 1.274932 12
-0.858435 2.895837 1.227928 12
-0.919571 2.828431 1.178717 12
-0.767227 2.742924 1.297000 12
-0.775388 2.671777 1.289645 12
-0.783923 2.600508 1.282154 12
-0.466937 2.515375 1.530139 11
-0.365328 2.444379 1.609389 11
-0.367996 2.377730 1.607000 11
-0.318786 2.310719 1.645457 11
-0.352836 2.244395 1.618745 11
-0.397903 2.177050 1.583539 11
-0.435730 2.108824 1.554165 11
-0.467205 2.039933 1.529929 11
-0.898021 1.948635 1.192675 2
-0.936865 1.872856 1.163031 2
-0.932572 1.799460 1.167379 2
0.147027 1.395912 2.025104 9
0.207758 1.345831 2.074597 9
0.273759 1.298157 2.128293 9
0.510668 1.288177 2.315439 9
0.577891 1.245835 2.370156 9
0.600479 1.194448 2.390150 9
0.588776 1.134931 2.383546 9
0.563974 1.071542 2.366893 9
0.576758 1.017652 2.379630 9
0.637123 0.977518 2.429457 9
0.539584 0.891545 2.356755 9
0.586956 0.848029 2.396721 9
0.595926 0.793063 2.407000 9
0.606387 0.738612 2.418560 9
0.576340 0.670059 2.398915 9
0.528225 0.593969 2.365503 9
0.610012 0.565080 2.432563 9
0.608620 0.505801 2.435510 9
0.630316 0.455471 2.456380 9
-0.251830 0.031754 1.782331 10
-0.213173 -0.022542 1.817323 10
-0.243290 -0.106402 1.799669 10
-0.226495 -0.170173 1.818190 10
-0.227816 -0.242312 1.823003 10
-0.147487 -0.275738 1.890365 10
-0.237814 -0.391480 1.827588 10
-0.194485 -0.442415 1.866982 10
-0.219488 -0.528107 1.854518 10
-0.215827 -0.599630 1.864066 9
-0.161666 -0.643886 1.912066 9
-0.002844 -0.628434 2.039283 9
0.105156 -0.638252 2.127901 9
0.335073 -0.573785 2.308287 9
0.459799 -0.566718 2.409092 9
0.581698 -0.558338 2.507598 9
0.419841 -0.725989 2.393359 9
0.442008 -0.780014 2.417383 9
0.472681 -0.828297 2.447880 9
0.425044 -0.929012 2.420192 9
0.434099 -0.992601 2.434969 9
0.507289 -1.011338 2.497441 9
0.305544 -1.226064 2.356667 9
0.346112 -1.269640 2.395490 9
0.348370 -1.341299 2.406218 9
-0.931184 6.175040 1.508006 5
-0.895228 6.066112 1.524330 5
-0.941806 6.009111 1.480647 5
-1.041936 5.983294 1.397815 5
-1.123319 5.944374 1.328707 5
-1.372805 5.999248 1.135877 5
-1.478047 5.967912 1.048971 5
-0.615470 2.519028 1.516543 11
-0.600735 2.449604 1.527356 11
-0.673261 2.382111 1.471427 11
-0.512633 2.311520 1.594426 11
-0.559751 2.243519 1.558298 11
-0.590842 2.174679 1.534620 11
-0.634373 2.104715 1.501567 11
-0.722069 2.031852 1.434826 11
-1.050898 1.795404 1.185354 2
0.057859 1.389925 2.046892 9
0.198293 1.354091 2.156263 9
0.285119 1.310941 2.224755 9
0.418864 1.279596 2.329083 9
0.448316 1.228234 2.353953 9
0.487135 1.179635 2.386064 9
0.474120 1.119073 2.378834 9
0.460666 1.057917 2.371427 9
0.441470 0.994708 2.359817 9
0.428130 0.932504 2.352821 9
0.516408 0.899802 2.423040 9
0.566363 0.857298 2.464248 9
0.581616 0.804721 2.479266 9
0.509920 0.723381 2.428670 9
0.517298 0.667332 2.438054 9
0.483064 0.596344 2.416185 9
0.571154 0.569581 2.486695 9
-0.304492 0.175435 1.831945 10
-0.356873 0.084729 1.797768 10
-0.371774 0.007688 1.792011 10
-0.308386 -0.037052 1.845157 10
-0.321960 -0.113946 1.840751 10
-0.327923 -0.188137 1.842254 10
-0.384704 -0.286261 1.806036 10
-0.302238 -0.320274 1.873911 10
-0.339317 -0.410728 1.852848 10
-0.303720 -0.466207 1.886060 10
-0.332952 -0.554454 1.871315 10
-0.232955 -0.575799 1.952510 9
-0.201675 -0.632037 1.982873 9
-0.039240 -0.615188 2.110087 9
0.137883 -0.586017 2.247863 9
0.303591 -0.559071 2.376946 9
0.382500 -0.579683 2.442102 9
0.379679 -0.648368 2.447424 9
0.369014 -0.722489 2.447230 9
0.302502 -0.833008 2.406598 9
0.328090 -0.885876 2.433325 9
0.338362 -0.948734 2.449076 9
0.240040 -1.085757 2.386469 9
0.301426 -1.115138 2.439658 9
0.228153 -1.238909 2.395949 9
0.262257 -1.287599 2.429814 9
-1.289181 5.997577 1.327124 5
-0.938931 2.457736 1.374870 11
-0.963528 2.386130 1.356087 11
-0.922779 2.313575 1.386443 11
-0.932237 2.241688 1.379356 11
-0.874866 2.170754 1.422519 11
-0.892229 2.098958 1.409859 11
-0.796981 2.031368 1.481737 11
0.005452 1.390410 2.097714 9
0.126431 1.350776 2.190209 9
0.292228 1.322666 2.316151 9
0.314807 1.268704 2.335404 9
0.401887 1.229298 2.402792 9
0.358403 1.161630 2.373122 9
0.379570 1.108505 2.391697 9
0.357966 1.044798 2.378636 9
0.339608 0.981269 2.368162 9
0.364822 0.929314 2.390161 9
0.398252 0.880191 2.418362 9
0.398640 0.821634 2.422224 9
0.372986 0.754634 2.406995 9
0.462698 0.724764 2.477123 9
0.370548 0.634782 2.413167 9
0.392398 0.582637 2.433484 9
0.418368 0.532309 2.456953 9
-0.450272 0.143277 1.823371 10
-0.402126 0.091161 1.864212 10
-0.458450 -0.002289 1.828616 10
-0.451699 -0.071189 1.839476 10
-0.420759 -0.129859 1.868190 10
-0.451001 -0.215167 1.852414 10
-0.498212 -0.309345 1.824557 10
-0.409884 -0.341618 1.895553 10
-0.440338 -0.429181 1.880337 10
-0.394359 -0.480129 1.920784 9
-0.406482 -0.559786 1.919309 9
-0.269042 -0.562247 2.026040 9
-0.146087 -0.569220 2.122176 9
-0.103939 -0.617608 2.160077 9
-0.100197 -0.686861 2.170513 9
0.254907 -0.554443 2.432742 9
0.299449 -0.595593 2.472201 9
0.300580 -0.662119 2.480779 9
0.252258 -0.759551 2.454391 9
0.207814 -0.856362 2.431131 9
0.199372 -0.931720 2.433729 9
0.180359 -1.014790 2.429118 9
-0.033018 -1.229689 2.287922 9
0.022505 -1.266504 2.336634 9
0.092792 -1.291939 2.395724 9
0.053395 -1.394476 2.378172 9
0.042822 1.406157 2.214297 9
0.221548 1.377873 2.346831 9
0.251237 1.324892 2.370845 9
0.297670 1.275924 2.407164 9
0.338089 1.226622 2.439215 9
0.228344 1.143759 2.362292 9
0.269475 1.094474 2.395165 9
0.271491 1.036123 2.399777 9
0.327912 0.992069 2.443963 9
0.314708 0.929914 2.437833 9
0.365116 0.885648 2.477878 9
0.291372 0.805019 2.428334 9
0.305817 0.750034 2.442694 9
0.335272 0.700080 2.468011 9
0.287668 0.624598 2.437979 9
0.278717 0.561253 2.435984 9
-0.564552 0.195000 1.835213 10
-0.568005 0.122442 1.838351 9
-0.563974 0.052398 1.847057 9
-0.544696 -0.011759 1.866860 10
-0.593982 -0.104034 1.837888 10
-0.541009 -0.154418 1.882112 9
-0.564582 -0.237315 1.871965 9
-0.503369 -0.282972 1.922313 9
-0.434824 -0.324035 1.977926 9
-0.472558 -0.414321 1.958359 9
-0.405544 -0.454735 2.013113 9
-0.333108 -0.491083 2.071732 9
-0.275228 -0.533446 2.120130 9
-0.199962 -0.565516 2.180796 9
-0.175521 -0.623549 2.205844 9
-0.056979 -0.629140 2.296852 9
-0.022232 -0.679628 2.329247 9
0.109208 -0.673362 2.429073 9
0.099268 -0.748176 2.430499 9
0.054012 -0.845238 2.407716 9
0.000199 -0.949355 2.379404 9
0.074150 -0.974101 2.439593 9
0.062715 -1.052864 2.441049 9
-0.032508 -1.188180 2.385342 9
-0.007913 -1.245378 2.412170 9
-0.005910 -1.318106 2.423755 9
0.046939 -1.355373 2.470154 9
-0.084345 1.394000 2.211006 9
0.147276 1.374035 2.378271 9
0.236996 1.332236 2.444575 9
0.167038 1.260006 2.397492 9
0.228067 1.214129 2.443642 9
0.192122 1.147582 2.421094 9
0.181322 1.086032 2.416574 9
0.178408 1.026044 2.417817 9
0.162751 0.962481 2.410217 9
0.186878 0.909275 2.430920 9
0.184019 0.848745 2.432706 9
0.248869 0.808133 2.482408 9
0.172045 0.724964 2.432399 9
0.155715 0.659218 2.425244 9
-0.411598 0.408715 2.031233 9
-0.424281 0.336295 2.027565 9
-0.558682 0.219656 1.938846 9
-0.640248 0.119042 1.887563 9
-0.582329 0.069574 1.934093 9
-0.626708 -0.019228 1.909363 9
-0.616823 -0.087310 1.922733 9
-0.576509 -0.142680 1.957453 9
-0.563526 -0.209211 1.973329 9
-0.518572 -0.261519 2.011543 9
-0.584222 -0.363727 1.973386 9
-0.494860 -0.394975 2.042612 9
-0.446180 -0.444002 2.083804 9
-0.404863 -0.495825 2.120029 9
-0.300292 -0.514753 2.199760 9
-0.243959 -0.556578 2.246394 9
-0.240989 -0.625924 2.256642 9
-0.035144 -0.584295 2.405364 9
-0.007226 -0.637642 2.432698 9
0.011986 -0.695689 2.454265 9
0.037471 -0.749972 2.480244 9
-0.023387 -0.856018 2.448107 9
-0.117794 -0.984845 2.393846 9
-0.074887 -1.030311 2.432337 9
-0.108395 -1.124259 2.419775 9
-0.194904 -1.254485 2.372228 9
0.051793 1.366558 2.396115 9
0.061983 1.309053 2.405820 9
0.078746 1.252981 2.420244 9
0.044111 1.186246 2.399190 9
0.021371 1.121231 2.386588 9
0.100548 1.079573 2.444707 9
0.084713 1.016093 2.437217 9
0.106019 0.961709 2.455570 9
0.058207 0.888918 2.426390 9
0.119407 0.845662 2.472570 9
0.102502 0.780643 2.465079 9
0.084059 0.714554 2.456738 9
0.012428 0.630873 2.412101 9
-0.298170 0.466252 2.203966 9
-0.579580 0.303936 2.016596 9
-0.538171 0.249089 2.050650 9
-0.552023 0.174701 2.047115 9
-0.576902 0.095515 2.036309 9
-0.579747 0.024050 2.040764 9
-0.636358 -0.069484 2.008929 9
-0.572154 -0.114489 2.059363 9
-0.558409 -0.179842 2.075717 9
-0.542075 -0.244049 2.094013 9
-0.589125 -0.336920 2.069762 9
-0.526176 -0.380102 2.119882 9
-0.440444 -0.411169 2.185363 9
-0.433371 -0.479068 2.198130 9
-0.320897 -0.494070 2.281582 9
-0.236649 -0.521169 2.346105 9
-0.237040 -0.591319 2.354276 9
-0.129070 -0.603098 2.434627 9
-0.164502 -0.692158 2.419896 9
-0.089616 -0.719831 2.478397 9
-0.117493 -0.805775 2.469181 9
-0.090073 -0.859994 2.496642 9
-0.223012 -1.011558 2.419184 9
-0.288568 -1.125262 2.386503 9
-0.259737 -1.181242 2.415824 9
-0.380372 -1.334034 2.348235 9
-0.106113 1.348315 2.373451 9
-0.075004 1.293529 2.397321 9
-0.029488 1.242197 2.431093 9
-0.053684 1.177124 2.417817 9
-0.029875 1.122003 2.437205 9
-0.060308 1.054628 2.420109 9
0.004003 1.009603 2.467157 9
-0.059268 0.933174 2.428312 9
-0.053569 0.873602 2.436176 9
-0.053601 0.812380 2.440364 9
-0.052634 0.751261 2.445411 9
-0.088233 0.678873 2.426122 9
-0.119984 0.606653 2.409665 9
-0.443214 0.438122 2.198525 9
-0.384977 0.390994 2.242964 9
-0.524336 0.275667 2.155742 9
-0.571859 0.190073 2.130164 9
-0.609223 0.106873 2.111660 9
-0.554206 0.058239 2.154757 9
-0.652713 -0.050636 2.096271 9
-0.575865 -0.090087 2.154177 9
-0.605229 -0.172965 2.142040 9
-0.564589 -0.226381 2.176313 9
-0.587075 -0.307428 2.169227 9
-0.542031 -0.358276 2.206729 9
-0.485490 -0.402923 2.251868 9
-0.483739 -0.473132 2.261310 9
-0.381047 -0.493383 2.336746 9
-0.311431 -0.528320 2.390617 9
-0.251536 -0.566970 2.438209 9
-0.286425 -0.655339 2.424561 9
-0.220208 -0.689472 2.476486 9
-0.319601 -0.815449 2.421913 9
-0.287669 -0.868888 2.452182 9
-0.218070 -0.899774 2.506688 9
-0.452195 -1.112065 2.367505 9
-0.384568 -1.145455 2.421343 9
-0.183550 1.344502 2.407907 9
-0.181881 1.283963 2.411906 9
-0.179966 1.223389 2.416251 9
-0.101329 1.178691 2.471450 9
-0.237056 1.088602 2.385306 9
-0.222286 1.030017 2.398724 9
-0.172708 0.980053 2.435231 9
-0.087802 0.940036 2.495089 9
-0.222427 0.843538 2.410812 9
-0.207504 0.785175 2.425054 9
-0.222416 0.718360 2.419922 9
-0.189562 0.665344 2.446267 9
-0.184130 0.604337 2.454837 9
-0.327950 0.494941 2.366235 9
-0.462589 0.385022 2.284108 9
-0.534511 0.293464 2.243258 9
-0.518448 0.231541 2.259903 9
-0.616578 0.127379 2.202730 9
-0.577178 0.073256 2.234981 9
-0.631697 -0.017296 2.206724 9
-0.651668 -0.095399 2.201101 9
-0.636221 -0.159456 2.218546 9
-0.625150 -0.225346 2.233382 9
-0.553239 -0.264325 2.287397 9
-0.516609 -0.317957 2.318909 9
-0.386747 -0.327409 2.410003 9
-0.419385 -0.412053 2.397590 9
-0.393351 -0.468961 2.422754 9
-0.333660 -0.508585 2.469387 9
-0.339300 -0.580925 2.474832 9
-0.339140 -0.650723 2.484202 9
-0.329860 -0.715968 2.499554 9
-0.356461 -0.801346 2.492666 9
-0.458327 -0.930664 2.439148 9
-0.556988 -1.061202 2.388276 9
-0.565562 -1.141181 2.393963 9
-0.558194 -1.212178 2.409834 9
-0.361935 1.385540 2.375474 9
-0.349617 1.325566 2.386297 9
-0.303881 1.271883 2.418877 9
-0.291881 1.212540 2.429840 9
-0.297159 1.149780 2.429851 9
-0.265420 1.094805 2.453894 9
-0.284972 1.028683 2.445109 9
-0.322282 0.957707 2.425145 9
-0.282766 0.905023 2.454726 9
-0.261944 0.848162 2.472469 9
-0.282448 0.780274 2.463936 9
-0.312052 0.709133 2.449828 9
-0.302029 0.648890 2.461268 9
-0.331299 0.576549 2.447862 9
-0.395284 0.492204 2.412641 9
-0.483737 0.398031 2.362228 9
-0.511781 0.322313 2.350524 9
-0.562184 0.237751 2.324954 9
-0.649844 0.138076 2.276191 9
-0.528463 0.115245 2.359685 9
-0.574300 0.029689 2.337880 9
-0.599706 -0.049019 2.329260 9
-0.573980 -0.107439 2.352993 9
-0.633853 -0.202057 2.323367 9
-0.549736 -0.235292 2.384003 9
-0.512621 -0.288003 2.415387 9
-0.493084 -0.348285 2.435993 9
-0.469850 -0.406679 2.459082 9
-0.510054 -0.495777 2.443151 9
-0.466894 -0.544576 2.478987 9
-0.440249 -0.601141 2.504790 9
-0.354843 -0.626600 2.566781 9
-0.479218 -0.763015 2.500525 9
-0.476694 -0.833201 2.512313 9
-0.657738 -1.007029 2.412848 9
-0.706867 -1.110025 2.394242 9
-0.374555 1.331127 2.457645 9
-0.405864 1.263748 2.441058 9
-0.434917 1.195987 2.426130 9
-0.440074 1.132320 2.426464 9
-0.449548 1.067474 2.424301 9
-0.441064 1.006333 2.433623 9
-0.423459 0.947396 2.448855 9
-0.409298 0.887838 2.462116 9
-0.460563 0.811428 2.434681 9
-0.423520 0.757634 2.462653 9
-0.406295 0.698897 2.478426 9
-0.415499 0.632590 2.477938 9
-0.501114 0.542537 2.430220 9
-0.426538 0.501071 2.482243 9
-0.524937 0.404304 2.427240 9
-0.486359 0.351596 2.457333 9
-0.498008 0.281888 2.456583 9
-0.623632 0.170282 2.385916 9
-0.636261 0.097832 2.385224 9
-0.544379 0.065204 2.448895 9
-0.574518 -0.014136 2.437902 9
-0.543752 -0.069502 2.464422 9
-0.643879 -0.179661 2.411362 9
-0.600853 -0.230412 2.445844 9
-0.660509 -0.326230 2.418198 9
-0.555156 -0.348269 2.490786 9
-0.714104 -0.492306 2.403875 9
-0.580896 -0.499717 2.493503 9
-0.580494 -0.569888 2.503285 9
-0.738094 -0.720461 2.418811 9
-0.839475 -0.846138 2.368696 9
-0.820578 -0.910835 2.390762 9
-0.768122 -0.957238 2.432947 9
-0.809693 -1.055076 2.419665 9
-0.587374 1.178049 2.419861 9
-0.564430 1.119037 2.437674 9
-0.532163 1.062381 2.461381 9
-0.649978 0.972705 2.393461 9
-0.600008 0.919679 2.428434 9
-0.627820 0.848466 2.416096 9
-0.549733 0.803704 2.468545 9
-0.570020 0.734108 2.461235 9
-0.638716 0.650337 2.424780 9
-0.580837 0.601649 2.465449 9
-0.557015 0.543775 2.485613 9
-0.543023 0.483150 2.500015 9
-0.702295 0.366334 2.410074 9
-0.711363 0.296174 2.411185 9
-0.659383 0.246797 2.449255 9
-0.714668 0.159831 2.423096 9
-0.730391 0.086003 2.421002 9
-0.734592 0.015948 2.426083 9
-0.692322 -0.036174 2.459126 9
-0.741367 -0.124639 2.438006 9
-0.693827 -0.174237 2.474582 9
-0.768629 -0.275529 2.438878 9
-0.734992 -0.331086 2.467675 9
-0.720336 -0.394769 2.485462 9
-0.781253 -0.493570 2.459099 9
-0.789821 -0.569221 2.463862 9
-0.830311 -0.661049 2.450297 9
-0.878664 -0.758175 2.432580 9
-0.845999 -0.815290 2.462342 9
-0.831680 -0.881648 2.481668 9
-0.883929 -0.983870 2.462856 9
-0.840271 -1.035043 2.499664 9
-0.756648 1.092560 2.410925 9
-0.751213 1.028748 2.418326 9
-0.773250 0.958827 2.409567 9
-0.816082 0.883435 2.388688 9
-0.826923 0.814731 2.387134 9
-0.784155 0.759265 2.417668 9
-0.832514 0.680361 2.394330 9
-0.744768 0.637867 2.451893 9
-0.758379 0.567953 2.449621 9
-0.734382 0.508783 2.469806 9
-0.713102 0.449099 2.488581 9
-0.720701 0.380392 2.490576 9
-0.779032 0.294407 2.463066 9
-0.705512 0.252239 2.513145 9
-0.760093 0.165962 2.488444 9
-0.800552 0.083370 2.472366 9
-0.850381 -0.003955 2.451198 9
-0.838235 -0.068539 2.466396 9
-0.767862 -0.109758 2.515538 9
-0.756867 -0.174161 2.530450 9
-0.869957 -0.291292 2.474115 9
-0.852328 -0.354347 2.493500 9
-1.006102 -0.494108 2.414899 9
-0.997519 -0.563177 2.429841 9
-0.968079 -0.622559 2.456927 9
-1.090544 -0.755067 2.397931 9
-0.976173 0.994660 2.377280 9
-0.769182 0.973245 2.502192 9
-0.889027 0.880969 2.437348 9
-0.922649 0.806707 2.422905 9
-0.870195 0.753230 2.458566 9
-0.946178 0.666962 2.420178 9
-0.971571 0.592699 2.411356 9
-1.016987 0.511979 2.391306 9
-0.984576 0.453088 2.416331 9
-1.022267 0.373180 2.401329 9
-0.958283 0.324564 2.444882 9
-1.061396 0.222119 2.393069 9
-0.981011 0.179613 2.446395 9
-1.021117 0.096283 2.431234 9
-0.995038 0.035820 2.454015 9
-1.276815 -0.139559 2.302648 9
-0.940625 -0.083265 2.501454 9
-1.204891 -0.258043 2.361213 9
-1.212441 -0.334281 2.366317 9
-1.231835 -0.415980 2.365095 9
-1.249021 -0.497497 2.365463 9
-1.261795 -0.577793 2.368645 9
-1.173072 0.762054 2.373002 9
-1.197515 0.687268 2.364845 9
-1.201852 0.617007 2.368306 9
-1.197898 0.548713 2.376694 9
-1.248978 0.464793 2.354479 9
-1.210247 0.405860 2.382902 9
-1.258933 0.321001 2.362680 9
-1.274311 0.245338 2.361407 9
-1.243426 0.184181 2.386180 9
-1.047005 0.179247 2.503037 9
-1.344334 0.006571 2.346245 9
-1.329878 -0.060986 2.362758 9
-1.317781 -0.129364 2.378222 9
-1.338694 -0.210347 2.375797 9
-1.343876 -0.285910 2.382352 9
-1.667749 6.064440 -0.869438 5
-1.660292 6.111020 -0.858214 5
-1.644507 6.154700 -0.853000 5
-1.574348 6.181514 -0.885315 5
-1.514777 6.212763 -0.910172 5
-1.538936 6.269039 -0.878015 5
-1.498399 6.306608 -0.890043 5
-1.509811 6.358466 -0.867162 5
-0.692264 6.200672 -1.398820 5
-0.543296 6.222136 -1.480479 5
-1.646276 6.050603 -0.817520 5
-1.674360 6.109239 -0.782313 5
-1.655219 6.151536 -0.779481 5
-1.614976 6.187328 -0.790957 5
-1.526209 6.209140 -0.834791 5
-1.176945 6.157548 -1.051062 5
-0.744286 6.090580 -1.320145 5
-0.667078 6.127477 -1.353237 5
-0.627825 6.175389 -1.361349 5
-0.498916 6.202061 -1.427746 5
-0.326527 6.221208 -1.521702 5
0.000502 6.209793 -1.714270 5
-1.667594 6.002443 -0.753336 5
-1.731867 6.074133 -0.694464 5
-1.731739 6.122180 -0.679046 5
-1.693654 6.157504 -0.688916 5
-1.658867 6.194385 -0.696628 5
-1.326169 6.141867 -0.898366 5
-1.064506 6.117313 -1.051999 5
-0.966252 6.143924 -1.098836 5
-0.644804 6.112805 -1.288293 5
-0.605204 6.160691 -1.296262 5
-0.497150 6.192366 -1.347683 5
-0.256775 6.195246 -1.482169 5
-0.202102 6.244369 -1.498900 5
-1.694057 6.005924 -0.670845 5
-1.686126 6.051989 -0.660378 5
-1.750412 6.122280 -0.603453 5
-1.670526 6.143569 -0.639967 5
-1.634281 6.180106 -0.648279 5
-1.374481 6.149339 -0.798702 5
-0.599366 5.973941 -1.273310 5
-0.631081 6.042030 -1.235632 5
-0.628101 6.099665 -1.220185 5
-0.560198 6.140265 -1.245412 5
-0.416111 6.163268 -1.317641 5
-0.063518 6.140140 -1.517591 5
-0.008502 6.191111 -1.533403 5
-0.017634 6.256585 -1.510112 5
-1.703099 6.003221 -0.601127 5
-1.746185 6.067013 -0.558513 5
-1.734618 6.110796 -0.550982 5
-1.702495 6.147723 -0.556533 5
-1.660248 6.181828 -0.568436 5
-0.595533 5.964441 -1.196742 5
-0.590133 6.022045 -1.182637 5
-0.518487 6.061450 -1.209226 5
-0.457379 6.104816 -1.229258 5
-0.027744 6.057824 -1.471664 5
0.017327 6.111090 -1.480736 5
0.077120 6.161653 -1.498642 5
0.099716 6.221150 -1.494389 5
0.294706 6.245686 -1.592268 5
-1.692719 5.993520 -0.544568 5
-1.767623 6.068643 -0.483196 5
-1.776806 6.119140 -0.463094 5
-1.748063 6.156535 -0.466526 5
-1.681735 6.182286 -0.492883 5
-0.526223 5.875498 -1.178037 5
-0.488532 5.924608 -1.183086 5
-0.522173 5.994371 -1.145516 5
-0.475537 6.041115 -1.156244 5
-0.459493 6.096494 -1.148866 5
0.147950 6.004250 -1.489877 5
0.161891 6.066688 -1.479826 5
0.201315 6.123248 -1.484854 5
0.262868 6.175512 -1.502784 5
0.324989 6.228646 -1.520987 5
0.433936 6.273675 -1.566007 5
-1.729686 6.001227 -0.459677 5
-1.781708 6.067796 -0.413713 5
-1.749893 6.103981 -0.418706 5
-1.786847 6.163312 -0.382685 5
-1.708532 6.184581 -0.415565 5
-0.474142 5.911989 -1.112812 5
-0.458949 5.967928 -1.104520 5
-0.431727 6.020505 -1.103409 5
-0.414520 6.075925 -1.096639 5
0.255452 6.034157 -1.446555 5
0.274263 6.096273 -1.439333 5
0.275350 6.162286 -1.422289 5
0.393722 6.203660 -1.471478 5
0.560792 6.237698 -1.547532 5
-1.742189 6.000099 -0.391123 5
-1.765664 6.056324 -0.363098 5
-1.797109 6.114344 -0.330822 5
-1.754766 6.146698 -0.341937 5
-1.689712 6.172384 -0.366141 5
-0.396035 5.818958 -1.096832 5
-0.455221 5.898070 -1.045606 5
-0.454481 5.958221 -1.029138 5
-0.406135 6.004868 -1.039880 5
-0.352603 6.050833 -1.053523 5
0.358080 6.066658 -1.398712 5
0.413725 6.121462 -1.411761 5
0.528966 6.164660 -1.457439 5
0.664639 6.205954 -1.513901 5
-1.725155 5.988153 -0.340685 5
-1.760684 6.048829 -0.306331 5
-1.781850 6.103301 -0.280655 5
-1.777938 6.148520 -0.269575 5
-1.722646 6.176894 -0.287662 5
-0.500646 5.843310 -0.959561 5
-0.442291 5.885980 -0.975379 5
-0.484595 5.958562 -0.935328 5
-0.377622 5.988436 -0.978086 5
0.688331 5.979584 -1.489567 5
0.612936 6.066804 -1.430891 5
0.643882 6.129593 -1.429686 5
0.719612 6.183735 -1.452377 5
-1.138411 0.894679 -2.372336 8
-1.082671 0.963031 -2.364849 8
-0.816653 1.174390 -2.378107 8
-1.721112 5.981041 -0.283095 5
-1.800105 6.057327 -0.225250 5
-1.802034 6.104589 -0.210987 5
-1.772918 6.141012 -0.214110 5
-1.705237 6.165254 -0.238442 5
-1.599610 6.178847 -0.283277 5
-0.457574 5.882434 -0.890302 5
-0.440470 5.937574 -0.883295 5
-0.286702 5.954626 -0.949812 5
0.737878 6.098692 -1.388793 5
0.791773 6.157982 -1.399173 5
-1.364484 0.629614 -2.284117 8
-1.324850 0.725444 -2.259457 8
-1.279316 0.810349 -2.241442 8
-1.220380 0.874119 -2.236769 8
-1.141788 0.909254 -2.250621 8
-1.038902 0.911212 -2.286439 8
-1.008451 1.013973 -2.256884 8
-0.920920 1.038458 -2.278780 8
-0.881700 1.127107 -2.258351 8
-0.828507 1.196392 -2.250758 8
-0.677706 1.143184 -2.326558 8
-0.622830 1.211693 -2.320320 8
-0.544755 1.251913 -2.333753 8
-1.797967 6.051013 -0.168574 5
-1.780581 6.091472 -0.165059 5
-1.788527 6.140505 -0.148021 5
-1.760625 6.177324 -0.150415 5
-1.628876 6.181827 -0.208048 5
-0.409918 5.859974 -0.839739 5
-0.377425 5.911025 -0.840748 5
-0.212279 5.925241 -0.911146 5
0.756135 6.083798 -1.307916 5
0.801402 6.144808 -1.313452 5
0.954803 6.185613 -1.373143 5
-1.493749 0.187720 -2.299929 8
-1.469731 0.319927 -2.255722 8
-1.449703 0.454679 -2.209403 8
-1.400033 0.538147 -2.193328 8
-1.360185 0.635268 -2.168820 8
-1.317114 0.725257 -2.148391 8
-1.280644 0.823195 -2.122835 8
-1.215297 0.876943 -2.124482 8
-1.129015 0.900716 -2.145108 8
-1.010444 0.880732 -2.193947 8
-1.009799 1.024255 -2.139289 8
-0.900385 1.019051 -2.179692 8
-0.835465 1.074241 -2.181672 8
-0.811961 1.182092 -2.149249 8
-0.706873 1.185914 -2.185322 8
-0.649476 1.250046 -2.181874 8
-0.543839 1.256178 -2.217693 8
-0.474342 1.306633 -2.224133 8
-0.383821 1.333284 -2.247259 8
-0.239535 1.300993 -2.312019 8
-0.157175 1.340397 -2.327878 8
-0.060406 1.365173 -2.354625 8
0.024838 1.403547 -2.372356 8
-1.759152 6.031476 -0.131870 5
-1.783285 6.086813 -0.106383 5
-1.847847 6.154900 -0.060091 5
-1.775690 6.176432 -0.085556 5
-1.698584 6.197717 -0.113339 5
-0.353568 5.834808 -0.793077 5
-0.360296 5.897813 -0.773713 5
-0.222113 5.919441 -0.828334 5
0.865785 6.049239 -1.272421 5
0.826761 6.128492 -1.236081 5
0.973177 6.170524 -1.290490 5
1.167744 6.206493 -1.367732 5
-1.510561 0.055388 -2.228002 8
-1.497569 0.209913 -2.172852 8
-1.482208 0.355433 -2.122121 8
-1.432354 0.440197 -2.105998 8
-1.390321 0.535673 -2.083440 8
-1.353083 0.636419 -2.057507 8
-1.309576 0.725254 -2.038348 8
-1.263673 0.808713 -2.022209 8
-1.221605 0.896195 -2.003472 8
-1.133542 0.916670 -2.025487 8
-1.050785 0.945792 -2.042675 8
-1.004639 1.025581 -2.028772 8
-0.916279 1.048026 -2.050738 8
-0.848660 1.098703 -2.055351 8
-0.783592 1.152706 -2.058055 8
-0.682604 1.161943 -2.089828 8
-0.628721 1.230490 -2.083712 8
-0.564464 1.286079 -2.086141 8
-0.441673 1.273295 -2.134159 8
-0.368986 1.320690 -2.142924 8
-0.326511 1.402315 -2.128841 8
-0.167056 1.354745 -2.203000 8
-0.056732 1.364319 -2.239356 8
0.022959 1.408180 -2.252700 8
0.120684 1.434204 -2.279085 8
0.484108 1.325038 -2.450341 8
-0.856573 3.131361 -1.330674 12
-1.798607 6.040324 -0.054276 5
-1.785509 6.082049 -0.048605 5
-1.766086 6.121559 -0.046273 5
-1.779987 6.172104 -0.027146 5
-1.697237 6.191349 -0.056941 5
-0.269774 5.801167 -0.759321 5
-0.302556 5.872677 -0.727157 5
-0.147244 5.889773 -0.788467 5
0.943646 6.021333 -1.219612 5
0.963651 6.089153 -1.211983 5
0.947564 6.164104 -1.187417 5
1.099089 6.207302 -1.242103 5
-1.477210 -0.360068 -2.276269 8
-1.497424 -0.133628 -2.185217 8
-1.504079 0.060563 -2.110641 8
-1.483980 0.202198 -2.064228 8
-1.463271 0.338379 -2.020228 8
-1.432555 0.454161 -1.987147 8
-1.392686 0.552258 -1.963706 8
-1.357077 0.654664 -1.937498 8
-1.312813 0.741480 -1.919990 8
-1.276616 0.838527 -1.896307 8
-1.213148 0.893880 -1.896905 8
-1.122632 0.910594 -1.920599 8
-1.085875 1.003302 -1.899226 8
-0.997688 1.024389 -1.920935 8
-0.960572 1.114550 -1.900964 8
-0.823057 1.072638 -1.962140 8
-0.788324 1.165392 -1.940807 8
-0.709607 1.201743 -1.954609 8
-0.645747 1.256918 -1.956870 8
-0.570772 1.298808 -1.967805 8
-0.498619 1.344541 -1.976603 8
-0.360561 1.315394 -2.034557 8
-0.278599 1.352575 -2.050111 8
-0.210212 1.405486 -2.055660 8
-0.034046 1.343044 -2.139022 8
0.046029 1.386578 -2.152289 8
0.244612 1.308976 -2.249147 8
0.349872 1.331142 -2.279031 8
0.513484 1.297504 -2.348874 8
-0.633685 2.533599 -1.520206 11
-1.109963 3.267835 -1.102427 2
-0.971671 3.233076 -1.164368 2
-0.691102 3.078205 -1.318117 12
-0.337608 3.062503 -1.453674 12
-0.100191 3.251078 -1.482032 2
-0.001352 3.270513 -1.513163 2
0.086526 3.299532 -1.537298 2
-1.801379 6.035955 0.003247 5
-1.781930 6.075297 0.005667 5
-1.799127 6.127231 0.026164 5
-1.756478 6.158673 0.016909 5
-1.697055 6.185406 -0.000488 5
-0.195696 5.770341 -0.719243 5
-0.225187 5.841641 -0.689225 5
1.069369 5.982794 -1.187820 5
1.010679 6.068182 -1.143499 5
1.056777 6.131234 -1.147913 5
1.125902 6.190605 -1.162874 5
-1.475669 -0.344098 -2.149684 8
-1.489794 -0.129774 -2.067655 8
-1.510053 0.087253 -1.982968 8
-1.486038 0.220972 -1.942102 8
-1.464435 0.354634 -1.900694 8
-1.443150 0.484801 -1.860621 8
-1.410249 0.592750 -1.832295 8
-1.344691 0.647356 -1.833407 8
-1.309043 0.746933 -1.809276 8
-1.289393 0.867898 -1.772666 8
-1.201274 0.886529 -1.794199 8
-1.127836 0.927260 -1.803419 8
-1.063767 0.981346 -1.805107 8
-0.959980 0.981439 -1.838706 8
-0.877711 1.012246 -1.854772 8
-0.847790 1.111871 -1.829995 8
-0.785603 1.168520 -1.830866 8
-0.672688 1.161955 -1.870456 8
-0.612673 1.222286 -1.869686 8
-0.601744 1.340840 -1.832801 8
-0.460052 1.304250 -1.892779 8
-0.362277 1.321638 -1.919822 8
-0.253505 1.328368 -1.954363 8
-0.202648 1.400613 -1.947342 8
-0.032136 1.344029 -2.024536 8
0.103254 1.329116 -2.075953 8
-0.944705 2.533788 -1.314615 11
-0.728051 2.418080 -1.427855 11
-0.704604 2.499749 -1.409098 11
-0.628060 2.528983 -1.426215 11
-1.306638 3.273101 -0.945568 2
-1.195724 3.257699 -0.989584 2
-1.106158 3.264247 -1.019092 2
-0.980357 3.240364 -1.071377 2
-0.859634 3.223940 -1.119599 2
-0.526813 3.029845 -1.300374 12
-0.434431 3.046358 -1.328257 12
-0.325253 3.050797 -1.366143 12
-0.154728 3.008453 -1.441030 2
-0.133541 3.086995 -1.424162 2
-0.223505 3.249660 -1.340870 2
-0.076434 3.230555 -1.400452 2
0.050096 3.229816 -1.447011 2
0.100983 3.285849 -1.448563 2
0.189550 3.315701 -1.472124 2
-1.780932 6.023146 0.048846 5
-1.794530 6.074319 0.067345 5
-1.831526 6.132829 0.096843 5
-1.754776 6.152453 0.071525 5
-1.725738 6.188751 0.069166 5
-0.199088 5.763278 -0.641217 5
-0.136753 5.807162 -0.655081 5
1.069760 5.971602 -1.096902 5
1.144780 6.028879 -1.113707 5
1.053470 6.120528 -1.056076 5
1.129853 6.178239 -1.073622 5
1.324382 6.216174 -1.143241 5
-1.463858 -0.347108 -2.034402 8
-1.502234 -0.090373 -1.932862 8
-1.514996 0.111885 -1.858216 8
-1.466147 0.202286 -1.841279 8
-1.469713 0.377512 -1.779170 8
-1.416070 0.454201 -1.768789 8
-1.333015 0.482993 -1.784121 8
-1.277563 0.555308 -1.776137 8
-1.189636 0.577444 -1.795591 8
-1.143929 0.663169 -1.780321 8
-1.120820 0.779966 -1.747557 8
-1.047926 0.823441 -1.755527 8
-1.021302 0.931208 -1.727268 8
-0.937455 0.959069 -1.744313 8
-0.956543 1.124246 -1.682493 8
-0.822980 1.086738 -1.737710 8
-0.751798 1.132145 -1.745299 8
-0.666413 1.160235 -1.763408 8
-0.567913 1.173455 -1.790871 8
-0.551893 1.286565 -1.758568 8
-0.510195 1.367342 -1.745493 8
-0.186250 1.125033 -1.931469 8
-0.183355 1.253813 -1.890202 8
-1.072398 2.355561 -1.236317 11
-1.070309 2.459358 -1.203250 11
-0.997718 2.486943 -1.218534 11
-1.203348 2.801339 -1.048213 12
-1.160148 2.854416 -1.045695 12
-1.215653 3.004573 -0.978910 12
-1.174593 3.057326 -0.976032 2
-1.166089 3.140653 -0.952501 2
-1.183374 3.246405 -0.913203 2
-1.112940 3.270256 -0.929873 2
-1.004830 3.261671 -0.969793 2
-0.969999 3.319172 -0.963926 2
-0.990540 3.423481 -0.924463 6
-0.988155 3.506420 -0.899705 6
-0.389204 3.101344 -1.233382 12
-0.201117 3.043555 -1.316995 2
-0.294683 3.210727 -1.233245 2
-0.207823 3.235242 -1.256495 2
-0.110211 3.253102 -1.285696 2
-0.067834 3.313142 -1.282777 6
-0.027538 3.374622 -1.278830 6
0.238277 3.277958 -1.402542 2
-1.789964 6.021161 0.108458 5
-1.808878 6.074048 0.128986 5
-1.807150 6.119027 0.139578 5
-1.774501 6.153408 0.135641 5
-1.742889 6.188525 0.132198 5
-0.058483 5.711660 -0.630092 5
1.183741 6.009367 -1.039707 5
1.080022 6.103935 -0.978080 5
1.134896 6.165756 -0.985551 5
1.371664 6.195679 -1.070984 5
-1.469481 -0.318543 -1.904309 8
-1.503739 -0.070721 -1.810186 8
-1.463187 0.037865 -1.785190 8
-1.401720 0.108131 -1.779427 8
-1.322864 0.148551 -1.789001 8
-1.265850 0.224592 -1.780302 8
-1.275787 0.405112 -1.716839 8
-1.205087 0.455210 -1.721220 8
-1.073775 0.413759 -1.774467 8
-0.995184 0.454135 -1.784772 8
-0.914458 0.491877 -1.796756 8
-0.929432 0.665344 -1.734912 8
-0.841683 0.691652 -1.753127 8
-0.795415 0.775129 -1.739976 8
-0.719323 0.817843 -1.749533 8
-0.660263 0.883051 -1.746624 8
-0.587168 0.929997 -1.754184 8
-0.589651 1.071017 -1.707754 8
-0.509201 1.107712 -1.721248 8
-0.307645 1.001163 -1.819242 8
-0.228016 1.043348 -1.831025 8
-1.072840 2.140236 -1.211496 11
-1.123669 2.307560 -1.142018 11
-1.269409 2.573802 -1.010810 12
-1.068933 2.460313 -1.111378 11
-1.050912 2.544826 -1.090664 12
-1.300059 2.902342 -0.897617 12
-1.270416 2.966696 -0.887247 12
-1.262361 3.051608 -0.863527 12
-1.196500 3.079181 -0.876703 12
-1.149979 3.125846 -0.877723 2
-1.169207 3.233428 -0.838355 2
-1.103116 3.261214 -0.851897 2
-0.971602 3.231761 -0.904832 2
-1.026966 3.368020 -0.845021 6
-0.948190 3.386503 -0.865987 6
-0.949636 3.473144 -0.839519 6
-0.365342 3.080289 -1.154930 12
-0.199801 3.040599 -1.223052 12
-0.239383 3.165361 -1.172652 2
-0.214580 3.238006 -1.159774 2
-0.170112 3.295275 -1.158286 6
-0.103771 3.336529 -1.169135 6
-0.066693 3.399494 -1.163702 6
0.046907 3.408600 -1.200475 6
0.083175 3.472949 -1.194626 6
-1.789980 6.015922 0.163186 5
-1.792431 6.062867 0.175682 5
-1.771456 6.101297 0.177364 5
-1.771416 6.146847 0.188443 5
-1.701668 6.169561 0.168108 5
-1.609329 6.186485 0.137927 5
1.109473 5.940793 -0.934012 5
1.068573 6.022686 -0.900296 5
1.033998 6.102056 -0.869647 5
1.176801 6.146277 -0.913545 5
1.430543 6.173024 -1.003126 5
-1.466430 -0.306013 -1.783807 8
-1.402996 -0.232495 -1.777593 8
-1.326316 -0.183154 -1.783217 8
-1.246900 -0.138523 -1.791316 8
-1.190536 -0.055671 -1.780492 8
-1.189135 0.114292 -1.725646 8
-1.108901 0.154515 -1.735870 8
-1.025731 0.190626 -1.748430 8
-0.944697 0.230582 -1.759275 8
-0.912338 0.342758 -1.732737 8
-0.862267 0.426760 -1.720614 8
-0.833391 0.539261 -1.693241 8
-0.825490 0.678110 -1.651366 10
-0.755506 0.729450 -1.656036 10
-0.710125 0.813357 -1.643134 10
-0.630023 0.851069 -1.655455 10
-0.563823 0.907061 -1.657950 10
-0.459648 0.915927 -1.686947 10
-0.420731 1.005923 -1.670751 10
-0.269748 0.961358 -1.731075 10
-1.252839 2.240501 -1.030481 11
-1.212042 2.302443 -1.023985 11
-0.989494 2.160984 -1.136880 11
-1.247880 2.552940 -0.935766 12
-1.307079 2.717630 -0.866815 12
-1.237394 2.742382 -0.881237 12
-1.241062 2.843366 -0.849426 12
-1.207540 2.904751 -0.841514 12
-1.213482 3.004444 -0.809596 12
-1.191677 3.075230 -0.795341 2
-1.127459 3.104980 -0.807075 2
-1.122964 3.190757 -0.783003 2
-1.077358 3.237727 -0.783837 2
-1.027741 3.281196 -0.787115 2
-0.957077 3.306588 -0.802670 6
-0.932605 3.372306 -0.791442 6
-0.907539 3.436877 -0.780855 6
-0.831085 3.458900 -0.799619 6
-0.290106 3.110882 -1.078605 12
-0.179344 3.116266 -1.113726 2
-0.118753 3.162247 -1.120697 2
-0.196600 3.312487 -1.051995 2
-0.082668 3.318148 -1.088459 6
-0.017344 3.360930 -1.098286 6
0.069337 3.389413 -1.119427 6
-1.749810 5.995861 0.199522 5
-1.775206 6.051410 0.222014 5
-1.814541 6.110841 0.250341 5
-1.764274 6.138964 0.239089 5
-1.743236 6.177363 0.240666 5
-1.616722 6.182909 0.196614 5
-1.197435 6.102640 0.027294 5
0.828640 5.922800 -0.744647 5
0.919916 5.972645 -0.766600 5
1.092239 6.006648 -0.821546 5
1.083217 6.080970 -0.801972 5
1.158047 6.138505 -0.816623 5
1.446628 6.158112 -0.917278 5
1.540466 6.217061 -0.938777 5
-1.331680 -0.532235 -1.776743 8
-1.236392 -0.510152 -1.796036 8
-1.209953 -0.367967 -1.758368 8
-1.136745 -0.308984 -1.760150 8
-1.070309 -0.239289 -1.756807 8
-0.928314 -0.292152 -1.813366 8
-0.946565 -0.088149 -1.744296 8
-0.996973 0.158536 -1.652903 10
-0.966408 0.274757 -1.625410 10
-0.924511 0.371442 -1.607376 8
-0.883648 0.467639 -1.589334 10
-0.822233 0.532969 -1.586910 10
-0.793576 0.642866 -1.561379 10
-0.752003 0.732901 -1.545852 10
-0.687042 0.790491 -1.547250 10
-0.648325 0.881803 -1.530766 10
-0.558983 0.907515 -1.549338 10
-0.470601 0.935610 -1.567036 10
-1.232116 1.995258 -1.019773 11
-1.229760 2.106320 -0.987005 11
-1.243016 2.232917 -0.944997 11
-1.200725 2.293012 -0.939756 11
-1.224321 2.426070 -0.892918 11
-1.278457 2.588992 -0.828035 12
-1.178356 2.582169 -0.860583 12
-1.240792 2.747889 -0.792554 12
-1.271008 2.875717 -0.745677 12
-1.260857 2.959663 -0.724209 12
-1.290530 3.081321 -0.679513 12
-1.212284 3.095807 -0.699598 12
-1.137907 3.115269 -0.717137 2
-1.100587 3.170181 -0.712961 2
-1.084510 3.244076 -0.696767 2
-1.005446 3.260998 -0.716811 2
-0.943540 3.294151 -0.726910 6
-0.909484 3.351696 -0.721363 6
-0.876688 3.409979 -0.715309 6
-0.800141 3.432206 -0.733458 6
-0.369729 3.172703 -0.943866 12
-0.072857 3.030788 -1.078715 12
-0.081388 3.131220 -1.048062 12
-0.106694 3.242464 -1.009120 6
-0.113810 3.338115 -0.980475 6
-0.008338 3.351312 -1.011090 6
0.568612 3.035200 -1.285138 12
0.682825 3.053482 -1.317450 12
-1.693401 5.969711 0.229476 5
-1.775670 6.046314 0.275962 5
-1.776539 6.092311 0.287099 5
-1.769906 6.135410 0.294900 5
-1.754013 6.175305 0.298685 5
-1.644114 6.185688 0.263026 5
0.842769 5.767143 -0.696592 5
0.712729 5.870693 -0.628217 5
0.777408 5.924757 -0.638878 5
0.867162 5.974125 -0.659441 5
1.027352 6.009786 -0.707744 5
1.090972 6.068349 -0.717377 5
1.092570 6.140011 -0.702563 5
1.348507 6.164354 -0.787192 5
1.558655 6.201695 -0.853102 5
-1.162017 -0.820667 -1.792366 8
-1.086801 -0.756721 -1.793047 8
-1.055896 -0.617088 -1.758759 8
-0.985875 -0.547418 -1.756564 8
-0.933907 -0.448926 -1.740815 8
-0.979902 -0.195124 -1.651235 10
-0.987751 -0.010329 -1.593175 10
-0.993529 0.165338 -1.538576 10
-0.961110 0.278127 -1.513646 10
-0.907355 0.356859 -1.505021 10
-0.878670 0.470430 -1.479069 10
-0.871925 0.612186 -1.438654 10
-0.824513 0.694129 -1.427665 10
-0.728726 0.709643 -1.450248 10
-0.648629 0.747403 -1.461900 10
-0.611647 0.841460 -1.444727 10
-0.534991 0.883715 -1.454317 10
-1.199328 1.843151 -0.981297 2
-1.253310 2.025632 -0.912307 11
-1.199570 2.074757 -0.913606 2
-1.194680 2.180567 -0.884286 11
-1.205677 2.302075 -0.845873 11
-1.226631 2.431661 -0.802305 11
-1.245665 2.555800 -0.760972 12
-1.236299 2.646435 -0.737754 12
-1.308045 2.820265 -0.666763 12
-1.321249 2.928858 -0.631902 12
-1.342384 3.042889 -0.593219 12
-1.285488 3.077320 -0.600561 12
-1.183947 3.069159 -0.633442 12
-1.108707 3.088088 -0.650864 12
-1.042014 3.116100 -0.663248 2
-1.043197 3.206487 -0.637706 2
-0.997533 3.253572 -0.638570 2
-0.876893 3.235521 -0.680482 6
-0.811692 3.267477 -0.691699 6
-0.812766 3.355490 -0.667226 6
-0.426903 3.125894 -0.849123 12
-0.370167 3.171257 -0.854355 12
-0.307040 3.212025 -0.862919 12
-0.224696 3.238687 -0.881379 12
-0.034858 3.185939 -0.954860 12
0.053714 3.212238 -0.975572 12
0.136901 3.243805 -0.993294 6
0.526352 3.061233 -1.164378 12
0.703004 3.035610 -1.226929 12
0.821411 3.053127 -1.259814 12
0.904823 3.095825 -1.275117 12
-0.091944 4.893638 -0.499304 13
-0.206562 5.345898 -0.353718 5
-1.085215 5.737884 0.029400 5
-1.763187 6.036588 0.324077 5
-1.772999 6.085768 0.338696 5
-1.795982 6.138827 0.358533 5
-1.746525 6.167351 0.348534 5
-1.666461 6.186997 0.326231 5
0.455281 5.723188 -0.488612 5
0.582881 5.756288 -0.524145 5
0.713267 5.791010 -0.560351 5
0.705750 5.862605 -0.542180 5
0.788709 5.911992 -0.559413 5
0.883574 5.960042 -0.581047 5
0.981539 6.009057 -0.603619 5
1.116592 6.052084 -0.640097 5
1.210400 6.105719 -0.660483 5
1.497249 6.124975 -0.753533 5
1.531459 6.194355 -0.750649 5
-1.045280 -0.812098 -1.698881 8
-0.865847 -0.927195 -1.780126 8
-0.904390 -0.668480 -1.693893 8
-0.845381 -0.579302 -1.683455 8
-0.985011 -0.173122 -1.527337 10
-1.006290 0.031603 -1.461892 10
-1.000618 0.188175 -1.417848 10
-0.942942 0.262093 -1.411994 10
-0.922796 0.390058 -1.380408 10
-0.867473 0.464210 -1.374080 10
-0.886983 0.642479 -1.317373 10
-0.775677 0.635555 -1.349968 10
-0.732558 0.722842 -1.336855 10
-0.683563 0.800933 -1.328113 10
-0.622509 0.862429 -1.327568 10
-0.554912 0.915335 -1.331404 10
-1.217935 1.871305 -0.874724 2
-1.185809 1.948562 -0.861931 2
-1.200021 2.079527 -0.821026 11
-1.252460 2.251458 -0.757884 11
-1.281075 2.391206 -0.710622 11
-1.303531 2.520305 -0.668181 11
-1.327174 2.647339 -0.626067 12
-1.320023 2.738177 -0.602926 12
-1.362384 2.879043 -0.551776 12
-1.380403 2.991090 -0.515692 12
-1.362696 3.064539 -0.500657 12
-1.299081 3.091658 -0.511745 12
-1.204292 3.089465 -0.540012 12
-1.081917 3.063185 -0.582989 12
-1.030371 3.105460 -0.586679 12
-1.045364 3.208318 -0.554501 12
-0.918764 3.183219 -0.598661 2
-0.868218 3.227310 -0.601828 2
-0.841953 3.292333 -0.592278 2
-0.755882 3.306853 -0.614073 6
-0.460603 3.151917 -0.743390 12
-0.443129 3.227860 -0.728586 12
-0.319572 3.219800 -0.767845 12
-0.261288 3.264441 -0.773723 12
-0.110028 3.239749 -0.825874 12
-0.062525 3.294756 -0.825980 12
0.109785 3.260128 -0.887281 12
0.529707 3.055243 -1.067947 12
0.667677 3.055964 -1.109885 12
0.761694 3.089068 -1.130202 12
0.812844 3.151847 -1.129926 2
0.817665 3.244642 -1.107907 2
-0.252993 4.013505 -0.584035 13
-0.220922 4.071986 -0.579262 13
-0.261186 4.173868 -0.541334 13
-0.231319 4.232452 -0.536026 13
-0.306395 4.351142 -0.483287 13
-0.329388 4.437708 -0.454783 13
-0.280974 4.483734 -0.458607 13
-0.243269 4.535922 -0.457661 13
-0.109596 4.538310 -0.498989 13
-0.123302 4.618199 -0.475361 13
-0.181758 4.719106 -0.432676 13
-0.143522 4.771139 -0.432269 13
-0.289149 4.909792 -0.353224 13
-0.229055 4.950029 -0.362699 13
-0.144001 4.979968 -0.382596 13
0.030796 4.972470 -0.439858 13
-0.201249 5.206079 -0.311586 5
-0.272397 5.300017 -0.267178 5
-0.759415 5.552030 -0.053627 5
-1.040168 5.715067 0.073494 5
-1.765236 6.032134 0.377963 5
-1.790749 6.086727 0.398497 5
-1.734570 6.112654 0.386274 5
-1.746067 6.161726 0.400949 5
-1.670870 6.182726 0.381390 5
0.418148 5.657080 -0.408863 5
0.525723 5.694191 -0.435536 5
0.604671 5.741029 -0.450913 5
0.680681 5.789926 -0.464981 5
0.746659 5.842570 -0.475078 5
0.826347 5.892928 -0.490204 5
0.858759 5.955475 -0.487465 5
1.366946 5.988848 -0.645854 5
1.393251 6.058223 -0.639972 5
1.436054 6.124691 -0.640170 5
1.479843 6.191536 -0.640709 5
-0.737760 -1.129836 -1.746843 8
-0.689851 -1.012254 -1.725937 8
-0.840038 -0.573020 -1.562942 10
-0.974887 -0.175698 -1.415872 10
-1.001715 0.037105 -1.349029 10
-0.977505 0.164605 -1.319614 10
-0.950230 0.284144 -1.293343 10
-0.914972 0.388995 -1.273390 10
-0.872614 0.481347 -1.258908 10
-0.836270 0.580371 -1.241075 10
-0.820353 0.705420 -1.210674 10
-0.770262 0.781458 -1.203093 10
-0.688442 0.814752 -1.215943 10
-0.602610 0.843686 -1.231178 10
-0.518571 0.875897 -1.245130 10
-0.454974 0.934262 -1.246470 10
-1.293194 2.083079 -0.704276 11
-1.300147 2.202313 -0.669941 11
-1.311056 2.323164 -0.634165 11
-1.324553 2.443918 -0.597786 11
-1.372363 2.599838 -0.542515 12
-1.368570 2.695014 -0.517980 12
-1.384997 2.809783 -0.482643 12
-1.364398 2.882990 -0.468834 12
-1.395873 3.008472 -0.426588 12
-1.373436 3.076551 -0.414814 12
-1.280038 3.073858 -0.441854 12
-1.213859 3.099366 -0.453833 12
-1.098508 3.079268 -0.491826 12
-1.045549 3.119643 -0.496302 12
-0.941305 3.113835 -0.527548 12
-0.862680 3.133005 -0.545043 12
-0.817247 3.182302 -0.545281 12
-0.715483 3.183642 -0.574198 12
-0.651384 3.218458 -0.583710 12
-0.581855 3.249541 -0.595832 12
-0.453877 3.234724 -0.636719 12
-0.398502 3.279647 -0.641363 12
-0.361348 3.338953 -0.637128 12
-0.275663 3.361616 -0.656422 12
-0.217871 3.406173 -0.662115 12
-0.136209 3.434043 -0.679087 12
0.192792 3.288942 -0.812171 12
-0.213918 3.659585 -0.599902 13
0.743483 3.097141 -1.022446 12
-0.157119 3.786956 -0.585170 13
-0.256762 3.932752 -0.519700 13
-0.304846 4.042089 -0.478592 13
-0.288050 4.109047 -0.467256 13
-0.247485 4.161170 -0.466707 13
-0.264989 4.247625 -0.440539 13
-0.206984 4.289269 -0.447906 13
-0.271382 4.400278 -0.401904 13
-0.286113 4.481477 -0.378065 13
-0.336879 4.580716 -0.339135 13
-0.268967 4.615911 -0.351335 13
-0.284581 4.694579 -0.328057 13
-0.221632 4.733122 -0.338115 13
-0.239834 4.811752 -0.314211 13
-0.312131 4.914687 -0.268257 13
-0.200475 4.930795 -0.298588 13
-0.187153 4.992868 -0.288359 13
-0.166707 5.051525 -0.281167 5
-0.223432 5.142625 -0.242994 5
-0.353109 5.261694 -0.176149 5
-0.299861 5.304239 -0.182905 5
-0.713038 5.527860 -0.005418 5
-1.016197 5.700087 0.126581 5
-1.747351 6.020477 0.423631 5
-1.761033 6.071055 0.439062 5
-1.741659 6.109705 0.441581 5
-1.733598 6.152182 0.448394 5
-1.701728 6.186930 0.446082 5
-0.068238 5.729835 -0.160544 7
-0.108501 5.804387 -0.131935 7
0.005693 5.833566 -0.161229 7
0.511515 5.757330 -0.335163 5
0.699900 5.775347 -0.390116 5
0.771035 5.826667 -0.401497 5
0.896066 5.866050 -0.432313 5
1.504699 6.024515 -0.590198 5
1.534121 6.094475 -0.585154 5
1.509900 6.174324 -0.561342 5
-0.944997 -0.568903 -1.416224 10
-0.848937 -0.543580 -1.433599 10
-0.970966 -0.168448 -1.300932 10
-0.997794 0.043517 -1.236743 10
-0.965952 0.158695 -1.213766 10
-0.935914 0.273741 -1.190460 10
-0.909763 0.391685 -1.165472 10
-0.875721 0.495452 -1.146418 10
-0.814140 0.558396 -1.145512 10
-0.750161 0.617566 -1.146330 10
-0.749904 0.761954 -1.107936 10
-0.689869 0.823949 -1.107160 10
-0.603565 0.851757 -1.122428 10
-0.539666 0.908841 -1.124151 10
-1.200473 1.859884 -0.698859 2
-1.340038 2.144182 -0.587107 11
-1.361570 2.279073 -0.545995 11
-1.389023 2.417197 -0.502535 11
-1.381521 2.511857 -0.479837 11
-1.412082 2.646865 -0.436506 12
-1.371096 2.700253 -0.433673 12
-1.400873 2.828874 -0.392354 12
-1.405403 2.927714 -0.365621 12
-1.419588 3.034281 -0.334351 12
-1.399798 3.104236 -0.321787 12
-1.286265 3.080927 -0.358727 12
-1.174688 3.062267 -0.394014 12
-1.153686 3.131795 -0.382098 12
-1.007740 3.084783 -0.434163 12
-0.946455 3.118371 -0.442580 12
-0.848360 3.119884 -0.469328 12
-0.800212 3.166817 -0.470894 12
-0.746673 3.209299 -0.475145 12
-0.709158 3.265506 -0.471580 12
-0.633718 3.290504 -0.486440 12
-0.613017 3.360444 -0.474908 12
-0.564267 3.407665 -0.476933 12
-0.467726 3.418416 -0.501454 12
-0.367576 3.428232 -0.527294 12
-0.247901 3.425546 -0.561783 12
-0.207840 3.482655 -0.559228 12
0.065928 3.374988 -0.663092 12
-0.250916 3.681754 -0.498764 13
-0.287541 3.788708 -0.462559 13
-0.289605 3.870629 -0.442312 13
-0.246379 3.922157 -0.442374 13
-0.250806 4.003945 -0.421626 13
-0.243368 4.077255 -0.406374 13
-0.266071 4.167955 -0.378399 13
-0.214169 4.213105 -0.382755 13
-0.006539 4.169105 -0.453126 13
0.022957 4.229930 -0.447469 13
-0.269269 4.467203 -0.307449 13
-0.348637 4.581883 -0.257803 13
-0.337675 4.646478 -0.246096 13
-0.358718 4.726901 -0.221480 13
-0.368109 4.800251 -0.201956 13
-0.361490 4.864890 -0.189170 13
-0.385626 4.943517 -0.164257 13
-0.329064 4.983786 -0.171778 5
-0.324902 5.048237 -0.158510 5
-0.337904 5.119632 -0.138695 5
-0.358379 5.193269 -0.116242 5
-0.323729 5.243154 -0.115412 5
-0.456958 5.360383 -0.050096 5
-0.687910 5.511863 0.051643 5
-0.801025 5.613126 0.107367 5
-1.704463 5.999688 0.459971 5
-1.742335 6.059238 0.484149 5
-1.743821 6.105127 0.494495 5
-1.712959 6.139939 0.492771 5
-1.679791 6.174376 0.490232 5
-0.063509 5.720487 -0.089316 7
-0.122675 5.800660 -0.054644 7
-0.110897 5.858782 -0.045927 7
-0.078550 5.911091 -0.044658 7
0.077126 5.931016 -0.087211 7
1.548117 6.004256 -0.514994 5
1.557985 6.078222 -0.503090 5
1.589489 6.148132 -0.498613 5
-0.889366 -0.646384 -1.332749 10
-0.837161 -0.548101 -1.319907 10
-0.984316 -0.133757 -1.175596 10
-0.989965 0.043721 -1.128018 10
-0.956189 0.155452 -1.107389 10
-0.930091 0.275972 -1.082655 10
-0.914782 0.409233 -1.052016 10
-0.866239 0.491455 -1.042964 10
-0.830221 0.589867 -1.026676 10
-0.829459 0.734564 -0.989687 10
-0.759002 0.781923 -0.995369 10
-0.697222 0.840850 -0.995971 10
-0.616990 0.875787 -1.007475 10
-0.504973 0.871464 -1.037170 10
-1.377421 2.083003 -0.506018 11
-1.379772 2.196567 -0.476633 11
-1.408580 2.338639 -0.433296 11
-1.409153 2.444065 -0.406560 11
-1.368080 2.499773 -0.403182 11
-1.428017 2.667370 -0.345561 12
-1.413120 2.748496 -0.329135 12
-1.442783 2.875720 -0.289629 12
-1.424099 2.949057 -0.276261 12
-1.457873 3.074992 -0.236123 12
-1.377909 3.083447 -0.255077 12
-1.276484 3.072234 -0.284611 12
-1.189083 3.076812 -0.306607 12
-1.305434 3.275528 -0.226945 2
-1.061932 3.135071 -0.326087 12
-1.001786 3.168411 -0.333978 12
-0.936943 3.198181 -0.344056 12
-0.864574 3.222174 -0.357615 12
-0.842894 3.290420 -0.346918 12
-0.795037 3.336062 -0.348783 12
-0.689910 3.335048 -0.377381 12
-0.599172 3.347694 -0.398876 12
-0.540323 3.386979 -0.405428 12
-0.482012 3.427234 -0.411667 12
-0.391707 3.443965 -0.432265 12
-0.344637 3.494092 -0.433231 12
-0.249647 3.509868 -0.455465 12
-0.237948 3.586078 -0.440742 13
-0.294227 3.708350 -0.396637 13
-0.239859 3.753029 -0.401145 13
-0.172714 3.789737 -0.411093 13
-0.226238 3.905271 -0.369514 13
-0.202364 3.969289 -0.361312 13
-0.151046 4.015996 -0.364766 13
0.173815 3.897959 -0.482024 13
0.145685 3.996184 -0.451732 13
0.119775 4.091366 -0.422820 13
0.251844 4.095947 -0.458627 13
0.216419 4.195192 -0.426271 13
-0.370239 4.588392 -0.173411 13
-0.326796 4.635543 -0.175003 13
-0.262931 4.672615 -0.184645 13
-0.311624 4.766628 -0.149997 13
-0.336966 4.847352 -0.124937 13
-0.331005 4.911940 -0.112337 13
-0.293571 4.961502 -0.111996 5
-0.359918 5.057879 -0.072081 5
-0.357092 5.121830 -0.058908 5
-0.319784 5.170609 -0.058877 5
-0.425277 5.278613 -0.005499 5
-0.348793 5.310623 -0.020347 5
-0.682962 5.503703 0.116334 5
-0.698002 5.568018 0.134389 5
-1.699228 5.992612 0.510751 5
-1.698168 6.038373 0.520161 5
-1.740209 6.098608 0.544921 5
-1.697168 6.129289 0.539046 5
-1.704841 6.176890 0.551219 5
-1.596462 6.188017 0.522427 5
-0.119355 5.791795 0.015679 7
-0.189673 5.873485 0.052794 7
-0.095588 5.907656 0.032739 7
-0.009399 5.945587 0.015673 7
-0.006660 6.006356 0.027276 7
1.635773 6.051568 -0.438732 5
1.638013 6.127436 -0.424410 5
1.722916 6.188774 -0.436991 5
-0.892915 -0.625028 -1.208887 10
-0.872696 -0.475617 -1.176258 10
-0.976112 -0.133613 -1.065858 10
-0.982165 0.043885 -1.020056 10
-0.959587 0.172193 -0.993505 10
-0.946107 0.310676 -0.962296 10
-0.907633 0.408911 -0.947225 10
-0.854617 0.484348 -0.941421 10
-0.803229 0.561017 -0.934988 10
-0.826012 0.738054 -0.885686 10
-0.743117 0.768342 -0.898564 10
-0.686890 0.834478 -0.896133 10
-0.689788 0.975946 -0.860692 10
-0.609448 1.009096 -0.872451 10
-1.391089 2.104606 -0.410760 11
-1.411740 2.239465 -0.372732 11
-1.405290 2.338645 -0.350206 11
-1.430020 2.471721 -0.311711 11
-1.452967 2.599208 -0.275074 12
-1.448679 2.693083 -0.253463 12
-1.444487 2.785068 -0.232340 12
-1.434252 2.868690 -0.214810 12
-1.435597 2.962845 -0.191875 12
-1.456480 3.075018 -0.159721 12
-1.377440 3.084162 -0.177647 12
-1.383201 3.178133 -0.153794 2
-1.404499 3.285111 -0.122932 2
-1.304578 3.275099 -0.150904 2
-1.220823 3.282249 -0.170720 2
-1.103369 3.260395 -0.206099 2
-0.924549 3.186781 -0.269528 12
-0.847390 3.206572 -0.284831 12
-0.803322 3.255784 -0.284738 12
-0.781188 3.323356 -0.274725 12
-0.729173 3.365781 -0.278389 12
-0.680386 3.411136 -0.280587 12
-0.643273 3.465895 -0.277618 12
-0.483262 3.426059 -0.328680 12
-0.381081 3.433579 -0.353746 12
-0.344025 3.491018 -0.350315 12
-0.292557 3.537942 -0.353139 12
-0.298633 3.625835 -0.331508 13
-0.302017 3.710479 -0.311385 13
-0.300037 3.790235 -0.293846 13
-0.204213 3.806861 -0.315502 13
-0.125637 3.836334 -0.329741 3
0.109618 3.767865 -0.407706 13
0.053717 3.885077 -0.366591 3
0.288415 3.823976 -0.442876 13
0.209548 3.953602 -0.392981 13
0.222625 4.026994 -0.380229 13
0.316070 4.054451 -0.399239 13
0.348003 4.117322 -0.393988 13
-0.373644 4.585194 -0.097193 13
-0.340658 4.637603 -0.094631 13
-0.345762 4.709589 -0.077578 13
-0.342919 4.776740 -0.063774 13
-0.338986 4.842717 -0.050570 13
-0.312021 4.897182 -0.046142 13
-0.314166 4.965085 -0.030979 5
-0.333246 5.039902 -0.009787 5
-0.311247 5.095656 -0.003887 5
-0.359549 5.181254 0.027455 5
-0.313200 5.225957 0.024272 5
-0.346207 5.303094 0.049550 5
-0.389304 5.382856 0.078088 5
-0.351287 5.430367 0.077624 5
-0.606151 5.585859 0.179882 5
-1.736400 6.046768 0.585660 5
-1.713181 6.084042 0.586995 5
-1.719295 6.131284 0.598411 5
-1.713238 6.174138 0.605541 5
-1.639658 6.195781 0.589701 5
-0.123030 5.785074 0.087971 7
-0.082191 5.834516 0.086732 7
-0.088914 5.897713 0.101356 7
-0.007126 5.936659 0.086587 7
0.040006 5.985911 0.083420 7
1.703499 6.026701 -0.369878 5
1.684480 6.107039 -0.348960 5
1.710084 6.178891 -0.342159 5
-0.859529 -0.665302 -1.109794 10
-0.887628 -0.436998 -1.048394 10
-0.966810 -0.135302 -0.957546 10
-0.982378 0.056430 -0.907977 10
-0.980705 0.215765 -0.870262 10
-0.935514 0.305599 -0.859429 10
-0.912671 0.426274 -0.836046 10
-0.904086 0.564281 -0.805236 10
-0.854650 0.641591 -0.798576 10
-0.806966 0.720172 -0.791262 10
-0.871734 0.948001 -0.721934 10
-0.814667 1.008942 -0.721148 10
-0.888846 1.237795 -0.649454 10
-1.409345 2.020002 -0.340634 11
-1.433970 2.162085 -0.301347 11
-1.443453 2.281955 -0.270964 11
-1.439007 2.382323 -0.248556 11
-1.457690 2.507187 -0.214883 11
-1.430452 2.576753 -0.205279 12
-1.427246 2.671993 -0.183913 12
-1.445634 2.788695 -0.152357 12
-1.439642 2.876498 -0.133490 12
-1.463445 2.993695 -0.100591 12
-1.460025 3.080090 -0.081513 12
-1.429704 3.137791 -0.075690 2
-1.421703 3.216895 -0.059505 2
-1.414296 3.295177 -0.043408 2
-1.338218 3.307245 -0.059459 2
-1.304077 3.359421 -0.056024 6
-1.245456 3.389116 -0.063823 6
-0.917661 3.180275 -0.192722 12
-0.828724 3.189679 -0.212757 12
-0.811256 3.261660 -0.200869 12
-0.777219 3.318909 -0.196491 12
-0.755468 3.385933 -0.186886 12
-0.690081 3.417297 -0.196276 12
-0.583936 3.417455 -0.222940 12
-0.576580 3.495708 -0.207349 12
-0.410922 3.453674 -0.258512 12
-0.357966 3.498694 -0.261920 13
-0.396571 3.610189 -0.227481 13
-0.340110 3.652108 -0.232561 13
-0.366934 3.752146 -0.203737 3
-0.418608 3.867055 -0.165373 3
-0.373666 3.915385 -0.166259 3
-0.291268 3.939699 -0.181997 3
-0.047609 3.863198 -0.260964 3
-0.022404 3.927829 -0.253400 7
0.022371 3.980293 -0.253538 7
-0.015659 4.159711 -0.205118 7
-0.041467 4.251081 -0.178875 7
-0.064107 4.339126 -0.154210 7
-0.387821 4.587838 -0.017554 13
-0.382666 4.654515 -0.004719 13
-0.333866 4.698190 -0.008109 13
-0.363731 4.781708 0.017278 13
-0.351976 4.843473 0.027229 13
-0.350213 4.909591 0.040649 13
-0.282195 4.944418 0.030226 5
-0.394372 5.061480 0.083883 5
-0.326407 5.096181 0.073360 5
-0.341373 5.167303 0.092009 5
-0.288458 5.209322 0.086848 5
-0.301173 5.278484 0.104416 5
-0.344213 5.358681 0.132154 5
-0.500111 5.480258 0.197924 5
-0.483052 5.534002 0.204398 5
-1.715186 6.034052 0.629904 5
-1.685726 6.069290 0.629286 5
-1.731014 6.129885 0.653439 5
-1.677633 6.157194 0.644859 5
-1.646545 6.192340 0.643698 5
-0.096343 5.769246 0.149874 7
-0.023978 5.809635 0.138786 7
-0.098514 5.892362 0.174901 7
1.699315 6.015794 -0.278105 5
1.696239 6.093016 -0.262473 5
1.744571 6.160817 -0.262378 5
-0.846177 -0.672250 -0.998081 10
-0.947472 -0.325690 -0.895491 10
-0.979240 -0.102565 -0.837051 10
-0.979095 0.063432 -0.799012 10
-0.964000 0.201676 -0.770784 10
-0.960839 0.353853 -0.736705 10
-0.887922 0.400200 -0.742781 10
-0.851448 0.498584 -0.728702 10
-0.856465 0.652776 -0.692451 10
-0.811706 0.734733 -0.684118 10
-0.880482 0.967068 -0.615549 10
-0.803227 1.000859 -0.625737 10
-0.845476 1.188458 -0.573530 10
-1.457435 2.085456 -0.229065 11
-1.434738 2.167658 -0.215811 11
-1.449515 2.293455 -0.184064 11
-1.479569 2.433986 -0.145484 11
-1.468418 2.522992 -0.128135 11
-1.466419 2.620554 -0.106767 12
-1.440903 2.689860 -0.097274 12
-1.448699 2.794389 -0.072131 12
-1.453292 2.893090 -0.049080 12
-1.433960 2.964615 -0.037754 12
-1.450564 3.071833 -0.010053 12
-1.443814 3.153101 0.006332 2
-1.451592 3.247165 0.028955 2
-1.416796 3.298204 0.031928 2
-1.358006 3.326301 0.024098 6
-1.334506 3.387702 0.031968 6
-1.284717 3.424598 0.028144 6
-1.201898 3.432468 0.010024 6
-0.831648 3.191586 -0.131380 12
-0.789556 3.242264 -0.130466 12
-0.762738 3.305681 -0.123146 12
-0.658532 3.305203 -0.148382 12
-0.642571 3.377592 -0.136581 12
-0.605469 3.432522 -0.133704 12
-0.534130 3.460977 -0.144865 12
-0.488744 3.509968 -0.145355 12
-0.533888 3.625914 -0.109530 13
-0.449237 3.645471 -0.125956 13
-0.466719 3.738649 -0.101814 3
-0.472519 3.822058 -0.082645 3
-0.442976 3.880241 -0.077515 3
-0.346712 3.893995 -0.098172 3
-0.223414 3.891951 -0.128837 3
-0.079674 3.879422 -0.166771 3
-0.087658 3.963986 -0.147026 7
-0.021797 4.002556 -0.155150 7
-0.111860 4.134342 -0.105377 7
-0.070371 4.186574 -0.104717 7
-0.159805 4.313064 -0.056285 7
-0.426537 4.534257 0.055638 13
-0.419122 4.599776 0.067368 13
-0.393484 4.655120 0.072440 13
-0.315255 4.683352 0.058830 13
-0.326464 4.757650 0.076881 13
-0.308347 4.816627 0.084456 13
-0.355734 4.906558 0.114638 13
-0.340164 4.965450 0.122756 5
-0.350109 5.035610 0.139496 5
-0.403647 5.124085 0.170807 5
-0.344499 5.162466 0.163766 5
-0.298722 5.207235 0.161325 5
-0.348321 5.291089 0.190608 5
-0.237545 5.310248 0.166655 5
-0.366266 5.422764 0.221459 5
-0.428983 5.507414 0.254087 5
-1.720586 6.030857 0.682961 5
-1.668269 6.057974 0.675162 5
-1.712927 6.118527 0.698372 5
-1.696116 6.157775 0.701860 5
-1.619687 6.178349 0.686613 5
-0.003463 5.733318 0.191369 7
0.011186 5.791379 0.198997 7
1.728036 5.998465 -0.196565 5
1.672458 6.085685 -0.165944 5
1.700587 6.156605 -0.159728 5
-0.812779 -0.712491 -0.898572 10
-0.920219 -0.356015 -0.796672 10
-0.978278 -0.091243 -0.725799 10
-0.987394 0.088291 -0.684434 10
-0.966553 0.216772 -0.660901 10
-0.900621 0.274947 -0.662752 10
-0.883196 0.403222 -0.638597 10
-0.840135 0.491755 -0.628841 10
-0.787380 0.565202 -0.624568 10
-0.809152 0.739268 -0.581858 10
-0.826251 0.902006 -0.542693 10
-0.833935 1.047831 -0.509343 10
-0.819659 1.161648 -0.487885 10
-1.460225 2.093956 -0.142560 11
-1.455776 2.198091 -0.121067 11
-1.435976 2.281322 -0.107572 11
-1.468121 2.424224 -0.069550 11
-1.478613 2.538139 -0.042686 11
-1.456540 2.612378 -0.031740 12
-1.454609 2.707743 -0.011734 12
-1.460547 2.809611 0.011417 12
-1.456754 2.898798 0.029613 12
-1.463164 2.996833 0.051988 12
-1.473197 3.096418 0.075488 12
-1.452581 3.163036 0.084945 2
-1.439935 3.236575 0.097664 2
-1.414783 3.296879 0.104682 2
-1.301752 3.273550 0.073808 6
-1.277103 3.334703 0.081060 6
-1.266988 3.408400 0.094270 6
-1.185971 3.417955 0.077608 6
-0.897168 3.248008 -0.024760 12
-0.950084 3.378361 0.014808 12
-0.774289 3.314219 -0.039312 12
-0.680088 3.321485 -0.059630 12
-0.662692 3.392137 -0.048933 12
-0.624301 3.445493 -0.046750 12
-0.493901 3.427936 -0.080747 12
-0.438668 3.469917 -0.084914 12
-0.524165 3.616257 -0.034674 13
-0.486935 3.670006 -0.032271 13
-0.537011 3.785493 0.003254 3
-0.487382 3.829270 0.000635 3
-0.427130 3.866217 -0.005909 1
-0.421744 3.940247 0.007997 4
-0.346256 3.967892 -0.004096 4
-0.110356 3.894840 -0.074525 7
-0.063796 3.944946 -0.075292 7
-0.115440 4.054947 -0.040754 7
-0.163435 4.160400 -0.008034 7
-0.119731 4.210455 -0.008237 7
-0.131177 4.292025 0.010944 7
-0.124007 4.362121 0.023369 7
-0.384500 4.576184 0.128185 13
-0.336447 4.619987 0.125564 13
-0.340683 4.691177 0.140821 13
-0.341228 4.759675 0.154631 13
-0.331802 4.822571 0.164920 13
-0.363136 4.904468 0.188669 13
-0.330352 4.955120 0.190897 13
-0.305626 5.009580 0.195772 5
-0.325514 5.083685 0.215156 5
-0.341190 5.154911 0.232935 5
-0.325447 5.212079 0.240402 5
-0.336443 5.279902 0.256333 5
-0.147767 5.268254 0.208824 5
-0.261307 5.376032 0.257094 5
-0.275294 5.443754 0.273634 5
-1.683310 6.012349 0.722346 5
-1.664652 6.051469 0.725437 5
-1.692363 6.106317 0.742703 5
-1.664513 6.142085 0.742892 5
-1.606097 6.168505 0.733898 5
-1.502683 6.182187 0.711591 5
1.686514 6.071346 -0.080997 5
1.708380 6.143347 -0.072915 5
-0.811487 -0.699548 -0.780603 10
-0.926510 -0.332044 -0.679107 10
-0.978376 -0.078354 -0.614939 10
-0.978295 0.086073 -0.580566 10
-0.943260 0.192614 -0.565796 10
-0.927504 0.325288 -0.541478 10
-0.900366 0.437934 -0.523810 10
-0.854719 0.521660 -0.516175 10
-0.836904 0.642669 -0.494830 10
-0.827857 0.772682 -0.469757 10
-0.849094 0.939780 -0.430486 10
-1.417088 1.815878 -0.126100 2
-1.421257 1.937164 -0.100076 2
-1.455242 2.092673 -0.060539 11
-1.463964 2.212672 -0.033849 11
-1.451787 2.304473 -0.017546 11
-1.450139 2.406754 0.003181 11
-1.460209 2.520225 0.028739 11
-1.456585 2.615421 0.047525 12
-1.471144 2.728728 0.073977 12
-1.465349 2.817146 0.090847 12
-1.465934 2.910579 0.110116 12
-1.462207 2.997532 0.127089 12
-1.435283 3.059031 0.133743 12
-1.439674 3.151225 0.153521 2
-1.398857 3.197065 0.153877 2
-1.400278 3.283515 0.171783 2
-1.340095 3.310119 0.163908 2
-1.217169 3.279364 0.130505 6
-1.223281 3.368643 0.149950 6
-0.940544 3.199470 0.053095 12
-0.873719 3.226962 0.043833 12
-0.832236 3.276935 0.044707 12
-0.756647 3.298357 0.032224 12
-0.736768 3.366568 0.041524 12
-0.661881 3.389901 0.029531 12
-0.632618 3.450221 0.035105 12
-0.530840 3.454316 0.013205 12
-0.447578 3.474334 -0.001399 12
-0.465537 3.570478 0.021815 4
-0.489900 3.669470 0.047003 4
-0.536875 3.782553 0.080040 3
-0.518645 3.847889 0.088932 3
-0.433755 3.867441 0.073744 3
-0.329015 3.875224 0.051737 3
-0.227285 3.886927 0.031158 3
-0.219120 3.959949 0.043734 3
-0.129098 3.981314 0.027648 7
-0.132602 4.061028 0.044123 7
-0.123939 4.132460 0.056197 7
-0.096356 4.192212 0.061678 7
-0.186892 4.318819 0.106946 7
-0.123948 4.357112 0.100175 7
-0.287740 4.518927 0.168863 13
-0.342072 4.617887 0.200457 13
-0.295169 4.662501 0.198481 13
-0.365812 4.766701 0.234749 13
-0.303247 4.803077 0.227570 13
-0.263149 4.851062 0.227723 13
-0.297701 4.934158 0.251626 13
-0.321944 5.011092 0.271970 5
-0.267268 5.051939 0.267356 5
-0.285260 5.124747 0.285435 5
-0.297459 5.194126 0.301511 5
-0.254744 5.240322 0.300582 5
-0.211592 5.286791 0.299584 5
-0.273368 5.373991 0.330327 5
-0.219540 5.416223 0.326033 5
-1.630996 5.988344 0.757904 5
-1.699351 6.058392 0.786837 5
-1.658421 6.089550 0.783339 5
-1.656631 6.134117 0.791335 5
-1.630191 6.170596 0.792133 5
-1.562409 6.194697 0.781092 5
-1.431175 6.201237 0.752160 5
0.604865 5.668484 0.184335 5
1.652772 6.066133 0.016506 5
1.723919 6.128731 0.011559 5
1.822264 6.187829 -0.000337 5
-0.819927 -0.856762 -0.695577 10
-0.816517 -0.676294 -0.660261 10
-0.937288 -0.300986 -0.560484 10
-0.986044 -0.053622 -0.501112 10
-0.977197 0.096163 -0.473112 10
-0.973557 0.249501 -0.443351 10
-0.921701 0.327056 -0.438679 10
-0.906406 0.456377 -0.416158 10
-0.876900 0.562206 -0.401278 10
-0.900828 0.739887 -0.361054 10
-0.911356 0.894059 -0.328303 10
-0.939425 1.067286 -0.288146 10
-1.431167 1.840137 -0.032609 2
-1.442340 1.969515 -0.004696 2
-1.455652 2.098113 0.023490 11
-1.447852 2.197406 0.041455 11
-1.460856 2.319465 0.068249 11
-1.471687 2.435829 0.093446 11
-1.461836 2.525426 0.109013 11
-1.470120 2.633695 0.132046 12
-1.446591 2.704137 0.140936 12
-1.460101 2.813743 0.165294 12
-1.436879 2.881631 0.173712 12
-1.465729 3.002892 0.203555 12
-1.460626 3.086358 0.218812 12
-1.350909 3.063362 0.191124 12
-1.350196 3.150115 0.207919 2
-1.350670 3.236341 0.224844 2
-1.327621 3.298706 0.232115 2
-1.241267 3.301784 0.214394 2
-0.992017 3.158785 0.133652 12
-0.954650 3.211634 0.135980 12
-0.885732 3.236805 0.126206 12
-0.788820 3.239011 0.106002 12
-0.740672 3.283888 0.104435 12
-0.705262 3.339411 0.107626 12
-0.717328 3.432853 0.128260 12
-0.644547 3.457809 0.117532 12
-0.528911 3.450785 0.091457 12
-0.487188 3.501946 0.092385 12
-0.530941 3.616347 0.123762 13
-0.470133 3.652498 0.117680 13
-0.440220 3.711222 0.122537 3
-0.442079 3.791746 0.138373 3
-0.453501 3.877604 0.157266 3
-0.379926 3.905571 0.146803 3
-0.240471 3.891770 0.114175 3
-0.122541 3.894593 0.089333 7
-0.096945 3.957161 0.095744 7
-0.065758 4.016043 0.100229 7
-0.157919 4.148194 0.145224 7
-0.076752 4.176150 0.133015 7
-0.126885 4.279980 0.163528 7
-0.062816 4.318231 0.156927 7
-0.242941 4.489692 0.228299 13
-0.279594 4.579778 0.253244 13
-0.347358 4.684241 0.287617 13
-0.270407 4.713324 0.276429 13
-0.255555 4.774148 0.284653 13
-0.277043 4.852068 0.303953 13
-0.237055 4.900080 0.304286 13
-0.226931 4.962005 0.313692 5
-0.210153 5.020599 0.321012 5
-0.186516 5.076025 0.326233 5
-0.162423 5.131229 0.331297 5
-0.159064 5.194882 0.342429 5
-0.151721 5.256481 0.352295 5
-0.099655 5.300496 0.349139 5
-0.156738 5.385959 0.377434 5
-0.251143 5.483159 0.416022 5
-1.627128 6.027879 0.816837 5
-1.658065 6.084147 0.833984 5
-1.657086 6.128901 0.842029 5
-1.609992 6.158687 0.837237 5
-1.571138 6.191725 0.834832 5
-1.402447 6.186802 0.797074 5
0.495697 5.690864 0.291253 5
0.684096 5.705569 0.252759 5
1.727344 6.040281 0.085252 5
1.709446 6.119586 0.103510 5
1.794948 6.180449 0.095750 5
-0.721447 -1.006993 -0.628221 10
-0.812271 -0.668492 -0.545937 10
-0.940369 -0.282514 -0.447225 10
-0.965955 -0.072807 -0.402408 10
-0.969014 0.095227 -0.370001 10
-0.956428 0.234556 -0.346173 10
-0.924807 0.341930 -0.332216 10
-0.934467 0.506569 -0.299172 10
-0.925984 0.640695 -0.275547 10
-0.911112 0.762441 -0.255556 10
-0.949495 0.953517 -0.211793 10
-0.948590 1.086522 -0.186897 10
-1.449392 1.869714 0.061515 2
-1.471897 2.012589 0.092959 2
-1.460208 2.108699 0.108695 11
-1.460143 2.216938 0.129047 11
-1.443830 2.303079 0.141952 11
-1.447129 2.410596 0.162824 11
-1.470128 2.538287 0.191455 11
-1.435537 2.597556 0.195586 12
-1.439100 2.698458 0.215237 12
-1.436641 2.790559 0.232008 12
-1.441119 2.888128 0.251197 12
-1.440311 2.978052 0.267874 12
-1.442904 3.069627 0.285538 12
-1.375850 3.089502 0.275647 12
-1.305985 3.107551 0.264834 2
-1.255353 3.145156 0.261572 2
-1.249789 3.225594 0.275457 2
-1.038708 3.114477 0.211791 12
-1.003591 3.169157 0.214839 12
-0.911100 3.172550 0.196637 12
-0.875741 3.227485 0.199662 12
-0.793647 3.242267 0.185677 12
-0.705715 3.253536 0.169838 12
-0.701957 3.335366 0.184277 12
-0.669393 3.392796 0.188292 12
-0.608230 3.427441 0.182227 12
-0.561224 3.473666 0.181191 12
-0.484005 3.497287 0.169779 12
-0.383867 3.505121 0.150743 12
-0.388211 3.590497 0.167429 13
-0.412052 3.688381 0.190409 3
-0.378698 3.744688 0.193980 3
-0.394380 3.834200 0.213720 3
-0.368465 3.894509 0.219532 3
-0.223764 3.877191 0.186654 3
-0.126330 3.893049 0.169578 7
-0.055841 3.927406 0.161429 7
-0.178569 4.080438 0.214786 7
-0.052734 4.081107 0.189050 7
0.006149 4.123224 0.184678 7
-0.037215 4.224186 0.212124 7
0.003544 4.276363 0.213304 7
-0.232246 4.478924 0.298949 13
-0.281658 4.575803 0.326859 13
-0.313825 4.661742 0.349205 13
-0.279314 4.712470 0.351365 13
-0.204336 4.743416 0.341560 13
-0.245272 4.831197 0.366020 13
-0.233643 4.892703 0.374835 13
-0.151477 4.921668 0.363156 13
-0.117789 4.973506 0.365637 13
0.015878 4.982294 0.339634 5
0.009162 5.052680 0.353811 5
-0.026317 5.134089 0.375923 5
0.059125 5.166036 0.364058 5
0.036306 5.241197 0.382399 5
-0.113221 5.362805 0.435346 5
-0.158608 5.442672 0.459187 5
-1.628261 6.023066 0.868223 5
-1.655094 6.077877 0.883678 5
-1.630374 6.114736 0.885212 5
-1.648439 6.165491 0.898105 5
-1.586830 6.190955 0.889931 5
0.392419 5.646160 0.381795 5
0.458950 5.692789 0.376393 5
0.617778 5.714900 0.347443 5
0.684775 5.832046 0.354572 5
1.667703 6.040241 0.187823 5
1.692305 6.111033 0.195331 5
1.742115 6.177639 0.196847 5
-0.780646 -0.891388 -0.479074 10
-0.805213 -0.665418 -0.433777 10
-0.923113 -0.296902 -0.344848 10
-0.965305 -0.061387 -0.294437 10
-0.958772 0.091065 -0.268363 10
-0.949406 0.234837 -0.244399 10
-0.946525 0.384172 -0.218186 10
-0.938684 0.522133 -0.194978 10
-0.944997 0.676408 -0.166107 10
-0.964198 0.844176 -0.132324 10
-0.969122 0.987689 -0.105660 10
-0.956860 1.104489 -0.087119 10
-1.395465 1.805298 0.123478 2
-1.403895 1.931160 0.147649 2
-1.448191 2.098537 0.186209 11
-1.449032 2.207766 0.205922 11
-1.461058 2.327790 0.229734 11
-1.448481 2.415841 0.243044 11
-1.449085 2.517310 0.261311 11
-1.428673 2.592747 0.270835 12
-1.428917 2.689789 0.288234 12
-1.423897 2.779012 0.303207 12
-1.422261 2.870037 0.319157 12
-1.414352 2.952657 0.332382 12
-1.415836 3.043345 0.348871 12
-1.375656 3.090436 0.349465 12
-1.273806 3.076817 0.327213 12
-1.183036 3.076142 0.309425 12
-1.148558 3.130406 0.312398 12
-1.043014 3.118586 0.289738 12
-0.941969 3.113144 0.269089 12
-0.928421 3.187577 0.279726 12
-0.891950 3.240996 0.282147 12
-0.843616 3.284083 0.280410 12
-0.756951 3.295314 0.265521 12
-0.654046 3.294744 0.245360 12
-0.634833 3.363469 0.253858 12
-0.582600 3.405476 0.251154 12
-0.490798 3.417328 0.235360 12
-0.473328 3.486974 0.244351 12
-0.334427 3.466037 0.213525 12
-0.296291 3.521182 0.215896 13
-0.321638 3.621341 0.238660 13
-0.365902 3.732731 0.267111 3
-0.328420 3.786088 0.269281 3
-0.284276 3.835019 0.269359 3
-0.228028 3.876275 0.265706 3
-0.064332 3.849585 0.228990 3
-0.014605 3.897531 0.227792 3
0.159173 3.870175 0.188981 7
0.247181 3.897721 0.176673 3
0.433402 3.869388 0.135250 3
-0.241084 4.478785 0.375206 13
-0.240318 4.548804 0.387470 13
-0.240777 4.618717 0.399951 13
-0.190188 4.662055 0.397735 13
-0.221242 4.746237 0.418722 13
-0.126988 4.768645 0.404249 13
-0.197143 4.869821 0.435889 13
-0.203129 4.939317 0.449361 13
-0.112982 4.965234 0.436303 13
0.047143 4.962336 0.404447 13
0.300233 4.923370 0.348010 13
0.216884 5.096298 0.394897 5
0.246715 5.152766 0.399032 5
-1.592764 6.005324 0.909872 5
-1.637713 6.066687 0.929507 5
-1.624908 6.107575 0.934212 5
-1.608061 6.147132 0.937888 5
-1.559934 6.177051 0.933732 5
-1.460950 6.192489 0.917055 5
-1.303690 6.192937 0.886313 5
0.529006 5.730700 0.445670 5
0.639438 5.767436 0.430492 5
0.686801 5.822313 0.430869 5
0.764371 5.870359 0.424118 5
1.685701 6.025286 0.270699 5
1.701275 6.097757 0.280376 5
1.714389 6.170658 0.290607 5
-0.826961 -0.797931 -0.339802 10
-0.813942 -0.636492 -0.314889 10
-0.947593 -0.244250 -0.223403 10
-0.961434 -0.055125 -0.188761 10
-0.967351 0.115807 -0.158679 10
-0.945691 0.240042 -0.141669 10
-0.945128 0.392187 -0.115976 10
-0.951979 0.550706 -0.087811 10
-0.962682 0.710111 -0.058770 10
-0.968034 0.857547 -0.032756 10
-0.951087 0.970719 -0.016719 10
-0.954534 1.108321 0.007280 10
-0.979097 1.269771 0.039275 10
-1.323493 1.834065 0.199394 2
-1.428408 2.078675 0.260520 11
-1.432413 2.191850 0.280491 11
-1.422925 2.286081 0.294730 11
-1.410034 2.374304 0.307317 11
-1.461080 2.534387 0.344046 11
-1.415639 2.580966 0.343491 12
-1.415247 2.677258 0.359792 12
-1.407622 2.763634 0.373061 12
-1.396484 2.844597 0.384758 12
-1.424593 2.965004 0.410482 12
-1.378098 3.006169 0.408827 12
-1.348852 3.064707 0.413346 12
-1.300692 3.104096 0.411086 12
-1.201183 3.094239 0.390883 12
-1.111932 3.096209 0.374608 12
-1.050128 3.125293 0.368064 12
-0.904214 3.078776 0.332991 12
-0.901945 3.163670 0.347040 12
-0.855451 3.208581 0.346052 12
-0.808499 3.253242 0.344939 12
-0.709336 3.254366 0.326697 12
-0.676846 3.312117 0.330513 12
-0.575652 3.314334 0.312087 12
-0.633853 3.444066 0.345048 12
-0.524917 3.441636 0.324398 12
-0.408670 3.435850 0.301820 12
-0.383082 3.499575 0.307956 12
-0.334717 3.546341 0.306969 12
-0.264978 3.578197 0.299469 13
-0.261733 3.657220 0.312379 13
-0.257753 3.734710 0.324893 13
-0.187509 3.767057 0.317394 3
-0.156155 3.825718 0.321616 3
-0.070430 3.849522 0.309792 3
-0.018550 3.895832 0.308100 3
0.162212 3.863857 0.269109 3
0.244482 3.894633 0.259130 3
-0.246754 4.261535 0.413050 13
-0.257177 4.340117 0.428450 13
-0.226241 4.394528 0.432047 13
-0.230243 4.467966 0.445382 13
-0.173916 4.508419 0.441888 13
-0.222514 4.604038 0.467296 13
-0.197015 4.660139 0.472203 13
-0.139963 4.700555 0.468578 13
-0.058908 4.730097 0.458645 13
-0.027113 4.784095 0.462035 13
-0.013238 4.846406 0.470174 13
-0.050704 4.931325 0.491705 13
0.046412 4.956244 0.478018 13
-1.597762 6.001891 0.962124 5
-1.610546 6.052110 0.973143 5
-1.616860 6.099566 0.982491 5
-1.583770 6.133874 0.982291 5
-1.575799 6.176413 0.988156 5
-1.447715 6.182720 0.965572 5
-1.379492 6.208829 0.957471 5
0.557134 5.714127 0.514192 5
0.660537 5.752776 0.501761 5
0.659675 5.820146 0.513560 5
0.771850 5.859098 0.499569 5
0.814715 5.916484 0.501571 5
0.909520 5.962598 0.492034 5
1.630732 6.024679 0.369574 5
1.616761 6.101946 0.385533 5
1.675003 6.165874 0.385850 5
-0.851226 -0.741859 -0.213533 10
-0.792987 -0.656403 -0.210450 10
-0.938103 -0.246320 -0.118765 10
-0.955724 -0.051825 -0.084530 10
-0.942222 0.088658 -0.064529 10
-0.972590 0.291199 -0.026677 10
-0.972439 0.442372 -0.002529 10
-0.941909 0.545500 0.008470 10
-0.970052 0.729136 0.042938 10
-0.958915 0.852949 0.060768 10
-0.941464 0.965137 0.075613 10
-0.966309 1.130807 0.106649 10
-0.952262 1.241227 0.121849 10
-0.952985 1.367944 0.142328 10
-1.426643 2.081295 0.341881 11
-1.415530 2.175617 0.355056 11
-1.409714 2.274268 0.369888 11
-1.414220 2.382858 0.388177 11
-1.388895 2.454557 0.395201 11
-1.399544 2.565730 0.415027 12
-1.389668 2.651559 0.427110 12
-1.374092 2.729555 0.436923 12
-1.362644 2.810597 0.447974 12
-1.396813 2.937717 0.474613 12
-1.377113 3.006552 0.482241 12
-1.358462 3.075453 0.490077 12
-1.279140 3.083800 0.477324 12
-1.188528 3.082676 0.461039 12
-1.165970 3.147579 0.467563 12
-1.017691 3.095404 0.432775 12
-0.979733 3.147149 0.434450 12
-0.933671 3.191510 0.433499 12
-0.850008 3.203227 0.420585 12
-0.785790 3.232995 0.414063 12
-0.726052 3.267272 0.409080 12
-0.643661 3.283563 0.397168 12
-0.637272 3.362328 0.408896 12
-0.600179 3.415770 0.411075 12
-0.511559 3.429319 0.397647 12
-0.421526 3.443324 0.384055 12
-0.404236 3.512789 0.392381 12
-0.316991 3.530793 0.379957 13
-0.280869 3.586585 0.382746 13
-0.332599 3.703452 0.411036 13
-0.289011 3.752730 0.411463 13
-0.285928 3.829215 0.423496 13
-0.115242 3.795300 0.387917 13
-0.212238 3.936205 0.428162 13
-0.251266 4.037182 0.451658 13
-0.265597 4.121035 0.468007 13
-0.223884 4.170067 0.468786 13
-0.208937 4.234975 0.476892 13
-0.301820 4.361047 0.514020 13
-0.303293 4.432807 0.526157 13
-0.221392 4.458236 0.516032 13
-0.220186 4.527987 0.527388 13
-0.111855 4.541267 0.510643 13
-0.077599 4.594139 0.513437 13
0.015358 4.618042 0.501166 13
0.088541 4.653071 0.494211 13
0.123649 4.707124 0.497084 13
0.180040 4.821922 0.506390 13
-1.559779 6.029340 1.011747 5
-1.575306 6.080357 1.023038 5
-1.570745 6.124220 1.029639 5
-1.544043 6.160952 1.031196 5
-1.509235 6.195512 1.030985 5
-1.431853 6.218124 1.021368 5
-1.233737 6.208198 0.985291 5
0.747323 5.720343 0.558803 5
0.801508 5.774202 0.558529 5
0.763047 5.851916 0.578387 5
0.792679 5.912191 0.583484 5
0.887175 5.957889 0.574865 5
1.013636 5.998201 0.559798 5
1.436541 6.051884 0.495645 5
1.472517 6.117682 0.500639 5
1.632968 6.161733 0.480365 5
-0.831357 -0.759910 -0.108055 10
-0.823094 -0.592729 -0.084494 10
-0.963387 -0.192758 -0.000111 10
-0.988631 0.011914 0.034965 10
-0.964609 0.134400 0.049155 10
-0.967017 0.293425 0.073453 10
-0.960183 0.434239 0.093432 10
-0.965783 0.589100 0.117705 10
-0.952082 0.712375 0.133900 10
-0.959089 0.861153 0.157545 10
-0.966026 1.005743 0.180569 10
-0.947262 1.112398 0.193446 10
-0.968295 1.268332 0.220660 10
-0.923417 1.336150 0.223204 10
-1.381236 2.029512 0.407041 11
-1.379584 2.136112 0.422937 11
-1.397592 2.263757 0.445422 11
-1.400657 2.370560 0.462194 11
-1.364520 2.429795 0.465033 11
-1.375088 2.541074 0.483807 11
-1.361029 2.622492 0.493837 12
-1.376467 2.734401 0.513574 12
-1.375520 2.826245 0.527468 12
-1.336684 2.876749 0.528601 12
-1.367584 2.998203 0.552482 12
-1.324308 3.042370 0.551923 12
-1.270837 3.076514 0.548111 12
-1.190055 3.084764 0.535704 12
-1.032765 3.022243 0.499463 12
-0.996027 3.075485 0.501477 12
-0.999621 3.165066 0.515931 12
-0.946416 3.202480 0.512754 12
-0.796417 3.155904 0.480278 12
-0.741830 3.194586 0.477100 12
-0.708756 3.251704 0.480419 12
-0.639106 3.278501 0.472898 12
-0.517814 3.264678 0.450406 12
-0.494494 3.330684 0.456800 12
-0.444127 3.375225 0.455332 12
-0.416745 3.437469 0.460494 12
-0.364965 3.481225 0.458702 12
-0.297433 3.513908 0.452564 13
-0.228031 3.546108 0.446055 13
-0.234947 3.632375 0.460781 13
-0.310467 3.764117 0.494105 13
-0.256159 3.805907 0.491673 13
-0.221466 3.861023 0.494622 13
-0.197096 3.922702 0.500340 13
-0.240280 4.026352 0.523926 13
-0.206895 4.080990 0.527069 13
-0.204627 4.154244 0.538338 13
-0.236032 4.246384 0.558198 13
-0.226292 4.313285 0.567255 13
-0.236270 4.390640 0.581253 13
-0.220057 4.452620 0.588490 13
-0.072938 4.444346 0.562921 13
-0.085937 4.522488 0.577594 13
0.026555 4.535699 0.561207 13
0.131741 4.554584 0.546951 13
-1.549794 6.020593 1.060345 5
-1.565900 6.071851 1.071397 5
-1.545892 6.110712 1.074538 5
-1.499338 6.141363 1.072017 5
-1.502587 6.187817 1.080219 5
-1.411834 6.206400 1.068538 5
-1.291095 6.218162 1.050866 5
-1.161206 6.229700 1.031682 5
0.935356 5.799367 0.619738 5
0.818161 5.896571 0.654963 5
0.843725 5.958143 0.661104 5
0.878724 6.017827 0.665417 5
0.999392 6.059922 0.652918 5
1.269558 6.074289 0.611566 5
1.464657 6.108038 0.585647 5
1.461102 6.181092 0.598525 5
-0.750243 -1.068979 -0.053476 10
-0.811750 -0.777518 -0.002411 10
-0.870131 -0.501672 0.045982 10
-0.936474 -0.222862 0.096166 10
-0.954558 -0.029367 0.126320 10
-0.972453 0.157693 0.155574 10
-0.943487 0.268691 0.166324 10
-0.958966 0.442286 0.193346 10
-0.950858 0.576805 0.210957 10
-0.926084 0.684325 0.222014 10
-0.933022 0.833137 0.244211 10
-0.942946 0.981902 0.266928 10
-0.948998 1.121491 0.287733 10
-0.894164 1.178488 0.286771 10
-0.919623 1.337128 0.313549 10
-1.387734 2.042414 0.491166 11
-1.368039 2.126425 0.499927 11
-1.405384 2.277060 0.527600 11
-1.327252 2.288111 0.516390 11
-1.377570 2.448063 0.547574 11
-1.353975 2.520199 0.554097 11
-1.367011 2.631688 0.572280 12
-1.345355 2.702965 0.579044 12
-1.345020 2.795810 0.592411 12
-1.346592 2.888737 0.606124 12
-1.345950 2.977495 0.618897 12
-1.334928 3.054116 0.628254 12
-1.270745 3.077285 0.621281 12
-1.200311 3.095250 0.612565 12
-1.126426 3.110995 0.602994 12
-1.077766 3.151231 0.601080 12
-1.098303 3.254456 0.619515 2
-0.942714 3.198826 0.586456 2
-0.844032 3.196807 0.570404 12
-0.776525 3.223390 0.563565 12
-0.716318 3.256959 0.558947 12
-0.601265 3.246110 0.539056 12
-0.524857 3.268779 0.530297 12
-0.460696 3.302238 0.525109 12
-0.430521 3.362695 0.529347 12
-0.333432 3.372144 0.515422 12
-0.265813 3.405206 0.509705 12
-0.138996 3.396070 0.488360 12
-0.104323 3.455131 0.491783 13
-0.279629 3.660444 0.550235 13
-0.206532 3.689934 0.543220 13
-0.164303 3.741077 0.544340 13
-0.172018 3.825043 0.558271 13
-0.120348 3.869743 0.556988 13
-0.158758 3.971324 0.578438 13
-0.146931 4.040101 0.587084 13
-0.132321 4.106601 0.594974 13
-0.140769 4.186112 0.608465 13
-0.049316 4.207263 0.597517 13
-0.100483 4.309852 0.621229 13
-0.060471 4.360385 0.622824 13
0.053640 4.371513 0.606896 13
-0.039532 4.492984 0.640095 13
0.204369 4.439528 0.594170 13
0.172668 4.528465 0.612885 13
-1.496119 5.996649 1.099911 5
-1.527397 6.053540 1.113795 5
-1.513758 6.094787 1.118356 5
-1.491144 6.133189 1.121113 5
-1.491863 6.178883 1.128603 5
-1.434234 6.207117 1.124440 5
-1.307158 6.216600 1.106732 5
-1.135578 6.216323 1.080718 5
0.957594 5.853341 0.705028 5
0.889503 5.937885 0.729185 5
0.991814 5.982954 0.721163 5
0.981065 6.053672 0.734444 5
1.239531 6.069676 0.698134 5
1.253992 6.137236 0.707146 5
1.317856 6.195840 0.707260 5
-0.748255 -0.868290 0.086666 10
-0.853001 -0.515642 0.149514 10
-0.946050 -0.194684 0.206387 10
-0.968430 0.004313 0.235964 10
-0.951747 0.137232 0.250646 10
-0.953981 0.294905 0.271657 10
-0.936040 0.418465 0.284994 10
-0.915374 0.535007 0.297014 10
-0.911233 0.671977 0.314406 10
-0.924150 0.828827 0.337182 10
-0.896855 0.927052 0.345847 10
-0.888917 1.048851 0.360748 10
-0.877912 1.163746 0.374285 10
-0.882334 1.295577 0.392551 10
-0.898966 1.439293 0.414364 10
-1.340433 2.097157 0.571735 11
-1.378465 2.248848 0.598046 11
-1.346585 2.314405 0.601883 11
-1.336231 2.403827 0.612325 11
-1.307871 2.471196 0.617020 11
-1.288000 2.547028 0.624210 12
-1.324596 2.682756 0.648305 12
-1.289871 2.739229 0.650631 12
-1.298460 2.840302 0.665747 12
-1.289846 2.921614 0.675546 12
-1.294830 3.015097 0.689131 12
-1.269001 3.076432 0.693613 12
-1.184007 3.080172 0.681155 12
-1.056916 3.045777 0.657046 12
-1.002801 3.081998 0.653841 12
-1.107460 3.262644 0.694803 2
-0.960711 3.214472 0.665891 2
-0.876583 3.224589 0.654602 2
-0.814575 3.255077 0.649528 2
-0.753545 3.287081 0.644846 2
-0.601828 3.245252 0.616197 12
-0.498787 3.246231 0.600909 12
-0.477323 3.313567 0.607231 12
-0.425528 3.356824 0.605646 12
-0.327670 3.365525 0.592322 12
-0.299438 3.427689 0.596999 12
-0.218612 3.451239 0.588389 12
-0.141996 3.479019 0.581040 12
-0.021448 3.477237 0.562986 12
-0.158585 3.653900 0.608681 13
-0.201910 3.762765 0.630803 13
-0.094279 3.770484 0.616121 13
-0.056999 3.825285 0.618631 13
-0.069389 3.911273 0.632988 13
0.023323 3.931447 0.622402 13
-0.012220 4.030169 0.642069 13
0.085828 4.048593 0.630513 13
0.156445 4.084444 0.625546 13
0.196181 4.138579 0.627795 13
0.182121 4.222375 0.642268 13
0.247383 4.262493 0.638807 13
-1.481422 6.032624 1.155487 5
-1.523815 6.092609 1.170881 5
-1.482044 6.124727 1.170053 5
-1.404163 6.146389 1.162514 5
-1.379332 6.185081 1.165151 5
-1.285137 6.204253 1.154967 5
-1.147260 6.213135 1.137037 5
0.947901 5.914584 0.795827 5
1.012615 5.968359 0.795483 5
0.980482 6.043734 0.812194 5
1.087228 6.089985 0.804828 5
1.189736 6.138898 0.798520 5
1.206646 6.205215 0.807017 5
1.435514 6.234966 0.780040 5
-0.817393 -0.738043 0.225122 10
-0.863578 -0.484499 0.262816 10
-0.936598 -0.196958 0.308848 10
-0.956637 -0.002170 0.335493 10
-0.963282 0.166001 0.356892 10
-0.920153 0.254778 0.361012 10
-0.912911 0.394380 0.376898 10
-0.910620 0.537322 0.394002 10
-0.872529 0.626151 0.399053 10
-0.880734 0.777001 0.418830 10
-0.861041 0.886142 0.429278 10
-0.859130 1.016330 0.445069 10
-0.865698 1.154234 0.463144 10
-0.836173 1.242834 0.469706 10
-0.850326 1.384134 0.489438 10
-1.296332 2.047826 0.639134 11
-1.288450 2.145319 0.650180 11
-1.305584 2.270015 0.668409 11
-1.294808 2.359538 0.678103 11
-1.293959 2.458467 0.690495 11
-1.265635 2.524953 0.694759 11
-1.278928 2.635606 0.710801 12
-1.257537 2.706894 0.716774 12
-1.283161 2.826055 0.735786 12
-1.259874 2.892424 0.740926 12
-1.288458 3.009834 0.760220 12
-1.241007 3.049820 0.758524 12
-1.148207 3.046338 0.744675 12
-1.102884 3.089513 0.743774 12
-1.164492 3.231704 0.771200 2
-1.027072 3.189605 0.746010 2
-1.016330 3.263585 0.754210 2
-0.977582 3.312074 0.755096 6
-0.929413 3.352436 0.753605 6
-0.851723 3.368315 0.744718 6
-0.785301 3.394698 0.738859 6
-0.492135 3.239314 0.676787 12
-0.422343 3.268385 0.670891 12
-0.355343 3.300519 0.665839 12
-0.309830 3.349754 0.666140 12
-0.277602 3.409009 0.669692 12
-0.134760 3.387517 0.646914 12
-0.049471 3.410126 0.638181 12
0.034413 3.435048 0.630001 12
0.168716 3.426766 0.610337 12
1.498001 2.620938 0.316117 12
0.362719 3.467188 0.589271 12
1.036930 3.119389 0.448557 12
1.317324 3.036325 0.398654 12
1.391187 3.086613 0.395635 12
0.149063 4.083835 0.704924 13
-1.419861 6.006319 1.195272 5
-1.383112 6.040932 1.195788 5
-1.316385 6.066486 1.191041 5
-1.227745 6.086420 1.182608 5
-1.280534 6.149892 1.199281 5
-1.234347 6.183632 1.198545 5
-1.152733 6.208287 1.191838 5
-0.360494 6.045757 1.064068 5
1.092444 5.940485 0.860342 5
1.015381 6.026223 0.883917 5
1.125819 6.071789 0.877042 5
1.203524 6.125628 0.875733 5
1.244186 6.187554 0.880513 5
1.490908 6.214084 0.853236 5
-0.824274 -0.711740 0.338905 10
-0.851381 -0.490523 0.367414 10
-0.951425 -0.160649 0.418957 10
-0.954263 0.005992 0.437909 10
-0.939779 0.141253 0.450848 10
-0.918301 0.262444 0.461237 10
-0.900154 0.385483 0.472385 10
-0.876244 0.497209 0.481471 10
-0.855546 0.610860 0.491303 10
-0.813448 0.692489 0.494440 10
-0.822914 0.842187 0.512876 10
-0.803333 0.949556 0.522328 10
-0.829777 1.114082 0.545028 10
-0.797970 1.200248 0.550396 10
-0.788811 1.313066 0.562139 10
-1.258909 2.006687 0.709611 11
-1.278783 2.137804 0.727715 11
-1.281005 2.244885 0.740561 11
-1.265467 2.329153 0.748275 11
-1.271135 2.435718 0.761640 11
-1.269438 2.531751 0.772775 11
-1.228612 2.583465 0.773243 12
-1.221816 2.670986 0.782748 12
-1.234647 2.777267 0.797259 12
-1.239110 2.872636 0.809350 12
-1.230128 2.952599 0.817781 12
-1.220462 3.030522 0.825915 12
-1.156087 3.054530 0.820077 12
-1.214511 3.195182 0.845209 2
-1.158635 3.226402 0.841493 2
-1.020268 3.183314 0.817543 2
-0.991220 3.240899 0.820779 2
-0.936798 3.275921 0.817859 6
-0.954432 3.373025 0.832342 6
-0.876577 3.388117 0.823895 6
-0.810255 3.413947 0.818372 6
-0.795350 3.482073 0.825029 6
-0.358633 3.216278 0.733826 12
-0.334546 3.282398 0.739111 12
-0.231478 3.288072 0.726377 12
-0.248641 3.385023 0.741097 12
-0.113654 3.369423 0.721564 12
-0.025302 3.389921 0.712799 12
0.163233 3.341817 0.682213 12
0.203162 3.399723 0.684670 12
0.426916 3.334406 0.647400 12
0.650407 3.274426 0.610919 12
1.028295 3.120333 0.542325 12
1.239017 3.080559 0.510262 12
1.412399 3.068304 0.486670 12
-1.386016 5.989316 1.241086 5
-1.387994 6.036939 1.248433 5
-1.301255 6.055883 1.240938 5
-1.191462 6.069248 1.229890 5
-1.232593 6.129614 1.243911 5
-1.165114 6.157587 1.240164 5
-1.182618 6.210240 1.250276 5
-0.943868 6.193884 1.219555 5
-0.388429 6.100952 1.139705 5
1.233795 5.969029 0.928475 5
1.066680 6.073619 0.964532 5
1.196795 6.116363 0.956069 5
1.305447 6.165401 0.951163 5
1.520372 6.197622 0.931213 5
-0.825877 -0.694327 0.450017 10
-0.867367 -0.450837 0.480541 10
-0.946658 -0.155609 0.521806 10
-0.954835 0.018672 0.540686 10
-0.960794 0.184286 0.558436 10
-0.895262 0.238489 0.554712 10
-0.885100 0.373231 0.567153 10
-0.845696 0.462645 0.570873 10
-0.788730 0.525808 0.569482 10
-0.777086 0.650570 0.580884 10
-0.788264 0.802980 0.598407 10
-0.772271 0.915483 0.608055 10
-0.865596 1.166607 0.647411 10
-0.797245 1.205150 0.642188 10
-0.806595 1.340476 0.657911 10
-0.797283 1.449722 0.668378 10
-1.229569 2.083133 0.794804 11
-1.250208 2.212509 0.811584 11
-1.230442 2.292279 0.817636 11
-1.227507 2.389601 0.827896 11
-1.196740 2.454206 0.830938 11
-1.167998 2.520232 0.834457 12
-1.193284 2.642721 0.851366 12
-1.187528 2.729958 0.860353 12
-1.162034 2.795438 0.864393 12
-1.192512 2.916102 0.881929 12
-1.206820 3.017998 0.895312 2
-1.205951 3.103099 0.904893 2
-1.205122 3.186679 0.914354 2
-1.218481 3.281882 0.927002 2
-1.155512 3.305886 0.921829 2
-1.033139 3.277838 0.903186 2
-0.936939 3.275462 0.890867 6
-0.939895 3.359792 0.901142 6
-0.889542 3.397963 0.899400 6
-0.862500 3.455651 0.902906 6
-0.423511 3.180896 0.816093 12
-0.386266 3.236307 0.818175 12
-0.270426 3.230718 0.803362 12
-0.199281 3.261366 0.798430 12
-0.086664 3.262083 0.784882 12
0.027341 3.263942 0.771362 12
0.147389 3.263652 0.756907 12
0.277083 3.258926 0.740806 12
0.365665 3.284921 0.733486 12
0.642753 3.185800 0.688182 12
0.745559 3.207786 0.678791 12
0.852957 3.228510 0.668760 6
0.832946 3.331232 0.684177 6
0.882944 3.389181 0.685741 6
-1.273258 5.945262 1.275061 5
-1.305943 6.004184 1.287186 5
-1.234143 6.028595 1.282975 5
-1.116541 6.040022 1.271939 5
-1.173154 6.105781 1.287770 5
-1.120159 6.138387 1.286910 5
-1.172151 6.201052 1.301859 5
-1.012027 6.205476 1.285356 5
-0.927866 6.232522 1.280435 5
1.196411 6.036502 1.024368 5
1.104461 6.124037 1.047741 5
1.180430 6.177989 1.048157 5
1.319981 6.221887 1.040332 5
1.439773 6.271587 1.035564 5
-0.820912 -0.868962 0.542063 10
-0.807953 -0.709338 0.554728 10
-0.849752 -0.465749 0.582704 10
-0.949436 -0.138658 0.626376 10
-0.942644 0.011474 0.639272 10
-0.942507 0.167448 0.653694 10
-0.913140 0.275453 0.659777 10
-0.883642 0.380797 0.665671 10
-0.838443 0.461394 0.667214 10
-0.809181 0.562975 0.672938 10
-0.793135 0.680539 0.682006 10
-0.789702 0.812292 0.694167 10
-0.766015 0.914101 0.700872 10
-0.790361 1.075777 0.719691 10
-0.795330 1.208519 0.733261 10
-0.791558 1.327141 0.744396 10
-1.163840 1.899994 0.848435 2
-1.188470 2.038200 0.865265 11
-1.184114 2.138932 0.874758 11
-1.173303 2.230108 0.882544 11
-1.158192 2.314670 0.889187 11
-1.155941 2.411878 0.898775 11
-1.165710 2.520070 0.911033 11
-1.152756 2.601761 0.917834 12
-1.160202 2.703246 0.929236 12
-1.156429 2.791134 0.937919 12
-1.215825 2.940531 0.960744 12
-1.245569 3.056847 0.976573 2
-1.218424 3.115693 0.979558 2
-1.170222 3.154114 0.977914 2
-1.177369 3.243966 0.988401 2
-1.191977 3.338853 1.000367 2
-1.034025 3.278279 0.975268 2
-0.911147 3.252379 0.958106 6
-0.946258 3.364436 0.974507 6
-0.849496 3.363350 0.963218 6
-0.720431 3.337571 0.945524 6
-0.732347 3.428357 0.957065 6
-0.265752 3.139257 0.871400 12
-0.257447 3.218623 0.879473 12
-0.022043 3.124493 0.842221 12
-0.013187 3.204872 0.850473 12
0.121280 3.192652 0.834072 12
0.171115 3.243658 0.834487 12
0.327478 3.220340 0.814494 12
0.573462 3.138885 0.777862 12
0.662637 3.168528 0.771632 12
0.776387 3.183332 0.761022 6
0.751574 3.289327 0.776458 6
0.727296 3.393179 0.791645 6
0.835189 3.413777 0.782574 6
0.938970 3.438673 0.774537 6
-1.252979 5.980903 1.331963 5
-1.248335 6.027312 1.338128 5
-1.119278 6.034785 1.326637 5
-1.071129 6.068999 1.326902 5
-1.132539 6.135723 1.342539 5
-1.112706 6.178141 1.346823 5
-0.934142 6.177902 1.329592 5
-0.913702 6.222066 1.334162 5
-0.894224 6.266623 1.338926 5
1.087848 6.048774 1.117188 5
1.116833 6.111197 1.124012 5
1.138931 6.175209 1.131795 5
1.239830 6.225277 1.130034 5
-0.858754 -0.789494 0.663462 10
-0.754172 -0.783576 0.650011 10
-0.858764 -0.437588 0.692048 10
-0.941615 -0.138567 0.727468 10
-0.943150 0.023944 0.741090 10
-0.930167 0.159653 0.750689 10
-0.918306 0.293397 0.760355 10
-0.872492 0.374213 0.761301 10
-0.851070 0.488464 0.768272 10
-0.796643 0.553954 0.766992 10
-0.759673 0.642657 0.769985 10
-0.746488 0.761678 0.778654 10
-0.721806 0.862816 0.784422 10
-0.696377 0.960950 0.789917 10
-0.637289 1.014662 0.787448 10
-0.700027 1.219089 0.813289 10
-1.174221 1.917075 0.933155 2
-1.206339 2.063526 0.950247 2
-1.154280 2.107775 0.948080 11
-1.157940 2.215833 0.958428 11
-1.122882 2.277997 0.960054 11
-1.139819 2.396758 0.973089 11
-1.149803 2.505193 0.984417 11
-1.107248 2.555552 0.984272 12
-1.074642 2.616049 0.986297 12
-1.095284 2.730232 0.999596 12
-1.158882 2.884730 1.021711 12
-1.179680 2.993097 1.034595 2
-1.188761 3.087766 1.044892 12
-1.098901 3.087204 1.034873 2
-1.140851 3.210303 1.051749 2
-1.097240 3.252791 1.051236 2
-1.074185 3.313665 1.054879 2
-0.983351 3.314800 1.045174 2
-0.891319 3.316631 1.035473 2
-0.813666 3.332261 1.028796 6
-0.466746 3.127595 0.970663 12
-0.311023 3.087037 0.949982 12
-0.248434 3.123740 0.947301 12
-0.135645 3.122166 0.935381 12
-0.050775 3.143986 0.928932 12
-0.054316 3.232950 0.938919 12
0.187948 3.141183 0.904124 12
0.277119 3.164814 0.897646 12
0.438004 3.139583 0.878581 12
0.567275 3.139464 0.865568 12
0.782315 3.084168 0.837857 6
0.737993 3.204412 0.855871 2
0.752978 3.284053 0.863470 6
0.745568 3.377110 0.874889 6
0.777998 3.444284 0.879494 6
0.916130 3.447406 0.866430 6
-1.027669 5.950196 1.361875 5
-1.056647 6.009137 1.372631 5
-1.021844 6.047889 1.375088 5
-1.103679 6.121080 1.392509 5
-1.038675 6.150979 1.391210 5
-0.929471 6.169965 1.384613 5
-0.905850 6.213232 1.388870 5
-0.847904 6.248115 1.389039 5
-0.827651 6.292980 1.393913 5
-0.393278 6.242630 1.349809 5
1.092035 5.969276 1.184105 5
1.036779 6.049302 1.200738 5
0.908080 6.142640 1.225598 5
1.118519 6.168563 1.211959 5
1.254651 6.211789 1.207225 5
-0.829943 -0.822711 0.766024 10
-0.776605 -0.731875 0.765713 10
-0.873288 -0.400653 0.801745 10
-0.916548 -0.165753 0.824200 10
-0.932695 0.019392 0.839745 10
-0.920828 0.156405 0.848381 10
-0.899904 0.276305 0.854732 10
-0.866636 0.375320 0.858111 10
-0.826015 0.461795 0.859750 10
-0.810765 0.582126 0.867102 10
-0.787242 0.688273 0.872473 10
-0.740425 0.760928 0.872591 10
-0.653075 0.779419 0.863819 10
-0.640712 0.895658 0.871562 10
-0.639772 1.023721 0.881653 10
-0.633323 1.141927 0.890413 10
-1.127237 1.864523 1.005011 2
-1.114573 1.958378 1.011261 11
-1.136918 2.091203 1.024715 11
-1.172659 2.235986 1.040727 11
-1.100664 2.256047 1.034493 11
-1.117341 2.374652 1.046362 11
-1.189212 2.550036 1.069140 11
-1.095413 2.545030 1.058625 12
-1.075738 2.618905 1.062955 12
-1.039512 2.674835 1.064032 12
-1.078692 2.805723 1.079744 12
-1.129002 2.944278 1.097375 2
-1.159967 3.060679 1.111079 12
-1.093571 3.082536 1.106250 12
-1.029553 3.107469 1.102015 12
-1.068903 3.226966 1.117068 2
-0.981973 3.231271 1.108743 2
-0.925234 3.263511 1.106131 2
-0.745686 3.191192 1.081490 2
-0.768198 3.293071 1.093485 2
-0.415811 3.084352 1.038921 12
-0.348972 3.116072 1.035558 12
-0.267073 3.136662 1.029725 12
-0.145772 3.127943 1.017295 12
-0.033636 3.128636 1.006754 12
-0.094525 3.260385 1.025824 2
-0.003195 3.277924 1.019098 6
0.317097 3.133117 0.974502 12
0.197276 3.304980 1.003403 2
0.627326 3.094566 0.942049 12
0.760087 3.095139 0.930073 2
0.720908 3.211514 0.946035 6
0.777476 3.263890 0.946623 6
0.789975 3.344521 0.954281 6
0.808641 3.420590 0.960979 6
1.058880 3.356013 0.931911 6
-1.024639 5.992950 1.423611 5
-1.019117 6.040786 1.429768 5
-1.059498 6.101882 1.441268 5
-1.015506 6.138003 1.443017 5
-0.941619 6.166609 1.441532 5
-0.900094 6.204937 1.443883 5
-0.820013 6.234133 1.442132 5
-0.774213 6.272984 1.444351 5
-0.585700 6.279433 1.431444 5
0.857468 6.011214 1.286621 5
0.853982 6.077897 1.296701 5
0.793236 6.155777 1.312679 5
0.970109 6.186568 1.304467 5
0.978660 6.251232 1.313595 5
-0.751629 -0.758441 0.869264 10
-0.864748 -0.401035 0.905163 10
-0.942902 -0.111757 0.932712 10
-0.961265 0.075111 0.946780 10
-0.925147 0.173804 0.948896 10
-0.886446 0.266564 0.950431 10
-0.867872 0.386696 0.956186 10
-0.833307 0.481171 0.958514 10
-0.831253 0.619080 0.967538 10
-0.806520 0.722447 0.971778 10
-0.698167 0.711727 0.959001 10
-0.647224 0.778665 0.958029 10
-0.655772 0.921430 0.968964 10
-0.595105 0.973302 0.966074 10
-0.467985 0.942950 0.950271 10
-1.107408 1.844962 1.083486 2
-1.048166 1.883521 1.080067 2
-1.041910 1.984121 1.086852 11
-1.142195 2.204441 1.113691 11
-1.102122 2.260667 1.113832 11
-1.047777 2.300766 1.111373 11
-1.091511 2.446894 1.127057 11
-1.023628 2.471061 1.122171 11
-1.073004 2.617779 1.138627 12
-0.986109 2.621880 1.130439 12
-0.934685 2.662997 1.128760 12
-1.041192 2.859086 1.154986 12
-0.968417 2.877140 1.149532 12
-0.961312 2.958178 1.155606 12
-0.976158 3.058199 1.165413 12
-0.898890 3.072602 1.159464 12
-0.818839 3.085751 1.153229 12
-0.698993 3.065470 1.140539 12
-0.601674 3.067093 1.131886 12
-0.519159 3.082972 1.125904 12
-0.411818 3.079731 1.116083 12
-0.258372 3.041367 1.099102 12
-0.283564 3.147902 1.111058 12
-0.125750 3.110340 1.093936 12
-0.190005 3.245256 1.112063 2
-0.080651 3.247540 1.102988 6
-0.031057 3.295540 1.103395 6
-0.011057 3.365001 1.108429 6
0.064990 3.394560 1.105016 6
0.631483 3.088031 1.028327 12
0.768644 3.085417 1.016906 12
0.822178 3.140595 1.018135 2
0.808862 3.239257 1.029223 2
0.819911 3.321030 1.036738 2
0.875908 3.374195 1.037844 6
1.223969 3.250885 0.997774 2
-1.009597 6.031617 1.483699 5
-0.992861 6.075968 1.488616 5
-1.034835 6.137045 1.499634 5
-0.969318 6.167554 1.499654 5
-0.811687 6.174858 1.490673 5
-0.751016 6.209668 1.491717 5
-0.707531 6.249625 1.494627 5
-0.509003 6.254046 1.482850 5
0.684092 6.040199 1.377923 5
0.682986 6.104536 1.387308 5
0.793489 6.145872 1.386529 5
0.823307 6.204731 1.393364 5
1.102208 6.218172 1.378294 5
-0.752237 -0.742887 0.978492 10
-0.877290 -0.367523 1.012622 10
-0.940217 -0.103693 1.033870 10
-0.953068 0.073935 1.044946 10
-0.921954 0.179787 1.047312 10
-0.897842 0.293602 1.051003 10
-0.848666 0.368397 1.049878 10
-0.825552 0.479112 1.053725 10
-0.772472 0.545620 1.051926 10
-0.800174 0.721580 1.065191 10
-0.642606 0.644835 1.044170 10
-0.638479 0.774108 1.051548 10
-0.602329 0.859132 1.053053 10
-0.520824 0.885660 1.046450 10
-0.455775 0.933441 1.042938 10
-1.060706 1.792872 1.157625 2
-0.977719 1.803967 1.150201 2
-0.963599 1.896630 1.154890 2
-1.061839 2.115919 1.178857 11
-1.084534 2.243929 1.189610 11
-1.052301 2.308406 1.190966 11
-1.039946 2.393597 1.195689 11
-0.998586 2.446599 1.195583 11
-0.933004 2.474189 1.191561 11
-0.909214 2.545035 1.194496 11
-0.924860 2.654355 1.203832 12
-0.813722 2.637084 1.192755 12
-0.783357 2.699887 1.194785 12
-0.819702 2.825022 1.207372 12
-0.892536 2.980975 1.225521 12
-0.873469 3.049418 1.229210 12
-0.774545 3.045973 1.220665 2
-0.746885 3.106674 1.223198 12
-0.558730 3.029482 1.201582 12
-0.442132 3.017209 1.191137 12
-0.354659 3.031330 1.185291 12
-0.304286 3.076849 1.185098 12
-0.262771 3.129636 1.186304 12
-0.118472 3.102620 1.172789 12
-0.213269 3.260708 1.193771 2
-0.081952 3.246010 1.182502 6
-0.057417 3.312091 1.186525 6
-0.089625 3.418375 1.198474 6
-0.031338 3.459041 1.197882 6
0.123145 3.434083 1.184328 6
0.709275 3.121473 1.112942 12
0.803067 3.149020 1.108846 2
0.899083 3.176557 1.104693 2
0.898436 3.266753 1.113443 2
1.031194 3.273175 1.104887 2
1.088402 3.327852 1.106371 2
-0.471105 5.915323 1.495250 5
-0.815397 6.068015 1.533929 5
-0.786531 6.110680 1.538135 5
-0.771455 6.157305 1.543670 5
-0.654299 6.177956 1.540381 5
-0.561193 6.206593 1.539510 5
-0.491022 6.242225 1.540867 5
-0.102763 6.207541 1.516073 5
-0.053412 6.253108 1.520041 5
0.660956 6.163181 1.470919 5
0.771908 6.204751 1.471351 5
-0.812201 -0.630024 1.097815 10
-0.885218 -0.341554 1.118225 10
-0.924377 -0.116357 1.132347 10
-0.936635 0.060064 1.141558 10
-0.944760 0.224946 1.149933 10
-0.898442 0.304598 1.148834 10
-0.854833 0.386858 1.148256 10
-0.802148 0.454852 1.146192 10
-0.780641 0.565379 1.149446 10
-0.743091 0.651586 1.150022 10
-0.653792 0.667207 1.142090 10
-0.599864 0.730443 1.140139 10
-0.584531 0.842693 1.144552 10
-0.528670 0.901525 1.142419 10
-0.418022 0.892416 1.131625 10
-0.344085 0.930057 1.126895 10
-0.282888 0.983370 1.124317 10
0.978825 -0.361039 0.934595 10
-0.977569 2.023029 1.245907 11
-1.022522 2.177440 1.258919 11
-1.017265 2.272562 1.264145 11
-0.995714 2.348248 1.266898 11
-0.966238 2.414425 1.268492 11
-0.956744 2.500572 1.273100 11
-0.870660 2.507257 1.266441 11
-0.883242 2.613968 1.274366 12
-0.809577 2.633938 1.269766 12
-0.807551 2.723783 1.275601 12
-0.765912 2.774684 1.275792 12
-0.636655 2.744427 1.263724 12
-0.727735 2.917069 1.282735 12
-0.767039 3.038931 1.294340 12
-0.689990 3.056408 1.289870 12
-0.591774 3.056929 1.282699 12
-0.426504 3.002984 1.266720 12
-0.393461 3.061948 1.268797 12
-0.353626 3.115128 1.270047 12
-0.279141 3.140797 1.266845 12
-0.190385 3.156405 1.261965 2
-0.180191 3.233283 1.267408 2
-0.180871 3.317354 1.274259 6
-0.116063 3.352297 1.272838 6
-0.092253 3.417377 1.276702 6
0.012058 3.425444 1.270654 6
0.304095 3.306116 1.241840 2
0.683025 3.135268 1.203189 12
0.945143 3.050974 1.179505 2
0.963389 3.130515 1.185483 2
-0.752968 6.043413 1.585732 5
-0.693702 6.078182 1.587798 5
-0.648416 6.117595 1.591136 5
-0.702653 6.183145 1.602170 5
-0.550441 6.196523 1.597738 5
-0.424993 6.219016 1.595714 5
-0.148525 6.209608 1.583259 5
-0.058461 6.245744 1.584705 5
0.079214 6.273590 1.583169 5
0.689270 6.211078 1.550207 5
-0.799685 -0.636282 1.202602 10
-0.870429 -0.352109 1.219462 10
-0.924268 -0.104298 1.233492 10
-0.938359 0.074137 1.241227 10
-0.912200 0.186584 1.242732 10
-0.889311 0.301196 1.244764 10
-0.833764 0.365889 1.241892 10
-0.806414 0.469833 1.243347 10
-0.825658 0.636230 1.251770 10
-0.767279 0.692327 1.248671 10
-0.686892 0.718750 1.242459 10
-0.621869 0.766137 1.238641 10
-0.581138 0.844746 1.238457 10
-0.504502 0.877098 1.233206 10
-0.468293 0.959992 1.233855 10
-0.377530 0.975683 1.226881 10
-0.291662 0.998548 1.220780 10
-0.200989 1.016942 1.214190 10
-0.975269 2.023800 1.326874 11
-1.029119 2.187832 1.339458 11
-0.976859 2.230851 1.337543 11
-0.957899 2.309852 1.340212 11
-0.980079 2.431101 1.348404 11
-0.905129 2.448782 1.343703 11
-0.818149 2.455297 1.337587 11
-0.757273 2.489392 1.335055 11
-0.685589 2.513412 1.331262 11
-0.588247 2.513690 1.324347 11
-0.538510 2.560684 1.323681 11
-0.603782 2.714151 1.337580 12
-0.590589 2.792507 1.341565 12
-0.591095 2.881961 1.347276 12
-0.645363 3.016841 1.359571 12
-0.533064 3.005801 1.351552 12
-0.484023 3.050206 1.351389 12
-0.420955 3.083272 1.349673 12
-0.327127 3.092155 1.344475 12
-0.281973 3.141245 1.345183 12
-0.188326 3.152768 1.340389 2
-0.211154 3.254625 1.349170 2
-0.076311 3.236811 1.340007 2
-0.027403 3.284712 1.340823 6
0.041352 3.318624 1.339552 6
0.100668 3.360008 1.339491 6
0.553754 3.130598 1.296621 12
0.705254 3.116369 1.287350 12
0.844810 3.113080 1.279716 12
-0.479191 5.957767 1.624479 5
-0.639045 6.056042 1.642090 5
-0.621570 6.103300 1.647676 5
-0.584393 6.145557 1.652082 5
-0.495435 6.175474 1.653366 5
-0.388944 6.202745 1.653852 5
-0.132501 6.197753 1.645626 5
0.087832 6.205455 1.640273 5
0.307355 6.217423 1.635621 5
0.589460 6.221064 1.628109 5
-0.812712 -0.600768 1.310944 10
-0.892542 -0.303573 1.325887 10
-0.932917 -0.078561 1.335403 10
-0.929169 0.071403 1.338966 10
-0.889401 0.163001 1.337765 10
-0.879813 0.297254 1.340641 10
-0.834031 0.375764 1.338801 10
-0.808081 0.481089 1.339648 10
-0.805153 0.616054 1.343543 10
-0.742531 0.666454 1.339781 10
-0.708548 0.754926 1.339810 10
-0.651065 0.811142 1.336936 10
-0.601250 0.876900 1.335150 10
-0.523412 0.906823 1.329966 10
-0.413740 0.898298 1.320984 10
-0.363552 0.963926 1.319561 10
-0.263922 0.970416 1.312192 10
-0.248744 1.076837 1.315296 10
-0.167806 1.106226 1.310513 10
-0.021307 1.063160 1.298046 10
-0.928693 2.180660 1.411156 11
-0.844103 2.189656 1.405610 11
-0.774339 2.215734 1.401975 11
-0.718686 2.257242 1.400128 11
-0.724479 2.361497 1.405485 11
-0.758547 2.491869 1.414083 11
-0.645060 2.474657 1.405920 11
-0.584799 2.511044 1.403974 11
-0.510090 2.534290 1.400556 11
-0.454403 2.576125 1.399405 12
-0.468011 2.681157 1.405972 12
-0.576694 2.868769 1.422856 12
-0.462158 2.856247 1.415544 12
-0.392285 2.884352 1.413239 12
-0.392141 2.971911 1.418460 12
-0.426509 3.086527 1.427319 12
-0.411434 3.158741 1.431012 12
-0.254725 3.117851 1.420220 12
-0.218106 3.173883 1.421976 2
-0.201770 3.245241 1.425875 2
-0.163328 3.299352 1.427632 2
-0.049362 3.298088 1.422045 2
0.068688 3.296054 1.416321 2
0.202857 3.284923 1.409311 2
0.675696 3.042885 1.370239 12
-0.323265 6.015887 1.690056 5
-0.244873 6.050331 1.692924 5
-0.444935 6.155394 1.710436 5
-0.401793 6.198062 1.715229 5
-0.260040 6.218743 1.715352 5
-0.081377 6.233891 1.714146 5
0.421706 6.184400 1.698434 5
-0.820688 -0.573631 1.417709 10
-0.865683 -0.333463 1.425361 10
-0.940017 -0.055341 1.436387 10
-0.902588 0.042015 1.434736 10
-0.899139 0.188333 1.437031 10
-0.887298 0.318298 1.438456 10
-0.844249 0.399952 1.436477 10
-0.808328 0.490305 1.435405 10
-0.749992 0.547925 1.431964 10
-0.735564 0.664774 1.433480 10
-0.684940 0.730770 1.431121 10
-0.580691 0.726102 1.423063 10
-0.542573 0.808150 1.422336 10
-0.498292 0.881227 1.421057 10
-0.426105 0.919080 1.416920 10
-0.354221 0.957792 1.412969 10
-0.220250 0.923451 1.402643 10
-0.222062 1.050161 1.406748 10
-0.110111 1.044414 1.399100 10
-0.009437 1.053511 1.392830 10
-0.803433 2.045931 1.478294 11
-0.754186 2.095273 1.476986 11
-0.710599 2.150526 1.476367 11
-0.707847 2.247827 1.479946 11
-0.680445 2.318226 1.481126 11
-0.680471 2.415165 1.485095 11
-0.652964 2.483334 1.486418 11
-0.586154 2.513012 1.484020 11
-0.494636 2.520121 1.479398 11
-0.356324 2.485549 1.470511 11
-0.331572 2.557223 1.472621 11
-0.132507 2.472956 1.458497 11
-0.131127 2.566499 1.463093 12
-0.163363 2.687335 1.470827 12
-0.138051 2.757243 1.473310 12
-0.136205 2.845867 1.477998 12
-0.127639 2.927712 1.482133 12
-0.049126 2.952994 1.480141 12
-0.065943 3.053516 1.486680 2
-0.092183 3.159431 1.494051 2
-0.081165 3.235465 1.498223 2
-0.042557 3.290404 1.500118 2
0.059367 3.299803 1.496815 2
-0.196265 6.085551 1.760634 5
0.036843 6.084861 1.758661 5
0.188435 6.107320 1.760429 5
-0.817835 -0.564238 1.522712 10
-0.867696 -0.317200 1.528279 10
-0.922412 -0.070797 1.534411 10
-0.920799 0.081259 1.535408 10
-0.905076 0.207887 1.535218 10
-0.858756 0.286353 1.532325 10
-0.851495 0.419791 1.533170 10
-0.812277 0.504715 1.531196 10
-0.767564 0.580559 1.528851 10
-0.712040 0.640641 1.525656 10
-0.666570 0.713624 1.523516 10
-0.634269 0.802834 1.522699 10
-0.529940 0.798399 1.515534 10
-0.488793 0.875261 1.514201 10
-0.425772 0.924204 1.511053 10
-0.332748 0.937014 1.505402 10
-0.299104 1.021565 1.505151 10
-0.162281 0.985084 1.496003 10
-0.112394 1.050998 1.494637 10
-0.009871 1.057620 1.488866 10
0.094332 1.064189 1.483149 10
0.308049 0.954743 1.468303 10
0.401304 0.978695 1.463984 10
-0.551059 2.087211 1.547697 11
-0.418430 2.053376 1.539842 11
-0.577188 2.313353 1.556337 11
-0.518096 2.352251 1.554808 11
-0.547358 2.476412 1.560619 11
-0.541879 2.565047 1.563648 11
-0.380427 2.507974 1.554252 11
0.211550 2.064248 1.510947 11
-0.177505 2.512613 1.545767 11
-0.098619 2.537440 1.543596 11
0.021324 2.528153 1.538430 11
0.159018 2.506339 1.532147 11
0.331162 2.459039 1.523522 11
0.388087 2.508902 1.523869 11
0.474337 2.535805 1.522192 11
0.554161 2.568921 1.521188 11
-0.119764 6.058357 1.821453 5
0.430353 6.042506 1.821084 5
-0.771182 -0.626112 1.624287 10
-0.883608 -0.278857 1.631760 10
-0.916909 -0.067328 1.633704 10
-0.904737 0.068009 1.632527 10
-0.892366 0.199466 1.631504 10
-0.872135 0.315992 1.630074 10
-0.829902 0.398110 1.627203 10
-0.778416 0.465803 1.623819 10
-0.777640 0.602755 1.624264 10
-0.728384 0.670559 1.621346 10
-0.622603 0.662516 1.614502 10
-0.611762 0.780310 1.614664 10
-0.553841 0.835329 1.611582 10
-0.498830 0.893778 1.608862 10
-0.420176 0.922848 1.604610 10
-0.353579 0.967265 1.601380 10
-0.296279 1.022932 1.598966 10
-0.177545 1.007168 1.592384 10
-0.106739 1.048533 1.589355 10
-0.030353 1.084117 1.586102 10
0.121897 1.037241 1.577766 10
0.160540 1.116359 1.577486 10
0.425513 0.955750 1.561861 10
0.539581 0.959545 1.556838 10
0.758160 0.859187 1.544973 10
-0.271400 2.009624 1.617121 11
-0.372696 2.309334 1.629326 11
-0.300391 2.337853 1.627426 11
-0.276967 2.412428 1.628867 11
-0.200746 2.438240 1.627017 11
-0.154005 2.491288 1.627221 11
-0.160262 2.590628 1.630916 11
0.008206 2.538460 1.623738 11
0.403374 2.299642 1.602786 11
0.257463 2.518335 1.615640 11
0.294496 2.582874 1.617276 11
-0.954120 -0.481161 1.741644 9
-0.758552 -0.632534 1.729227 10
-1.051071 0.000319 1.742067 9
-0.950350 -0.003221 1.734937 9
-0.932978 0.122394 1.732321 10
-0.914745 0.243524 1.729864 10
-0.887481 0.348431 1.727127 10
-0.845856 0.430400 1.723814 9
-0.802657 0.508764 1.720593 10
-0.792227 0.631123 1.719300 10
-0.703425 0.644529 1.713982 10
-0.661638 0.721637 1.711349 10
-0.551065 0.708143 1.705187 10
-0.553235 0.840913 1.705247 10
-0.492013 0.891164 1.702065 10
-0.390846 0.892350 1.696902 10
-0.322059 0.934405 1.693645 10
-0.269293 0.995741 1.691411 10
-0.130316 0.956758 1.684741 10
-0.080904 1.023111 1.683025 10
0.026856 1.023848 1.678380 10
0.066376 1.101339 1.677524 10
0.288407 0.981788 1.667235 10
0.379252 1.007167 1.664058 10
0.448246 1.056367 1.662207 10
0.617143 1.004405 1.655370 10
0.038178 2.019211 1.693602 11
-0.089256 2.336931 1.704743 11
0.277429 2.404315 1.698041 11
-1.324269 -0.514476 1.873115 9
-1.402889 -0.202511 1.870263 9
-1.412950 -0.020506 1.866038 9
-1.424972 0.158876 1.862204 9
-1.389701 0.254204 1.857310 9
-1.390666 0.406032 1.853732 9
-1.025309 -0.028137 1.839149 9
-1.118941 0.270830 1.838769 9
-1.148513 0.461936 1.836721 9
-1.135086 0.582961 1.833554 9
-1.133448 0.718168 1.831006 9
-1.102714 0.808049 1.827705 9
-1.060097 0.879432 1.824192 9
-0.962155 0.873517 1.818945 9
-0.895875 0.912367 1.814944 9
-0.859302 0.990858 1.812153 9
-0.748811 0.972041 1.806915 9
-0.621944 0.934856 1.801233 9
-0.560315 0.982497 1.798038 9
-0.464781 0.988593 1.793788 9
-0.449289 1.092673 1.792597 9
-0.461067 1.226936 1.792575 9
-0.406575 1.281259 1.790319 9
-0.333489 1.314292 1.787553 9
-0.066789 1.131964 1.777913 9
-0.100318 1.287101 1.779363 9
-0.074229 1.374408 1.778811 9
0.001551 1.408062 1.776627 9
0.170994 1.345534 1.771243 9
0.469419 1.156349 1.761434 9
0.463454 1.279710 1.762752 9
0.555286 1.305003 1.760753 9
0.945577 1.044980 1.748420 9
1.069599 1.047754 1.745759 9
-1.345120 -0.459948 1.974103 9
-1.396894 -0.197383 1.967775 9
-1.424819 0.014668 1.961861 9
-1.424284 0.171502 1.956206 9
-1.389797 0.267421 1.950636 9
-1.371757 0.387697 1.945469 9
-1.334090 0.473652 1.940389 9
-1.307207 0.574558 1.935661 9
-1.276180 0.666796 1.931129 9
-1.217664 0.716072 1.926476 9
-1.180615 0.796453 1.922297 9
-1.141328 0.872166 1.918296 9
-1.049099 0.872297 1.913699 9
-0.972723 0.895964 1.909483 9
-0.909511 0.938223 1.905636 9
-0.863954 1.003985 1.902257 9
-0.833121 1.088113 1.899321 9
-0.738775 1.089913 1.895452 9
-0.701189 1.164344 1.892759 9
-0.665197 1.239718 1.890284 9
-0.562842 1.234247 1.886742 9
-0.469371 1.241282 1.883516 9
-0.404575 1.283105 1.881002 9
-0.311764 1.293407 1.878109 9
-0.215322 1.301167 1.875307 9
-0.148736 1.343233 1.873264 9
-0.042492 1.343089 1.870602 9
-0.005786 1.418224 1.869504 9
0.134010 1.385922 1.866515 9
0.288247 1.342167 1.863414 9
0.417585 1.326911 1.860997 9
0.587090 1.275045 1.857969 9
0.862946 1.125165 1.853028 9
1.263374 0.865692 1.845860 9
-1.337636 -0.456543 2.074389 9
-1.402525 -0.171823 2.065035 9
-1.398731 -0.015588 2.057510 9
-1.395243 0.136341 2.050396 9
-1.387041 0.275900 2.043741 9
-1.366739 0.391874 2.037594 9
-1.329182 0.477513 2.031945 9
-1.318534 0.603085 2.026301 9
-1.258603 0.650455 2.021373 9
-1.214409 0.721049 2.016523 9
-1.185040 0.812171 2.011808 9
-1.118919 0.848849 2.007519 9
-1.030624 0.854701 2.003489 9
-1.003982 0.946810 1.999399 9
-0.902438 0.936102 1.995716 9
-0.880060 1.032232 1.992029 9
-0.825395 1.084569 1.988602 9
-0.790755 1.162156 1.985358 9
-0.703627 1.173051 1.982297 9
-0.629230 1.200904 1.979394 9
-0.522576 1.190746 1.976603 9
-0.479314 1.257541 1.974075 9
-0.411563 1.295352 1.971680 9
-0.346304 1.336444 1.969464 9
-0.219773 1.309598 1.967230 9
-0.100738 1.293844 1.965161 9
-0.045079 1.348650 1.963479 9
0.035582 1.377057 1.961884 9
0.168622 1.352235 1.960249 9
0.282675 1.349621 1.958859 9
0.421879 1.324107 1.957532 9
0.647417 1.217205 1.955994 9
0.837988 1.149969 1.954790 9
1.253055 0.875943 1.952754 9
-1.357335 -0.404398 2.173544 9
-1.401080 -0.158763 2.162051 9
-1.411699 0.021358 2.152534 9
-1.406276 0.168698 2.144126 9
-1.394226 0.300726 2.136386 9
-1.344377 0.368085 2.130284 9
-1.324726 0.482087 2.123485 9
-1.316537 0.610914 2.116682 9
-1.265272 0.670943 2.111455 9
-1.213682 0.729779 2.106459 9
-1.159977 0.784896 2.101734 9
-1.132252 0.876649 2.096589 9
-1.057936 0.901278 2.092784 9
-0.992167 0.938390 2.088946 9
-0.906414 0.948873 2.085699 9
-0.868565 1.023964 2.081638 9
-0.813893 1.076145 2.078123 9
-0.755243 1.123042 2.074875 9
-0.695355 1.168388 2.071834 9
-0.648306 1.229520 2.068766 9
-0.529563 1.204059 2.067029 9
-0.487564 1.271785 2.064239 9
-0.384304 1.267981 2.062544 9
-0.260456 1.242798 2.061271 9
-0.210050 1.302232 2.059134 9
-0.145029 1.345405 2.057383 9
-0.037177 1.342950 2.056353 9
0.005661 1.411012 2.054686 9
0.146509 1.377218 2.054378 9
0.353427 1.279616 2.054971 9
0.427965 1.319519 2.054192 9
0.542597 1.320864 2.054046 9
0.899512 1.091765 2.056700 9
1.237441 0.891181 2.059261 9
-1.346942 -0.406282 2.273504 9
-1.407755 -0.131517 2.258366 9
-1.409243 0.031746 2.247684 9
-1.404737 0.179855 2.237891 9
-1.392346 0.310586 2.229026 9
-1.365510 0.414401 2.221370 9
-1.320635 0.487238 2.215006 9
-1.299362 0.595283 2.207735 9
-1.249616 0.657578 2.202189 9
-1.201134 0.720953 2.196825 9
-1.169513 0.808043 2.190943 9
-1.123331 0.872644 2.185982 9
-1.072221 0.929527 2.181464 9
-0.946066 0.882970 2.180216 9
-0.909155 0.959960 2.175477 9
-0.873379 1.037242 2.170947 9
-0.827025 1.099633 2.167058 9
-0.758346 1.133051 2.164192 9
-0.680429 1.155449 2.161820 9
-0.612341 1.190790 2.159269 9
-0.529057 1.208365 2.157397 9
-0.477363 1.264285 2.154659 9
-0.411729 1.303844 2.152562 9
-0.279747 1.268523 2.152684 9
-0.229854 1.327750 2.150435 9
-0.160000 1.364878 2.148979 9
-0.080988 1.392725 2.147969 9
0.028302 1.389600 2.147987 9
0.154244 1.371337 2.148613 9
0.321602 1.313719 2.150506 9
0.442236 1.306784 2.151255 9
0.573592 1.291712 2.152448 9
0.917637 1.075223 2.159369 9
1.214104 0.913692 2.165102 9
-1.357747 -0.370288 2.371814 9
-1.392289 -0.143041 2.356039 9
-1.390143 0.013648 2.344100 9
-1.388739 0.166778 2.332676 9
-1.372038 0.290204 2.322984 9
-1.350423 0.402381 2.314110 9
-1.312905 0.486660 2.306800 9
-1.301228 0.609089 2.297997 9
-1.238233 0.650728 2.293119 9
-1.199564 0.728434 2.286830 9
-1.168155 0.815313 2.280364 9
-1.110373 0.862910 2.275862 9
-1.023944 0.870323 2.273318 9
-0.960950 0.911242 2.269500 9
-0.916727 0.977524 2.264789 9
-0.867399 1.036273 2.260613 9
-0.805057 1.077690 2.257383 9
-0.751514 1.130442 2.253871 9
-0.696144 1.180685 2.250668 9
-0.620302 1.205797 2.248724 9
-0.581390 1.276019 2.245082 9
-0.503100 1.299088 2.243620 9
-0.391145 1.284220 2.243945 9
-0.261677 1.251868 2.245200 9
-0.250073 1.353702 2.241044 9
-0.150344 1.357435 2.241201 9
-0.066574 1.380032 2.240778 9
0.046135 1.373268 2.241804 9
0.158014 1.369558 2.242928 9
0.345240 1.291552 2.247438 9
0.506456 1.244323 2.250907 9
0.680297 1.188571 2.255015 9
0.864478 1.127083 2.259663 9
1.248279 0.882028 2.272634 9
-1.047175 -0.557230 2.474887 9
-1.017814 -0.118871 2.437701 9
-1.067977 0.113328 2.420852 9
-1.042438 0.221429 2.411679 9
-0.987043 0.281923 2.405561 9
-1.058354 0.529277 2.388809 9
-1.143322 0.788519 2.371713 9
-1.117153 0.881297 2.364537 9
-1.042647 0.904729 2.361569 9
-0.983592 0.950076 2.357549 9
-0.911222 0.977508 2.354757 9
-0.794791 0.947582 2.355424 9
-0.778219 1.049509 2.348812 9
-0.718936 1.095211 2.345600 9
-0.719927 1.215922 2.338361 9
-0.644015 1.240014 2.336789 9
-0.584442 1.284536 2.334271 9
-0.439654 1.228983 2.337612 9
-0.365085 1.258308 2.336375 9
-0.325075 1.327530 2.333093 9
-0.216008 1.319266 2.334417 9
-0.167867 1.379673 2.332062 9
-0.050265 1.365325 2.334189 9
0.059333 1.361827 2.335939 9
0.139039 1.391274 2.336036 9
0.384627 1.253431 2.346079 9
0.441318 1.310658 2.345086 9
0.673908 1.195989 2.354434 9
0.905463 1.088611 2.363736 9
-0.942566 -0.071220 2.531266 9
-1.013220 0.188031 2.510284 9
-0.844174 0.222895 2.503987 9
-0.762665 0.246301 2.500742 9
-0.815865 0.461969 2.484038 9
-0.764658 0.525657 2.478413 9
-0.780504 0.680320 2.466572 9
-0.876869 0.938829 2.447627 9
-0.800882 0.962611 2.445536 9
-0.665750 0.910883 2.448999 9
-0.487931 0.808773 2.456244 9
-0.647639 1.131711 2.433650 9
-0.528876 1.104830 2.436015 9
-0.279567 0.924441 2.449502 9
-0.464876 1.263170 2.426379 9
-0.386436 1.287116 2.425807 9
-0.321862 1.327691 2.424275 9
-0.239092 1.348388 2.424392 9
-0.150025 1.363307 2.425161 9
0.001349 1.312816 2.430908 9
0.512556 0.887667 2.464217 9
0.199514 1.330949 2.434596 9
0.878064 1.115747 2.464205 9
-0.255360 0.650348 2.565293 9
0.993156 -0.956126 -2.439210 8
0.956243 -0.911181 -2.441538 8
0.904089 -1.068746 -2.423646 8
0.854767 -1.227789 -2.405881 8
0.821491 -1.140758 -2.412854 8
0.779405 -1.218130 -2.403597 8
0.742545 -1.187441 -2.405194 8
0.703756 -1.210364 -2.401620 8
0.666599 -1.162283 -2.405155 8
0.628675 -1.102103 -2.409977 8
0.589600 -0.993889 -2.419590 8
0.546885 -0.724021 -2.445050 8
0.503107 -0.652201 -2.451279 8
0.467698 -0.920202 -2.424601 8
0.440592 -1.280059 -2.389203 8
0.383874 -0.866280 -2.429044 8
0.366695 -1.296561 -2.387124 8
0.330012 -1.306272 -2.386129 8
0.292401 -1.301660 -2.386646 8
0.255897 -1.311973 -2.385838 8
0.223298 -1.363141 -2.381185 8
0.185200 -1.351505 -2.382750 8
0.130402 -1.191544 -2.398879 8
0.110285 -1.346033 -2.384522 8
0.072611 -1.343111 -2.385613 8
0.041976 -1.392095 -2.381746 8
-0.005678 -1.320269 -2.389843 8
-0.080923 -1.081746 -2.414525 8
-0.085347 -1.296636 -2.394683 8
-0.115672 -1.341820 -2.391654 8
-0.219794 -0.984079 -2.428835 8
-0.407328 -0.689852 -2.464480 8
-0.419144 -0.837464 -2.451931 8
-0.491166 -0.714577 -2.466959 8
1.120906 -0.552093 -2.431059 8
1.040710 -0.910861 -2.395904 8
0.993494 -0.978186 -2.387515 8
0.947391 -1.047817 -2.379120 8
0.901691 -1.130341 -2.369773 8
0.859515 -1.181598 -2.363399 8
0.822776 -1.149789 -2.364527 8
0.781685 -1.203419 -2.358243 8
0.742847 -1.221886 -2.355201 8
0.705279 -1.205754 -2.355313 8
0.667314 -1.196589 -2.354931 8
0.629171 -1.189977 -2.354446 8
0.590859 -1.130768 -2.358631 8
0.552566 -1.180269 -2.353532 8
0.515612 -1.252949 -2.346576 8
0.473482 -1.096751 -2.359450 8
0.439852 -1.244068 -2.346336 8
0.403334 -1.272264 -2.343595 8
0.366847 -1.292364 -2.341671 8
0.332087 -1.334026 -2.338020 8
0.296380 -1.353181 -2.336417 8
0.258130 -1.338148 -2.337866 8
0.224770 -1.379671 -2.334578 8
0.186286 -1.363816 -2.336334 8
0.147030 -1.344253 -2.338532 8
0.110896 -1.354342 -2.338298 8
0.078899 -1.395617 -2.335485 8
0.037510 -1.364195 -2.339074 8
0.000204 -1.364976 -2.340000 8
-0.041102 -1.340844 -2.343219 8
-0.073912 -1.371094 -2.341817 8
-0.114991 -1.351744 -2.344875 8
-0.151472 -1.359822 -2.345651 8
-0.198789 -1.312109 -2.351489 8
-0.237368 -1.312276 -2.353231 8
-0.271038 -1.336071 -2.352987 8
-0.310618 -1.332019 -2.355354 8
-0.363139 -1.273371 -2.362797 8
-0.401155 -1.279895 -2.364500 8
-0.440590 -1.280970 -2.366829 8
-0.478582 -1.288166 -2.368727 8
-0.591498 -1.019584 -2.396385 8
-0.613211 -1.094617 -2.392376 8
-0.645699 -1.128307 -2.392308 8
-0.663509 -1.209277 -2.387839 8
-0.701174 -1.221955 -2.389939 8
-0.823024 -0.972317 -2.417542 8
1.171559 -0.878510 -2.356021 8
1.131216 -0.866236 -2.354305 8
1.082888 -0.925767 -2.346971 8
1.047436 -0.868340 -2.349119 8
0.990248 -1.039427 -2.333317 8
0.942722 -1.131474 -2.324007 8
0.898797 -1.197933 -2.316902 8
0.858999 -1.219207 -2.313479 8
0.825264 -1.136358 -2.318223 8
0.786973 -1.121947 -2.317774 8
0.744738 -1.211169 -2.309518 8
0.706384 -1.216864 -2.307795 8
0.668678 -1.192438 -2.308479 8
0.630340 -1.191447 -2.307498 8
0.591979 -1.178673 -2.307523 8
0.554431 -1.271914 -2.299693 8
0.516786 -1.270909 -2.299082 8
0.479162 -1.271840 -2.298442 8
0.441332 -1.267325 -2.298326 8
0.404573 -1.288215 -2.296428 8
0.366809 -1.284742 -2.296467 8
0.332240 -1.332169 -2.292826 8
0.297742 -1.369383 -2.290062 8
0.261601 -1.379228 -2.289454 8
0.224766 -1.380205 -2.289621 8
0.187555 -1.377918 -2.290146 8
0.152343 -1.394674 -2.289361 8
0.119267 -1.427249 -2.287500 8
0.074078 -1.362140 -2.293088 8
0.038748 -1.377489 -2.292751 8
0.005621 -1.406422 -2.291496 8
-0.039114 -1.358781 -2.296156 8
-0.075934 -1.364606 -2.296887 8
-0.101482 -1.434468 -2.292834 8
-0.150023 -1.373948 -2.298874 8
-0.196746 -1.329268 -2.303855 8
-0.240981 -1.301557 -2.307677 8
-0.268059 -1.357142 -2.305141 8
-0.299352 -1.389793 -2.304481 8
-0.331762 -1.415626 -2.304452 8
-0.393330 -1.320014 -2.314188 8
-0.441246 -1.286464 -2.319182 8
-0.477468 -1.300669 -2.320489 8
-0.525732 -1.270289 -2.325540 8
-0.586106 -1.199762 -2.334058 8
-0.621606 -1.219966 -2.335301 8
-0.671623 -1.191443 -2.340723 8
-0.702007 -1.228461 -2.340806 8
-0.754002 -1.196728 -2.346820 8
-0.809685 -1.156540 -2.353757 8
-1.065393 -0.936494 -2.389042 8
1.346616 -0.585513 -2.335232 8
1.278793 -0.740917 -2.320929 8
1.224205 -0.822134 -2.312199 8
1.172508 -0.893426 -2.304398 8
1.130909 -0.891860 -2.301863 8
1.092869 -0.858414 -2.301647 8
1.049472 -0.872886 -2.298256 8
0.989730 -1.070042 -2.282641 8
0.944896 -1.130747 -2.276515 8
0.901343 -1.189988 -2.270662 8
0.862334 -1.195785 -2.268525 8
0.826912 -1.138509 -2.270671 8
0.789179 -1.109814 -2.271018 8
0.748630 -1.145248 -2.267277 8
0.706389 -1.268379 -2.257978 8
0.669236 -1.233567 -2.259083 8
0.630953 -1.256797 -2.256543 8
0.593062 -1.203471 -2.259044 8
0.554991 -1.232870 -2.256342 8
0.517748 -1.278097 -2.252753 8
0.478956 -1.238855 -2.254673 8
0.441856 -1.265057 -2.252534 8
0.404617 -1.278466 -2.251326 8
0.367141 -1.283778 -2.250747 8
0.333932 -1.354089 -2.246158 8
0.296494 -1.350304 -2.246382 8
0.261667 -1.379378 -2.244632 8
0.222945 -1.361081 -2.245998 8
0.188182 -1.385697 -2.244750 8
0.151142 -1.386283 -2.245139 8
0.109350 -1.347864 -2.248129 8
0.075063 -1.373556 -2.247141 8
0.032823 -1.339138 -2.250114 8
0.001282 -1.381917 -2.248245 8
-0.032488 -1.406104 -2.247671 8
-0.078126 -1.357110 -2.251948 8
-0.107220 -1.407806 -2.249869 8
-0.152507 -1.366855 -2.253879 8
-0.198419 -1.327334 -2.257941 8
-0.242609 -1.300557 -2.261306 8
-0.266511 -1.371457 -2.258297 8
-0.298759 -1.399699 -2.258211 8
-0.344074 -1.370353 -2.262115 8
-0.395759 -1.317832 -2.267749 8
-0.424876 -1.359203 -2.267112 8
-0.463230 -1.363045 -2.269153 8
-0.518469 -1.305359 -2.275615 8
-0.576244 -1.243411 -2.282578 8
-0.617909 -1.241464 -2.285482 8
-0.665982 -1.219165 -2.289986 8
-0.695156 -1.259524 -2.290108 8
-0.745648 -1.231973 -2.295289 8
-0.791353 -1.221227 -2.299406 8
-0.859360 -1.146790 -2.308458 8
-0.946841 -1.022261 -2.321584 8
-0.987411 -1.034677 -2.324567 8
-1.080466 -0.906758 -2.338588 8
1.354510 -0.557256 -2.282963 8
1.284158 -0.726329 -2.269633 8
1.226364 -0.828381 -2.260630 8
1.174549 -0.899700 -2.253686 8
1.133554 -0.892532 -2.251513 8
1.090583 -0.902853 -2.248452 8
1.052816 -0.864404 -2.248308 8
1.000086 -0.981896 -2.239432 8
0.945727 -1.146235 -2.228163 8
0.905822 -1.155758 -2.225773 8
0.862515 -1.221825 -2.220383 8
0.826928 -1.170282 -2.221610 8
0.787944 -1.173087 -2.219950 8
0.751017 -1.121804 -2.221335 8
0.711876 -1.117885 -2.220251 8
0.670247 -1.248194 -2.212087 8
0.632023 -1.266749 -2.210062 8
0.594127 -1.215598 -2.211857 8
0.556655 -1.309275 -2.206079 8
0.519234 -1.313638 -2.205154 8
0.481650 -1.309750 -2.204772 8
0.441949 -1.251178 -2.207367 8
0.404875 -1.273334 -2.205830 8
0.368535 -1.301963 -2.204068 8
0.333756 -1.347179 -2.201549 8
0.294941 -1.327086 -2.202555 8
0.258955 -1.346098 -2.201623 8
0.224935 -1.383210 -2.199852 8
0.182780 -1.334155 -2.202699 8
0.149114 -1.370451 -2.201182 8
0.108632 -1.345081 -2.203010 8
0.077208 -1.393893 -2.201041 8
0.039915 -1.394542 -2.201713 8
-0.000765 -1.372918 -2.203679 8
-0.038434 -1.373594 -2.204574 8
-0.074253 -1.385909 -2.204955 8
-0.117811 -1.353744 -2.207839 8
-0.156188 -1.353351 -2.209132 8
-0.202645 -1.312354 -2.212755 8
-0.244077 -1.300328 -2.214931 8
-0.272370 -1.351225 -2.213750 8
-0.311383 -1.350666 -2.215513 8
-0.351106 -1.347796 -2.217524 8
-0.388903 -1.353729 -2.219157 8
-0.425937 -1.362901 -2.220718 8
-0.459912 -1.383695 -2.221718 8
-0.509824 -1.345338 -2.226268 8
-0.567703 -1.282206 -2.232448 8
-0.623380 -1.231572 -2.238088 8
-0.662981 -1.238047 -2.240482 8
-0.709674 -1.222178 -2.244360 8
-0.754270 -1.214524 -2.247887 8
-0.801505 -1.200155 -2.251980 8
-0.869980 -1.125565 -2.260044 8
-0.933873 -1.069011 -2.267214 8
-0.980193 -1.064697 -2.271232 8
-1.081135 -0.915603 -2.284942 8
-1.110381 -0.961597 -2.286047 8
-1.177252 -0.910868 -2.293776 8
1.351920 -0.595650 -2.226829 8
1.290667 -0.704140 -2.218439 8
1.234090 -0.794508 -2.211188 8
1.178415 -0.891807 -2.203844 8
1.134226 -0.909568 -2.200468 8
1.093973 -0.895657 -2.198702 8
1.051576 -0.901076 -2.196156 8
1.003637 -0.968387 -2.190926 8
0.953110 -1.082683 -2.183764 8
0.911200 -1.109742 -2.180702 8
0.867430 -1.174170 -2.176126 8
0.827636 -1.189051 -2.173878 8
0.789224 -1.180727 -2.172757 8
0.750753 -1.170632 -2.171816 8
0.713540 -1.109192 -2.173174 8
0.671033 -1.274433 -2.164978 8
0.633022 -1.283589 -2.163565 8
0.595184 -1.271309 -2.163163 8
0.556965 -1.242375 -2.163558 8
0.519399 -1.278267 -2.161350 8
0.482593 -1.318228 -2.159089 8
0.443577 -1.278826 -2.160227 8
0.406549 -1.298901 -2.159007 8
0.373395 -1.382864 -2.155263 8
0.336189 -1.380656 -2.155177 8
0.299173 -1.382176 -2.155042 8
0.260875 -1.368545 -2.155633 8
0.224829 -1.382647 -2.155186 8
0.186490 -1.372251 -2.155852 8
0.147089 -1.354659 -2.156920 8
0.107699 -1.340517 -2.157955 8
0.075795 -1.386768 -2.156588 8
0.038612 -1.389479 -2.157130 8
0.003601 -1.407106 -2.157151 8
-0.044255 -1.341958 -2.160759 8
-0.079296 -1.361362 -2.160920 8
-0.116127 -1.369226 -2.161673 8
-0.151533 -1.384596 -2.162206 8
-0.194604 -1.360013 -2.164569 8
-0.254246 -1.257764 -2.170446 8
-0.269040 -1.373762 -2.166909 8
-0.304163 -1.390066 -2.167819 8
-0.346800 -1.373659 -2.170295 8
-0.398044 -1.323992 -2.174407 8
-0.439879 -1.315873 -2.176779 8
-0.468277 -1.359980 -2.176857 8
-0.520962 -1.312877 -2.181282 8
-0.572684 -1.273160 -2.185529 8
-0.630708 -1.215390 -2.190813 8
-0.660358 -1.255593 -2.191524 8
-0.719034 -1.201429 -2.196968 8
-0.760060 -1.205886 -2.199680 8
-0.791513 -1.239472 -2.201036 8
-0.878016 -1.111932 -2.210782 8
-0.933628 -1.079667 -2.215876 8
-0.993051 -1.039576 -2.221578 8
-1.041145 -1.032675 -2.225698 8
-1.130845 -0.919178 -2.235833 8
-1.204032 -0.854188 -2.243616 8
-1.265156 -0.823060 -2.249754 8
1.360177 -0.565266 -2.174226 8
1.288658 -0.739268 -2.164643 8
1.240366 -0.771317 -2.160639 8
1.177187 -0.923073 -2.152447 8
1.139399 -0.889193 -2.151186 8
1.094916 -0.910448 -2.148062 8
1.052873 -0.912516 -2.145744 8
1.006439 -0.963071 -2.141882 8
0.960827 -1.015851 -2.138105 8
0.911057 -1.138606 -2.132149 8
0.868989 -1.178748 -2.129129 8
0.830357 -1.171395 -2.127795 8
0.792299 -1.149578 -2.127029 8
0.753961 -1.125266 -2.126435 8
0.713662 -1.155781 -2.124197 8
0.672907 -1.241734 -2.120343 8
0.634480 -1.251062 -2.119022 8
0.596223 -1.288190 -2.116949 8
0.558191 -1.274226 -2.116562 8
0.519958 -1.263843 -2.116163 8
0.482448 -1.287247 -2.114836 8
0.445815 -1.323335 -2.113233 8
0.407125 -1.300714 -2.113510 8
0.371677 -1.344978 -2.111871 8
0.335481 -1.365524 -2.111051 8
0.298534 -1.371337 -2.110774 8
0.259687 -1.353604 -2.111304 8
0.228296 -1.420747 -2.109386 8
0.186557 -1.374506 -2.110973 8
0.145603 -1.343731 -2.112200 8
0.108839 -1.353170 -2.112317 8
0.071677 -1.358817 -2.112649 8
0.034314 -1.362911 -2.113129 8
0.004460 -1.417631 -2.112155 8
-0.040605 -1.370285 -2.114418 8
-0.078776 -1.370063 -2.115337 8
-0.126473 -1.316755 -2.118026 8
-0.153684 -1.379284 -2.117182 8
-0.194614 -1.366493 -2.118814 8
-0.231378 -1.375792 -2.119848 8
-0.275231 -1.352045 -2.122061 8
-0.310283 -1.370093 -2.123019 8
-0.350341 -1.366022 -2.124811 8
-0.404896 -1.303715 -2.128692 8
-0.428308 -1.369258 -2.128347 8
-0.477954 -1.331387 -2.131657 8
-0.524237 -1.309207 -2.134564 8
-0.566028 -1.305086 -2.136962 8
-0.616866 -1.271215 -2.140568 8
-0.678415 -1.205100 -2.145531 8
-0.724133 -1.194318 -2.148611 8
-0.778875 -1.157153 -2.152843 8
-0.805615 -1.206643 -2.153863 8
-0.901854 -1.052568 -2.163054 8
-0.931792 -1.094742 -2.164637 8
-0.971675 -1.108126 -2.167482 8
-1.038833 -1.049088 -2.173500 8
-1.102256 -1.003720 -2.179168 8
-1.203568 -0.866297 -2.189108 8
-1.272246 -0.816837 -2.195497 8
1.368166 -0.536829 -2.120923 8
1.296042 -0.711351 -2.113325 8
1.240580 -0.791517 -2.108487 8
1.187776 -0.863758 -2.104059 8
1.143463 -0.878134 -2.101252 8
1.098577 -0.900828 -2.098373 8
1.055292 -0.912893 -2.095881 8
1.007924 -0.971890 -2.092425 8
0.962224 -1.024944 -2.089268 8
0.923761 -0.995249 -2.088108 8
0.870842 -1.178745 -2.082365 8
0.833509 -1.146307 -2.081511 8
0.796868 -1.087044 -2.081307 8
0.754786 -1.144095 -2.078740 8
0.714825 -1.164479 -2.077066 8
0.675572 -1.168503 -2.075836 8
0.635778 -1.236648 -2.073425 8
0.597287 -1.235792 -2.072513 8
0.559402 -1.306127 -2.070303 8
0.521150 -1.284178 -2.070012 8
0.483241 -1.290238 -2.069271 8
0.445257 -1.291755 -2.068717 8
0.407144 -1.290419 -2.068315 8
0.371287 -1.331028 -2.067215 8
0.331789 -1.304052 -2.067496 8
0.295106 -1.322678 -2.067011 8
0.262026 -1.381100 -2.065872 8
0.228704 -1.425731 -2.065090 8
0.188879 -1.398911 -2.065755 8
0.148860 -1.375487 -2.066454 8
0.107318 -1.343721 -2.067412 8
0.073057 -1.373223 -2.067300 8
0.040346 -1.410498 -2.067127 8
0.000268 -1.394200 -2.068086 8
-0.042774 -1.361785 -2.069466 8
-0.076320 -1.390268 -2.069747 8
-0.123536 -1.339302 -2.071715 8
-0.159833 -1.352608 -2.072499 8
-0.194929 -1.371394 -2.073265 8
-0.241585 -1.333052 -2.075321 8
-0.276414 -1.353592 -2.076250 8
-0.312824 -1.366046 -2.077444 8
-0.351749 -1.367468 -2.078977 8
-0.387183 -1.383703 -2.080282 8
-0.439305 -1.333936 -2.083194 8
-0.481415 -1.326371 -2.085271 8
-0.535714 -1.275704 -2.088497 8
-0.581729 -1.258387 -2.091071 8
-0.627845 -1.242624 -2.093741 8
-0.693929 -1.163161 -2.098171 8
-0.730033 -1.184691 -2.100174 8
-0.769080 -1.196581 -2.102529 8
-0.841242 -1.109816 -2.107699 8
-0.913061 -1.029986 -2.112918 8
-0.945998 -1.064719 -2.115071 8
-0.965646 -1.134509 -2.116266 8
-1.045089 -1.042711 -2.122398 8
-1.108946 -0.996909 -2.127376 8
-1.209313 -0.862768 -2.135403 8
-1.299872 -0.760471 -2.142757 8
1.369017 -0.553251 -2.066296 8
1.303415 -0.683756 -2.061396 8
1.243150 -0.794817 -2.057052 8
1.190818 -0.862383 -2.053556 8
1.143668 -0.898768 -2.050664 8
1.101909 -0.894226 -2.048450 8
1.059193 -0.898917 -2.046225 8
1.009585 -0.978728 -2.043209 8
0.964826 -1.019681 -2.040820 8
0.920223 -1.069561 -2.038469 8
0.875669 -1.133619 -2.036107 8
0.835702 -1.138525 -2.034511 8
0.794580 -1.170622 -2.032743 8
0.753477 -1.218804 -2.030937 8
0.714534 -1.223726 -2.029668 8
0.675889 -1.218878 -2.028588 8
0.637384 -1.192407 -2.027797 8
0.598341 -1.231258 -2.026518 8
0.560161 -1.286738 -2.025209 8
0.521981 -1.284792 -2.024497 8
0.483988 -1.291612 -2.023806 8
0.444151 -1.244874 -2.023643 8
0.408099 -1.300509 -2.022749 8
0.366316 -1.233853 -2.022923 8
0.332702 -1.314000 -2.022036 8
0.296231 -1.335712 -2.021704 8
0.263223 -1.394865 -2.021177 8
0.227732 -1.415793 -2.021040 8
0.186430 -1.376442 -2.021464 8
0.150749 -1.394902 -2.021531 8
0.112016 -1.385833 -2.021906 8
0.073406 -1.379667 -2.022354 8
0.034294 -1.371388 -2.022914 8
0.002421 -1.413386 -2.023154 8
-0.050660 -1.317254 -2.024645 8
-0.079931 -1.374326 -2.024941 8
-0.128340 -1.318210 -2.026315 8
-0.162094 -1.346767 -2.027041 8
-0.198638 -1.359047 -2.028003 8
-0.232977 -1.381527 -2.028959 8
-0.269659 -1.391836 -2.030121 8
-0.312267 -1.375721 -2.031649 8
-0.362564 -1.329018 -2.033616 8
-0.389318 -1.382583 -2.034610 8
-0.436843 -1.351422 -2.036637 8
-0.487217 -1.312548 -2.038888 8
-0.529396 -1.306952 -2.040867 8
-0.572805 -1.298152 -2.043000 8
-0.627516 -1.252424 -2.045747 8
-0.691810 -1.179091 -2.049040 8
-0.741112 -1.158703 -2.051760 8
-0.778879 -1.175730 -2.054053 8
-0.846711 -1.103088 -2.057859 8
-0.911376 -1.044689 -2.061645 8
-0.955404 -1.048276 -2.064573 8
-0.975076 -1.118714 -2.066427 8
-1.068449 -0.991135 -2.071988 8
-1.137210 -0.934640 -2.076498 8
-1.178616 -0.950469 -2.079772 8
-1.321328 -0.719415 -2.088347 8
1.370531 -0.565405 -2.012063 8
1.303685 -0.703391 -2.008671 8
1.242206 -0.822888 -2.005614 8
1.192977 -0.867689 -2.003010 8
1.146645 -0.896617 -2.000597 8
1.102081 -0.915573 -1.998337 8
1.059327 -0.921350 -1.996217 8
1.011700 -0.980681 -1.994157 8
0.967263 -1.016419 -1.992262 8
0.921517 -1.079107 -1.990494 8
0.881316 -1.076711 -1.988854 8
0.838633 -1.117901 -1.987338 8
0.797347 -1.146731 -1.985935 8
0.753791 -1.249721 -1.984742 8
0.714753 -1.263984 -1.983562 8
0.676318 -1.262018 -1.982452 8
0.638406 -1.206943 -1.981321 8
0.599399 -1.224864 -1.980427 8
0.560746 -1.245361 -1.979639 8
0.522134 -1.246905 -1.978899 8
0.484632 -1.289153 -1.978368 8
0.446203 -1.284673 -1.977799 8
0.408957 -1.308550 -1.977409 8
0.369135 -1.278072 -1.976938 8
0.329306 -1.256955 -1.976584 8
0.295726 -1.326655 -1.976622 8
0.258520 -1.337602 -1.976557 8
0.228000 -1.419276 -1.976821 8
0.193081 -1.443318 -1.976978 8
0.149979 -1.390413 -1.976969 8
0.114340 -1.408214 -1.977283 8
0.082094 -1.450140 -1.977760 8
0.043411 -1.440942 -1.978162 8
0.000280 -1.403758 -1.978575 8
-0.048822 -1.334081 -1.979000 8
-0.095647 -1.286517 -1.979597 8
-0.118697 -1.378371 -1.980638 8
-0.159645 -1.366060 -1.981509 8
-0.197282 -1.372417 -1.982515 8
-0.236412 -1.371636 -1.983601 8
-0.276628 -1.366603 -1.984777 8
-0.322309 -1.338551 -1.986028 8
-0.357615 -1.357437 -1.987427 8
-0.388912 -1.391796 -1.988916 8
-0.435421 -1.364777 -1.990481 8
-0.475255 -1.365576 -1.992154 8
-0.535703 -1.292322 -1.993996 8
-0.578548 -1.286471 -1.995914 8
-0.622390 -1.278380 -1.997946 8
-0.702484 -1.153188 -2.000375 8
-0.744502 -1.157125 -2.002666 8
-0.790627 -1.149009 -2.005108 8
-0.832148 -1.155821 -2.007610 8
-0.919124 -1.032182 -2.010839 8
-0.955877 -1.056867 -2.013544 8
-1.027877 -0.985286 -2.016923 8
-1.076427 -0.980382 -2.020073 8
-1.152930 -0.904854 -2.023887 8
-1.177764 -0.963231 -2.026837 8
-1.334092 -0.699694 -2.032749 8
1.379651 -0.530325 -1.957781 8
1.310302 -0.681060 -1.956075 8
1.248784 -0.797846 -1.954384 8
1.198425 -0.848187 -1.952371 8
1.150038 -0.891111 -1.950447 8
1.107150 -0.893696 -1.948292 8
1.066061 -0.880340 -1.946084 8
1.014823 -0.971997 -1.945036 8
0.966605 -1.049363 -1.944013 8
0.925875 -1.048318 -1.942283 8
0.886055 -1.034166 -1.940498 8
0.842132 -1.087678 -1.939592 8
0.801222 -1.100177 -1.938320 8
0.760120 -1.124529 -1.937295 8
0.716082 -1.265467 -1.937855 8
0.678118 -1.235100 -1.936363 8
0.639612 -1.203509 -1.934928 8
0.600422 -1.249227 -1.934604 8
0.561603 -1.235252 -1.933575 8
0.523500 -1.277842 -1.933409 8
0.485411 -1.291709 -1.932944 8
0.448494 -1.331409 -1.932933 8
0.407674 -1.269572 -1.931576 8
0.369450 -1.276795 -1.931281 8
0.333881 -1.323852 -1.931647 8
0.296168 -1.330435 -1.931521 8
0.258379 -1.335243 -1.931456 8
0.224718 -1.384361 -1.932119 8
0.187955 -1.394584 -1.932305 8
0.151691 -1.408203 -1.932625 8
0.118400 -1.444934 -1.933362 8
0.081135 -1.446473 -1.933675 8
0.040486 -1.424247 -1.933735 8
0.004814 -1.438829 -1.934405 8
-0.050877 -1.326382 -1.933383 8
-0.082081 -1.372658 -1.934676 8
-0.127469 -1.335021 -1.934898 8
-0.162008 -1.359678 -1.936061 8
-0.201049 -1.359810 -1.936979 8
-0.252743 -1.299572 -1.937207 8
-0.292870 -1.298732 -1.938312 8
-0.331007 -1.307442 -1.939629 8
-0.364042 -1.337686 -1.941294 8
-0.393920 -1.379018 -1.943164 8
-0.441799 -1.347677 -1.944274 8
-0.478073 -1.362935 -1.946014 8
-0.522870 -1.346973 -1.947508 8
-0.582831 -1.279936 -1.948598 8
-0.622039 -1.288138 -1.950575 8
-0.702672 -1.161561 -1.951410 8
-0.736970 -1.189994 -1.953818 8
-0.776778 -1.200578 -1.956159 8
-0.836153 -1.153358 -1.958158 8
-0.922813 -1.031390 -1.959801 8
-0.959523 -1.056577 -1.962641 8
-1.035988 -0.973488 -1.964946 8
-1.093684 -0.945262 -1.967756 8
-1.174736 -0.859634 -1.970478 8
-1.194242 -0.932767 -1.974022 8
-1.365337 -0.635251 -1.976522 8
1.391508 -0.478689 -1.902396 8
1.317383 -0.655901 -1.902908 8
1.254027 -0.782380 -1.902758 8
1.197125 -0.879442 -1.902268 8
1.148652 -0.924228 -1.900930 8
1.100884 -0.971102 -1.899774 8
1.063196 -0.931224 -1.896943 8
1.019846 -0.943536 -1.895285 8
0.973675 -0.992135 -1.894520 8
0.929962 -1.021447 -1.893460 8
0.880801 -1.140838 -1.894540 8
0.839603 -1.162167 -1.893553 8
0.804171 -1.073491 -1.890118 8
0.760326 -1.158527 -1.890796 8
0.718061 -1.245008 -1.891644 8
0.678949 -1.256839 -1.890832 8
0.640594 -1.220741 -1.888946 8
0.601558 -1.190770 -1.887279 8
0.562955 -1.287690 -1.888818 8
0.524681 -1.298690 -1.888340 8
0.487446 -1.341509 -1.888746 8
0.428582 -0.761550 -1.873558 10
0.410478 -1.320452 -1.887139 8
0.370343 -1.286064 -1.885849 8
0.332531 -1.298587 -1.885831 8
0.294765 -1.309154 -1.885849 8
0.256845 -1.316119 -1.885858 8
0.221432 -1.349411 -1.886625 8
0.188702 -1.403497 -1.888008 8
0.151266 -1.406799 -1.888172 8
0.113744 -1.409525 -1.888402 8
0.080711 -1.446905 -1.889597 8
0.044733 -1.458814 -1.890221 8
0.011913 -1.490963 -1.891438 8
-0.031880 -1.450958 -1.890910 8
-0.086746 -1.350563 -1.888962 8
-0.126074 -1.348764 -1.889585 8
-0.155888 -1.398399 -1.891564 8
-0.200611 -1.368499 -1.891662 8
-0.254920 -1.295917 -1.890823 8
-0.298406 -1.280341 -1.891476 8
-0.331046 -1.314550 -1.893410 8
-0.382762 -1.266172 -1.893477 8
-0.412510 -1.311315 -1.895829 8
-0.446330 -1.337833 -1.897818 8
-0.503321 -1.276305 -1.897906 8
-0.527167 -1.339585 -1.900885 8
-0.578404 -1.303763 -1.901763 8
-0.634126 -1.256032 -1.902515 8
-0.703501 -1.167821 -1.902567 8
-0.747546 -1.165754 -1.904548 8
-0.783200 -1.190158 -1.907156 8
-0.846493 -1.132204 -1.908258 8
-0.911457 -1.073712 -1.909519 8
-0.970582 -1.035677 -1.911324 8
-1.055949 -0.929737 -1.912097 8
-1.098412 -0.943212 -1.915131 8
-1.166281 -0.891916 -1.917213 8
-1.218312 -0.883587 -1.920152 8
1.392788 -0.492470 -1.847723 8
1.321675 -0.649173 -1.849692 8
1.257066 -0.782415 -1.851222 8
1.200966 -0.872075 -1.851649 8
1.207498 -0.473401 -1.837052 8
1.152530 -0.544235 -1.837017 8
1.062019 -0.965582 -1.848377 8
1.020903 -0.956682 -1.846222 8
0.973894 -1.014725 -1.846350 8
0.929585 -1.052812 -1.845948 8
0.891050 -1.017011 -1.843177 8
0.847453 -1.057350 -1.843054 8
0.802822 -1.135303 -1.844331 8
0.763467 -1.117421 -1.842428 8
0.721378 -1.180404 -1.843417 8
0.681229 -1.207579 -1.843265 8
0.641931 -1.205414 -1.842170 8
0.602552 -1.229655 -1.842096 8
0.563851 -1.283363 -1.843167 8
0.525878 -1.320910 -1.843758 8
0.487902 -1.332182 -1.843491 8
0.445721 -1.220782 -1.838854 8
0.398865 -1.053039 -1.832215 10
0.359667 -1.083809 -1.832872 10
0.314961 -1.020280 -1.830165 10
0.278757 -1.089320 -1.832395 10
0.238456 -1.093969 -1.832352 10
0.217677 -1.309407 -1.840142 8
0.167893 -1.201055 -1.836113 8
0.132652 -1.242275 -1.837664 8
0.098982 -1.290672 -1.839559 8
0.063062 -1.315438 -1.840664 8
0.033227 -1.380913 -1.843337 8
-0.005605 -1.378599 -1.843603 8
-0.046459 -1.364550 -1.843521 8
-0.083590 -1.374802 -1.844406 8
-0.122637 -1.373901 -1.844965 8
-0.161734 -1.373513 -1.845624 8
-0.198177 -1.387236 -1.846870 8
-0.234045 -1.403121 -1.848270 8
-0.302822 -1.267163 -1.844376 8
-0.327912 -1.335575 -1.847809 8
-0.371332 -1.321839 -1.848429 8
-0.406907 -1.341615 -1.850301 8
-0.457214 -1.303359 -1.850261 8
-0.507311 -1.269474 -1.850482 8
-0.541903 -1.294631 -1.852797 8
-0.581326 -1.301962 -1.854592 8
-0.629097 -1.281508 -1.855562 8
-0.714205 -1.142021 -1.852793 8
-0.748197 -1.172787 -1.855671 8
-0.794825 -1.163970 -1.857375 8
-0.827507 -1.197573 -1.860497 8
-0.871547 -1.197477 -1.862660 8
-0.909215 -1.215853 -1.865476 8
-1.056494 -0.938529 -1.859707 8
-1.128881 -0.873747 -1.860471 8
-1.162652 -0.911760 -1.864315 8
-1.238615 -0.843993 -1.865320 8
1.171453 -0.785194 -1.795328 8
1.133183 -0.735802 -1.791137 8
1.073934 -0.876173 -1.795190 8
1.022864 -0.960355 -1.796999 8
0.975649 -1.019446 -1.797858 8
0.932726 -1.038471 -1.797067 8
0.897054 -0.957137 -1.791885 8
0.850817 -1.030541 -1.793703 8
0.810578 -1.011090 -1.791438 8
0.769329 -1.008652 -1.790020 8
0.729892 -0.945831 -1.785907 8
0.681618 -1.250346 -1.798821 8
0.646974 -0.867458 -1.780028 8
0.603578 -1.243132 -1.796553 8
0.564245 -1.210730 -1.794182 8
0.525577 -1.254609 -1.795466 8
0.487675 -1.296714 -1.796758 8
0.445410 -1.194904 -1.791318 8
0.408800 -1.261591 -1.793935 8
0.364525 -1.165413 -1.788885 8
0.316329 -1.037071 -1.782357 10
0.286500 -1.192276 -1.789444 8
0.249266 -1.223503 -1.790695 8
0.217824 -1.311586 -1.794750 8
0.180179 -1.323128 -1.795217 8
0.137239 -1.285898 -1.793422 8
0.088328 -1.205925 -1.789656 8
0.056971 -1.272643 -1.792996 8
0.027976 -1.347765 -1.796809 8
-0.006486 -1.377468 -1.798520 8
-0.042501 -1.394527 -1.799700 8
-0.092850 -1.325628 -1.796864 8
-0.128715 -1.345810 -1.798347 8
-0.167082 -1.351339 -1.799209 8
-0.195839 -1.405432 -1.802436 8
-0.248514 -1.340311 -1.800128 8
-0.289387 -1.335859 -1.800759 8
-0.322461 -1.366693 -1.803113 8
-0.364959 -1.356064 -1.803615 8
-0.406018 -1.352798 -1.804542 8
-0.516081 -1.083045 -1.793378 8
-0.607657 -0.903237 -1.786545 10
-0.545015 -1.291649 -1.805517 8
-0.639707 -1.107848 -1.798734 8
-0.645176 -1.236196 -1.806011 8
-0.724772 -1.116784 -1.802393 8
-0.756621 -1.155445 -1.805844 8
-0.795006 -1.172626 -1.808430 8
-0.846088 -1.152199 -1.809490 8
-0.865916 -1.222928 -1.814507 8
-1.001627 -0.969479 -1.806048 8
-1.057742 -0.945403 -1.807385 8
-1.121742 -0.902912 -1.808104 8
-1.174166 -0.893033 -1.810282 8
-1.248958 -0.829234 -1.810455 8
1.044984 -0.756337 -1.736434 8
0.998477 -0.783434 -1.736145 8
0.954049 -0.791342 -1.734895 8
0.896780 -0.989669 -1.744370 8
0.852358 -1.035016 -1.745463 8
0.816981 -0.916126 -1.737385 8
0.772204 -0.976338 -1.739486 8
0.736552 -0.776884 -1.726881 10
0.691051 -0.865134 -1.730744 10
0.647025 -0.971094 -1.735751 10
0.605394 -0.908350 -1.731135 10
0.562515 -0.837126 -1.726079 10
0.522262 -1.005384 -1.735010 10
0.480314 -0.987227 -1.733199 10
0.447856 -1.246351 -1.747683 8
0.408478 -1.243384 -1.746944 8
0.367641 -1.215324 -1.744801 8
0.325420 -1.174596 -1.741980 8
0.284067 -1.156860 -1.740580 8
0.235500 -1.056966 -1.734402 10
0.195485 -1.070759 -1.735005 10
0.160303 -1.130015 -1.738371 10
0.114417 -1.083953 -1.735589 10
0.091139 -1.232387 -1.744380 8
0.058997 -1.291976 -1.747991 8
0.029792 -1.365009 -1.752465 8
-0.011874 -1.346321 -1.751592 8
-0.047054 -1.371166 -1.753360 8
-0.119220 -1.175647 -1.742233 8
-0.170861 -1.116577 -1.739234 10
-0.222682 -1.063385 -1.736671 10
-0.255294 -1.112789 -1.740198 10
-0.238624 -1.394456 -1.757323 8
-0.330867 -1.153052 -1.744040 10
-0.397616 -1.044898 -1.738644 10
-0.392349 -1.248563 -1.751354 8
-0.417394 -1.314583 -1.756147 8
-0.477616 -1.240117 -1.752954 8
-0.593048 -0.966431 -1.738552 8
-0.592392 -1.129890 -1.749128 8
-0.650499 -1.079232 -1.747641 8
-0.707677 -1.035932 -1.746685 8
-0.706077 -1.186203 -1.756602 8
-0.782476 -1.083701 -1.752548 8
-0.806535 -1.146904 -1.757739 8
-0.847345 -1.157866 -1.760127 8
-0.985238 -0.892683 -1.747710 8
-0.976705 -1.048342 -1.758122 8
-1.073921 -0.912199 -1.753028 8
-1.121807 -0.913171 -1.755361 8
-1.175965 -0.899045 -1.757009 8
0.948802 -0.263717 -1.646700 10
0.891229 -0.411759 -1.655001 10
0.828124 -0.727846 -1.674845 10
0.782454 -0.762423 -1.675836 10
0.737447 -0.797713 -1.676974 10
0.693103 -0.834371 -1.678301 10
0.648818 -0.925050 -1.683434 10
0.606616 -0.875002 -1.678984 10
0.563738 -0.864309 -1.677309 10
0.523572 -1.031595 -1.688041 10
0.481264 -0.994337 -1.684692 10
0.438463 -0.963762 -1.681869 10
0.395497 -0.943104 -1.679803 10
0.360659 -1.079771 -1.688803 10
0.319181 -1.072541 -1.687831 10
0.279596 -1.093664 -1.688917 10
0.237850 -1.084585 -1.687957 10
0.198450 -1.103427 -1.689029 10
0.157036 -1.099714 -1.688589 10
0.114902 -1.090908 -1.687862 10
0.072320 -1.080521 -1.687095 8
0.023528 -1.024949 -1.683223 10
0.029561 -1.367658 -1.707421 8
-0.061585 -1.020333 -1.683191 10
-0.098034 -1.057703 -1.686072 10
-0.109524 -1.238579 -1.699082 8
-0.171350 -1.120091 -1.691172 10
-0.226148 -1.051713 -1.686863 10
-0.262010 -1.085921 -1.689804 10
-0.295682 -1.128129 -1.693368 10
-0.362071 -1.017824 -1.686399 10
-0.401973 -1.033585 -1.688280 10
-0.455370 -0.992306 -1.686291 10
-0.419262 -1.314723 -1.709450 8
-0.572791 -0.880601 -1.680606 10
-0.615515 -0.891624 -1.682500 10
-0.656110 -0.910282 -1.684992 10
-0.695449 -0.932776 -1.687818 10
-0.769213 -0.839730 -1.682913 8
-0.816181 -1.126997 -1.706754 8
-1.121137 -0.925310 -1.702893 8
1.505545 6.136981 -1.093100 5
0.951192 -0.261953 -1.589352 10
0.892915 -0.418133 -1.599971 10
0.829787 -0.730766 -1.623092 10
0.783409 -0.779968 -1.625643 10
0.738282 -0.820118 -1.627578 10
0.695707 -0.779202 -1.623153 10
0.650483 -0.891711 -1.631029 10
0.607891 -0.829547 -1.625045 10
0.564518 -0.827006 -1.623890 10
0.524211 -1.017015 -1.638299 10
0.482376 -1.007810 -1.636782 10
0.439251 -0.967588 -1.632824 10
0.398192 -0.991309 -1.634099 10
0.361377 -1.085515 -1.641163 10
0.317423 -1.040474 -1.637013 10
0.280651 -1.105678 -1.641882 10
0.239868 -1.108200 -1.641729 10
0.198010 -1.099300 -1.640713 10
0.154473 -1.076336 -1.638617 10
0.116774 -1.110264 -1.641226 10
0.069260 -1.058693 -1.636931 10
0.044336 -1.187791 -1.647437 10
0.000636 -1.166456 -1.645742 10
-0.061171 -1.028253 -1.634589 10
-0.091874 -1.101723 -1.640761 10
-0.129887 -1.124494 -1.642866 10
-0.173267 -1.115664 -1.642466 10
-0.237872 -0.996536 -1.633176 10
-0.272155 -1.041958 -1.637333 10
-0.327846 -0.981599 -1.632981 10
-0.359811 -1.035666 -1.637972 10
-0.405457 -1.026134 -1.637886 10
-0.449351 -1.025494 -1.638592 10
-0.518465 -0.924555 -1.631313 10
-0.564832 -0.919925 -1.631870 10
-0.611741 -0.914442 -1.632438 10
-0.648442 -0.946642 -1.636088 10
-0.695391 -0.942061 -1.636880 10
-0.808872 -0.717170 -1.620317 10
-0.883075 -0.634484 -1.615179 10
1.609525 6.002106 -0.980077 5
1.497056 5.961887 -0.979737 5
0.952982 -0.268848 -1.532635 10
0.894637 -0.423874 -1.544927 10
0.828734 -0.787212 -1.576126 10
0.784793 -0.786873 -1.574790 10
0.739677 -0.824417 -1.576952 10
0.696047 -0.828103 -1.576128 10
0.651588 -0.904501 -1.581990 10
0.608931 -0.869403 -1.577783 10
0.565866 -0.874590 -1.577311 10
0.525323 -1.031527 -1.590811 10
0.482301 -0.974960 -1.584833 10
0.438432 -0.925641 -1.579568 10
0.400093 -1.021948 -1.587766 10
0.362190 -1.093032 -1.593730 10
0.320607 -1.085782 -1.592538 10
0.275580 -1.034189 -1.587307 10
0.240103 -1.110339 -1.593955 10
0.194437 -1.061323 -1.589082 10
0.151822 -1.052113 -1.587956 10
0.122756 -1.166354 -1.598345 10
0.070316 -1.070779 -1.589335 10
0.036598 -1.132740 -1.595005 10
-0.003228 -1.143547 -1.595992 10
-0.052080 -1.093768 -1.591420 10
-0.080500 -1.178149 -1.599361 10
-0.143310 -1.051505 -1.587789 10
-0.176426 -1.104357 -1.592932 10
-0.232053 -1.033925 -1.586715 10
-0.271844 -1.050488 -1.588626 10
-0.336713 -0.946664 -1.579473 10
-0.359962 -1.042488 -1.588841 10
-0.404785 -1.036820 -1.588897 10
-0.456918 -1.001910 -1.586333 10
-0.480511 -1.084839 -1.594674 10
-0.565802 -0.924772 -1.580778 10
-0.618609 -0.897798 -1.579190 10
-0.649497 -0.951772 -1.585074 10
-0.704596 -0.919466 -1.583152 10
-0.797083 -0.766021 -1.570322 10
-0.877059 -0.663827 -1.562287 10
1.613983 5.988444 -0.853656 5
1.494056 5.857411 -0.862960 5
0.955716 -0.262312 -1.474606 10
0.893567 -0.475591 -1.494535 10
0.827094 -0.854378 -1.531402 10
0.784788 -0.827172 -1.527374 10
0.739143 -0.889022 -1.532451 10
0.696274 -0.880830 -1.530482 10
0.652819 -0.907099 -1.532093 10
0.609933 -0.915423 -1.531941 10
0.567085 -0.904498 -1.529879 10
0.526536 -1.052633 -1.544226 10
0.482786 -0.963621 -1.534266 10
0.439390 -0.934151 -1.530477 10
0.401813 -1.048675 -1.541616 10
0.361341 -1.069858 -1.543191 10
0.319536 -1.064425 -1.542075 10
0.277773 -1.061678 -1.541295 10
0.244626 -1.164172 -1.551497 10
0.192472 -1.040734 -1.538305 10
0.154307 -1.078147 -1.541875 10
0.119065 -1.135945 -1.547630 10
0.067197 -1.048531 -1.538337 10
0.034808 -1.123102 -1.545961 10
-0.002380 -1.154101 -1.549110 10
-0.054990 -1.079564 -1.541330 10
-0.089153 -1.129697 -1.546591 10
-0.139381 -1.080540 -1.541574 10
-0.174898 -1.119096 -1.545748 10
-0.226836 -1.068049 -1.540660 10
-0.276410 -1.034633 -1.537473 10
-0.323306 -1.017897 -1.536084 10
-0.354501 -1.074802 -1.542403 10
-0.408838 -1.026949 -1.537915 10
-0.438599 -1.086207 -1.544590 10
-0.475839 -1.111579 -1.547811 10
-0.565583 -0.934187 -1.530155 10
-0.614469 -0.921903 -1.529641 10
-0.657726 -0.931364 -1.531435 10
-0.713604 -0.897656 -1.528862 10
-0.799662 -0.767063 -1.516445 10
-0.863371 -0.717646 -1.512457 10
1.732711 6.019535 -0.726179 5
1.620462 5.997232 -0.724754 5
1.201361 2.150443 -1.149741 11
0.956665 -0.281146 -1.419134 10
0.898862 -0.422561 -1.433439 10
0.846017 -0.521507 -1.443121 10
0.787269 -0.807560 -1.473997 10
0.740887 -0.881943 -1.481190 10
0.696444 -0.934734 -1.486036 10
0.653216 -0.973339 -1.489357 10
0.610996 -0.938345 -1.484391 10
0.568562 -0.979099 -1.488089 10
0.526718 -1.008108 -1.490521 10
0.483833 -0.974397 -1.485857 10
0.445912 -1.102504 -1.499745 10
0.404243 -1.091522 -1.497800 10
0.359173 -1.022143 -1.489208 10
0.319842 -1.064618 -1.493496 10
0.277302 -1.052855 -1.491615 10
0.237134 -1.073141 -1.493474 10
0.194896 -1.067552 -1.492412 10
0.159740 -1.132996 -1.499589 10
0.103287 -0.997635 -1.483678 10
0.064966 -1.033608 -1.487570 10
0.027782 -1.073656 -1.491992 10
-0.008162 -1.117692 -1.496933 10
-0.037896 -1.197883 -1.506106 10
-0.101254 -1.059941 -1.490148 10
-0.137759 -1.095992 -1.494335 10
-0.181743 -1.087433 -1.493428 10
-0.224545 -1.086724 -1.493483 10
-0.271263 -1.067305 -1.491437 10
-0.318755 -1.046819 -1.489328 10
-0.359408 -1.059991 -1.491157 10
-0.402490 -1.062249 -1.491786 10
-0.431875 -1.122025 -1.499091 10
-0.498363 -1.029793 -1.488970 10
-0.572909 -0.914673 -1.476302 10
-0.609927 -0.947416 -1.480684 10
-0.684062 -0.846752 -1.469841 10
-0.753881 -0.768843 -1.461697 10
-0.809128 -0.745349 -1.459858 10
-0.861447 -0.733655 -1.459441 10
-0.915205 -0.719151 -1.458777 10
1.731971 5.951957 -0.605726 5
1.621947 5.950602 -0.602112 5
1.194044 2.015799 -1.081331 2
0.963273 -0.220347 -1.354144 10
0.900511 -0.429564 -1.378413 10
0.838032 -0.712029 -1.411917 10
0.788718 -0.812782 -1.423125 10
0.744737 -0.810630 -1.421668 10
0.699357 -0.868327 -1.427709 10
0.655627 -0.886952 -1.428962 10
0.612117 -0.943846 -1.435056 10
0.569814 -1.020519 -1.443700 10
0.526856 -0.959466 -1.435177 10
0.484173 -0.956985 -1.434029 10
0.446116 -1.089990 -1.449953 10
0.403430 -1.061338 -1.445638 10
0.363216 -1.089433 -1.448512 10
0.324170 -1.128073 -1.452774 10
0.279960 -1.086726 -1.447001 10
0.232439 -1.015813 -1.437533 10
0.193954 -1.058019 -1.442403 10
0.157297 -1.110816 -1.448672 10
0.107583 -1.038657 -1.439180 10
0.066496 -1.049612 -1.440257 10
0.039312 -1.165352 -1.454667 10
-0.009400 -1.113516 -1.447893 10
-0.047487 -1.139420 -1.451024 10
-0.100148 -1.072397 -1.442420 10
-0.131946 -1.135939 -1.450429 10
-0.191691 -1.038720 -1.438094 10
-0.230048 -1.064503 -1.441417 10
-0.265055 -1.105177 -1.446680 10
-0.312768 -1.082477 -1.443957 10
-0.366005 -1.037594 -1.438477 10
-0.397356 -1.092193 -1.445659 10
-0.439329 -1.098921 -1.446826 10
-0.512946 -0.979939 -1.432140 10
-0.563294 -0.960047 -1.430060 10
-0.628974 -0.886056 -1.421207 10
-0.705703 -0.779147 -1.408275 10
-0.754922 -0.774716 -1.408350 10
-0.804932 -0.768847 -1.408304 10
-0.851265 -0.775971 -1.409956 10
-0.917222 -0.722943 -1.404115 10
1.855444 6.015730 -0.472757 5
1.738288 5.954953 -0.477030 5
1.633564 6.015601 -0.465241 5
1.182007 1.824570 -1.023308 2
0.965654 -0.219398 -1.295659 10
0.903098 -0.421439 -1.321353 10
0.838750 -0.733416 -1.362045 10
0.790686 -0.805873 -1.370589 10
0.746242 -0.811964 -1.370235 10
0.702154 -0.808822 -1.368682 10
0.657422 -0.849401 -1.373119 10
0.613246 -0.947309 -1.385428 10
0.570506 -0.964122 -1.386772 10
0.527695 -0.955467 -1.384694 10
0.483831 -0.911779 -1.377871 10
0.447350 -1.107160 -1.403809 10
0.405420 -1.094400 -1.401331 10
0.365430 -1.122951 -1.404564 10
0.323177 -1.107882 -1.401859 10
0.281151 -1.100592 -1.400266 10
0.234214 -1.036496 -1.390898 10
0.200093 -1.124937 -1.402574 10
0.154348 -1.083728 -1.396441 10
0.108340 -1.048070 -1.391112 10
0.062657 -1.021538 -1.387083 10
0.034054 -1.129409 -1.401661 10
-0.020341 -1.040791 -1.389148 10
-0.063397 -1.039365 -1.388725 10
-0.101545 -1.069314 -1.392687 10
-0.136549 -1.114935 -1.398866 10
-0.181657 -1.100510 -1.396789 10
-0.225773 -1.093543 -1.395790 10
-0.270370 -1.085644 -1.394709 10
-0.311175 -1.097226 -1.396371 10
-0.359602 -1.074072 -1.393277 10
-0.397124 -1.100860 -1.397138 10
-0.439127 -1.107623 -1.398277 10
-0.509577 -1.001616 -1.383886 10
-0.563433 -0.968042 -1.379560 10
-0.623222 -0.916034 -1.372747 10
-0.699391 -0.810720 -1.358645 10
-0.726316 -0.881741 -1.368916 10
-0.780909 -0.857584 -1.366121 10
-0.859258 -0.760276 -1.353325 10
1.861132 6.009443 -0.344140 5
1.746483 5.976284 -0.345222 5
1.256132 1.829932 -0.942995 2
1.188354 1.860140 -0.936401 2
0.965858 -0.248756 -1.241390 10
0.907521 -0.384106 -1.259677 10
0.838868 -0.765972 -1.314130 10
0.795302 -0.737624 -1.308756 10
0.748560 -0.789042 -1.315118 10
0.702258 -0.864873 -1.325138 10
0.658049 -0.897068 -1.328817 10
0.614667 -0.883718 -1.325842 10
0.571710 -0.998184 -1.341774 10
0.527729 -0.897506 -1.325993 10
0.486193 -0.975426 -1.336653 10
0.448694 -1.127616 -1.358393 10
0.406463 -1.106134 -1.354459 10
0.365805 -1.122355 -1.356160 10
0.325396 -1.138243 -1.357858 10
0.288103 -1.193216 -1.365421 10
0.244973 -1.165571 -1.360730 10
0.205708 -1.186185 -1.363269 10
0.157512 -1.116359 -1.352358 10
0.114820 -1.108497 -1.350726 10
0.077984 -1.150647 -1.356608 10
0.037228 -1.157508 -1.357263 10
-0.011039 -1.111137 -1.349996 10
-0.058070 -1.079707 -1.345000 10
-0.096844 -1.104028 -1.348391 10
-0.135344 -1.127894 -1.351758 10
-0.188979 -1.066438 -1.342387 10
-0.226525 -1.096242 -1.346729 10
-0.267617 -1.106251 -1.348149 10
-0.320928 -1.058294 -1.340925 10
-0.354418 -1.104939 -1.347922 10
-0.397980 -1.104826 -1.347955 10
-0.468900 -0.992433 -1.331208 10
-0.517759 -0.977436 -1.329103 10
-0.570450 -0.949830 -1.325156 10
-0.622103 -0.928940 -1.322264 10
-0.668930 -0.927455 -1.322325 10
-0.729002 -0.881818 -1.315830 10
-0.838993 -0.676093 -1.285460 10
1.864224 5.979764 -0.218882 5
1.752677 5.977544 -0.215636 5
1.257848 1.808903 -0.864159 2
1.189312 1.829687 -0.858763 2
0.971176 -0.207359 -1.176487 10
0.907808 -0.413218 -1.207419 10
0.853215 -0.530199 -1.224508 10
0.800057 -0.667473 -1.244905 10
0.749496 -0.807743 -1.265889 10
0.705455 -0.790662 -1.262076 10
0.659578 -0.879983 -1.275163 10
0.615955 -0.857154 -1.270528 10
0.572606 -0.974618 -1.288225 10
0.528257 -0.871118 -1.270838 10
0.490647 -1.125249 -1.310446 10
0.448148 -1.092955 -1.304488 10
0.406363 -1.091859 -1.303539 10
0.365687 -1.112541 -1.306110 10
0.329019 -1.190818 -1.317944 10
0.290411 -1.222421 -1.322361 10
0.247457 -1.194846 -1.317333 10
0.205711 -1.186838 -1.315475 10
0.162883 -1.170514 -1.312315 10
0.112559 -1.090989 -1.299028 10
0.072246 -1.107008 -1.301130 10
0.038467 -1.170903 -1.310979 10
0.000435 -1.196658 -1.314735 10
-0.049132 -1.143769 -1.305858 10
-0.092524 -1.136310 -1.304335 10
-0.132580 -1.149920 -1.306246 10
-0.179039 -1.127530 -1.302387 10
-0.228891 -1.090540 -1.296208 10
-0.258126 -1.160215 -1.307283 10
-0.322437 -1.058437 -1.290716 10
-0.368316 -1.049764 -1.289219 10
-0.416247 -1.033811 -1.286585 10
-0.463754 -1.021746 -1.284618 10
-0.492140 -1.087144 -1.295201 10
-0.581915 -0.914803 -1.267431 10
-0.613769 -0.968220 -1.276161 10
-0.668717 -0.937180 -1.271295 10
-0.774721 -0.735710 -1.238967 10
-0.835433 -0.697596 -1.233059 10
-0.879069 -0.717063 -1.236486 10
1.867135 5.948576 -0.094094 5
1.763604 6.024810 -0.077854 5
1.280705 2.016379 -0.747164 11
1.193282 1.835804 -0.775380 2
0.972617 -0.219702 -1.119483 10
0.909152 -0.425339 -1.152758 10
0.855946 -0.515170 -1.166621 10
0.801885 -0.665534 -1.190811 10
0.751045 -0.808242 -1.213818 10
0.704498 -0.889519 -1.226509 10
0.660917 -0.876856 -1.223312 10
0.616731 -0.940022 -1.233047 10
0.573573 -0.962320 -1.235882 10
0.531393 -1.022416 -1.245209 10
0.491573 -1.132101 -1.263062 10
0.449325 -1.108499 -1.258206 10
0.407818 -1.112964 -1.258177 10
0.367867 -1.145585 -1.263006 10
0.330618 -1.211514 -1.273591 10
0.288455 -1.193293 -1.269787 10
0.247239 -1.191522 -1.268834 10
0.203770 -1.166521 -1.263920 10
0.159545 -1.139653 -1.258709 10
0.110016 -1.071008 -1.246329 10
0.082937 -1.197917 -1.267665 10
0.029396 -1.106220 -1.251365 10
-0.005095 -1.162242 -1.260568 10
-0.054901 -1.110877 -1.251273 10
-0.096973 -1.114360 -1.251477 10
-0.146021 -1.077616 -1.244761 10
-0.172367 -1.170496 -1.260487 10
-0.220648 -1.140148 -1.254942 10
-0.259972 -1.157921 -1.257754 10
-0.325084 -1.053239 -1.239404 10
-0.365937 -1.068008 -1.241760 10
-0.409194 -1.071941 -1.242274 10
-0.462110 -1.036562 -1.236014 10
-0.492900 -1.092270 -1.245567 10
-0.537174 -1.093238 -1.245672 10
-0.619496 -0.956044 -1.221873 10
-0.673618 -0.928915 -1.217181 10
-0.774268 -0.746797 -1.185672 10
-0.816995 -0.767747 -1.189386 10
-0.883407 -0.713259 -1.180071 10
-0.931159 -0.720324 -1.181458 10
1.876156 5.971671 0.040174 5
1.355363 1.997739 -0.667770 11
1.283107 2.001646 -0.664940 11
1.211480 2.012613 -0.660894 11
0.973257 -0.242905 -1.064491 10
0.910097 -0.443701 -1.099283 10
0.859033 -0.493900 -1.107055 10
0.803716 -0.663692 -1.136487 10
0.754287 -0.759618 -1.152677 10
0.706507 -0.865581 -1.170764 10
0.661879 -0.899623 -1.175891 10
0.617985 -0.921461 -1.178849 10
0.574663 -0.974599 -1.187537 10
0.532482 -1.035623 -1.197712 10
0.491440 -1.095107 -1.207662 10
0.449762 -1.102292 -1.208126 10
0.409653 -1.142855 -1.214716 10
0.369127 -1.161493 -1.217342 10
0.324526 -1.110634 -1.207291 10
0.284046 -1.130546 -1.210208 10
0.246167 -1.177874 -1.218185 10
0.209819 -1.232418 -1.227529 10
0.163732 -1.182217 -1.217688 10
0.117520 -1.140447 -1.209409 10
0.065856 -1.061574 -1.194326 10
0.027288 -1.094355 -1.199792 10
-0.010886 -1.126083 -1.205101 10
-0.060130 -1.081630 -1.196411 10
-0.098402 -1.111116 -1.201370 10
-0.148474 -1.069380 -1.193227 10
-0.178115 -1.145180 -1.206794 10
-0.216226 -1.169747 -1.210944 10
-0.285432 -1.038983 -1.186435 10
-0.334674 -1.015422 -1.181745 10
-0.374274 -1.038112 -1.185630 10
-0.406979 -1.089201 -1.194799 10
-0.461656 -1.046467 -1.186648 10
-0.511868 -1.025623 -1.182573 10
-0.541366 -1.085684 -1.193499 10
-0.615886 -0.977969 -1.173402 10
-0.714980 -0.792776 -1.138984 10
-0.752911 -0.828612 -1.145516 10
-0.809349 -0.802394 -1.140589 10
-0.885208 -0.717519 -1.124832 10
1.884517 5.988483 0.174309 5
1.360842 2.012159 -0.579959 11
1.289682 2.031504 -0.574203 11
1.216476 2.029543 -0.572554 11
0.975146 -0.249063 -1.006531 10
0.912444 -0.440067 -1.041786 10
0.860760 -0.498121 -1.051665 10
0.802767 -0.724538 -1.093944 10
0.756557 -0.740135 -1.095814 10
0.706220 -0.934607 -1.132165 10
0.662736 -0.928765 -1.130014 10
0.619330 -0.888790 -1.121297 10
0.575583 -0.948806 -1.131912 10
0.534342 -1.103265 -1.160847 10
0.490886 -1.039843 -1.147679 10
0.448724 -1.052234 -1.149206 10
0.406715 -1.063260 -1.150498 10
0.369901 -1.168331 -1.170086 10
0.327603 -1.154653 -1.166650 10
0.286610 -1.163247 -1.167566 10
0.243474 -1.144665 -1.163216 10
0.204024 -1.170518 -1.167546 10
0.163671 -1.183345 -1.169366 10
0.116088 -1.130348 -1.158361 10
0.074244 -1.133583 -1.158352 10
0.029014 -1.111498 -1.153415 10
-0.008783 -1.145503 -1.159473 10
-0.054144 -1.126134 -1.155111 10
-0.087507 -1.183843 -1.165871 10
-0.131916 -1.171499 -1.162934 10
-0.177352 -1.155653 -1.159329 10
-0.224556 -1.133056 -1.154419 10
-0.270358 -1.120419 -1.151484 10
-0.327715 -1.055494 -1.138295 10
-0.365754 -1.083892 -1.143465 10
-0.424380 -1.022394 -1.130982 10
-0.469818 -1.021017 -1.130344 10
-0.509611 -1.042781 -1.134286 10
-0.548944 -1.065394 -1.138424 10
-0.616287 -0.985262 -1.122347 10
-0.688380 -0.895228 -1.104334 10
-0.746106 -0.860991 -1.097335 10
-0.776024 -0.920637 -1.108870 10
1.889833 5.978143 0.303919 5
1.368351 2.045780 -0.487568 11
1.291600 2.011366 -0.492526 11
1.221029 2.040827 -0.484601 11
0.980261 -0.211896 -0.939669 10
0.916136 -0.415775 -0.979765 10
0.857510 -0.593444 -1.014659 10
0.804485 -0.725090 -1.040293 10
0.757961 -0.745969 -1.043435 10
0.710006 -0.840783 -1.061698 10
0.663989 -0.931596 -1.079211 10
0.620563 -0.880077 -1.067673 10
0.576451 -0.906236 -1.072040 10
0.534527 -1.052803 -1.101119 10
0.491380 -1.027686 -1.095055 10
0.450049 -1.071988 -1.103259 10
0.409157 -1.107050 -1.109601 10
0.368424 -1.132870 -1.114075 10
0.322349 -1.066704 -1.099632 10
0.284459 -1.131343 -1.112150 10
0.247083 -1.187526 -1.122967 10
0.204547 -1.176796 -1.120004 10
0.164528 -1.193411 -1.122709 10
0.118453 -1.154027 -1.113853 10
0.072795 -1.125177 -1.107185 10
0.037231 -1.177639 -1.117373 10
-0.007102 -1.161936 -1.113462 10
-0.045613 -1.187240 -1.118075 10
-0.080706 -1.231212 -1.126589 10
-0.121569 -1.237375 -1.127279 10
-0.160127 -1.256227 -1.130627 10
-0.221234 -1.156930 -1.109417 10
-0.256500 -1.195629 -1.116928 10
-0.315069 -1.122133 -1.101096 10
-0.358316 -1.124710 -1.101121 10
-0.427897 -1.015239 -1.077799 10
-0.467058 -1.040424 -1.082568 10
-0.517013 -1.021979 -1.078253 10
-0.577481 -0.966148 -1.066145 10
-0.643874 -0.893910 -1.050617 10
-0.694207 -0.883976 -1.048121 10
-0.734897 -0.908118 -1.052770 10
-0.795836 -0.865587 -1.043493 10
1.443405 2.020816 -0.408482 11
1.366771 1.991920 -0.412697 11
1.295069 2.007663 -0.407409 11
1.217838 1.960382 -0.415643 11
0.983853 -0.195683 -0.876170 10
0.920210 -0.386094 -0.915765 10
0.864268 -0.505904 -0.940298 10
0.804195 -0.770176 -0.995995 10
0.759539 -0.746970 -0.989906 10
0.711585 -0.835851 -1.007997 10
0.665658 -0.908153 -1.022567 10
0.621398 -0.940406 -1.028532 10
0.577955 -1.019292 -1.044616 10
0.535287 -1.042254 -1.048641 10
0.492714 -1.050771 -1.049561 10
0.450535 -1.066728 -1.052114 10
0.410884 -1.134522 -1.065947 10
0.366270 -1.084534 -1.054221 10
0.324888 -1.102207 -1.057210 10
0.283378 -1.114067 -1.058956 10
0.248215 -1.200486 -1.076972 10
0.211042 -1.247491 -1.086437 10
0.167384 -1.222958 -1.080315 10
0.122113 -1.189183 -1.072179 10
0.076714 -1.160585 -1.065177 10
0.038540 -1.191561 -1.071218 10
-0.012404 -1.129384 -1.056880 10
-0.040242 -1.227525 -1.077677 10
-0.077485 -1.256478 -1.083343 10
-0.119261 -1.256577 -1.082697 10
-0.166415 -1.228027 -1.075772 10
-0.217895 -1.180849 -1.064756 10
-0.259714 -1.186685 -1.065402 10
-0.302756 -1.187015 -1.064851 10
-0.352871 -1.156514 -1.057522 10
-0.424144 -1.039176 -1.031057 10
-0.467068 -1.048473 -1.032504 10
-0.527226 -0.990273 -1.019071 10
-0.566048 -1.017834 -1.024576 10
-0.646338 -0.893949 -0.996638 10
-0.680347 -0.941481 -1.006582 10
-0.734430 -0.918969 -1.001057 10
1.444858 1.996341 -0.327407 11
1.374363 2.025729 -0.318910 11
1.297757 1.995593 -0.323851 11
1.225160 2.004047 -0.320115 11
0.984869 -0.214044 -0.819821 10
0.920274 -0.418275 -0.864797 10
0.863610 -0.553406 -0.894230 10
0.807038 -0.746041 -0.936784 10
0.757226 -0.856979 -0.960893 10
0.708947 -0.994274 -0.991056 10
0.665457 -1.002688 -0.991972 10
0.622080 -1.021305 -0.995228 10
0.579027 -1.028534 -0.995908 10
0.535483 -0.989497 -0.986047 10
0.493202 -1.037933 -0.996157 10
0.453453 -1.134379 -1.017275 10
0.411131 -1.127813 -1.014874 10
0.369599 -1.139312 -1.016618 10
0.327201 -1.134157 -1.014560 10
0.286488 -1.154269 -1.018308 10
0.251769 -1.242698 -1.037761 10
0.210628 -1.243657 -1.037157 10
0.164251 -1.194170 -1.024959 10
0.119230 -1.166228 -1.017711 10
0.078854 -1.181458 -1.020409 10
0.032824 -1.152540 -1.012942 10
-0.012882 -1.130717 -1.007112 10
-0.042451 -1.218134 -1.026514 10
-0.078545 -1.255433 -1.034372 10
-0.127392 -1.215435 -1.024371 10
-0.165917 -1.236973 -1.028611 10
-0.216026 -1.197124 -1.018645 10
-0.266199 -1.161744 -1.009710 10
-0.304315 -1.186892 -1.014816 10
-0.343979 -1.203614 -1.017983 10
-0.420486 -1.062664 -0.984524 10
-0.468337 -1.051396 -0.981184 10
-0.521990 -1.019178 -0.972973 10
-0.568346 -1.017757 -0.971933 10
-0.643421 -0.913482 -0.946932 10
-0.694971 -0.899649 -0.942998 10
-0.753261 -0.865062 -0.934224 10
1.450141 2.005039 -0.238609 11
1.376058 2.003158 -0.237258 11
1.292304 1.898332 -0.260356 2
1.220475 1.906876 -0.256586 2
0.988206 -0.201687 -0.756289 10
0.923006 -0.409661 -0.804577 10
0.864650 -0.570021 -0.841627 10
0.804981 -0.829008 -0.902282 10
0.755881 -0.938286 -0.927325 10
0.710395 -0.993129 -0.939417 10
0.667222 -0.973768 -0.933793 10
0.623019 -1.056415 -0.952590 10
0.579933 -0.989517 -0.935594 10
0.536449 -0.992384 -0.935309 10
0.495559 -1.105112 -0.961407 10
0.454703 -1.152216 -0.971792 10
0.412974 -1.158089 -0.972288 10
0.371074 -1.159236 -0.971654 10
0.332831 -1.218904 -0.985126 10
0.290488 -1.206725 -0.981304 10
0.250494 -1.226577 -0.985213 10
0.206347 -1.198134 -0.977469 10
0.162486 -1.178734 -0.971905 10
0.121799 -1.191682 -0.974166 10
0.082040 -1.210837 -0.977940 10
0.037958 -1.195295 -0.973316 10
-0.006942 -1.176982 -0.968019 10
-0.044866 -1.207447 -0.974562 10
-0.081488 -1.242870 -0.982327 10
-0.127571 -1.220323 -0.976012 10
-0.171280 -1.213986 -0.973637 10
-0.220489 -1.180706 -0.964700 10
-0.254443 -1.226324 -0.974989 10
-0.289479 -1.263288 -0.983189 10
-0.343426 -1.213476 -0.970216 10
-0.403240 -1.143895 -0.952396 10
-0.457617 -1.103174 -0.941611 10
-0.532376 -0.987009 -0.912347 10
-0.573888 -1.005556 -0.916041 10
-0.650809 -0.895813 -0.888294 10
-0.693999 -0.912212 -0.891457 10
-0.768295 -0.824144 -0.868978 10
1.457895 2.034731 -0.143920 11
1.351826 1.736422 -0.216443 2
1.286249 1.795665 -0.200038 2
1.216030 1.813390 -0.193965 2
0.991231 -0.193749 -0.693247 10
0.923132 -0.440667 -0.753741 10
0.852471 -0.821326 -0.847792 10
0.805666 -0.851717 -0.854361 10
0.759178 -0.890915 -0.863153 10
0.712239 -0.977387 -0.883819 10
0.668009 -1.005138 -0.889790 10
0.624991 -0.935429 -0.871299 10
0.581148 -1.038855 -0.896303 10
0.538345 -1.065826 -0.902118 10
0.498245 -1.187452 -0.931784 10
0.455733 -1.163470 -0.924805 10
0.415605 -1.206823 -0.934804 10
0.373988 -1.206431 -0.933779 10
0.331701 -1.196214 -0.930271 10
0.295348 -1.271043 -0.948272 10
0.254408 -1.273160 -0.947898 10
0.207893 -1.215438 -0.932365 10
0.160543 -1.161586 -0.917788 10
0.125442 -1.226640 -0.933369 10
0.086207 -1.248158 -0.937918 10
0.036961 -1.191877 -0.922696 10
-0.011750 -1.148044 -0.910617 10
-0.047245 -1.197046 -0.922163 10
-0.087202 -1.213414 -0.925412 10
-0.121804 -1.259488 -0.936246 10
-0.164724 -1.255952 -0.934432 10
-0.219361 -1.193184 -0.917476 10
-0.260065 -1.205695 -0.919748 10
-0.292412 -1.256710 -0.931882 10
-0.368038 -1.111556 -0.893770 10
-0.402422 -1.155132 -0.903995 10
-0.455114 -1.121402 -0.894394 10
-0.528934 -1.008904 -0.864539 10
-0.588258 -0.960408 -0.851089 10
-0.642778 -0.933768 -0.843239 10
-0.703387 -0.888864 -0.830670 10
-0.747601 -0.902850 -0.833261 10
1.432563 1.780590 -0.121983 2
1.361529 1.790207 -0.117890 2
1.279605 1.687803 -0.143027 6
1.212959 1.736581 -0.128720 6
0.998164 -0.135133 -0.616427 10
0.926345 -0.425167 -0.691143 10
0.868808 -0.566485 -0.727046 10
0.807641 -0.846658 -0.799399 10
0.760363 -0.902065 -0.812921 10
0.713988 -0.965864 -0.828668 10
0.669035 -1.021728 -0.842356 10
0.625934 -0.972448 -0.828418 10
0.582223 -1.047213 -0.847103 10
0.540091 -1.129685 -0.867849 10
0.499259 -1.197863 -0.884861 10
0.457819 -1.206862 -0.886286 10
0.414950 -1.179000 -0.877977 10
0.372755 -1.175137 -0.875995 10
0.330967 -1.179734 -0.876247 10
0.287284 -1.157762 -0.869462 10
0.245262 -1.161923 -0.869589 10
0.202458 -1.157502 -0.867437 10
0.169814 -1.253524 -0.891945 10
0.131476 -1.282744 -0.898743 10
0.085295 -1.244143 -0.887514 10
0.039760 -1.217014 -0.879315 10
-0.001574 -1.223814 -0.880138 10
-0.040135 -1.248564 -0.885746 10
-0.081914 -1.251322 -0.885491 10
-0.118018 -1.287178 -0.894074 10
-0.164267 -1.264694 -0.887069 10
-0.216083 -1.216721 -0.873225 10
-0.253585 -1.244292 -0.879589 10
-0.292175 -1.264933 -0.884101 10
-0.359911 -1.155212 -0.853633 10
-0.408464 -1.137301 -0.847764 10
-0.464461 -1.091536 -0.834391 10
-0.510472 -1.089196 -0.832673 10
-0.573437 -1.024542 -0.814160 10
-0.640762 -0.950017 -0.792945 10
-0.686662 -0.955995 -0.793410 10
-0.743789 -0.924981 -0.783875 10
-0.798386 -0.905153 -0.777340 10
1.439135 1.800611 -0.030896 2
1.358062 1.720465 -0.051241 6
1.281504 1.668752 -0.063852 6
1.211712 1.681348 -0.058913 6
0.996411 -0.189975 -0.568860 10
0.930390 -0.397678 -0.624555 10
0.872738 -0.532668 -0.660427 10
0.809737 -0.839337 -0.743384 10
0.760305 -0.946703 -0.771824 10
0.714785 -0.989964 -0.782713 10
0.670534 -1.010674 -0.787421 10
0.627019 -0.988012 -0.780211 10
0.583305 -1.057498 -0.798331 10
0.541183 -1.143764 -0.821095 10
0.499426 -1.170867 -0.827589 10
0.458166 -1.197354 -0.833918 10
0.414643 -1.159070 -0.822376 10
0.372829 -1.168529 -0.823996 10
0.328907 -1.142043 -0.815675 10
0.290125 -1.194337 -0.829131 10
0.251591 -1.237680 -0.840126 10
0.209048 -1.229184 -0.836763 10
0.171721 -1.273804 -0.848124 10
0.134126 -1.308834 -0.856835 10
0.085809 -1.251744 -0.839951 10
0.037825 -1.206592 -0.826350 10
0.001984 -1.253294 -0.838292 10
-0.035073 -1.286652 -0.846529 10
-0.076509 -1.289874 -0.846367 10
-0.115679 -1.306505 -0.849940 10
-0.162733 -1.279287 -0.841257 10
-0.212120 -1.243737 -0.830217 10
-0.266747 -1.187011 -0.813218 10
-0.326168 -1.114304 -0.791698 10
-0.367754 -1.128071 -0.794387 10
-0.424921 -1.075532 -0.778450 10
-0.464058 -1.101310 -0.784487 10
-0.500321 -1.136961 -0.793303 10
-0.585346 -0.988810 -0.750353 10
-0.629771 -0.998430 -0.751791 10
-0.684527 -0.972541 -0.743196 10
-0.739491 -0.948691 -0.735148 10
-0.788687 -0.945918 -0.733033 10
-0.832636 -0.960501 -0.735814 10
1.440943 1.779826 0.049589 2
1.350185 1.610324 0.002759 6
1.286405 1.680381 0.024123 6
1.214223 1.669345 0.022415 6
1.000554 -0.168408 -0.500426 10
0.930757 -0.425163 -0.572641 10
0.863419 -0.729723 -0.658610 10
0.815210 -0.761325 -0.666651 10
0.762878 -0.920633 -0.711236 10
0.715111 -1.030896 -0.741833 10
0.671102 -1.053613 -0.747378 10
0.627599 -1.070624 -0.751285 10
0.584417 -1.079306 -0.752797 10
0.541423 -1.089717 -0.754797 10
0.498418 -1.091052 -0.754181 10
0.455422 -1.092529 -0.753594 10
0.416088 -1.180149 -0.777801 10
0.375226 -1.206017 -0.784240 10
0.333244 -1.206439 -0.783339 10
0.289892 -1.188620 -0.777159 10
0.249288 -1.209113 -0.782027 10
0.207949 -1.217992 -0.783534 10
0.168576 -1.244989 -0.790275 10
0.139204 -1.356395 -0.821472 10
0.089445 -1.284694 -0.799616 10
0.039981 -1.226892 -0.781742 10
0.012925 -1.334161 -0.811778 10
-0.028513 -1.334410 -0.810738 10
-0.075057 -1.304261 -0.800835 10
-0.126086 -1.252700 -0.784661 10
-0.168499 -1.254339 -0.783958 10
-0.210029 -1.261115 -0.784740 10
-0.261287 -1.220628 -0.771698 10
-0.322504 -1.138709 -0.746496 10
-0.368774 -1.131220 -0.743021 10
-0.417295 -1.115715 -0.737176 10
-0.454724 -1.147190 -0.745088 10
-0.503227 -1.133991 -0.739878 10
-0.588967 -0.984119 -0.694449 10
-0.635326 -0.987503 -0.694022 10
-0.684790 -0.980811 -0.690608 10
-0.732898 -0.979984 -0.688899 10
-0.773483 -1.004206 -0.694567 10
1.446160 1.787768 0.138646 2
1.373267 1.786655 0.139658 2
1.300700 1.787202 0.141189 2
1.229285 1.799530 0.146246 2
1.006111 -0.129212 -0.425831 10
0.931981 -0.439892 -0.517213 10
0.865803 -0.722308 -0.600287 10
0.814820 -0.807156 -0.624593 10
0.764793 -0.912706 -0.655091 10
0.717303 -1.004218 -0.681428 10
0.671680 -1.094992 -0.707568 10
0.628709 -1.080428 -0.702253 10
0.585496 -1.088184 -0.703590 10
0.541660 -1.033026 -0.686084 10
0.498486 -1.057844 -0.692490 10
0.455898 -1.086093 -0.699919 10
0.417892 -1.209750 -0.735967 10
0.375770 -1.208286 -0.734490 10
0.334762 -1.225853 -0.738714 10
0.292827 -1.226518 -0.737845 10
0.249033 -1.205297 -0.730371 10
0.207385 -1.212568 -0.731451 10
0.166061 -1.222327 -0.733268 10
0.133416 -1.307838 -0.757935 10
0.084736 -1.249924 -0.739301 10
0.035870 -1.200229 -0.723100 10
0.004983 -1.283485 -0.747094 10
-0.033510 -1.307025 -0.753024 10
-0.089105 -1.224277 -0.726712 10
-0.137434 -1.193695 -0.716168 10
-0.169520 -1.255163 -0.733557 10
-0.212969 -1.252719 -0.731520 10
-0.254305 -1.261577 -0.732903 10
-0.320080 -1.157341 -0.699793 10
-0.377154 -1.101951 -0.681500 10
-0.416677 -1.126271 -0.687498 10
-0.446943 -1.186686 -0.704528 10
-0.545857 -0.977461 -0.639015 10
-0.598845 -0.956264 -0.630969 10
-0.643504 -0.967311 -0.632778 10
-0.677747 -1.014229 -0.645590 10
-0.727880 -1.005989 -0.641441 10
1.479223 2.029088 0.300530 11
1.404559 2.036216 0.304034 11
1.327392 2.018026 0.299749 11
1.250461 1.996864 0.294574 11
1.179406 2.043540 0.310421 11
0.934137 -0.441046 -0.457540 10
0.866407 -0.745697 -0.550955 10
0.818855 -0.760902 -0.554721 10
0.767868 -0.874869 -0.589115 10
0.719234 -0.987750 -0.623198 10
0.673954 -1.041908 -0.639062 10
0.630750 -0.974925 -0.617260 10
0.586543 -1.079403 -0.648759 10
0.542084 -0.989338 -0.619703 10
0.500876 -1.128768 -0.662102 10
0.457847 -1.125184 -0.659942 10
0.418877 -1.220068 -0.688494 10
0.377934 -1.241454 -0.694112 10
0.335888 -1.238991 -0.692261 10
0.292707 -1.222345 -0.685949 10
0.250254 -1.219312 -0.683869 10
0.207687 -1.216482 -0.681827 10
0.167426 -1.237372 -0.687203 10
0.129790 -1.278460 -0.698910 10
0.089752 -1.294052 -0.702603 10
0.043404 -1.260795 -0.690912 10
0.008488 -1.312511 -0.705938 10
-0.038138 -1.282142 -0.695094 10
-0.083469 -1.264218 -0.688133 10
-0.130453 -1.239742 -0.679066 10
-0.174467 -1.234838 -0.676146 10
-0.209125 -1.279066 -0.688749 10
-0.246959 -1.304196 -0.695304 10
-0.292901 -1.290247 -0.689452 10
-0.361770 -1.177454 -0.652169 10
-0.418235 -1.127687 -0.634817 10
-0.464271 -1.124996 -0.632386 10
-0.554058 -0.954495 -0.576439 10
-0.595378 -0.978044 -0.582252 10
-0.638500 -0.994236 -0.585700 10
-0.683310 -1.004318 -0.587175 10
-0.755658 -0.923498 -0.559510 10
1.406733 2.017144 0.388851 11
1.331232 2.016111 0.389775 11
1.257509 2.033291 0.396599 11
1.176953 1.967003 0.376623 11
0.935825 -0.449189 -0.399728 10
0.878907 -0.566759 -0.436638 10
0.819540 -0.784425 -0.505824 10
0.769492 -0.875617 -0.534285 10
0.721918 -0.945629 -0.555922 10
0.675973 -1.004900 -0.574093 10
0.631259 -1.061264 -0.591324 10
0.587616 -1.079109 -0.596098 10
0.543506 -1.027657 -0.578428 10
0.500697 -1.083590 -0.595483 10
0.459858 -1.166474 -0.621272 10
0.418540 -1.198975 -0.630734 10
0.378430 -1.242767 -0.643852 10
0.334945 -1.218982 -0.635011 10
0.295428 -1.257314 -0.646328 10
0.252142 -1.241401 -0.639985 10
0.209195 -1.233393 -0.636180 10
0.169926 -1.263421 -0.644742 10
0.133362 -1.312697 -0.659575 10
0.096617 -1.353099 -0.671512 10
0.039981 -1.239352 -0.633046 10
0.001834 -1.270975 -0.642054 10
-0.035421 -1.304932 -0.651818 10
-0.080259 -1.289364 -0.645333 10
-0.133995 -1.225599 -0.622985 10
-0.165243 -1.291010 -0.643013 10
-0.201690 -1.323707 -0.652293 10
-0.248863 -1.301919 -0.643621 10
-0.323950 -1.154389 -0.593438 10
-0.355330 -1.213436 -0.611306 10
-0.411018 -1.165995 -0.593989 10
-0.462473 -1.140452 -0.583847 10
-0.531760 -1.049166 -0.551867 10
-0.580285 -1.042792 -0.547943 10
-0.634163 -1.018745 -0.538106 10
-0.707630 -0.930307 -0.506793 10
-0.742551 -0.976332 -0.520145 10
1.404767 1.960413 0.461295 11
1.331845 1.981641 0.469546 11
1.260538 2.024219 0.484984 11
1.188616 2.068493 0.501056 11
0.938395 -0.444752 -0.337478 10
0.881300 -0.561221 -0.375494 10
0.824322 -0.724414 -0.429151 10
0.772120 -0.850901 -0.470552 10
0.725319 -0.880003 -0.479351 10
0.677552 -0.993121 -0.516290 10
0.632478 -1.060612 -0.537943 10
0.588792 -1.142185 -0.564321 10
0.544927 -1.066836 -0.537998 10
0.502200 -1.114658 -0.553008 10
0.460968 -1.179722 -0.573810 10
0.417787 -1.167763 -0.568683 10
0.379621 -1.257342 -0.597728 10
0.337829 -1.260294 -0.597579 10
0.296585 -1.270731 -0.599927 10
0.253861 -1.261449 -0.595588 10
0.212270 -1.267169 -0.596282 10
0.172005 -1.285385 -0.601175 10
0.136543 -1.343459 -0.619546 10
0.099552 -1.380281 -0.630716 10
0.036972 -1.221078 -0.575356 10
0.007464 -1.314756 -0.605755 10
-0.037638 -1.295788 -0.597881 10
-0.074033 -1.332769 -0.609003 10
-0.124514 -1.285811 -0.591513 10
-0.159778 -1.326819 -0.603961 10
-0.200942 -1.334181 -0.604913 10
-0.276067 -1.177358 -0.549697 10
-0.318314 -1.187827 -0.551584 10
-0.371540 -1.149992 -0.536886 10
-0.409736 -1.179346 -0.545172 10
-0.454431 -1.180952 -0.543910 10
-0.520443 -1.101309 -0.514656 10
-0.583251 -1.040693 -0.491843 10
-0.652786 -0.961744 -0.462608 10
-0.707683 -0.939575 -0.452866 10
-0.749530 -0.962877 -0.458785 10
1.337097 1.993412 0.565147 11
1.261881 1.996252 0.567285 11
1.188883 2.026038 0.578820 11
0.941777 -0.428993 -0.270739 10
0.869254 -0.797933 -0.397770 10
0.823393 -0.780981 -0.391016 10
0.773283 -0.864210 -0.418994 10
0.724690 -0.954308 -0.449353 10
0.678429 -1.019089 -0.470913 10
0.633629 -1.068591 -0.487151 10
0.589805 -1.093935 -0.494966 10
0.546395 -1.111010 -0.499877 10
0.503856 -1.153131 -0.513488 10
0.460513 -1.143635 -0.509081 10
0.420120 -1.209949 -0.531092 10
0.377214 -1.202811 -0.527444 10
0.339910 -1.288773 -0.556303 10
0.297438 -1.279960 -0.552013 10
0.254906 -1.273348 -0.548452 10
0.214598 -1.292908 -0.554023 10
0.169681 -1.264647 -0.542791 10
0.130486 -1.292737 -0.551290 10
0.094399 -1.342050 -0.567230 10
0.037059 -1.225969 -0.524972 10
0.004503 -1.298966 -0.549186 10
-0.033947 -1.324875 -0.556811 10
-0.075342 -1.330472 -0.557247 10
-0.107263 -1.390143 -0.576753 10
-0.157184 -1.347141 -0.559946 10
-0.217120 -1.258575 -0.526927 10
-0.260485 -1.259818 -0.525635 10
-0.324827 -1.165418 -0.490347 10
-0.371059 -1.159918 -0.486532 10
-0.397931 -1.236720 -0.511956 10
-0.467237 -1.137909 -0.474825 10
-0.515589 -1.128510 -0.469459 10
-0.562810 -1.124887 -0.466099 10
-0.609166 -1.125464 -0.464190 10
-0.712187 -0.933703 -0.393314 10
-0.783432 -0.861104 -0.364947 10
1.343654 2.017650 0.666223 11
1.264664 1.984141 0.655289 11
1.190808 2.004346 0.663692 11
0.946048 -0.401055 -0.198760 10
0.885287 -0.564444 -0.256579 10
0.820326 -0.879761 -0.369017 10
0.772159 -0.935131 -0.388050 10
0.727060 -0.925813 -0.383787 10
0.678554 -1.083636 -0.439653 10
0.634569 -1.100071 -0.444609 10
0.590927 -1.122139 -0.451562 10
0.547807 -1.151262 -0.461029 10
0.503439 -1.094897 -0.439608 10
0.462342 -1.179393 -0.469001 10
0.420462 -1.204598 -0.476963 10
0.377560 -1.200976 -0.474466 10
0.339980 -1.284940 -0.503640 10
0.297548 -1.278906 -0.500207 10
0.255037 -1.274182 -0.497202 10
0.212564 -1.271676 -0.494958 10
0.171298 -1.282142 -0.497382 10
0.127834 -1.272115 -0.492316 10
0.090052 -1.310423 -0.504798 10
0.045936 -1.296399 -0.498190 10
0.001892 -1.285668 -0.492729 10
-0.036549 -1.313320 -0.501233 10
-0.076336 -1.330134 -0.505750 10
-0.113209 -1.362301 -0.515856 10
-0.166756 -1.302167 -0.492119 10
-0.209860 -1.302290 -0.490390 10
-0.254502 -1.295790 -0.486181 10
-0.323711 -1.178112 -0.441028 10
-0.367378 -1.183851 -0.441165 10
-0.401330 -1.230467 -0.456328 10
-0.444007 -1.239057 -0.457445 10
-0.520473 -1.118385 -0.410727 10
-0.568181 -1.113923 -0.406857 10
-0.613791 -1.118084 -0.406125 10
-0.704608 -0.969033 -0.348449 10
-0.798313 -0.822203 -0.291376 10
1.268194 1.979996 0.746688 2
1.194092 1.999330 0.754958 2
0.945620 -0.440114 -0.150478 10
0.887297 -0.566155 -0.196504 10
0.831350 -0.697255 -0.244404 10
0.777410 -0.846135 -0.298919 10
0.727021 -0.978945 -0.347458 10
0.680160 -1.071343 -0.380947 10
0.635771 -1.103132 -0.391832 10
0.592027 -1.127220 -0.399812 10
0.548790 -1.153325 -0.408508 10
0.505768 -1.165101 -0.411819 10
0.462584 -1.164758 -0.410558 10
0.421791 -1.222826 -0.431101 10
0.377454 -1.190357 -0.417734 10
0.341768 -1.308719 -0.460816 10
0.296945 -1.267981 -0.444259 10
0.258595 -1.316491 -0.461127 10
0.215345 -1.302285 -0.454419 10
0.166968 -1.242020 -0.430334 10
0.128758 -1.283021 -0.444272 10
0.080130 -1.233893 -0.424234 10
0.050230 -1.332598 -0.459864 10
0.008731 -1.337744 -0.460198 10
-0.037813 -1.310459 -0.448230 10
-0.081347 -1.305581 -0.444667 10
-0.121875 -1.319151 -0.448037 10
-0.164171 -1.322514 -0.447495 10
-0.199956 -1.359321 -0.459603 10
-0.252817 -1.311022 -0.439338 10
-0.316605 -1.218238 -0.402038 10
-0.364762 -1.203116 -0.394194 10
-0.400966 -1.239983 -0.406120 10
-0.445090 -1.242940 -0.405067 10
-0.507065 -1.178272 -0.378076 10
-0.573486 -1.103317 -0.347012 10
-0.632935 -1.059607 -0.327797 10
-0.742201 -0.850968 -0.245060 10
-0.804398 -0.812329 -0.227469 10
-0.851939 -0.823606 -0.229011 10
1.184941 1.841522 0.788170 2
0.948571 -0.431527 -0.084354 10
0.887095 -0.604405 -0.150018 10
0.834733 -0.668606 -0.173876 10
0.778980 -0.850047 -0.242822 10
0.726277 -1.054596 -0.320681 10
0.681331 -1.081827 -0.330255 10
0.637161 -1.087758 -0.331578 10
0.593138 -1.143593 -0.352100 10
0.549724 -1.150116 -0.353563 10
0.506832 -1.175914 -0.362422 10
0.465788 -1.244690 -0.387855 10
0.422202 -1.218930 -0.376707 10
0.384374 -1.315439 -0.412822 10
0.340485 -1.282989 -0.398985 10
0.298733 -1.290096 -0.400413 10
0.257560 -1.303205 -0.404121 10
0.213970 -1.288166 -0.396853 10
0.173598 -1.308073 -0.403108 10
0.130148 -1.298052 -0.397676 10
0.089140 -1.310177 -0.400810 10
0.054085 -1.365486 -0.420739 10
0.004414 -1.312732 -0.398475 10
-0.042294 -1.286940 -0.386647 10
-0.089250 -1.263716 -0.375745 10
-0.126453 -1.299358 -0.387822 10
-0.161461 -1.343519 -0.403215 10
-0.200124 -1.365241 -0.409782 10
-0.262209 -1.273066 -0.371536 10
-0.311970 -1.246991 -0.359156 10
-0.364245 -1.213232 -0.343659 10
-0.412595 -1.199657 -0.336030 10
-0.447568 -1.241323 -0.350159 10
-0.510321 -1.174434 -0.321299 10
-0.607507 -0.987712 -0.244787 10
-0.639023 -1.047402 -0.265821 10
-0.735512 -0.883468 -0.197928 10
-0.821386 -0.766999 -0.148661 10
1.259631 1.801706 0.864054 2
1.187328 1.825869 0.874580 2
0.949656 -0.449335 -0.027953 10
0.890908 -0.577041 -0.077916 10
0.824730 -0.902403 -0.206417 10
0.780375 -0.858559 -0.188160 10
0.731853 -0.922376 -0.212658 10
0.683888 -1.024358 -0.252313 10
0.638245 -1.104736 -0.283350 10
0.594246 -1.141560 -0.297008 10
0.550618 -1.142194 -0.296196 10
0.507090 -1.147763 -0.297295 10
0.466715 -1.251966 -0.337724 10
0.424190 -1.253028 -0.336942 10
0.382767 -1.275790 -0.344780 10
0.342465 -1.309841 -0.357094 10
0.302838 -1.344274 -0.369526 10
0.260721 -1.340710 -0.366691 10
0.213373 -1.282426 -0.341839 10
0.172834 -1.302519 -0.348365 10
0.132180 -1.318723 -0.353283 10
0.096659 -1.374339 -0.374016 10
0.050947 -1.346385 -0.361070 10
0.001359 -1.296527 -0.339206 10
-0.045795 -1.269832 -0.326589 10
-0.085885 -1.289861 -0.332771 10
-0.124029 -1.319311 -0.342722 10
-0.162346 -1.345317 -0.351244 10
-0.197389 -1.385865 -0.365628 10
-0.269399 -1.245866 -0.306649 10
-0.303269 -1.294245 -0.324080 10
-0.358263 -1.247128 -0.302600 10
-0.398005 -1.268375 -0.308883 10
-0.461773 -1.193224 -0.275746 10
-0.508327 -1.190674 -0.272148 10
-0.597609 -1.033104 -0.204961 10
-0.639086 -1.056483 -0.211752 10
-0.715950 -0.959422 -0.168994 10
-0.821102 -0.778205 -0.091379 10
1.284425 2.026419 1.049138 11
1.195726 1.882824 0.991172 2
0.953680 -0.426501 0.045217 10
0.894137 -0.559831 -0.008730 10
0.824650 -0.940358 -0.164089 10
0.783700 -0.820487 -0.114078 10
0.733167 -0.931326 -0.158717 10
0.685730 -1.003910 -0.187614 10
0.639114 -1.142677 -0.243691 10
0.595364 -1.163801 -0.251369 10
0.551861 -1.167056 -0.251639 10
0.508289 -1.164440 -0.249429 10
0.467238 -1.245998 -0.281852 10
0.428552 -1.344891 -0.321412 10
0.383346 -1.278335 -0.292668 10
0.339192 -1.251787 -0.280350 10
0.298570 -1.282546 -0.291646 10
0.263148 -1.369342 -0.326093 10
0.213550 -1.285017 -0.289657 10
0.169416 -1.271317 -0.282375 10
0.124201 -1.251416 -0.272444 10
0.091966 -1.340136 -0.307557 10
0.052091 -1.359140 -0.313688 10
0.004507 -1.323110 -0.296858 10
-0.038996 -1.318946 -0.293210 10
-0.076856 -1.350030 -0.304201 10
-0.122678 -1.333197 -0.295135 10
-0.162189 -1.352722 -0.301192 10
-0.213103 -1.313429 -0.282566 10
-0.273798 -1.232176 -0.246228 10
-0.317501 -1.237032 -0.245890 10
-0.353513 -1.275624 -0.259673 10
-0.404019 -1.251555 -0.247037 10
-0.453952 -1.232677 -0.236486 10
-0.500375 -1.229547 -0.232487 10
-0.601164 -1.029352 -0.145026 10
-0.632124 -1.090222 -0.167851 10
-0.718874 -0.959304 -0.109265 10
-0.830248 -0.758816 -0.020825 10
1.195718 1.837487 1.066840 2
0.956867 -0.415796 0.114436 10
0.886774 -0.713068 -0.010663 10
0.831096 -0.852513 -0.068957 10
0.784041 -0.855179 -0.069290 10
0.736374 -0.880105 -0.078984 10
0.686622 -1.029970 -0.141585 10
0.640843 -1.098752 -0.169787 10
0.596503 -1.114589 -0.175481 10
0.552971 -1.179002 -0.201742 10
0.509509 -1.182172 -0.201944 10
0.469093 -1.283178 -0.243683 10
0.428134 -1.320812 -0.258447 10
0.383524 -1.272999 -0.236780 10
0.337943 -1.226294 -0.215485 10
0.302533 -1.334778 -0.260285 10
0.259871 -1.328874 -0.256261 10
0.218074 -1.334380 -0.257040 10
0.168031 -1.259812 -0.223506 10
0.123777 -1.250575 -0.217810 10
0.097509 -1.388332 -0.275034 10
0.045217 -1.312463 -0.240658 10
0.001697 -1.308704 -0.237112 10
-0.031733 -1.370951 -0.261873 10
-0.077212 -1.353745 -0.252420 10
-0.121972 -1.343457 -0.245858 10
-0.159722 -1.372458 -0.256167 10
-0.222645 -1.272381 -0.210653 10
-0.263857 -1.287106 -0.214627 10
-0.307212 -1.291479 -0.214054 10
-0.345651 -1.317559 -0.222828 10
-0.400627 -1.273757 -0.201187 10
-0.438624 -1.301737 -0.210650 10
-0.501950 -1.232236 -0.177575 10
-0.582699 -1.105798 -0.119460 10
-0.630822 -1.104118 -0.115640 10
-0.706512 -1.010712 -0.071544 10
-0.738051 -1.068149 -0.093413 10
0.959660 -0.410923 0.182004 10
0.885159 -0.772868 0.024741 10
0.830475 -0.901239 -0.030584 10
0.785325 -0.867171 -0.014938 10
0.738758 -0.856490 -0.009418 10
0.686492 -1.103857 -0.116607 10
0.641803 -1.128571 -0.126457 10
0.597617 -1.172208 -0.144524 10
0.554138 -1.196349 -0.154004 10
0.511305 -1.228379 -0.166880 10
0.469531 -1.274119 -0.185711 10
0.427781 -1.297985 -0.194901 10
0.384655 -1.286140 -0.188355 10
0.342122 -1.288673 -0.188046 10
0.301011 -1.310987 -0.196363 10
0.262162 -1.355842 -0.214544 10
0.215235 -1.304549 -0.190332 10
0.173427 -1.313889 -0.192738 10
0.132909 -1.333628 -0.199668 10
0.098151 -1.397106 -0.225864 10
0.047620 -1.334639 -0.196339 10
0.000326 -1.304261 -0.180886 10
-0.038706 -1.331717 -0.190963 10
-0.070528 -1.399702 -0.218979 10
-0.117683 -1.373933 -0.205326 10
-0.163101 -1.361124 -0.197333 10
-0.208228 -1.351975 -0.190875 10
-0.256561 -1.329295 -0.178288 10
-0.305247 -1.308059 -0.166235 10
-0.346398 -1.322205 -0.169903 10
-0.400375 -1.282999 -0.149596 10
-0.442443 -1.295030 -0.152145 10
-0.484327 -1.307603 -0.154866 10
-0.574252 -1.145640 -0.078928 10
-0.651490 -1.041398 -0.028688 10
-0.705058 -1.025364 -0.018043 10
-0.745423 -1.054124 -0.027549 10
0.960509 -0.432807 0.238312 10
0.882762 -0.844498 0.053839 10
0.832772 -0.894324 0.032103 10
0.784117 -0.938076 0.013168 10
0.738763 -0.908171 0.027458 10
0.688348 -1.084348 -0.050968 10
0.643833 -1.062714 -0.040258 10
0.598863 -1.051321 -0.034075 10
0.555606 -1.245042 -0.120328 10
0.513014 -1.270804 -0.130796 10
0.470817 -1.292660 -0.139438 10
0.426680 -1.256529 -0.121806 10
0.387093 -1.324804 -0.151296 10
0.341775 -1.277715 -0.128533 10
0.300152 -1.296341 -0.135429 10
0.264071 -1.378197 -0.170930 10
0.218324 -1.338461 -0.151235 10
0.179536 -1.374813 -0.165991 10
0.137002 -1.372397 -0.163071 10
0.102550 -1.436052 -0.190146 10
0.043924 -1.311681 -0.131516 10
0.008661 -1.366470 -0.154416 10
-0.033237 -1.372197 -0.154881 10
-0.076005 -1.372789 -0.152921 10
-0.117159 -1.383194 -0.155371 10
-0.162874 -1.369031 -0.146484 10
-0.208413 -1.358089 -0.138973 10
-0.241488 -1.408415 -0.159529 10
-0.300020 -1.339412 -0.125123 10
-0.340822 -1.354182 -0.129162 10
-0.380684 -1.372319 -0.134686 10
-0.435126 -1.332292 -0.113241 10
-0.516657 -1.194213 -0.046219 10
-0.599297 -1.064101 0.017416 10
-0.668063 -0.993306 0.053784 10
-0.741489 -0.913155 0.094729 10
0.970153 -0.336211 0.349548 10
0.885840 -0.829504 0.121744 10
0.834582 -0.897004 0.091130 10
0.785960 -0.936855 0.073397 10
0.739229 -0.944958 0.070457 10
0.691038 -1.028179 0.032765 10
0.644871 -1.087435 0.006245 10
0.600024 -1.073966 0.013545 10
0.556110 -1.191577 -0.039946 10
0.513028 -1.227771 -0.055577 10
0.471474 -1.290342 -0.083412 10
0.426968 -1.248848 -0.062771 10
0.384635 -1.267662 -0.070106 10
0.339934 -1.242378 -0.056814 10
0.299058 -1.278386 -0.072011 10
0.265510 -1.394841 -0.124711 10
0.213722 -1.289698 -0.073866 10
0.177120 -1.353382 -0.101815 10
0.137057 -1.375755 -0.110394 10
0.097226 -1.396989 -0.118375 10
0.046561 -1.335624 -0.087531 10
0.011178 -1.388711 -0.110303 10
-0.035045 -1.366156 -0.097467 10
-0.075877 -1.379515 -0.101429 10
-0.123612 -1.353305 -0.086659 10
-0.166488 -1.356634 -0.085712 10
-0.205169 -1.381431 -0.094828 10
-0.249514 -1.377587 -0.090323 10
-0.304461 -1.327060 -0.063584 10
-0.346275 -1.338644 -0.066173 10
-0.393038 -1.329689 -0.058912 10
-0.430534 -1.358773 -0.069660 10
-0.519915 -1.190880 0.013637 10
-0.600269 -1.070010 0.074832 10
-0.655640 -1.046226 0.089850 10
-0.749435 -0.896747 0.165314 10
0.969640 -0.377211 0.398526 10
0.893378 -0.745620 0.223519 10
0.832491 -0.972655 0.115919 10
0.785207 -0.996118 0.105431 10
0.738589 -1.015161 0.097138 10
0.693225 -0.996892 0.106740 10
0.646191 -1.088176 0.064131 10
0.601184 -1.097742 0.060613 10
0.557138 -1.191891 0.016750 10
0.513176 -1.190193 0.018769 10
0.469863 -1.212109 0.009580 10
0.426578 -1.224173 0.005185 10
0.385033 -1.266214 -0.013495 10
0.339609 -1.231573 0.004668 10
0.297490 -1.253789 -0.004346 10
0.254183 -1.256743 -0.004031 10
0.219714 -1.354828 -0.049379 10
0.181109 -1.393810 -0.066273 10
0.144095 -1.440284 -0.086723 10
0.088236 -1.328666 -0.030866 10
0.045674 -1.333541 -0.031058 10
0.001558 -1.327885 -0.026068 10
-0.033451 -1.381884 -0.049855 10
-0.074541 -1.393493 -0.053065 10
-0.115248 -1.406662 -0.056952 10
-0.162548 -1.384284 -0.043485 10
-0.205718 -1.385798 -0.041517 10
-0.250209 -1.381714 -0.036725 10
-0.297349 -1.366918 -0.026599 10
-0.345339 -1.350696 -0.015652 10
-0.388925 -1.354842 -0.014549 10
-0.477984 -1.181116 0.073876 10
-0.520459 -1.197855 0.069138 10
-0.610676 -1.041972 0.149423 10
-0.661038 -1.037259 0.155578 10
-0.752493 -0.896819 0.228890 10
-0.847515 -0.756145 0.302701 10
0.971269 -0.389542 0.461164 10
0.909206 -0.535156 0.390314 10
0.843559 -0.804507 0.258853 10
0.787004 -0.996297 0.165471 10
0.738531 -1.066769 0.131665 10
0.693571 -1.048505 0.141497 10
0.646641 -1.161518 0.086954 10
0.602293 -1.151521 0.092907 10
0.558262 -1.201902 0.069274 10
0.514660 -1.220533 0.061329 10
0.471007 -1.225101 0.060394 10
0.427734 -1.237516 0.055686 10
0.384484 -1.246039 0.052984 10
0.340787 -1.245171 0.055007 10
0.296683 -1.239709 0.059396 10
0.260485 -1.332321 0.015416 10
0.221076 -1.370184 -0.001466 10
0.177564 -1.361533 0.004746 10
0.141802 -1.423100 -0.023743 10
0.087217 -1.324310 0.027372 10
0.038046 -1.281801 0.050734 10
0.006432 -1.366331 0.011066 10
-0.030407 -1.406857 -0.006691 10
-0.069930 -1.427011 -0.014241 10
-0.112820 -1.426687 -0.011494 10
-0.161321 -1.397595 0.005737 10
-0.202886 -1.407097 0.003792 10
-0.247187 -1.403493 0.008507 10
-0.310276 -1.316541 0.055182 10
-0.348692 -1.344401 0.044365 10
-0.404876 -1.297876 0.071080 10
-0.486454 -1.156866 0.145653 10
-0.533632 -1.157539 0.148980 10
-0.608151 -1.060688 0.201801 10
-0.667326 -1.025364 0.223716 10
-0.750635 -0.913357 0.284790 10
-0.855795 -0.740484 0.377203 10
0.974386 -0.382441 0.534009 10
0.910680 -0.548453 0.450823 10
0.847507 -0.769899 0.339762 10
0.788151 -1.011661 0.218505 10
0.741241 -1.035214 0.207384 10
0.697592 -0.939577 0.256526 10
0.649250 -1.059479 0.196965 10
0.603441 -1.176678 0.138818 10
0.558741 -1.135941 0.160557 10
0.514858 -1.183688 0.137664 10
0.472288 -1.242593 0.109197 10
0.429263 -1.260082 0.101770 10
0.385112 -1.248886 0.108973 10
0.344646 -1.302483 0.083419 10
0.299403 -1.274660 0.099260 10
0.260547 -1.332245 0.071829 10
0.221875 -1.379498 0.049703 10
0.176307 -1.351367 0.066011 10
0.139622 -1.406964 0.039781 10
0.090260 -1.352499 0.069745 10
0.037501 -1.282400 0.107859 10
0.001855 -1.340217 0.080755 10
-0.035676 -1.378969 0.063448 10
-0.072171 -1.419725 0.045171 10
-0.115857 -1.416169 0.049691 10
-0.156809 -1.428244 0.046291 10
-0.204285 -1.407327 0.059964 10
-0.241743 -1.436720 0.047844 10
-0.314208 -1.306845 0.118018 10
-0.363575 -1.288895 0.130640 10
-0.418981 -1.248778 0.154892 10
-0.480074 -1.190812 0.188594 10
-0.543575 -1.129589 0.224217 10
-0.589658 -1.136752 0.224474 10
-0.652493 -1.086486 0.254803 10
-0.762184 -0.885439 0.364167 10
0.977485 -0.376034 0.607473 10
0.914990 -0.518750 0.533998 10
0.849359 -0.774314 0.402131 10
0.788810 -1.038159 0.266021 10
0.743893 -1.006623 0.283121 10
0.697231 -1.022181 0.275914 10
0.650806 -1.045928 0.264562 10
0.604847 -1.086858 0.244389 10
0.560129 -1.173856 0.200372 10
0.515572 -1.172757 0.202208 10
0.472707 -1.230722 0.173434 10
0.431734 -1.306170 0.135628 10
0.389069 -1.317407 0.131320 10
0.343957 -1.285580 0.149559 10
0.300683 -1.289565 0.149250 10
0.256208 -1.278781 0.156758 10
0.215204 -1.308569 0.143181 10
0.163170 -1.226742 0.188078 10
0.132620 -1.348752 0.126421 10
0.092315 -1.372771 0.116115 10
0.045317 -1.344571 0.133299 10
0.004650 -1.364494 0.125342 10
-0.034182 -1.394161 0.112345 10
-0.078248 -1.389737 0.117382 10
-0.123367 -1.380803 0.124917 10
-0.180358 -1.311277 0.164590 10
-0.226118 -1.306014 0.170489 10
-0.263348 -1.342369 0.154466 10
-0.318518 -1.295578 0.182626 10
-0.361766 -1.304972 0.181125 10
-0.427172 -1.224083 0.227798 10
-0.492377 -1.151907 0.270098 10
-0.540028 -1.152228 0.273934 10
-0.602313 -1.101018 0.305485 10
-0.714352 -0.883505 0.426451 10
-0.758853 -0.907039 0.418504 10
0.979766 -0.380778 0.675998 10
0.895822 -0.844851 0.429400 10
0.847612 -0.843920 0.430413 10
0.795562 -0.929012 0.385737 10
0.744623 -1.035261 0.329885 10
0.698308 -1.042501 0.326878 10
0.652484 -1.024938 0.337210 10
0.606207 -1.041021 0.329722 10
0.561520 -1.213037 0.239126 10
0.517613 -1.232186 0.230173 10
0.469236 -1.085445 0.309960 10
0.435718 -1.390388 0.148461 10
0.390403 -1.334199 0.180075 10
0.344321 -1.285804 0.207673 10
0.302384 -1.310342 0.196341 10
0.261643 -1.343864 0.180281 10
0.219819 -1.358887 0.174235 10
0.178560 -1.377075 0.166588 10
0.124928 -1.284640 0.218548 10
0.090506 -1.362219 0.179169 10
0.043322 -1.334547 0.196563 10
-0.002028 -1.324267 0.204722 10
-0.033231 -1.405932 0.163319 10
-0.082634 -1.369945 0.185595 10
-0.120652 -1.402587 0.170852 10
-0.170805 -1.368594 0.192343 10
-0.220592 -1.340965 0.210553 10
-0.269496 -1.321206 0.224649 10
-0.336781 -1.222046 0.282193 10
-0.384598 -1.216099 0.289144 10
-0.435352 -1.199636 0.301992 10
-0.494823 -1.151611 0.332301 10
-0.539375 -1.164100 0.329626 10
-0.631176 -1.007634 0.419982 10
-0.712430 -0.900579 0.483587 10
-0.764978 -0.897427 0.490214 10
0.987599 -0.314042 0.784299 10
0.895073 -0.890120 0.469791 10
0.844475 -0.937656 0.444286 10
0.796758 -0.944929 0.440916 10
0.747198 -1.010696 0.405672 10
0.701473 -0.976248 0.425372 10
0.653740 -1.037619 0.392756 10
0.607538 -1.019930 0.403538 10
0.561277 -1.043503 0.391844 10
0.515776 -1.081955 0.372103 10
0.470835 -1.112352 0.356882 10
0.433889 -1.328689 0.239680 10
0.390552 -1.327409 0.241992 10
0.344262 -1.279018 0.270328 10
0.300368 -1.279275 0.272056 10
0.258104 -1.300063 0.262599 10
0.221082 -1.373197 0.224384 10
0.176420 -1.358488 0.234687 10
0.129592 -1.328454 0.253594 10
0.084593 -1.319003 0.261277 10
0.036813 -1.291472 0.279107 10
-0.001102 -1.335917 0.257201 10
-0.043248 -1.348301 0.253156 10
-0.083631 -1.370363 0.243841 10
-0.124117 -1.390008 0.235967 10
-0.173107 -1.363667 0.253817 10
-0.226205 -1.320686 0.281128 10
-0.274166 -1.307156 0.292183 10
-0.322458 -1.294359 0.302985 10
-0.388592 -1.207788 0.355321 10
-0.441003 -1.185664 0.371758 10
-0.487075 -1.190978 0.372943 10
-0.540913 -1.167887 0.390277 10
-0.593206 -1.153095 0.403121 10
-0.709307 -0.921811 0.538669 10
-0.768109 -0.897858 0.557325 10
-0.841506 -0.830331 0.600963 10
0.988132 -0.342426 0.842047 10
0.906919 -0.747555 0.615068 10
0.847318 -0.924376 0.516299 10
0.797731 -0.965915 0.493567 10
0.750640 -0.962592 0.496150 10
0.703646 -0.953357 0.502188 10
0.655004 -1.050286 0.448705 10
0.608715 -1.057161 0.445936 10
0.562635 -1.072905 0.438306 10
0.516816 -1.085454 0.432597 10
0.471006 -1.089857 0.431598 10
0.436250 -1.372235 0.274081 10
0.390244 -1.311394 0.310019 10
0.347722 -1.329898 0.301355 10
0.301241 -1.288435 0.326671 10
0.258242 -1.300871 0.321684 10
0.226136 -1.428221 0.251788 10
0.181943 -1.413687 0.262244 10
0.139473 -1.417720 0.262314 10
0.073170 -1.232027 0.370204 10
0.034484 -1.279197 0.346130 10
-0.002227 -1.333667 0.317972 10
-0.042898 -1.356442 0.307928 10
-0.087535 -1.353668 0.312557 10
-0.127511 -1.377953 0.301869 10
-0.178758 -1.341319 0.326128 10
-0.229594 -1.311576 0.346637 10
-0.263358 -1.365818 0.319147 10
-0.341553 -1.217620 0.408051 10
-0.395723 -1.186306 0.430090 10
-0.457682 -1.127214 0.468361 10
-0.498549 -1.155868 0.456212 10
-0.573602 -1.056263 0.518396 10
-0.625207 -1.049101 0.527348 10
-0.707481 -0.938643 0.596501 10
-0.778884 -0.873289 0.639821 10
0.994596 -0.295200 0.943419 10
0.906708 -0.785769 0.661253 10
0.860615 -0.728170 0.694864 10
0.808107 -0.783616 0.663515 10
0.755236 -0.883710 0.606570 10
0.704449 -0.987107 0.547829 10
0.655853 -1.093075 0.487703 10
0.609841 -1.107530 0.480456 10
0.563957 -1.097762 0.487319 10
0.518473 -1.122672 0.474298 10
0.473312 -1.141115 0.465135 10
0.426648 -1.112227 0.483463 10
0.390605 -1.308500 0.371666 10
0.346091 -1.297171 0.380051 10
0.303738 -1.320262 0.368630 10
0.260989 -1.333332 0.363134 10
0.220506 -1.368544 0.344901 10
0.173706 -1.336506 0.365847 10
0.129896 -1.337400 0.367807 10
0.076243 -1.260640 0.415132 10
0.031314 -1.260851 0.417814 10
0.000128 -1.355099 0.365733 10
-0.043657 -1.357639 0.367266 10
-0.097743 -1.299894 0.404225 10
-0.141559 -1.306971 0.403421 10
-0.191266 -1.283337 0.420779 10
-0.224867 -1.342661 0.389551 10
-0.258904 -1.394626 0.362696 10
-0.324573 -1.301667 0.421368 10
-0.393392 -1.205091 0.482512 10
-0.452930 -1.155716 0.516073 10
-0.514972 -1.101914 0.552524 10
-0.573646 -1.066046 0.578605 10
-0.625059 -1.059810 0.587298 10
-0.727056 -0.882572 0.698162 10
-0.793985 -0.834796 0.732268 10
0.996046 -0.312592 1.008984 10
0.929540 -0.485870 0.906906 10
0.860243 -0.773776 0.737245 10
0.810211 -0.782573 0.732610 10
0.754994 -0.941923 0.639137 10
0.706073 -0.988174 0.612629 10
0.657277 -1.095407 0.550180 10
0.611153 -1.104286 0.546023 10
0.565206 -1.111850 0.542784 10
0.520987 -1.208535 0.486891 10
0.475376 -1.184243 0.502779 10
0.429516 -1.167757 0.514198 10
0.391999 -1.326142 0.421982 10
0.348917 -1.337642 0.417012 10
0.303609 -1.315387 0.432237 10
0.262036 -1.345158 0.416669 10
0.213844 -1.297829 0.447126 10
0.170421 -1.307040 0.444074 10
0.128750 -1.330616 0.432580 10
0.079136 -1.287815 0.460856 10
0.036986 -1.307292 0.452085 10
-0.003074 -1.338900 0.436167 10
-0.055662 -1.288024 0.469810 10
-0.110357 -1.232198 0.506656 10
-0.143502 -1.303301 0.467422 10
-0.198518 -1.253060 0.501292 10
-0.251221 -1.220601 0.524683 10
-0.288436 -1.264737 0.502023 10
-0.345552 -1.217084 0.534976 10
-0.402613 -1.175105 0.564749 10
-0.459999 -1.136564 0.592689 10
-0.513840 -1.115990 0.609954 10
-0.580860 -1.049453 0.655452 10
-0.644377 -1.001685 0.689823 10
-0.693859 -1.006382 0.692388 10
-0.815640 -0.775196 0.839770 10
1.223437 0.819649 1.771480 9
1.154598 0.802704 1.761070 9
1.000513 -0.292253 1.097883 10
0.934285 -0.454279 0.999969 10
0.857585 -0.858615 0.755398 10
0.811212 -0.805549 0.788085 10
0.757024 -0.936948 0.709135 10
0.707364 -1.003019 0.669907 10
0.659793 -1.025143 0.657461 10
0.612567 -1.080550 0.624962 10
0.566347 -1.108693 0.609135 10
0.522073 -1.214315 0.546379 10
0.476839 -1.206296 0.552767 10
0.432367 -1.223097 0.544214 10
0.389426 -1.264178 0.521018 10
0.348863 -1.330670 0.482455 10
0.304708 -1.327639 0.486353 10
0.256109 -1.272275 0.522330 10
0.209587 -1.252952 0.536509 10
0.159647 -1.205679 0.567947 10
0.123959 -1.292194 0.517724 10
0.081705 -1.312419 0.508151 10
0.034173 -1.291701 0.523814 10
-0.008181 -1.309941 0.515736 10
-0.055603 -1.294625 0.528420 10
-0.112853 -1.224343 0.575132 10
-0.157586 -1.232686 0.573641 10
-0.193134 -1.288740 0.542831 10
-0.248543 -1.241869 0.575741 10
-0.304961 -1.196089 0.608231 10
-0.363998 -1.144185 0.644784 10
-0.421414 -1.104987 0.673721 10
-0.474770 -1.086637 0.689937 10
-0.551419 -0.981276 0.760663 10
-0.603849 -0.974978 0.769898 10
-0.658916 -0.960858 0.784238 10
-0.713370 -0.950917 0.796183 10
1.347512 0.695264 1.790393 9
1.280255 0.687992 1.785212 9
1.210673 0.655034 1.764304 9
1.145533 0.661748 1.768260 9
1.002168 -0.307816 1.166146 10
0.937314 -0.448460 1.078991 10
0.857961 -0.890589 0.804738 10
0.813914 -0.792896 0.865933 10
0.758644 -0.943944 0.772754 10
0.712322 -0.877093 0.815130 10
0.661839 -0.990455 0.745642 10
0.613885 -1.086462 0.687056 10
0.567294 -1.072885 0.696777 10
0.521108 -1.100663 0.680913 10
0.474710 -1.100368 0.682680 10
0.430960 -1.169190 0.641514 10
0.388229 -1.229403 0.605818 10
0.348512 -1.318699 0.552062 10
0.301361 -1.277638 0.579832 10
0.258656 -1.302295 0.566696 10
0.211231 -1.271413 0.588457 10
0.164811 -1.257512 0.599772 10
0.120996 -1.269757 0.594861 10
0.080126 -1.304110 0.576207 10
0.032689 -1.285905 0.590712 10
-0.012472 -1.286649 0.593475 10
-0.052091 -1.322988 0.573960 10
-0.110132 -1.247257 0.625296 10
-0.174514 -1.146735 0.692606 10
-0.204953 -1.235053 0.640711 10
-0.242125 -1.281518 0.615357 10
-0.315280 -1.156693 0.698880 10
-0.359213 -1.174335 0.692199 10
-0.415998 -1.137161 0.720598 10
-0.521506 -0.908787 0.871351 10
-0.561226 -0.953865 0.847904 10
-0.605116 -0.980797 0.836175 10
-0.710378 -0.790276 0.964238 10
-0.773410 -0.758719 0.990702 10
-1.242751 0.591855 1.868220 9
-1.298145 0.543906 1.845785 9
1.394802 0.518189 1.773230 9
1.333272 0.545083 1.789388 9
1.251267 0.395360 1.693324 9
1.183252 0.348939 1.663277 9
1.133190 0.486307 1.750444 9
1.003836 -0.323484 1.234941 10
0.940848 -0.436005 1.163466 10
0.862462 -0.852523 0.898638 10
0.814682 -0.821360 0.918964 10
0.759874 -0.961966 0.830077 10
0.713104 -0.914252 0.861285 10
0.664469 -0.920997 0.857978 10
0.614947 -1.150289 0.712957 10
0.567945 -0.983221 0.820785 10
0.520838 -1.023831 0.796354 10
0.477012 -1.151427 0.716518 10
0.431078 -1.153937 0.716670 10
0.387645 -1.206674 0.684870 10
0.337937 -1.137555 0.731159 10
0.297758 -1.223933 0.678101 10
0.253810 -1.242481 0.668590 10
0.212804 -1.289116 0.641201 10
0.167810 -1.288538 0.644241 10
0.128283 -1.336412 0.616293 10
0.081722 -1.321049 0.629146 10
0.038871 -1.336066 0.622610 10
-0.013329 -1.286662 0.657786 10
-0.051863 -1.330753 0.632804 10
-0.105265 -1.282769 0.667490 10
-0.164047 -1.211960 0.717227 10
-0.209307 -1.220370 0.715870 10
-0.272562 -1.140626 0.771973 10
-0.312091 -1.180264 0.750705 10
-0.353074 -1.210452 0.735700 10
-0.418310 -1.136890 0.788593 10
-0.472846 -1.113854 0.808782 10
-0.569873 -0.931165 0.933917 10
-0.611059 -0.969598 0.914434 10
-0.682594 -0.899218 0.966700 10
-0.788022 -0.720989 1.090528 10
-1.194892 0.421216 1.852489 9
-1.261778 0.414807 1.856877 9
-1.328858 0.408107 1.861342 9
1.445820 0.390130 1.784214 9
1.382007 0.390402 1.783108 9
1.315417 0.367275 1.766968 9
1.247231 0.324464 1.738228 9
1.183334 0.312899 1.730113 9
1.120845 0.312632 1.729598 9
1.010477 -0.278244 1.344093 10
0.942418 -0.452217 1.230722 10
0.864516 -0.856819 0.967092 10
0.815745 -0.843833 0.976022 10
0.763905 -0.905847 0.936196 10
0.712548 -1.001242 0.874740 10
0.665678 -0.945675 0.911995 10
0.616924 -1.026547 0.860329 10
0.569339 -1.008298 0.873572 10
0.522593 -1.064550 0.838289 10
0.477339 -1.131382 0.796217 10
0.431154 -1.137215 0.794199 10
0.389891 -1.240854 0.728272 10
0.341313 -1.186794 0.765809 10
0.295281 -1.185866 0.768710 10
0.252284 -1.222977 0.746802 10
0.211298 -1.273805 0.716004 10
0.165466 -1.268301 0.722382 10
0.116396 -1.236644 0.746171 10
0.067052 -1.209240 0.767376 10
0.034734 -1.311068 0.703465 10
-0.012573 -1.297620 0.715780 10
-0.051690 -1.338231 0.692505 10
-0.096861 -1.338970 0.695769 10
-0.157464 -1.255724 0.754972 10
-0.228532 -1.128920 0.843490 10
-0.279855 -1.113540 0.858250 10
-0.317790 -1.162706 0.830177 10
-0.367535 -1.155936 0.839570 10
-0.424741 -1.119512 0.869028 10
-0.469408 -1.137468 0.862302 10
-0.575483 -0.920321 1.013730 10
-0.627954 -0.918568 1.020907 10
-0.671946 -0.947698 1.007469 10
-0.785586 -0.741020 1.153623 10
-1.145921 0.247636 1.830555 9
-1.218862 0.265742 1.851548 9
-1.282033 0.251875 1.851123 9
-1.337513 0.215353 1.835491 9
1.487727 0.219541 1.764404 9
1.430954 0.257266 1.788045 9
1.370495 0.272960 1.797174 9
1.307557 0.270499 1.794401 9
1.243839 0.259543 1.786190 9
1.179989 0.243782 1.775011 9
1.112165 0.180252 1.732152 9
1.012669 -0.288540 1.418741 10
0.945905 -0.441680 1.316473 10
0.868345 -0.832001 1.055904 10
0.819801 -0.805400 1.074118 10
0.765042 -0.927784 0.992936 10
0.716293 -0.928232 0.993437 10
0.667086 -0.958438 0.974219 10
0.618331 -1.028648 0.928403 10
0.570982 -1.076867 0.897453 10
0.523856 -1.075818 0.899653 10
0.478750 -1.150068 0.851569 10
0.431727 -1.132996 0.864848 10
0.384217 -1.114547 0.879247 10
0.340915 -1.173474 0.841879 10
0.293831 -1.162116 0.851871 10
0.252217 -1.221177 0.814683 10
0.207374 -1.232584 0.809692 10
0.165889 -1.274662 0.784191 10
0.120477 -1.275520 0.786628 10
0.068586 -1.225878 0.823364 10
0.025143 -1.246554 0.812798 10
-0.018564 -1.263260 0.805072 10
-0.053687 -1.332209 0.762070 10
-0.096260 -1.349478 0.754224 10
-0.151740 -1.294730 0.795515 10
-0.212276 -1.221148 0.849939 10
-0.286899 -1.087904 0.945425 10
-0.322628 -1.149326 0.908366 10
-0.368235 -1.162186 0.904616 10
-0.448870 -1.028409 1.001618 10
-0.503233 -1.012610 1.018100 10
-0.540669 -1.063666 0.988811 10
-0.596282 -1.045069 1.007655 10
-0.692835 -0.885808 1.124024 10
-0.818194 -0.643427 1.298685 10
-1.094028 0.065304 1.798168 9
-1.187181 0.152181 1.867360 9
-1.255548 0.157226 1.880046 9
-1.301136 0.094734 1.845822 9
-1.357213 0.064496 1.834303 9
1.536744 0.110268 1.782878 9
1.480034 0.140491 1.801663 9
1.417806 0.136965 1.797549 9
1.361885 0.177466 1.823844 9
1.295494 0.141177 1.797782 9
1.230681 0.110385 1.775743 9
1.160604 0.021505 1.714193 9
1.107291 0.089830 1.760496 9
1.017307 -0.269570 1.514304 10
0.946868 -0.467218 1.379051 10
0.876918 -0.729727 1.199611 10
0.820545 -0.835330 1.127743 10
0.767083 -0.926487 1.065941 10
0.718139 -0.927232 1.066222 10
0.668325 -0.982232 1.029531 10
0.619731 -1.035726 0.994037 10
0.572110 -1.052670 0.983762 10
0.525265 -1.095409 0.955973 10
0.478497 -1.107477 0.949391 10
0.431608 -1.110366 0.949292 10
0.384208 -1.102501 0.956771 10
0.339289 -1.139633 0.933499 10
0.295469 -1.181638 0.907021 10
0.254073 -1.242752 0.867514 10
0.204369 -1.201250 0.898889 10
0.154258 -1.165538 0.926513 10
0.126879 -1.334477 0.812939 10
0.069999 -1.241594 0.880455 10
0.025769 -1.256465 0.873666 10
-0.022880 -1.240339 0.888545 10
-0.085974 -1.137174 0.964109 10
-0.126813 -1.178309 0.939697 10
-0.168739 -1.209335 0.922446 10
-0.222275 -1.177839 0.948957 10
-0.274512 -1.157084 0.968236 10
-0.327523 -1.135879 0.988088 10
-0.386013 -1.093766 1.022867 10
-0.459567 -0.993864 1.098570 10
-0.506324 -1.010692 1.092594 10
-0.554000 -1.023528 1.089615 10
-0.652268 -0.852217 1.216972 10
-0.744482 -0.717111 1.319432 10
-0.820866 -0.646804 1.376564 10
-1.057669 -0.066250 1.797152 9
-1.190811 0.148511 1.959110 9
-1.262269 0.162125 1.978338 9
-1.314315 0.117489 1.956196 9
-1.348791 0.025629 1.900292 9
-1.390480 -0.042011 1.861814 9
-1.158793 0.926803 -2.156598 8
-0.872307 1.185442 -2.363459 8
-0.792389 1.178959 -2.387408 8
-0.735082 1.142862 -2.391305 8
-0.692635 1.086055 -2.381574 8
-0.657416 1.018120 -2.364899 8
-0.620536 0.951382 -2.349558 8
-0.577365 0.892891 -2.340132 8
-0.499017 0.887605 -2.365581 8
-0.405109 0.908340 -2.407636 8
-0.354086 0.862882 -2.407184 8
-0.285204 0.846474 -2.425406 8
-0.312055 0.669912 -2.343321 8
-0.143395 0.823727 -2.468209 8
-0.094023 0.776232 -2.467329 8
-0.610072 -0.293689 -1.841718 10
-0.587769 -0.417382 -1.800471 8
-0.523541 -0.465529 -1.805759 10
-0.456807 -0.509065 -1.814150 10
-0.399831 -0.572104 -1.811315 10
-0.339941 -0.630252 -1.811856 10
-0.245571 -0.616868 -1.854462 8
-0.194643 -0.694165 -1.844534 8
-0.085124 -0.643782 -1.908273 8
-0.029104 -0.710006 -1.905314 8
0.079119 -0.655752 -1.970630 8
0.168340 -0.641834 -2.012858 8
0.274665 -0.582630 -2.079888 8
0.381691 -0.515952 -2.150365 8
0.618453 -0.103387 -2.407862 8
0.714833 -0.042297 -2.472255 8
0.753779 -0.135080 -2.453971 8
0.800640 -0.208943 -2.446525 8
0.840315 -0.306742 -2.427209 8
0.907428 -0.324886 -2.450108 8
0.940899 -0.448483 -2.418941 8
0.995984 -0.507666 -2.421721 8
1.070366 -0.503347 -2.457068 8
1.069888 -0.759443 -2.362221 8
1.125287 -0.828686 -2.362270 8
-1.163425 0.921421 -2.051578 8
-0.987748 1.032666 -2.160768 8
-0.780669 1.193026 -2.302703 8
-0.721955 1.158027 -2.307647 8
-0.608113 1.200878 -2.366145 8
-0.581334 1.122165 -2.341310 8
-0.501158 1.120253 -2.368960 8
-0.411651 1.134087 -2.406987 8
-0.384167 1.054872 -2.382921 8
-0.391698 0.918635 -2.321981 8
-0.288736 0.955870 -2.375645 8
-0.200256 0.972787 -2.415592 8
-0.151380 0.925444 -2.413908 8
-0.094912 0.890738 -2.420630 8
-0.059541 0.818791 -2.404026 8
0.048873 0.877597 -2.470028 8
0.048105 0.738195 -2.412014 8
0.091570 0.677867 -2.404081 8
-0.364891 -0.360327 -1.798433 10
-0.306310 -0.418027 -1.798057 10
0.289605 0.628191 -2.462253 8
0.339456 0.579524 -2.462604 8
-0.108467 -0.548530 -1.824856 10
0.443899 0.490412 -2.469292 8
0.009276 -0.668658 -1.825052 8
0.089299 -0.680664 -1.853594 8
0.211964 -0.587927 -1.942024 8
0.681807 0.376810 -2.523527 8
0.685484 0.206081 -2.457646 8
0.734076 0.145608 -2.454760 8
0.775238 0.063198 -2.440295 8
0.830570 0.017444 -2.446622 8
0.885927 -0.029088 -2.452913 8
0.933797 -0.098970 -2.447061 8
0.978204 -0.182127 -2.434773 8
1.030409 -0.243858 -2.434545 8
1.080616 -0.314342 -2.430299 8
1.118498 -0.429996 -2.403316 8
1.165250 -0.520341 -2.390397 8
1.201649 -0.653535 -2.356557 8
1.252555 -0.739000 -2.347991 8
-1.174197 0.908125 -1.939339 8
-0.942913 1.091192 -2.103533 8
-0.796583 1.169836 -2.190723 8
-0.687492 1.202570 -2.244224 8
-0.594918 1.215355 -2.283099 8
-0.501482 1.231785 -2.324157 8
-0.422525 1.229440 -2.351831 8
-0.328193 1.251948 -2.396394 8
-0.381036 1.050361 -2.287928 8
-0.327787 1.008522 -2.289394 8
-0.176771 1.124411 -2.396805 8
-0.138422 1.061368 -2.383877 8
-0.111345 0.977994 -2.358065 8
-0.016800 1.009346 -2.407988 8
0.066638 1.024311 -2.446792 8
0.099764 0.950230 -2.428027 8
0.184776 0.971027 -2.470411 8
0.197655 0.856677 -2.426959 8
0.228042 0.772596 -2.403559 8
0.291736 0.753021 -2.421031 8
0.363354 0.750638 -2.449185 8
0.379022 0.631260 -2.405684 8
0.484786 0.703614 -2.479581 8
0.554312 0.700695 -2.507357 8
0.528942 0.480978 -2.405798 8
0.618349 0.522423 -2.460758 8
0.614039 0.339835 -2.383906 8
0.720258 0.425715 -2.464784 8
0.758222 0.342365 -2.447241 8
0.805020 0.279418 -2.442100 8
0.874679 0.277359 -2.471965 8
0.911268 0.183457 -2.450267 8
0.995805 0.225881 -2.505208 8
1.039761 0.150454 -2.494742 8
1.046867 -0.043374 -2.420335 8
1.060318 -0.228112 -2.352715 8
1.118826 -0.272667 -2.361997 8
1.172841 -0.333830 -2.362849 8
1.227319 -0.395601 -2.363938 8
1.277873 -0.474524 -2.356656 8
1.334575 -0.533321 -2.360500 8
-1.190686 0.887466 -1.819791 8
-0.962639 1.064584 -1.984286 8
-0.745700 1.236668 -2.142687 8
-0.662840 1.233601 -2.171417 8
-0.599378 1.204915 -2.181458 8
-0.444229 1.308980 -2.286571 8
-0.362122 1.311934 -2.318495 8
-0.284253 1.310429 -2.347029 8
-0.238006 1.261799 -2.342472 8
-0.187976 1.218635 -2.342050 8
-0.128491 1.190502 -2.352244 8
-0.092819 1.123340 -2.335976 8
-0.040695 1.082637 -2.338151 8
0.026616 1.068155 -2.358168 8
0.108139 1.080091 -2.395730 8
0.165321 1.049968 -2.405272 8
0.218068 1.011807 -2.409727 8
0.265436 0.963153 -2.407640 8
0.317166 0.922382 -2.410995 8
0.386348 0.916594 -2.436947 8
0.428546 0.856278 -2.428349 8
0.462289 0.776488 -2.408051 8
0.516933 0.739984 -2.415374 8
0.592160 0.749711 -2.451450 8
0.653611 0.729959 -2.469291 8
0.666732 0.595693 -2.417845 8
0.740151 0.603476 -2.453009 8
0.777615 0.522755 -2.435286 8
0.813516 0.434988 -2.414137 8
0.875298 0.413302 -2.432463 8
0.933131 0.381320 -2.444946 8
0.965120 0.275308 -2.415112 8
1.025069 0.247052 -2.430579 8
1.054319 0.125068 -2.393331 8
1.112510 0.088371 -2.404972 8
1.143557 -0.037766 -2.367319 8
1.181101 -0.148834 -2.339156 8
1.245884 -0.169830 -2.361084 8
1.287406 -0.275360 -2.337572 8
1.360419 -0.266808 -2.376021 8
1.402667 -0.377236 -2.351361 8
-0.939356 1.094685 -1.905719 8
-0.765486 1.208210 -2.024258 8
-0.746873 1.114716 -1.986765 8
-0.536333 1.289650 -2.148634 8
-0.439451 1.310524 -2.195126 8
-0.693851 0.815391 -1.865756 8
-0.720926 0.642521 -1.774544 10
-0.199199 1.312617 -2.288337 8
-0.113425 1.326093 -2.328003 8
-0.035141 1.329867 -2.360468 8
0.004000 1.270571 -2.348651 8
0.079281 1.271667 -2.379132 8
0.136251 1.242661 -2.388738 8
0.176377 1.183861 -2.378194 8
0.264389 1.211668 -2.426629 8
0.284309 1.114641 -2.390963 8
0.344009 1.091115 -2.405032 8
0.427321 1.114925 -2.450379 8
0.422334 0.962288 -2.380051 8
0.481355 0.936867 -2.393645 8
0.518820 0.865651 -2.377956 8
0.609561 0.909839 -2.436391 8
0.623619 0.784490 -2.387156 8
0.692397 0.781492 -2.415737 8
0.761728 0.781574 -2.446135 8
0.784566 0.668564 -2.406813 8
0.818513 0.578930 -2.382835 8
0.864020 0.516098 -2.375901 8
0.923865 0.490196 -2.391660 8
0.954028 0.381562 -2.358420 8
1.016374 0.360908 -2.378041 8
1.081863 0.350386 -2.403694 8
1.111731 0.231057 -2.366410 8
1.158847 0.160686 -2.358350 8
1.147368 -0.107224 -2.238689 8
1.208558 -0.142505 -2.252700 8
1.281624 -0.135581 -2.290544 8
1.360270 -0.104880 -2.341388 8
1.428979 -0.107666 -2.373510 8
-0.997001 1.018036 -1.743999 8
-0.779832 1.187050 -1.909095 8
-0.557107 1.373538 -2.085073 8
-0.519024 1.309887 -2.068817 8
-0.450522 1.289103 -2.085296 8
-0.309475 1.376514 -2.182415 8
-0.248597 1.348579 -2.192916 8
-0.163216 1.359128 -2.231723 8
-0.079466 1.369430 -2.269981 8
0.030076 1.423992 -2.339801 8
0.060649 1.351487 -2.317861 8
0.103300 1.297784 -2.309900 8
0.171121 1.287231 -2.332715 8
0.231323 1.264282 -2.346801 8
0.294739 1.247875 -2.365481 8
0.385129 1.283361 -2.419765 8
0.480356 1.331898 -2.482339 8
0.449039 1.133032 -2.377262 8
0.488933 1.070702 -2.365616 8
0.511415 0.970233 -2.329201 8
0.595801 0.999628 -2.379177 8
0.668368 1.006356 -2.413883 8
0.723719 0.976051 -2.424412 8
0.795658 0.984843 -2.460202 8
0.767905 0.754808 -2.343920 8
0.814654 0.698481 -2.339504 8
0.913095 0.773539 -2.417665 8
0.977923 0.766225 -2.443860 8
0.984824 0.601880 -2.373587 8
1.058894 0.618637 -2.415200 8
1.103433 0.552305 -2.406389 8
1.144879 0.474139 -2.391104 8
1.183421 0.383497 -2.369152 8
1.227357 0.305961 -2.355761 8
1.279987 0.254142 -2.358065 8
1.336830 0.215371 -2.368352 8
1.390176 0.163184 -2.371292 8
1.430239 0.058944 -2.345219 8
1.464863 -0.073021 -2.304604 8
-0.775685 1.190808 -1.811460 8
-0.649624 1.242801 -1.886763 8
-0.474379 1.368733 -2.018480 8
-0.416928 1.332171 -2.023113 8
-0.286933 1.403205 -2.110093 8
-0.242241 1.350199 -2.101935 8
-0.177699 1.327322 -2.116801 8
-0.083822 1.351868 -2.167010 8
0.035083 1.420283 -2.249064 8
0.149996 1.487278 -2.328990 8
0.179593 1.413374 -2.305504 8
0.179543 1.285456 -2.243771 8
0.280641 1.334916 -2.310082 8
0.349438 1.329114 -2.336434 8
0.422059 1.332077 -2.368808 8
0.479020 1.306531 -2.381084 8
0.496267 1.202024 -2.338916 8
0.585961 1.242416 -2.397041 8
0.608411 1.144949 -2.360871 8
0.654206 1.094494 -2.357311 8
0.715416 1.077441 -2.376465 8
0.759853 1.022740 -2.370718 8
0.795494 0.945879 -2.350880 8
0.874370 0.971709 -2.398598 8
0.927414 0.936170 -2.406273 8
1.007754 0.971115 -2.459297 8
1.034828 0.867773 -2.424087 8
1.072879 0.789968 -2.405943 8
1.117408 0.727473 -2.398068 8
1.160431 0.658317 -2.386639 8
1.186707 0.535206 -2.342807 8
1.237208 0.482108 -2.342690 8
1.298925 0.464144 -2.364169 8
1.344808 0.393091 -2.354089 8
1.396878 0.340692 -2.355692 8
1.445206 0.272634 -2.348594 8
1.462386 0.081758 -2.270895 8
1.456312 -0.216147 -2.133632 8
-0.685935 1.189530 -1.744275 8
-0.503448 1.323357 -1.886156 8
-0.412843 1.332529 -1.927570 8
-0.317057 1.351783 -1.976424 8
-0.213336 1.385962 -2.036290 8
-0.155585 1.352215 -2.043160 8
-0.104015 1.308851 -2.042839 8
-0.005335 1.342193 -2.100814 8
0.081635 1.359504 -2.146069 8
0.159161 1.363360 -2.180837 8
0.208151 1.319022 -2.179757 8
0.287036 1.328263 -2.218173 8
0.370029 1.347480 -2.263478 8
0.426389 1.318873 -2.273923 8
0.484013 1.293043 -2.286478 8
0.533700 1.251709 -2.288167 8
0.612645 1.270357 -2.332210 8
0.661628 1.228325 -2.333639 8
0.716606 1.198846 -2.344030 8
0.752169 1.125909 -2.324871 8
0.820239 1.125767 -2.355726 8
0.845916 1.026500 -2.319792 8
0.896274 0.983706 -2.322462 8
0.946493 0.939857 -2.324762 8
0.992771 0.884905 -2.320133 8
1.059640 0.883982 -2.351051 8
1.113647 0.849174 -2.360026 8
1.170604 0.822570 -2.374483 8
1.217872 0.767281 -2.370964 8
1.262383 0.701633 -2.361436 8
1.308069 0.637098 -2.353203 8
1.354495 0.572365 -2.345440 8
1.393127 0.477938 -2.320152 8
1.426262 0.358533 -2.280681 8
1.457395 0.224185 -2.233453 8
1.468768 0.003799 -2.136489 8
-0.480032 1.352145 -1.811172 8
-0.383638 1.369226 -1.860078 8
-0.384588 1.244585 -1.794877 8
-0.244216 1.330791 -1.898489 8
-0.131575 1.380029 -1.971499 8
-0.069454 1.352973 -1.983957 8
0.016177 1.364987 -2.026722 8
0.120966 1.411712 -2.095692 8
0.187737 1.397267 -2.117199 8
0.244956 1.367082 -2.126735 8
0.316584 1.363328 -2.156182 8
0.374313 1.335385 -2.167465 8
0.434474 1.312474 -2.182557 8
0.513438 1.327141 -2.225126 8
0.557625 1.274309 -2.218429 8
0.628050 1.274858 -2.250468 8
0.674383 1.225910 -2.247064 8
0.758284 1.258565 -2.301621 8
0.763639 1.117420 -2.233997 8
0.800698 1.043578 -2.214546 8
0.867083 1.037606 -2.242456 8
0.919706 0.999198 -2.248134 8
0.966234 0.944793 -2.243271 8
1.024844 0.920762 -2.259224 8
1.080269 0.888531 -2.269841 8
1.146044 0.885362 -2.299809 8
1.202742 0.857629 -2.313622 8
1.237792 0.764719 -2.285424 8
1.287292 0.712404 -2.284178 8
1.328350 0.630996 -2.264889 8
1.357775 0.506382 -2.219157 8
1.402549 0.428001 -2.203568 8
1.440321 0.320095 -2.170455 8
1.466657 0.162116 -2.107709 8
1.474796 -0.079218 -1.995933 8
-0.322655 1.329494 -1.765452 8
-0.270982 1.281592 -1.762171 8
-0.206227 1.253742 -1.775361 8
-0.045046 1.380886 -1.912481 8
0.025249 1.367306 -1.936006 8
0.165738 1.473188 -2.053283 8
0.201050 1.404812 -2.033054 8
0.252944 1.364148 -2.034849 8
0.313451 1.338918 -2.048717 8
0.376788 1.319555 -2.067093 8
0.465634 1.350058 -2.123013 8
0.521999 1.320085 -2.133118 8
0.570347 1.274085 -2.131485 8
0.621989 1.234270 -2.134731 8
0.695756 1.241613 -2.172573 8
0.755173 1.219629 -2.188928 8
0.800256 1.165661 -2.182443 8
0.826384 1.065910 -2.143917 8
0.881675 1.032507 -2.153077 8
0.937960 1.001516 -2.164120 8
0.982318 0.939865 -2.154138 8
1.041268 0.915060 -2.169964 8
1.103446 0.899585 -2.192241 8
1.166093 0.886515 -2.216145 8
1.221848 0.854385 -2.227302 8
1.258919 0.765084 -2.200819 8
1.302434 0.691768 -2.185707 8
1.340322 0.596640 -2.157100 8
1.376882 0.491841 -2.123203 8
1.419180 0.401356 -2.099510 8
1.451519 0.268939 -2.050153 8
1.462945 0.046923 -1.945931 8
-0.659402 0.820917 -1.239746 10
-0.211906 1.363122 -1.731402 8
-0.144393 1.340387 -1.748819 8
-0.027247 1.398163 -1.832047 8
0.041372 1.381068 -1.853389 8
0.071677 1.300375 -1.823485 8
0.196382 1.381032 -1.922999 8
0.240272 1.324206 -1.912412 8
0.330538 1.351027 -1.967846 8
0.390969 1.325299 -1.981784 8
0.494425 1.383115 -2.060150 8
0.540950 1.333255 -2.055213 8
0.591062 1.289829 -2.055531 8
0.637042 1.237192 -2.049231 8
0.705000 1.230924 -2.077883 8
0.779964 1.241873 -2.119082 8
0.822946 1.182197 -2.108204 8
0.844291 1.069716 -2.059519 8
0.904679 1.047346 -2.076853 8
0.948283 0.983402 -2.064585 8
0.999651 0.937545 -2.065683 8
1.050460 0.889251 -2.065426 8
1.120060 0.892007 -2.101042 8
1.181146 0.872685 -2.121217 8
1.232849 0.826249 -2.122916 8
1.272476 0.741349 -2.098944 8
1.322663 0.686146 -2.095738 8
1.356465 0.574443 -2.055425 8
1.396824 0.478894 -2.026912 8
1.426620 0.339840 -1.970922 8
1.462776 0.215389 -1.925855 8
-0.838203 0.690655 -0.974442 10
-0.661542 0.809713 -1.119883 10
-0.511203 0.896928 -1.235961 10
-0.412357 0.910174 -1.287862 10
-0.234823 1.052908 -1.447511 10
-0.148294 1.055153 -1.488122 10
-0.099455 0.995863 -1.477687 10
0.214013 1.395653 -1.842141 8
0.253031 1.329154 -1.823592 8
0.327503 1.326062 -1.856467 8
0.379242 1.281982 -1.856480 8
0.460067 1.293813 -1.900844 8
0.558241 1.342926 -1.973878 8
0.615335 1.312685 -1.984487 8
0.657843 1.251904 -1.971759 8
0.710148 1.210812 -1.974551 8
0.766768 1.178941 -1.984576 8
0.822008 1.143985 -1.992446 8
0.872747 1.098203 -1.992480 8
0.939651 1.091299 -2.021463 8
0.981290 1.021983 -2.004768 8
1.034539 0.980615 -2.008930 8
1.085139 0.931424 -2.007777 8
1.145684 0.908902 -2.025976 8
1.199095 0.866290 -2.030089 8
1.246818 0.805699 -2.021963 8
1.282839 0.706300 -1.987509 8
1.329143 0.634948 -1.973320 8
1.372618 0.550810 -1.951108 8
1.402715 0.415292 -1.895075 8
1.439960 0.297050 -1.852032 8
-0.795193 0.746532 -0.908116 10
-0.599675 0.893937 -1.081782 10
-0.476907 0.939868 -1.164283 10
-0.407127 0.907256 -1.177776 10
-0.262486 0.995902 -1.295109 10
-0.140443 1.054123 -1.384860 10
-0.034547 1.090264 -1.454755 10
0.200548 1.355906 -1.715164 8
0.262163 1.327388 -1.728103 8
0.350455 1.348482 -1.781768 8
0.420167 1.337663 -1.808847 8
0.444982 1.240901 -1.766482 8
0.540198 1.281603 -1.834965 8
0.609688 1.273760 -1.864117 8
0.656667 1.219756 -1.856818 8
0.659269 1.067559 -1.773495 8
0.733612 1.069774 -1.811118 8
0.823825 1.111176 -1.878421 8
0.867896 1.046747 -1.864602 8
0.969741 1.123326 -1.957438 8
1.019836 1.074813 -1.955732 8
1.030660 0.921333 -1.876796 8
1.102188 0.925518 -1.915151 8
1.153154 0.874029 -1.912762 8
1.216925 0.858690 -1.936838 8
1.255609 0.768146 -1.907183 8
1.308656 0.718450 -1.907359 8
1.350587 0.630742 -1.881270 8
-0.729819 0.835047 -0.871872 10
-0.599215 0.886451 -0.962911 10
-0.401592 1.045741 -1.148736 10
-0.382856 0.934131 -1.092273 10
-0.236153 1.025681 -1.214932 10
-0.157937 1.010839 -1.243372 10
-0.035300 1.073144 -1.337964 10
0.034655 1.048930 -1.357388 10
0.133381 1.077354 -1.421262 10
0.203858 1.057391 -1.443751 10
0.258893 1.009166 -1.442650 10
0.342352 1.015973 -1.487205 10
0.389391 0.952124 -1.473579 10
0.455321 0.925872 -1.490942 10
0.524398 0.907014 -1.514261 10
0.719065 1.165552 -1.758301 8
0.781230 1.141915 -1.775807 8
0.833575 1.095973 -1.775883 8
0.740129 0.697014 -1.502484 10
0.938922 1.003302 -1.776418 8
0.823460 0.521892 -1.445533 10
1.033047 0.877055 -1.752935 8
0.915826 0.356862 -1.399603 10
1.173088 0.873398 -1.822755 8
0.983276 0.103717 -1.291979 10
0.990176 -0.115948 -1.172259 10
-0.664014 0.924297 -0.838129 10
-0.492169 1.038444 -0.988605 10
-0.396615 1.043743 -1.037456 10
-0.314439 1.030581 -1.069008 10
-0.254933 0.982347 -1.068847 10
-0.101449 1.090153 -1.207432 10
-0.037244 1.053647 -1.216893 10
0.052122 1.061588 -1.265215 10
0.105223 1.006819 -1.258753 10
0.216142 1.058534 -1.343937 10
0.285737 1.036626 -1.365381 10
0.358293 1.021529 -1.392480 10
0.412155 0.970006 -1.388992 10
0.474475 0.935291 -1.399780 10
0.557216 0.944606 -1.446826 10
0.620611 0.913989 -1.460895 10
0.647708 0.800855 -1.408496 10
0.717129 0.782541 -1.433148 10
0.782755 0.756168 -1.451333 10
0.808675 0.630517 -1.391544 10
0.851864 0.543625 -1.363344 10
0.902908 0.474296 -1.349571 10
0.929975 0.335639 -1.283346 10
0.966310 0.216197 -1.233250 10
1.002701 0.090594 -1.179804 10
0.957843 -0.295296 -0.933581 10
-0.943102 2.035915 -1.280888 11
-0.724716 2.171357 -1.468194 11
-0.650888 2.150902 -1.489765 11
-0.629905 2.069876 -1.448585 11
-0.488273 2.131344 -1.553820 11
-0.422869 2.104532 -1.567893 11
-0.329991 2.112997 -1.617194 11
-0.324519 2.011370 -1.556387 11
-0.237558 2.014291 -1.599714 11
-0.145632 2.026163 -1.651130 11
-0.783796 1.026720 -0.724681 10
-0.722203 0.974699 -0.722230 10
-0.528183 1.116009 -0.903469 10
-0.409551 1.154126 -0.984648 10
-0.311001 1.165734 -1.039897 10
-0.967623 -0.013430 0.005462 10
-0.145486 1.146770 -1.109539 10
-0.073976 1.121284 -1.129275 10
-0.019714 1.067155 -1.123151 10
0.052583 1.044099 -1.145091 10
0.121814 1.016523 -1.162919 10
0.205381 1.016420 -1.204774 10
0.281895 1.005131 -1.236466 10
0.376335 1.030909 -1.299800 10
0.449123 1.016544 -1.328073 10
0.484310 0.924850 -1.290741 10
0.518347 0.827327 -1.249473 10
0.603362 0.839625 -1.300533 10
0.648221 0.762785 -1.277577 10
0.715723 0.737114 -1.297156 10
0.753348 0.638868 -1.257961 10
0.817911 0.604769 -1.271302 10
0.855505 0.500007 -1.228532 10
0.910724 0.438277 -1.220831 10
0.946092 0.318712 -1.168409 10
0.979689 0.187699 -1.108417 10
1.008931 0.036154 -1.034094 10
0.880983 -0.620604 -0.576501 10
-1.008877 2.286542 -1.304208 11
-0.905834 2.291282 -1.355967 11
-0.729476 2.376084 -1.494601 11
-0.636304 2.377093 -1.539551 11
-0.568439 2.352190 -1.555824 11
-0.513870 2.313040 -1.556688 11
-0.471222 2.260144 -1.543122 11
-0.416643 2.220969 -1.544257 11
-0.310119 2.245579 -1.611517 11
-0.191790 2.288348 -1.696257 11
-0.149526 2.237365 -1.684287 11
-0.141507 2.140560 -1.626546 11
-0.130709 2.044570 -1.570823 11
-0.086401 1.992232 -1.559405 11
-0.055918 1.919522 -1.528410 2
0.004522 1.888909 -1.538989 2
-0.348154 1.238150 -0.953290 10
-0.194619 1.335477 -1.091121 10
-0.173777 1.230229 -1.035409 10
-0.106840 1.196567 -1.047908 10
-0.024703 1.188814 -1.084449 10
0.042332 1.157018 -1.098479 10
0.091566 1.094302 -1.084335 10
0.157182 1.060130 -1.096476 10
0.216972 1.015441 -1.099254 10
0.307029 1.028804 -1.153771 10
0.400943 1.053011 -1.217156 10
0.436774 0.962337 -1.179551 10
0.490142 0.905393 -1.172049 10
0.578093 0.922450 -1.228388 10
0.612767 0.823537 -1.185559 10
0.671656 0.776696 -1.187637 10
0.725401 0.716918 -1.179210 10
0.764917 0.620399 -1.140869 10
0.817237 0.552518 -1.127033 10
0.872054 0.489049 -1.117388 10
0.926693 0.423141 -1.106316 10
0.957307 0.286609 -1.039383 10
0.984162 0.131310 -0.959142 10
0.997376 -0.075213 -0.840480 10
0.881910 -0.706640 -0.393548 10
-1.258211 2.256409 -1.056353 11
-1.038129 2.369161 -1.237602 11
-0.956228 2.350947 -1.265032 11
-0.778189 2.433173 -1.405927 11
-0.645996 2.473344 -1.496798 11
-0.566845 2.460321 -1.526752 11
-0.510028 2.424029 -1.530555 11
-0.463903 2.375892 -1.521441 11
-0.410421 2.336025 -1.521518 11
-0.348937 2.305814 -1.532014 11
-0.222145 2.356150 -1.627735 11
-0.173214 2.313373 -1.624047 11
-0.113813 2.283934 -1.634409 11
-0.067683 2.237492 -1.627194 11
-0.063512 2.133809 -1.561859 11
0.013136 2.127547 -1.596324 11
0.035070 2.044928 -1.553852 11
0.095485 2.016363 -1.565942 11
0.153047 1.984055 -1.574298 11
0.215403 1.959484 -1.590215 11
-0.056527 1.404917 -1.094420 10
-0.034799 1.300884 -1.038723 10
0.031295 1.267765 -1.051474 10
0.104532 1.247449 -1.076257 10
0.151150 1.181107 -1.057977 10
0.238786 1.188153 -1.108003 10
0.286428 1.122841 -1.091206 10
0.319055 1.026943 -1.047235 10
0.376017 0.976157 -1.044854 10
0.461510 0.983320 -1.094423 10
0.508703 0.912210 -1.074295 10
0.556908 0.841239 -1.054940 10
0.628583 0.821152 -1.080383 10
0.678602 0.751745 -1.063280 10
0.774728 0.791383 -1.139777 10
0.790253 0.635276 -1.049833 10
0.827766 0.527539 -1.002321 10
0.890505 0.482186 -1.007808 10
0.931973 0.377214 -0.964481 10
0.969899 0.256874 -0.909744 10
0.988350 0.071801 -0.803977 10
1.002486 -0.138528 -0.680201 10
-0.951196 2.563398 -1.304211 11
-0.926207 2.491157 -1.267337 11
-0.890948 2.427892 -1.241785 11
-0.749767 2.472597 -1.342256 11
-0.603080 2.527623 -1.452591 11
-0.513724 2.525734 -1.495943 11
-0.839392 2.066553 -1.022993 2
-0.305680 2.561521 -1.624408 11
-0.278998 2.493986 -1.592443 11
-0.232777 2.448385 -1.585186 11
-0.170882 2.421700 -1.598660 11
-0.144863 2.350678 -1.564385 11
-0.029901 2.392567 -1.650908 11
0.003062 2.330372 -1.626305 11
0.048528 2.283894 -1.618682 11
0.104356 2.251424 -1.625807 11
0.149181 2.203544 -1.617165 11
0.176308 2.129168 -1.581955 11
0.237769 2.104550 -1.597552 11
0.334570 2.135373 -1.668232 11
0.339269 2.023418 -1.596923 11
0.071883 1.462178 -1.087818 10
0.103815 1.374715 -1.047125 10
0.165076 1.335321 -1.053537 10
0.220174 1.285034 -1.049696 10
0.243245 1.175465 -0.990256 10
0.324612 1.171779 -1.031084 10
0.363701 1.088094 -0.997337 10
0.420070 1.036330 -0.993761 10
0.461127 0.952155 -0.961025 10
0.549097 0.965157 -1.016811 10
0.626425 0.958103 -1.053979 10
0.656961 0.846714 -0.998324 10
0.713470 0.791418 -0.993232 10
0.759490 0.709431 -0.965304 10
0.809780 0.635073 -0.944780 10
0.888773 0.632859 -0.986690 10
0.893603 0.432890 -0.860476 10
0.946476 0.355296 -0.839720 10
0.979962 0.218167 -0.770079 10
1.010364 0.063789 -0.687789 10
0.969369 -0.324901 -0.415422 10
-1.082736 2.549473 -1.121132 12
-0.949174 2.578499 -1.208884 11
-0.896297 2.532689 -1.203820 11
-0.870188 2.460138 -1.166715 11
-0.707125 2.526606 -1.295822 11
-0.602404 2.537451 -1.356788 11
-0.533247 2.512773 -1.375141 11
-0.469247 2.483352 -1.387697 11
-0.375883 2.487890 -1.438846 11
-0.265125 2.515052 -1.514626 11
-0.571168 2.048934 -1.036684 11
-0.109542 2.499534 -1.584536 11
-0.411255 2.018184 -1.098648 11
-0.338897 1.995311 -1.120741 11
0.054163 2.397309 -1.600068 11
0.094355 2.344259 -1.585027 11
0.159354 2.324975 -1.606069 11
0.202066 2.274835 -1.594553 11
0.232294 2.205680 -1.563674 11
0.323219 2.226413 -1.625851 11
0.390691 2.213991 -1.653293 11
0.402015 2.113382 -1.591466 11
0.324471 1.863376 -1.381669 2
0.150214 1.437975 -1.002218 10
0.213914 1.403169 -1.013047 10
0.278258 1.369858 -1.025354 10
0.348582 1.347958 -1.048663 10
0.378086 1.249756 -0.998934 10
0.380007 1.094043 -0.895912 10
0.482916 1.134544 -0.979010 10
0.546688 1.098782 -0.990011 10
0.574044 0.985088 -0.929287 10
0.640691 0.953513 -0.944912 10
0.689585 0.881753 -0.924181 10
0.731048 0.790097 -0.886267 10
0.760373 0.664955 -0.819551 10
0.830900 0.638152 -0.841021 10
0.858147 0.498342 -0.763705 10
0.909539 0.416770 -0.738533 10
0.951547 0.305270 -0.688468 10
0.988738 0.173788 -0.622643 10
1.008377 -0.019001 -0.506631 10
0.878668 -0.700862 0.015978 10
-1.216875 2.636248 -1.002807 12
-1.004304 2.730993 -1.180187 12
-0.935919 2.699736 -1.193310 12
-0.866302 2.670429 -1.208573 12
-0.801937 2.636876 -1.218205 12
-0.678628 2.662696 -1.300737 12
-0.568599 2.678565 -1.369405 12
-0.489707 2.664860 -1.401000 12
-0.521259 2.533917 -1.292092 11
-0.404513 2.561976 -1.373214 12
-0.338764 2.536022 -1.389600 11
-0.283224 2.499057 -1.392974 11
-0.194283 2.502113 -1.442188 11
-0.130646 2.476570 -1.458068 11
-0.007859 2.526000 -1.557909 11
-0.145859 2.244457 -1.287858 6
-0.106468 2.184426 -1.267068 6
0.161592 2.433696 -1.584121 11
0.214068 2.398183 -1.587616 11
0.295614 2.404416 -1.635833 11
0.328478 2.341432 -1.609913 11
0.373904 2.295987 -1.603029 11
0.453008 2.302403 -1.650360 11
0.475118 2.220141 -1.605588 11
0.507879 2.152727 -1.576960 11
0.531744 2.068429 -1.531947 11
0.279786 1.500854 -1.003508 10
0.335678 1.453801 -1.001881 10
0.406136 1.433224 -1.026561 10
0.460935 1.383983 -1.023064 10
0.516047 1.334718 -1.019843 10
0.552946 1.247891 -0.980939 10
0.559238 1.093963 -0.879275 10
0.618670 1.047202 -0.880525 10
0.665643 0.972115 -0.855612 10
0.706672 0.880825 -0.816450 10
0.776602 0.854829 -0.838100 10
0.070479 -1.087712 0.880809 10
0.878472 0.708211 -0.796014 10
0.883649 0.509436 -0.664062 10
0.918810 0.381034 -0.597003 10
0.968985 0.288570 -0.562981 10
0.998464 0.130141 -0.472603 10
1.014468 -0.079963 -0.339679 10
0.901586 -0.720985 0.158460 10
-1.103903 2.844489 -1.100822 12
-1.052987 2.796342 -1.092641 12
-0.886482 2.851953 -1.221354 12
-0.724023 2.909128 -1.349161 12
-0.674327 2.865078 -1.343623 12
-0.614963 2.830403 -1.350132 12
-0.574122 2.777795 -1.333873 12
-0.487557 2.771333 -1.375522 12
-0.417704 2.749299 -1.397076 12
-0.318366 2.759969 -1.458129 12
-0.280881 2.705295 -1.438976 12
-0.189792 2.710466 -1.491828 12
-0.250970 2.541571 -1.337591 12
-0.206819 2.491206 -1.325425 11
-0.070841 2.552493 -1.443089 12
0.006538 2.545774 -1.480384 11
0.116219 2.582403 -1.566318 11
0.142943 2.513466 -1.531792 11
0.220762 2.512227 -1.573521 11
0.260465 2.459840 -1.558070 11
0.294913 2.399099 -1.533892 11
0.373763 2.402465 -1.579743 11
0.425275 2.366706 -1.582875 11
0.477621 2.332290 -1.587513 11
0.549756 2.329684 -1.625706 11
0.571376 2.245717 -1.578466 11
0.574076 2.126775 -1.496110 11
0.649573 2.130095 -1.540641 11
0.683641 2.061175 -1.511238 11
0.709444 1.974851 -1.465056 11
0.499278 1.433902 -0.966976 10
0.511401 1.299739 -0.879716 10
0.579501 1.273456 -0.899811 10
0.618801 1.187434 -0.861872 10
0.657936 1.097897 -0.821490 10
0.693739 0.997420 -0.771678 10
0.773827 0.995560 -0.816113 10
0.804781 0.878085 -0.751893 10
0.853467 0.799058 -0.724755 10
0.858547 0.604348 -0.592091 10
0.904864 0.508351 -0.552010 10
0.942382 0.383399 -0.486828 10
0.984254 0.264173 -0.428268 10
1.011515 0.094335 -0.326203 10
1.006287 -0.188505 -0.126941 10
-1.202691 2.961902 -1.023618 12
-1.165924 2.901322 -0.998314 12
-0.826215 3.097435 -1.328446 12
-0.737717 3.087346 -1.368968 12
-0.717586 3.017939 -1.328356 12
-0.703503 2.941675 -1.279456 12
-0.647581 2.903127 -1.281406 12
-0.550359 2.904765 -1.335741 12
-0.478208 2.883941 -1.359850 12
-0.481605 2.787478 -1.286823 12
-0.280141 2.901919 -1.481809 12
-0.274320 2.815163 -1.421175 12
-0.194782 2.806990 -1.459020 12
-0.166882 2.742324 -1.426968 12
-0.189507 2.617892 -1.323234 12
-0.064842 2.664024 -1.426125 12
-0.016861 2.621254 -1.421500 12
0.054324 2.607401 -1.450998 12
0.092803 2.552851 -1.432658 12
0.178169 2.559439 -1.485150 11
0.213614 2.500713 -1.462246 11
0.274881 2.476891 -1.479290 11
0.195140 2.251528 -1.270805 6
0.412789 2.454329 -1.540493 11
0.479857 2.442410 -1.569699 11
0.539959 2.421026 -1.588200 11
0.567766 2.348613 -1.551586 11
0.585122 2.256746 -1.495068 11
0.633465 2.214283 -1.491923 11
0.677905 2.164561 -1.481405 11
0.718290 2.106631 -1.462746 11
0.768275 2.065177 -1.461528 11
0.544093 1.496320 -0.923870 10
0.572237 1.393836 -0.866425 10
0.623621 1.334787 -0.853647 10
0.677735 1.280162 -0.845719 10
0.718058 1.194278 -0.807512 10
0.745171 1.075229 -0.737996 10
0.791474 0.995432 -0.707820 10
0.807935 0.840291 -0.606500 10
0.902591 0.873134 -0.685224 10
0.881140 0.608546 -0.483801 10
0.934632 0.529456 -0.458753 10
0.964186 0.379813 -0.369453 10
1.001930 0.245156 -0.295762 10
1.019474 0.040925 -0.160727 10
0.872872 -0.699402 0.452751 10
-1.137373 3.121373 -1.068096 2
-1.000313 3.143247 -1.160741 2
-0.914135 3.126907 -1.196155 12
-0.851706 3.092096 -1.204417 12
-0.778215 3.067476 -1.226654 12
-0.923995 2.848737 -0.979600 6
-0.603776 3.046671 -1.308238 12
-0.550724 3.006952 -1.307883 12
-0.418338 3.043791 -1.409854 12
-0.368563 3.003253 -1.407207 12
-0.289870 2.992114 -1.443033 12
-0.250530 2.941644 -1.427199 12
-0.216307 2.885213 -1.404082 12
-0.166501 2.845048 -1.402050 12
-0.146147 2.771761 -1.358608 12
-0.045785 2.789210 -1.428525 12
-0.006115 2.737737 -1.412521 12
0.024551 2.674650 -1.382799 12
0.136757 2.712402 -1.474861 12
0.181141 2.667117 -1.466397 12
0.195418 2.581643 -1.410867 12
0.256999 2.557823 -1.428376 12
0.338648 2.562851 -1.478918 12
0.347588 2.465856 -1.411997 11
0.488242 2.560049 -1.562814 11
0.266445 2.110895 -1.101968 10
0.570613 2.460415 -1.536485 11
0.603233 2.395555 -1.507348 11
0.647659 2.348521 -1.498311 11
0.662579 2.250387 -1.434470 11
0.698384 2.185171 -1.407152 11
0.763526 2.171349 -1.434912 11
0.787515 2.081845 -1.382956 11
0.578918 1.539618 -0.861681 10
0.600801 1.424098 -0.789505 10
0.691988 1.446252 -0.859327 10
0.741634 1.384049 -0.842830 10
0.744941 1.218159 -0.722993 10
0.791804 1.142565 -0.695209 10
0.861175 1.117409 -0.717810 10
0.892779 1.000838 -0.651143 10
0.876492 0.756927 -0.462892 10
0.916377 0.645190 -0.404877 10
0.954909 0.524038 -0.339267 10
0.996683 0.405491 -0.277598 10
1.012116 0.202340 -0.138466 10
1.021825 -0.032419 0.027070 10
0.902802 -0.699088 0.584998 10
-1.218548 3.252285 -1.011609 2
-1.101695 3.254482 -1.079653 2
-1.050451 3.208435 -1.072974 2
-0.950426 3.201406 -1.124434 2
-0.884240 3.168816 -1.136861 2
-0.841679 3.117106 -1.121070 2
-0.738302 3.117616 -1.180512 12
-0.686743 3.074664 -1.176790 12
-0.608348 3.056248 -1.207460 12
-0.450069 3.113866 -1.342671 12
-0.389555 3.083133 -1.353731 12
-0.353867 3.028586 -1.332254 12
-0.261207 3.030971 -1.387435 12
-0.183317 3.020401 -1.424218 12
-0.121187 2.994677 -1.440342 2
-0.017789 3.014915 -1.515638 2
0.063883 3.013992 -1.562214 2
0.118609 2.984034 -1.571015 2
0.126022 2.898431 -1.509870 12
0.139997 2.818219 -1.456724 12
0.174049 2.760833 -1.432758 12
0.198818 2.690452 -1.393540 12
0.233917 2.631944 -1.369468 12
0.298571 2.612485 -1.392476 12
0.385948 2.625862 -1.453836 12
0.388044 2.519518 -1.374264 11
0.481916 2.544961 -1.448742 11
0.514718 2.481067 -1.419580 11
0.605422 2.506319 -1.492188 11
0.409242 2.072119 -1.047513 11
0.686098 2.400523 -1.459764 11
0.686770 2.278030 -1.367532 11
0.762350 2.282471 -1.415727 11
0.796005 2.213023 -1.383287 11
0.862466 2.203052 -1.415322 11
0.909860 2.157673 -1.409360 11
0.973651 2.144437 -1.437483 11
0.827752 1.698130 -1.014125 6
0.774874 1.422996 -0.775390 10
0.818766 1.345799 -0.743678 10
0.831983 1.195393 -0.638579 10
0.850386 1.049159 -0.539820 10
0.894359 0.957975 -0.497897 10
0.932377 0.847548 -0.438022 10
0.958417 0.699677 -0.342903 10
0.986322 0.548243 -0.246331 10
1.012718 0.383248 -0.138773 10
1.019433 0.148654 0.032784 10
1.025709 -0.104223 0.218198 10
-1.207846 3.281362 -0.927068 2
-1.076912 3.293296 -1.012847 2
-1.002891 3.264590 -1.033276 2
-0.911268 3.250894 -1.075940 2
-0.843752 3.219377 -1.090477 2
-0.792205 3.175314 -1.085819 2
-0.799227 3.081028 -1.007256 2
-0.676738 3.098436 -1.092831 12
-0.624991 3.055155 -1.089105 12
-0.531509 3.050816 -1.140639 12
-0.480913 3.007666 -1.136470 12
-0.308354 3.084267 -1.298343 12
-0.213690 3.088844 -1.357775 2
-0.100625 3.114983 -1.445054 2
-0.046940 3.081629 -1.450648 2
-0.002274 3.038785 -1.443530 2
0.103954 3.064838 -1.526878 2
0.150904 3.026142 -1.524479 2
0.122698 2.898403 -1.407917 12
0.187390 2.878786 -1.431086 12
0.210759 2.808527 -1.390198 12
0.268128 2.780210 -1.402339 12
0.292174 2.708382 -1.360753 12
0.349513 2.679907 -1.372876 12
0.425774 2.678453 -1.417403 12
0.465788 2.626897 -1.401324 12
0.548701 2.638051 -1.459758 12
0.594110 2.594812 -1.453497 12
0.590203 2.473656 -1.357187 11
0.714409 2.554688 -1.494849 11
0.741389 2.480710 -1.453838 11
0.753001 2.377876 -1.381264 11
0.779912 2.297904 -1.335694 11
0.856279 2.305569 -1.387903 11
0.913095 2.279061 -1.401909 11
0.948647 2.211581 -1.371417 11
1.003551 2.180875 -1.381141 11
0.937036 1.897302 -1.121904 2
0.997081 1.869350 -1.137013 2
1.034012 1.790298 -1.098691 2
0.857900 1.215326 -0.548162 10
0.903702 1.132729 -0.512681 10
0.928122 0.993589 -0.420651 10
0.972942 0.899370 -0.375777 10
0.977814 0.693448 -0.220534 10
1.014132 0.561809 -0.141823 10
1.025012 0.348408 0.015300 10
1.034219 0.114986 0.188744 10
1.001380 -0.268803 0.503513 10
-1.106586 3.291502 -0.880161 2
-0.958522 3.318159 -0.990364 2
-0.911125 3.269548 -0.979516 2
-0.817584 3.258265 -1.026521 2
-0.744924 3.231553 -1.048609 2
-0.683360 3.196421 -1.057303 2
-0.642855 3.143365 -1.038961 12
-0.613172 3.080122 -1.005966 12
-0.571086 3.027393 -0.988950 12
-0.444490 3.054727 -1.087254 12
-0.126540 3.273192 -1.454504 2
-0.037736 3.275690 -1.510171 2
-0.003480 3.224201 -1.489637 2
-0.003939 3.135219 -1.418115 2
0.079236 3.134652 -1.468073 2
0.147061 3.119043 -1.496743 2
0.174043 3.057703 -1.464122 2
0.266541 3.072593 -1.532244 2
0.248905 2.956495 -1.428878 12
0.272612 2.887659 -1.388434 12
0.343079 2.877206 -1.423081 12
0.380196 2.824204 -1.403535 12
0.419539 2.773328 -1.387093 12
0.486866 2.760847 -1.418362 12
0.514999 2.693303 -1.381906 12
0.573260 2.668635 -1.398037 12
0.597657 2.592909 -1.352894 12
0.658409 2.572027 -1.373664 12
0.690902 2.506216 -1.341468 11
0.717945 2.429415 -1.297256 11
0.815486 2.471666 -1.390882 11
0.852743 2.411542 -1.366284 11
0.894707 2.358414 -1.350184 11
0.951697 2.332580 -1.365024 11
0.955332 2.202675 -1.264582 11
1.014590 2.179033 -1.282665 11
1.026478 2.056775 -1.193492 11
1.061574 1.978684 -1.153673 11
1.087483 1.876788 -1.089403 2
1.139246 1.830191 -1.084923 2
0.933423 1.159838 -0.427943 10
0.952613 1.005684 -0.318453 10
0.992399 0.896168 -0.257080 10
1.010655 0.722517 -0.131778 10
1.020673 0.514433 0.025730 10
1.007231 0.222890 0.263580 10
1.036561 0.040810 0.388353 10
0.853170 -0.837470 1.194473 10
-0.997788 3.393113 -0.914278 6
-0.900675 3.381907 -0.964722 6
-0.876568 3.315497 -0.924863 6
-0.777076 3.308771 -0.980553 6
-0.736942 3.255121 -0.961149 6
-0.675867 3.218887 -0.969009 2
-0.634155 3.166264 -0.951515 12
-0.641721 3.068979 -0.866999 12
-0.540503 3.069286 -0.929766 12
-0.232305 3.268522 -1.283581 2
-0.187803 3.224139 -1.274749 2
-0.089746 3.233254 -1.342915 2
0.000645 3.237267 -1.402200 2
0.102185 3.255540 -1.480102 2
0.116859 3.182551 -1.429555 2
0.179469 3.161235 -1.451027 2
0.173220 3.061746 -1.365924 2
0.236708 3.041218 -1.388669 2
0.180276 2.875973 -1.218784 6
0.303443 2.927976 -1.337917 12
0.416725 2.972506 -1.444842 12
0.462043 2.931884 -1.440057 12
0.500164 2.881235 -1.422657 12
0.518977 2.802691 -1.370536 12
0.567909 2.765111 -1.370611 12
0.621964 2.735080 -1.380071 12
0.636372 2.644699 -1.315700 12
0.675173 2.589476 -1.295220 12
0.736737 2.570098 -1.318169 12
0.774589 2.511957 -1.294812 12
0.857085 2.529667 -1.361088 11
0.913739 2.504598 -1.376462 11
0.947941 2.438695 -1.344645 11
0.988407 2.382618 -1.324779 11
0.984454 2.237472 -1.204801 11
1.039636 2.205256 -1.213633 11
1.067107 2.114701 -1.157784 11
1.117788 2.070834 -1.154433 2
1.122599 1.922339 -1.037474 2
1.169370 1.863889 -1.019948 2
0.963265 1.186867 -0.342177 10
0.989617 1.048786 -0.247462 10
1.012799 0.894383 -0.137607 10
1.021829 0.691672 0.020194 10
0.994602 0.371544 0.295787 10
1.014646 0.168064 0.447063 10
1.029860 -0.064980 0.625201 10
0.883367 -0.842618 1.345709 10
-0.993600 3.500578 -0.891543 6
-0.947591 3.450779 -0.878679 6
-0.887699 3.411407 -0.883367 6
-0.844727 3.359325 -0.866744 6
-0.726624 3.367182 -0.947892 6
-0.707735 3.296401 -0.900447 6
-0.680837 3.231024 -0.862631 2
-0.694566 3.129217 -0.768633 6
-0.639357 3.085985 -0.767350 12
-0.498215 3.121968 -0.886823 12
-0.462186 3.063189 -0.860457 12
-0.158412 3.263782 -1.220761 2
-0.053131 3.279848 -1.300957 6
0.003948 3.249639 -1.311933 6
0.105983 3.267454 -1.391598 2
0.190134 3.269112 -1.446445 2
0.220771 3.213345 -1.419383 2
0.216602 3.116631 -1.336056 2
0.289749 3.107839 -1.375286 2
0.325576 3.055433 -1.354429 12
0.188093 2.785658 -1.042051 6
0.102648 2.569300 -0.807380 12
0.520613 3.008782 -1.439970 12
0.526122 2.914736 -1.365232 12
0.573026 2.875315 -1.362418 12
0.630605 2.851138 -1.379138 12
0.679485 2.814736 -1.380163 12
0.675179 2.696676 -1.279314 12
0.727007 2.662296 -1.283973 12
0.786603 2.640684 -1.304250 12
0.823634 2.581967 -1.279281 12
0.839513 2.484966 -1.208995 11
0.917314 2.495032 -1.267350 11
0.971418 2.464158 -1.276549 11
1.035679 2.452988 -1.308654 11
1.098186 2.439906 -1.338078 11
1.100717 2.305214 -1.228127 11
1.102969 2.162699 -1.111550 11
1.164067 2.141808 -1.133701 11
1.192878 2.048180 -1.074818 2
1.205822 1.912413 -0.970840 2
1.253379 1.853905 -0.953214 2
1.009973 1.049152 -0.129970 10
1.026800 0.874467 0.003568 10
0.969463 0.482782 0.364563 10
0.995929 0.303215 0.495793 10
1.036974 0.155440 0.591233 10
1.026861 -0.163550 0.861341 10
0.802611 -1.216680 1.877142 9
-0.931635 3.483219 -0.800201 6
-0.849082 3.460429 -0.834092 6
-0.807224 3.407564 -0.815912 6
-0.724223 3.387164 -0.852193 6
-0.725516 3.299235 -0.776108 6
-0.666382 3.259866 -0.780749 6
-0.733508 3.111563 -0.610408 12
-0.624556 3.114328 -0.683431 12
-0.452534 3.177696 -0.849192 12
-0.318205 3.211784 -0.965502 12
-0.044052 3.385710 -1.292053 6
0.015940 3.358722 -1.307984 6
0.060499 3.316691 -1.301071 6
0.089975 3.258657 -1.270724 6
0.161575 3.245191 -1.305811 6
0.226160 3.225405 -1.330969 2
0.247616 3.157300 -1.286887 2
0.287353 3.109036 -1.271642 2
0.373333 3.116309 -1.333865 12
0.060512 2.628259 -0.714301 12
0.475366 3.049091 -1.343163 12
0.522555 3.010745 -1.341318 12
0.610995 3.028535 -1.414194 12
0.602317 2.913232 -1.310442 12
0.661621 2.891443 -1.330667 12
0.735798 2.892718 -1.380249 12
0.740774 2.789884 -1.296096 12
0.783620 2.742848 -1.284166 12
0.832348 2.704695 -1.283659 12
0.868995 2.645941 -1.257765 12
0.912516 2.597613 -1.245253 12
0.930076 2.501602 -1.175259 11
1.010889 2.519267 -1.243277 11
0.952361 2.272097 -0.995107 6
1.085399 2.391939 -1.184168 11
1.132363 2.345125 -1.175323 11
1.155328 2.246041 -1.106396 11
1.208032 2.208054 -1.108861 11
1.220124 2.076305 -1.005133 11
1.244144 1.965476 -0.927018 2
1.012589 1.213958 -0.137574 10
1.029131 1.045417 -0.005681 10
0.916816 0.519476 0.513955 10
0.957581 0.381443 0.603957 10
0.998202 0.234590 0.701489 10
1.037571 0.074466 0.811050 10
0.906282 -0.643113 1.505365 10
0.921810 -0.932961 1.740440 9
-1.260103 3.265484 -0.273382 2
-1.225719 3.198797 -0.237946 2
-0.766482 3.458271 -0.769536 6
-1.020015 3.171341 -0.350574 12
-0.756261 3.291995 -0.631134 6
-0.640814 3.298203 -0.713265 6
-0.654585 3.196131 -0.615032 12
-0.593788 3.156996 -0.621301 12
-0.463004 3.182136 -0.730197 12
-0.060318 3.466401 -1.245958 6
0.005151 3.444208 -1.270159 6
0.029909 3.382674 -1.232986 6
0.087216 3.353139 -1.245386 6
0.143502 3.323141 -1.256716 6
0.182557 3.275088 -1.240855 2
0.261041 3.270364 -1.289019 2
0.274815 3.193607 -1.231340 2
0.318050 3.149299 -1.221569 12
0.380181 3.127562 -1.244063 12
0.444565 3.109620 -1.271377 12
0.476531 3.051198 -1.241848 12
0.546666 3.042040 -1.280674 12
0.305767 2.610384 -0.744305 12
0.684659 3.025704 -1.358570 12
0.715736 2.965211 -1.326704 12
0.770515 2.938565 -1.340121 12
0.791666 2.860653 -1.286504 12
0.805841 2.768917 -1.216218 12
0.856308 2.733084 -1.218809 12
0.921813 2.722701 -1.253593 12
0.945695 2.641070 -1.198627 12
0.971346 2.559462 -1.144879 12
0.983399 2.449186 -1.057135 11
1.081876 2.501006 -1.168094 11
1.119436 2.436818 -1.137498 11
1.160302 2.377306 -1.113194 11
1.181798 2.274190 -1.038055 11
1.190858 2.138079 -0.925944 11
1.215137 2.029424 -0.847893 11
1.017823 1.380926 -0.152544 10
1.022317 1.189014 0.011023 10
0.882074 0.606807 0.610491 10
0.919033 0.460683 0.712482 10
0.969486 0.343872 0.779950 10
1.018136 0.215105 0.858983 10
1.047184 0.017629 1.010783 10
0.908988 -0.737954 1.759207 9
0.960307 -0.917711 1.880612 9
1.071098 -0.897872 1.788842 9
-1.362530 3.307582 -0.110299 2
-1.241027 3.302402 -0.188437 2
-1.180769 3.254593 -0.186882 2
-1.083099 3.235682 -0.236563 2
-1.098611 3.129661 -0.131542 2
-0.875615 3.213622 -0.358258 12
-0.720896 3.248588 -0.494818 12
-0.593602 3.264946 -0.596124 12
-0.531825 3.227233 -0.604632 12
-0.396406 3.256906 -0.723344 12
-0.340755 3.216473 -0.725265 12
-0.103968 3.350411 -1.005924 6
0.068351 3.430948 -1.195095 6
0.099527 3.374956 -1.166496 6
0.131961 3.319355 -1.139107 6
0.174769 3.274025 -1.127940 6
0.163135 3.167968 -1.025597 12
0.315489 3.245322 -1.198347 2
0.340270 3.179598 -1.156750 12
0.372526 3.121304 -1.126867 12
0.425489 3.087655 -1.133048 12
0.478347 3.054157 -1.139296 12
0.579413 3.084766 -1.235486 12
0.648598 3.076055 -1.274940 12
0.687075 3.025871 -1.256543 12
0.747930 3.007266 -1.281520 12
0.810458 2.992252 -1.310838 12
0.837708 2.924060 -1.268772 12
0.851579 2.832389 -1.196691 12
0.907454 2.806143 -1.211490 12
0.956126 2.768232 -1.211000 12
0.976048 2.679569 -1.145741 12
1.003231 2.600396 -1.093886 12
1.060221 2.574179 -1.109492 12
1.101375 2.517719 -1.087390 11
1.059016 2.291238 -0.857040 6
1.195367 2.424245 -1.068476 11
1.247205 2.386546 -1.070371 11
1.228690 2.190168 -0.883098 11
1.263503 2.105784 -0.831858 11
1.296685 2.013417 -0.772410 11
0.847763 0.696187 0.705632 10
0.880611 0.541784 0.820452 10
0.935015 0.437100 0.876325 10
0.992043 0.334533 0.928514 10
1.028244 0.164021 1.055342 10
1.046049 -0.076339 1.256838 10
0.971955 -0.638979 1.807679 9
1.084712 -0.606610 1.701767 9
1.151348 -0.734072 1.769476 9
1.244198 -0.769620 1.737538 9
-1.307596 3.370467 -0.070700 6
-1.233033 3.331602 -0.087490 6
-1.182216 3.276111 -0.072570 6
-1.108066 3.238207 -0.089932 2
-1.075695 3.168525 -0.049213 2
-0.820383 3.277296 -0.326459 12
-0.614287 3.354762 -0.540857 12
-0.575535 3.296937 -0.515356 12
-0.484385 3.284501 -0.567717 12
-0.334182 3.327472 -0.711695 12
-0.290447 3.276636 -0.696013 12
-0.176286 3.292878 -0.790504 12
-0.133830 3.242015 -0.773893 12
-0.059747 3.222803 -0.808146 12
0.105079 3.299791 -0.993243 6
0.126307 3.229423 -0.944055 12
0.183573 3.197201 -0.954718 12
0.230931 3.154192 -0.948646 12
0.320197 3.160250 -1.016457 12
0.391270 3.147078 -1.054072 12
0.429445 3.094474 -1.032846 12
0.497119 3.078915 -1.065906 12
0.564781 3.064750 -1.100222 12
0.645126 3.069374 -1.160478 12
0.700459 3.041405 -1.173620 12
0.773676 3.039956 -1.223368 12
0.800615 2.971348 -1.179710 12
0.853455 2.940678 -1.188642 12
0.904338 2.907193 -1.193640 12
0.952148 2.868739 -1.191969 12
1.001387 2.832473 -1.193280 12
1.023501 2.748212 -1.131985 12
1.061475 2.689438 -1.104943 12
1.087727 2.606780 -1.047982 12
1.148317 2.587865 -1.072981 12
1.157233 2.465218 -0.967519 11
1.217888 2.444835 -0.991217 11
1.231890 2.323595 -0.890570 11
1.257807 2.222598 -0.816650 11
1.307338 2.171975 -0.805045 11
1.341260 2.081703 -0.746457 11
0.885675 0.735502 0.796805 10
0.901193 0.532830 0.970588 10
0.953086 0.417370 1.039624 10
0.997924 0.274928 1.138152 10
1.040260 0.115683 1.253734 10
1.035468 -0.205031 1.549199 10
1.046202 -0.501333 1.811633 9
1.138551 -0.536056 1.779009 9
1.212591 -0.637478 1.819892 9
1.302152 -0.684269 1.800219 9
-1.283396 3.411993 0.009864 6
-1.184349 3.390076 -0.040845 6
-1.111714 3.350759 -0.056470 6
-1.091965 3.272383 0.002049 6
-1.107316 3.165194 0.112460 2
-0.782383 3.327021 -0.270457 12
-0.573248 3.406257 -0.493778 12
-0.504486 3.374053 -0.513135 12
-1.251185 2.630300 0.711851 12
-0.353271 3.324670 -0.575547 12
-0.217542 3.357615 -0.703273 12
-0.172543 3.308681 -0.690021 12
-0.071484 3.314518 -0.767732 12
0.027413 3.321128 -0.844598 12
0.053526 3.254880 -0.801704 12
0.133372 3.244817 -0.849423 12
0.201118 3.223298 -0.877829 12
0.238654 3.168573 -0.853762 12
0.324745 3.169948 -0.916529 12
0.388730 3.147156 -0.941018 12
0.448566 3.120230 -0.958684 12
0.521752 3.111208 -1.002519 12
0.578869 3.082750 -1.016788 12
0.656024 3.082268 -1.071371 12
0.710076 3.051576 -1.081344 12
0.824411 3.108973 -1.216288 12
0.897045 3.109821 -1.268842 12
0.896675 2.999796 -1.166111 12
0.956916 2.981883 -1.192333 12
0.989598 2.919464 -1.157457 12
1.025602 2.860825 -1.128451 12
1.053948 2.786935 -1.079771 12
1.091145 2.726488 -1.049900 12
1.140857 2.687944 -1.049329 12
1.190387 2.648719 -1.047978 12
1.195168 2.517732 -0.929258 11
1.235736 2.455202 -0.899779 11
1.256679 2.347288 -0.814024 11
1.299696 2.284017 -0.785562 11
1.335616 2.201503 -0.734097 11
1.367517 2.105013 -0.666728 11
0.871328 0.639423 1.052509 10
0.915607 0.505679 1.145892 10
0.967398 0.385086 1.221699 10
1.024017 0.271693 1.287391 10
1.044975 0.041670 1.487212 10
1.056457 -0.237349 1.739497 9
1.128981 -0.332485 1.776954 9
1.215865 -0.381341 1.761073 9
1.293317 -0.466213 1.785511 9
1.371388 -0.553188 1.811500 9
-1.187428 3.411961 0.077985 6
-1.151415 3.344988 0.114837 6
-1.121226 3.272845 0.160894 2
-1.214316 3.104440 0.388697 12
-0.731731 3.386815 -0.233214 12
-0.604596 3.398422 -0.337584 12
-0.441549 3.444013 -0.500486 12
-0.346523 3.436124 -0.562753 12
-0.271829 3.412348 -0.595012 12
-0.159475 3.424615 -0.689042 12
-0.097251 3.392698 -0.704379 12
-0.038269 3.358324 -0.714980 12
0.050713 3.354734 -0.776752 12
0.105961 3.318484 -0.782783 12
0.168028 3.289883 -0.801044 12
0.223324 3.254612 -0.807987 12
0.259563 3.198044 -0.780724 12
0.334314 3.185620 -0.823554 12
0.374688 3.133428 -0.803421 12
0.454376 3.129433 -0.857820 12
0.514452 3.102495 -0.876045 12
0.603117 3.114200 -0.951885 12
0.657350 3.082041 -0.960824 12
0.823568 3.208247 -1.202181 2
0.857517 3.152385 -1.173712 2
0.876676 3.072914 -1.111951 2
0.943583 3.064723 -1.152853 12
0.985230 3.017762 -1.138395 12
1.053262 3.013803 -1.184100 2
1.056082 2.899843 -1.077475 12
1.109061 2.869509 -1.087034 12
1.129697 2.779848 -1.016481 12
1.177771 2.738534 -1.011951 12
1.209453 2.664221 -0.964010 12
1.270750 2.647699 -0.992683 12
1.254663 2.467388 -0.808863 11
1.299909 2.411530 -0.788293 11
1.322195 2.300972 -0.698826 11
1.366349 2.236615 -0.669293 11
1.389728 2.117731 -0.572608 11
1.426223 2.025734 -0.511069 11
0.926048 0.465620 1.341398 10
0.989788 0.373440 1.383498 10
1.034682 0.220568 1.497262 10
1.076554 0.047713 1.632354 9
1.118606 -0.137446 1.779122 9
1.203269 -0.189741 1.768154 9
1.279085 -0.275037 1.795166 9
1.360665 -0.342644 1.801148 9
1.441656 -0.415364 1.812489 9
-1.298263 3.062927 0.639091 12
-1.114365 3.104193 0.460647 12
-0.603889 3.417370 -0.226600 12
-0.457564 3.447487 -0.365878 12
-0.337699 3.459533 -0.467719 12
-0.213691 3.478878 -0.579698 12
-0.128162 3.466870 -0.632347 12
-0.080931 3.420617 -0.623001 12
-0.051660 3.356705 -0.583012 12
0.057064 3.371388 -0.678834 12
0.141218 3.364196 -0.734964 12
0.181131 3.311946 -0.714155 12
0.240150 3.280067 -0.727403 12
0.282764 3.230173 -0.710827 12
0.362298 3.222916 -0.763279 12
0.408629 3.177706 -0.753962 12
0.478954 3.162033 -0.791268 12
0.548495 3.146888 -0.828465 12
0.613038 3.126661 -0.856946 12
0.772360 3.237264 -1.083492 2
0.846099 3.236676 -1.137885 2
0.872725 3.169688 -1.092437 2
0.935938 3.155748 -1.125906 2
0.992300 3.132575 -1.145237 2
1.040114 3.096419 -1.145514 2
1.062521 3.017780 -1.085423 12
1.132505 3.018112 -1.137706 2
1.150087 2.927247 -1.062027 12
1.175552 2.846824 -1.002357 12
1.217772 2.795125 -0.983127 12
1.252395 2.726942 -0.942127 12
1.268881 2.618594 -0.848408 12
1.300644 2.537233 -0.792335 11
1.322674 2.430319 -0.704041 11
1.361659 2.356875 -0.660970 11
1.391904 2.258952 -0.587459 11
1.413066 2.132578 -0.479367 11
1.462471 2.072596 -0.457033 11
1.431695 1.789105 -0.156788 2
1.001143 0.327943 1.590912 10
1.046781 0.170520 1.711589 9
1.115511 0.075336 1.754385 9
1.193540 0.006139 1.764950 9
1.258854 -0.110370 1.831267 9
1.349130 -0.142015 1.796164 9
1.430305 -0.207925 1.801377 9
1.514968 -0.261902 1.792395 9
-0.755101 3.408219 0.032183 12
-0.620612 3.422600 -0.085876 12
-0.344768 3.558941 -0.433443 12
-0.181560 3.609901 -0.609691 13
-0.180444 3.523153 -0.524760 12
-0.141713 3.468164 -0.500180 12
-0.028883 3.482354 -0.601080 12
0.026879 3.444746 -0.606715 12
0.113346 3.438243 -0.666734 12
0.167158 3.400289 -0.670427 12
0.205821 3.346469 -0.646697 12
0.288611 3.340345 -0.704117 12
0.339307 3.300107 -0.703002 12
0.383347 3.252134 -0.689051 12
0.429930 3.206754 -0.679575 12
0.513607 3.207180 -0.743986 12
0.563847 3.167288 -0.742667 12
0.650354 3.175416 -0.816807 12
0.771297 3.233754 -0.967191 2
0.878803 3.279460 -1.094694 2
0.929400 3.247506 -1.101364 2
1.003976 3.251997 -1.162596 2
1.038458 3.196553 -1.133478 2
1.090409 3.167869 -1.144304 2
1.119769 3.101772 -1.100568 2
1.158766 3.050063 -1.078471 2
1.216375 3.030463 -1.102528 2
1.222555 2.916163 -0.992904 12
1.231451 2.801026 -0.884451 12
1.258429 2.715900 -0.819647 12
1.302483 2.662348 -0.799296 12
1.332987 2.577898 -0.737732 12
1.365437 2.493710 -0.677848 11
1.395826 2.400493 -0.607316 11
1.424755 2.298642 -0.526981 11
1.457498 2.200584 -0.453262 11
1.471634 2.047104 -0.309939 11
1.477035 1.858177 -0.124450 2
1.018205 0.296140 1.786807 9
1.105334 0.259699 1.758176 9
1.181084 0.187554 1.773975 9
1.215980 -0.026257 1.962629 9
1.280281 -0.153213 2.042175 9
1.383771 -0.140864 1.952628 9
1.501189 -0.065510 1.789478 9
-0.753090 3.430426 0.148051 12
-0.269268 3.724347 -0.531406 13
-0.184180 3.709295 -0.583557 13
-0.146880 3.655268 -0.558510 13
-0.092452 3.615752 -0.561593 13
-0.075306 3.542626 -0.501199 13
-0.017491 3.505828 -0.509578 12
0.033253 3.462651 -0.505861 12
0.118671 3.454108 -0.564474 12
0.165185 3.407715 -0.554042 12
0.220700 3.370640 -0.560074 12
0.298930 3.358778 -0.609479 12
0.364850 3.334917 -0.636974 12
0.416575 3.295609 -0.637577 12
0.489157 3.281496 -0.680078 12
0.505085 3.198667 -0.608256 12
0.540132 3.137558 -0.573437 12
0.788991 3.358489 -0.992896 6
0.836329 3.320710 -0.991324 6
0.889439 3.291007 -1.002432 6
0.957619 3.283786 -1.048160 2
1.005178 3.247300 -1.047907 2
1.066871 3.232846 -1.081089 2
1.136032 3.231917 -1.133834 2
1.142648 3.128351 -1.033065 2
1.204727 3.116193 -1.068721 12
1.243151 3.062967 -1.043981 2
1.263311 2.974076 -0.968543 12
1.256743 2.829030 -0.814881 12
1.294490 2.764715 -0.778083 12
1.327574 2.688221 -0.725145 12
1.360176 2.607223 -0.667156 12
1.384020 2.502427 -0.577952 11
1.410430 2.397697 -0.490726 11
1.449061 2.317032 -0.437522 11
1.482608 2.219098 -0.362618 11
1.502412 2.078201 -0.232985 11
1.523356 1.930436 -0.097097 2
1.105400 0.469596 1.724081 9
1.182036 0.406004 1.731063 9
1.248508 0.307180 1.782125 9
1.332694 0.263762 1.762783 9
1.403015 0.169829 1.806068 9
1.481762 0.102615 1.815541 9
1.563621 0.045299 1.812554 9
-1.113234 3.274520 0.744486 2
-0.515471 3.635437 -0.112693 13
-0.173078 3.819022 -0.579796 13
-0.141530 3.761206 -0.545822 13
-0.057202 3.747428 -0.599985 13
-0.015166 3.698489 -0.583520 13
0.026943 3.649280 -0.566761 13
0.132830 3.659271 -0.662699 13
0.072663 3.512628 -0.462363 13
0.141924 3.488023 -0.492769 12
0.182411 3.435091 -0.470547 12
0.255173 3.415683 -0.509011 12
0.360745 3.433619 -0.612554 12
0.373191 3.350367 -0.536076 12
0.474971 3.368403 -0.636527 12
0.510128 3.310172 -0.604144 12
0.541867 3.246495 -0.563279 12
0.703705 3.348179 -0.798689 6
0.820786 3.399955 -0.946231 6
0.884905 3.385169 -0.981994 6
0.943015 3.363332 -1.005535 6
0.970717 3.297879 -0.959237 6
1.012717 3.252016 -0.944716 2
1.055403 3.206484 -0.931019 2
1.133423 3.217664 -1.004630 2
1.179633 3.178575 -1.000332 2
1.204917 3.102557 -0.940717 2
1.274278 3.103248 -0.996278 2
1.311628 3.046350 -0.966105 2
1.294946 2.882049 -0.780570 12
1.323698 2.799649 -0.716718 12
1.367956 2.746093 -0.695284 12
1.379075 2.618030 -0.569460 12
1.407187 2.520965 -0.489480 11
1.448410 2.449815 -0.446947 11
1.474040 2.336460 -0.347737 11
1.497045 2.209033 -0.231588 11
1.510486 2.046731 -0.071178 11
1.083550 0.610032 1.774748 9
1.153303 0.527764 1.807176 9
1.232841 0.472689 1.803448 9
1.317283 0.432947 1.779857 9
1.397203 0.377857 1.776066 9
1.474247 0.310785 1.787252 9
1.546612 0.222360 1.824696 9
1.568657 -0.083584 2.130689 9
-0.186412 3.988614 -0.620122 13
-0.137944 3.945795 -0.615558 13
-0.118405 3.880131 -0.562783 13
-0.061037 3.844058 -0.572554 13
-0.009073 3.803944 -0.573486 13
0.050777 3.770951 -0.588393 13
0.120815 3.747808 -0.622064 13
0.159563 3.696854 -0.600327 13
0.181987 3.629684 -0.547840 13
0.198236 3.554789 -0.481982 13
0.244192 3.508166 -0.470532 12
0.286302 3.457212 -0.451228 12
0.362261 3.442593 -0.498297 12
0.451737 3.444980 -0.574471 12
0.493708 3.395002 -0.555826 12
0.526302 3.333127 -0.516737 12
0.603827 3.325576 -0.572261 12
0.779748 3.446439 -0.845151 6
0.870085 3.464636 -0.938443 6
0.898849 3.402157 -0.895238 6
0.933471 3.346169 -0.863666 6
0.986157 3.315313 -0.873595 6
1.034443 3.278128 -0.873095 6
1.055200 3.197486 -0.803622 2
1.152953 3.239160 -0.927569 2
1.225723 3.244244 -0.991969 2
1.253516 3.173351 -0.938406 2
1.264284 3.068614 -0.834684 12
1.294843 2.995802 -0.781133 12
1.322356 2.913935 -0.715314 12
1.365537 2.860246 -0.692313 12
1.396289 2.778481 -0.629040 12
1.420636 2.678482 -0.540919 12
1.442001 2.565897 -0.436772 12
1.478830 2.483728 -0.377670 11
1.499527 2.356505 -0.257037 11
1.510006 2.193636 -0.089725 11
1.081300 0.802686 1.752157 9
1.159706 0.750797 1.745903 9
1.234953 0.688628 1.753380 9
1.304993 0.607906 1.785146 9
1.381565 0.545374 1.792219 9
1.458227 0.481069 1.801263 9
1.519170 0.354509 1.890146 9
1.560144 0.136728 2.093547 9
-0.255092 4.115200 -0.569881 13
-0.217233 4.064395 -0.547949 13
-0.127212 4.051732 -0.611473 13
-0.091622 3.999686 -0.586069 13
-0.060698 3.943443 -0.552070 13
0.037901 3.941466 -0.634107 13
0.051503 3.870810 -0.569622 13
0.084328 3.815025 -0.537439 13
0.149872 3.787733 -0.563737 13
0.206520 3.753238 -0.574596 13
0.242331 3.699354 -0.546707 13
0.279067 3.645610 -0.519656 13
0.265496 3.539821 -0.393530 13
0.333837 3.516052 -0.425509 12
0.405190 3.496790 -0.464824 12
0.476187 3.478626 -0.504931 12
0.503934 3.411787 -0.455575 12
0.571143 3.390533 -0.488931 12
0.626233 3.355551 -0.497050 12
0.687834 3.329260 -0.520009 12
0.727023 3.274148 -0.492642 12
0.940313 3.456880 -0.870589 6
0.973382 3.399110 -0.835010 6
1.037229 3.385061 -0.872838 6
1.066309 3.319604 -0.825334 6
1.064274 3.202833 -0.695637 2
1.192542 3.293337 -0.901317 2
1.232550 3.243416 -0.879643 2
1.256366 3.163757 -0.811818 2
1.301223 3.119073 -0.799721 12
1.328980 3.041024 -0.736730 12
1.360286 2.966444 -0.680385 12
1.396059 2.897728 -0.634072 12
1.411176 2.781790 -0.518676 12
1.446967 2.705067 -0.463355 12
1.473597 2.603225 -0.372729 12
1.493384 2.478601 -0.251264 11
1.510353 2.338440 -0.110238 11
1.514663 2.154397 0.089684 11
1.129335 0.862892 1.830531 9
1.218680 0.842931 1.780264 9
1.284963 0.754142 1.824968 9
1.363937 0.702072 1.818916 9
1.435310 0.622884 1.849171 9
1.483828 0.455879 1.995267 9
1.534002 0.280048 2.149966 9
-0.200098 4.174228 -0.553344 13
-0.139217 4.140260 -0.569767 13
-0.074053 4.110168 -0.594083 13
-0.041459 4.056383 -0.563723 13
0.024236 4.027830 -0.589971 13
0.060466 3.976479 -0.565248 13
0.149132 3.968379 -0.633868 13
0.207423 3.936395 -0.649531 13
0.203462 3.849602 -0.550321 13
0.277669 3.831811 -0.595303 13
0.294274 3.760839 -0.531261 13
0.300952 3.678156 -0.445518 13
0.352248 3.638063 -0.445571 13
0.372234 3.565239 -0.382074 12
0.401356 3.500237 -0.335053 12
0.442718 3.447398 -0.312014 12
0.511660 3.425777 -0.347392 12
0.580002 3.404796 -0.382849 12
0.663059 3.403426 -0.452717 12
0.711925 3.360906 -0.447179 12
0.735688 3.284869 -0.382561 12
0.808489 3.273600 -0.432233 12
1.018049 3.458834 -0.818615 6
0.889924 3.162611 -0.377394 12
0.941380 3.121646 -0.375242 12
0.996446 3.086200 -0.382239 12
1.179391 3.260960 -0.733776 2
1.138218 3.069788 -0.483944 12
1.234303 3.109554 -0.609908 12
1.287948 3.077196 -0.618725 12
1.360241 3.080727 -0.683588 12
1.387700 2.998083 -0.613457 12
1.427301 2.936558 -0.577239 12
1.447133 2.829934 -0.473421 12
1.467608 2.718415 -0.364496 12
1.493865 2.613602 -0.267867 12
1.516961 2.494533 -0.152356 11
1.519974 2.315639 0.047697 11
1.101698 0.982162 1.905276 9
1.156311 0.862937 1.995224 9
1.266440 0.902163 1.859782 9
1.327179 0.794911 1.931420 9
1.396100 0.707904 1.973509 9
1.447381 0.553834 2.106408 9
1.506264 0.414811 2.216148 9
-0.240443 4.319173 -0.547628 13
-0.187985 4.279176 -0.550568 13
-0.119279 4.250572 -0.580782 13
-0.046126 4.226212 -0.619627 13
-0.030528 4.161418 -0.561206 13
0.061497 4.152580 -0.634188 13
0.094428 4.100229 -0.605073 13
0.127051 4.046991 -0.574561 13
0.198105 4.024935 -0.613482 13
0.275346 4.009573 -0.665364 13
0.303943 3.952883 -0.626988 13
0.290083 3.856258 -0.505459 13
0.340829 3.817097 -0.506422 13
0.357866 3.745121 -0.440079 13
0.354202 3.650140 -0.329120 13
0.353505 3.554658 -0.220102 13
0.393708 3.499800 -0.193377 13
0.478276 3.493734 -0.261301 12
0.538709 3.462243 -0.278808 12
0.594102 3.425418 -0.285655 12
0.664904 3.407975 -0.328068 12
0.725383 3.378930 -0.348019 12
0.776441 3.338161 -0.346162 12
0.817914 3.284128 -0.320589 12
0.868728 3.242332 -0.317085 12
0.941487 3.232726 -0.369544 12
0.976318 3.167218 -0.324621 12
0.995767 3.075227 -0.235746 12
1.105893 3.128576 -0.392694 12
1.171050 3.112010 -0.430033 12
1.232527 3.090483 -0.458344 12
1.311399 3.102297 -0.540003 12
1.361505 3.062595 -0.537284 12
1.408110 3.015462 -0.522843 12
1.440944 2.938469 -0.461936 12
1.470435 2.850468 -0.385301 12
1.493680 2.743456 -0.281187 12
1.514474 2.623977 -0.160407 12
1.509887 2.433269 0.064697 11
1.023938 0.969776 2.175475 9
1.129122 0.985651 2.068022 9
1.194623 0.893631 2.119648 9
1.283222 0.866933 2.076046 9
1.350328 0.773518 2.128312 9
1.410887 0.652412 2.218488 9
1.472243 0.525074 2.315439 9
-1.499653 6.063438 -1.142945 5
-1.380644 6.021365 -1.212028 5
-1.294872 5.977848 -1.247716 5
-0.339101 4.428722 -0.447760 13
-0.224920 4.424704 -0.549595 13
-0.141031 4.404724 -0.604969 13
-0.108756 4.353019 -0.576138 13
-0.083072 4.296368 -0.535414 13
-0.006669 4.274141 -0.580862 13
0.036261 4.229349 -0.569389 13
0.103228 4.202381 -0.600408 13
0.144199 4.156511 -0.585615 13
0.168371 4.097040 -0.539580 13
0.232333 4.069209 -0.566427 13
0.292740 4.039357 -0.587541 13
0.298277 3.961970 -0.503332 13
0.343525 3.918338 -0.494364 13
0.372398 3.859151 -0.452285 13
0.363476 3.761917 -0.331474 13
0.393527 3.700166 -0.287219 13
0.413065 3.626107 -0.218955 13
0.437553 3.555185 -0.158695 13
0.497579 3.521945 -0.174407 12
0.548053 3.478307 -0.169199 12
0.594005 3.429139 -0.153303 12
0.667664 3.413725 -0.201709 12
0.721412 3.374633 -0.204333 12
0.760714 3.316471 -0.171488 12
0.834729 3.304762 -0.224118 12
0.877959 3.251230 -0.199937 12
0.937514 3.220790 -0.217339 12
0.990362 3.180711 -0.217273 12
1.041856 3.138368 -0.213193 12
1.103193 3.111995 -0.236537 12
1.178011 3.109704 -0.300103 12
1.238663 3.084892 -0.324395 12
1.309639 3.080246 -0.381498 12
1.375547 3.068387 -0.425461 12
1.438246 3.052041 -0.461151 12
1.469770 2.971624 -0.393431 12
1.490891 2.864236 -0.284478 12
1.517654 2.763186 -0.187830 12
1.523758 2.606236 -0.006639 12
0.980001 1.051244 2.314440 9
1.059840 0.996138 2.310880 9
1.140219 0.941875 2.306058 9
1.220530 0.886760 2.302520 9
1.310800 0.861551 2.254977 9
-1.455032 6.108772 -1.104548 5
-1.177036 6.079734 -1.346256 5
-1.058904 6.040883 -1.420332 5
-1.059735 5.991114 -1.365741 5
-0.235260 4.513958 -0.509472 13
-0.172828 4.479950 -0.529825 13
-0.095888 4.455773 -0.575300 13
-0.063365 4.404564 -0.546804 13
0.021294 4.387551 -0.607672 13
0.045717 4.330961 -0.564891 13
0.090362 4.287861 -0.556943 13
0.183265 4.280424 -0.636384 13
0.199633 4.216975 -0.577483 13
0.241437 4.172163 -0.564384 13
0.266610 4.113561 -0.519206 13
0.297265 4.058453 -0.483165 13
0.330340 4.004562 -0.450686 13
0.261346 3.857302 -0.211772 3
0.321587 3.823981 -0.228828 3
0.367438 3.777389 -0.216514 3
0.449592 3.767003 -0.280967 3
0.464357 3.688823 -0.201771 13
0.490032 3.619832 -0.143522 13
0.552274 3.589668 -0.165401 13
0.539050 3.473342 -0.014229 12
0.618607 3.462470 -0.074884 12
0.708426 3.466538 -0.162744 12
0.772859 3.441369 -0.191985 12
0.827926 3.404880 -0.198863 12
0.879088 3.363269 -0.195839 12
0.916486 3.301848 -0.156213 12
0.948753 3.231152 -0.100565 12
0.992736 3.176065 -0.074267 12
1.055332 3.149481 -0.099160 12
1.120514 3.128154 -0.132591 12
1.204363 3.140417 -0.223410 2
1.259281 3.104759 -0.229884 2
1.311329 3.063826 -0.227219 12
1.388940 3.072351 -0.307400 12
1.461570 3.074583 -0.375311 12
1.487833 2.981654 -0.285886 12
1.515164 2.885811 -0.193717 12
1.519247 2.730316 -0.008052 12
-1.268725 6.163316 -1.219432 5
-1.056893 6.128660 -1.395449 5
-0.946445 6.089339 -1.463877 5
-0.910307 6.044528 -1.451150 5
-0.901391 5.996879 -1.407691 5
-0.817500 5.958161 -1.449541 5
-0.710347 5.924037 -1.519775 5
-0.295627 4.575925 -0.387233 13
-0.215156 4.550555 -0.436479 13
-0.121014 4.534842 -0.510422 13
-0.040743 4.512856 -0.563142 13
-0.009058 4.461679 -0.533391 13
0.046292 4.425560 -0.544563 13
0.127548 4.407682 -0.602641 13
0.165644 4.361137 -0.584189 13
0.229872 4.333451 -0.613609 13
0.260326 4.281211 -0.580570 13
0.303347 4.238110 -0.570551 13
0.318116 4.171959 -0.505245 13
0.346090 4.115193 -0.463867 13
0.368525 4.052551 -0.409879 13
0.258061 3.868606 -0.080857 3
0.347127 3.860912 -0.157237 3
0.418521 3.838699 -0.198847 3
0.477236 3.805273 -0.214498 3
0.515034 3.750818 -0.184362 3
0.542385 3.684267 -0.129330 13
0.587188 3.635337 -0.112272 13
0.554084 3.496250 0.089297 12
0.608021 3.453897 0.089984 12
0.673760 3.426149 0.061766 12
0.752096 3.415603 0.000703 12
0.774281 3.332777 0.081633 12
0.820394 3.279789 0.103499 12
0.883027 3.249524 0.082028 12
0.948068 3.223646 0.053070 12
0.992740 3.167473 0.080758 12
1.136210 3.268369 -0.177771 2
1.186909 3.225841 -0.172227 2
1.254046 3.211416 -0.216602 2
1.319352 3.195561 -0.257333 2
1.361979 3.138755 -0.226081 2
1.392665 3.056711 -0.152275 12
1.470254 3.066711 -0.235953 12
1.504593 2.988214 -0.169569 12
1.518891 2.860808 -0.023706 12
1.490309 2.624068 0.297882 12
-1.444392 6.247345 -0.999656 5
-1.084347 6.215027 -1.337760 5
-0.953024 6.174967 -1.429672 5
-0.905416 6.130734 -1.429891 5
-0.772052 6.094853 -1.528242 5
-0.689490 6.056304 -1.570752 5
-0.658253 6.013198 -1.554770 5
-0.581785 5.976016 -1.592183 5
-0.537468 5.935565 -1.592439 5
-0.261965 4.620745 -0.334717 13
-0.125443 4.626557 -0.479801 13
-0.102578 4.570079 -0.434581 13
-0.004097 4.558503 -0.519854 13
0.046609 4.519426 -0.523440 13
0.136358 4.506146 -0.597493 13
0.162977 4.452464 -0.558735 13
0.195321 4.401988 -0.529454 13
0.257253 4.372413 -0.555184 13
0.274699 4.310335 -0.496438 13
0.323164 4.270976 -0.496363 13
0.155283 4.057258 -0.066118 7
0.192142 4.002346 -0.034968 7
0.428120 4.119077 -0.413168 13
0.249898 3.875981 0.064182 3
0.302262 3.832603 0.066291 3
0.451656 3.882645 -0.143104 3
0.497230 3.836018 -0.129882 3
0.529091 3.774936 -0.084993 3
0.512567 3.660753 0.073779 13
0.587532 3.642726 0.023076 13
0.486517 3.424409 0.395052 12
0.592934 3.440136 0.271799 12
0.674779 3.429972 0.205131 12
0.736220 3.396138 0.188208 12
0.777436 3.336071 0.224079 12
0.847150 3.313921 0.184841 12
0.886327 3.249538 0.228523 12
0.940807 3.206108 0.231218 12
1.057986 3.259439 0.051562 12
1.088669 3.181170 0.121554 12
1.237558 3.297542 -0.167929 2
1.322780 3.315801 -0.272041 2
1.361552 3.254337 -0.230519 2
1.399036 3.188232 -0.181682 2
1.451542 3.149161 -0.181285 2
1.485418 3.071302 -0.113681 12
1.528717 3.009891 -0.075736 12
1.507829 2.800848 0.211212 12
-1.364797 6.294090 -0.999217 5
-0.882121 6.218120 -1.429113 5
-0.839872 6.173792 -1.424113 5
-0.752184 6.133582 -1.472093 5
-0.579219 6.102881 -1.621684 5
-0.514638 6.064274 -1.646501 5
-0.505270 6.020087 -1.605906 5
-0.484101 5.977038 -1.579030 5
-0.241281 4.727808 -0.344678 13
-0.110560 4.728419 -0.481489 13
-0.064059 4.686093 -0.477604 13
-0.023006 4.640831 -0.464241 13
0.043641 4.610817 -0.496096 13
0.099936 4.575476 -0.510434 13
0.168768 4.548850 -0.548370 13
0.227335 4.516621 -0.568542 13
0.275273 4.477807 -0.569351 13
0.288963 4.414632 -0.504265 13
0.324699 4.366322 -0.480259 13
0.361649 4.318497 -0.457912 13
0.187679 4.101351 -0.006464 7
0.189541 4.017360 0.097722 7
0.175755 3.917068 0.238670 3
0.290804 3.927613 0.108470 3
0.338440 3.879995 0.120685 3
0.458230 3.901231 -0.027474 1
0.491768 3.841675 0.014612 1
0.593057 3.850573 -0.098730 3
0.617463 3.781310 -0.034638 3
0.202701 3.224637 1.094420 2
0.519916 3.468793 0.463834 12
0.574461 3.422544 0.468883 12
0.655994 3.409453 0.404604 12
0.499597 3.094127 0.966519 12
0.744351 3.291170 0.469659 12
0.839750 3.300868 0.362887 12
0.914187 3.284614 0.310608 12
0.953019 3.217296 0.359770 12
1.013367 3.181242 0.347458 12
1.220513 3.382513 -0.116762 6
1.271129 3.340709 -0.111657 6
1.328160 3.309752 -0.126727 6
1.396429 3.299825 -0.179935 2
1.444568 3.253836 -0.166354 2
1.479165 3.179959 -0.103034 2
1.497075 3.067814 0.026647 12
1.506609 2.930222 0.197922 12
-0.803106 6.214599 -1.385852 5
-0.717196 6.173749 -1.433050 5
-0.505331 6.144975 -1.632222 5
-0.455002 6.105179 -1.641239 5
-0.384750 6.068187 -1.675189 5
-0.371816 6.025357 -1.639320 5
-0.299757 5.990163 -1.677005 5
-0.254774 5.952176 -1.681579 5
-0.246055 4.887152 -0.394504 13
-0.203048 4.841852 -0.383954 13
-0.092577 4.830630 -0.488242 13
-0.059088 4.781863 -0.462719 13
0.012163 4.753386 -0.502917 13
0.046827 4.705433 -0.479259 13
0.112864 4.675679 -0.511863 13
0.160564 4.635788 -0.511887 13
0.200249 4.591058 -0.497036 13
0.253154 4.554932 -0.506966 13
0.289889 4.508220 -0.486047 13
0.320233 4.456634 -0.451927 13
0.197456 4.291271 -0.110102 7
0.212232 4.222088 -0.036541 7
0.170753 4.106375 0.156315 7
0.078251 3.943363 0.463989 13
0.077935 3.850438 0.584744 13
0.219764 3.880090 0.398369 13
0.344877 3.900130 0.242137 3
0.429229 3.886254 0.172670 3
0.536297 3.897110 0.047608 3
0.125529 3.381578 1.146637 6
0.180519 3.325712 1.163193 6
0.258620 3.294891 1.123357 2
0.316935 3.242868 1.131981 2
0.341893 3.151028 1.227473 12
0.412808 3.112532 1.205910 12
0.468029 3.054755 1.226088 12
0.583583 3.076455 1.080032 12
0.783781 3.220583 0.686160 6
0.844104 3.178925 0.680580 6
0.905308 3.138739 0.672402 12
0.987416 3.131308 0.599850 12
1.247969 3.415837 -0.040603 6
1.317102 3.404733 -0.094794 6
1.357910 3.346016 -0.056882 6
1.398429 3.284836 -0.015165 2
1.477104 3.294683 -0.106217 2
1.497282 3.191356 0.012588 2
1.506694 3.059081 0.181105 12
-0.623561 6.217633 -1.464343 5
-0.374812 6.190550 -1.713212 5
-0.375834 6.147320 -1.661019 5
-0.339306 6.107186 -1.654660 5
-0.258944 6.072256 -1.703724 5
-0.248021 6.030082 -1.665699 5
-0.185840 5.994603 -1.693251 5
-0.111058 5.961998 -1.738257 5
-0.494880 5.855205 -1.177569 5
-0.348636 4.936504 -0.198582 13
-0.181503 4.945841 -0.395177 13
-0.121445 4.909230 -0.414602 13
-0.059509 4.874331 -0.438063 13
0.018363 4.848533 -0.490535 13
0.054331 4.801778 -0.469728 13
0.100177 4.760332 -0.466394 13
0.141165 4.716257 -0.454110 13
0.177362 4.669249 -0.432554 13
0.216979 4.624108 -0.416938 13
0.282874 4.595990 -0.451941 13
0.294367 4.532109 -0.380776 13
0.333250 4.485886 -0.362268 13
0.169531 4.291186 0.071092 7
0.194167 4.227948 0.127878 7
0.081540 4.055207 0.477582 13
0.191995 4.055281 0.358692 13
0.225808 3.993928 0.403854 13
0.274220 3.944308 0.418031 13
0.297506 3.871502 0.490217 13
0.349314 3.823720 0.498831 13
0.130253 3.398552 1.301157 6
0.194381 3.350911 1.297327 6
0.226139 3.267928 1.375534 2
0.300998 3.231635 1.345689 2
0.435945 3.144169 1.322494 12
0.781697 3.338846 0.697770 6
0.862143 3.325814 0.631967 6
0.929457 3.296366 0.602398 6
0.984846 3.250155 0.608276 2
1.035788 3.196677 0.628930 2
1.086827 3.142376 0.650873 2
1.330619 3.413830 0.029408 6
1.388786 3.384102 0.010885 6
1.418094 3.301678 0.094364 2
1.487069 3.291746 0.038131 2
1.452432 3.074737 0.372100 12
-0.438814 6.221730 -1.557489 5
-0.329530 6.186087 -1.641510 5
-0.298968 6.145543 -1.628072 5
-0.234688 6.108590 -1.657893 5
-0.185005 6.070976 -1.669786 5
-0.116107 6.036465 -1.707538 5
-0.077220 5.998877 -1.706559 5
-0.033089 5.962465 -1.712905 5
-0.369249 5.862486 -1.200643 5
-0.392262 5.809527 -1.108479 5
-0.237503 5.015240 -0.274842 5
-0.180943 4.975540 -0.287337 13
-0.055854 4.968433 -0.419994 13
-0.008568 4.926866 -0.419031 13
0.071038 4.901994 -0.476354 13
0.106690 4.855530 -0.455305 13
0.147377 4.811622 -0.443075 13
0.145409 4.743223 -0.350104 13
0.211887 4.713662 -0.385454 13
0.250984 4.668248 -0.368711 13
0.313255 4.637624 -0.397444 13
0.361289 4.598429 -0.398537 13
0.364372 4.528152 -0.307505 13
0.067530 4.238442 0.413080 13
0.089735 4.169665 0.481339 13
0.178851 4.151537 0.407187 13
0.200221 4.080722 0.479684 13
0.255460 4.036599 0.478803 13
0.339202 4.017618 0.412570 13
0.339332 3.924838 0.539203 13
0.743045 3.408680 0.814542 6
0.820792 3.389818 0.757768 6
0.910842 3.390073 0.661499 6
0.980297 3.364260 0.623831 6
1.020374 3.295743 0.677352 2
1.082101 3.258865 0.663929 2
1.147716 3.228771 0.637173 2
1.191502 3.162477 0.684516 2
1.256499 3.131663 0.659989 12
1.309276 3.079015 0.679280 12
1.388640 3.076968 0.599773 12
-1.666385 6.192166 0.069162 5
-1.495181 6.144214 -0.076657 5
-0.281922 6.181983 -1.571595 5
-0.189062 6.147120 -1.639443 5
-0.156947 6.107661 -1.628913 5
-0.093544 6.072078 -1.660303 5
0.005048 6.042127 -1.740455 5
0.020151 6.002088 -1.708297 5
0.046831 5.963606 -1.691678 5
0.081402 5.926516 -1.685997 5
-0.379241 5.797241 -0.974467 5
-0.413746 5.739562 -0.860118 5
-0.310333 5.441657 -0.598877 5
-0.260644 5.100723 -0.208971 5
-0.170763 5.074167 -0.278908 5
-0.075723 5.051786 -0.360177 5
-0.058921 4.995795 -0.304861 5
0.036454 4.976398 -0.389991 13
0.102586 4.944701 -0.424269 13
0.138543 4.898405 -0.403519 13
0.179783 4.854770 -0.392241 13
0.216064 4.808338 -0.371167 13
0.280218 4.778072 -0.404058 13
0.308030 4.726609 -0.365830 13
0.325189 4.667648 -0.304816 13
0.426954 4.663499 -0.415988 13
0.380872 4.560472 -0.221303 13
0.140288 4.313138 0.395296 13
0.174015 4.254123 0.438501 13
0.176062 4.169640 0.553402 13
0.287741 4.170448 0.425436 13
0.319451 4.108167 0.476353 13
0.396160 4.083716 0.423823 13
0.859706 3.440544 0.819246 6
0.932841 3.417340 0.772554 6
0.977261 3.354394 0.814489 6
1.074766 3.369662 0.686649 2
1.123996 3.314140 0.713301 2
1.177814 3.264921 0.726216 2
1.218732 3.192916 0.786220 2
1.239823 3.082609 0.923178 2
-1.606356 6.186527 0.174521 5
-0.224921 6.221574 -1.566701 5
-0.111374 6.188062 -1.664086 5
-0.102868 6.146964 -1.622695 5
-0.061174 6.109014 -1.625804 5
0.010264 6.075104 -1.670319 5
0.035546 6.036253 -1.651706 5
0.081444 6.000459 -1.662056 5
0.148431 5.968654 -1.703152 5
-0.237935 5.858056 -1.087311 5
-0.236039 5.809607 -1.026757 5
-0.261921 5.754614 -0.923486 5
-0.288253 5.697819 -0.817056 5
-0.299025 5.642918 -0.731842 5
-0.298036 5.589620 -0.662813 5
-0.240240 5.550494 -0.681430 5
-0.273429 5.486290 -0.555830 5
-0.326918 5.413730 -0.394172 5
-0.257646 5.258451 -0.269745 5
-0.180488 5.225688 -0.318729 5
-0.143273 5.178784 -0.300048 5
-0.070374 5.146395 -0.343840 5
-0.058917 5.089006 -0.279291 5
-0.014034 5.045476 -0.273602 5
0.096967 5.033123 -0.389768 5
0.105201 4.973407 -0.317325 13
0.195497 4.954277 -0.398804 13
0.230676 4.907929 -0.376500 13
0.278519 4.868377 -0.378457 13
0.323088 4.827241 -0.374037 13
0.310855 4.751927 -0.254142 13
0.378257 4.724029 -0.294778 13
0.401260 4.668301 -0.243525 13
0.410987 4.602454 -0.162066 13
0.455557 4.559453 -0.153632 13
0.282773 4.356078 0.337661 13
0.300758 4.286245 0.415953 13
0.335365 4.227773 0.458939 13
0.987174 3.363006 0.971427 6
1.055983 3.333220 0.938708 6
1.091592 3.252326 1.018769 2
1.209267 3.303106 0.813314 2
1.217637 3.174313 0.995141 2
-0.188971 6.259531 -1.534570 5
-0.139663 6.220652 -1.547158 5
0.016628 6.191357 -1.707052 5
0.009656 6.149747 -1.644515 5
0.069061 6.114616 -1.673981 5
0.173144 6.085956 -1.768043 5
0.134813 6.039904 -1.659442 5
0.174756 6.003949 -1.662574 5
0.223060 5.969795 -1.678386 5
-0.243654 5.843357 -0.923224 5
-0.201772 5.801630 -0.920418 5
-0.194852 5.752880 -0.864010 5
-0.134747 5.715390 -0.889231 5
-0.145759 5.661611 -0.803014 5
-0.152687 5.607504 -0.721202 5
-0.144806 5.556147 -0.661390 5
-0.196743 5.486544 -0.501633 5
-0.179058 5.435408 -0.453816 5
-0.177397 5.378426 -0.377696 5
-0.185786 5.316754 -0.282301 5
-0.116514 5.281451 -0.319696 5
-0.038028 5.250798 -0.374692 5
0.001293 5.206052 -0.361180 5
0.045098 5.163214 -0.355597 5
0.107125 5.128565 -0.383731 5
0.132739 5.078132 -0.344416 5
0.173211 5.034252 -0.332369 5
0.216751 4.991932 -0.326009 13
0.268259 4.953931 -0.335276 13
0.310916 4.911576 -0.327197 13
0.290490 4.833258 -0.190257 13
0.358999 4.804898 -0.233214 13
0.405669 4.764277 -0.231635 13
0.422568 4.704600 -0.166087 13
0.475651 4.667896 -0.177356 13
0.449190 4.575902 -0.011868 13
0.461105 4.507879 0.072724 13
0.319760 4.321378 0.515014 13
1.133284 3.306802 1.077462 2
1.182911 3.245524 1.114334 2
-0.093133 6.259122 -1.530217 5
-0.054862 6.220079 -1.528851 5
0.099599 6.191373 -1.692009 5
0.151281 6.155955 -1.712368 5
0.213688 6.122500 -1.749032 5
0.217650 6.082699 -1.701049 5
0.214617 6.041339 -1.641652 5
0.270549 6.008326 -1.669769 5
0.292118 5.970367 -1.646392 5
-0.193623 5.838633 -0.838037 5
-0.156548 5.795830 -0.827638 5
-0.123378 5.752363 -0.810989 5
-0.077142 5.711959 -0.815147 5
-0.074984 5.661119 -0.747697 5
-0.098334 5.602567 -0.636363 5
-0.058108 5.559928 -0.628792 5
-0.086594 5.497068 -0.504248 5
-0.106789 5.434608 -0.390619 5
-0.064492 5.390928 -0.383339 5
-0.007266 5.352683 -0.402568 5
0.043267 5.312710 -0.410467 5
0.070303 5.264098 -0.375726 5
0.075715 5.206226 -0.299848 5
0.142723 5.173431 -0.338099 5
0.206329 5.140258 -0.371166 5
0.219614 5.084428 -0.307309 5
0.252693 5.037206 -0.280702 5
0.279974 4.986676 -0.241637 13
0.350423 4.958764 -0.289758 13
0.382966 4.910930 -0.260644 13
0.412931 4.861153 -0.225120 13
0.425810 4.800315 -0.151551 13
0.452464 4.746724 -0.105618 13
0.491993 4.700803 -0.086812 13
0.488992 4.625144 0.029524 13
0.371068 4.463724 0.416933 13
-0.063667 6.296570 -1.489746 5
0.004011 6.259214 -1.530521 5
0.119636 6.226589 -1.641625 5
0.218718 6.194964 -1.731653 5
0.251562 6.158651 -1.726376 5
0.306795 6.125179 -1.754676 5
0.291629 6.083453 -1.677262 5
0.299980 6.043983 -1.634132 5
0.324950 6.006665 -1.615920 5
-0.168667 5.879274 -0.780219 5
-0.125573 5.837458 -0.779389 5
-0.106985 5.791002 -0.739093 5
-0.085379 5.744798 -0.702864 5
-0.068160 5.697216 -0.658541 5
-0.035088 5.653127 -0.639924 5
-0.107408 5.580630 -0.440662 5
-0.059543 5.538933 -0.444443 5
-0.023707 5.494011 -0.427343 5
0.017053 5.450676 -0.418716 5
0.056051 5.406905 -0.406806 5
0.071904 5.354905 -0.352095 5
0.078096 5.298429 -0.277810 5
0.151275 5.267387 -0.328482 5
0.175531 5.217264 -0.286581 5
0.235328 5.182161 -0.313061 5
0.275606 5.138941 -0.301671 5
0.278704 5.077804 -0.214803 5
0.336835 5.042825 -0.238295 5
0.352907 4.986413 -0.174704 13
0.382778 4.936435 -0.138340 13
0.422959 4.891828 -0.123077 13
0.434961 4.830114 -0.045216 13
0.490044 4.793901 -0.061210 13
0.435536 4.686329 0.172609 13
0.427786 4.605241 0.306383 13
-1.434801 6.162662 0.719516 5
0.215533 6.227837 -1.647742 5
0.320219 6.197526 -1.750175 5
0.351635 6.161823 -1.743802 5
0.365510 6.124263 -1.710394 5
0.409467 6.090409 -1.723357 5
0.395737 6.048618 -1.645442 5
0.413436 6.010785 -1.616106 5
0.453411 5.976674 -1.622418 5
-0.448907 5.704490 0.006810 5
-0.108603 5.670181 -0.409655 5
-0.077042 5.623929 -0.385372 5
-0.024838 5.583252 -0.397102 5
-0.031367 5.525941 -0.303898 5
0.027009 5.487313 -0.326365 5
0.036853 5.433482 -0.259907 5
0.084316 5.391745 -0.262214 5
0.147506 5.356175 -0.294719 5
0.194794 5.315439 -0.297582 5
0.233248 5.271470 -0.283280 5
0.269634 5.226613 -0.264493 5
0.304908 5.181148 -0.242934 5
0.316814 5.124454 -0.172489 5
0.356980 5.080493 -0.159091 5
0.380751 5.028000 -0.110282 5
0.402353 4.973492 -0.055112 5
0.480071 4.949861 -0.122154 13
0.430985 4.852737 0.093905 13
0.390825 4.756290 0.297423 13
0.255710 6.264441 -1.627281 5
0.284023 6.227380 -1.615110 5
0.403151 6.198860 -1.743851 5
0.423187 6.162454 -1.720278 5
0.445780 6.126255 -1.700350 5
0.469053 6.090104 -1.681176 5
0.533841 6.060183 -1.729617 5
0.521506 6.018665 -1.651603 5
0.556095 5.984515 -1.650529 5
-0.072740 5.661087 -0.282797 0
-0.040883 5.614348 -0.257553 0
-0.010094 5.567174 -0.229780 0
0.050388 5.528718 -0.256528 0
0.099338 5.487467 -0.262478 0
0.147908 5.446544 -0.268026 5
0.136285 5.384567 -0.156762 7
0.250076 5.367916 -0.289969 5
0.295993 5.327363 -0.291267 5
0.333669 5.283688 -0.275886 5
0.352469 5.231673 -0.220933 5
0.356634 5.171997 -0.133345 5
0.386692 5.123267 -0.098383 5
0.428188 5.079864 -0.087224 5
0.406425 5.002747 0.064771 5
0.455535 4.962028 0.061969 5
0.504116 4.921320 0.060264 13
-1.369435 6.212743 0.961400 5
0.335284 6.264787 -1.612480 5
0.448038 6.234978 -1.734362 5
0.474764 6.199537 -1.721717 5
0.508050 6.164912 -1.719577 5
0.525674 6.128625 -1.691773 5
0.554872 6.093756 -1.682700 5
0.593457 6.060479 -1.689419 5
0.570220 6.017127 -1.590482 5
0.653186 5.991972 -1.673576 5
-0.067408 5.699416 -0.179255 7
0.012508 5.664391 -0.241492 0
0.052037 5.619997 -0.230283 0
0.129150 5.586588 -0.290161 0
0.151390 5.537833 -0.246358 0
0.142406 5.478352 -0.140279 7
0.270721 5.464570 -0.303647 5
0.325010 5.427320 -0.322984 5
0.350773 5.379747 -0.284562 5
0.365917 5.327350 -0.222839 5
0.382754 5.274685 -0.162719 5
0.417580 5.229163 -0.139387 5
0.410694 5.163619 -0.023889 5
0.413227 5.100542 0.074611 5
-1.217434 6.214572 0.942936 5
0.401327 6.264602 -1.577708 5
0.528686 6.236421 -1.727981 5
0.550356 6.200976 -1.707428 5
0.555715 6.163657 -1.659119 5
0.589516 6.129393 -1.658036 5
0.593519 6.091182 -1.605698 5
0.668365 6.063506 -1.675918 5
0.679740 6.026383 -1.635726 5
0.690560 5.988708 -1.593529 5
-0.067015 5.791758 -0.148567 7
0.017934 5.756591 -0.220885 7
0.054852 5.711576 -0.205292 7
0.140473 5.679225 -0.282221 0
0.179568 5.635806 -0.271585 0
0.156947 5.574276 -0.139475 7
0.238436 5.543272 -0.211133 0
0.369907 5.530715 -0.386502 5
0.460591 5.507499 -0.483591 5
0.496217 5.465878 -0.468666 5
0.399145 5.371649 -0.170899 5
0.406743 5.315358 -0.089682 5
0.428344 5.263837 -0.036561 5
0.462682 5.217388 -0.010159 5
-1.130229 6.213483 1.025348 5
0.485672 6.266057 -1.573920 5
0.598860 6.237392 -1.706188 5
0.616551 6.201883 -1.678800 5
0.636614 6.166472 -1.654928 5
0.664294 6.131931 -1.643938 5
0.681865 6.096026 -1.614758 5
0.734961 6.065625 -1.649128 5
0.740357 6.027661 -1.597119 5
0.783780 5.996425 -1.614489 5
0.025927 5.796457 -0.119393 7
0.109147 5.761571 -0.191756 7
0.162923 5.721131 -0.209164 0
0.214951 5.680901 -0.223777 0
0.264162 5.640489 -0.233312 0
0.419025 5.632569 -0.458524 5
0.452103 5.590060 -0.438926 5
0.465158 5.540609 -0.376651 5
0.555186 5.518192 -0.476998 5
0.522677 5.450930 -0.314338 5
0.539493 5.400718 -0.255266 5
0.458454 5.307574 0.025952 5
-0.990598 6.156188 1.113902 5
0.575753 6.230683 -1.522825 5
0.692881 6.204187 -1.668825 5
0.717790 6.169765 -1.653634 5
0.740870 6.135132 -1.634820 5
0.736792 6.096425 -1.565493 5
0.795210 6.067082 -1.611244 5
0.863359 6.040608 -1.676930 5
0.833263 5.996076 -1.555348 5
0.107954 5.799362 -0.070351 7
0.192670 5.765311 -0.148773 7
0.177871 5.707951 -0.029065 7
0.265007 5.676333 -0.114484 0
0.478122 5.683231 -0.464843 5
0.534205 5.648416 -0.494592 5
0.593235 5.615443 -0.531719 5
0.591732 5.562222 -0.437893 5
0.619953 5.518515 -0.406979 5
0.599276 5.455173 -0.264529 5
-1.010309 6.209749 1.289243 5
-0.924071 6.154839 1.235206 5
-0.899230 6.095946 1.290227 5
0.772643 6.207268 -1.667099 5
0.784691 6.171810 -1.628419 5
0.781297 6.133883 -1.559676 5
0.814435 6.100587 -1.558812 5
0.869241 6.071210 -1.600022 5
0.864101 6.031714 -1.524650 5
0.164559 5.850123 -0.060499 7
0.153089 5.794585 0.053509 7
0.234827 5.759642 -0.020961 7
0.521297 5.779270 -0.526116 5
0.549507 5.736891 -0.498708 5
0.602838 5.701770 -0.524738 5
0.641290 5.662708 -0.519017 5
0.721203 5.637860 -0.605722 5
0.681213 5.571782 -0.423141 5
0.476543 5.439449 0.146264 5
0.456758 5.371032 0.301090 5
-0.899175 6.211682 1.335208 5
-0.845577 6.154889 1.338461 5
-0.773572 6.100202 1.307236 5
0.791419 6.204346 -1.552394 5
0.834031 6.172112 -1.570323 5
0.861913 6.138435 -1.560169 5
0.915750 6.108886 -1.601158 5
0.915178 6.070960 -1.534211 5
0.919604 6.033079 -1.475489 5
-0.098408 5.782167 0.701958 5
0.650410 5.797603 -0.599278 5
0.717820 5.767610 -0.659637 5
0.746307 5.727166 -0.634717 5
0.732424 5.672737 -0.512283 5
0.723375 5.617936 -0.396856 5
0.770383 5.581903 -0.409828 5
0.526609 5.432275 0.276094 5
