ply
format ascii 1.0
element vertex 12857
property float x
property float y
property float z
property int scalar_Label
end_header
2.141266 1.062671 -1.389962 9
2.146235 0.986834 -1.387603 9
2.147430 0.909232 -1.394698 9
2.169708 0.840398 -1.352854 9
2.090057 0.725183 -1.551474 9
2.037362 0.618563 -1.687763 9
2.057628 0.545966 -1.652802 9
2.032976 0.449692 -1.724646 9
2.176001 0.445568 -1.399950 9
2.030747 0.278948 -1.759306 9
2.020998 0.187097 -1.798291 9
2.002744 0.088519 -1.858402 9
2.008719 0.004255 -1.861562 9
2.011364 -0.082872 -1.873418 9
2.255774 1.346612 -0.881060 9
2.130768 1.235857 -1.170980 9
2.118107 1.156194 -1.207153 9
2.151590 1.091954 -1.139160 9
2.157091 1.018288 -1.135180 9
2.232402 0.972560 -0.972819 9
2.287860 0.921504 -0.855839 9
2.394988 0.895918 -0.621126 9
2.338227 0.797215 -0.760928 9
2.356966 0.732919 -0.728823 9
2.369019 0.665493 -0.712488 9
2.235834 0.518432 -1.030317 9
2.276336 0.463708 -0.950093 9
2.202173 0.341722 -1.134554 9
2.221553 0.273643 -1.104195 9
2.151875 0.147961 -1.280506 9
2.233965 0.120407 -1.106043 9
2.143205 -0.024962 -1.333383 9
2.119890 -0.126878 -1.405197 9
2.153785 -0.187782 -1.344334 9
2.160065 -0.269412 -1.348512 9
2.207639 -0.318297 -1.256396 9
2.181663 -0.427138 -1.337665 9
2.049129 -0.630648 -1.671715 9
2.038679 -0.733792 -1.719254 9
2.301074 1.516366 -0.564183 9
2.287697 1.443880 -0.598614 9
2.264646 1.367823 -0.654827 9
2.189511 1.274707 -0.826171 9
2.174899 1.197489 -0.865078 9
2.312579 1.172197 -0.568933 9
2.289662 1.093341 -0.626954 9
2.253904 1.007973 -0.713959 9
2.304758 0.956664 -0.610113 9
2.361583 0.909927 -0.493267 9
2.362561 0.839466 -0.500444 9
2.362577 0.768092 -0.510268 9
2.378948 0.704580 -0.484238 9
2.191489 0.531960 -0.912789 9
2.167960 0.441570 -0.977426 9
2.134603 0.343628 -1.064815 9
2.145802 0.270539 -1.053271 9
2.119018 0.173160 -1.127504 9
2.119267 0.091526 -1.141809 9
2.147821 0.028520 -1.092961 9
2.147860 -0.054150 -1.108904 9
2.162549 -0.126880 -1.092345 9
2.106414 -0.253861 -1.237050 9
2.195051 -0.270316 -1.053700 9
2.199728 -0.351653 -1.061556 9
2.217340 -0.422834 -1.040493 9
2.197964 -0.526384 -1.104779 9
2.199134 -0.613633 -1.122820 9
2.239429 -0.665655 -1.051371 9
2.316044 -0.681818 -0.896114 9
2.140143 -0.943862 -1.326688 9
2.289290 1.528350 -0.396137 9
2.307786 1.465120 -0.361375 9
2.322475 1.401418 -0.335115 9
2.314882 1.331510 -0.356834 9
2.240425 1.239704 -0.521969 9
2.306493 1.192072 -0.387156 9
2.330790 1.131907 -0.341990 9
2.330184 1.062869 -0.350571 9
2.409855 1.026213 -0.187255 9
2.368516 0.940571 -0.284126 9
2.364649 0.869625 -0.301031 9
2.456778 0.843922 -0.111492 9
2.388769 0.741740 -0.267577 9
2.084657 0.511856 -0.935112 9
2.076136 0.429206 -0.965094 9
2.063436 0.343119 -1.004759 9
2.041823 0.250429 -1.064461 9
2.034459 0.164838 -1.093889 9
2.040531 0.086823 -1.094665 9
1.918221 -0.077827 -1.376638 9
2.088550 -0.045698 -1.019300 9
2.058662 -0.150285 -1.100539 9
2.073787 -0.223652 -1.083669 9
2.117820 -0.274812 -1.003543 9
2.120556 -0.357645 -1.014916 9
2.136480 -0.430438 -0.997705 9
2.156243 -0.500143 -0.972469 9
2.182679 -0.563984 -0.932834 9
2.266540 -0.575376 -0.765270 9
2.269349 -0.659070 -0.778992 9
2.308639 -0.708629 -0.711412 9
2.216932 -0.887173 -0.939392 9
2.239124 -0.955971 -0.911834 9
2.329444 -0.953212 -0.730151 9
2.198388 1.590243 -0.395408 9
2.340415 1.553882 -0.105348 9
2.324760 1.484642 -0.142022 9
2.350704 1.425626 -0.092884 9
2.320646 1.351261 -0.160280 9
2.466073 1.329975 0.136299 9
2.380383 1.237688 -0.047454 9
2.425410 1.187794 0.040068 9
2.448484 1.131261 0.081643 9
2.374219 1.036429 -0.080095 9
2.418178 0.987861 0.004247 9
2.417074 0.920791 -0.005824 9
2.436130 0.862674 0.025875 9
2.482294 0.818285 0.114079 9
2.455025 0.737780 0.047954 9
2.380122 0.629895 -0.118949 9
2.428364 0.587050 -0.027450 9
2.501527 0.560484 0.116496 9
1.940650 0.150957 -1.079478 9
1.953519 0.076792 -1.065482 9
1.965509 0.001912 -1.053815 9
1.980848 -0.070894 -1.035511 9
1.969435 -0.162666 -1.074644 9
1.984292 -0.236662 -1.058409 9
2.016898 -0.297387 -1.004680 9
2.062448 -0.347263 -0.923503 9
2.045744 -0.446063 -0.976299 9
2.077700 -0.506151 -0.925070 9
2.072876 -0.597260 -0.953602 9
2.140969 -0.624999 -0.824930 9
2.184968 -0.672219 -0.748472 9
2.243367 -0.704612 -0.640803 9
2.334234 -0.703443 -0.462174 9
2.257870 -0.865336 -0.649445 9
2.291282 -0.920095 -0.597210 9
2.297026 -1.003463 -0.606254 9
2.400568 -0.981654 -0.399630 9
2.375543 -1.098534 -0.477607 9
2.283648 -1.295053 -0.705717 9
2.090532 1.581267 -0.430890 9
2.228417 1.542436 -0.157145 9
2.270979 1.486237 -0.075452 9
2.336941 1.437761 0.053151 9
2.340481 1.374126 0.055653 9
2.451165 1.343103 0.274115 9
2.463924 1.284540 0.294714 9
2.445101 1.215217 0.251115 9
2.451894 1.154244 0.258936 9
2.478051 1.100822 0.305659 9
2.390275 1.000970 0.120935 9
2.395857 0.937602 0.125067 9
2.423917 0.884378 0.174558 9
2.448308 0.830204 0.216321 9
2.452409 0.766444 0.216433 9
2.454646 0.701405 0.212355 9
2.447128 0.630596 0.187919 9
2.503615 0.595569 0.294161 9
2.488977 0.520211 0.254381 9
2.478349 0.446070 0.222312 9
2.433176 0.348585 0.118570 9
2.514496 0.332719 0.275061 9
2.511815 0.262009 0.258056 9
1.874820 -0.263754 -1.073610 9
1.918409 -0.317540 -0.998294 9
1.932857 -0.392391 -0.983809 9
1.965092 -0.453400 -0.932694 9
2.520306 -0.086719 0.211297 9
2.030089 -0.573032 -0.830240 9
2.074519 -0.621520 -0.754380 9
2.095644 -0.689612 -0.727757 9
2.167101 -0.711298 -0.595255 9
2.468187 -0.512341 0.023658 9
2.373977 -0.684027 -0.193874 9
2.384502 -0.756894 -0.190139 9
2.406172 -0.818863 -0.163110 9
2.359750 -0.953136 -0.282382 9
2.385009 -1.013228 -0.248877 9
2.452702 -1.025647 -0.124194 9
2.272706 -1.320439 -0.535364 9
2.257794 -1.432688 -0.591445 9
2.046009 6.058205 -0.825190 5
1.908490 1.558083 -0.607644 9
2.132336 1.534786 -0.173054 9
2.227417 1.490105 0.009401 9
2.252738 1.431196 0.054977 9
2.282673 1.374389 0.109324 9
2.351180 1.330135 0.239146 9
2.372531 1.273370 0.276174 9
2.401290 1.219748 0.327499 9
2.427081 1.165960 0.372738 9
2.429748 1.104047 0.372162 9
2.460693 1.053389 0.427033 9
2.513791 1.013185 0.525440 9
2.479562 0.935614 0.451059 9
2.491649 0.877991 0.467855 9
2.442869 0.790393 0.363679 9
2.407854 0.707272 0.286196 9
2.474355 0.676795 0.409957 9
2.546760 0.652126 0.545482 9
2.462329 0.538582 0.368301 9
2.474926 0.479539 0.383996 9
2.514319 0.437391 0.452987 9
2.535005 0.384242 0.484350 9
2.491557 0.287976 0.386659 9
2.506793 0.230150 0.406289 9
2.520202 0.171038 0.421923 9
2.472136 0.065743 0.313035 9
2.548874 0.054022 0.455945 9
2.451884 -0.093600 0.246590 9
2.489291 -0.136058 0.309174 9
2.534580 -0.170776 0.387693 9
2.493702 -0.279560 0.290090 9
2.516982 -0.333506 0.322991 9
2.470608 -0.451896 0.212555 9
2.419672 -0.578144 0.091674 9
2.437459 -0.640679 0.111574 9
2.397636 -0.761585 0.011786 9
2.482440 -0.756454 0.169787 9
2.494812 -0.825027 0.177324 9
2.485640 -0.917749 0.139372 9
2.341984 -1.163631 -0.181340 9
2.359415 -1.233375 -0.165821 9
2.354593 -1.329927 -0.197746 9
2.380143 -1.391384 -0.166134 9
2.329951 -1.547328 -0.295941 9
2.033362 6.087141 -0.657778 5
1.990716 6.037433 -0.722728 5
1.940667 5.994957 -0.802895 5
1.849179 5.995575 -0.967113 5
1.723394 6.028341 -1.200219 5
1.592857 6.060424 -1.442129 5
1.888967 1.566815 -0.463392 9
2.092734 1.539313 -0.078568 9
2.166532 1.489728 0.058565 9
2.204095 1.433783 0.126414 9
2.226685 1.375050 0.165447 9
2.281163 1.326370 0.265134 9
2.300163 1.268506 0.296826 9
2.336823 1.217070 0.362045 9
2.380948 1.169521 0.441360 9
2.419264 1.121310 0.509372 9
2.437319 1.066299 0.538326 9
2.460648 1.013912 0.577157 9
2.489581 0.964620 0.626539 9
2.429733 0.875075 0.504778 9
2.487921 0.839729 0.609954 9
2.474492 0.770204 0.576831 9
2.468776 0.703706 0.558202 9
2.486764 0.649523 0.585079 9
2.486049 0.584918 0.575444 9
2.464325 0.507236 0.524651 9
2.533475 0.484200 0.650083 9
2.522355 0.412275 0.619221 9
2.491384 0.326048 0.549171 9
2.506688 0.269570 0.568982 9
2.531727 0.220076 0.607575 9
2.467096 0.105163 0.469990 9
2.497791 0.058802 0.518926 9
2.477971 -0.026410 0.468152 9
2.545362 -0.042895 0.588989 9
2.507212 -0.144779 0.501102 9
2.495738 -0.226527 0.465335 9
2.484061 -0.309926 0.428593 9
2.500422 -0.369349 0.447145 9
2.493915 -0.450286 0.419675 9
2.507742 -0.513002 0.432374 9
2.475460 -0.621638 0.352075 9
2.445099 -0.731169 0.274757 9
2.456232 -0.800193 0.280367 9
2.428021 -0.911987 0.205814 9
2.441547 -0.980690 0.215156 9
2.391128 -1.122173 0.093682 9
2.364482 -1.240426 0.019541 9
2.379281 -1.312429 0.029440 9
2.396569 -1.382013 0.043988 9
2.417625 -1.447390 0.065870 9
2.002212 6.137916 -0.532796 5
1.990016 6.054079 -0.536062 5
1.970063 5.979670 -0.555188 5
1.893351 5.966799 -0.686621 5
1.804094 5.964282 -0.842485 5
1.697484 5.976042 -1.032021 5
1.618880 5.955562 -1.166314 5
1.471681 5.998755 -1.434176 5
1.843329 1.640356 -0.370242 9
1.899085 1.580738 -0.269737 9
1.964642 1.525199 -0.151276 9
2.047401 1.476006 -0.001081 9
2.138858 1.432077 0.165131 9
2.141421 1.367745 0.166063 9
2.209520 1.322183 0.288559 9
2.225074 1.262884 0.313152 9
2.228208 1.199845 0.314356 9
2.283971 1.155050 0.413359 9
2.306016 1.099737 0.449333 9
2.355152 1.055603 0.535665 9
2.376164 1.001569 0.569301 9
2.401282 0.949825 0.610394 9
2.447012 0.908117 0.689894 9
2.485100 0.864311 0.754947 9
2.518382 0.819324 0.810838 9
2.514629 0.756125 0.796940 9
2.536376 0.706085 0.830720 9
2.539017 0.645776 0.828271 9
2.540621 0.584479 0.823555 9
2.549156 0.526936 0.831625 9
2.537796 0.456716 0.801730 9
2.540384 0.394503 0.797886 9
2.530374 0.323313 0.769768 9
2.524027 0.253593 0.748200 9
2.486464 0.160421 0.666692 9
2.450312 0.065849 0.587235 9
2.435045 -0.015120 0.547105 9
2.486513 -0.044709 0.634479 9
2.502863 -0.101269 0.654345 9
2.461158 -0.206682 0.562085 9
2.525241 -0.223383 0.673311 9
2.435837 -0.374566 0.487616 9
2.479804 -0.408929 0.559393 9
2.515891 -0.449423 0.615798 9
2.458006 -0.580090 0.488873 9
2.467275 -0.648002 0.492152 9
2.475862 -0.717205 0.493691 9
2.451594 -0.821571 0.430228 9
2.510773 -0.838525 0.530461 9
2.493496 -0.937936 0.479674 9
2.485825 -1.028698 0.447178 9
2.425720 -1.182245 0.309701 9
2.332249 -1.380540 0.104267 9
2.072665 6.070452 -0.214401 5
2.056431 5.994384 -0.226461 5
2.005588 5.957344 -0.305521 5
1.934997 5.940304 -0.422499 5
1.796584 5.992395 -0.669040 5
1.674411 6.021674 -0.883760 5
1.598827 5.999141 -1.009209 5
1.497886 5.998746 -1.182645 5
1.390084 6.000980 -1.368716 5
1.349447 5.936958 -1.427552 5
1.760334 1.566610 -0.352929 9
1.864995 1.517335 -0.166855 9
1.948979 1.467342 -0.018267 9
2.031528 1.420097 0.127593 9
2.026410 1.352779 0.114705 9
2.145988 1.320362 0.327299 9
2.121977 1.248874 0.279728 9
2.161947 1.196847 0.347821 9
2.217350 1.151435 0.443747 9
2.238351 1.095428 0.477068 9
2.307546 1.058469 0.597781 9
2.313312 0.998317 0.603026 9
2.311518 0.934823 0.594234 9
2.355456 0.891277 0.668530 9
2.409154 0.853719 0.760521 9
2.431093 0.802499 0.794408 9
2.431825 0.740977 0.789294 9
2.469973 0.698883 0.852432 9
2.489286 0.647559 0.880903 9
2.490332 0.586105 0.875613 9
2.503481 0.531395 0.892288 9
2.546689 0.495286 0.964099 9
2.547204 0.433240 0.957068 9
2.537616 0.363962 0.931052 9
2.561440 0.316526 0.966504 9
2.571882 0.260090 0.976962 9
2.543244 0.174954 0.914561 9
2.553866 0.117402 0.924686 9
2.404492 -0.064685 0.636215 9
2.432032 -0.112921 0.676802 9
2.469162 -0.152722 0.735163 9
2.547957 -0.156155 0.871587 9
2.542288 -0.230369 0.849459 9
2.559899 -0.284800 0.870756 9
2.535750 -0.377828 0.812930 9
2.536610 -0.449267 0.801816 9
2.531470 -0.527489 0.778894 9
2.491876 -0.641513 0.689929 9
2.437716 -0.773687 0.572327 9
2.419018 -0.872468 0.521524 9
2.446935 -0.922967 0.559435 9
2.447008 -1.004080 0.543579 9
2.435543 -1.099608 0.504937 9
2.302720 -1.338880 0.230779 9
2.007946 6.160996 -0.164061 5
2.036945 6.032427 -0.091196 5
2.028891 5.948346 -0.088579 5
1.886581 6.011395 -0.337055 5
1.815736 5.992249 -0.451604 5
1.756138 5.959064 -0.545132 5
1.590640 6.030860 -0.834793 5
1.445435 6.075447 -1.085998 5
1.340301 6.075593 -1.262613 5
1.261814 6.046939 -1.389884 5
1.229258 5.974058 -1.432780 5
1.207546 5.891304 -1.456114 5
1.451603 2.119864 -0.715828 11
1.839854 1.456559 -0.051462 9
1.913900 1.405999 0.075756 9
1.961967 1.351359 0.157050 9
2.070047 1.315071 0.344022 9
2.107737 1.261769 0.406738 9
2.135630 1.206565 0.451976 9
2.165983 1.153005 0.501369 9
2.203424 1.102881 0.563118 9
2.235073 1.051744 0.614457 9
2.220204 0.983040 0.583199 9
2.237119 0.926663 0.607996 9
2.314876 0.897260 0.740594 9
2.333210 0.843386 0.767597 9
2.365969 0.796775 0.820062 9
2.378065 0.740766 0.835580 9
2.387696 0.683537 0.846476 9
2.406387 0.631163 0.873313 9
2.439623 0.587291 0.925954 9
2.435049 0.522239 0.910782 9
2.457194 0.472665 0.943199 9
2.468780 0.416884 0.956480 9
2.510891 0.380880 1.024406 9
2.495594 0.307590 0.988892 9
2.507880 0.252162 1.002735 9
2.510006 0.189379 0.997987 9
2.517284 0.129850 1.002258 9
2.518121 0.065064 0.994575 9
2.535887 0.012914 1.017317 9
2.534062 -0.054989 1.004193 9
2.548335 -0.110328 1.020067 9
2.537503 -0.187291 0.989825 9
2.536530 -0.256910 0.977194 9
2.536653 -0.326440 0.966197 9
2.520833 -0.411700 0.925502 9
2.530949 -0.473879 0.932093 9
2.530414 -0.546970 0.918692 9
2.503686 -0.647500 0.856359 9
2.504600 -0.721887 0.844683 9
2.474980 -0.829730 0.775731 9
2.337165 -1.058092 0.504060 9
2.359170 -1.116884 0.529664 9
2.188473 -1.396219 0.193253 9
2.108801 6.057344 0.190528 5
2.070679 6.009583 0.137613 5
2.005516 5.991471 0.035292 5
1.904241 6.010712 -0.132529 5
1.839020 5.987417 -0.234563 5
1.149949 6.180572 -1.393836 5
1.151109 6.075433 -1.375512 5
1.078735 6.037045 -1.488871 5
1.024113 5.981079 -1.570618 5
0.895428 5.986046 -1.784055 5
0.857286 5.912134 -1.836588 5
1.472933 3.072562 -0.523356 12
1.424084 3.008314 -0.604167 12
1.299662 2.955906 -0.814756 12
1.435358 2.857477 -0.579654 12
1.233278 2.734158 -0.921716 12
1.264806 2.653340 -0.866018 12
1.467062 2.486450 -0.517254 11
1.440116 2.414798 -0.562570 11
1.451785 2.341101 -0.542060 11
1.475396 2.267759 -0.501384 11
1.514156 2.195451 -0.435050 11
1.514251 2.123499 -0.435151 11
1.460360 2.048997 -0.527921 11
1.877942 1.411549 0.168714 9
1.902318 1.351140 0.207418 9
2.052294 1.325823 0.461786 9
2.050413 1.261518 0.455059 9
2.036702 1.193179 0.427726 9
2.065744 1.138214 0.473737 9
2.133010 1.097515 0.585443 9
2.136979 1.035649 0.587912 9
2.150434 0.977314 0.606518 9
2.120642 0.901401 0.550194 9
2.244962 0.890296 0.760023 9
2.261850 0.835368 0.784049 9
2.281750 0.782143 0.813099 9
2.296668 0.726864 0.833325 9
2.318395 0.675246 0.865173 9
2.345636 0.627007 0.906434 9
2.360619 0.572647 0.926209 9
2.387733 0.525392 0.966927 9
2.386135 0.461682 0.957395 9
2.418470 0.418297 1.006877 9
2.406209 0.347298 0.978208 9
2.428367 0.297906 1.009512 9
2.430094 0.234962 1.004791 9
2.443548 0.179731 1.020405 9
2.445808 0.116332 1.016091 9
2.471786 0.070124 1.053319 9
2.465317 -0.000620 1.033079 9
2.470268 -0.063303 1.032699 9
2.466509 -0.133622 1.016590 9
2.469824 -0.198940 1.012697 9
2.443799 -0.290283 0.956272 9
2.470242 -0.337071 0.992893 9
2.473697 -0.404443 0.988276 9
2.456008 -0.492387 0.945454 9
2.448768 -0.572091 0.920880 9
2.432493 -0.662078 0.879611 9
2.408322 -0.761936 0.823571 9
2.389521 -0.858540 0.776622 9
2.235191 -1.101867 0.483451 9
2.125029 -1.306354 0.268658 9
2.101377 -1.421149 0.209942 9
2.049599 6.049698 0.260368 5
2.048945 5.959605 0.274619 5
1.972634 5.954040 0.154562 5
1.894762 5.947436 0.031957 5
1.049850 6.094710 -1.342537 5
0.994994 6.039730 -1.423067 5
0.892012 6.024263 -1.587012 5
0.794079 6.001034 -1.742043 5
0.774197 5.911831 -1.762325 5
1.498859 3.053077 -0.312337 12
1.511548 2.978449 -0.288427 12
1.522790 2.904745 -0.267202 12
1.541375 2.830483 -0.233968 12
1.483039 2.767711 -0.329489 12
1.477630 2.696573 -0.336815 12
1.466762 2.625909 -0.353496 12
1.537847 2.548153 -0.233611 11
1.510389 2.479453 -0.278482 11
1.503541 2.408857 -0.289186 11
1.503746 2.337860 -0.288362 11
1.519743 2.266752 -0.261427 11
1.520306 2.196101 -0.260487 11
1.553159 2.126352 -0.205904 11
1.520823 2.054786 -0.260345 11
1.528904 1.984587 -0.247579 11
1.841073 1.350465 0.254534 9
1.890671 1.297408 0.334479 9
1.987090 1.259475 0.492772 9
1.998864 1.198936 0.509052 9
2.022643 1.142488 0.545277 9
2.018618 1.077051 0.534631 9
2.065768 1.029818 0.609755 9
2.064414 0.965445 0.603179 9
2.081771 0.908230 0.627866 9
2.176991 0.884291 0.783561 9
2.201348 0.832331 0.819798 9
2.218767 0.777734 0.844165 9
2.246364 0.728340 0.885553 9
2.266730 0.675994 0.914565 9
2.278740 0.619659 0.929264 9
2.310650 0.574171 0.977498 9
2.311126 0.511781 0.972265 9
2.315650 0.451282 0.973664 9
2.314089 0.386769 0.964478 9
2.358894 0.350713 1.034020 9
2.339052 0.274101 0.993223 9
2.362866 0.225287 1.026649 9
2.379072 0.171637 1.046905 9
2.367635 0.098359 1.019612 9
2.387204 0.046717 1.045189 9
2.388433 -0.018622 1.039065 9
2.397014 -0.078875 1.045319 9
2.396528 -0.146745 1.035692 9
2.395086 -0.216185 1.024109 9
2.390510 -0.289141 1.006784 9
2.392238 -0.357631 1.000046 9
2.393511 -0.427300 0.992206 9
2.368489 -0.522003 0.938259 9
2.361783 -0.601541 0.915748 9
2.330123 -0.706580 0.849204 9
2.328743 -0.784088 0.835111 9
2.190981 -1.001903 0.581107 9
2.141034 -1.136050 0.480172 9
2.048299 -1.319905 0.302892 9
1.973450 6.061826 0.299561 5
1.966324 5.979103 0.301511 5
1.909120 5.951362 0.217034 5
1.823729 5.951626 0.084263 5
0.887184 6.063224 -1.398422 5
0.841029 5.998536 -1.462877 5
0.826524 5.907261 -1.474292 5
0.648826 5.945142 -1.759930 5
1.453134 3.338843 -0.238706 6
1.463127 3.263423 -0.218975 6
1.445160 3.195530 -0.245146 2
1.452753 3.121397 -0.229812 12
1.494300 3.040665 -0.159332 12
1.487723 2.970862 -0.167609 12
1.477893 2.901570 -0.181409 12
1.495347 2.827877 -0.150965 12
1.501533 2.756507 -0.139117 12
1.500979 2.686292 -0.138477 12
1.526232 2.613599 -0.096035 12
1.499265 2.546180 -0.138846 12
1.492151 2.476602 -0.149548 11
1.478421 2.407129 -0.171235 11
1.514110 2.335860 -0.112708 11
1.514114 2.266233 -0.112482 11
1.529273 2.196752 -0.087812 11
1.544377 2.127810 -0.063448 11
1.495343 2.056485 -0.143692 11
1.491967 1.986233 -0.149847 11
1.410748 1.909450 -0.282959 6
1.431978 1.839850 -0.249515 6
1.481958 1.774313 -0.169456 6
1.464511 1.701301 -0.199430 6
1.443331 1.121226 -0.254727 10
1.394556 1.033241 -0.338146 10
1.955563 1.138851 0.575902 9
1.947422 1.071864 0.558973 9
1.999934 1.026027 0.641191 9
2.033615 0.974751 0.692439 9
2.107992 0.940584 0.810336 9
2.117544 0.881944 0.821753 9
2.122811 0.821441 0.825936 9
2.138435 0.765477 0.846958 9
2.189180 0.726397 0.925636 9
2.187528 0.662993 0.917894 9
2.229395 0.621475 0.981723 9
2.237876 0.563340 0.990332 9
2.227801 0.494788 0.968067 9
2.250348 0.444094 0.999532 9
2.272270 0.393442 1.029815 9
2.257505 0.320564 0.999079 9
2.280483 0.270562 1.030744 9
2.286924 0.210071 1.034756 9
2.280530 0.140544 1.017171 9
2.306025 0.092465 1.052494 9
2.315179 0.033045 1.060387 9
2.320335 -0.029614 1.061376 9
2.331706 -0.087974 1.072538 9
2.316427 -0.167552 1.038767 9
2.320372 -0.232971 1.036947 9
2.317639 -0.304552 1.023623 9
2.324046 -0.369231 1.025409 9
2.317928 -0.445471 1.005767 9
2.301967 -0.531763 0.969119 9
2.273759 -0.631084 0.911275 9
2.252553 -0.726047 0.864821 9
2.232811 -0.821611 0.820376 9
2.090968 -1.041466 0.567036 9
2.071890 -1.143522 0.522283 9
1.925940 -1.381230 0.259489 9
1.984911 6.065970 0.472961 5
1.931222 6.036125 0.396062 5
1.904274 5.975842 0.363921 5
1.851536 5.942779 0.288519 5
1.772860 5.935105 0.169892 5
0.781137 5.981271 -1.356923 5
0.717536 5.929714 -1.449134 5
0.639666 5.887515 -1.564719 5
0.447846 5.928784 -1.866189 5
1.382654 3.413885 -0.196694 6
1.389610 3.338794 -0.182247 6
1.365737 3.272275 -0.217150 6
1.396728 3.191849 -0.164863 6
1.502753 3.095976 0.006605 12
1.490187 3.028607 -0.010975 12
1.474870 2.961501 -0.033122 12
1.475293 2.891350 -0.030430 12
1.520368 2.814596 0.043036 12
1.541150 2.742863 0.077653 12
1.476255 2.681944 -0.024074 12
1.472750 2.612788 -0.028438 12
1.567283 2.535734 0.122710 11
1.549540 2.469138 0.095315 11
1.537919 2.401696 0.077450 11
1.505178 2.334445 0.025856 11
1.480341 2.265983 -0.013381 11
1.598527 2.197918 0.174271 11
1.537079 2.129255 0.076510 11
1.547569 2.061582 0.092773 11
1.554163 1.993998 0.102656 11
1.386953 1.912642 -0.163707 2
1.394047 1.842337 -0.153463 6
1.412537 1.773511 -0.125313 6
1.376213 1.697891 -0.184469 6
1.367329 1.625003 -0.200240 6
1.367564 1.553193 -0.201732 6
1.381701 1.121848 -0.194855 10
1.449149 1.068735 -0.090643 10
1.487092 1.008493 -0.033614 10
1.614894 0.979390 0.166748 10
1.628087 0.914257 0.184032 10
1.669565 0.859791 0.246353 10
1.901531 0.880925 0.613320 9
2.032150 0.868962 0.818350 9
2.044523 0.810927 0.834027 9
2.088569 0.767168 0.900328 9
2.108899 0.713638 0.928480 9
2.127656 0.659722 0.953961 9
2.137829 0.601770 0.965490 9
2.144821 0.542104 0.971725 9
2.180259 0.497765 1.023603 9
2.186443 0.437821 1.028206 9
2.193268 0.378003 1.033652 9
2.206907 0.322072 1.049921 9
2.219037 0.265214 1.063579 9
2.239759 0.213852 1.090981 9
2.217436 0.134038 1.048409 9
2.239074 0.082955 1.076923 9
2.254454 0.027718 1.095115 9
2.252833 -0.039941 1.085447 9
2.260516 -0.101340 1.090701 9
2.257645 -0.171279 1.078505 9
2.236678 -0.256489 1.036431 9
2.235598 -0.327102 1.026578 9
2.244289 -0.390331 1.032488 9
2.239049 -0.466027 1.015269 9
2.195592 -0.576738 0.934793 9
2.203147 -0.643896 0.937942 9
2.175358 -0.744664 0.882413 9
2.155697 -0.839939 0.839865 9
2.082205 -0.990102 0.707544 9
2.010517 -1.143128 0.577405 9
1.966018 -1.272782 0.491728 9
1.991804 6.075168 0.633467 5
1.899183 6.090027 0.494310 5
1.915541 5.982714 0.533044 5
1.820610 5.995944 0.390309 5
1.775241 5.954188 0.328289 5
1.680179 5.961820 0.185710 5
0.734058 5.954519 -1.233078 5
0.694675 5.884178 -1.285060 5
0.406406 6.002723 -1.733119 5
0.368866 5.924422 -1.781971 5
1.324762 3.412186 -0.131489 6
1.288360 3.349167 -0.185026 2
1.384134 3.251203 -0.033266 6
1.352012 3.187453 -0.080543 6
1.468360 3.090024 0.102611 12
1.494428 3.015278 0.145278 12
1.443926 2.955820 0.068894 12
1.529690 2.871953 0.203793 12
1.505759 2.807690 0.168285 12
1.494617 2.741033 0.152445 12
1.503422 2.671829 0.167357 12
1.472091 2.606920 0.119867 12
1.592591 2.529004 0.307534 11
1.548899 2.465484 0.240522 11
1.509147 2.400313 0.179455 11
1.498486 2.333022 0.163293 11
1.521642 2.265084 0.199351 11
1.535671 2.197887 0.221087 11
1.519640 2.130383 0.196070 11
1.500378 2.062150 0.165868 11
1.518903 1.995521 0.194038 11
1.342157 1.914058 -0.080614 6
1.308064 1.840082 -0.134396 2
1.358930 1.774514 -0.056665 2
1.261378 1.691058 -0.209247 6
1.272180 1.620228 -0.194022 6
1.339357 1.054933 -0.108781 10
1.408337 1.003330 -0.004665 10
1.462693 0.949119 0.076592 10
1.558792 0.911075 0.222797 10
1.603121 0.857289 0.288258 10
1.634243 0.799714 0.333001 10
1.678987 0.748418 0.398882 10
1.725374 0.699103 0.467233 10
1.719265 0.628008 0.453400 10
1.735037 0.566319 0.473597 10
2.050609 0.648247 0.963203 9
2.090730 0.604740 1.021647 9
2.095260 0.543947 1.024172 9
2.097490 0.481645 1.022906 9
2.118970 0.429664 1.051714 9
2.116801 0.364424 1.043180 9
2.120913 0.302331 1.044334 9
2.161996 0.262638 1.103600 9
2.163905 0.199141 1.100961 9
2.169396 0.137505 1.103783 9
2.159163 0.064860 1.081534 9
2.179413 0.012448 1.107326 9
2.166969 -0.063255 1.081112 9
2.162246 -0.134434 1.066890 9
2.165168 -0.200683 1.064578 9
2.184184 -0.254921 1.087682 9
2.165894 -0.339102 1.051123 9
2.143689 -0.428101 1.007974 9
2.144061 -0.499718 1.000595 9
2.132751 -0.582347 0.974234 9
2.117362 -0.670018 0.941000 9
2.072776 -0.786118 0.860459 9
2.049829 -0.884886 0.814244 9
1.908643 -1.183043 0.566455 9
1.972861 6.025723 0.759281 5
1.972626 5.939176 0.769768 5
1.806313 6.031525 0.516829 5
1.798624 5.951115 0.515398 5
1.661071 6.004050 0.308730 5
1.651041 5.924523 0.303435 5
1.579646 5.905368 0.201373 5
1.509815 5.882526 0.101840 5
0.672096 5.940662 -1.135788 5
0.643013 5.862556 -1.171163 5
0.571803 5.815805 -1.272003 5
0.237464 5.958558 -1.780043 5
1.238751 3.345318 -0.107108 6
1.280749 3.261596 -0.040780 2
1.300645 3.184803 -0.008192 2
1.491925 3.071707 0.283952 12
1.505779 3.000979 0.306900 12
1.512865 2.932155 0.319418 12
1.494507 2.867939 0.293233 12
1.482168 2.802347 0.276012 12
1.508096 2.731493 0.316553 12
1.469946 2.668868 0.259949 12
1.500801 2.598458 0.307608 12
1.522288 2.529934 0.340918 12
1.502312 2.464733 0.311341 11
1.565664 2.395297 0.407642 11
1.457955 2.332523 0.245057 11
1.473909 2.264983 0.269347 11
1.512386 2.198197 0.327540 11
1.523920 2.132034 0.344823 11
1.505123 2.064935 0.316074 11
1.381864 1.990828 0.129147 11
1.275768 1.913735 -0.032017 2
1.273464 1.842764 -0.036355 2
1.249835 1.769223 -0.073135 6
1.235847 1.696003 -0.095509 6
1.198425 1.618718 -0.153542 6
1.138160 1.090337 -0.259748 10
1.202014 1.033559 -0.165689 10
1.325770 0.997097 0.019255 10
1.401020 0.949053 0.130489 10
1.484345 0.906162 0.253942 10
1.516801 0.847636 0.299967 10
1.622588 0.817689 0.457496 10
1.588123 0.735620 0.401418 10
1.623750 0.681002 0.451923 10
1.651424 0.623859 0.490191 10
1.656138 0.556952 0.493292 10
1.680806 0.499190 0.526697 10
1.703688 0.441036 0.557246 10
1.723252 0.381595 0.582586 10
1.749000 0.325682 0.617255 10
1.739858 0.251168 0.598329 10
1.764129 0.194706 0.630439 10
1.778946 0.133107 0.647907 10
2.062411 0.234267 1.078137 9
2.063719 0.169575 1.074933 9
2.069940 0.107546 1.079109 9
2.097442 0.059355 1.115927 9
2.083661 -0.016654 1.088915 9
2.102442 -0.070839 1.111978 9
2.084134 -0.151886 1.077515 9
2.092791 -0.214189 1.084552 9
2.076750 -0.295845 1.053093 9
2.081818 -0.362215 1.054143 9
2.055793 -0.454408 1.006621 9
2.083083 -0.504016 1.041812 9
2.034553 -0.618229 0.958604 9
1.916870 6.019036 0.823417 5
1.916709 5.933024 0.832956 5
1.765287 6.007157 0.609197 5
1.743555 5.942023 0.585401 5
1.530013 6.069292 0.266972 5
1.539615 5.969251 0.291341 5
1.519183 5.899539 0.269417 5
1.487578 5.840442 0.230242 5
1.365806 5.863013 0.053385 5
1.346145 5.790621 0.032347 5
0.611250 5.926586 -1.038809 5
0.613709 5.824902 -1.026318 5
0.575549 5.754253 -1.075431 5
0.126812 5.976912 -1.743731 5
1.091995 3.367501 -0.174571 6
1.178007 3.271561 -0.044806 2
1.202719 3.193050 -0.006021 2
1.485089 3.060488 0.413773 12
1.489422 2.992597 0.421929 12
1.513814 2.921436 0.459592 12
1.491210 2.858902 0.427619 12
1.477249 2.794484 0.408287 12
1.438707 2.732862 0.352496 12
1.411824 2.668746 0.313804 12
1.453155 2.597421 0.375737 12
1.452798 2.530787 0.375935 12
1.498460 2.461469 0.443948 11
1.492214 2.395969 0.435155 11
1.446385 2.331306 0.367772 11
1.460266 2.264597 0.388413 11
1.494166 2.198539 0.438467 11
1.482830 2.132472 0.421586 11
1.438769 2.064604 0.356235 11
1.447542 1.998345 0.368754 11
1.194198 1.912243 -0.005996 2
1.179687 1.839803 -0.028206 2
1.200193 1.770656 0.001155 2
1.147464 1.692735 -0.077842 6
1.167187 1.623391 -0.049952 6
0.806003 1.492791 -0.585275 10
0.925983 1.359425 -0.411406 10
0.767866 1.089259 -0.652015 10
0.932155 1.052792 -0.411303 10
1.140314 1.034243 -0.105573 10
1.305956 1.009907 0.137225 10
1.342432 0.949912 0.188529 10
1.386113 0.893326 0.250411 10
1.368278 0.816155 0.220874 10
1.445747 0.773506 0.332700 10
1.449067 0.704324 0.334291 10
1.519040 0.662125 0.434839 10
1.585989 0.620788 0.530849 10
1.585214 0.551346 0.525982 10
1.616084 0.496126 0.568099 10
1.632435 0.434611 0.588463 10
1.649582 0.373648 0.609881 10
1.666765 0.312872 0.631219 10
1.699766 0.260770 0.676066 10
1.671990 0.175527 0.629908 10
1.708407 0.125709 0.679604 10
1.698432 0.049089 0.659698 10
1.727633 -0.004377 0.698341 10
1.699446 -0.093754 0.650722 10
1.702876 -0.164154 0.650343 10
1.694982 -0.242712 0.632744 10
1.693139 -0.318055 0.624036 10
1.661941 -0.415189 0.570856 10
1.665885 -0.488458 0.570409 10
1.569219 -0.638512 0.417714 10
1.617888 -0.680317 0.484351 10
1.558225 -0.807510 0.386820 10
1.533660 -0.909316 0.342068 10
1.847748 6.114136 0.857821 5
1.872046 6.000703 0.903401 5
1.834965 5.954558 0.856480 5
1.745571 5.961827 0.731104 5
1.445623 6.086507 0.299880 5
1.475708 5.966924 0.353444 5
1.436213 5.915218 0.302996 5
1.396928 5.862651 0.252778 5
1.370737 5.797707 0.221921 5
1.331472 5.744069 0.171533 5
0.516347 5.939214 -0.993972 5
0.530085 5.829101 -0.965840 5
0.532451 5.728789 -0.954732 5
0.011115 5.998402 -1.713436 5
1.111794 3.272322 0.006364 2
1.106621 3.200676 0.000879 2
1.439971 3.057709 0.484234 12
1.451587 2.988659 0.502573 12
1.450858 2.922361 0.502949 12
1.446341 2.856803 0.497725 12
1.403677 2.796687 0.437325 12
1.394804 2.731000 0.425569 12
1.430211 2.660295 0.477562 12
1.388545 2.597996 0.418241 12
1.359912 2.533394 0.377600 12
1.407802 2.463407 0.447188 11
1.419597 2.396594 0.464585 11
1.411337 2.330719 0.452934 11
1.433919 2.264330 0.485624 11
1.470853 2.198827 0.538878 11
1.502453 2.134421 0.584315 11
1.420033 2.066272 0.465214 11
1.409643 1.999549 0.449843 11
1.095286 1.909473 -0.004045 2
1.137406 1.841667 0.056005 2
1.108035 1.767386 0.012801 2
0.851289 1.663357 -0.358615 10
0.877271 1.590936 -0.322313 10
0.908913 1.520151 -0.277976 10
0.917578 1.446212 -0.266943 10
0.941788 1.375399 -0.233605 10
0.942459 1.300251 -0.234401 10
0.944765 1.225282 -0.232986 10
0.890557 1.136309 -0.313402 10
0.961547 1.078054 -0.213009 10
1.024916 1.019847 -0.123718 10
1.180065 0.990792 0.098291 10
1.197249 0.923478 0.120621 10
1.326024 0.893472 0.304431 10
1.373734 0.839344 0.370808 10
1.377818 0.770556 0.373864 10
1.447041 0.726618 0.471255 10
1.492896 0.675373 0.534694 10
1.493444 0.606344 0.532275 10
1.510934 0.544367 0.554321 10
1.521061 0.479248 0.565543 10
1.559422 0.427470 0.617706 10
1.551503 0.353828 0.602419 10
1.593748 0.305090 0.660036 10
1.616756 0.247235 0.689542 10
1.603724 0.169956 0.666359 10
1.611381 0.103411 0.673195 10
1.618300 0.036176 0.678806 10
1.630851 -0.027947 0.692506 10
1.629287 -0.101002 0.685407 10
1.627764 -0.174701 0.678193 10
1.601268 -0.265692 0.634175 10
1.599039 -0.341788 0.625527 10
1.590906 -0.422824 0.608014 10
1.553651 -0.526009 0.547449 10
1.505792 -0.639363 0.470962 10
1.442396 -0.767371 0.371216 10
1.420931 -0.865870 0.332937 10
1.323105 -1.027803 0.181540 10
1.792178 6.106949 0.922348 5
1.822111 5.988604 0.974139 5
1.738327 5.990981 0.859558 5
1.651278 5.993883 0.740349 5
1.295678 5.893832 0.261465 5
1.300540 5.800776 0.275706 5
1.199902 5.799470 0.137324 5
1.161275 5.742998 0.088536 5
0.510807 5.884265 -0.819984 5
0.495377 5.797452 -0.835204 5
0.452743 5.730381 -0.889605 5
0.411562 5.661538 -0.942026 5
-0.213095 5.985013 -1.829619 5
0.663718 3.365313 -0.481570 12
1.319417 3.138740 0.445511 12
1.274078 3.080133 0.383096 12
1.402497 2.987012 0.565627 12
1.375294 2.925481 0.528543 12
1.388527 2.856827 0.548356 12
1.379489 2.791893 0.536656 12
1.405259 2.722460 0.573893 12
1.342971 2.663467 0.486937 12
1.334942 2.597566 0.476324 12
1.341152 2.530421 0.485654 11
1.362464 2.462675 0.516136 11
1.359450 2.396691 0.512236 11
1.387611 2.329871 0.552127 11
1.415314 2.264008 0.591256 11
1.436770 2.199016 0.621471 11
1.474307 2.135125 0.674223 11
1.416886 2.068530 0.593127 11
1.369476 2.000578 0.526012 11
0.995935 1.906738 -0.000612 2
0.970780 1.832149 -0.036679 10
0.973446 1.759629 -0.033686 10
0.974497 1.686892 -0.033094 10
0.958976 1.611734 -0.055987 10
0.941574 1.535623 -0.081668 10
0.936918 1.460996 -0.089518 10
0.957484 1.390855 -0.061934 10
0.905785 1.306200 -0.136403 10
0.927352 1.236053 -0.107669 10
0.886196 1.151259 -0.167576 10
0.935502 1.088205 -0.099942 10
1.015908 1.035129 0.011523 10
1.027535 0.964401 0.025763 10
1.117261 0.917959 0.150256 10
1.237589 0.884298 0.317981 10
1.238814 0.813487 0.317249 10
1.319345 0.771056 0.428610 10
1.342850 0.709477 0.459208 10
1.364521 0.647635 0.487108 10
1.403748 0.593449 0.539785 10
1.410621 0.526290 0.546512 10
1.429619 0.464418 0.570314 10
1.475196 0.415230 0.631743 10
1.507519 0.360805 0.674285 10
1.513712 0.293931 0.679609 10
1.527859 0.230960 0.696115 10
1.522685 0.157571 0.685010 10
1.518438 0.083993 0.675070 10
1.531847 0.019921 0.690141 10
1.550706 -0.040954 0.712867 10
1.551748 -0.112662 0.710048 10
1.547262 -0.188440 0.699182 10
1.525606 -0.276247 0.663598 10
1.506113 -0.364091 0.630895 10
1.498919 -0.444853 0.615597 10
1.472059 -0.540634 0.571916 10
1.428571 -0.650419 0.504125 10
1.356213 -0.784485 0.394557 10
1.325598 -0.890014 0.344628 10
1.218851 -1.058149 0.184813 10
1.701136 6.226086 0.928165 5
1.791799 6.041224 1.064613 5
1.802286 5.945624 1.086465 5
1.718739 5.947672 0.974513 5
1.652842 5.929375 0.887710 5
1.231750 5.980482 0.318513 5
1.215943 5.905062 0.302752 5
1.223516 5.809786 0.319782 5
1.109486 5.818487 0.165489 5
1.041096 5.785826 0.075496 5
0.991197 5.736466 0.011478 5
0.429609 5.789337 -0.751556 5
0.438622 5.686005 -0.733048 5
0.426465 5.598379 -0.744319 5
-0.320027 5.998199 -1.780591 5
0.785219 3.320100 -0.159356 12
0.827132 3.234698 -0.099964 12
1.144719 3.094461 0.339077 12
1.362287 2.983767 0.640039 12
1.358991 2.918359 0.636614 12
1.349661 2.853930 0.624780 12
1.375439 2.784459 0.661178 12
1.343971 2.722963 0.618667 12
1.347794 2.656801 0.624637 12
1.302482 2.595265 0.562888 12
1.290597 2.529876 0.547043 11
1.307410 2.462526 0.570585 11
1.339152 2.395168 0.614560 11
1.351300 2.329359 0.631476 11
1.400156 2.263669 0.698789 11
1.408701 2.199249 0.710545 11
1.390952 2.134457 0.686027 11
1.358268 2.068458 0.640860 11
1.409573 2.006148 0.711150 11
0.969132 1.909391 0.104710 10
0.978440 1.838520 0.116968 10
0.958184 1.764732 0.088429 10
0.965642 1.693571 0.097920 10
0.902442 1.612727 0.010029 10
0.922029 1.542525 0.035986 10
1.012436 1.484977 0.159365 10
1.009882 1.412748 0.154636 10
0.980757 1.334811 0.113185 10
0.951057 1.255583 0.070809 10
0.952203 1.182492 0.070815 10
0.933359 1.104113 0.043143 10
1.010771 1.050981 0.148092 10
1.050472 0.989312 0.200964 10
1.112583 0.935537 0.284681 10
1.164941 0.880429 0.354878 10
1.191041 0.817888 0.388746 10
1.255328 0.769517 0.475285 10
1.301058 0.716085 0.536132 10
1.267205 0.632788 0.486867 10
1.339450 0.591240 0.584223 10
1.351930 0.526395 0.598833 10
1.351643 0.455932 0.595661 10
1.388992 0.402379 0.644514 10
1.414390 0.343997 0.676734 10
1.420347 0.276422 0.681904 10
1.434822 0.212972 0.698782 10
1.453394 0.151739 0.721249 10
1.465579 0.087159 0.734745 10
1.439657 0.000813 0.695146 10
1.471116 -0.053321 0.735211 10
1.441632 -0.143803 0.690344 10
1.439778 -0.218712 0.683786 10
1.443367 -0.290805 0.684674 10
1.422907 -0.379353 0.651866 10
1.405097 -0.467550 0.622570 10
1.298631 -0.619379 0.469153 10
1.326954 -0.678842 0.503913 10
1.280209 -0.793623 0.433464 10
1.219725 -0.921541 0.343479 10
1.130196 -1.075459 0.212421 10
1.776804 6.077514 1.175467 5
1.770424 5.999882 1.172740 5
1.745873 5.941774 1.144712 5
1.633143 5.972192 0.994699 5
1.626193 5.894800 0.990931 5
1.095700 5.861879 0.294597 5
1.053729 5.808230 0.242479 5
1.031472 5.737854 0.217307 5
0.942814 5.719967 0.101155 5
0.946377 5.628442 0.111157 5
0.427165 5.736583 -0.582672 5
0.427573 5.640970 -0.577061 5
0.365120 5.588499 -0.657237 5
-0.404810 5.996636 -1.700455 5
0.553488 4.081870 -0.343464 13
0.575260 3.992133 -0.311590 13
0.585607 3.827140 -0.293032 13
0.549774 3.758471 -0.339220 13
0.468786 3.540165 -0.442580 12
0.690144 3.403844 -0.142742 12
0.784850 3.304795 -0.013690 12
1.286363 3.120310 0.662814 12
1.293638 3.052229 0.673758 12
1.328517 2.979441 0.721753 12
1.332585 2.913168 0.728190 12
1.239474 2.862051 0.603815 12
1.220830 2.797857 0.579543 12
1.306797 2.720556 0.695863 12
1.306287 2.655179 0.695790 12
1.229981 2.596580 0.593722 12
1.279849 2.526475 0.661208 11
1.184956 2.466179 0.533995 11
1.284680 2.395065 0.668317 11
1.330912 2.328481 0.730636 11
1.365540 2.263496 0.777268 11
1.359346 2.199302 0.768942 11
1.326078 2.134250 0.724138 11
1.278977 2.067554 0.660651 11
1.365776 2.006838 0.777071 11
1.199461 1.930559 0.553136 6
0.913640 1.838293 0.168406 10
1.233372 1.800045 0.597747 6
0.926747 1.696420 0.184785 10
0.939508 1.626485 0.201181 10
0.963312 1.558524 0.232340 10
0.909541 1.478055 0.159046 10
0.910941 1.405914 0.159867 10
0.928183 1.336837 0.181911 10
0.898250 1.257834 0.140361 10
0.911500 1.187770 0.156836 10
0.896745 1.110881 0.135502 10
0.917040 1.042640 0.161273 10
0.993709 0.990828 0.262920 10
0.998956 0.919803 0.268255 10
1.050786 0.863452 0.336301 10
1.169311 0.830826 0.494246 10
1.216695 0.776891 0.556213 10
1.203540 0.701948 0.536413 10
1.231634 0.642096 0.572195 10
1.248536 0.578341 0.592788 10
1.261282 0.513045 0.607678 10
1.296651 0.457673 0.653066 10
1.301972 0.389475 0.657748 10
1.321059 0.327526 0.680961 10
1.351108 0.271164 0.718933 10
1.360499 0.204934 0.728856 10
1.347640 0.126886 0.708528 10
1.373360 0.068809 0.740385 10
1.365877 -0.007475 0.727119 10
1.361629 -0.082697 0.718118 10
1.359211 -0.157545 0.711481 10
1.362088 -0.229807 0.711917 10
1.341148 -0.317679 0.679842 10
1.338435 -0.395063 0.672416 10
1.283163 -0.508540 0.593265 10
1.248908 -0.610288 0.542527 10
1.253402 -0.686541 0.544445 10
1.208261 -0.799615 0.478475 10
1.124713 -0.944050 0.359790 10
1.036244 -1.096415 0.234044 10
1.609988 6.277576 1.079304 5
1.704818 6.089878 1.212818 5
1.707323 6.003108 1.221421 5
1.647353 5.980693 1.145718 5
1.624548 5.919979 1.120041 5
1.541900 5.917108 1.013836 5
0.959349 5.829982 0.266724 5
0.962882 5.738500 0.276003 5
0.878377 5.716561 0.167689 5
0.813393 5.677383 0.085432 5
0.800263 5.598251 0.072241 5
0.265820 5.796743 -0.630513 5
0.316665 5.665384 -0.558530 5
0.354936 5.545131 -0.503476 5
-0.502234 6.003358 -1.637617 5
0.519072 4.480685 -0.249033 13
0.557057 4.380356 -0.196245 13
0.545142 4.303294 -0.209473 13
0.527151 4.228805 -0.230811 13
0.543782 4.140428 -0.206564 13
0.552836 4.055915 -0.192426 13
0.591877 3.961231 -0.138868 13
0.562729 3.891839 -0.175299 13
0.545985 3.817756 -0.195463 13
0.543580 3.738976 -0.196826 13
0.481376 3.678183 -0.277019 13
1.211279 3.393708 0.685403 6
1.261186 3.312802 0.752389 6
1.240539 3.251226 0.726437 2
1.232382 3.186309 0.716848 6
1.253279 3.115079 0.745395 2
1.273227 3.044902 0.772606 12
1.284207 2.977182 0.787940 12
1.256496 2.916434 0.752333 12
1.250095 2.851725 0.744670 12
1.246860 2.786517 0.741092 6
1.207100 2.725670 0.689445 6
1.219922 2.658238 0.706820 6
1.224577 2.592016 0.713387 12
1.268043 2.523250 0.770864 11
1.273720 2.458022 0.778618 11
1.314055 2.391648 0.831823 11
1.331329 2.327134 0.854658 11
1.287638 2.263671 0.797344 11
1.272774 2.199059 0.777819 11
1.277061 2.134424 0.783375 11
1.293442 2.070383 0.804746 11
1.267828 2.004499 0.770877 6
1.234690 1.937218 0.727048 6
1.164803 1.865618 0.634857 6
1.208416 1.803423 0.691703 2
1.241083 1.741223 0.734099 6
1.246798 1.676323 0.741011 6
0.865218 1.553023 0.238812 10
0.887136 1.484744 0.266803 10
0.960885 1.426495 0.362862 10
0.935113 1.350631 0.328007 10
0.912223 1.274369 0.296846 10
0.904207 1.200605 0.285155 10
0.895446 1.126175 0.272394 10
0.935246 1.064038 0.323450 10
0.911137 0.985038 0.290319 10
0.939264 0.920473 0.325863 10
0.982659 0.861325 0.381445 10
1.038198 0.807313 0.452971 10
1.069776 0.746533 0.492878 10
1.098838 0.685564 0.529406 10
1.131480 0.626583 0.570592 10
1.161084 0.567138 0.607712 10
1.163468 0.497069 0.608852 10
1.204247 0.443215 0.660590 10
1.243846 0.389822 0.710720 10
1.231664 0.313308 0.692393 10
1.252245 0.251727 0.717263 10
1.274742 0.191364 0.744599 10
1.266654 0.115503 0.731407 10
1.288149 0.054682 0.757263 10
1.276358 -0.024277 0.738975 10
1.283886 -0.093169 0.746169 10
1.297163 -0.158960 0.760893 10
1.288301 -0.238273 0.746174 10
1.235512 -0.345961 0.673045 10
1.228865 -0.426529 0.660998 10
1.196430 -0.525072 0.614568 10
1.173781 -0.618848 0.580986 10
1.204317 -0.676964 0.618004 10
1.075628 -0.849154 0.442996 10
1.017067 -0.975294 0.361055 10
1.561552 6.262794 1.152609 5
1.624891 6.110188 1.240378 5
1.619388 6.031563 1.237526 5
1.588975 5.978563 1.201902 5
1.558391 5.925469 1.166002 5
0.802116 5.811627 0.214552 5
0.820891 5.708016 0.242732 5
0.807282 5.630205 0.228675 5
0.771971 5.568517 0.186338 5
0.717803 5.519675 0.119465 5
0.272556 5.739294 -0.454889 5
0.362813 5.583782 -0.334242 5
0.357874 5.494553 -0.337222 5
0.286889 5.447812 -0.425869 5
0.361854 5.219170 -0.322444 5
0.388923 4.937997 -0.278768 13
0.511527 4.786334 -0.117683 13
0.344249 4.787273 -0.331192 13
0.465517 4.640924 -0.172125 13
0.544914 4.519196 -0.067304 13
0.582424 4.419888 -0.016681 13
0.543568 4.356038 -0.064657 13
0.529802 4.280700 -0.080342 13
0.551120 4.191053 -0.050887 13
0.605503 4.089625 0.021065 13
0.609872 4.009132 0.028478 13
0.606476 3.931949 0.025807 13
0.601024 3.855725 0.020412 13
0.583348 3.783645 -0.000791 13
0.601553 3.700245 0.024104 13
1.167131 3.457641 0.753013 6
1.210062 3.378042 0.809381 6
1.224252 3.307551 0.828704 6
1.260709 3.232306 0.876578 6
1.222253 3.175536 0.828083 6
1.210531 3.112062 0.813896 6
1.230249 3.042225 0.840048 12
1.258796 2.971590 0.877470 12
1.222941 2.912620 0.832091 12
1.243980 2.844187 0.859735 6
1.211121 2.783721 0.818090 12
1.243380 2.714689 0.860013 6
1.207924 2.653659 0.814916 6
1.218731 2.587623 0.829165 6
1.211410 2.523274 0.820075 6
1.237349 2.456937 0.853623 6
1.244568 2.392190 0.863075 11
1.244672 2.327868 0.863331 11
1.259803 2.263451 0.882818 11
1.233423 2.199190 0.848952 6
1.220356 2.134410 0.832115 6
1.208708 2.069257 0.817039 11
1.206211 2.004207 0.813647 6
1.228525 1.940778 0.842048 6
1.193323 1.873039 0.796541 6
1.196312 1.808008 0.800006 2
1.248359 1.748743 0.866407 6
1.244300 1.683544 0.860701 6
1.174381 1.608297 0.770341 6
1.165713 1.540803 0.758578 6
0.922042 1.430470 0.444830 10
0.899171 1.355610 0.414640 10
0.906079 1.286160 0.422641 10
0.910297 1.216119 0.427118 10
0.900213 1.142507 0.413142 10
0.853243 1.058742 0.351661 10
0.869174 0.990602 0.370981 10
0.923933 0.934070 0.440180 10
0.898237 0.854196 0.405825 10
0.918218 0.788039 0.430164 10
0.990235 0.739986 0.521426 10
1.019800 0.678784 0.558001 10
1.055257 0.620424 0.602113 10
1.060633 0.551129 0.607423 10
1.123605 0.505120 0.686889 10
1.128790 0.436316 0.691835 10
1.145683 0.372454 0.711809 10
1.154055 0.304847 0.720729 10
1.184498 0.247582 0.758062 10
1.174159 0.170833 0.742700 10
1.208872 0.116222 0.785432 10
1.206657 0.042870 0.780410 10
1.214720 -0.025465 0.788589 10
1.182869 -0.116476 0.745085 10
1.187975 -0.187728 0.749270 10
1.175432 -0.269917 0.730534 10
1.169787 -0.348899 0.720628 10
1.144828 -0.440946 0.685606 10
1.121419 -0.533535 0.652470 10
1.098276 -0.627477 0.619555 10
1.046575 -0.742670 0.549458 10
1.005826 -0.852776 0.493406 10
0.964636 -0.965512 0.436621 10
0.918588 -1.084250 0.373354 10
1.547481 6.127361 1.272349 5
1.523807 6.066841 1.245639 5
1.514190 5.992629 1.236817 5
1.472655 5.949597 1.187197 5
0.660031 5.777809 0.185748 5
0.692462 5.664459 0.229845 5
0.692003 5.576763 0.232140 5
0.608714 5.547691 0.129454 5
0.603663 5.463158 0.125813 5
0.531162 5.423815 0.036751 5
0.417056 5.409337 -0.104933 5
0.460084 5.293271 -0.047935 5
0.469534 5.199855 -0.033497 5
0.401222 5.153293 -0.117376 5
0.344993 5.098082 -0.186013 5
0.414333 4.971962 -0.096180 13
0.488528 4.846277 -0.000363 13
0.451844 4.781363 -0.044544 13
0.498470 4.673899 0.016280 13
0.506435 4.587341 0.028258 13
0.610146 4.456712 0.160814 13
0.612086 4.376045 0.165011 13
0.570851 4.314696 0.114761 13
0.552331 4.242922 0.093074 13
0.565747 4.158135 0.111529 13
0.616159 4.059941 0.176469 13
0.590615 3.991833 0.145747 13
0.564582 3.923438 0.114361 13
0.598145 3.834492 0.157873 13
0.571710 3.766204 0.125865 13
0.572680 3.689042 0.128259 13
1.092155 3.462612 0.782284 6
1.197911 3.365802 0.916118 6
1.161406 3.309114 0.871111 6
1.206391 3.231861 0.928437 6
1.177856 3.172787 0.893348 6
1.182732 3.106012 0.900178 12
1.169747 3.043030 0.884525 12
1.177224 2.976164 0.894516 6
1.180307 2.910397 0.898938 6
1.187829 2.844213 0.908881 12
1.193328 2.778654 0.916231 6
1.171208 2.716576 0.888865 6
1.166340 2.652179 0.883104 6
1.171620 2.586855 0.890030 6
1.178170 2.521679 0.898499 6
1.173320 2.457379 0.892612 6
1.159747 2.393311 0.875729 11
1.182378 2.328020 0.904226 11
1.165156 2.263753 0.882665 11
1.182634 2.199229 0.904597 11
1.176262 2.134687 0.896551 6
1.208441 2.071414 0.936832 11
1.122071 2.002702 0.828300 6
1.121980 1.937268 0.827985 2
1.180950 1.876784 0.901739 6
1.142647 1.808291 0.853368 6
1.187310 1.748137 0.909075 6
1.167121 1.680751 0.883336 6
1.004345 1.591680 0.678545 6
0.856114 1.499777 0.491924 10
0.863084 1.430742 0.500082 10
0.827161 1.353451 0.454324 10
0.859933 1.289240 0.494774 10
0.885858 1.224323 0.526578 10
0.822249 1.138446 0.445858 10
0.899531 1.086504 0.542080 10
0.863994 1.006020 0.496500 10
0.888618 0.941509 0.526463 10
0.855114 0.859813 0.483308 10
0.908338 0.804559 0.549124 10
0.896036 0.728655 0.532503 10
0.978490 0.685475 0.635007 10
0.992857 0.619508 0.651834 10
1.005603 0.553041 0.666570 10
1.017765 0.486398 0.680518 10
1.064105 0.434081 0.737448 10
1.046895 0.355262 0.714311 10
1.072009 0.294582 0.744420 10
1.104868 0.237948 0.784245 10
1.120634 0.173684 0.802486 10
1.109322 0.095892 0.786532 10
1.132455 0.035136 0.813952 10
1.094029 -0.058366 0.763653 10
1.109971 -0.123584 0.781878 10
1.097653 -0.204939 0.764367 10
1.094681 -0.281776 0.758583 10
1.062791 -0.376855 0.716182 10
1.045892 -0.464310 0.692628 10
1.017239 -0.560562 0.654120 10
1.004223 -0.648175 0.635289 10
0.999984 -0.730985 0.627478 10
0.798950 -0.952043 0.370366 10
0.777238 -1.052822 0.340131 10
0.595490 -1.272948 0.106922 10
1.460494 6.153697 1.293400 5
1.451670 6.078007 1.285147 5
1.443853 6.002040 1.278083 5
1.413555 5.947954 1.243022 5
0.567646 5.528153 0.225800 5
0.549378 5.453144 0.205337 5
0.478797 5.412327 0.120240 5
0.385487 5.384122 0.007087 5
0.387076 5.294851 0.011026 5
0.441709 5.174593 0.080324 5
0.384141 5.122115 0.011175 5
0.261315 5.105071 -0.138432 5
0.432368 4.923830 0.074129 13
0.408435 4.852280 0.046301 13
0.381100 4.782237 0.014241 13
0.466284 4.656073 0.120687 13
0.545562 4.536130 0.219754 13
0.499919 4.477065 0.164978 13
0.524811 4.385540 0.196963 13
0.557449 4.291975 0.238411 13
0.495661 4.238896 0.163653 13
0.528386 4.146753 0.205095 13
0.518609 4.072240 0.194217 13
0.520936 3.993390 0.198171 13
0.531789 3.912014 0.212553 13
0.541390 3.831751 0.225343 13
0.537009 3.756548 0.220903 13
0.537427 3.680078 0.222311 13
0.518197 3.609513 0.199540 13
1.073305 3.384152 0.882052 6
1.064231 3.319346 0.871580 6
1.084506 3.247502 0.897103 6
1.135325 3.169710 0.960077 6
1.134570 3.104343 0.959689 12
1.132927 3.039298 0.958173 12
1.123620 2.975712 0.947211 12
1.118180 2.911368 0.940959 12
1.124940 2.845224 0.949638 12
1.116329 2.781402 0.939417 12
1.124662 2.715490 0.949946 12
1.115504 2.651660 0.938978 12
1.114190 2.586978 0.937596 12
1.106264 2.522779 0.928064 6
1.123938 2.457032 0.949898 11
1.105869 2.393228 0.927847 11
1.111513 2.328365 0.934846 11
1.125083 2.263632 0.951531 11
1.147352 2.199385 0.978847 11
1.139011 2.135111 0.968577 6
1.105649 2.069611 0.927577 11
1.100767 2.004582 0.921473 6
1.088992 1.938886 0.906874 6
1.085987 1.873508 0.902996 6
1.086424 1.808307 0.903301 6
1.114077 1.746148 0.936960 6
1.041618 1.671761 0.847746 6
1.029485 1.603787 0.832506 6
0.773655 1.496244 0.518168 10
0.845623 1.438286 0.606035 10
0.840794 1.367707 0.599615 10
0.825295 1.294601 0.580056 10
0.862637 1.232564 0.625319 10
0.805034 1.148917 0.553978 10
0.831757 1.084616 0.586123 10
0.839780 1.015887 0.595268 10
0.867874 0.952877 0.629025 10
0.821463 0.868104 0.571222 10
0.813288 0.793678 0.560337 10
0.841573 0.730807 0.594204 10
0.870615 0.668789 0.628967 10
0.881929 0.600920 0.641907 10
0.927203 0.545989 0.696556 10
0.943872 0.480825 0.716006 10
0.940183 0.407430 0.710378 10
0.980983 0.352619 0.759431 10
0.996063 0.287286 0.776812 10
0.988661 0.211644 0.766484 10
1.015813 0.151865 0.798640 10
1.009463 0.075940 0.789511 10
1.034105 0.015211 0.818500 10
1.030227 -0.060269 0.812319 10
1.015993 -0.142048 0.793323 10
1.007026 -0.221875 0.780758 10
0.982694 -0.311490 0.749188 10
0.977850 -0.390864 0.741583 10
0.941933 -0.490149 0.695584 10
0.924433 -0.579655 0.672228 10
0.915364 -0.664941 0.659210 10
0.927574 -0.736976 0.672404 10
0.772062 -0.924662 0.478341 10
0.719384 -1.046146 0.411167 10
1.382344 6.170517 1.326768 5
1.371934 6.096245 1.316083 5
1.372384 6.012286 1.318502 5
1.333532 5.965819 1.273304 5
0.341414 5.634798 0.097125 0
0.387381 5.514579 0.154042 5
0.378419 5.432053 0.144709 5
0.359425 5.356210 0.123251 5
0.374323 5.259818 0.142573 5
0.379380 5.170434 0.149994 5
0.348543 5.102445 0.114165 5
0.424485 4.974677 0.206809 13
0.419835 4.893530 0.202408 13
0.375560 4.833496 0.150300 13
0.409394 4.733064 0.192117 13
0.464420 4.623940 0.259363 13
0.489621 4.531236 0.290687 13
0.461118 4.464332 0.257406 13
0.443328 4.392259 0.236974 13
0.439819 4.314015 0.233674 13
0.431416 4.238086 0.224458 13
0.439358 4.155910 0.234845 13
0.469014 4.066238 0.271277 13
0.211971 4.080904 -0.036677 7
0.494235 3.902549 0.303066 13
0.475129 3.832217 0.280820 13
0.447564 3.764250 0.248389 13
0.480679 3.677741 0.288777 13
0.458495 3.608089 0.262744 13
0.938283 3.404796 0.839178 6
0.995391 3.322239 0.908197 2
1.032033 3.246461 0.952614 6
0.963080 3.195161 0.870287 6
1.013660 3.117562 0.931367 2
1.060343 3.042421 0.987734 12
1.118164 2.966931 1.057428 12
1.058638 2.911912 0.986314 12
1.088876 2.842377 1.022857 12
1.091594 2.777399 1.026359 12
1.098717 2.712113 1.035117 12
1.056452 2.651963 0.984611 12
1.074294 2.585651 1.006172 12
1.082111 2.520624 1.015680 11
1.072402 2.456810 1.004144 11
1.092945 2.391611 1.028862 11
1.079740 2.327821 1.013078 11
1.074801 2.263591 1.007182 11
1.078369 2.199283 1.011460 11
1.095639 2.135385 1.032146 11
1.049603 2.069609 0.976881 11
1.059641 2.005367 0.988839 11
1.011723 1.937464 0.931261 6
1.015948 1.872373 0.936192 6
1.010882 1.806431 0.929953 6
0.968628 1.736057 0.879080 6
1.018963 1.676156 0.939236 6
0.743137 1.571006 0.608118 10
0.743178 1.501020 0.607877 10
0.725829 1.427877 0.586743 10
0.728756 1.357873 0.589903 10
0.690964 1.279482 0.544177 10
0.721018 1.214622 0.579825 10
0.735764 1.146890 0.597078 10
0.764763 1.082959 0.631409 10
0.786931 1.017881 0.657517 10
0.786376 0.946863 0.656324 10
0.795607 0.878471 0.666846 10
0.757237 0.795240 0.620190 10
0.761265 0.724413 0.624400 10
0.795465 0.663771 0.664814 10
0.788439 0.589075 0.655690 10
0.816074 0.526826 0.688168 10
0.825712 0.458066 0.699000 10
0.886985 0.410274 0.771845 10
0.885035 0.337310 0.768701 10
0.895220 0.269221 0.780107 10
0.907762 0.202126 0.794318 10
0.936267 0.142552 0.827692 10
0.907371 0.055415 0.792018 10
0.952952 0.004495 0.845871 10
0.942257 -0.074766 0.832013 10
0.915997 -0.163275 0.799386 10
0.904232 -0.245137 0.784152 10
0.919235 -0.312605 0.801096 10
0.881270 -0.411382 0.754240 10
0.866658 -0.497873 0.735447 10
0.835443 -0.595861 0.696608 10
0.758358 -0.725061 0.602448 10
0.797291 -0.781049 0.648010 10
0.706994 -0.923994 0.537784 10
0.556734 -1.112673 0.355160 10
0.466642 -1.264597 0.244958 10
1.333022 6.074997 1.396285 5
1.310334 6.013462 1.370631 5
1.242754 5.993013 1.292030 5
0.261491 5.640641 0.149628 0
0.245425 5.561281 0.131638 0
0.336660 5.414113 0.239791 5
0.346883 5.320763 0.252646 5
0.338565 5.239559 0.243677 5
0.349925 5.147278 0.257812 5
0.301456 5.089831 0.201608 5
0.315687 4.996987 0.219069 13
0.359993 4.889226 0.271835 13
0.371957 4.800165 0.286572 13
0.396283 4.705882 0.315802 13
0.369005 4.637802 0.284394 13
0.387178 4.548160 0.306346 13
0.356290 4.481656 0.270661 13
0.266666 4.440095 0.165996 13
0.150364 4.407260 0.030008 7
0.221964 4.295659 0.114606 7
0.192357 4.225816 0.080367 7
0.175738 4.150634 0.061356 7
0.178454 4.068460 0.065019 7
0.184035 3.985769 0.072024 7
0.255432 3.882314 0.156238 3
0.310935 3.786295 0.221772 3
0.383424 3.687328 0.307206 13
0.372144 3.614102 0.294327 13
0.389578 3.533280 0.315116 13
0.493337 3.431948 0.437154 12
0.848797 3.275732 0.854421 6
0.847959 3.207599 0.853689 2
0.881514 3.132708 0.893283 2
1.034025 3.036853 1.072379 12
1.028012 2.972880 1.065519 12
1.031406 2.907401 1.069676 12
1.019530 2.844309 1.055907 12
1.028622 2.778333 1.066712 12
1.027603 2.713858 1.065645 12
1.023178 2.649774 1.060567 12
1.030522 2.584678 1.069275 12
1.024671 2.520749 1.062492 11
1.025985 2.456329 1.064097 11
1.033620 2.391757 1.073097 11
1.034613 2.327589 1.074294 11
1.019797 2.263587 1.056936 11
1.015894 2.199232 1.052359 11
1.015702 2.134838 1.052117 11
1.050387 2.071712 1.092759 11
1.029269 2.006689 1.067948 11
0.849254 1.930390 0.856788 2
0.677203 1.849336 0.654946 10
0.810158 1.792521 0.810759 2
0.766828 1.719946 0.759828 2
0.712983 1.644654 0.696546 10
0.673558 1.569678 0.650156 10
0.693545 1.502676 0.673424 10
0.675491 1.429620 0.652061 10
0.730684 1.369507 0.716588 10
0.662726 1.286101 0.636654 10
0.692791 1.221672 0.671677 10
0.697127 1.152000 0.676503 10
0.670720 1.074663 0.645246 10
0.694505 1.009446 0.672852 10
0.704203 0.940809 0.683916 10
0.717999 0.873415 0.699771 10
0.688833 0.792944 0.665197 10
0.723712 0.732004 0.705756 10
0.743418 0.666703 0.728495 10
0.731322 0.590426 0.713894 10
0.728521 0.516883 0.710182 10
0.771520 0.460585 0.760211 10
0.777473 0.390400 0.766740 10
0.800912 0.327332 0.793779 10
0.788468 0.249059 0.778671 10
0.818690 0.189170 0.813642 10
0.842698 0.126937 0.841302 10
0.848765 0.056393 0.847875 10
0.861893 -0.010888 0.862724 10
0.853156 -0.089473 0.851868 10
0.839340 -0.171539 0.835021 10
0.834799 -0.249492 0.829048 10
0.789758 -0.351021 0.775454 10
0.775425 -0.436753 0.757918 10
0.762880 -0.522484 0.742457 10
0.756251 -0.605605 0.733923 10
0.675589 -0.736495 0.638312 10
0.632379 -0.846470 0.586692 10
0.615588 -0.940986 0.566106 10
0.484510 -1.115278 0.411046 10
0.336240 -1.307129 0.235682 10
1.249400 6.096448 1.423710 5
1.235955 6.025969 1.408629 5
1.207140 5.969760 1.375883 5
0.089322 5.799333 0.096382 7
0.183381 5.645145 0.204654 0
0.157326 5.572130 0.175047 0
0.203154 5.454023 0.227933 5
0.253835 5.335241 0.286374 5
0.288751 5.228172 0.326710 5
0.300277 5.136357 0.340193 5
0.228214 5.092153 0.257750 5
0.268100 4.985599 0.303759 13
0.250692 4.910993 0.284019 13
0.294252 4.805394 0.334222 13
0.326929 4.707103 0.371929 13
0.302878 4.637373 0.344543 13
0.260934 4.575591 0.296625 13
0.202572 4.520233 0.229870 13
0.105676 4.479977 0.118906 7
0.124939 4.389227 0.141188 7
0.124506 4.307325 0.140870 7
0.121658 4.226744 0.137773 7
0.131335 4.141895 0.149036 7
0.114078 4.067149 0.129398 7
0.125922 3.982495 0.143131 7
0.262625 3.858682 0.300060 3
0.300925 3.769284 0.344119 3
0.298018 3.693253 0.340909 3
0.293418 3.617880 0.335750 13
0.308794 3.537470 0.353494 13
0.302832 3.462971 0.346761 12
0.433754 3.357242 0.496998 12
0.453167 3.279468 0.519350 12
0.597266 3.177697 0.684678 12
0.980702 3.036396 1.124451 12
0.983822 2.970914 1.128092 12
0.995342 2.904369 1.141359 12
0.978334 2.842270 1.121908 12
0.965933 2.779209 1.107736 12
0.965966 2.714519 1.107815 12
0.975147 2.649049 1.118380 12
0.992093 2.583301 1.137842 12
0.972578 2.520520 1.115491 11
0.978099 2.455937 1.121842 11
0.987632 2.391412 1.132788 11
0.980155 2.327569 1.124226 11
0.969475 2.263548 1.111985 11
0.951060 2.199165 1.090870 11
0.967275 2.134996 1.109457 11
0.949132 2.070027 1.088643 11
0.985142 2.007271 1.129919 11
0.907327 1.938028 1.040671 11
0.649903 1.851975 0.745468 10
0.649923 1.782818 0.745456 10
0.644900 1.713024 0.739658 10
0.643642 1.643453 0.738170 10
0.640569 1.573482 0.734596 10
0.665623 1.507633 0.763269 10
0.638656 1.433597 0.732284 10
0.650001 1.365654 0.745225 10
0.650946 1.295817 0.746235 10
0.650954 1.225631 0.746165 10
0.644737 1.153830 0.738951 10
0.630251 1.079623 0.722247 10
0.650673 1.013787 0.745569 10
0.641460 0.940222 0.734900 10
0.665682 0.875786 0.762570 10
0.659939 0.802713 0.755868 10
0.663789 0.732249 0.760163 10
0.652887 0.656675 0.747532 10
0.638140 0.579112 0.730484 10
0.673254 0.518990 0.770619 10
0.672486 0.445947 0.769591 10
0.711030 0.388116 0.813651 10
0.714402 0.316622 0.817362 10
0.713715 0.243113 0.816409 10
0.730165 0.176788 0.835110 10
0.759260 0.116383 0.868311 10
0.755502 0.040844 0.863817 10
0.737962 -0.042046 0.843503 10
0.766660 -0.102475 0.876232 10
0.750162 -0.186161 0.857100 10
0.728867 -0.273488 0.832455 10
0.711283 -0.359978 0.812058 10
0.669074 -0.461742 0.763395 10
0.669199 -0.540474 0.763300 10
0.617090 -0.651554 0.703254 10
0.603585 -0.740903 0.687499 10
0.543846 -0.861057 0.618669 10
0.464304 -0.997016 0.527095 10
0.424077 -1.109846 0.480630 10
0.444111 -1.182976 0.503326 10
1.194435 6.090722 1.484549 5
1.176989 6.024141 1.464666 5
1.128551 5.985319 1.410100 5
0.014037 5.800876 0.158149 7
0.273853 5.539856 0.448884 5
0.226887 5.482811 0.395986 5
0.192382 5.417187 0.357053 5
0.213278 5.317852 0.380192 5
0.227417 5.223813 0.395771 5
0.233118 5.135654 0.401906 5
0.124211 5.111340 0.279632 5
0.200589 4.985152 0.364974 13
0.223609 4.889633 0.390541 13
0.185207 4.826206 0.347285 13
0.223493 4.724843 0.389976 13
0.243681 4.633705 0.412395 13
0.201717 4.571894 0.365165 13
0.124121 4.524838 0.278005 13
0.095127 4.455274 0.245321 13
-0.010126 4.416277 0.127165 7
0.036900 4.314836 0.179700 7
0.026785 4.236743 0.168192 7
0.019722 4.157629 0.160113 7
0.015313 4.077755 0.155015 7
0.055371 3.983415 0.199773 7
0.262688 3.837903 0.432042 3
0.230893 3.770724 0.396270 3
0.236506 3.692216 0.402440 13
0.209064 3.623085 0.371559 13
0.272900 3.530094 0.443017 13
0.285479 3.451572 0.457017 12
0.390336 3.352826 0.574484 12
0.439710 3.269092 0.629754 12
0.567495 3.171623 0.772946 12
0.904845 3.040042 1.151115 12
0.938325 2.969217 1.188591 12
0.935257 2.905073 1.185095 12
0.941328 2.839706 1.191850 12
0.908739 2.779388 1.155263 12
0.915668 2.713932 1.162991 12
0.923738 2.648660 1.172003 12
0.919385 2.584686 1.167092 12
0.919143 2.520384 1.166795 11
0.899752 2.457097 1.145031 11
0.926860 2.391610 1.175411 11
0.911496 2.327857 1.158173 11
0.904679 2.263615 1.150525 11
0.941180 2.199496 1.191453 11
0.913066 2.135025 1.159934 11
0.937946 2.071639 1.187842 11
0.916067 2.006576 1.163325 11
0.583946 1.920649 0.790940 10
0.615631 1.853993 0.826495 10
0.598066 1.783553 0.806833 10
0.578267 1.712278 0.784671 10
0.572744 1.642090 0.778523 10
0.588653 1.574584 0.796411 10
0.602649 1.507128 0.812160 10
0.596804 1.436636 0.805668 10
0.591764 1.365971 0.800084 10
0.580726 1.293821 0.787780 10
0.601900 1.227966 0.811599 10
0.571802 1.150975 0.777938 10
0.604948 1.088102 0.815190 10
0.587469 1.013071 0.795690 10
0.607136 0.947327 0.817840 10
0.581534 0.869019 0.789246 10
0.588820 0.799557 0.797528 10
0.600766 0.731509 0.811039 10
0.589510 0.655871 0.798547 10
0.589924 0.583621 0.799144 10
0.605593 0.516569 0.816847 10
0.609564 0.445264 0.821442 10
0.620452 0.376440 0.833797 10
0.631752 0.307757 0.846619 10
0.648316 0.241270 0.865348 10
0.668844 0.176642 0.888524 10
0.648742 0.093812 0.866170 10
0.629753 0.010443 0.845070 10
0.679575 -0.040567 0.901094 10
0.653116 -0.128702 0.871638 10
0.642741 -0.209843 0.860214 10
0.646776 -0.284126 0.864946 10
0.607054 -0.382870 0.820655 10
0.566215 -0.484090 0.775123 10
0.546967 -0.574635 0.753795 10
0.525407 -0.667797 0.729885 10
0.501366 -0.763828 0.703206 10
0.522744 -0.832536 0.727418 10
0.382697 -1.006198 0.570809 10
0.172604 -1.232140 0.335764 10
1.115152 6.107364 1.518533 5
1.082190 6.054388 1.481526 5
1.055996 5.995151 1.451914 5
0.281375 5.576657 0.594597 5
0.183163 5.553666 0.486366 5
0.152520 5.485835 0.452014 5
0.154351 5.397909 0.453192 5
0.137478 5.321778 0.433938 5
0.114984 5.248966 0.408555 5
0.131930 5.153990 0.426341 5
0.026769 5.126457 0.310543 5
0.100536 5.001856 0.390551 13
0.111572 4.912225 0.401945 13
0.133862 4.817913 0.425684 13
0.165819 4.720190 0.460032 13
0.158788 4.642038 0.451725 13
0.148807 4.565463 0.440208 13
0.111648 4.500788 0.398950 13
-0.042833 4.484336 0.229216 13
-0.344244 4.522595 -0.101459 13
-0.109868 4.345017 0.154720 7
-0.088103 4.253915 0.178056 7
-0.436113 4.295562 -0.203693 13
-0.124352 4.102042 0.137393 7
-0.046695 3.994588 0.222039 7
0.185343 3.841738 0.475889 3
0.175702 3.767727 0.464943 3
0.153151 3.697354 0.439866 13
0.217153 3.603491 0.509669 13
0.186338 3.535675 0.475572 13
0.304977 3.431703 0.605311 12
0.325061 3.353390 0.627049 12
0.437460 3.256639 0.750005 12
0.439625 3.184707 0.752141 12
0.866028 3.036956 1.219401 12
0.858599 2.973201 1.211072 12
0.868288 2.906793 1.221525 12
0.861819 2.842984 1.214280 12
0.862487 2.778231 1.214874 12
0.873840 2.712452 1.227200 12
0.854545 2.649932 1.205935 12
0.863570 2.584709 1.215740 12
0.853830 2.521015 1.204983 11
0.853946 2.456601 1.205049 11
0.869827 2.391669 1.222419 11
0.862718 2.327712 1.214593 11
0.857796 2.263553 1.209179 11
0.839733 2.199166 1.189372 11
0.874445 2.135387 1.227453 11
0.848029 2.070400 1.198515 11
0.779617 2.002531 1.123542 11
0.502573 1.919256 0.819808 10
0.511536 1.850475 0.829718 10
0.516201 1.781482 0.834932 10
0.538770 1.714462 0.859794 10
0.523995 1.643455 0.843725 10
0.538754 1.575934 0.860056 10
0.498544 1.500451 0.816134 10
0.485512 1.428156 0.802028 10
0.508462 1.361788 0.827389 10
0.545655 1.298686 0.868380 10
0.530666 1.225624 0.852181 10
0.541933 1.157792 0.864781 10
0.519879 1.082179 0.840873 10
0.540901 1.016569 0.864200 10
0.514893 0.938802 0.835996 10
0.539172 0.874189 0.862924 10
0.522182 0.797810 0.844643 10
0.539746 0.731413 0.864245 10
0.530411 0.656484 0.854389 10
0.525983 0.582654 0.849929 10
0.521678 0.508422 0.845623 10
0.520060 0.434731 0.844281 10
0.534505 0.366855 0.860552 10
0.524040 0.289054 0.849557 10
0.535950 0.219890 0.863087 10
0.560918 0.156349 0.890934 10
0.586293 0.093358 0.919242 10
0.562866 0.008115 0.894132 10
0.573148 -0.062145 0.905950 10
0.570223 -0.139073 0.903331 10
0.566291 -0.217082 0.899629 10
0.562397 -0.295687 0.895993 10
0.499526 -0.406947 0.827845 10
0.500067 -0.485320 0.829113 10
0.458920 -0.588219 0.784800 10
0.394839 -0.706618 0.715438 10
0.393293 -0.789698 0.714508 10
0.317133 -0.920098 0.632015 10
0.303594 -1.013521 0.618035 10
0.096866 -1.235361 0.392902 10
1.019043 6.138658 1.535715 5
1.046697 6.031498 1.563336 5
1.009706 5.982036 1.522316 5
0.319011 5.677943 0.771029 5
0.256362 5.634241 0.702748 5
0.205829 5.581268 0.647400 5
0.089798 5.568788 0.522169 5
0.105028 5.472188 0.537030 5
0.072817 5.405241 0.501290 5
-0.004647 5.364323 0.417248 5
-0.011894 5.281651 0.408212 5
-0.005380 5.191769 0.413916 5
-0.045975 5.127934 0.369321 5
0.055485 4.989513 0.476583 13
0.071317 4.898024 0.492386 13
-0.009828 4.854943 0.404540 13
0.008193 4.762930 0.422752 13
0.023903 4.673026 0.438536 13
0.042854 4.582643 0.457831 13
-0.000944 4.520086 0.410026 13
-0.174468 4.510048 0.223413 13
-0.312615 4.481148 0.074642 13
-0.386757 4.424082 -0.005618 13
-0.457101 4.363809 -0.081797 13
-0.421783 4.264670 -0.044819 13
-0.491112 4.202214 -0.119863 13
-0.503143 4.119615 -0.133521 13
0.055924 3.861475 0.464608 1
0.129914 3.762046 0.543239 3
0.086833 3.697619 0.496488 3
0.082065 3.622107 0.490812 4
0.061661 3.550603 0.468411 13
0.163165 3.450155 0.576688 12
0.230178 3.360452 0.648047 12
0.223165 3.288113 0.640098 12
0.391079 3.182283 0.819696 12
0.783047 3.041763 1.239546 12
0.806480 2.972591 1.264363 12
0.800560 2.908581 1.257737 12
0.770952 2.847704 1.225738 12
0.802759 2.778719 1.259615 12
0.808490 2.713496 1.265558 12
0.819358 2.648050 1.277037 12
0.810996 2.584478 1.267919 12
0.795250 2.521201 1.250907 11
0.799326 2.456552 1.255177 11
0.784203 2.392734 1.238883 11
0.794291 2.327985 1.249651 11
0.800574 2.263565 1.256365 11
0.807797 2.199334 1.264111 11
0.794475 2.134866 1.249849 11
0.804420 2.070826 1.260565 11
0.523932 1.992699 0.959831 11
0.460030 1.920363 0.891407 11
0.434974 1.849181 0.864673 10
0.453954 1.781264 0.885189 10
0.448751 1.711243 0.879800 10
0.426987 1.638993 0.856680 10
0.453127 1.572454 0.884954 10
0.470836 1.505289 0.904214 10
0.441400 1.430823 0.872954 10
0.433786 1.359239 0.865120 10
0.445547 1.290989 0.878085 10
0.432741 1.217852 0.864743 10
0.425013 1.145284 0.856874 10
0.441469 1.077968 0.874953 10
0.452144 1.009480 0.886864 10
0.453991 0.938753 0.889341 10
0.454717 0.867533 0.890647 10
0.441976 0.792142 0.877555 10
0.453082 0.723444 0.890039 10
0.451401 0.650677 0.888855 10
0.444149 0.575691 0.881736 10
0.470680 0.512065 0.910824 10
0.431730 0.424901 0.869827 10
0.461164 0.362330 0.902080 10
0.438114 0.279473 0.878178 10
0.459182 0.213718 0.901530 10
0.449966 0.135288 0.892503 10
0.469346 0.068824 0.914105 10
0.477089 -0.002788 0.923285 10
0.487599 -0.073283 0.935456 10
0.462865 -0.161122 0.909970 10
0.459479 -0.239434 0.907352 10
0.450784 -0.321100 0.899095 10
0.420128 -0.415315 0.867410 10
0.369801 -0.521887 0.814759 10
0.338940 -0.619568 0.782960 10
0.318524 -0.712721 0.762369 10
0.224140 -0.851544 0.662853 10
0.255963 -0.916245 0.698141 10
0.201232 -1.035365 0.641086 10
0.952135 6.143121 1.585085 5
0.947655 6.064431 1.578012 5
0.930812 5.996978 1.558193 5
0.851717 5.981563 1.473903 5
0.352000 5.694348 0.937453 5
0.266973 5.667406 0.846944 5
0.181547 5.638593 0.756013 5
0.111367 5.597865 0.680949 5
0.125912 5.502556 0.694146 5
0.024584 5.478929 0.586669 5
-0.097605 5.377398 0.455579 5
-0.063670 5.271370 0.489178 5
-0.213443 5.267096 0.331182 5
-0.111056 5.125296 0.436319 5
-0.240682 5.106384 0.299360 5
-0.119395 4.959072 0.424396 13
-0.123547 4.876555 0.418530 13
-0.041024 4.753932 0.503272 13
-0.076688 4.687717 0.464596 13
-0.081366 4.607351 0.458343 13
-0.160829 4.558822 0.373947 13
-0.244853 4.510194 0.284792 13
-0.390356 4.483558 0.131342 13
-0.402132 4.402612 0.117788 13
-0.428818 4.327117 0.088677 13
-0.389931 4.228441 0.128236 13
-0.374453 4.139062 0.143354 13
-0.443961 4.077517 0.069547 13
-0.396200 3.978682 0.118565 13
-0.035822 3.791169 0.495058 3
-0.019711 3.708916 0.511097 13
0.055461 3.612018 0.589059 13
0.004550 3.548538 0.534980 13
0.105497 3.448652 0.640061 12
0.154083 3.363248 0.690336 12
0.246118 3.270596 0.786204 12
0.343655 3.179699 0.887900 2
0.728521 3.041469 1.290874 12
0.732892 2.975443 1.295034 12
0.730608 2.910647 1.292253 12
0.739988 2.844358 1.301737 12
0.736755 2.779936 1.298032 12
0.726256 2.716279 1.286741 12
0.733888 2.650770 1.294501 12
0.748704 2.584995 1.309830 12
0.706094 2.523299 1.264964 11
0.729814 2.457228 1.289703 11
0.733238 2.392565 1.293190 11
0.724301 2.328284 1.283746 11
0.717586 2.263756 1.276668 11
0.755823 2.199358 1.316777 11
0.737110 2.134831 1.297182 11
0.726366 2.070043 1.285982 11
0.375718 1.988348 0.918296 10
0.348228 1.917101 0.889613 10
0.381477 1.849690 0.924675 10
0.358649 1.778058 0.900959 10
0.388822 1.711255 0.932866 10
0.392220 1.642029 0.936731 10
0.385638 1.571471 0.930168 10
0.367032 1.498849 0.911036 10
0.383304 1.431184 0.928514 10
0.351071 1.355352 0.895176 10
0.394914 1.292839 0.941631 10
0.380679 1.219599 0.927243 10
0.370023 1.146554 0.916646 10
0.385226 1.079005 0.933190 10
0.384816 1.007845 0.933411 10
0.370228 0.932764 0.918819 10
0.357083 0.857429 0.905782 10
0.359812 0.786058 0.909416 10
0.371457 0.717213 0.922428 10
0.366667 0.643204 0.918269 10
0.377798 0.574064 0.930820 10
0.365231 0.496717 0.918608 10
0.384191 0.430098 0.939432 10
0.362088 0.348233 0.917331 10
0.366673 0.275819 0.923200 10
0.383476 0.208148 0.941889 10
0.393810 0.137874 0.953850 10
0.368457 0.051935 0.928548 10
0.376065 -0.020288 0.937750 10
0.351683 -0.107648 0.913572 10
0.350720 -0.184902 0.913915 10
0.360573 -0.257263 0.925602 10
0.327844 -0.351660 0.892879 10
0.310401 -0.439492 0.876178 10
0.249922 -0.551835 0.814635 10
0.208701 -0.655839 0.773270 10
0.237985 -0.721078 0.805500 10
0.097568 -0.886528 0.660875 10
0.064626 -0.991706 0.628393 10
0.064708 -1.077965 0.630392 10
0.858119 6.088265 1.604383 5
0.866611 5.999144 1.609929 5
0.776681 5.991945 1.516140 5
0.296381 5.942999 1.015659 5
0.316375 5.842531 1.033117 5
0.322944 5.752886 1.037060 5
0.252671 5.716640 0.963102 5
0.149220 5.700866 0.855461 5
0.104872 5.644001 0.807830 5
-0.013691 5.633366 0.684805 5
-0.331575 5.560425 0.353999 5
-0.376015 5.495655 0.306331 5
-0.425220 5.432758 0.253847 5
-0.266207 5.256956 0.413556 5
-0.305595 4.844469 0.363157 13
-0.353236 4.780535 0.312665 13
-0.251086 4.651044 0.415201 13
-0.248390 4.566459 0.416256 13
-0.264691 4.490013 0.397962 13
-0.291877 4.417709 0.368594 13
-0.315925 4.343837 0.342483 13
-0.348869 4.272824 0.307322 13
-0.361591 4.194282 0.292895 13
-0.321877 4.098491 0.332179 13
-0.283342 4.004550 0.370334 13
-0.307219 3.930749 0.344675 13
-0.307416 3.849803 0.343312 13
-0.339508 3.777791 0.309343 13
-0.232506 3.669370 0.417892 13
-0.228152 3.589178 0.421379 13
-0.102268 3.481530 0.549446 12
0.380699 3.300936 1.043540 2
0.342449 3.238757 1.003619 2
0.382021 3.161143 1.043508 2
0.650494 3.045236 1.318124 12
0.665834 2.977181 1.333312 12
0.672808 2.910894 1.339970 12
0.646472 2.849285 1.312516 12
0.658374 2.782569 1.324319 12
0.650102 2.718362 1.315478 12
0.653410 2.652973 1.318558 12
0.674178 2.586424 1.339594 12
0.656575 2.522887 1.321315 11
0.675501 2.457154 1.340552 11
0.653030 2.393405 1.317366 11
0.640871 2.328853 1.304803 11
0.672324 2.263682 1.337027 11
0.678319 2.199207 1.343178 11
0.673193 2.134662 1.337963 11
0.669542 2.070010 1.334306 11
0.389423 1.991906 1.047073 2
0.373978 1.922446 1.031417 2
0.362087 1.852776 1.019456 2
0.449220 1.791583 1.109115 2
0.346493 1.713091 1.004078 2
0.274684 1.635294 0.930813 10
0.286296 1.566342 0.943156 10
0.286608 1.495960 0.943959 10
0.281619 1.424617 0.939377 10
0.274864 1.352692 0.933034 10
0.289385 1.284401 0.948551 10
0.277731 1.211096 0.937287 10
0.291130 1.142670 0.951752 10
0.291509 1.071451 0.952921 10
0.284918 0.998347 0.947000 10
0.288414 0.927434 0.951466 10
0.307167 0.860533 0.971606 10
0.297694 0.785862 0.962890 10
0.293007 0.712101 0.959130 10
0.282061 0.635969 0.949019 10
0.299791 0.568664 0.968309 10
0.282541 0.489571 0.951859 10
0.321047 0.429606 0.992499 10
0.275791 0.339259 0.947524 10
0.292021 0.271034 0.965484 10
0.274033 0.189187 0.948522 10
0.272709 0.113375 0.948652 10
0.293389 0.046625 0.971316 10
0.270450 -0.039377 0.949487 10
0.256099 -0.122527 0.936499 10
0.274424 -0.190982 0.956923 10
0.254425 -0.278177 0.938303 10
0.230266 -0.368566 0.915517 10
0.173721 -0.477107 0.859802 10
0.169755 -0.559635 0.857768 10
0.127729 -0.663889 0.817038 10
0.151024 -0.732843 0.842915 10
0.010870 -0.897255 0.702500 10
0.010829 -0.982539 0.704809 10
-0.079717 -1.124302 0.615163 10
0.792875 6.090860 1.656196 5
0.778848 6.020687 1.638741 5
0.725798 5.982438 1.582935 5
0.428313 5.882049 1.275639 5
0.371525 5.839802 1.216165 5
0.362422 5.762693 1.203865 5
0.297777 5.724336 1.136682 5
0.148883 5.741306 0.986083 5
-0.421948 5.661246 0.404272 5
-0.386978 5.550222 0.435991 5
-0.474863 5.509973 0.345707 5
-1.584069 6.025740 -0.760386 5
-1.673511 5.966398 -0.852697 5
-0.445667 4.619004 0.350028 13
-0.380963 4.508549 0.412629 13
-0.360879 4.417440 0.430773 13
-0.390842 4.345705 0.398992 13
-0.365343 4.253887 0.422710 13
-0.353620 4.167828 0.432743 13
-0.411033 4.104892 0.373702 13
-0.408058 4.021900 0.375122 13
-0.422250 3.944391 0.359435 13
-0.402113 3.857093 0.378178 13
-0.394224 3.773927 0.384738 13
-0.362097 3.685091 0.415646 13
-0.391215 3.612110 0.385288 13
-0.217500 3.492679 0.558204 12
0.483996 3.266270 1.260126 2
0.481358 3.199213 1.256643 2
0.476624 3.132635 1.251116 2
0.607697 3.042886 1.381797 12
0.579743 2.981856 1.353118 12
0.584531 2.915493 1.357321 12
0.587631 2.849596 1.359886 12
0.590234 2.783946 1.362010 12
0.593760 2.718365 1.365114 12
0.592345 2.653400 1.363316 12
0.605078 2.587408 1.375767 12
0.579019 2.524198 1.349353 11
0.609551 2.457632 1.379771 11
0.607905 2.393030 1.377958 11
0.578247 2.328982 1.348092 11
0.597158 2.263813 1.367014 11
0.594586 2.199017 1.364433 11
0.597374 2.134256 1.367284 11
0.582725 2.068961 1.352693 11
0.408395 1.995635 1.177937 2
0.463159 1.931553 1.233108 2
0.484500 1.866411 1.254795 2
0.479953 1.799498 1.250565 2
0.194446 1.703680 0.964554 10
0.187462 1.632238 0.958018 10
0.197227 1.562674 0.968340 10
0.212892 1.494110 0.984636 10
0.186741 1.419286 0.959059 10
0.196833 1.349795 0.969885 10
0.183912 1.276186 0.957700 10
0.185189 1.204874 0.959810 10
0.191995 1.134596 0.967520 10
0.191432 1.062654 0.967907 10
0.183726 0.988781 0.961201 10
0.183743 0.916442 0.962294 10
0.191593 0.845977 0.971294 10
0.204753 0.776992 0.985668 10
0.169357 0.693740 0.951506 10
0.174579 0.621829 0.958066 10
0.195913 0.555016 0.980804 10
0.171383 0.472972 0.957733 10
0.198099 0.408021 0.985972 10
0.193725 0.332084 0.983192 10
0.198867 0.259321 0.989988 10
0.170024 0.172873 0.962909 10
0.214892 0.115533 1.009508 10
0.198176 0.032893 0.994686 10
0.179079 -0.051688 0.977570 10
0.168898 -0.133187 0.969433 10
0.150860 -0.219119 0.953545 10
0.154599 -0.295468 0.959445 10
0.117600 -0.392567 0.924843 10
0.082535 -0.490279 0.892275 10
0.039264 -0.593927 0.851652 10
-0.010420 -0.702941 0.804773 10
-0.028573 -0.796328 0.789368 10
-0.093732 -0.918008 0.727362 10
-0.212820 -1.074329 0.611953 10
0.700891 6.115611 1.682702 5
0.690037 6.042439 1.668004 5
0.651802 5.991579 1.627118 5
0.559035 5.982808 1.533887 5
0.450018 5.984062 1.424983 5
0.423847 5.920463 1.395737 5
0.394100 5.859357 1.363113 5
0.343581 5.812832 1.310528 5
0.234350 5.806316 1.201330 5
0.260626 5.704624 1.222905 5
-0.558905 5.698325 0.407869 5
-0.609055 5.635277 0.355646 5
-0.695763 5.591611 0.267986 5
-1.705865 6.044243 -0.716509 5
-1.705149 5.936662 -0.719696 5
-0.499072 4.193355 0.419288 13
-0.469524 4.101272 0.446269 13
-0.481318 4.023023 0.432919 13
-0.552072 3.633954 0.355782 13
0.317359 3.358254 1.206182 6
0.444072 3.262446 1.329272 2
0.436537 3.196608 1.320911 2
0.395243 3.136882 1.279521 2
0.506191 3.050486 1.387446 12
0.531441 2.980546 1.411438 12
0.513356 2.917552 1.393003 12
0.511248 2.852136 1.390298 12
0.522008 2.785292 1.400281 12
0.501043 2.722034 1.379206 12
0.522050 2.654618 1.399373 12
0.499533 2.591060 1.376899 12
0.519857 2.524361 1.396525 11
0.520446 2.459186 1.396850 11
0.528344 2.393819 1.404412 11
0.523890 2.328940 1.399915 11
0.517571 2.263970 1.393650 11
0.494615 2.198723 1.371121 11
0.526394 2.133958 1.402372 11
0.515516 2.068597 1.391823 11
0.331425 1.994764 1.211352 6
0.434712 1.933333 1.312971 2
0.415940 1.865601 1.294873 2
0.417633 1.799094 1.296922 2
0.347976 1.725356 1.229036 6
0.094115 1.628562 0.980532 10
0.091337 1.556948 0.978428 10
0.078448 1.483717 0.966479 10
0.111964 1.417212 1.000108 10
0.132517 1.349295 1.021088 10
0.112101 1.274319 1.001973 10
0.105539 1.201342 0.996513 10
0.095548 1.127294 0.987767 10
0.095165 1.054935 0.988511 10
0.087206 0.980570 0.981906 10
0.111697 0.913922 1.007153 10
0.060246 0.827611 0.958120 10
0.091105 0.762583 0.989743 10
0.086560 0.687800 0.986784 10
0.062100 0.606518 0.964426 10
0.101285 0.544689 1.004390 10
0.050810 0.453645 0.956767 10
0.073877 0.386539 0.981115 10
0.072227 0.310789 0.981384 10
0.085663 0.240352 0.996463 10
0.095605 0.168583 1.008202 10
0.095837 0.092792 1.010542 10
0.071729 0.006387 0.989228 10
0.068680 -0.071945 0.988545 10
0.052546 -0.156666 0.975201 10
0.044824 -0.238379 0.970150 10
0.026344 -0.325926 0.954721 10
0.010554 -0.413155 0.942017 10
0.011571 -0.492778 0.945762 10
-0.086712 -0.624954 0.853097 10
-0.068584 -0.697807 0.873698 10
-0.109547 -0.803447 0.837015 10
-0.228085 -0.955154 0.725223 10
-0.393928 -1.138834 0.567812 10
0.604878 6.142936 1.707079 5
0.634219 6.036965 1.729579 5
0.574836 6.002741 1.669259 5
0.528391 5.957296 1.621064 5
0.429702 5.950464 1.523926 5
0.355725 5.922853 1.449917 5
0.310341 5.872910 1.402757 5
0.219235 5.854433 1.312649 5
0.203624 5.781715 1.293555 5
0.180729 5.714090 1.267695 5
-0.643669 5.889487 0.472532 5
-0.571399 5.753598 0.536550 5
-0.576786 5.665526 0.527298 5
-0.715738 5.653161 0.391657 5
-1.845527 6.180263 -0.683151 5
-1.702527 5.995516 -0.552129 5
-1.849544 5.965996 -0.696028 5
0.285665 3.352088 1.285491 6
0.376260 3.264474 1.371078 2
0.390784 3.194226 1.383881 2
0.409367 3.123797 1.400656 2
0.426801 3.054206 1.416413 12
0.403104 2.991528 1.392810 12
0.436254 2.920381 1.423795 12
0.429307 2.855309 1.416402 12
0.426318 2.789704 1.412878 12
0.440179 2.722429 1.425595 12
0.448745 2.656060 1.433307 12
0.408010 2.593595 1.393779 12
0.302756 2.533964 1.292395 6
0.459251 2.459401 1.442306 11
0.444838 2.394717 1.428254 11
0.456499 2.329157 1.439303 11
0.451562 2.264033 1.434492 11
0.413106 2.198559 1.397577 11
0.438629 2.133334 1.422149 11
0.427357 2.067549 1.411475 11
0.324412 1.997173 1.312883 6
0.379251 1.933461 1.365812 2
0.396737 1.868428 1.382961 2
0.399029 1.802488 1.385599 2
0.329947 1.729416 1.319827 6
-0.027199 1.621817 0.977781 10
-0.002082 1.552947 1.002591 10
-0.037700 1.476139 0.969224 10
-0.022961 1.405976 0.984239 10
-0.017827 1.334473 0.990120 10
-0.030101 1.259823 0.979395 10
-0.012598 1.190453 0.997294 10
-0.032540 1.113623 0.979391 10
-0.010586 1.045323 1.001713 10
-0.037376 0.965994 0.977428 10
-0.024489 0.895571 0.991227 10
-0.025823 0.821556 0.991493 10
-0.016338 0.750250 1.002197 10
-0.037503 0.670091 0.983666 10
-0.009988 0.603843 1.011781 10
-0.044887 0.518298 0.980309 10
-0.018388 0.451812 1.007614 10
-0.018692 0.376519 1.009389 10
-0.021259 0.300091 1.009095 10
-0.039493 0.217415 0.993945 10
-0.035306 0.142560 1.000288 10
-0.019029 0.072318 1.018246 10
0.003853 0.004911 1.042577 10
-0.030408 -0.086805 1.012560 10
-0.043089 -0.170321 1.003216 10
-0.049800 -0.251887 0.999663 10
-0.088393 -0.349190 0.965905 10
-0.114182 -0.441830 0.944457 10
-0.125080 -0.528216 0.937284 10
-0.183226 -0.639900 0.885389 10
-0.268201 -0.768140 0.808228 10
-0.329581 -0.886547 0.753648 10
-0.274206 -0.941621 0.809846 10
0.543130 6.059576 1.758915 5
0.514967 6.000221 1.727869 5
0.436793 5.978758 1.651243 5
0.355543 5.957741 1.571778 5
0.293737 5.920627 1.510078 5
0.256644 5.864627 1.471030 5
0.174090 5.839775 1.390356 5
-0.670426 5.768151 0.579097 5
-0.667333 5.674977 0.577283 5
-0.826233 5.672649 0.425818 5
-0.897790 5.618891 0.355086 5
-1.817842 6.010365 -0.501422 5
-1.920697 5.957052 -0.601666 5
0.228506 3.351601 1.339961 6
0.342656 3.259423 1.445543 2
0.327626 3.195213 1.430212 2
0.348361 3.124382 1.448484 2
0.374865 3.053296 1.472259 12
0.350028 2.990831 1.447983 12
0.339633 2.925829 1.437327 12
0.349654 2.858109 1.445904 12
0.342050 2.792726 1.438031 12
0.339414 2.726741 1.434899 12
0.354732 2.659231 1.448701 12
0.374431 2.591875 1.466700 12
0.255008 2.533324 1.354192 6
0.363749 2.461184 1.455940 11
0.352842 2.395871 1.445455 11
0.321084 2.330707 1.415476 11
0.359698 2.264263 1.451647 11
0.338619 2.198446 1.431858 11
0.355377 2.132816 1.447673 11
0.354367 2.067027 1.446887 11
0.205579 1.994388 1.307457 6
0.332532 1.934109 1.426962 2
0.343447 1.868732 1.437618 2
0.332218 1.801692 1.427571 2
0.267246 1.728985 1.367178 6
-0.157012 1.614288 0.969780 10
-0.155043 1.541602 0.972441 10
-0.149844 1.469305 0.978224 10
-0.139303 1.397833 0.989104 10
-0.154803 1.322215 0.975659 10
-0.158792 1.248089 0.973102 10
-0.179483 1.170500 0.954988 10
-0.149679 1.102535 0.984286 10
-0.163442 1.025674 0.972858 10
-0.153237 0.953804 0.983975 10
-0.154262 0.879247 0.984669 10
-0.165673 0.801754 0.975742 10
-0.149020 0.731362 0.993171 10
-0.154310 0.654903 0.990169 10
-0.171334 0.574525 0.976301 10
-0.174910 0.497620 0.975111 10
-0.171534 0.422605 0.980517 10
-0.137920 0.357688 1.014246 10
-0.150603 0.276967 1.004855 10
-0.148561 0.200994 1.009310 10
-0.126827 0.132271 1.032221 10
-0.104773 0.063928 1.055514 10
-0.129719 -0.023469 1.035132 10
-0.138077 -0.104907 1.030320 10
-0.143032 -0.185490 1.028792 10
-0.169127 -0.276220 1.007733 10
-0.205079 -0.372750 0.977664 10
-0.224159 -0.462632 0.963413 10
-0.270439 -0.567064 0.924075 10
-0.367997 -0.699586 0.837394 10
-0.260654 -0.727615 0.940731 10
-0.347563 -0.858159 0.864277 10
-0.607720 -1.088235 0.627875 10
0.427038 6.101116 1.767610 5
0.415378 6.028167 1.751260 5
0.363465 5.985840 1.699215 5
0.285556 5.961665 1.624037 5
0.209876 5.934087 1.550824 5
0.167550 5.881342 1.507395 5
0.137151 5.819752 1.474695 5
-0.882419 5.941663 0.526664 5
-0.741766 5.766217 0.647967 5
-0.874535 5.749954 0.523060 5
-0.974099 5.712116 0.428062 5
-1.776475 6.047836 -0.301960 5
-1.916788 6.016246 -0.434355 5
-1.911491 5.907599 -0.435004 5
0.201401 3.276271 1.420587 2
0.232269 3.202251 1.447472 2
0.232821 3.134540 1.446682 2
0.246893 3.064782 1.458382 12
0.258457 2.995901 1.467882 12
0.234217 2.932341 1.444640 12
0.262032 2.861817 1.469238 12
0.261569 2.795247 1.467991 12
0.265037 2.728370 1.470444 12
0.243441 2.663779 1.449984 12
0.259519 2.596000 1.464194 12
0.018883 2.543708 1.242827 11
0.276884 2.462529 1.479318 11
0.256558 2.397133 1.460384 11
0.260105 2.330770 1.463459 11
0.267100 2.264492 1.469791 11
0.269385 2.198370 1.471889 11
0.258243 2.132041 1.461749 11
0.235206 2.065021 1.440780 11
0.193620 1.996532 1.402873 2
0.259093 1.933187 1.463348 2
0.237509 1.865274 1.443991 2
0.269469 1.801268 1.473874 2
-0.325800 1.676840 0.928225 10
-0.337988 1.601287 0.917855 10
-0.312454 1.529982 0.942200 10
-0.345532 1.451219 0.912878 10
-0.322612 1.379859 0.935023 10
-0.315680 1.306362 0.942606 10
-0.331290 1.228929 0.929628 10
-0.340140 1.152208 0.922957 10
-0.348059 1.075271 0.917250 10
-0.353197 0.998541 0.914201 10
-0.332719 0.927348 0.934713 10
-0.319136 0.854820 0.949009 10
-0.323056 0.777959 0.947395 10
-0.354441 0.693366 0.920777 10
-0.350364 0.617705 0.926706 10
-0.347137 0.541643 0.931968 10
-0.315955 0.474051 0.962869 10
-0.271970 0.411158 1.005541 10
-0.282588 0.330771 0.998472 10
-0.236672 0.269601 1.043076 10
-0.226626 0.196301 1.055061 10
-0.247849 0.111118 1.038672 10
-0.206175 0.049651 1.079674 10
-0.241766 -0.042386 1.050462 10
-0.255899 -0.126788 1.040919 10
-0.261775 -0.208399 1.039015 10
-0.278711 -0.295547 1.027202 10
-0.314551 -0.392347 0.998388 10
-0.352466 -0.491609 0.967868 10
-0.384911 -0.589742 0.942485 10
-0.383317 -0.672088 0.948090 10
-0.479528 -0.805771 0.865380 10
-0.646709 -0.980754 0.718832 10
0.331628 6.125459 1.796851 5
0.324721 6.048517 1.784290 5
0.310693 5.977379 1.765705 5
0.230192 5.954765 1.689503 5
-0.985279 5.956952 0.571543 5
-0.911982 5.820822 0.630040 5
-0.906902 5.725533 0.628788 5
-1.844288 6.037922 -0.209056 5
-1.878971 5.951591 -0.245684 5
-1.954217 5.885164 -0.318032 5
0.068216 3.291092 1.406493 2
0.089054 3.218063 1.423610 2
0.126330 3.142868 1.455577 2
0.165601 3.068463 1.489457 12
0.161385 3.001652 1.484464 12
0.155990 2.935010 1.478514 12
0.163806 2.866721 1.484515 12
0.159294 2.800080 1.479561 12
0.168415 2.732095 1.486941 12
0.178167 2.664369 1.494992 12
0.140592 2.600306 1.460660 12
-0.168010 2.551003 1.183093 11
0.151763 2.465557 1.469783 11
0.170623 2.398031 1.486417 11
0.142473 2.331920 1.460939 11
0.153369 2.264851 1.470623 11
0.150364 2.197977 1.467925 11
0.155536 2.131179 1.472669 11
0.174941 2.064955 1.490295 11
-0.095522 1.986172 1.247751 11
0.112102 1.928040 1.434577 2
0.122052 1.861231 1.444017 2
0.124886 1.794026 1.447167 2
-0.442366 1.671841 0.938794 10
-0.460927 1.594941 0.923038 10
-0.555123 1.508216 0.839547 10
-0.491902 1.440229 0.897399 10
-0.595749 1.349002 0.805529 10
-0.519583 1.283957 0.875202 10
-0.760851 1.165455 0.660460 10
-0.815396 1.075462 0.613264 10
-0.681920 1.021521 0.734625 10
-0.480246 0.985436 0.917089 10
-0.632357 0.874312 0.782898 10
-0.655834 0.789806 0.764019 10
-0.449388 0.762596 0.950897 10
-0.448722 0.685853 0.953791 10
-0.485089 0.598537 0.923720 10
-0.460151 0.527941 0.948551 10
-0.438515 0.456729 0.970536 10
-0.382917 0.396665 1.022921 10
-0.360184 0.326860 1.046075 10
-0.370339 0.245965 1.040026 10
-0.333205 0.181504 1.076225 10
-0.337966 0.102064 1.075227 10
-0.365997 0.013130 1.053667 10
-0.335823 -0.053583 1.084001 10
-0.342173 -0.134998 1.081992 10
-0.369551 -0.226000 1.061464 10
-0.393974 -0.316865 1.043728 10
-0.407883 -0.404035 1.035481 10
-0.447208 -0.504013 1.004891 10
-0.524994 -0.624232 0.940484 10
-0.512523 -0.702060 0.956109 10
-0.662093 -0.863315 0.828786 10
-0.858762 -1.054303 0.660315 10
0.227811 6.072911 1.813511 5
0.204454 6.008182 1.786772 5
0.135842 5.975865 1.721827 5
-1.023380 5.934187 0.673393 5
-0.996985 5.825818 0.689627 5
-1.044095 5.759340 0.642934 5
-1.856024 6.102428 -0.061616 5
-1.824990 5.982641 -0.041528 5
-1.910980 5.923813 -0.122068 5
-0.403668 3.298189 1.097226 2
-0.493172 3.239334 1.017106 2
-0.411337 3.151023 1.087249 12
0.066130 3.006986 1.504449 12
0.080734 2.937202 1.516045 12
0.061538 2.871986 1.498107 12
0.064654 2.803963 1.499851 12
0.025959 2.740094 1.465013 12
0.044551 2.670580 1.480559 12
0.048195 2.602652 1.483097 12
-0.382338 2.559695 1.104554 12
0.051562 2.467404 1.485065 11
0.037527 2.400401 1.472411 11
0.040926 2.332735 1.475175 11
0.060975 2.265065 1.492672 11
0.050061 2.197713 1.483088 11
0.051347 2.130311 1.484327 11
0.046621 2.062735 1.480397 11
-0.103079 1.988568 1.349282 11
-0.453814 1.899066 1.041801 2
-0.443751 1.825810 1.051237 2
-0.491227 1.747995 1.010286 6
-1.252943 1.600777 0.342658 6
-1.900599 1.353614 -0.223157 8
-1.901582 1.260595 -0.222509 8
-1.868810 1.172350 -0.192112 8
-1.872012 1.079052 -0.193108 8
-1.314808 1.082011 0.297122 10
-1.057016 1.043719 0.524900 10
-0.963836 0.979300 0.608514 10
-0.855502 0.920297 0.705469 10
-0.811644 0.849463 0.746068 10
-0.805976 0.770507 0.753371 10
-0.663965 0.725561 0.879995 10
-0.634698 0.654431 0.908123 10
-0.555136 0.597717 0.980284 10
-0.546727 0.522250 0.990400 10
-0.533030 0.448339 1.005255 10
-0.512960 0.376525 1.025788 10
-0.482609 0.308337 1.055394 10
-0.462232 0.237239 1.076419 10
-0.447755 0.164270 1.092425 10
-0.437840 0.089677 1.104585 10
-0.452965 0.005420 1.095116 10
-0.446888 -0.071197 1.104216 10
-0.456223 -0.154342 1.100081 10
-0.482075 -0.245132 1.081787 10
-0.521869 -0.343140 1.051602 10
-0.563790 -0.443632 1.019786 10
-0.604886 -0.545345 0.988902 10
-0.583926 -0.618906 1.011844 10
-0.741849 -0.780665 0.880543 10
-0.733470 -0.862934 0.893043 10
-0.949786 -1.062810 0.712190 10
0.093177 6.124449 1.813416 5
0.116197 6.025075 1.824776 5
0.075293 5.972381 1.783629 5
-0.033539 5.966146 1.686395 5
-1.117586 5.944000 0.727056 5
-1.088460 5.834193 0.744531 5
-1.140512 5.770029 0.694183 5
-1.853858 6.055569 0.088639 5
-1.894486 5.974352 0.047433 5
-0.517784 3.382241 1.114295 6
-0.475668 3.299487 1.148397 2
-0.517569 3.232276 1.110680 2
-0.498076 3.154472 1.125688 2
-0.071962 3.018384 1.489424 12
-0.066580 2.948851 1.492716 12
-0.050620 2.878297 1.505204 12
-0.069155 2.811931 1.488227 12
-0.063854 2.742934 1.491816 12
-0.063089 2.674518 1.491636 12
-0.052391 2.605500 1.500102 12
-0.425227 2.558492 1.179422 12
-0.068940 2.470095 1.484821 11
-0.070125 2.401915 1.483445 11
-0.068573 2.333679 1.484539 11
-0.046560 2.265369 1.503323 11
-0.079782 2.197270 1.474793 11
-0.054627 2.129431 1.496514 11
-0.066300 2.061053 1.486729 11
-0.464182 1.975375 1.145465 2
-0.516614 1.899189 1.100965 2
-0.457126 1.829371 1.152676 2
-0.509054 1.751887 1.108877 2
-0.555682 1.673524 1.069771 6
-1.836652 1.461903 -0.028179 8
-1.889448 1.364677 -0.072033 8
-1.788933 1.286259 0.015765 8
-1.841019 1.188135 -0.027145 8
-1.842419 1.096522 -0.026427 8
-1.368384 1.085674 0.381770 10
-1.255950 1.020533 0.480157 10
-1.060182 0.974397 0.649962 10
-1.043323 0.895755 0.666685 10
-0.894157 0.846642 0.796710 10
-0.860252 0.774147 0.828224 10
-0.798137 0.709279 0.883962 10
-0.763532 0.638629 0.916295 10
-0.694589 0.578011 0.978053 10
-0.671814 0.505723 1.000504 10
-0.653155 0.432534 1.019568 10
-0.607931 0.367852 1.061394 10
-0.590909 0.294893 1.079303 10
-0.582104 0.219299 1.090349 10
-0.560836 0.148012 1.112130 10
-0.560875 0.069183 1.115934 10
-0.549832 -0.005791 1.129296 10
-0.545427 -0.083423 1.137166 10
-0.590057 -0.181187 1.103630 10
-0.621433 -0.274988 1.081540 10
-0.629501 -0.359957 1.079375 10
-0.694040 -0.470770 1.029662 10
-0.729991 -0.570637 1.004358 10
-0.730811 -0.655299 1.008914 10
-0.846658 -0.796580 0.916730 10
-0.970962 -0.945836 0.817816 10
-1.732732 -1.428039 0.183416 8
0.008385 6.055384 1.848395 5
-0.028705 5.999225 1.810609 5
-0.088626 5.958225 1.754520 5
-1.152917 5.920097 0.829876 5
-1.251620 5.881821 0.741849 5
-1.210059 5.765883 0.768621 5
-1.815268 5.990582 0.265638 5
-0.584044 3.382342 1.171834 6
-0.571633 3.305058 1.180122 6
-0.554986 3.227532 1.192109 6
-0.612464 3.162123 1.142144 6
-0.215800 3.030327 1.472915 12
-0.236926 2.963232 1.453766 12
-0.214704 2.890588 1.471092 12
-0.248808 2.824553 1.441312 12
-0.191996 2.749271 1.487930 12
-0.204117 2.681053 1.476852 12
-0.247131 2.614710 1.439972 12
-0.464117 2.557080 1.257175 12
-0.222466 2.474154 1.459504 11
-0.176771 2.403359 1.497480 11
-0.194171 2.334899 1.482612 11
-0.219713 2.266072 1.461036 11
-0.212199 2.196822 1.467345 11
-0.191219 2.128004 1.485091 11
-0.204909 2.058615 1.473855 11
-0.529942 1.975322 1.201371 2
-0.492448 1.904183 1.233393 2
-0.522407 1.829318 1.208929 2
-0.564652 1.752657 1.174301 6
-0.532254 1.681836 1.202451 6
-1.799698 1.474267 0.140393 8
-1.854557 1.378334 0.095893 8
-1.822512 1.292270 0.124447 8
-1.769638 1.209856 0.170614 8
-1.824656 1.111803 0.126524 8
-1.427637 1.088339 0.461236 10
-1.328288 1.020817 0.546649 10
-1.245891 0.952339 0.617969 10
-1.050460 0.909076 0.783940 10
-1.009281 0.836790 0.820949 10
-0.876043 0.786675 0.935010 10
-0.921218 0.696123 0.900099 10
-0.854996 0.632847 0.958372 10
-0.809659 0.565387 0.999315 10
-0.784503 0.493133 1.023542 10
-0.754167 0.422798 1.052215 10
-0.711942 0.356647 1.090910 10
-0.695438 0.283031 1.108314 10
-0.684124 0.207811 1.121543 10
-0.673772 0.132243 1.134119 10
-0.653643 0.060157 1.154957 10
-0.685101 -0.031043 1.133151 10
-0.704187 -0.118629 1.121807 10
-0.695571 -0.195983 1.133589 10
-0.752453 -0.300619 1.091364 10
-0.766168 -0.388716 1.085065 10
-0.837379 -0.502966 1.031516 10
-0.857654 -0.596411 1.020261 10
-0.887986 -0.695571 1.000943 10
-1.024542 -0.847259 0.894494 10
-1.227145 -1.035970 0.734236 10
-1.800560 -1.419932 0.270300 8
-1.685844 -1.459922 0.371706 8
-0.155622 6.124467 1.830152 5
-0.152912 6.039224 1.823684 5
-0.190333 5.981851 1.785922 5
-0.309905 5.978310 1.683610 5
-1.253947 6.026956 0.887199 5
-1.235210 5.922899 0.894054 5
-1.247968 5.837163 0.876063 5
-1.733601 6.003112 0.480596 5
-1.931110 6.006933 0.314703 5
-0.712763 3.470335 1.181094 6
-0.667614 3.385714 1.215609 6
-0.659699 3.309054 1.219843 6
-0.621830 3.227757 1.248759 6
-0.665835 3.160167 1.210796 6
-0.381399 3.045066 1.442054 12
-0.366323 2.971976 1.452853 12
-0.376836 2.902359 1.442824 12
-0.394073 2.833281 1.427420 12
-0.398955 2.762723 1.422285 12
-0.385798 2.690679 1.432090 12
-0.371671 2.618958 1.442837 12
-0.485657 2.554727 1.348587 12
-0.389873 2.478714 1.426633 11
-0.355103 2.406967 1.454753 11
-0.378638 2.337173 1.435153 11
-0.367324 2.266602 1.444300 11
-0.389014 2.196112 1.426494 11
-0.359822 2.126021 1.450599 11
-0.382759 2.055031 1.432051 11
-0.652080 1.972855 1.211416 2
-0.635727 1.899819 1.225425 2
-0.602087 1.828308 1.253764 6
-0.587907 1.756012 1.266275 6
-0.668049 1.675296 1.201559 6
-0.674925 1.600187 1.197106 6
-1.831132 1.390384 0.250542 8
-1.857144 1.298047 0.230992 8
-1.731992 1.226358 0.335489 8
-1.721385 1.139972 0.346277 8
-1.621642 1.068541 0.430212 8
-1.366718 1.027210 0.641252 10
-1.341828 0.948006 0.664115 10
-1.174672 0.898266 0.803444 10
-1.146659 0.822386 0.829102 10
-1.045229 0.763828 0.914866 10
-1.034865 0.685595 0.926371 10
-0.991043 0.615909 0.965327 10
-0.918133 0.554865 1.028118 10
-0.906728 0.478217 1.040893 10
-0.872897 0.408162 1.072079 10
-0.852875 0.334486 1.092162 10
-0.820044 0.265117 1.122800 10
-0.799732 0.192155 1.143400 10
-0.751025 0.129183 1.187184 10
-0.766164 0.044362 1.179310 10
-0.778029 -0.039972 1.174283 10
-0.803097 -0.130020 1.158768 10
-0.836374 -0.224340 1.136834 10
-0.848170 -0.311115 1.132486 10
-0.890660 -0.411574 1.103580 10
-0.951178 -0.521438 1.060411 10
-0.962328 -0.611151 1.057279 10
-1.121254 -0.770051 0.935562 10
-1.277692 -0.932537 0.816353 10
-1.729157 -1.244447 0.461080 8
-1.737609 -1.345948 0.461767 8
-1.704043 -1.426493 0.496309 8
-0.289755 6.086720 1.829824 5
-0.277454 5.995011 1.830284 5
-0.374386 5.975638 1.747222 5
-0.534549 5.994436 1.615498 5
-1.461959 6.196483 0.864319 5
-1.365563 6.045952 0.930130 5
-1.432728 5.989231 0.869380 5
-1.499175 5.930858 0.809264 5
-1.732727 5.959071 0.619013 5
-1.900495 5.947779 0.479794 5
-0.780613 3.394542 1.236907 6
-0.726012 3.309068 1.278187 6
-0.752982 3.238535 1.254395 6
-0.765505 3.165277 1.242313 6
-0.616529 3.069201 1.359720 12
-0.627310 2.997338 1.349387 12
-0.632829 2.924709 1.343420 12
-0.604306 2.848520 1.364897 12
-0.618668 2.777028 1.352153 12
-0.616737 2.703974 1.352626 12
-0.590845 2.629431 1.372475 12
-0.615095 2.558317 1.352256 12
-0.603431 2.485130 1.361002 11
-0.585232 2.412064 1.375149 11
-0.621662 2.340462 1.345607 11
-0.633050 2.267837 1.336315 11
-0.598435 2.195220 1.364095 11
-0.593301 2.122902 1.368368 11
-0.573839 2.051129 1.384291 11
-0.800515 1.969332 1.202862 6
-0.721932 1.898685 1.266541 6
-0.707465 1.825616 1.278926 2
-0.780319 1.745938 1.221430 6
-2.214187 1.540197 0.072806 8
-1.693311 1.501640 0.491916 8
-1.723572 1.411940 0.469299 8
-1.782756 1.317684 0.423710 8
-1.750240 1.234705 0.451779 8
-1.726334 1.151072 0.473123 8
-1.639660 1.078215 0.544865 8
-1.501966 1.016365 0.657541 10
-1.414217 0.948278 0.730367 10
-1.415462 0.864217 0.732193 10
-1.157935 0.835364 0.940859 10
-1.142896 0.757748 0.955929 10
-1.057258 0.697177 1.027474 10
-1.070829 0.613562 1.020028 10
-1.045806 0.539568 1.043516 10
-1.012220 0.468329 1.073970 10
-0.950012 0.405961 1.127329 10
-0.947364 0.326914 1.133455 10
-0.917062 0.256359 1.161718 10
-0.928326 0.172676 1.157143 10
-0.928422 0.092202 1.161619 10
-0.901376 0.020994 1.187775 10
-0.911213 -0.063344 1.184897 10
-0.916039 -0.146378 1.186182 10
-0.906428 -0.224235 1.199064 10
-0.983261 -0.337218 1.143955 10
-1.034824 -0.442036 1.109083 10
-1.113833 -0.560453 1.052915 10
-1.180012 -0.675682 1.007185 10
-1.242157 -0.791268 0.964961 10
-1.433255 -0.969752 0.822017 10
-1.709007 -1.194902 0.613443 8
-1.742158 -1.307147 0.595310 8
-1.758740 -1.412366 0.590423 8
-1.774534 -1.518198 0.586434 8
-0.409315 6.037204 1.842469 5
-0.491200 6.006629 1.771984 5
-0.578009 5.977428 1.697796 5
-0.673204 5.951530 1.617289 5
-1.474628 6.062908 0.976769 5
-1.477821 5.970510 0.965275 5
-1.646181 5.966680 0.828673 5
-1.786443 5.944238 0.713263 5
-0.806086 3.236317 1.323866 6
-1.103872 2.659107 1.077767 12
-0.760117 2.562659 1.346484 12
-0.983002 2.498386 1.171013 11
-1.056086 2.424282 1.113176 11
-1.029819 2.346654 1.133439 11
-0.938833 2.269285 1.204646 11
-1.062415 2.192819 1.107696 11
-1.040900 2.115993 1.124746 11
-0.992214 2.040486 1.163278 11
-2.064672 1.561123 0.326995 8
-1.710060 1.507771 0.606438 8
-1.727524 1.420303 0.594468 8
-1.730991 1.334073 0.593659 8
-1.697997 1.252691 0.621585 8
-1.750970 1.159008 0.582422 8
-1.791789 1.065870 0.552996 8
-1.710389 0.992986 0.619332 8
-1.615875 0.924373 0.696047 8
-1.446234 0.872886 0.831538 10
-1.332447 0.813531 0.923482 10
-1.309299 0.736452 0.944819 10
-1.197354 0.680734 1.035527 10
-1.180285 0.603949 1.052412 10
-1.148520 0.531197 1.080904 10
-1.067502 0.472472 1.147849 10
-1.073790 0.390532 1.147045 10
-1.087270 0.306024 1.140856 10
-1.031567 0.242434 1.188538 10
-1.039876 0.159231 1.186730 10
-1.042892 0.077300 1.189226 10
-1.019883 0.004068 1.212050 10
-1.004436 -0.071638 1.229192 10
-1.040058 -0.166423 1.207098 10
-1.062130 -0.257221 1.195711 10
-1.088811 -0.350800 1.181022 10
-1.156034 -0.462212 1.135414 10
-1.274573 -0.597657 1.050739 10
-1.290317 -0.691438 1.045360 10
-1.607809 -0.922677 0.809116 8
-1.699835 -1.057715 0.746231 8
-1.698149 -1.150784 0.755365 8
-1.760483 -1.275860 0.715918 8
-1.705701 -1.343880 0.766042 8
-1.684301 -1.428319 0.790911 8
-0.615448 6.041452 1.793627 5
-0.665470 5.988073 1.747409 5
-0.766636 5.965060 1.663870 5
-0.986225 6.010334 1.493454 5
-1.224360 6.060885 1.309009 5
-1.286896 6.005738 1.253381 5
-1.419666 5.988389 1.146042 5
-1.611719 6.000051 0.994795 5
-1.691913 5.948128 0.926097 5
-2.067626 1.568013 0.456712 8
-1.800011 1.506390 0.663294 8
-1.665294 1.436018 0.768219 8
-1.730433 1.343740 0.720337 8
-1.727418 1.259130 0.724827 8
-1.807901 1.162002 0.665676 8
-1.741109 1.086541 0.719335 8
-1.610936 1.023516 0.821557 8
-1.653304 0.931483 0.792159 8
-1.499669 0.876953 0.912540 8
-1.504158 0.792817 0.912415 10
-1.324382 0.749237 1.052895 10
-1.323537 0.667969 1.057146 10
-1.274294 0.598419 1.098417 10
-1.267207 0.518954 1.107781 10
-1.217514 0.450959 1.149700 10
-1.189900 0.377690 1.174998 10
-1.184675 0.298229 1.183483 10
-1.129922 0.233873 1.229683 10
-1.170080 0.140197 1.204177 10
-1.115111 0.076881 1.250855 10
-1.133706 -0.010768 1.242096 10
-1.142603 -0.095734 1.240892 10
-1.164507 -0.186077 1.230115 10
-1.207680 -0.285475 1.203584 10
-1.256714 -0.388656 1.172948 10
-1.317854 -0.498421 1.133540 10
-1.360876 -0.602514 1.108062 10
-1.568492 -0.779672 0.959695 8
-1.690488 -0.924331 0.876012 8
-1.706608 -1.023859 0.871864 8
-1.728633 -1.127092 0.863605 8
-1.747095 -1.229672 0.858304 8
-1.706345 -1.303638 0.897289 8
-1.626524 -1.356984 0.965407 8
-1.692157 -1.485409 0.925916 8
-0.868318 6.156333 1.726540 5
-0.814250 6.036072 1.754538 5
-0.851740 5.973072 1.717714 5
-1.011442 5.981562 1.593720 5
-1.104921 5.948175 1.516912 5
-1.197901 5.912532 1.440448 5
-1.287890 5.873297 1.366127 5
-1.674644 5.990803 1.078016 5
-1.877637 1.506306 0.730393 8
-2.061877 1.400036 0.594466 8
-1.717523 1.354773 0.854093 8
-1.644510 1.280726 0.910921 8
-1.605974 1.203196 0.942151 8
-1.668230 1.110367 0.898300 8
-1.788929 1.005885 0.811095 8
-1.671637 0.942003 0.901703 8
-1.696824 0.852919 0.886220 8
-1.627361 0.782671 0.941475 8
-1.537354 0.718404 1.012162 8
-1.463720 0.652310 1.070784 10
-1.428811 0.578348 1.100753 10
-1.367531 0.511748 1.150472 10
-1.340173 0.437317 1.175157 10
-1.309747 0.364165 1.202290 10
-1.298105 0.286011 1.215683 10
-1.290512 0.206641 1.226276 10
-1.270004 0.131269 1.246617 10
-1.265440 0.050863 1.255371 10
-1.279741 -0.036178 1.250427 10
-1.294258 -0.123967 1.245569 10
-1.281681 -0.202520 1.260889 10
-1.360512 -0.315749 1.209263 10
-1.369222 -0.403859 1.209461 10
-1.479893 -0.533790 1.135215 10
-1.578750 -0.661997 1.070078 8
-1.622323 -0.769379 1.045782 8
-1.647578 -0.870202 1.035192 8
-1.707191 -0.987779 0.999895 8
-1.597363 -1.027979 1.088179 8
-1.678755 -1.157887 1.037679 8
-1.681048 -1.251295 1.044953 8
-1.597995 -1.301936 1.114223 8
-0.970640 6.087399 1.759775 5
-1.003065 6.020137 1.726575 5
-1.069481 5.972351 1.669887 5
-1.282641 6.006747 1.510868 5
-1.424736 5.996537 1.401161 5
-1.523265 5.959494 1.321839 5
-1.707075 5.965454 1.182615 5
-2.209333 1.569577 0.610541 8
-1.962618 1.505530 0.792715 8
-1.865395 1.430591 0.865736 8
-1.701843 1.365955 0.987374 8
-1.633499 1.292256 1.039605 8
-1.653773 1.207095 1.027328 8
-1.618532 1.130085 1.055775 8
-1.659686 1.040803 1.028716 8
-1.560654 0.975828 1.104040 8
-1.628215 0.880830 1.058199 8
-1.638610 0.795780 1.054233 8
-2.010188 0.631898 0.787919 8
-1.570726 0.644658 1.111410 8
-1.567250 0.562661 1.118158 8
-1.495792 0.497716 1.174421 10
-1.481376 0.419143 1.189485 10
-1.420122 0.353647 1.238653 10
-1.388385 0.280843 1.266611 10
-1.365336 0.205928 1.288470 10
-1.393616 0.115213 1.273485 10
-1.396473 0.031797 1.277093 10
-1.386125 -0.047528 1.290441 10
-1.403895 -0.136758 1.283788 10
-1.431393 -0.230278 1.270418 8
-1.455093 -0.323397 1.260062 10
-1.394970 -0.384989 1.310005 8
-1.518777 -0.518996 1.228578 8
-1.590865 -0.635163 1.184581 8
-1.630803 -0.739883 1.163909 8
-1.612947 -0.820736 1.184707 8
-1.703754 -0.950522 1.128540 8
-1.690075 -1.034675 1.146950 8
-1.588832 -1.077248 1.227576 8
-1.597772 -1.171582 1.230366 8
-1.614537 -1.270572 1.227936 8
-1.085156 6.112120 1.796861 5
-1.120334 6.045869 1.761874 5
-1.262123 6.040576 1.654757 5
-2.003208 1.509162 0.887605 8
-1.950988 1.429609 0.926926 8
-1.792366 1.364067 1.042370 8
-1.680244 1.295916 1.124769 8
-1.640432 1.219801 1.155764 8
-1.616980 1.141927 1.175292 8
-1.649092 1.055133 1.155461 8
-1.570096 0.987385 1.214940 8
-1.707012 0.880032 1.121041 8
-1.551684 0.828613 1.235153 8
-1.549304 0.747817 1.240734 8
-1.643620 0.644978 1.177945 8
-1.692298 0.550583 1.147846 8
-1.896547 0.415888 1.007888 8
-1.564749 0.416606 1.247633 8
-1.554989 0.336737 1.259571 8
-1.532513 0.260488 1.280705 8
-1.529468 0.178724 1.288337 8
-1.555695 0.087686 1.275586 8
-1.547514 0.006811 1.287321 8
-1.530036 -0.071057 1.305814 8
-1.556486 -0.164027 1.293700 8
-1.955938 -0.391719 1.020563 8
-1.592074 -0.346468 1.282479 8
-1.567189 -0.422512 1.307113 8
-1.570026 -0.509270 1.312614 8
-1.645746 -0.626208 1.267627 8
-1.656081 -0.717936 1.268531 8
-1.552501 -0.761014 1.348782 8
-1.589093 -0.864359 1.331942 8
-1.583763 -0.949855 1.344453 8
-1.574622 -1.033870 1.359855 8
-1.559900 -1.115416 1.379354 8
-2.154561 -1.499658 0.980180 8
-1.241086 6.160708 1.808774 5
-2.049761 1.597008 0.975852 8
-2.209247 1.496696 0.866491 8
-2.066273 1.425466 0.968335 8
-1.966165 1.352270 1.040458 8
-1.841271 1.284522 1.130014 8
-1.713001 1.220009 1.222062 8
-1.635588 1.150463 1.278853 8
-1.560729 1.082142 1.334030 8
-1.783435 0.962544 1.182612 8
-1.544403 0.925005 1.352236 8
-1.523604 0.849014 1.370434 8
-1.564791 0.760158 1.345870 8
-1.543540 0.684150 1.364830 8
-1.499680 0.613772 1.399639 8
-1.602413 0.507920 1.333291 8
-1.612015 0.423585 1.331635 8
-1.581194 0.349750 1.358115 8
-1.615164 0.258065 1.340147 8
-1.600078 0.179781 1.356238 8
-1.563972 0.108034 1.386996 8
-1.643492 0.000026 1.338569 8
-1.564596 -0.057802 1.399131 8
-1.566642 -0.141773 1.404388 8
-1.567159 -0.225567 1.410947 8
-1.642011 -0.336969 1.367028 8
-1.590225 -0.402536 1.409826 8
-1.528023 -0.463119 1.459858 8
-1.567247 -0.563468 1.441126 8
-1.497215 -0.619729 1.496828 8
-1.535071 -0.720847 1.479614 8
-1.574417 -0.823967 1.461759 8
-1.533322 -0.892035 1.498516 8
-1.632229 -1.024709 1.441243 8
-1.886889 -1.234833 1.279944 8
-2.137466 1.426191 1.041663 8
-2.048467 1.351634 1.104671 8
-1.887053 1.288414 1.217112 8
-1.857330 1.210114 1.240159 8
-1.688552 1.153629 1.357883 8
-1.591429 1.089086 1.427049 8
-1.605913 1.007002 1.420648 8
-1.600406 0.928177 1.428048 8
-1.622533 0.843823 1.416963 8
-1.549043 0.778891 1.470842 8
-1.569659 0.694597 1.461250 8
-1.614856 0.603897 1.435322 8
-1.602162 0.526126 1.448757 8
-1.592342 0.447696 1.460479 8
-1.577949 0.370494 1.475512 8
-1.594425 0.284750 1.470014 8
-1.539552 0.219182 1.512704 8
-1.580344 0.125616 1.491392 8
-1.668750 0.015807 1.438516 8
-1.572922 -0.036116 1.509279 8
-1.564220 -0.115594 1.521930 8
-1.525599 -0.184671 1.554772 8
-1.580341 -0.287022 1.525641 8
-1.548609 -0.358596 1.554367 8
-1.567435 -0.449313 1.549744 8
-1.520524 -0.514602 1.588973 8
-1.546870 -0.609249 1.579932 8
-1.541469 -0.691472 1.592181 8
-1.545899 -0.778240 1.598220 8
-1.670248 -0.919272 1.525744 8
-1.746958 -1.041868 1.485141 8
-1.928919 -1.216614 1.376174 8
-2.188289 1.429113 1.128996 8
-2.143340 1.349585 1.161379 8
-1.934642 1.292049 1.302706 8
-1.966054 1.205470 1.284796 8
-1.707656 1.161917 1.459337 8
-1.725236 1.079184 1.451013 8
-1.743549 0.995784 1.442465 8
-1.631835 0.935914 1.520207 8
-1.592249 0.864235 1.550389 8
-1.549338 0.793981 1.582963 8
-1.538758 0.717432 1.594396 8
-1.537949 0.638682 1.599619 8
-1.505831 0.567341 1.625700 8
-1.549662 0.477249 1.602034 8
-1.538660 0.400482 1.614702 8
-1.513473 0.327669 1.636909 8
-1.524950 0.244620 1.635305 8
-1.516244 0.167114 1.647181 8
-1.746547 0.014999 1.503150 8
-1.702273 -0.053922 1.538943 8
-1.672567 -0.126981 1.565429 8
-1.526214 -0.159142 1.667976 8
-1.526649 -0.240852 1.675184 8
-1.523297 -0.321486 1.685116 8
-1.532698 -0.407252 1.687063 8
-1.488960 -0.472604 1.723619 8
-1.536306 -0.574320 1.701646 8
-1.614046 -0.690280 1.660526 8
-1.685833 -0.805943 1.623719 8
-1.839998 -0.960278 1.534640 8
-2.063695 -1.150489 1.401861 8
-2.016043 1.291356 1.366177 8
-2.065078 1.202328 1.337456 8
-1.867348 1.149042 1.468732 8
-1.885603 1.065280 1.460406 8
-1.752483 1.007031 1.550166 8
-1.752449 0.927214 1.554114 8
-1.701984 0.857056 1.590844 8
-1.654322 0.787291 1.625958 8
-1.628196 0.713749 1.647401 8
-1.562581 0.649638 1.694454 8
-1.532741 0.578240 1.718688 8
-1.548284 0.495917 1.714014 8
-1.527706 0.422514 1.732764 8
-1.502203 0.350709 1.754888 8
-1.530371 0.263930 1.742929 8
-1.502506 0.192907 1.767036 8
-1.504143 0.113169 1.772555 8
-1.503240 0.033943 1.779957 8
-1.474876 -0.036424 1.805065 8
-1.506191 -0.126915 1.792542 8
-1.536046 -0.217916 1.781283 8
-1.519502 -0.292899 1.799681 8
-1.586584 -0.399489 1.765585 8
-1.611310 -0.491455 1.758592 8
-1.661880 -0.594760 1.735716 8
-1.765089 -0.721451 1.680273 8
-1.889710 -0.860128 1.612016 8
-2.015514 -1.002725 1.543673 8
-1.974824 1.225281 1.511147 8
-2.004168 1.139889 1.495962 8
-2.066471 1.048470 1.460275 8
-1.980916 0.980724 1.518129 8
-1.855848 0.921900 1.601043 8
-1.868624 0.839151 1.597335 8
-1.766795 0.779305 1.665949 8
-1.728693 0.707862 1.694675 8
-1.695256 0.636034 1.720684 8
-1.688085 0.558531 1.730451 8
-1.642225 0.490609 1.764679 8
-1.622898 0.416615 1.782517 8
-1.603549 0.342845 1.800602 8
-1.584550 0.269186 1.818702 8
-1.630043 0.176763 1.796909 8
-1.602122 0.105472 1.821080 8
-1.599133 0.026661 1.830006 8
-1.602601 -0.054472 1.835203 8
-1.592229 -0.131261 1.849240 8
-1.627305 -0.224075 1.835498 8
-1.674504 -0.322409 1.814658 8
-1.734709 -0.427034 1.786227 8
-1.757141 -0.518801 1.781405 8
-1.865663 -0.645723 1.724258 8
-1.939163 -0.761205 1.689088 8
-2.161176 -0.941465 1.563958 8
-2.028293 0.904379 1.607182 8
-1.976507 0.832906 1.643487 8
-1.901559 0.767083 1.694201 8
-1.874302 0.692599 1.715881 8
-1.853075 0.617189 1.734108 8
-1.811287 0.546891 1.765136 8
-1.757469 0.480285 1.803713 8
-1.725528 0.409045 1.829146 8
-1.765262 0.319065 1.811195 8
-1.718105 0.252266 1.846375 8
-1.758932 0.160698 1.828383 8
-1.702885 0.097236 1.869409 8
-1.748162 0.003019 1.849358 8
-1.723099 -0.069639 1.872132 8
-1.778244 -0.168980 1.846832 8
-1.803393 -0.259440 1.839982 8
-1.810099 -0.344153 1.844553 8
-1.875809 -0.451213 1.814117 8
-1.944333 -0.561197 1.782472 8
-2.035495 -0.682033 1.737825 8
-2.026393 0.676390 1.736156 8
-1.983346 0.604943 1.767278 8
-1.926932 0.537363 1.806579 8
-1.906680 0.462022 1.824568 8
-1.890014 0.386011 1.840678 8
-1.866955 0.311852 1.860835 8
-1.868287 0.231232 1.866798 8
-1.841845 0.158345 1.889467 8
-1.879633 0.066596 1.874479 8
-1.884905 -0.016164 1.879013 8
-1.864183 -0.090950 1.899137 8
-1.927829 -0.193620 1.870014 8
-1.931177 -0.277267 1.876650 8
-1.972091 -0.374644 1.861651 8
-2.036395 0.124384 1.887286 8
-1.895366 5.999987 -0.754414 5
-1.939784 6.066105 -0.705669 5
-1.997271 6.135519 -0.648402 5
-1.963290 6.170370 -0.656209 5
-1.939188 6.209057 -0.657151 5
-1.576755 6.135015 -0.893191 5
-1.363168 6.117132 -1.023887 5
-1.267343 6.140407 -1.072385 5
-0.304821 6.035571 -1.671625 5
-0.321917 6.103690 -1.640327 5
-0.245433 6.147395 -1.672083 5
-0.128234 6.182621 -1.730759 5
-1.899637 5.995938 -0.685687 5
-1.968563 6.071367 -0.621034 5
-1.967096 6.118501 -0.605878 5
-1.940453 6.156202 -0.608301 5
-1.718223 6.126212 -0.744255 5
-1.530488 6.112722 -0.855363 5
-1.273423 6.080872 -1.012092 5
-1.155724 6.098117 -1.073721 5
-1.062879 6.125163 -1.118226 5
-0.168601 6.053409 -1.653775 5
-0.089815 6.098005 -1.685659 5
-0.054187 6.154441 -1.689347 5
0.062238 6.192575 -1.745364 5
-1.960153 6.014347 -0.579593 5
-2.029310 6.089109 -0.516514 5
-1.982161 6.118349 -0.532714 5
-1.937787 6.149324 -0.546974 5
-1.629781 6.088998 -0.736807 5
-1.582366 6.123439 -0.751960 5
-1.149697 6.033376 -1.020766 5
-1.081294 6.067215 -1.048129 5
-1.001412 6.098771 -1.082795 5
0.004595 6.063854 -1.656544 5
0.045354 6.119900 -1.662972 5
0.149115 6.161759 -1.709226 5
-1.890513 5.931723 -0.579434 5
-2.025175 6.034799 -0.473296 5
-2.052661 6.092635 -0.439528 5
-1.961198 6.104820 -0.484553 5
-1.957765 6.150721 -0.471561 5
-1.898810 6.176847 -0.494935 5
-1.256662 6.006611 -0.895199 5
-1.216973 6.047968 -0.903700 5
-1.054106 6.051047 -0.990962 5
0.296550 5.978653 -1.748536 5
0.328359 6.039981 -1.748203 5
0.257223 6.125782 -1.684664 5
0.306880 6.182548 -1.695896 5
0.595649 6.189142 -1.852855 5
-2.019383 5.979523 -0.431470 5
-2.008186 6.022654 -0.423194 5
-2.036075 6.080793 -0.389865 5
-2.009964 6.117521 -0.391724 5
-1.967558 6.148543 -0.404062 5
-1.904839 6.173039 -0.429244 5
-1.141326 5.960391 -0.896390 5
-1.148052 6.018166 -0.875079 5
-1.114672 6.062658 -0.879144 5
0.458022 5.926396 -1.753619 5
0.337540 6.027091 -1.660722 5
0.416355 6.077480 -1.688619 5
0.456510 6.137929 -1.693275 5
0.577912 6.181431 -1.746321 5
-1.963948 5.902710 -0.421769 5
-2.020216 5.974687 -0.370116 5
-1.981054 6.006450 -0.379740 5
-2.013087 6.066476 -0.344458 5
-2.023655 6.117191 -0.323150 5
-1.973951 6.145222 -0.339732 5
-1.124664 5.891504 -0.851277 5
-1.154755 5.957879 -0.815639 5
-1.125761 6.003613 -0.816682 5
-1.022754 6.026058 -0.862858 5
-0.837768 6.025358 -0.958222 5
0.544601 5.964911 -1.690589 5
0.503879 6.045832 -1.647014 5
0.550925 6.105472 -1.655165 5
0.631479 6.158494 -1.682791 5
-1.988382 5.908084 -0.345150 5
-2.001930 5.961969 -0.321420 5
-2.009213 6.012534 -0.301955 5
-2.108425 6.098426 -0.226292 5
-2.014133 6.108172 -0.269902 5
-1.975730 6.140294 -0.279120 5
-1.734964 6.101136 -0.410513 5
-1.051737 5.915553 -0.806059 5
-1.026427 5.963561 -0.804442 5
-1.039847 6.024096 -0.779964 5
-0.843649 6.019342 -0.879548 5
0.546541 5.953696 -1.597691 5
0.523220 6.030386 -1.564994 5
0.555012 6.093510 -1.564073 5
0.682814 6.135989 -1.617544 5
0.771268 6.189025 -1.648472 5
0.767644 6.261679 -1.627708 5
-2.003712 5.909671 -0.275575 5
-2.005023 5.958177 -0.259880 5
-1.985671 5.997835 -0.256933 5
-2.093078 6.087268 -0.178107 5
-2.013690 6.102641 -0.211638 5
-1.995125 6.141922 -0.208817 5
-1.758151 6.103439 -0.334697 5
-1.006366 5.892860 -0.760466 5
-1.015791 5.952804 -0.738442 5
-0.936276 5.983531 -0.768219 5
0.558418 5.940084 -1.511366 5
0.513504 6.022023 -1.467302 5
0.551143 6.083495 -1.469520 5
0.776082 6.104218 -1.574982 5
0.839194 6.163267 -1.590811 5
-2.041514 5.921035 -0.193775 5
-2.001674 5.951757 -0.202925 5
-1.991171 5.994923 -0.194787 5
-2.008914 6.049031 -0.170322 5
-2.000482 6.092298 -0.161436 5
-1.985579 6.132970 -0.156468 5
-1.804711 6.114237 -0.246863 5
-1.004106 5.885027 -0.689742 5
-0.972105 5.931051 -0.691676 5
-0.818941 5.938296 -0.761981 5
0.478903 5.879323 -1.394715 5
0.475480 5.950686 -1.374045 5
0.513733 6.011390 -1.376301 5
0.575367 6.067084 -1.391250 5
0.756335 6.097288 -1.470170 5
0.905596 6.137723 -1.531456 5
1.114123 6.169166 -1.623689 5
-1.989302 5.893660 -0.166021 5
-1.964759 5.931299 -0.165874 5
-1.948043 5.972276 -0.161319 5
-2.051101 6.060544 -0.088697 5
-2.085913 6.119756 -0.055660 5
-1.921799 6.103929 -0.134970 5
-1.811170 6.110829 -0.183491 5
-0.941993 5.856474 -0.652997 5
-0.836626 5.878438 -0.695116 5
-0.782563 5.919027 -0.708652 5
0.520092 5.858185 -1.326374 5
0.436515 5.950407 -1.263422 5
0.518680 5.999714 -1.288767 5
0.647285 6.039540 -1.338327 5
0.816285 6.072757 -1.408562 5
0.893252 6.128797 -1.430330 5
0.923293 6.195573 -1.427711 5
-1.938429 5.915254 -0.122400 5
-1.994220 5.986060 -0.077354 5
-2.019690 6.043048 -0.049754 5
-2.072884 6.109658 -0.007282 5
-1.978517 6.119643 -0.046213 5
-1.860518 6.122964 -0.097597 5
-0.917343 5.840885 -0.594930 5
-0.804304 5.860283 -0.639899 5
-0.712078 5.888627 -0.673286 5
0.410025 5.807796 -1.197424 5
0.339676 5.896610 -1.142651 5
0.532423 5.915591 -1.224544 5
0.513638 5.990596 -1.196902 5
0.694207 6.017765 -1.271563 5
1.134719 5.990013 -1.477692 5
0.939525 6.107487 -1.360184 5
1.037886 6.160681 -1.391704 5
-1.948348 5.914498 -0.058934 5
-1.963196 5.968374 -0.037300 5
-2.060483 6.054240 0.028502 5
-2.058226 6.098949 0.040025 5
-1.970042 6.111201 0.005538 5
-1.860429 6.117402 -0.039939 5
-0.780143 5.785885 -0.596168 5
-0.806376 5.853753 -0.566497 5
-0.693745 5.875151 -0.609517 5
0.376637 5.807524 -1.092596 5
0.331333 5.889165 -1.051909 5
0.368293 5.948021 -1.053124 5
0.508177 5.981704 -1.105877 5
0.576367 6.035063 -1.122471 5
1.204690 5.962615 -1.416065 5
1.191630 6.041736 -1.390996 5
1.164516 6.123050 -1.359397 5
1.292237 6.173322 -1.403599 5
-0.343220 3.265693 -1.456583 2
-1.880083 5.929242 -0.024450 5
-2.048049 6.044350 0.077044 5
-2.084859 6.104234 0.108753 5
-2.063654 6.141082 0.109922 5
-1.939221 6.140552 0.057809 5
-0.749206 5.767931 -0.539754 5
-0.760626 5.831044 -0.518235 5
0.469091 5.701067 -1.069794 5
0.256943 5.831886 -0.946878 5
0.331244 5.879597 -0.966317 5
0.404421 5.928810 -0.985057 5
0.488162 5.976568 -1.008794 5
1.357294 5.994050 -1.374507 5
1.265444 6.090420 -1.312349 5
1.325881 6.154591 -1.323013 5
-0.790160 3.072658 -1.257531 12
-0.686214 3.076354 -1.294370 12
-0.557066 3.060703 -1.346970 12
-0.467817 3.081237 -1.373202 12
-0.399186 3.120069 -1.386021 2
-0.412012 3.224647 -1.347495 2
-0.390284 3.300231 -1.331332 2
-0.241306 3.277804 -1.394280 2
-0.121131 3.280352 -1.438630 2
-1.885958 5.926649 0.035998 5
-2.090080 6.056280 0.153227 5
-2.011126 6.070662 0.125229 5
-2.007880 6.115030 0.135729 5
-1.948129 6.138486 0.117724 5
-1.903889 6.168442 0.107625 5
-0.672443 5.793791 -0.490399 5
-0.594073 5.827481 -0.513620 5
0.385627 5.716319 -0.942126 5
0.256162 5.822854 -0.862472 5
0.351385 5.864588 -0.891222 5
0.396586 5.921121 -0.895924 5
1.439424 5.964228 -1.315624 5
1.356293 6.059665 -1.258835 5
1.327903 6.142112 -1.227899 5
1.526383 6.181152 -1.301155 5
-0.931194 2.913493 -1.166633 12
-1.011537 3.084331 -1.082856 12
-0.907433 3.083025 -1.120038 12
-1.050828 3.303584 -0.998196 6
-0.654676 3.048200 -1.220998 12
-0.556524 3.059192 -1.252553 12
-0.468688 3.080613 -1.277249 12
-0.474194 3.179591 -1.244018 2
-0.483102 3.279485 -1.209422 2
-0.390546 3.298269 -1.237096 2
-0.346600 3.355816 -1.235188 6
-0.317903 3.424754 -1.224341 6
-2.078218 6.046721 0.200926 5
-2.002760 6.062414 0.175542 5
-2.024682 6.116295 0.198187 5
-1.992505 6.149476 0.194148 5
-1.932197 6.173071 0.176497 5
-1.829614 6.183215 0.138675 5
-0.516669 5.794406 -0.477821 5
0.202371 5.693610 -0.787465 5
0.277165 5.739340 -0.805812 5
0.284391 5.805609 -0.792428 5
0.415042 5.837636 -0.836586 5
0.451068 5.897093 -0.836583 5
1.377483 6.043345 -1.172498 5
1.381893 6.119381 -1.156833 5
1.463217 6.180618 -1.175561 5
1.608840 6.231757 -1.222555 5
-0.913332 2.595716 -1.182266 12
-1.061118 2.843875 -1.052959 12
-1.135189 3.012785 -0.974035 12
-1.165107 3.135063 -0.925070 6
-1.261669 3.316031 -0.834925 6
-1.232849 3.377879 -0.825374 6
-1.143515 3.385444 -0.853774 6
-1.104137 3.438138 -0.850975 6
-0.954834 3.397140 -0.915487 6
-0.487254 3.094747 -1.171599 2
-0.450075 3.158314 -1.165073 2
-0.463963 3.262344 -1.128417 2
-0.369238 3.279471 -1.156540 2
-0.340621 3.348833 -1.145660 6
-0.295369 3.405224 -1.144717 6
-0.213970 3.435189 -1.164672 6
-2.055513 6.032807 0.243233 5
-2.003126 6.057604 0.229772 5
-1.993945 6.099630 0.237029 5
-1.993861 6.144829 0.248468 5
-1.886581 6.151533 0.209302 5
-1.877116 6.194020 0.216319 5
-0.474671 5.772962 -0.424105 5
0.191696 5.619976 -0.716837 5
0.164836 5.696501 -0.687821 5
0.219772 5.747503 -0.696526 5
0.265630 5.801880 -0.701054 5
0.446984 5.819349 -0.766691 5
0.499100 5.874697 -0.773650 5
1.493333 6.007034 -1.127730 5
1.454935 6.092749 -1.093459 5
1.452841 6.170358 -1.075258 5
1.586212 6.223196 -1.115390 5
-1.018326 2.496414 -1.085181 11
-1.137149 2.722757 -0.975635 12
-1.248836 2.934702 -0.873043 6
-1.186044 2.968039 -0.883303 12
-1.241755 3.116363 -0.819085 6
-1.260940 3.226072 -0.778960 6
-1.252019 3.307235 -0.757038 6
-1.233317 3.378167 -0.741617 6
-1.159755 3.399455 -0.759749 6
-1.080261 3.416710 -0.781209 6
-0.915668 3.362849 -0.852871 6
-0.462633 3.072909 -1.092929 2
-0.440202 3.148664 -1.077927 2
-0.429474 3.232947 -1.056541 2
-0.363066 3.272513 -1.067516 2
-0.255940 3.281636 -1.101525 2
-0.237876 3.359515 -1.084930 6
-0.047859 3.310528 -1.164701 2
0.411727 3.072894 -1.392501 12
-2.005596 6.007883 0.272951 5
-1.965732 6.038031 0.265935 5
-1.980730 6.089594 0.284351 5
-1.973150 6.132097 0.292131 5
-2.000883 6.187015 0.315913 5
-1.837760 6.174993 0.252750 5
-1.854380 6.226408 0.271417 5
0.109687 5.637918 -0.598188 5
0.187018 5.680979 -0.616527 5
0.243170 5.731656 -0.625302 5
0.247283 5.798166 -0.611091 5
0.437480 5.812574 -0.678539 5
1.590774 5.974375 -1.072974 5
1.495408 6.072580 -1.015308 5
1.456357 6.157570 -0.981864 5
1.565502 6.214473 -1.010451 5
-1.034228 2.190467 -1.080892 11
-1.150728 2.428457 -0.971409 11
-1.138258 2.520695 -0.947116 6
-1.226946 2.717232 -0.859283 6
-1.219401 2.808918 -0.833842 6
-1.250895 2.938101 -0.784783 12
-1.294456 3.075867 -0.729407 6
-1.241414 3.116744 -0.734117 6
-1.278608 3.243187 -0.684398 6
-1.207181 3.265867 -0.700671 6
-1.166608 3.317556 -0.698478 2
-1.167524 3.405951 -0.672100 6
-1.050305 3.389994 -0.714964 6
-1.053084 3.478901 -0.688049 6
-0.460521 3.069837 -1.001472 12
-0.395412 3.110521 -1.011093 2
-0.378131 3.190075 -0.993833 2
-0.355274 3.264304 -0.980071 2
-0.245951 3.271585 -1.014294 2
-0.172521 3.307885 -1.028421 2
-0.065487 3.320476 -1.060617 2
0.400286 3.077636 -1.285183 12
0.558859 3.063593 -1.342420 12
-2.037404 6.016004 0.340744 5
-2.015840 6.052834 0.342184 5
-1.991120 6.088577 0.342167 5
-2.000090 6.136985 0.357149 5
-1.992464 6.178868 0.364567 5
-1.841666 6.170913 0.308832 5
-1.850784 6.219702 0.323743 5
0.118042 5.626875 -0.521743 5
0.236313 5.656984 -0.557052 5
0.276808 5.712727 -0.558547 5
0.384608 5.749347 -0.588792 5
1.591279 6.041067 -0.959490 5
1.611119 6.115579 -0.950475 5
1.672838 6.182466 -0.958459 5
-1.211119 2.171074 -0.938510 11
-1.125535 2.184858 -0.960185 11
-1.185563 2.362475 -0.889028 11
-1.304771 2.599481 -0.782351 12
-1.269205 2.663186 -0.774325 12
-1.247606 2.740875 -0.758004 12
-1.325361 2.919339 -0.681629 12
-1.299551 2.988340 -0.669369 12
-1.390481 3.171439 -0.587782 12
-1.281138 3.155772 -0.626292 6
-1.206421 3.175379 -0.643895 6
-1.204092 3.263143 -0.619299 2
-1.163243 3.314370 -0.617391 2
-1.151515 3.391339 -0.599050 6
-1.102666 3.434864 -0.602069 6
-0.921929 3.366289 -0.678803 6
-0.772871 3.329028 -0.736717 2
-0.380064 3.096410 -0.927454 2
-0.324510 3.145365 -0.931499 2
-0.239029 3.171222 -0.951705 2
-0.238218 3.263276 -0.926386 2
-0.126494 3.270712 -0.960384 2
0.291137 3.055805 -1.154737 12
0.381353 3.087801 -1.175247 12
0.581081 3.044215 -1.252149 6
0.569811 3.150345 -1.219646 6
0.365352 3.384589 -1.089414 2
0.571239 3.341662 -1.168521 6
0.614328 3.408129 -1.164902 6
0.719082 3.435842 -1.192070 6
-0.189980 5.192394 -0.437592 5
-1.967622 5.982937 0.362432 5
-1.985583 6.036082 0.381418 5
-2.001233 6.087522 0.399135 5
-2.044061 6.148307 0.428357 5
-1.978603 6.168785 0.410675 5
-1.854168 6.169880 0.368026 5
-1.843779 6.211883 0.374273 5
0.115123 5.619548 -0.440985 5
0.255226 5.642470 -0.484205 5
0.227038 5.719056 -0.456840 5
1.566863 6.034099 -0.854496 5
1.623423 6.101003 -0.859973 5
1.697074 6.165565 -0.872067 5
-1.234287 1.973325 -0.896815 11
-1.299902 2.166836 -0.821336 11
-1.296517 2.274202 -0.791126 11
-1.261246 2.342838 -0.781575 11
-1.271282 2.461116 -0.744479 6
-1.286622 2.582314 -0.705083 12
-1.283323 2.680586 -0.677879 12
-1.358540 2.859044 -0.604534 12
-1.374481 2.971342 -0.567801 12
-1.317392 3.007562 -0.574601 12
-1.278553 3.062182 -0.570814 12
-1.242921 3.119596 -0.565369 12
-1.198933 3.168716 -0.564873 6
-1.153066 3.216049 -0.565540 2
-1.166342 3.317046 -0.533363 2
-1.065901 3.314916 -0.564599 2
-0.993841 3.339558 -0.579841 2
-0.968819 3.405300 -0.569417 2
-0.743912 3.303659 -0.666552 2
-0.512530 3.203050 -0.765500 12
-0.363463 3.174680 -0.819393 12
-0.288868 3.208128 -0.833504 12
-0.162314 3.202722 -0.874389 12
0.015742 3.161327 -0.941139 12
0.165858 3.144712 -0.992612 12
0.275903 3.160196 -1.023056 12
0.475038 3.115037 -1.097753 2
0.372641 3.282003 -1.021332 2
0.429694 3.337220 -1.024882 2
0.532404 3.362779 -1.050795 6
0.592597 3.417423 -1.055716 6
0.649722 3.474483 -1.059145 6
0.860059 3.437773 -1.135871 6
-0.227895 4.640059 -0.480392 13
-0.242757 4.720336 -0.455645 13
-0.327915 4.834172 -0.399790 13
-0.330777 4.905488 -0.381351 13
-0.262961 4.942885 -0.394418 13
-0.228698 4.996585 -0.392612 13
-0.216126 5.060080 -0.381406 13
-0.316940 5.172189 -0.321295 5
-0.231970 5.203239 -0.341890 5
-1.965699 5.977412 0.414585 5
-1.997551 6.036014 0.438966 5
-1.974840 6.072507 0.440014 5
-2.021740 6.135086 0.470193 5
-1.973201 6.161759 0.460256 5
-1.857181 6.165608 0.422531 5
-1.823449 6.199583 0.419085 5
0.135442 5.604698 -0.370428 5
0.350120 5.603986 -0.442336 5
1.597399 6.015905 -0.771864 5
1.643803 6.084893 -0.772972 5
1.702657 6.152160 -0.778766 5
-2.582233 0.148784 -0.977792 8
-2.542681 0.260671 -0.954145 8
-2.541618 0.451348 -0.897224 8
-2.546104 0.645627 -0.837919 8
-2.521478 0.772380 -0.806342 8
-2.413657 0.728992 -0.846982 8
-2.321949 0.720841 -0.873077 8
-2.213249 0.682756 -0.912572 8
-2.116348 0.670168 -0.941539 8
-1.224529 1.847921 -0.841598 6
-1.348199 2.115942 -0.731090 11
-1.490669 2.397193 -0.611649 11
-1.308141 2.291500 -0.693035 11
-1.319813 2.412856 -0.655738 11
-1.343219 2.544263 -0.612383 12
-1.328489 2.630628 -0.592567 12
-1.309971 2.711342 -0.575499 12
-1.405610 2.910229 -0.492956 12
-1.454344 3.054833 -0.439022 12
-1.419487 3.111434 -0.433588 12
-1.338677 3.122352 -0.454114 12
-1.197990 3.076951 -0.507564 12
-1.171316 3.143032 -0.497413 2
-1.126043 3.191172 -0.497672 2
-1.166673 3.317214 -0.451683 2
-1.085049 3.331523 -0.471955 2
-0.940183 3.292219 -0.525421 2
-0.909633 3.353958 -0.518021 2
-0.718734 3.281441 -0.594211 2
-0.455997 3.155336 -0.706161 12
-0.457377 3.248015 -0.681289 12
-0.310777 3.223208 -0.731877 12
-0.241785 3.261301 -0.742697 12
-0.151104 3.283906 -0.764206 12
0.166855 3.140970 -0.897673 12
0.353910 3.100788 -0.964890 12
0.402805 3.162219 -0.963956 2
0.431564 3.237610 -0.953395 2
0.530695 3.265112 -0.976709 2
0.570069 3.333596 -0.971368 6
0.569663 3.427562 -0.947446 6
0.698410 3.438936 -0.984261 6
-0.409299 4.586087 -0.355337 13
-0.338381 4.692031 -0.351739 13
-0.327379 4.757612 -0.339333 13
-0.334902 4.831879 -0.319090 13
-0.372516 4.919731 -0.286188 13
-0.360789 4.982745 -0.274874 13
-0.237024 4.994114 -0.311343 13
-0.421600 5.145119 -0.217207 5
-0.356346 5.182804 -0.229081 5
-0.324593 5.235551 -0.226863 5
-1.938888 5.961740 0.456082 5
-1.887213 5.987432 0.445532 5
-1.999133 6.077001 0.501883 5
-2.015681 6.127925 0.518821 5
-1.979283 6.158920 0.514204 5
-1.866993 6.163771 0.479264 5
-1.806381 6.188377 0.465319 5
-0.015575 5.646096 -0.232233 0
-0.084169 5.733082 -0.190786 7
1.660721 5.990851 -0.701286 5
1.669128 6.067826 -0.687989 5
1.678108 6.144498 -0.675043 5
-2.548713 -0.112071 -0.958992 8
-2.476117 -0.067417 -0.963881 8
-2.542324 0.282549 -0.846385 8
-2.533002 0.454052 -0.799199 8
-2.543997 0.660998 -0.736845 8
-2.510499 0.768652 -0.714256 8
-2.500483 0.919320 -0.673521 8
-2.449478 0.984981 -0.667561 8
-2.338145 0.935282 -0.709944 8
-2.278557 0.985117 -0.710863 8
-2.200436 1.001041 -0.726260 8
-2.096409 0.972516 -0.761020 8
-1.301270 1.707098 -0.765448 6
-1.263779 1.781743 -0.755141 2
-1.396095 2.064957 -0.641678 11
-1.376980 2.155331 -0.622246 11
-1.469971 2.376688 -0.536565 11
-1.499151 2.516856 -0.490528 11
-1.355896 2.457204 -0.546163 11
-1.333240 2.536096 -0.531158 12
-1.393641 2.704263 -0.469182 12
-1.408940 2.819320 -0.434083 12
-1.068558 2.559296 -0.598636 6
-1.020806 2.611779 -0.598034 6
-1.349145 3.041994 -0.391515 12
-1.302688 3.087884 -0.392462 12
-1.281003 3.157693 -0.380173 12
-1.087451 3.064209 -0.459640 12
-0.990810 3.066142 -0.486615 2
-0.995534 3.161910 -0.460248 2
-0.985789 3.242966 -0.441931 2
-0.995601 3.339772 -0.414000 2
-0.839120 3.292949 -0.471105 2
-0.661612 3.232558 -0.537848 12
-0.628294 3.294659 -0.531537 12
-0.573359 3.339092 -0.536095 12
-0.377162 3.273184 -0.609912 12
-0.285736 3.292705 -0.631592 12
-0.229421 3.340147 -0.636039 12
-0.157496 3.376515 -0.647933 12
-0.050547 3.388577 -0.676296 12
0.476560 3.106690 -0.901874 2
0.420416 3.241464 -0.851744 12
0.402671 3.347305 -0.820238 2
-0.182171 3.825245 -0.528866 3
0.714623 3.329512 -0.917147 6
0.843281 3.342719 -0.952193 2
-0.449747 4.458391 -0.294728 13
-0.458916 4.536373 -0.273257 13
-0.485733 4.622926 -0.244497 13
-0.410814 4.653546 -0.259825 13
-0.378464 4.707534 -0.256821 13
-0.395761 4.786839 -0.232883 13
-0.370042 4.843610 -0.227364 13
-0.394925 4.924763 -0.200840 13
-0.400995 4.995728 -0.182488 13
-0.294325 5.014167 -0.210759 13
-0.452890 5.152936 -0.130342 5
-0.351902 5.174522 -0.156299 5
-0.429286 5.273228 -0.110057 5
-1.911080 5.945630 0.497502 5
-1.874505 5.977515 0.493463 5
-1.886273 6.028553 0.508561 5
-1.998982 6.116794 0.563053 5
-1.918615 6.131864 0.541595 5
-1.854297 6.154072 0.526631 5
-1.826699 6.189909 0.525985 5
-0.226040 5.707558 -0.075838 0
-0.166900 5.751493 -0.084609 7
-0.024454 5.770695 -0.124697 7
-0.003452 5.828594 -0.118736 7
1.689524 5.972953 -0.617487 5
1.735120 6.042628 -0.617486 5
1.711902 6.125935 -0.593194 5
1.748071 6.197752 -0.589982 5
-2.572050 -0.247884 -0.886394 8
-2.527087 -0.136621 -0.866137 8
-2.435593 -0.134417 -0.887486 8
-2.526763 0.270747 -0.752958 8
-2.520655 0.448613 -0.705105 8
-2.539250 0.670644 -0.639108 8
-2.466428 0.697625 -0.649416 8
-2.525400 0.985967 -0.555405 8
-2.473225 1.047284 -0.551345 8
-2.391378 1.051467 -0.570400 8
-2.322230 1.080545 -0.579556 8
-2.270403 1.141104 -0.575859 8
-2.129581 1.044583 -0.637415 8
-2.077016 1.105448 -0.633982 8
-2.003427 1.130170 -0.645763 8
-1.247200 1.643575 -0.702627 6
-1.243660 1.761973 -0.672253 6
-1.325308 1.982567 -0.592518 11
-1.342221 2.117840 -0.552454 11
-1.484811 2.398244 -0.441000 11
-1.488303 2.507844 -0.411389 11
-1.466822 2.586467 -0.396614 12
-1.500090 2.724652 -0.351730 12
-1.428471 2.744751 -0.365776 12
-1.484480 2.902159 -0.309930 12
-1.459872 2.970705 -0.298898 12
-1.432939 3.035925 -0.289423 12
-1.345688 3.039762 -0.312178 12
-1.267973 3.054676 -0.329567 12
-1.184226 3.065054 -0.349834 12
-1.134112 3.108700 -0.352486 12
-1.000983 3.075695 -0.397475 12
-0.917832 3.091320 -0.416462 12
-0.886345 3.154233 -0.409323 12
-0.861465 3.222400 -0.399107 12
-0.801076 3.259598 -0.406584 12
-0.672400 3.240358 -0.447243 12
-0.597073 3.267669 -0.461497 12
-0.581090 3.343569 -0.447167 12
-0.492300 3.361458 -0.467675 12
-0.500562 3.455371 -0.442240 12
-0.270451 3.368450 -0.528459 12
-0.300468 3.478926 -0.492976 12
-0.081103 3.407509 -0.572521 12
-0.235262 3.604858 -0.480864 13
-0.251701 3.701259 -0.452881 13
-0.240561 3.777352 -0.437732 3
-0.236052 3.856988 -0.419912 3
-0.554603 4.144173 -0.260026 13
-0.498556 4.184696 -0.266460 13
-0.628572 4.340619 -0.192082 13
-0.564713 4.375027 -0.202351 13
-0.522691 4.423153 -0.203154 13
-0.515585 4.491630 -0.189155 13
-0.556043 4.586168 -0.155355 13
-0.488331 4.619421 -0.167278 13
-0.452623 4.670793 -0.165763 13
-0.435020 4.731767 -0.156827 13
-0.417601 4.792519 -0.147954 13
-0.462350 4.883871 -0.113975 13
-0.432630 4.937296 -0.110508 13
-0.427200 5.002234 -0.097371 13
-0.310346 5.015418 -0.128719 13
-0.426110 5.134886 -0.067799 5
-0.428415 5.201518 -0.052202 5
-0.425208 5.265154 -0.038965 5
-0.415633 5.325660 -0.028370 5
-1.878333 5.974210 0.547698 5
-1.824048 5.999504 0.537175 5
-1.993721 6.109961 0.611692 5
-1.937180 6.133599 0.600044 5
-1.882820 6.158948 0.589372 5
-1.826073 6.184368 0.577958 5
-1.783727 6.215494 0.572018 5
-0.188858 5.750751 -0.003393 7
-0.073815 5.777857 -0.032004 7
1.738742 5.950717 -0.540663 5
1.774775 6.022617 -0.536987 5
1.748266 6.106857 -0.512039 5
1.807067 6.174751 -0.516208 5
-2.546712 -0.507024 -0.856226 8
-2.534073 -0.311264 -0.806756 8
-2.524178 -0.117921 -0.757375 8
-2.558867 0.167219 -0.673107 8
-2.550639 0.345205 -0.627595 8
-2.508857 0.444236 -0.611111 8
-2.437240 0.478040 -0.619121 8
-2.482652 0.748952 -0.536415 8
-2.444697 0.843594 -0.520413 8
-2.480719 1.077863 -0.449807 8
-2.416215 1.113621 -0.455894 8
-2.356820 1.158773 -0.458341 8
-2.279628 1.171653 -0.473666 8
-2.169465 1.127993 -0.511935 8
-2.139036 1.224378 -0.494092 8
-2.031388 1.189194 -0.529668 8
-1.944875 1.191882 -0.550229 8
-1.204091 1.717721 -0.600626 6
-1.471125 2.167278 -0.418051 11
-1.472810 2.280005 -0.389050 11
-1.556958 2.487511 -0.314918 11
-1.551941 2.585111 -0.291599 12
-1.473005 2.596661 -0.309136 12
-1.438407 2.658853 -0.302515 12
-1.513407 2.839764 -0.237704 12
-1.470338 2.889180 -0.236614 12
-1.512685 3.027745 -0.191026 12
-1.434378 3.038903 -0.208813 12
-1.386459 3.081931 -0.210770 12
-1.326649 3.113360 -0.218791 12
-1.223650 3.103741 -0.248411 12
-1.164903 3.138189 -0.255533 12
-1.059216 3.129725 -0.285707 12
-0.976519 3.144399 -0.304167 12
-0.926463 3.189470 -0.306569 12
-0.816156 3.182304 -0.337852 12
-0.805361 3.262329 -0.321382 12
-0.772347 3.322633 -0.315715 12
-0.711194 3.359564 -0.323325 12
-0.695583 3.433598 -0.309791 12
-0.600002 3.443998 -0.333199 12
-0.499692 3.452522 -0.358404 12
-0.409586 3.470603 -0.378627 12
-0.363604 3.522710 -0.378828 12
-0.595331 3.775131 -0.255938 13
-0.414803 3.728352 -0.316372 13
-0.268156 3.709260 -0.361083 3
-0.496346 3.946554 -0.242910 13
-0.583048 4.082501 -0.187374 13
-0.585638 4.160510 -0.168558 13
-0.629397 4.263444 -0.132658 13
-0.605100 4.322119 -0.125869 13
-0.565487 4.371283 -0.125575 13
-0.574646 4.449406 -0.105156 13
-0.521923 4.490718 -0.110424 13
-0.554525 4.580631 -0.080908 13
-0.461145 4.599583 -0.102716 13
-0.432438 4.654889 -0.098285 13
-0.425873 4.721743 -0.085112 13
-0.461626 4.809613 -0.055413 13
-0.510335 4.902285 -0.021060 13
-0.436994 4.933762 -0.034732 13
-0.444037 5.004406 -0.017124 13
-0.410705 5.055605 -0.015264 13
-0.420935 5.126510 0.003186 5
-0.442986 5.201699 0.025863 5
-0.450587 5.269619 0.042800 5
-0.458547 5.336924 0.059649 5
-1.880140 5.970139 0.600713 5
-1.848512 6.004075 0.598999 5
-1.845666 6.049226 0.607852 5
-1.942451 6.130549 0.652819 5
-1.859399 6.145505 0.632254 5
-1.830469 6.180586 0.631389 5
-1.800574 6.215660 0.630205 5
-0.142203 5.728088 0.052464 7
-0.103555 5.779126 0.052015 7
1.809465 6.003571 -0.454505 5
1.796626 6.085431 -0.434554 5
1.848427 6.154863 -0.435869 5
-2.535517 -0.741388 -0.811252 8
-2.545305 -0.481802 -0.742366 8
-2.550288 -0.246029 -0.680758 8
-2.533220 -0.071970 -0.640072 8
-2.559306 0.191422 -0.566710 8
-2.525810 0.312766 -0.543417 8
-2.488992 0.422600 -0.523896 8
-2.469509 0.564571 -0.492240 8
-2.482896 0.767613 -0.437477 8
-2.417452 0.807129 -0.442698 8
-2.485853 1.103650 -0.351492 8
-2.403228 1.104460 -0.370676 8
-2.431126 1.309246 -0.312330 8
-2.348458 1.308510 -0.332039 8
-2.237540 1.260184 -0.370494 8
-2.190176 1.324192 -0.365645 8
-2.057028 1.244042 -0.417514 8
-1.935721 1.188539 -0.460434 8
-1.910168 1.289840 -0.441207 8
-1.490600 2.083513 -0.347131 11
-1.446563 2.141800 -0.343810 11
-1.560998 2.390723 -0.254634 11
-1.565571 2.501532 -0.226528 11
-1.064848 2.024657 -0.467522 11
-1.437088 2.559067 -0.244744 12
-1.466378 2.692740 -0.205075 12
-1.537453 2.868359 -0.144821 12
-1.526226 2.950912 -0.127799 12
-1.492761 3.008684 -0.122408 12
-1.503350 3.111053 -0.095215 12
-1.427541 3.124380 -0.111319 12
-1.199948 2.989662 -0.201448 12
-1.186933 3.069019 -0.185920 12
-1.128889 3.104573 -0.192365 12
-1.060530 3.131075 -0.203653 12
-0.974648 3.142569 -0.223045 12
-0.965307 3.223585 -0.206405 12
-0.868864 3.227521 -0.230411 12
-0.746287 3.211039 -0.266017 12
-0.707398 3.267214 -0.263011 12
-0.686288 3.337769 -0.252094 12
-0.617402 3.369290 -0.262740 12
-0.569635 3.418256 -0.263893 12
-0.443134 3.406882 -0.299622 12
-0.457740 3.504423 -0.273366 12
-0.635143 3.720140 -0.177306 13
-0.599537 3.775419 -0.174044 13
-0.601779 3.857320 -0.154791 13
-0.652635 3.971586 -0.115394 13
-0.638190 4.039075 -0.103933 13
-0.601930 4.091491 -0.101714 13
-0.598864 4.165395 -0.085895 13
-0.625241 4.257008 -0.058321 13
-0.525963 4.269180 -0.082062 13
-0.580546 4.376208 -0.043628 13
-0.588411 4.453209 -0.024415 13
-0.491359 4.468544 -0.047016 13
-0.518697 4.555776 -0.020426 13
-0.497640 4.614797 -0.013099 13
-0.411907 4.638797 -0.030909 13
-0.471980 4.740724 0.007555 13
-0.428059 4.787123 0.005804 13
-0.437473 4.860520 0.024276 13
-0.469084 4.943765 0.050835 13
-0.420302 4.987418 0.047019 13
-0.401595 5.045496 0.054413 13
-0.376502 5.100512 0.059365 5
-0.427059 5.188608 0.091903 5
-0.356306 5.223254 0.079985 5
-0.437610 5.321912 0.123042 5
-1.897227 5.972247 0.658796 5
-1.872500 6.008553 0.659661 5
-1.804207 6.028542 0.645150 5
-1.971267 6.136197 0.713373 5
-1.834903 6.131653 0.675021 5
-1.816609 6.170557 0.678046 5
-1.782495 6.204256 0.675613 5
-0.106548 5.708897 0.112782 7
-0.098018 5.769541 0.122832 7
0.122796 5.766146 0.061269 7
0.573437 5.700577 -0.076369 5
0.737144 5.724343 -0.116776 5
1.833239 5.986731 -0.368314 5
1.807348 6.071250 -0.344607 5
1.835104 6.144994 -0.337971 5
1.971135 6.200132 -0.365114 5
-2.517480 -0.756018 -0.709235 8
-2.494364 -0.577186 -0.670447 8
-2.551318 -0.217243 -0.569467 8
-2.589922 0.082970 -0.487285 8
-2.500800 0.083595 -0.507097 8
-2.514011 0.308740 -0.449095 8
-2.537351 0.545591 -0.386013 8
-2.490783 0.627789 -0.376497 8
-2.493414 0.806755 -0.332323 8
-2.426653 0.842339 -0.338847 8
-2.394093 0.943491 -0.321707 8
-2.385126 1.085676 -0.289277 8
-2.441849 1.342830 -0.214001 8
-2.377636 1.373973 -0.221234 8
-2.251294 1.297105 -0.268923 8
-2.227080 1.399298 -0.249885 8
-2.099135 1.326002 -0.297188 8
-2.037787 1.366025 -0.301830 8
-1.927062 1.327502 -0.336881 8
-0.564177 0.642542 -0.821782 10
-1.529283 2.023355 -0.265473 11
-1.604072 2.231210 -0.198635 11
-1.597647 2.332455 -0.176398 11
-1.570400 2.406265 -0.165657 11
-1.542338 2.477900 -0.155671 11
-1.502311 2.534582 -0.152120 11
-1.405547 2.526457 -0.177476 12
-1.431205 2.656438 -0.141018 12
-1.523266 2.855298 -0.072455 12
-1.475268 2.898627 -0.074139 12
-1.467499 2.984045 -0.056305 12
-1.441335 3.049000 -0.047745 12
-1.409459 3.107422 -0.042139 12
-1.264512 3.054111 -0.090059 12
-1.245636 3.126263 -0.078195 12
-1.151645 3.126462 -0.101386 12
-1.032172 3.104963 -0.135882 12
-0.975886 3.143560 -0.141077 12
-0.919100 3.182139 -0.146448 12
-0.861610 3.220554 -0.152081 12
-0.815575 3.269219 -0.152589 12
-0.714206 3.271734 -0.177380 12
-0.751974 3.390127 -0.141319 12
-0.718240 3.448479 -0.136714 12
-0.624582 3.459504 -0.157809 12
-0.561595 3.495813 -0.165586 12
-0.478415 3.517610 -0.181738 13
-0.598890 3.690900 -0.112844 13
-0.579630 3.758326 -0.102810 13
-0.588020 3.844683 -0.081632 13
-0.597207 3.930183 -0.060489 13
-0.609224 4.016212 -0.038557 13
-0.554847 4.056859 -0.043529 13
-0.607338 4.167248 -0.006041 13
-0.572555 4.219855 -0.003493 13
-0.584582 4.301462 0.017292 13
-0.539921 4.347473 0.015787 13
-0.590615 4.450223 0.050974 13
-0.545669 4.495421 0.049129 13
-0.498017 4.539446 0.046290 13
-0.501543 4.612133 0.062740 13
-0.454964 4.656941 0.060255 13
-0.446895 4.722414 0.072081 13
-0.439566 4.787714 0.084016 13
-0.418698 4.845693 0.090849 13
-0.471418 4.939363 0.124264 13
-0.407408 4.975569 0.115218 13
-0.383656 5.031320 0.120698 13
-0.396823 5.103643 0.139215 5
-0.387770 5.165273 0.149665 5
-0.452379 5.257953 0.185752 5
-0.344121 5.276786 0.161326 5
-1.869314 5.956281 0.700578 5
-1.849971 5.994904 0.703433 5
-1.784188 6.015936 0.690474 5
-1.840650 6.083169 0.719008 5
-1.804747 6.115750 0.716188 5
-1.863040 6.181392 0.744817 5
-1.725210 6.179707 0.708175 5
-1.250570 6.071685 0.561333 5
0.035116 5.720074 0.151665 7
0.127961 5.756349 0.134392 7
0.543950 5.700172 0.013280 5
0.565378 5.763134 0.020096 5
0.684196 5.799882 -0.004092 5
0.944865 5.802035 -0.072711 5
0.867613 5.893205 -0.034353 5
1.790906 5.983537 -0.261923 5
1.809097 6.058871 -0.252253 5
1.748173 6.148920 -0.218773 5
2.000762 6.182342 -0.279609 5
-2.461153 -0.866036 -0.638147 8
-2.545663 -0.424721 -0.516337 8
-2.502655 -0.305710 -0.497823 8
-2.509624 -0.076812 -0.442746 8
-2.487717 0.077502 -0.411471 8
-2.521766 0.347037 -0.341075 8
-2.486759 0.458588 -0.322757 8
-2.477559 0.619469 -0.287308 8
-2.479903 0.797314 -0.245409 8
-2.425321 0.856630 -0.243716 8
-2.411491 0.992734 -0.215195 8
-2.395125 1.119335 -0.189488 8
-2.407662 1.294346 -0.146167 8
-2.404976 1.435803 -0.114056 8
-2.335567 1.456406 -0.124864 8
-2.267569 1.480124 -0.134680 8
-2.136072 1.398996 -0.182997 8
-2.056429 1.407365 -0.199060 8
-1.861410 1.233919 -0.283048 8
-1.497238 0.807167 -0.463560 10
-1.386246 0.785373 -0.493794 10
-1.125726 0.544242 -0.608320 10
-1.073285 0.618069 -0.603444 10
-0.969019 0.617075 -0.627543 10
-0.890816 0.654541 -0.636960 10
-0.807664 0.685813 -0.648976 10
-0.835275 0.865899 -0.601749 10
-0.795935 0.953100 -0.591081 10
-1.584842 2.100074 -0.149082 11
-1.577450 2.202780 -0.127607 11
-1.539955 2.266084 -0.122053 11
-1.497790 2.322981 -0.119071 11
-1.518832 2.453957 -0.084740 11
-1.465949 2.495985 -0.087683 11
-1.454208 2.584721 -0.070573 12
-1.453734 2.684208 -0.048458 12
-1.483729 2.814658 -0.012313 12
-1.466148 2.890974 0.000530 12
-1.428824 2.945401 0.003808 12
-1.415817 3.024341 0.018235 12
-1.406044 3.105179 0.033808 2
-1.369569 3.158342 0.036889 2
-1.376045 3.252581 0.059202 6
-1.307804 3.274321 0.047722 6
-1.348895 3.398194 0.084726 6
-1.315294 3.451218 0.088308 6
-1.041049 3.290113 -0.012615 2
-0.854826 3.213999 -0.073909 12
-0.834442 3.284416 -0.063480 12
-0.801622 3.343639 -0.058517 12
-0.673114 3.324172 -0.093729 12
-0.687783 3.422432 -0.068934 12
-0.696985 3.514518 -0.046835 12
-0.576276 3.505000 -0.078136 12
-0.505186 3.535424 -0.088854 12
-0.605347 3.693157 -0.030698 13
-0.563574 3.744012 -0.029993 13
-0.563592 3.824506 -0.012815 13
-0.554128 3.897284 0.000364 13
-0.541912 3.967364 0.012257 13
-0.575116 4.066822 0.041455 13
-0.503297 4.096194 0.030052 13
-0.536505 4.193199 0.058653 13
-0.541805 4.270987 0.076313 13
-0.564928 4.358488 0.100359 13
-0.528524 4.409174 0.101990 13
-0.530832 4.482382 0.117837 13
-0.474249 4.521363 0.111968 13
-0.498603 4.605726 0.135509 13
-0.440137 4.643975 0.128946 13
-0.437308 4.712249 0.142345 13
-0.430627 4.777858 0.154201 13
-0.449595 4.855754 0.174920 13
-0.408998 4.903363 0.174571 13
-0.358025 4.946352 0.170656 13
-0.295432 4.984531 0.162825 13
-0.213949 5.015043 0.148681 13
-0.361630 5.147672 0.212468 5
-0.277858 5.177117 0.197461 5
-0.342127 5.269556 0.232184 5
-1.831057 5.936095 0.739329 5
-1.809810 5.974303 0.741655 5
-1.780064 6.009373 0.741192 5
-1.819688 6.070409 0.763311 5
-1.806108 6.111103 0.767979 5
-1.817509 6.160432 0.780619 5
-1.735810 6.177866 0.763478 5
-1.307402 6.084045 0.636981 5
0.221332 5.653617 0.166719 0
0.493789 5.637210 0.094704 5
0.531624 5.694885 0.096397 5
0.594296 5.745943 0.090481 5
0.763739 5.768989 0.052073 5
0.950975 5.790600 0.008840 5
1.018785 5.845593 0.002259 5
1.105906 5.896995 -0.009952 5
2.003319 5.927568 -0.231883 5
1.788550 6.050964 -0.153909 5
1.742690 6.137932 -0.125806 5
2.005526 6.168936 -0.186799 5
-2.500293 -0.982344 -0.545994 8
-2.458478 -0.842353 -0.523546 8
-2.539322 -0.412433 -0.410359 8
-2.486450 -0.317629 -0.400440 8
-2.501164 -0.071803 -0.342487 8
-2.498139 0.123525 -0.299616 8
-2.519672 0.363684 -0.241553 8
-2.471071 0.445538 -0.233773 8
-2.461914 0.606110 -0.200069 8
-2.463320 0.781663 -0.160804 8
-2.455587 0.932519 -0.129027 8
-2.423498 1.031363 -0.114074 8
-2.373616 1.094082 -0.111007 8
-2.397382 1.289462 -0.062665 8
-2.389062 1.420478 -0.035552 8
-2.353780 1.500364 -0.025627 8
-2.250622 1.463174 -0.056355 8
-2.146736 1.428102 -0.086811 8
-2.068547 1.437918 -0.101802 8
-2.008990 1.478540 -0.105974 8
-1.521642 0.855924 -0.349765 10
-1.391069 0.803138 -0.390126 10
-1.346394 0.882037 -0.382747 10
-1.254367 0.890775 -0.401217 10
-1.110484 0.827402 -0.446959 10
-0.964703 0.766057 -0.492722 10
-0.880280 0.792942 -0.505672 10
0.106532 -0.383359 -0.981324 10
-0.883601 1.074648 -0.443780 10
-1.505654 2.004125 -0.103178 11
-1.538283 2.158641 -0.062437 11
-1.522450 2.249159 -0.046443 11
-1.552231 2.392698 -0.008783 11
-1.515265 2.453534 -0.004015 11
-1.498819 2.537403 0.010306 12
-1.457972 2.592064 0.012801 12
-1.447078 2.679552 0.029088 12
-1.441018 2.770594 0.047198 12
-1.449513 2.875305 0.071505 12
-1.517538 3.039801 0.122089 12
-1.464784 3.075919 0.117751 12
-1.436210 3.136613 0.124131 2
-1.393159 3.182436 0.124010 6
-1.406826 3.282870 0.148427 6
-1.387636 3.350080 0.158243 6
-1.355430 3.404364 0.162308 6
-1.301596 3.438675 0.157152 6
-1.187621 3.419991 0.126949 6
-0.965361 3.309613 0.052456 2
-0.804323 3.257826 0.004371 12
-0.758696 3.306620 0.004023 12
-0.704932 3.348840 0.000382 12
-0.660313 3.398774 0.000439 12
-0.642465 3.469834 0.011083 12
-0.533510 3.469986 -0.014245 12
-0.492125 3.523247 -0.012845 12
-0.534384 3.638276 0.020824 13
-0.603735 3.770337 0.064308 13
-0.582035 3.834661 0.072492 13
-0.529722 3.877289 0.069009 13
-0.556459 3.973948 0.095128 13
-0.535536 4.037134 0.103163 13
-0.607241 4.159998 0.145145 13
-0.558623 4.203442 0.142569 13
-0.574304 4.287205 0.163322 13
-0.576127 4.361187 0.178788 13
-0.572130 4.430764 0.191954 13
-0.520875 4.472176 0.188217 13
-0.510783 4.537430 0.199006 13
-0.462589 4.581043 0.196376 13
-0.477209 4.659054 0.215527 13
-0.388748 4.681541 0.199039 13
-0.442756 4.778860 0.231352 13
-0.363606 4.807223 0.218190 13
-0.380399 4.883829 0.237454 13
-0.362709 4.942871 0.244977 13
-0.343788 5.001106 0.252015 13
-0.228563 5.015532 0.227362 13
-0.331097 5.128112 0.274090 5
-0.311163 5.185092 0.280547 5
-0.285928 5.239740 0.285247 5
-1.832154 5.931809 0.791314 5
-1.802150 5.966442 0.790895 5
-1.777724 6.003512 0.792269 5
-1.866151 6.082652 0.828904 5
-1.779494 6.096422 0.810757 5
-1.802366 6.149981 0.826631 5
-1.706844 6.162729 0.806111 5
-1.636005 6.185323 0.793410 5
0.465887 5.568299 0.168380 5
0.538664 5.614894 0.159772 5
0.600399 5.665856 0.154629 5
0.612263 5.731822 0.164353 5
0.796592 5.750641 0.123419 5
0.904496 5.792969 0.105382 5
0.958628 5.850678 0.103223 5
1.070373 5.895262 0.084614 5
1.157355 5.947501 0.073405 5
1.189368 6.013260 0.078009 5
1.279718 6.067100 0.066213 5
1.754340 6.045910 -0.052762 5
1.715458 6.131140 -0.027449 5
1.701750 6.210737 -0.009327 5
-2.443477 -1.095124 -0.471448 8
-2.482680 -0.752574 -0.390533 8
-2.487306 -0.510118 -0.338079 8
-2.472053 -0.325383 -0.302038 8
-2.500243 -0.049808 -0.237730 8
-2.480900 0.107891 -0.208339 8
-2.463276 0.262983 -0.179174 8
-2.425872 0.370419 -0.164259 8
-2.428617 0.556548 -0.124331 8
-2.460116 0.792735 -0.067826 8
-2.432006 0.902944 -0.050468 8
-2.389681 0.982523 -0.042591 8
-2.430650 1.214780 0.014987 8
-2.405936 1.318692 0.031647 8
-2.350764 1.365478 0.029821 8
-2.336205 1.482103 0.051248 8
-2.245543 1.466308 0.028697 8
-2.198095 1.524368 0.030794 8
-2.068035 1.447869 -0.012917 8
-1.999685 1.474050 -0.022004 8
-1.950359 1.530249 -0.020780 8
-1.899382 1.583251 -0.020605 8
-1.322521 0.856397 -0.295845 10
-1.245008 0.886450 -0.306203 10
-1.165720 0.914691 -0.317350 10
-1.090759 0.949760 -0.326177 10
-0.974689 0.929431 -0.355406 10
-0.882170 0.943367 -0.372471 10
-0.994592 1.226349 -0.289502 10
-1.515173 2.021768 -0.012117 11
-1.570634 2.204142 0.037631 11
-1.509092 2.237325 0.031136 11
-1.542229 2.384789 0.068773 11
-1.556490 2.505862 0.096835 11
-1.527451 2.573851 0.104508 12
-1.477914 2.617682 0.102715 12
-1.406111 2.636838 0.090964 12
-1.479007 2.814253 0.143302 12
-1.493374 2.924068 0.168946 12
-1.473021 2.995045 0.179004 12
-1.437554 3.049497 0.182342 12
-1.432739 3.134292 0.198586 2
-1.417486 3.207240 0.210094 6
-1.448010 3.323167 0.240413 6
-1.383870 3.346892 0.231080 6
-1.362363 3.410900 0.239318 6
-1.293395 3.431117 0.228157 6
-1.290788 3.511319 0.243810 6
-0.993259 3.333286 0.141861 2
-0.845540 3.292115 0.100761 12
-0.745421 3.294385 0.078967 12
-0.754354 3.387958 0.099780 12
-0.650164 3.389013 0.076784 12
-0.616050 3.447223 0.080853 12
-0.524980 3.461323 0.063347 12
-0.531570 3.550683 0.082689 12
-0.571098 3.662893 0.113934 13
-0.588176 3.756414 0.136402 13
-0.574068 3.826149 0.147118 13
-0.524228 3.870397 0.144727 13
-0.601397 4.001192 0.188008 13
-0.593471 4.072165 0.200283 13
-0.587997 4.143936 0.213244 13
-0.576868 4.211278 0.224031 13
-0.531370 4.256611 0.222707 13
-0.488943 4.304136 0.222484 13
-0.531800 4.402582 0.251500 13
-0.501744 4.456653 0.255308 13
-0.432494 4.488441 0.245862 13
-0.440191 4.563872 0.262345 13
-0.429265 4.628218 0.272420 13
-0.376507 4.669963 0.268582 13
-0.368676 4.735463 0.279536 13
-0.389114 4.814645 0.299543 13
-0.311166 4.844334 0.287570 13
-0.338247 4.925493 0.309423 13
-0.304558 4.976993 0.311690 13
-0.207818 5.000033 0.294084 13
0.022874 4.965546 0.234847 13
-0.278068 5.164613 0.341724 5
-0.324243 5.249380 0.368506 5
-1.763674 5.899250 0.821668 5
-1.796468 5.959371 0.840639 5
-1.927079 6.055891 0.888906 5
-1.891612 6.087218 0.886742 5
-1.709852 6.066165 0.841112 5
-1.727765 6.118713 0.855169 5
-1.754436 6.173488 0.871638 5
-1.592270 6.165442 0.832911 5
-1.508538 6.185485 0.817461 5
-1.486858 6.226021 0.820098 5
0.613012 5.653264 0.230129 5
0.711565 5.694566 0.215199 5
0.798108 5.740831 0.203932 5
0.909094 5.782083 0.186080 5
0.851861 5.867768 0.215194 5
0.982013 5.906482 0.192404 5
1.091425 5.952342 0.175688 5
1.257043 5.987665 0.144042 5
1.374023 6.036316 0.126043 5
1.476505 6.089932 0.112273 5
1.697840 6.122665 0.067214 5
2.012918 6.142675 -0.001845 5
-2.500893 -0.917730 -0.312979 8
-2.477612 -0.735663 -0.280987 8
-2.522280 -0.398978 -0.204118 8
-2.475605 -0.291405 -0.191917 8
-2.420260 -0.207330 -0.186227 8
-2.284288 -0.303784 -0.233252 8
-2.225955 -0.226387 -0.229560 8
-2.471929 0.486910 -0.036162 8
-2.440011 0.598494 -0.020267 8
-2.413920 0.717959 -0.001623 8
-2.469450 0.992127 0.064707 8
-2.407466 1.031797 0.059971 8
-2.352361 1.084021 0.059138 8
-2.313990 1.165788 0.067631 8
-2.354744 1.385407 0.119928 8
-2.356243 1.528853 0.148907 8
-2.270913 1.520803 0.129731 8
-2.178962 1.503802 0.107384 8
-2.090074 1.494148 0.087115 8
-2.017958 1.513079 0.075989 8
-1.930695 1.509477 0.057223 8
-1.801805 1.444796 0.017663 8
-1.352600 0.910614 -0.181678 10
-1.284520 0.952869 -0.187410 10
-1.191813 0.960379 -0.205180 10
-1.073184 0.933553 -0.235175 10
0.193198 -0.650559 -0.812836 10
-0.945194 1.034603 -0.241817 10
-1.410782 1.775715 0.001982 2
-1.555992 2.079331 0.092341 11
-1.525018 2.151951 0.100210 11
-1.530104 2.267630 0.124106 11
-1.545833 2.393216 0.152166 11
-1.560516 2.514295 0.179100 11
-1.522149 2.571077 0.182221 12
-1.483646 2.627183 0.185163 12
-1.466136 2.706074 0.196979 12
-1.486639 2.824882 0.224616 12
-1.502421 2.935714 0.249676 12
-1.475684 2.999541 0.256540 6
-1.439952 3.053385 0.259532 12
-1.423386 3.126068 0.270241 2
-1.463846 3.253678 0.303727 6
-1.356535 3.235673 0.277488 6
-1.404526 3.366759 0.313212 6
-1.340962 3.391218 0.304490 6
-1.287083 3.425272 0.299674 6
-1.210306 3.439428 0.286107 6
-1.073998 3.403000 0.250042 6
-0.983529 3.409033 0.231952 6
-0.739722 3.288489 0.156655 12
-0.759192 3.390569 0.180557 12
-0.722767 3.445709 0.183439 12
-0.633968 3.459484 0.167131 12
-0.523098 3.457789 0.143103 12
-0.508349 3.530866 0.154023 12
-0.475625 3.589842 0.158363 13
-0.536177 3.716113 0.195602 13
-0.614723 3.852108 0.238547 13
-0.509801 3.857318 0.217031 13
-0.521218 3.943537 0.235992 13
-0.586034 4.063843 0.272931 13
-0.548144 4.114467 0.274452 13
-0.518652 4.170516 0.278799 13
-0.565479 4.273918 0.308587 13
-0.476297 4.292333 0.292873 13
-0.472154 4.362868 0.305387 13
-0.472681 4.435350 0.319261 13
-0.516159 4.531370 0.346855 13
-0.467808 4.574452 0.344566 13
-0.392757 4.603522 0.333837 13
-0.351965 4.651880 0.334146 13
-0.289705 4.689426 0.327750 13
-0.234011 4.731109 0.323540 13
-0.282868 4.824855 0.351765 13
-0.242385 4.873872 0.352196 13
-0.239477 4.940753 0.364115 13
-0.205005 4.992684 0.366362 13
-0.122565 5.023546 0.354232 13
-0.170314 5.111893 0.381118 5
-0.174256 5.180134 0.394710 5
-0.312415 5.302456 0.447561 5
-1.792091 5.952831 0.890629 5
-1.918374 6.047806 0.935777 5
-1.882986 6.079136 0.933882 5
-1.855738 6.113864 0.934380 5
-1.751987 6.121992 0.913264 5
-1.726230 6.158617 0.914414 5
-1.643997 6.176896 0.899843 5
-1.490741 6.174056 0.865864 5
0.946362 5.762589 0.257734 5
1.075502 5.801268 0.236548 5
1.068320 5.875463 0.251653 5
1.117395 5.936002 0.251936 5
1.256795 5.977059 0.228879 5
1.420927 6.015375 0.199887 5
1.504370 6.073033 0.192060 5
1.606188 6.128525 0.179794 5
1.584329 6.208259 0.198998 5
-2.409568 -1.373479 -0.309664 8
-2.518871 -0.841368 -0.186619 8
-2.464426 -0.738935 -0.177838 8
-2.472296 -0.491466 -0.129117 8
-2.406912 -0.425519 -0.129480 8
-2.306336 -0.440702 -0.152274 8
-2.238234 -0.381699 -0.154526 8
-2.146489 -0.374502 -0.171339 8
-2.088126 -0.295952 -0.167969 8
-1.931814 -0.419031 -0.222403 8
-2.410175 0.727885 0.090660 8
-2.443385 0.957568 0.140910 8
-2.411804 1.055293 0.153191 8
-2.354138 1.101854 0.150552 8
-2.345438 1.236374 0.174352 8
-2.374052 1.432241 0.217217 8
-2.344022 1.519718 0.227815 8
-2.256095 1.507273 0.207900 8
-2.178278 1.513668 0.193564 8
-2.117966 1.549645 0.188319 8
-2.025495 1.534998 0.167044 8
-1.935474 1.526432 0.147398 8
-1.857275 1.537777 0.133876 8
-1.800161 1.581515 0.130692 8
-1.324291 1.019432 -0.070985 10
-1.204367 0.986729 -0.101239 10
-1.123074 1.010890 -0.113012 10
-1.001197 0.980913 -0.143170 10
-0.968969 1.073396 -0.132216 10
-1.416120 1.788655 0.092593 2
-1.532291 2.054406 0.166049 11
-1.523019 2.154368 0.182998 11
-1.557212 2.305326 0.218296 11
-1.529840 2.378078 0.226452 11
-1.507905 2.456061 0.236677 11
-1.477133 2.522497 0.242937 11
-1.478762 2.624658 0.262443 12
-1.487333 2.732213 0.284356 12
-1.505840 2.848046 0.309821 12
-1.478830 2.912608 0.316447 12
-1.475967 3.001541 0.332521 12
-1.449956 3.065040 0.339129 12
-1.366524 3.070225 0.323167 12
-1.376266 3.168500 0.343515 6
-1.341167 3.221495 0.346283 6
-1.383572 3.347342 0.378397 6
-1.262341 3.318590 0.348374 6
-1.275067 3.414254 0.368799 6
-1.151170 3.386503 0.338400 6
-0.850224 3.207440 0.243744 12
-0.811528 3.261329 0.245883 12
-0.724907 3.274970 0.230753 12
-0.645928 3.296360 0.218610 12
-0.654031 3.388916 0.237451 12
-0.615023 3.442754 0.239473 12
-0.523137 3.455747 0.223103 12
-0.429865 3.469304 0.206543 12
-0.416019 3.543247 0.217402 13
-0.530042 3.708998 0.271409 13
-0.547997 3.801962 0.292274 13
-0.480571 3.833961 0.284372 13
-0.570753 3.973977 0.328707 13
-0.484249 3.992763 0.314434 13
-0.523363 4.094776 0.341264 13
-0.514242 4.163964 0.352138 13
-0.481605 4.217793 0.355345 13
-0.465091 4.281411 0.363653 13
-0.427226 4.331851 0.365142 13
-0.457526 4.422120 0.387949 13
-0.400627 4.461110 0.383401 13
-0.371927 4.516444 0.387642 13
-0.345724 4.573072 0.392623 13
-0.333786 4.637153 0.401896 13
-0.292420 4.685545 0.402227 13
-0.222980 4.720059 0.394226 13
-0.201955 4.779428 0.400733 13
-0.230225 4.862291 0.421683 13
-0.271747 4.949988 0.446238 13
-0.115748 4.945928 0.413307 13
-0.018700 4.971147 0.397863 13
0.049926 5.010324 0.390818 13
-0.099624 5.142283 0.445688 5
-0.047110 5.187504 0.443048 5
-1.749717 5.931197 0.929870 5
-1.773182 5.987016 0.944839 5
-1.833840 6.055869 0.969853 5
-1.827994 6.098816 0.976415 5
-1.811738 6.137881 0.980113 5
-1.747581 6.160620 0.970941 5
-1.674747 6.181580 0.959645 5
-1.597541 6.202419 0.947414 5
1.162002 5.842434 0.310705 5
1.357279 5.869436 0.275029 5
1.240575 5.970088 0.317247 5
1.414612 6.005738 0.287501 5
1.379082 6.087317 0.309441 5
1.689374 6.100876 0.247445 5
1.878031 6.142726 0.215733 5
-2.394209 -1.124566 -0.154830 8
-2.461261 -0.717808 -0.068768 8
-2.420798 -0.587060 -0.053061 8
-2.369765 -0.485872 -0.044711 8
-2.297802 -0.435274 -0.049496 8
-2.189795 -0.464496 -0.075586 8
-2.101538 -0.448066 -0.089665 8
-1.975578 -0.509124 -0.124950 8
-1.889221 -0.484682 -0.137232 8
-2.405728 0.736290 0.181844 8
-2.399029 0.887692 0.207742 8
-2.388881 1.027095 0.230815 8
-2.340528 1.091145 0.232970 8
-2.359872 1.275924 0.269883 8
-2.323078 1.355038 0.276969 8
-2.354771 1.550100 0.318108 8
-2.308829 1.607417 0.319505 8
-2.217224 1.588656 0.298411 8
-2.149302 1.610443 0.289173 8
-2.013467 1.525991 0.247726 8
-1.903315 1.486388 0.219292 8
-1.838785 1.518940 0.212629 8
-1.403603 1.004923 0.036165 10
-1.306369 1.002434 0.016875 10
-1.199755 0.988688 -0.006255 10
-1.110115 1.000953 -0.021437 10
-1.033587 1.032459 -0.030634 10
-1.453135 1.723718 0.174560 6
-1.568391 1.992763 0.245101 11
-1.560826 2.096105 0.262136 11
-1.525086 2.161833 0.266964 11
-1.501750 2.241858 0.276756 11
-1.493230 2.338209 0.292343 11
-1.490746 2.439571 0.309995 11
-1.513186 2.567375 0.337214 11
-1.465752 2.612942 0.336146 12
-1.487398 2.734915 0.362161 12
-1.464234 2.805194 0.370221 12
-1.491439 2.928013 0.397461 12
-1.412580 2.937142 0.383756 12
-1.386676 3.001772 0.390263 12
-1.386993 3.091890 0.406420 12
-1.331225 3.125137 0.401505 6
-1.336311 3.217440 0.418973 6
-1.270953 3.241401 0.410527 2
-1.270085 3.325877 0.425432 6
-1.189399 3.336436 0.411602 6
-0.924020 3.184206 0.332756 12
-0.986495 3.325551 0.370134 2
-0.796636 3.247741 0.319265 12
-0.718058 3.268118 0.307582 12
-0.722262 3.357598 0.324347 12
-0.626205 3.364967 0.306932 12
-0.632748 3.454896 0.324226 12
-0.555084 3.478332 0.313252 12
-0.446883 3.479858 0.292417 12
-0.566168 3.651867 0.346305 13
-0.531294 3.707247 0.349354 13
-0.489780 3.757800 0.350245 13
-0.440363 3.802958 0.348630 13
-0.496053 3.919970 0.380307 13
-0.463323 3.975416 0.383773 13
-0.508564 4.081577 0.411474 13
-0.440875 4.113458 0.403917 13
-0.506829 4.229615 0.437433 13
-0.350835 4.207629 0.403051 13
0.440015 3.810280 0.177969 13
0.451552 3.887625 0.189441 13
-0.349482 4.427374 0.441786 13
-0.306033 4.474992 0.441739 13
0.435678 4.143125 0.237866 13
-0.110383 4.585901 0.423143 13
-0.064505 4.634410 0.422764 13
-0.137176 4.741834 0.456010 13
-0.084147 4.786249 0.453500 13
-0.019637 4.825876 0.447893 13
-0.031624 4.901359 0.463598 13
0.026357 4.944742 0.459927 13
0.101973 4.981215 0.451577 13
0.320050 4.958741 0.404911 13
-1.746128 5.971666 0.988505 5
-1.778621 6.030222 1.005211 5
-1.817975 6.090191 1.023509 5
-1.807659 6.131367 1.028757 5
-1.755270 6.158021 1.023198 5
-1.743151 6.198862 1.028029 5
-1.660033 6.216875 1.014920 5
-1.563643 6.232270 0.998746 5
1.624345 5.949601 0.324013 5
1.605807 6.029755 0.341738 5
1.703061 6.086586 0.332652 5
1.827132 6.140094 0.317719 5
-2.416794 -1.287785 -0.068359 8
-2.434310 -0.992820 -0.015214 8
-2.391952 -0.858152 -0.000417 8
-2.406373 -0.594247 0.046906 8
-2.317190 -0.581549 0.032290 8
-2.215767 -0.595097 0.010941 8
-2.077113 -0.687487 -0.030729 8
-2.019115 -0.601222 -0.027031 8
-1.906659 -0.630521 -0.053101 8
-1.822931 -0.598137 -0.063339 8
-2.399175 0.740408 0.271285 8
-2.401129 0.907790 0.299977 8
-2.347839 0.964799 0.299632 8
-2.354588 1.131365 0.329094 8
-2.316752 1.211720 0.335606 8
-2.332512 1.384268 0.367778 8
-2.320619 1.503169 0.385687 8
-2.265850 1.546367 0.382745 8
-2.207945 1.584114 0.378296 8
-2.129834 1.589360 0.364561 8
-2.017380 1.542023 0.335490 8
-1.940029 1.552349 0.322766 8
-1.831889 1.517567 0.296639 8
-1.756769 1.534599 0.285477 8
-1.358635 1.086686 0.135065 10
-1.232982 1.044050 0.104343 10
-1.094077 0.986744 0.068659 10
-1.029697 1.034698 0.064767 10
-0.982559 1.105552 0.067987 10
-1.493400 1.900957 0.298421 6
-1.518376 2.047275 0.327928 11
-1.449846 2.072770 0.319465 11
-1.500351 2.244599 0.358077 11
-1.496220 2.345850 0.374509 11
-1.492572 2.445390 0.390743 11
-1.465726 2.516012 0.397739 12
-1.442181 2.589306 0.405809 12
-1.418822 2.661657 0.413757 12
-1.431113 2.771573 0.434741 12
-1.434073 2.868997 0.451866 12
-1.409046 2.935166 0.458462 12
-1.373417 2.989647 0.461097 12
-1.365638 3.071639 0.473606 12
-1.295760 3.091190 0.463924 12
-1.275668 3.159673 0.471847 2
-1.148264 3.125972 0.442395 2
-1.205310 3.266065 0.476880 2
-0.999151 3.163761 0.421091 12
-0.867637 3.133701 0.391506 12
-0.829152 3.187824 0.393577 12
-0.769292 3.223516 0.388535 12
-0.730468 3.277392 0.390508 12
-0.673271 3.316066 0.386477 12
-0.602111 3.344010 0.378023 12
-0.573175 3.406168 0.383259 12
-0.522352 3.451032 0.381480 12
-0.445773 3.476732 0.371647 12
-0.353111 3.491636 0.356987 12
-0.453247 3.647989 0.402297 13
-0.423305 3.707725 0.406950 13
-0.360820 3.744565 0.401653 13
-0.286953 3.774369 0.393044 13
-0.123210 3.745305 0.357693 3
-0.112493 3.819656 0.368428 3
-0.056086 3.864083 0.365570 3
-0.020334 3.921944 0.368847 3
0.181080 3.878595 0.324080 3
0.487367 3.777074 0.249910 13
0.475856 3.868325 0.267679 13
0.469257 3.955476 0.283840 13
0.039407 4.576141 0.469935 13
0.071829 4.632802 0.473660 13
0.093127 4.694890 0.480380 13
0.185875 4.723183 0.468071 13
-1.696712 5.947585 1.026975 5
-1.786026 6.028091 1.057356 5
-1.842845 6.094337 1.079274 5
-1.741985 6.103000 1.062117 5
-1.709728 6.137156 1.062040 5
-1.683529 6.173710 1.063499 5
-1.675586 6.216400 1.069392 5
-1.563923 6.226662 1.050523 5
0.129727 5.763448 0.657575 5
1.664994 6.006210 0.415909 5
1.592087 6.096826 0.445059 5
1.769662 6.138898 0.419550 5
1.851232 6.201178 0.415275 5
-2.380293 -1.348734 0.026209 8
-2.412352 -1.017157 0.084558 8
-2.437199 -0.719416 0.136245 8
-2.386827 -0.613598 0.143770 8
-2.279111 -0.643384 0.119328 8
-2.167372 -0.678708 0.093287 8
-2.053849 -0.714173 0.066912 8
-1.946205 -0.733382 0.044203 8
-1.874799 -0.674512 0.040514 8
-1.792978 -0.637597 0.031454 8
-2.379770 0.719073 0.353857 8
-2.365032 0.854143 0.372638 8
-2.389908 1.059054 0.409741 8
-2.337555 1.114224 0.409001 8
-2.318214 1.227754 0.423555 8
-2.204900 1.172933 0.394263 8
-2.286215 1.455938 0.454092 8
-2.244613 1.521949 0.457075 8
-2.197707 1.577969 0.457516 8
-2.092964 1.540394 0.432572 8
-2.006197 1.534270 0.415909 8
-1.944604 1.568711 0.410285 8
-1.867681 1.580318 0.398256 8
-1.431187 1.064057 0.236975 10
-1.289981 0.996475 0.200713 10
-1.212133 1.022947 0.190932 10
-1.183303 1.117961 0.200965 10
-1.031520 1.044626 0.161917 10
-1.351872 1.602108 0.308894 6
-1.385832 1.767000 0.341455 6
-1.338717 1.823903 0.342139 6
-1.498606 2.138476 0.421356 11
-1.501937 2.250961 0.440039 11
-1.482136 2.333009 0.449696 11
-1.471110 2.423841 0.462347 11
-1.392054 2.434536 0.449936 11
-1.433783 2.582797 0.481294 12
-1.409745 2.654258 0.488531 12
-1.433977 2.776982 0.512667 12
-1.373535 2.806648 0.506683 12
-1.375963 2.902396 0.522595 12
-1.406441 3.024802 0.547824 12
-1.345615 3.052728 0.541522 12
-1.274190 3.070895 0.531764 12
-1.216911 3.103734 0.526909 12
-1.152974 3.130794 0.519944 12
-1.062394 3.133958 0.504382 12
-0.981717 3.147823 0.492325 12
-0.853863 3.121076 0.465313 12
-0.841339 3.197822 0.475583 12
-0.756835 3.212005 0.462932 12
-0.702897 3.253198 0.460102 12
-0.629332 3.278662 0.451247 12
-0.620293 3.357048 0.462445 12
-0.565007 3.397922 0.459357 12
-0.568216 3.484409 0.474063 12
-0.428153 3.461126 0.445544 12
-0.383602 3.511713 0.445972 12
-0.285114 3.523275 0.430512 13
-0.376881 3.671847 0.471042 13
-0.254746 3.667630 0.448850 13
-0.177661 3.696559 0.440041 13
-0.112257 3.734393 0.434761 3
-0.082031 3.795973 0.439582 3
-0.050327 3.856397 0.443965 3
0.042393 3.878523 0.431333 4
0.095002 3.926709 0.430050 4
-1.740805 5.913252 1.081029 5
-1.713421 5.949180 1.082282 5
-1.681278 5.983551 1.082452 5
-1.769519 6.062495 1.111067 5
-1.737559 6.096310 1.111190 5
-1.688496 6.124590 1.107415 5
-1.643000 6.154811 1.104594 5
-1.647633 6.201916 1.113339 5
-1.512608 6.204947 1.090387 5
0.136930 5.753245 0.727553 5
0.142762 5.815198 0.737011 5
1.683926 5.990919 0.499505 5
1.624970 6.078937 0.524728 5
1.694136 6.141326 0.523389 5
1.709013 6.214458 0.533303 5
-2.394820 -1.278670 0.150345 8
-2.379035 -1.069709 0.178342 8
-2.393985 -0.795854 0.221438 8
-2.360879 -0.647999 0.237367 8
-2.221934 -0.748714 0.197708 8
-2.152873 -0.686227 0.194657 8
-2.054449 -0.688880 0.176767 8
-1.924234 -0.756871 0.143576 8
-1.827880 -0.749494 0.127589 8
-1.757345 -0.688395 0.124168 8
-1.723687 -0.555631 0.137936 8
-2.317521 0.778751 0.441115 8
-2.350636 1.000171 0.479893 8
-2.326898 1.108789 0.491886 8
-2.311374 1.228796 0.507041 8
-2.365885 1.467609 0.552234 8
-2.283413 1.462923 0.537073 8
-2.264996 1.567223 0.549435 8
-2.184399 1.566775 0.535274 8
-2.080798 1.531108 0.511842 8
-1.982212 1.506445 0.490953 8
-1.871492 1.465870 0.465582 8
-1.835782 1.541256 0.470691 8
-1.401262 1.029207 0.318242 10
-1.353103 1.096050 0.319945 10
-1.199548 1.013505 0.280907 10
-1.138076 1.063296 0.277778 10
-0.961709 0.957671 0.231356 10
-1.380521 1.646442 0.407717 6
-1.337290 1.709874 0.409861 6
-1.440219 1.958394 0.465216 11
-1.469135 2.106571 0.492653 11
-1.452312 2.194759 0.503148 11
-1.528672 2.392720 0.546326 11
-1.499852 2.461204 0.551807 11
-1.417065 2.466636 0.538469 11
-1.373835 2.518167 0.538939 12
-1.395712 2.641377 0.561483 12
-1.385461 2.726703 0.572778 12
-1.366392 2.801066 0.580910 12
-1.316797 2.842474 0.578820 12
-1.358093 2.976831 0.606447 12
-1.370228 3.078511 0.624124 12
-1.270963 3.068611 0.605776 12
-1.218064 3.105470 0.602496 12
-1.221869 3.196182 0.617126 12
-1.053324 3.125691 0.577770 12
-0.988348 3.153714 0.571138 12
-0.909410 3.170093 0.560367 12
-0.815947 3.175068 0.545401 12
-0.759449 3.213372 0.541842 12
-0.732238 3.276667 0.547107 12
-0.583336 3.239553 0.516338 12
-0.552292 3.300766 0.520672 12
-0.552873 3.386551 0.534155 12
-0.430876 3.376294 0.512138 12
-0.365300 3.411279 0.506650 12
-0.318268 3.460771 0.506550 12
-0.250189 3.495167 0.500589 12
-0.165338 3.518464 0.490107 12
-0.130328 3.577809 0.493615 13
-0.093259 3.635613 0.496557 13
-0.063369 3.698151 0.501457 3
-0.064799 3.780915 0.514774 3
0.022058 3.806101 0.504350 3
0.069025 3.857622 0.504730 1
1.459806 3.086617 0.152018 12
-1.711512 5.943557 1.132736 5
-1.690982 5.982235 1.135703 5
-1.791688 6.065689 1.165794 5
-1.766541 6.101572 1.167574 5
-1.719427 6.130067 1.164571 5
-1.664994 6.156811 1.160099 5
-1.586134 6.176488 1.150498 5
-1.450630 6.179771 1.128986 5
0.085759 5.760760 0.809837 5
0.167954 5.799699 0.802915 5
1.687053 5.978933 0.586319 5
1.634361 6.065684 0.609417 5
1.658167 6.136529 0.617474 5
1.716648 6.201308 0.618916 5
-2.399897 -1.491471 0.232035 8
-2.310953 -1.460298 0.220740 8
-2.349464 -1.112706 0.275022 8
-2.392763 -0.770573 0.329428 8
-2.331081 -0.691311 0.329574 8
-2.217498 -0.732939 0.304155 8
-2.141657 -0.686483 0.297410 8
-2.036398 -0.704280 0.276775 8
-1.927577 -0.726779 0.254912 8
-1.802996 -0.778712 0.226312 8
-1.767140 -0.647599 0.238258 8
-1.688118 -0.605552 0.230527 8
-2.336889 0.831884 0.540468 8
-2.288857 0.899355 0.541619 8
-2.316128 1.103119 0.574543 8
-2.263776 1.156931 0.573120 8
-2.300993 1.366433 0.608587 8
-2.259312 1.433458 0.610867 8
-2.203206 1.475028 0.607183 8
-2.150478 1.521903 0.604837 8
-2.073224 1.529152 0.592843 8
-1.949118 1.464421 0.562915 8
-1.886761 1.498610 0.557253 8
-1.805269 1.504349 0.544417 8
-1.424137 1.071887 0.419857 10
-1.305520 1.036269 0.395053 10
-1.224537 1.056923 0.384488 10
-1.110071 1.032465 0.362010 10
-1.011415 1.032253 0.345618 10
-0.924425 1.049418 0.333653 10
-0.856848 1.093018 0.328682 10
-0.852474 1.217137 0.345626 10
-1.450406 2.088074 0.568232 11
-1.377092 2.107403 0.558944 11
-1.408253 2.252658 0.584834 11
-1.393906 2.340599 0.595086 11
-1.452600 2.510773 0.629107 11
-1.398970 2.549462 0.625919 11
-1.360272 2.604851 0.627595 12
-1.360063 2.701499 0.641507 12
-1.306577 2.739549 0.638326 12
-1.373256 2.902972 0.672798 12
-1.345864 2.965756 0.677476 12
-1.347903 3.057292 0.691110 12
-1.296909 3.094955 0.688373 12
-1.283862 3.169415 0.697137 12
-1.157538 3.135846 0.671931 12
-1.044604 3.117748 0.651163 12
-0.875471 3.051201 0.614308 12
-0.842731 3.110424 0.617779 12
-0.782885 3.145625 0.613409 12
-0.738801 3.194863 0.613648 12
-0.643790 3.201470 0.599503 12
-0.581406 3.236613 0.594797 12
-0.580753 3.322088 0.607383 12
-0.496461 3.340255 0.596731 12
-0.453813 3.391969 0.597692 12
-0.366934 3.410229 0.586696 12
-0.324520 3.462899 0.587889 12
-0.225806 3.474700 0.574111 12
-0.120801 3.483772 0.558959 12
-0.013257 3.492986 0.543455 12
-0.037830 3.594363 0.562608 13
0.007440 3.647211 0.563509 13
0.164891 3.626837 0.535794 13
0.088869 3.759292 0.567783 3
1.221960 3.130939 0.295401 12
1.365577 3.138943 0.274246 12
-1.678278 5.972427 1.183743 5
-1.650325 6.008488 1.185230 5
-1.622335 6.044802 1.186767 5
-1.683410 6.112359 1.206875 5
-1.618520 6.135823 1.200775 5
-1.596584 6.174380 1.203643 5
-1.421794 6.164903 1.175584 5
0.009604 5.776053 0.895656 5
0.182798 5.787204 0.871211 5
0.141001 5.862572 0.889773 5
1.651386 5.975178 0.680089 5
1.657482 6.049681 0.691483 5
1.598130 6.136487 0.714803 5
1.639505 6.203538 0.719706 5
-2.354647 -1.575583 0.325391 8
-2.324217 -1.393769 0.343114 8
-2.349062 -1.083404 0.386508 8
-2.336019 -0.879046 0.410123 8
-2.309355 -0.715539 0.426309 8
-2.186732 -0.777339 0.397789 8
-2.076019 -0.807606 0.375319 8
-2.003025 -0.752813 0.370039 8
-1.887503 -0.788494 0.346162 8
-1.804518 -0.753530 0.336772 8
-1.725738 -0.709842 0.329241 8
-1.726272 -0.510869 0.354803 8
-2.262035 0.704484 0.599378 8
-2.249046 0.839982 0.614640 8
-2.320078 1.124292 0.662932 8
-2.276415 1.192764 0.664588 8
-2.230660 1.256130 0.665276 8
-2.253208 1.434743 0.692078 8
-2.214136 1.504379 0.694739 8
-2.133715 1.505134 0.681762 8
-2.064626 1.525532 0.673214 8
-1.985493 1.530985 0.661125 8
-1.908150 1.540570 0.649900 8
-1.809156 1.518996 0.631144 8
-1.756688 1.568154 0.629174 8
-1.304076 1.042816 0.487609 10
-1.184929 1.009421 0.464179 10
-1.094802 1.019210 0.451114 10
-1.000260 1.024556 0.436797 10
-0.883586 1.002370 0.415359 10
-0.842006 1.080270 0.419142 10
-0.838282 1.205086 0.435188 10
-1.379250 2.004385 0.627074 11
-1.346816 2.074963 0.631432 11
-1.373822 2.215549 0.654525 11
-1.392042 2.342082 0.674391 11
-1.403586 2.457735 0.691782 11
-1.405294 2.559525 0.705803 12
-1.358636 2.605674 0.704818 12
-1.266702 2.602737 0.690192 12
-1.341865 2.779018 0.725793 12
-1.344283 2.874502 0.739196 12
-1.324459 2.945317 0.745837 12
-1.271631 2.982091 0.742780 12
-1.306833 3.105565 0.765142 12
-1.174742 3.065028 0.739392 12
-1.073557 3.056979 0.722869 12
-0.953826 3.033889 0.701475 12
-0.873817 3.049575 0.691522 12
-0.832710 3.101137 0.692483 12
-0.785466 3.147255 0.691790 12
-0.877176 3.312291 0.728713 2
-0.596293 3.160559 0.665185 12
-0.583234 3.236765 0.673952 12
-0.498431 3.254237 0.663722 12
-0.463800 3.312672 0.666817 12
-0.398833 3.347416 0.662061 12
-0.386290 3.422620 0.670894 12
-0.185780 3.357392 0.631811 12
-0.164139 3.427103 0.638577 12
-0.047609 3.428631 0.621558 12
0.157214 3.370784 0.582995 12
0.168730 3.449790 0.592696 12
0.293228 3.452365 0.574756 12
0.710647 3.265460 0.486358 12
0.849332 3.267734 0.466365 2
0.973872 3.281535 0.450160 2
1.489312 3.057651 0.342138 12
-1.728174 5.986524 1.244491 5
-1.653306 6.004509 1.236673 5
-1.628508 6.041821 1.238968 5
-1.636237 6.090687 1.247685 5
-1.621662 6.131513 1.252017 5
-1.557086 6.155968 1.246748 5
-1.521021 6.190527 1.247108 5
0.133873 5.730253 0.941537 5
0.052526 5.817562 0.966801 5
0.221588 5.831438 0.945261 5
0.296259 5.874383 0.941626 5
1.643086 5.965743 0.767977 5
1.590763 6.051863 0.789286 5
1.611828 6.122456 0.797868 5
1.661273 6.187971 0.801702 5
-2.424809 -1.106602 0.503484 8
-2.357758 -1.031986 0.501007 8
-2.325901 -0.875149 0.513917 8
-2.279948 -0.757612 0.520001 8
-2.191780 -0.740196 0.507573 8
-2.088010 -0.756300 0.488742 8
-1.987417 -0.762823 0.471600 8
-1.865942 -0.811007 0.446246 8
-1.781827 -0.778227 0.436485 8
-1.717696 -0.705047 0.434751 8
-1.677432 -0.586721 0.442225 8
-2.284242 0.762853 0.698799 8
-2.331344 1.008443 0.735393 8
-2.274027 1.054262 0.731712 8
-2.221574 1.108290 0.729823 8
-2.227084 1.262390 0.749071 8
-2.237738 1.420048 0.769597 8
-2.194208 1.482228 0.770216 8
-2.084742 1.435943 0.747525 8
-2.010778 1.449801 0.737658 8
-1.961521 1.503212 0.736452 8
-1.867684 1.487965 0.720064 8
-1.736095 1.418588 0.691313 8
-1.712587 1.511908 0.699058 8
-1.258132 0.985549 0.565034 10
-1.162733 0.986447 0.550550 10
-1.008514 0.908309 0.517437 10
-0.965738 0.985370 0.520425 10
-0.875150 0.998170 0.508279 10
-0.825766 1.065715 0.509187 10
-0.762291 1.114686 0.505713 10
-1.385124 2.016545 0.711590 11
-1.398553 2.142457 0.729337 11
-1.370917 2.216128 0.734450 11
-1.347049 2.293058 0.740574 11
-1.331700 2.378501 0.749075 11
-1.304675 2.449217 0.754028 11
-1.337582 2.585058 0.776119 12
-1.270776 2.609485 0.769414 12
-1.359207 2.799406 0.806627 12
-1.323361 2.854423 0.808442 12
-1.246846 2.867539 0.798985 12
-1.211393 2.922965 0.800985 12
-1.207220 3.008697 0.811474 12
-1.174099 3.065032 0.814006 12
-1.127759 3.108490 0.812996 12
-1.014488 3.090135 0.794339 12
-0.950244 3.118778 0.788899 12
-0.846137 3.112706 0.773240 12
-0.802060 3.161109 0.773356 12
-0.870850 3.306048 0.802319 2
-0.789231 3.321169 0.792776 2
-0.652265 3.292145 0.769569 2
-0.549749 3.293985 0.755381 2
-0.441111 3.292946 0.739987 12
-0.360144 3.315434 0.731678 12
-0.266303 3.329387 0.720457 12
-0.145869 3.325192 0.703108 12
-0.087676 3.368687 0.700945 12
-0.022837 3.407949 0.697323 12
0.125775 3.389411 0.674232 12
0.296896 3.358602 0.646389 12
0.472522 3.328495 0.618065 12
0.779884 3.215805 0.560253 2
0.785700 3.304014 0.571730 2
0.844369 3.358028 0.571259 2
0.979132 3.365743 0.553973 6
-1.640063 5.994517 1.284838 5
-1.654258 6.045944 1.294483 5
-1.624100 6.081185 1.295901 5
-1.540849 6.098734 1.287724 5
-1.531277 6.141971 1.293099 5
-1.533331 6.188796 1.300563 5
-1.404858 6.195166 1.284867 5
0.089469 5.798679 1.029732 5
0.083117 5.862811 1.040522 5
0.042989 5.935755 1.057092 5
0.309448 5.926139 1.021172 5
0.331658 5.983989 1.027400 5
1.613748 5.960877 0.858825 5
1.604512 6.037844 0.872332 5
1.623583 6.108796 0.881289 5
1.580693 6.191234 0.900079 5
-2.299225 -1.392468 0.559831 8
-2.318733 -1.098141 0.593899 8
-2.314577 -0.874239 0.616816 8
-2.272361 -0.748757 0.623320 8
-2.195996 -0.705237 0.615772 8
-2.088775 -0.730136 0.596129 8
-1.972565 -0.771218 0.573407 8
-1.875140 -0.768944 0.558329 8
-1.790332 -0.739023 0.548250 8
-1.688404 -0.742770 0.531949 8
-1.634215 -0.651301 0.533382 8
-2.274072 0.759263 0.784748 8
-2.252668 0.876718 0.794175 8
-2.253204 1.030341 0.810954 8
-2.284757 1.233777 0.837956 8
-2.215626 1.254898 0.829742 8
-2.226498 1.412557 0.848689 8
-2.167653 1.449115 0.843827 8
-2.132727 1.524550 0.846905 8
-2.047898 1.518973 0.833580 8
-1.979464 1.540746 0.825789 8
-1.824648 1.431573 0.790601 8
-1.698586 1.371490 0.765214 8
-1.288424 0.900456 0.651818 10
-1.223602 0.944737 0.647291 10
-1.126698 0.944102 0.633044 10
-1.052623 0.976726 0.625956 10
-0.976368 1.007007 0.618340 10
-0.872622 1.001744 0.602739 10
-0.866357 1.124610 0.615945 10
-0.788806 1.154271 0.608239 10
-1.359327 1.989346 0.786377 11
-1.388769 2.134948 0.807478 11
-1.368457 2.217220 0.814189 11
-1.340827 2.289445 0.818738 11
-1.276360 2.318334 0.813060 11
-1.309181 2.457259 0.834048 11
-0.832106 2.030203 0.716841 11
-1.235313 2.573458 0.837538 12
-1.199579 2.632084 0.839583 12
-1.145783 2.671422 0.836867 12
-1.257394 2.879720 0.877294 12
-1.221543 2.934269 0.878970 12
-1.208823 3.011148 0.886560 12
-1.194655 3.085427 0.893681 12
-1.120987 3.102471 0.885774 12
-1.008749 3.084949 0.868453 12
-0.978311 3.144116 0.871653 12
-0.855065 3.120277 0.852160 2
-0.900428 3.246294 0.873905 2
-0.882125 3.314858 0.880033 2
-0.788621 3.319589 0.868208 2
-0.680338 3.313900 0.853159 2
-0.601542 3.334152 0.845328 2
-0.462564 3.308076 0.823741 2
-0.339504 3.297403 0.806253 12
-0.174079 3.257126 0.779483 12
-0.093670 3.283831 0.772455 12
0.062095 3.256816 0.748749 12
0.114066 3.307245 0.748578 12
0.201913 3.332899 0.740599 12
0.503636 3.213494 0.686167 12
0.678234 3.186710 0.660269 2
0.718107 3.252055 0.663817 2
0.791267 3.295943 0.660329 2
0.941304 3.292348 0.640798 6
0.988132 3.355183 0.643291 6
1.045608 3.411749 0.643650 6
-1.433756 5.912422 1.299360 5
-1.560899 6.006981 1.328560 5
-1.565138 6.055211 1.336205 5
-1.540400 6.093144 1.338885 5
-1.533775 6.137263 1.344682 5
-1.460543 6.159949 1.339357 5
-1.388526 6.184263 1.334453 5
0.151558 5.772226 1.089203 5
0.061189 5.861068 1.113423 5
0.055208 5.924265 1.123781 5
0.233841 5.937728 1.104738 5
0.344665 5.971925 1.096932 5
1.616521 5.949200 0.943897 5
1.500151 6.048121 0.973116 5
1.522325 6.117259 0.981461 5
1.577612 6.180377 0.985030 5
1.626459 6.245428 0.989712 5
-2.322253 -1.302604 0.681744 8
-2.279624 -1.164124 0.688158 8
-2.344744 -0.774637 0.735263 8
-2.295263 -0.669364 0.737603 8
-2.181708 -0.712326 0.715960 8
-2.088147 -0.707251 0.702064 8
-2.016766 -0.652972 0.696365 8
-1.933379 -0.624587 0.686410 8
-1.795179 -0.707545 0.657437 8
-1.699850 -0.699212 0.643875 8
-2.289818 0.643495 0.863431 8
-2.281988 0.789998 0.876614 8
-2.239370 0.866860 0.877841 8
-2.217084 0.978742 0.885591 8
-2.172699 1.048058 0.885930 8
-2.178801 1.203435 0.902287 8
-2.155393 1.303581 0.908883 8
-1.674546 0.642420 0.772793 8
-2.123929 1.520688 0.926160 8
-2.068489 1.561643 0.922340 8
-1.901967 1.429796 0.885132 8
-1.780838 1.374146 0.862217 8
-1.729445 1.426365 0.860292 8
-1.268565 0.880599 0.739143 10
-1.177059 0.886836 0.726953 10
-1.081992 0.889697 0.713978 10
-0.951537 0.845785 0.691269 10
-0.890803 0.899270 0.688478 10
-0.852310 0.981863 0.691878 10
-0.722175 0.944819 0.670131 10
-0.626980 0.955426 0.658279 10
-0.768731 1.261551 0.710213 10
-0.710111 1.314010 0.707925 10
-1.289164 2.126689 0.873415 11
-1.286347 2.229409 0.884168 11
-1.295295 2.343374 0.897769 11
-1.269810 2.415962 0.902332 11
-0.858051 2.061698 0.809026 11
-0.739023 2.039312 0.790912 11
-1.136270 2.567002 0.901474 12
-1.151955 2.679584 0.916081 12
-1.168154 2.790142 0.930581 12
-1.178096 2.891966 0.943343 12
-1.093124 2.898554 0.933172 12
-1.087718 2.983187 0.942119 12
-1.101903 3.084838 0.955562 12
-1.057154 3.129851 0.955067 12
-0.911793 3.083651 0.931372 12
-0.899280 3.159243 0.938587 2
-0.824352 3.179332 0.931556 2
-0.899920 3.329253 0.958585 2
-0.775176 3.307248 0.940506 6
-0.735569 3.358004 0.941636 6
-0.668331 3.386442 0.936754 6
-0.496508 3.333095 0.909296 2
-0.459018 3.387905 0.911330 2
-0.176724 3.256804 0.861119 12
-0.066384 3.260964 0.848267 12
0.138719 3.198120 0.815834 12
0.343367 3.140434 0.784147 12
0.404183 3.188089 0.782773 12
0.514353 3.202450 0.771432 12
0.759064 3.128471 0.733120 2
0.740008 3.233430 0.748583 2
0.782809 3.296897 0.751571 2
0.835389 3.354232 0.752693 2
0.915188 3.395101 0.748588 6
0.963253 3.456133 0.750836 6
1.056017 3.491015 0.744575 6
-1.413135 5.850407 1.341999 5
-1.382569 5.887950 1.343992 5
-1.538699 5.993679 1.376224 5
-1.532265 6.038308 1.381947 5
-1.534603 6.085740 1.389067 5
-1.500641 6.120776 1.390476 5
-1.422910 6.142196 1.385184 5
-1.388940 6.178523 1.386854 5
-1.333192 6.208747 1.385308 5
0.036852 5.860103 1.185986 5
0.119042 5.898387 1.182877 5
0.173008 5.945589 1.184181 5
0.233368 5.991908 1.184716 5
1.598350 5.942095 1.031736 5
1.424115 6.052869 1.067382 5
1.446614 6.121019 1.075616 5
1.552198 6.173743 1.072708 5
1.597512 6.238962 1.078189 5
-2.240872 -1.475111 0.763252 8
-2.266321 -1.166811 0.793049 8
-2.266713 -0.932464 0.812895 8
-2.210403 -0.839496 0.812298 8
-2.251000 -0.531322 0.844620 8
-2.111729 -0.631450 0.815318 8
-2.010175 -0.644075 0.799196 8
-1.919024 -0.632501 0.786775 8
-1.779368 -0.718333 0.758887 8
-2.284110 0.482271 0.936947 8
-2.216150 0.517102 0.930159 8
-2.231045 0.709010 0.949180 8
-2.263397 0.926123 0.972997 8
-2.202889 0.967004 0.968017 8
-2.162675 1.043574 0.969161 8
-2.115803 1.106861 0.968244 8
-2.181039 1.358685 1.000078 8
-2.188067 1.504859 1.014304 8
-2.082090 1.463296 0.995858 8
-1.951481 1.386014 0.970815 8
-1.840828 1.344553 0.951864 8
-1.751975 1.339578 0.939320 8
-1.668282 1.344147 0.928427 8
-1.672859 1.478837 0.941650 8
-1.131845 0.830958 0.808333 10
-1.045901 0.847450 0.798468 10
-0.934732 0.830608 0.782167 10
-0.888748 0.903878 0.783135 10
-0.705504 0.795552 0.748751 10
-0.673093 0.888020 0.753491 10
-0.659690 1.002879 0.762944 10
-0.595457 1.052236 0.759522 10
-0.568452 1.146907 0.765398 10
-0.626066 1.340726 0.791933 10
-1.229588 2.166782 0.950600 11
-1.122278 2.148476 0.935272 11
-1.187562 2.326535 0.961402 11
-1.154280 2.390925 0.963800 11
-1.167749 2.505113 0.977128 11
-1.150993 2.584655 0.983240 11
-0.975499 2.497931 0.952804 12
-1.105054 2.727258 0.992422 12
-1.099665 2.814704 1.000922 12
-1.033951 2.841425 0.995826 12
-1.017390 2.916180 1.001764 12
-1.087268 3.071403 1.026637 12
-0.995080 3.072551 1.015838 12
-0.970887 3.137138 1.019960 12
-0.848596 3.113787 1.003086 6
-0.885665 3.232219 1.020357 6
-0.893852 3.323241 1.031321 2
-0.830024 3.352194 1.027158 2
-0.803093 3.412250 1.030757 6
-0.736096 3.439564 1.026164 6
-0.704405 3.495646 1.028889 6
-0.460163 3.386789 0.988901 2
-0.169767 3.249200 0.940493 12
-0.045191 3.242615 0.925783 12
0.082626 3.236149 0.910789 12
0.277425 3.184364 0.883152 2
0.490183 3.124458 0.852645 12
0.606667 3.135457 0.841147 12
0.749735 3.130688 0.824938 2
0.807281 3.184956 0.825161 2
0.859936 3.242780 0.826412 2
0.866903 3.329677 0.836179 6
0.947930 3.369964 0.832389 6
1.020757 3.416264 0.830284 6
1.196784 3.402491 0.809859 6
-1.345431 5.868649 1.391838 5
-1.371943 5.927598 1.402660 5
-1.471793 6.011567 1.424253 5
-1.524408 6.076825 1.438613 5
-1.520832 6.121947 1.444658 5
-1.449160 6.144919 1.440936 5
-1.390033 6.173010 1.439211 5
-1.350481 6.207936 1.440414 5
0.098140 5.834367 1.245914 5
0.104659 5.894247 1.254036 5
0.163897 5.939695 1.255013 5
0.185816 5.995695 1.261192 5
0.220259 6.048692 1.265778 5
1.545886 5.942573 1.123356 5
1.443717 6.037903 1.147592 5
1.250072 6.149057 1.182992 5
1.546222 6.163542 1.157206 5
1.559741 6.234192 1.166891 5
-2.198780 -1.548346 0.861874 8
-2.215965 -1.259560 0.885681 8
-2.252742 -0.937824 0.914902 8
-2.233538 -0.759891 0.925342 8
-2.226996 -0.560806 0.939293 8
-2.105149 -0.622110 0.917119 8
-2.089689 -0.451630 0.927809 8
-2.005341 -0.430966 0.917384 8
-1.875928 -0.500957 0.893736 8
-2.284363 0.500300 1.028198 8
-2.220077 0.541467 1.022422 8
-2.184872 0.637379 1.025021 8
-2.245826 0.908238 1.054657 8
-2.209335 0.992558 1.056322 8
-2.207173 1.135338 1.067368 8
-2.149735 1.177990 1.063025 8
-2.126112 1.277482 1.067862 8
-2.165335 1.478116 1.089330 8
-2.019814 1.373029 1.061512 8
-1.910859 1.331832 1.043810 8
-1.826730 1.332437 1.032875 8
-1.775517 1.384591 1.030568 8
-1.657965 1.337684 1.011494 8
-1.210750 0.814642 0.910166 10
-1.076596 0.760898 0.888546 10
-1.045716 0.855434 0.892723 10
-0.874035 0.755374 0.862568 10
-0.773272 0.756336 0.850090 10
-0.681642 0.771223 0.840041 10
-0.593909 0.792528 0.831119 10
-0.512612 0.823134 0.823891 10
-0.463323 0.894210 0.824242 10
-0.490784 1.057754 0.842237 10
-0.465379 1.154058 0.847902 10
-1.139959 2.065857 1.011268 11
-1.118476 2.147542 1.016222 11
-1.142096 2.278500 1.031102 11
-1.196117 2.439679 1.052415 11
-1.074042 2.406259 1.035122 11
-1.040313 2.469454 1.037206 11
-0.990006 2.514798 1.035763 11
-1.075836 2.698935 1.063185 12
-0.984608 2.700869 1.053061 12
-1.018703 2.827378 1.069204 12
-1.005331 2.905218 1.075345 12
-0.955381 2.947384 1.073973 12
-0.870512 2.957447 1.065624 6
-0.900416 3.073083 1.080496 12
-0.935847 3.191052 1.096272 12
-0.889780 3.235214 1.095788 6
-0.864563 3.297360 1.099454 6
-0.886480 3.398515 1.112250 6
-0.809175 3.415986 1.105866 6
-0.779037 3.472707 1.108639 6
-0.642606 3.445068 1.091414 6
-0.395484 3.334654 1.053900 2
-0.034252 3.143915 0.996011 12
0.044346 3.173360 0.991103 2
0.067367 3.244442 0.996494 2
0.028101 3.359501 1.013122 2
0.263175 3.280025 0.980552 2
0.647688 3.103567 0.922215 12
0.789918 3.099649 0.907554 12
0.847311 3.154339 0.908038 12
0.945363 3.183223 0.901638 6
0.935653 3.281600 0.913894 2
1.006335 3.328947 0.912465 2
1.188700 3.309596 0.892481 6
-1.270504 5.934673 1.448692 5
-1.482060 6.056823 1.483950 5
-1.477681 6.102042 1.489806 5
-1.460201 6.142808 1.493950 5
-1.407287 6.172564 1.493532 5
-1.315891 6.191513 1.488316 5
-1.332491 6.243577 1.497130 5
0.137609 5.876851 1.318751 5
0.162989 5.931622 1.324463 5
0.117803 6.004968 1.338936 5
0.228755 6.037946 1.334327 5
1.460287 5.950528 1.217477 5
1.212708 6.075599 1.257005 5
1.140773 6.160235 1.275799 5
1.310729 6.197089 1.267202 5
-2.143826 -1.404483 0.973967 8
-2.254388 -0.906383 1.021423 8
-2.221568 -0.761430 1.026074 8
-2.227228 -0.535935 1.041424 8
-2.221531 -0.344701 1.053064 8
-2.097711 -0.412351 1.031509 8
-2.074731 -0.265667 1.038031 8
-2.110509 -0.005217 1.060217 8
-2.184270 0.319802 1.091957 8
-2.164567 0.450911 1.098159 8
-2.151025 0.589294 1.105765 8
-2.201993 0.841987 1.129821 8
-2.123496 0.851674 1.120190 8
-2.175381 1.092285 1.143698 8
-2.193349 1.265504 1.158177 8
-2.149984 1.329389 1.157134 8
-2.055144 1.307190 1.143479 8
-1.985512 1.328202 1.136193 8
-1.870478 1.278184 1.118146 8
-1.783811 1.275754 1.107186 8
-1.704101 1.285606 1.098072 8
-1.193984 0.658169 0.988928 10
-1.156773 0.745332 0.990939 10
-1.048305 0.729378 0.976647 10
-0.863434 0.609362 0.945360 10
-0.795634 0.656098 0.940901 10
-0.683908 0.644084 0.926797 10
-0.582015 0.647436 0.915139 10
-0.511646 0.693243 0.910587 10
-0.455973 0.757834 0.909318 10
-0.423159 0.850236 0.912991 10
-0.392832 0.944121 0.917161 10
-0.379539 1.056694 0.924870 10
-0.875453 1.761043 1.038372 6
-1.140524 2.176173 1.102307 11
-1.099713 2.233970 1.102671 11
-1.060958 2.293581 1.103492 11
-1.086375 2.421959 1.117219 11
-1.022932 2.453128 1.113088 11
-1.030719 2.558864 1.123120 12
-0.947391 2.569538 1.115237 12
-0.921278 2.638774 1.118628 12
-0.899442 2.711382 1.122842 6
-0.965619 2.867671 1.143786 12
-0.944434 2.937437 1.147960 12
-0.905243 2.989698 1.148765 12
-0.799166 2.981102 1.137239 6
-0.852111 3.116183 1.155184 6
-0.838437 3.189814 1.160768 6
-0.861366 3.293803 1.172934 6
-0.889884 3.400337 1.185965 6
-0.813517 3.418297 1.180264 6
-0.724367 3.427115 1.172503 6
-0.673658 3.467910 1.171659 6
-0.099041 3.102729 1.080538 12
-0.005805 3.119924 1.073442 2
-0.006827 3.208881 1.082552 2
-0.042436 3.321798 1.097417 2
0.087728 3.313823 1.084540 2
0.288304 3.259073 1.060400 2
0.341342 3.310221 1.060927 2
0.801072 3.088102 0.995721 12
0.998954 3.050147 0.973850 12
1.101392 3.078018 0.967695 12
-1.342121 6.002991 1.518181 5
-1.387724 6.066360 1.530177 5
-1.455364 6.135586 1.544696 5
-1.368644 6.154631 1.540714 5
-1.312538 6.184488 1.540579 5
-1.268187 6.218668 1.541979 5
0.215077 5.846799 1.379004 5
0.129678 5.932393 1.397415 5
0.123248 5.995193 1.406798 5
0.094124 6.063253 1.418678 5
0.263682 6.082363 1.408934 5
0.925933 6.058263 1.356883 5
0.894255 6.132521 1.370134 5
1.000921 6.177930 1.369122 5
-2.173949 -1.301692 1.092940 8
-2.209353 -0.984872 1.114714 8
-2.240947 -0.691248 1.134832 8
-2.176022 -0.625982 1.129565 8
-2.210852 -0.345230 1.149637 8
-2.166563 -0.244302 1.149311 8
-2.209531 0.034083 1.170543 8
-2.218071 0.231378 1.182788 8
-2.188812 0.346537 1.185538 8
-2.176966 0.491577 1.192350 8
-2.198036 0.693594 1.206775 8
-2.194404 0.842672 1.215058 8
-2.178495 0.964624 1.220283 8
-2.145268 1.052334 1.221391 8
-2.160636 1.221382 1.233509 8
-2.123400 1.296187 1.233518 8
-2.034471 1.284240 1.221984 8
-1.964533 1.304979 1.214860 8
-1.814835 1.200616 1.190427 8
-1.751066 1.234942 1.185071 8
-1.705693 1.297327 1.183766 8
-1.131672 0.575628 1.070150 10
-0.978618 0.495977 1.047291 10
-0.902815 0.531279 1.040983 10
-0.794501 0.521797 1.028093 10
-0.742262 0.591207 1.026944 10
-0.544808 0.465502 0.996380 10
-0.424270 0.447650 0.981866 10
-0.315766 0.448026 0.970048 10
-0.261488 0.518843 0.969190 10
-0.216163 0.600081 0.970146 10
-0.185924 0.698579 0.974059 10
-0.154979 0.794560 0.977821 10
-0.921526 1.818721 1.133547 6
-1.009635 2.029891 1.158443 11
-0.972494 2.094342 1.159505 11
-0.907300 2.127276 1.155397 11
-0.950346 2.277558 1.171333 11
-0.927168 2.353852 1.174974 11
-0.953830 2.480800 1.187625 11
-0.890956 2.513552 1.184076 11
-0.887908 2.606637 1.191283 6
-0.832636 2.646834 1.189239 6
-0.914022 2.818707 1.211155 12
-0.883802 2.880640 1.213454 12
-0.826850 2.917312 1.211205 12
-0.846406 3.023836 1.222080 12
-0.789299 3.059923 1.219928 6
-0.822526 3.175329 1.232984 6
-0.813319 3.251855 1.238871 6
-0.786383 3.312421 1.241833 6
-0.802972 3.408358 1.251910 6
-0.632678 3.351613 1.231781 6
-0.535313 3.356709 1.223755 2
-0.085365 3.089999 1.160164 12
-0.071993 3.167899 1.166305 2
0.012427 3.191944 1.161405 2
0.013117 3.278435 1.169607 2
0.084886 3.312825 1.166934 2
0.153582 3.350262 1.164898 6
0.215239 3.393338 1.164081 6
0.833351 3.062326 1.080839 12
0.982427 3.056676 1.068243 12
-1.286342 5.978017 1.564972 5
-1.403067 6.065867 1.584128 5
-1.353948 6.096908 1.584994 5
-1.278065 6.120240 1.583147 5
-1.224646 6.151704 1.583901 5
-1.211751 6.195912 1.589046 5
-1.206769 6.242348 1.595058 5
0.167655 5.913755 1.462255 5
0.088111 5.996111 1.478727 5
0.075178 6.059645 1.488435 5
0.152367 6.100683 1.489382 5
0.225009 6.144035 1.491015 5
0.569460 6.127880 1.467267 5
0.687765 6.166532 1.465537 5
0.867434 6.194768 1.458579 5
-2.185800 -1.243575 1.204913 8
-2.186725 -1.010410 1.215058 8
-2.199711 -0.759839 1.227679 8
-2.178896 -0.595263 1.232202 8
-2.172725 -0.405306 1.239874 8
-2.171225 -0.212981 1.248368 8
-2.177786 -0.011536 1.258419 8
-2.184803 0.182989 1.268318 8
-2.191339 0.369153 1.277871 8
-2.155491 0.466925 1.278083 8
-2.146786 0.612869 1.284045 8
-2.155067 0.785056 1.293452 8
-2.072241 0.787707 1.283628 8
-1.990894 0.794458 1.274285 8
-2.153029 1.220509 1.315016 8
-2.043879 1.174179 1.299897 8
-2.029374 1.286954 1.304099 8
-1.895378 1.204315 1.284407 8
-1.792525 1.175780 1.271231 8
-1.744214 1.234173 1.268982 8
-1.083616 0.367049 1.147994 10
-0.968499 0.344090 1.134066 10
-0.870273 0.348453 1.123629 10
-0.738352 0.306729 1.107039 10
-0.629130 0.300231 1.095023 10
-0.488552 0.253227 1.077433 10
-0.344007 0.204814 1.059459 10
-0.184611 0.140919 1.039132 10
-0.832762 1.831240 1.210884 6
-0.777527 1.878934 1.208837 2
-0.842924 2.059297 1.227258 6
-0.881627 2.205877 1.240965 11
-0.879061 2.305069 1.247657 11
-0.861436 2.386695 1.251828 11
-0.815865 2.438600 1.251441 11
-0.794644 2.514693 1.255076 12
-0.798855 2.614665 1.262803 12
-0.787675 2.697906 1.268031 12
-0.794613 2.796925 1.276106 12
-0.669864 2.772235 1.263558 12
-0.725423 2.913945 1.279231 6
-0.702344 2.982168 1.282652 12
-0.730987 3.094824 1.293972 12
-0.807696 3.246215 1.312431 6
-0.579654 3.137784 1.285125 12
-0.365371 3.046751 1.260441 12
-0.264891 3.053114 1.253004 12
-0.239321 3.120598 1.256704 12
-0.106843 3.104554 1.245047 12
-0.017850 3.124356 1.239927 2
0.022052 3.182181 1.241968 2
0.012765 3.275905 1.250989 2
0.097323 3.300889 1.246942 2
0.099461 3.385008 1.254437 6
0.189728 3.407402 1.249922 6
0.791704 3.086343 1.176606 12
-1.313361 6.029965 1.627335 5
-1.333764 6.084538 1.635439 5
-1.220257 6.095992 1.630734 5
-1.221373 6.144593 1.637138 5
-1.211646 6.189668 1.642558 5
-0.937796 6.159291 1.623916 5
-0.786863 6.168068 1.617106 5
-0.504372 6.144789 1.599094 5
0.014430 6.066754 1.561305 5
0.054812 6.115968 1.566017 5
0.171944 6.147688 1.564405 5
0.304824 6.177924 1.561855 5
0.582097 6.179519 1.547950 5
0.814919 6.195436 1.538435 5
-2.145485 -1.079266 1.312100 8
-2.068181 -1.033419 1.303752 8
-2.143461 -0.649688 1.326251 8
-2.159508 -0.411202 1.336470 8
-2.202448 -0.125829 1.351784 8
-2.147989 -0.052925 1.347717 8
-2.122391 0.076250 1.349306 8
-2.210632 0.424545 1.372748 8
-2.157758 0.487893 1.368863 8
-2.153926 0.641895 1.374308 8
-2.121839 0.738863 1.374365 8
-2.075542 0.807699 1.371785 8
-2.121704 1.037066 1.386278 8
-2.104925 1.150240 1.389045 8
-2.013544 1.135061 1.378274 8
-1.935859 1.144578 1.370159 8
-1.875193 1.182622 1.365228 8
-1.754724 1.126652 1.349845 8
-1.688712 1.158481 1.344276 8
-1.559262 1.094984 1.327814 8
-0.710409 1.806979 1.284106 2
-0.703017 1.908383 1.289523 6
-0.722116 2.036385 1.298925 11
-0.679928 2.096608 1.299079 11
-0.703378 2.224528 1.309050 11
-0.730942 2.353683 1.319542 11
-0.699422 2.420834 1.321324 11
-0.762786 2.580264 1.336883 12
-0.738753 2.651546 1.339736 12
-0.673313 2.682947 1.336743 12
-0.644697 2.749087 1.339084 12
-0.627051 2.824564 1.343012 12
-0.629138 2.916639 1.349701 12
-0.654652 3.027573 1.359588 12
-0.593175 3.061690 1.357570 12
-0.538979 3.102532 1.356673 12
-0.407449 3.080048 1.345570 12
-0.299819 3.079713 1.337944 12
-0.193753 3.082660 1.330778 12
-0.077130 3.079371 1.322493 12
0.054362 3.067016 1.312574 12
0.050018 3.158724 1.320290 2
0.043401 3.250706 1.328280 2
0.085327 3.306467 1.330184 2
0.151888 3.344943 1.329140 6
0.213777 3.387378 1.328832 6
-1.261629 6.055071 1.681867 5
-1.276547 6.107857 1.689156 5
-1.274209 6.154725 1.695011 5
-1.191662 6.177528 1.694394 5
-0.930522 6.150544 1.679776 5
-0.836000 6.174694 1.678962 5
-0.750424 6.202870 1.679126 5
-0.503822 6.191251 1.667362 5
-0.218001 6.174677 1.653389 5
0.013316 6.176429 1.644219 5
0.223667 6.187263 1.637232 5
0.471456 6.193906 1.628243 5
-2.125003 -1.099396 1.414416 8
-2.159213 -0.800644 1.425505 8
-2.078880 -0.768249 1.416491 8
-2.142376 -0.425526 1.432453 8
-2.140088 -0.236034 1.436907 8
-2.142322 -0.044572 1.442072 8
-2.125963 0.102313 1.444034 8
-2.143784 0.310991 1.451709 8
-2.151545 0.492525 1.457615 8
-2.057591 0.477327 1.446666 8
-2.035482 0.595756 1.447673 8
-2.127790 0.915067 1.467298 8
-2.104294 1.019617 1.467969 8
-2.088892 1.135067 1.469956 8
-1.985342 1.099644 1.457925 8
-1.943951 1.169101 1.455919 8
-1.840823 1.138246 1.444305 8
-1.760073 1.145410 1.436381 8
-1.617903 1.059475 1.419133 8
-0.575891 2.094175 1.375204 11
-0.552813 2.173975 1.377927 11
-0.551214 2.274124 1.383493 11
-0.531610 2.354783 1.386741 11
-0.502884 2.425556 1.388867 11
-0.496419 2.516576 1.393880 11
-0.479341 2.596281 1.397577 12
-0.500975 2.710040 1.406138 12
-0.473182 2.777444 1.408554 12
-0.460909 2.857789 1.412936 12
-0.442031 2.931379 1.416551 12
-0.472357 3.045468 1.426129 12
-0.424011 3.092344 1.426280 12
-0.298388 3.076955 1.417430 12
-0.181901 3.071413 1.409934 12
-0.101980 3.096567 1.406941 12
0.012819 3.096286 1.400138 12
0.063316 3.146203 1.400906 2
0.068523 3.229521 1.406893 2
0.111008 3.285025 1.408757 2
0.214847 3.297421 1.403970 2
0.334900 3.300436 1.397665 2
-1.146643 6.060467 1.732778 5
-1.290985 6.153873 1.749052 5
-1.087621 6.140263 1.740787 5
-0.945535 6.148204 1.737271 5
-0.780292 6.152331 1.732613 5
-0.643008 6.167020 1.730265 5
-0.507612 6.184693 1.728445 5
-0.309691 6.189336 1.723088 5
-0.086072 6.191564 1.716723 5
0.158603 6.193184 1.709740 5
0.485087 6.181575 1.698649 5
-2.113805 -0.877765 1.521358 8
-2.065675 -0.772883 1.517133 8
-2.083319 -0.529920 1.522610 8
-2.068149 -0.365749 1.523317 8
-2.141041 -0.027294 1.536791 8
-2.037381 -0.056045 1.524807 8
-2.125459 0.292751 1.540403 8
-2.067719 0.349001 1.535160 8
-2.044026 0.467881 1.534840 8
-2.067903 0.669864 1.541260 8
-2.065191 0.817163 1.543946 8
-2.071851 0.976004 1.547956 8
-1.960400 0.928001 1.535670 8
-1.911462 0.988051 1.532163 8
-1.848164 1.023693 1.526796 8
-1.747185 0.999145 1.516446 8
-1.628292 0.949168 1.503869 8
-0.352149 2.076724 1.444346 11
-0.347115 2.175094 1.448940 11
-0.348777 2.278181 1.454321 11
-0.321647 2.352231 1.456515 11
-0.292929 2.424009 1.458611 11
-0.294219 2.522305 1.464072 11
-0.238916 2.568516 1.463414 12
-0.265914 2.686865 1.471743 12
-0.221870 2.741896 1.472472 12
-0.192077 2.808840 1.474819 12
-0.168853 2.880697 1.477938 12
-0.136692 2.944646 1.480205 12
-0.131473 3.029580 1.485330 12
-0.084999 3.081266 1.486299 12
0.034866 3.077122 1.480002 12
0.176870 3.058749 1.471770 12
-1.243910 6.133276 1.798877 5
-1.074692 6.130029 1.794829 5
-0.698491 6.070064 1.779489 5
-0.631010 6.103690 1.782300 5
-0.561911 6.137958 1.785244 5
-0.508890 6.177500 1.789266 5
-0.292623 6.177183 1.785043 5
-0.054870 6.175782 1.780356 5
0.214694 6.171549 1.774793 5
-2.051692 -0.779206 1.617762 8
-2.068296 -0.539326 1.620569 8
-2.057114 -0.367343 1.620168 8
-2.046438 -0.200722 1.619940 8
-2.014874 -0.081820 1.617342 8
-2.032921 0.129986 1.620733 8
-2.049305 0.330685 1.624006 8
-2.086910 0.563528 1.629851 8
-2.066981 0.682970 1.629004 8
-2.051796 0.807225 1.628806 8
-1.999385 0.862878 1.624364 8
-1.912067 0.858268 1.615994 8
-1.813332 0.836427 1.606460 8
-1.724656 0.833544 1.598246 8
-1.619429 0.805983 1.588294 8
-1.205136 6.162920 1.855821 5
-0.356668 6.075094 1.836724 5
-0.269726 6.107697 1.840030 5
-2.031092 -0.596106 1.716682 8
-2.026505 -0.409772 1.715217 8
-2.045892 -0.181640 1.716186 8
-1.972961 -0.146080 1.708684 8
-2.032308 0.146687 1.713759 8
-2.032969 0.316396 1.713490 8
-2.030466 0.474291 1.713077 8
-2.034758 0.639179 1.713449 8
-2.030758 0.783750 1.713178 8
-1.919138 0.736672 1.702924 8
-1.797226 0.675714 1.691850 8
-1.702457 0.664139 1.683474 8
-1.612882 0.663173 1.675734 8
-2.011965 -0.418532 1.812411 8
-2.014635 -0.225058 1.809868 8
-1.977188 -0.118445 1.804818 8
-2.035604 0.170890 1.806645 8
-2.014481 0.298096 1.803185 8
-1.999956 0.433505 1.800390 8
-1.993643 0.579465 1.798372 8
-1.886134 0.541327 1.789324 8
-1.770531 0.492421 1.779818 8
-1.663580 0.461934 1.771056 8
-1.540569 0.407736 1.761269 8
-1.993726 -0.066570 1.900845 8
-1.986460 0.093539 1.896572 8
-1.949962 0.192845 1.891229 8
0.892638 6.016114 -1.850758 5
0.784915 6.120961 -1.846522 5
0.675130 6.133813 -1.843720 5
0.565043 6.153821 -1.841065 5
0.458776 5.931858 -1.841992 5
0.348641 6.007860 -1.839079 5
0.239592 6.012841 -1.837391 5
0.132189 5.977893 -1.836516 5
0.021658 6.010143 -1.834931 5
-0.083899 5.953778 -1.834863 5
-0.192147 5.946549 -1.834338 5
-0.301030 5.946770 -1.833951 5
-0.415429 6.004764 -1.832973 5
-0.523658 5.989628 -1.833302 5
1.117201 6.082432 -1.726559 5
1.003432 5.950375 -1.726359 5
0.895732 5.992940 -1.722273 5
0.785685 5.890340 -1.721926 5
0.677844 5.963192 -1.717563 5
0.569834 5.883103 -1.717182 5
0.459895 6.000998 -1.712139 5
0.352089 5.954036 -1.711420 5
0.241384 6.010498 -1.708345 5
0.133182 5.986747 -1.707521 5
0.022022 6.023377 -1.705402 5
-0.087140 6.016358 -1.704626 5
-0.195120 5.993253 -1.704498 5
-0.302667 5.968359 -1.704654 5
-0.414504 5.993074 -1.703776 5
-0.520348 5.952561 -1.704807 5
-0.631864 5.967960 -1.704641 5
-0.746004 6.000756 -1.704270 5
1.986375 -0.340385 -1.878936 9
1.939078 -0.318757 -1.874478 9
1.896008 -0.277961 -1.869638 9
1.850900 -0.243721 -1.865028 9
1.801039 -0.229770 -1.861022 9
1.752690 -0.207953 -1.856908 9
1.709493 -0.158059 -1.852119 9
1.670429 -0.081150 -1.846633 9
1.625426 -0.031039 -1.841940 9
1.589811 0.081645 -1.835489 9
1.341918 6.081373 -1.603998 5
1.229873 6.046020 -1.601443 5
1.115773 5.939278 -1.601608 5
1.007624 5.961663 -1.597561 5
0.899883 6.021752 -1.592405 5
0.789654 5.957340 -1.591848 5
0.680646 5.889517 -1.591668 5
0.571719 5.977886 -1.586151 5
-0.635918 5.997304 -1.574156 5
-0.745590 5.988238 -1.574816 5
-0.855347 5.979233 -1.575703 5
-0.969236 5.999023 -1.575762 5
1.997934 -0.518226 -1.828615 9
1.946436 -0.519681 -1.824865 9
1.906613 -0.473946 -1.819565 9
1.854863 -0.476657 -1.816058 9
1.815057 -0.426790 -1.810739 9
1.755850 -0.464650 -1.808742 9
1.713316 -0.424779 -1.803952 9
1.665816 -0.407586 -1.800097 9
1.626858 -0.342825 -1.794467 9
1.573410 -0.355403 -1.791946 9
1.523722 -0.347446 -1.788720 9
1.496089 -0.196167 -1.779739 9
1.499330 0.188250 -1.761071 9
1.452392 6.006293 -1.481202 5
1.339511 5.957749 -1.479481 5
1.229468 5.946009 -1.476339 5
1.121050 5.967312 -1.471913 5
1.013969 6.043603 -1.465164 5
0.902592 5.980490 -1.465035 5
0.791811 5.862599 -1.467698 5
0.683698 5.956041 -1.460763 5
0.574699 5.930663 -1.459573 5
-0.964348 5.951784 -1.447704 5
-1.083864 6.005507 -1.445976 5
-1.228998 6.211309 -1.437227 5
-1.430976 6.057029 -1.447381 5
-1.546811 6.067529 -1.448622 5
2.018553 -0.650567 -1.779848 9
1.984979 -0.587323 -1.773300 9
1.923996 -0.628392 -1.771566 9
1.880292 -0.602636 -1.766877 9
1.828660 -0.609649 -1.763811 9
1.781364 -0.598775 -1.760000 9
1.737715 -0.570706 -1.755442 9
1.700298 -0.510200 -1.749352 9
1.646565 -0.528822 -1.747240 9
1.601877 -0.501132 -1.742914 9
1.552714 -0.496997 -1.739859 9
1.504298 -0.488769 -1.736690 9
1.507899 -0.144034 -1.716093 9
1.514076 0.263417 -1.691957 9
1.569391 6.024094 -1.354815 5
1.458726 6.023848 -1.350768 5
1.348266 6.024780 -1.346866 5
1.237580 6.019279 -1.343535 5
0.686479 5.887968 -1.336025 5
0.577971 5.840046 -1.336428 5
0.467923 5.937995 -1.328562 5
0.103648 3.071171 -1.489445 12
0.029345 2.957807 -1.495398 12
-0.054081 2.978950 -1.493579 12
-1.082587 5.983248 -1.316580 5
-1.186301 5.928891 -1.320656 5
-1.303997 5.961282 -1.319827 5
-1.417080 5.962450 -1.321048 5
-1.534797 5.986022 -1.321169 5
2.011133 -0.696774 -1.725292 9
1.957820 -0.709738 -1.722507 9
1.910628 -0.700544 -1.718569 9
1.861718 -0.698567 -1.715138 9
1.816147 -0.683064 -1.711008 9
1.775498 -0.645118 -1.705624 9
1.725968 -0.646084 -1.702624 9
1.673997 -0.660024 -1.700508 9
1.624205 -0.665081 -1.697960 9
1.586040 -0.608577 -1.691711 9
1.537302 -0.607175 -1.688926 9
1.519377 -0.419803 -1.674555 9
1.560953 0.173167 -1.634417 9
1.521723 0.289122 -1.624224 9
1.532311 0.786814 -1.589505 9
1.685660 6.020594 -1.229336 5
1.568565 5.943998 -1.230258 5
1.467127 6.071036 -1.217790 5
1.353070 6.024341 -1.217133 5
0.689379 5.878999 -1.208564 5
0.580480 5.853902 -1.207912 5
0.517982 3.031258 -1.401374 12
0.445284 2.667515 -1.425141 12
0.375771 2.407567 -1.441938 11
0.311089 2.148757 -1.458866 11
0.242641 2.048366 -1.464915 11
0.171343 2.021223 -1.465986 11
0.100193 1.997883 -1.466922 11
0.025040 2.026923 -1.464312 11
-0.045308 1.996795 -1.465981 11
-0.121840 2.031627 -1.463214 11
-0.193148 2.012441 -1.464370 11
-0.266062 2.008270 -1.464599 11
-0.375368 2.281338 -1.445461 11
-1.076333 5.927900 -1.189835 5
-1.186541 5.915543 -1.191383 5
-1.309098 5.975378 -1.188064 5
-1.417816 5.949635 -1.190947 5
-1.539347 5.992238 -1.189246 5
-1.655453 6.001386 -1.190091 5
2.028168 -0.831604 -1.681075 9
1.995344 -0.773080 -1.673732 9
1.932763 -0.823306 -1.673822 9
1.893912 -0.785310 -1.667996 9
1.830833 -0.844079 -1.668942 9
1.803214 -0.757723 -1.659871 9
1.753918 -0.761036 -1.657131 9
1.699448 -0.789643 -1.656290 9
1.651104 -0.792030 -1.653685 9
1.612624 -0.744998 -1.647587 9
1.567093 -0.731934 -1.644006 9
1.523686 -0.706210 -1.639566 9
1.525618 -0.404799 -1.614770 9
1.553940 0.102474 -1.574420 9
1.537909 0.372917 -1.551450 9
1.548127 0.872747 -1.511024 9
1.811589 6.107931 -1.096743 5
1.685859 5.957485 -1.104080 5
1.576247 5.972485 -1.098840 5
1.469252 6.027125 -1.090679 5
0.764183 2.829945 -1.326382 12
0.683279 2.646701 -1.339157 6
0.606901 2.308046 -1.364615 11
0.536261 2.011743 -1.386926 11
0.463684 2.008671 -1.385821 11
0.390840 2.013735 -1.384179 11
0.318943 1.994312 -1.384636 11
0.246352 1.993320 -1.383723 11
0.171535 2.026270 -1.380174 11
0.100130 2.002937 -1.381311 11
0.029203 1.977998 -1.382703 11
-0.044165 1.983333 -1.381752 11
-0.095804 1.773709 -1.398437 2
-0.170994 1.809601 -1.395240 2
-0.240580 1.792400 -1.396487 2
-0.309755 1.773352 -1.398002 2
-0.382629 1.781956 -1.397380 2
-0.487739 2.002425 -1.379606 11
-0.564398 2.017238 -1.378724 11
-1.305857 5.940330 -1.059774 5
-1.420752 5.949065 -1.059928 5
-1.539581 5.975636 -1.058822 5
-1.644627 5.928470 -1.063894 5
-1.816281 6.201874 -1.043172 5
2.011027 -0.909705 -1.631791 9
1.975054 -0.865141 -1.625064 9
1.926379 -0.865823 -1.621973 9
1.874725 -0.879110 -1.619984 9
1.838788 -0.830430 -1.613079 9
1.788503 -0.839373 -1.610902 9
1.741551 -0.835241 -1.607746 9
1.701808 -0.798208 -1.601946 9
1.655026 -0.792703 -1.598814 9
1.608607 -0.785690 -1.595632 9
1.559262 -0.794554 -1.593864 9
1.539468 -0.637639 -1.578117 9
1.521582 -0.451706 -1.559821 9
1.688062 0.933046 -1.438550 9
1.538097 0.347042 -1.486129 9
1.572063 1.016987 -1.425422 9
1.930522 6.106489 -0.969812 5
1.805494 5.983676 -0.976259 5
1.693349 5.976858 -0.972691 5
1.580839 5.961622 -0.970055 5
0.830999 2.097655 -1.300485 11
0.758243 2.168601 -1.292184 11
0.683509 2.030846 -1.303003 6
0.610568 2.021561 -1.302248 11
0.537370 2.038491 -1.299208 11
0.464214 2.040080 -1.297683 11
0.391937 2.014647 -1.298755 11
0.320327 1.983975 -1.300429 11
0.244489 2.040924 -1.294139 11
0.174801 1.983151 -1.298545 11
0.099663 2.013527 -1.294923 11
0.026768 2.008582 -1.294677 11
-0.032950 1.861063 -1.307753 2
-0.098607 1.798189 -1.313111 2
-0.157455 1.684031 -1.323344 6
-0.231345 1.710574 -1.320637 6
-0.306223 1.739506 -1.317815 6
-0.388050 1.812511 -1.311011 2
-0.489823 2.007228 -1.293023 11
-0.563717 2.003164 -1.293599 11
-0.633116 1.971839 -1.296818 11
-0.716337 2.019391 -1.292839 11
-1.548215 6.003294 -0.924429 5
-1.653527 5.954486 -0.929953 5
-1.767035 5.947341 -0.931796 5
2.012662 -0.921943 -1.578267 9
1.953917 -0.959595 -1.578616 9
1.916818 -0.919955 -1.572043 9
1.864421 -0.937638 -1.570767 9
1.817799 -0.934252 -1.567645 9
1.777200 -0.906018 -1.562286 9
1.731078 -0.900541 -1.559103 9
1.688479 -0.879179 -1.554496 9
1.640347 -0.883427 -1.552368 9
1.587699 -0.911941 -1.552630 9
1.550486 -0.861753 -1.545464 9
1.547857 -0.611470 -1.519076 9
1.526620 -0.443975 -1.500528 9
1.553090 0.046528 -1.450536 9
1.539875 0.332123 -1.420182 9
1.522755 0.628670 -1.388598 9
2.044950 6.059847 -0.847054 5
1.926108 6.006201 -0.847935 5
1.811056 5.978143 -0.846479 5
1.703209 6.022342 -0.837994 5
1.591701 6.029191 -0.833389 5
0.902800 1.958042 -1.230242 11
0.827073 1.816172 -1.242793 6
0.756098 1.830950 -1.239513 6
0.684265 1.667997 -1.254527 6
0.614338 1.698357 -1.249878 6
0.540595 1.932330 -1.224384 6
0.468158 1.937509 -1.222468 2
0.394415 1.976117 -1.217206 11
0.319637 2.020199 -1.211469 11
0.248205 1.985639 -1.213960 11
0.175916 1.973713 -1.214220 11
0.100451 2.007002 -1.209897 11
0.029666 1.974893 -1.212461 11
-0.026134 1.786353 -1.231385 2
-0.096866 1.778195 -1.231688 2
-0.154753 1.655435 -1.244016 6
-0.224936 1.652109 -1.244027 6
-0.296494 1.658507 -1.243127 6
-0.385289 1.784981 -1.229825 2
-0.456930 1.780090 -1.230302 2
-0.565589 2.004993 -1.206957 11
-0.639529 1.998989 -1.207762 11
-0.716144 2.007147 -1.207200 11
-0.797106 2.035981 -1.204596 11
-0.868837 2.014484 -1.207336 11
-1.763475 5.911098 -0.803279 5
-1.933805 6.160882 -0.778455 5
2.040496 -0.843342 -1.515664 9
1.960860 -0.952463 -1.523838 9
1.902577 -0.991178 -1.524985 9
1.861953 -0.965363 -1.519581 9
1.819054 -0.947497 -1.515048 9
1.775707 -0.930888 -1.510700 9
1.722191 -0.958393 -1.511042 9
1.675250 -0.959087 -1.508653 9
1.638993 -0.909240 -1.500974 9
1.594218 -0.898365 -1.497469 9
1.556134 -0.851562 -1.490176 9
1.550304 -0.618994 -1.462930 9
1.529053 -0.451878 -1.442612 9
1.539625 -0.063644 -1.398240 9
1.569393 0.504324 -1.334045 9
1.563820 0.896215 -1.288703 9
1.509059 0.964330 -1.278645 9
1.923071 5.919383 -0.726526 5
1.817396 5.980344 -0.715667 5
1.709004 6.022037 -0.707063 5
1.080477 2.530568 -1.084969 11
0.983152 2.077601 -1.133738 11
0.898488 1.745684 -1.169185 6
0.826426 1.686356 -1.174056 6
0.754886 1.578339 -1.184570 6
0.685684 1.542145 -1.187067 6
0.616250 1.659276 -1.172220 6
0.546457 1.654792 -1.171285 6
0.473483 1.778898 -1.155759 2
0.394586 2.003631 -1.128773 11
0.318604 2.064385 -1.120591 11
0.246980 2.021648 -1.124356 11
0.171862 2.045489 -1.120587 11
0.099847 2.019474 -1.122639 11
0.029670 1.976086 -1.126793 2
-0.022546 1.746515 -1.152491 2
-0.090081 1.708905 -1.156204 2
-0.157998 1.679975 -1.159016 6
-0.228488 1.675569 -1.159096 6
-0.304179 1.710139 -1.154771 6
-0.386411 1.784992 -1.145888 2
-0.456690 1.769716 -1.147503 2
-0.562780 1.977692 -1.123434 11
-0.639110 1.986009 -1.122518 11
-0.723350 2.035888 -1.116903 11
-0.786535 1.968699 -1.124902 11
-0.869750 2.006771 -1.120853 11
-0.950531 2.028307 -1.118815 11
-1.899901 5.986735 -0.663207 5
2.125063 -0.744609 -1.451777 9
2.026094 -0.911195 -1.467662 9
1.963340 -0.961411 -1.470577 9
1.912577 -0.971804 -1.469067 9
1.852579 -1.019605 -1.471938 9
1.807194 -1.013436 -1.468698 9
1.773870 -0.957055 -1.459693 9
1.725179 -0.963845 -1.458058 9
1.674885 -0.979491 -1.457534 9
1.630246 -0.970376 -1.454180 9
1.597412 -0.901711 -1.443854 9
1.554633 -0.879455 -1.439027 9
1.516143 -0.831588 -1.431198 9
1.529238 -0.473103 -1.386312 9
1.490666 -0.396448 -1.374949 9
1.549775 0.345070 -1.283671 9
1.595566 1.094268 -1.190947 9
1.938760 6.003637 -0.585920 5
1.822840 5.973420 -0.585586 5
1.705081 5.914239 -0.588963 5
1.126712 1.952464 -1.066844 11
1.056640 2.009904 -1.057590 11
0.983647 2.022902 -1.053903 11
0.903082 1.810204 -1.078317 6
0.829341 1.714356 -1.088395 2
0.756793 1.568355 -1.104857 6
0.687748 1.601314 -1.099129 6
0.618100 1.628623 -1.094179 6
0.548821 1.597155 -1.096666 6
0.477462 1.671935 -1.085922 6
0.394811 2.029892 -1.039663 11
0.320098 2.051819 -1.035640 11
0.248855 2.000342 -1.040944 11
0.172102 2.049913 -1.033612 11
0.099435 2.029365 -1.035207 11
0.027624 2.002009 -1.037757 11
-0.024206 1.763349 -1.067119 2
-0.106482 1.866256 -1.053396 2
-0.171307 1.794293 -1.061884 2
-0.254179 1.880745 -1.050401 2
-0.322397 1.841705 -1.054902 2
-0.397067 1.852426 -1.053185 2
-0.469176 1.843515 -1.054046 2
-0.572272 2.026824 -1.030613 11
-0.638882 1.974153 -1.037202 11
-0.723032 2.022912 -1.031015 11
-0.795165 2.002248 -1.033728 11
-0.864598 1.968834 -1.038149 11
-0.953870 2.031365 -1.030496 11
-1.030014 2.027388 -1.031372 11
-1.187080 2.372809 -0.988078 11
2.027270 -1.087690 -1.437274 9
1.980093 -1.087263 -1.434592 9
1.944795 -1.045324 -1.426767 9
1.909276 -1.001880 -1.418770 9
1.865637 -0.987144 -1.414423 9
1.812100 -1.011745 -1.415122 9
1.774387 -0.973239 -1.407859 9
1.724938 -0.983391 -1.406850 9
1.674995 -0.997616 -1.406436 9
1.640522 -0.940136 -1.396844 9
1.596530 -0.925546 -1.392813 9
1.562276 -0.858839 -1.382057 9
1.523890 -0.808668 -1.373458 9
1.597107 -0.094571 -1.278052 9
1.561411 0.024162 -1.260224 9
1.472754 -0.196436 -1.287017 10
1.422639 -0.173435 -1.281902 10
1.369081 -0.174458 -1.280014 10
1.324865 -0.098983 -1.268040 10
1.271484 -0.094151 -1.265476 10
1.224654 -0.024419 -1.254317 10
1.171964 -0.005206 -1.249930 10
1.125948 0.099581 -1.234128 10
1.225714 2.266214 -0.941397 11
1.132165 1.989089 -0.976406 11
1.060385 2.024180 -0.969546 11
0.985589 2.002895 -0.970371 11
0.904819 1.786582 -0.997700 2
0.831220 1.697014 -1.008026 6
0.758660 1.555419 -1.025545 6
0.689492 1.573195 -1.021516 6
0.619348 1.704459 -1.002085 6
0.548057 1.743838 -0.995225 6
0.476521 1.761495 -0.991398 2
0.403840 1.801354 -0.984605 2
0.323496 1.996137 -0.956642 10
0.253449 1.928480 -0.964711 10
0.186686 1.828506 -0.977322 10
0.120013 1.752523 -0.986742 10
0.055194 1.670718 -0.997063 10
-0.017310 1.687804 -0.993859 10
-0.090363 1.705776 -0.990607 10
-0.167834 1.758771 -0.982598 2
-0.244214 1.793066 -0.977241 2
-0.314491 1.774637 -0.979240 2
-0.389165 1.788552 -0.976853 2
-0.494833 2.004134 -0.946667 11
-0.576032 2.040249 -0.941360 11
-0.642294 1.983570 -0.948967 11
-0.703920 1.906154 -0.959529 11
-0.792546 1.976786 -0.949696 11
-0.872837 1.997586 -0.946840 11
-0.968071 2.085829 -0.934741 11
-1.004176 1.897347 -0.961000 2
-1.089227 1.935552 -0.955992 6
-1.173162 1.964551 -0.952345 11
2.129929 -1.082156 -1.388383 9
2.085822 -1.069567 -1.384062 9
2.025946 -1.109164 -1.386888 9
1.982843 -1.095024 -1.382478 9
1.932516 -1.106395 -1.381610 9
1.881237 -1.123023 -1.381537 9
1.849824 -1.065681 -1.371318 9
1.815427 -1.016425 -1.362220 9
1.768549 -1.015788 -1.359896 9
1.712797 -1.054526 -1.363126 9
1.675901 -1.012037 -1.355069 9
1.629315 -1.012480 -1.353061 9
1.589157 -0.981704 -1.346707 9
1.552698 -0.929097 -1.337294 9
1.526788 -0.812943 -1.318879 9
1.567319 -0.293501 -1.243072 9
1.537098 -0.152400 -1.220865 9
1.456237 -0.330657 -1.244272 10
1.403357 -0.335744 -1.243047 10
1.354342 -0.313004 -1.237885 10
1.307608 -0.268697 -1.229656 10
1.248412 -0.329803 -1.236676 10
1.205600 -0.241950 -1.222235 10
1.154608 -0.225742 -1.218185 10
1.103792 -0.204559 -1.213458 10
1.052672 -0.182917 -1.208708 10
1.000272 -0.176106 -1.206165 10
0.950636 -0.115420 -1.195798 10
0.898062 -0.096770 -1.191611 10
0.844942 -0.084806 -1.188450 10
0.793186 -0.006619 -1.175608 10
0.740554 0.115605 -1.156302 10
0.691838 1.686191 -0.923489 6
0.621218 1.671064 -0.924155 6
0.549054 1.777494 -0.906929 2
0.481793 1.600796 -0.931644 10
0.413612 1.549312 -0.937939 10
0.343127 1.571633 -0.933370 10
0.284589 1.362433 -0.963256 10
0.221401 1.289354 -0.973036 10
0.160590 1.202030 -0.985025 10
0.096085 1.178615 -0.987584 10
0.032752 1.146315 -0.991539 10
-0.029941 1.112769 -0.995754 10
-0.101976 1.167187 -0.986906 10
-0.177542 1.240644 -0.975267 10
-0.259992 1.354196 -0.957686 10
-0.353218 1.526822 -0.931317 10
-0.480322 1.899279 -0.875084 10
-0.568398 1.983041 -0.862104 11
-0.651335 2.025769 -0.855336 11
-0.717721 1.971188 -0.863218 11
-0.788843 1.945697 -0.866821 2
-0.852903 1.886322 -0.875578 2
-0.923298 1.861197 -0.879279 2
-0.977395 1.763454 -0.893939 6
-1.046607 1.738143 -0.897818 6
-1.119705 1.729678 -0.899248 6
-1.253981 1.963119 -0.864514 11
2.070096 -1.136723 -1.340101 9
2.031518 -1.107810 -1.333446 9
1.982793 -1.112348 -1.331779 9
1.941585 -1.091506 -1.326392 9
1.885850 -1.123329 -1.328903 9
1.851692 -1.076149 -1.319661 9
1.810083 -1.055600 -1.314428 9
1.762782 -1.057777 -1.312654 9
1.719607 -1.043174 -1.308396 9
1.669480 -1.059563 -1.308874 9
1.615515 -1.096602 -1.312557 9
1.601645 -0.938568 -1.286571 9
1.524787 -1.094922 -1.308576 9
1.544415 -0.735779 -1.251728 9
1.562391 -0.345270 -1.189830 9
1.492566 -0.453162 -1.204472 10
1.444785 -0.430215 -1.199040 10
1.392985 -0.433513 -1.197707 10
1.345663 -0.404165 -1.191363 10
1.297201 -0.380441 -1.185924 10
1.244715 -0.389585 -1.185640 10
1.196065 -0.363810 -1.179961 10
1.145432 -0.355096 -1.176985 10
1.092855 -0.368955 -1.177590 10
1.045330 -0.317894 -1.168061 10
0.995509 -0.288606 -1.161976 10
0.945112 -0.260461 -1.156104 10
0.893281 -0.253832 -1.153662 10
0.841616 -0.239576 -1.150059 10
0.789251 -0.244116 -1.149474 10
0.738329 -0.155133 -1.134113 10
0.685259 -0.160064 -1.133669 10
0.632255 -0.159134 -1.132344 10
0.578282 -0.094595 -1.120942 10
0.523723 -0.058027 -1.114021 10
0.468634 -0.027556 -1.108107 10
0.410239 0.063819 -1.092502 10
0.307104 0.955208 -0.948984 10
0.249423 0.854669 -0.964007 10
0.194012 0.748774 -0.979976 10
0.134868 0.711782 -0.984983 10
0.076082 0.677641 -0.989597 10
0.019436 0.628045 -0.996758 10
-0.040907 0.618968 -0.997472 10
-0.101658 0.613620 -0.997642 10
-0.173664 0.693285 -0.984183 10
-0.256203 0.835023 -0.960766 10
-0.341336 0.974243 -0.937786 10
-0.462085 1.315530 -0.882265 10
-0.635358 1.922048 -0.783976 11
-0.731021 2.033237 -0.765598 11
-0.792157 1.951279 -0.778450 2
-0.832424 1.772670 -0.806979 2
-0.912347 1.796938 -0.802829 6
-0.963061 1.686061 -0.820568 6
-1.022709 1.622035 -0.830812 6
-1.114782 1.695843 -0.818860 6
-1.179692 1.654803 -0.825524 6
-1.258211 1.667371 -0.823598 6
-2.043783 0.403574 -1.038164 8
-2.076481 0.322153 -1.052344 8
-2.057464 0.133882 -1.083585 8
-2.059679 -0.002540 -1.106562 8
2.085283 -1.105366 -1.281849 9
2.041663 -1.091520 -1.277387 9
1.998952 -1.074486 -1.272450 9
1.935478 -1.130298 -1.279248 9
1.887691 -1.133847 -1.277726 9
1.835392 -1.155717 -1.279215 9
1.800786 -1.110185 -1.269850 9
1.743526 -1.155174 -1.275194 9
1.707779 -1.112289 -1.266311 9
1.671780 -1.067471 -1.257121 9
1.614534 -1.119568 -1.263800 9
1.569505 -1.117172 -1.261624 9
1.581641 -0.817008 -1.210519 9
1.499304 -1.004893 -1.239676 9
1.559822 -0.382924 -1.135227 9
1.483105 -0.534352 -1.158418 10
1.423809 -0.591759 -1.166162 10
1.387425 -0.496521 -1.148614 10
1.339648 -0.474358 -1.143220 10
1.290708 -0.459110 -1.139011 10
1.238831 -0.468361 -1.138933 10
1.189355 -0.456900 -1.135434 10
1.139730 -0.445608 -1.132002 10
1.089053 -0.445351 -1.130461 10
1.040189 -0.421180 -1.124936 10
0.991233 -0.392018 -1.118599 10
0.940939 -0.378246 -1.114889 10
0.889818 -0.378297 -1.113553 10
0.839003 -0.370476 -1.110925 10
0.788320 -0.352064 -1.106539 10
0.737469 -0.321868 -1.100184 10
0.685945 -0.311431 -1.097219 10
0.634111 -0.279147 -1.090570 10
0.582054 -0.275219 -1.088785 10
0.529390 -0.250235 -1.083445 10
0.476592 -0.236433 -1.080048 10
0.423305 -0.218456 -1.075974 10
0.368665 -0.182647 -1.068880 10
0.317144 -0.208036 -1.072309 10
0.259661 -0.145964 -1.060777 10
0.203651 -0.117240 -1.054996 10
0.144689 -0.063689 -1.044980 10
0.083570 -0.000289 -1.033297 10
0.016648 0.102710 -1.014820 10
-0.049490 0.181679 -1.000501 10
-0.109418 0.200810 -0.996528 10
-0.177064 0.270611 -0.983851 10
-0.255516 0.401384 -0.960677 10
-0.338891 0.545428 -0.935232 10
-0.441446 0.783243 -0.893600 10
-0.661561 1.640058 -0.744943 10
-0.759129 1.767469 -0.722395 2
-0.827132 1.734505 -0.727640 2
-0.897756 1.715700 -0.730496 6
-0.963223 1.674077 -0.737362 6
-1.021447 1.603620 -0.749284 6
-1.103426 1.635590 -0.743525 6
-1.175529 1.624605 -0.745264 6
-1.271670 1.704348 -0.731342 6
-2.038546 0.701688 -0.910097 8
-2.039939 0.538936 -0.938935 8
-2.037638 0.375021 -0.967991 8
-2.047250 0.243933 -0.991413 8
-2.057567 0.119586 -1.013694 8
-2.115748 0.098791 -1.018211 8
-2.061772 -0.147993 -1.061550 8
-2.067121 -0.267728 -1.083085 8
-2.156601 -0.221628 -1.076242 8
-2.266610 -0.140372 -1.063466 8
-2.395866 -0.028788 -1.045606 8
2.160516 -1.039322 -1.218881 9
2.034056 -1.284228 -1.258599 9
1.993804 -1.265118 -1.253300 9
1.955740 -1.238096 -1.246665 9
1.913292 -1.225343 -1.242509 9
1.865548 -1.231793 -1.241702 9
1.825345 -1.211042 -1.236227 9
1.763195 -1.276019 -1.245669 9
1.723961 -1.253148 -1.239906 9
1.694669 -1.186432 -1.226510 9
1.645014 -1.205860 -1.228169 9
1.613156 -1.144287 -1.215680 9
1.569693 -1.134721 -1.212320 9
1.525270 -1.130005 -1.209845 9
1.585442 -0.551963 -1.106261 9
1.533986 -0.555379 -1.105088 9
1.494173 -0.488445 -1.091500 10
1.419535 -0.642316 -1.117087 10
1.369712 -0.644381 -1.115828 10
1.331148 -0.562738 -1.099702 10
1.281210 -0.561632 -1.097931 10
1.232572 -0.549761 -1.094274 10
1.185911 -0.517383 -1.086978 10
1.133418 -0.541793 -1.089881 10
1.085652 -0.516163 -1.083850 10
1.025028 -0.659716 -1.108268 10
0.975321 -0.676931 -1.110045 10
0.935181 -0.523851 -1.081153 10
0.887242 -0.480734 -1.072078 10
0.836458 -0.496969 -1.073753 10
0.787122 -0.468346 -1.067349 10
0.736874 -0.464809 -1.065515 10
0.686729 -0.429248 -1.057902 10
0.635926 -0.401448 -1.051719 10
0.585085 -0.409259 -1.052040 10
0.532300 -0.330988 -1.036717 10
0.481337 -0.352327 -1.039566 10
0.430928 -0.377672 -1.043190 10
0.379115 -0.368325 -1.040518 10
0.324736 -0.322181 -1.031147 10
0.272365 -0.316790 -1.029257 10
0.220398 -0.318460 -1.028694 10
0.161857 -0.249757 -1.015260 10
0.109305 -0.253588 -1.015155 10
0.056502 -0.255439 -1.014722 10
-0.004381 -0.191859 -1.002297 10
-0.062190 -0.162012 -0.996096 10
-0.124052 -0.108779 -0.985618 10
-0.180561 -0.098693 -0.983113 10
-0.251797 0.000031 -0.964303 10
-0.319371 0.064983 -0.951737 10
-0.396755 0.175610 -0.930768 10
-0.589829 0.875362 -0.801048 10
-0.741146 1.297687 -0.722493 10
-0.917120 1.794438 -0.630163 2
-0.951188 1.607328 -0.664227 6
-1.032124 1.636462 -0.658377 6
-1.111588 1.655734 -0.654397 6
-1.174140 1.605405 -0.663342 6
-1.273545 1.697250 -0.646030 6
-2.003375 0.954700 -0.784003 8
-2.017740 0.809809 -0.811184 8
-2.009826 0.619188 -0.846852 8
-2.028646 0.498126 -0.869690 8
-2.037846 0.360643 -0.895591 8
-2.037043 0.207190 -0.924466 8
-2.063680 0.117974 -0.941508 8
-2.137925 0.129817 -0.939944 8
-2.038548 -0.208725 -1.003006 8
-2.068993 -0.277996 -1.016443 8
-2.054671 -0.430896 -1.045300 8
-2.146813 -0.378881 -1.036479 8
-2.197294 -0.406528 -1.042360 8
-2.317058 -0.310417 -1.025562 8
-2.413885 -0.259840 -1.017198 8
-2.511091 -0.212087 -1.009422 8
2.079580 -1.302994 -1.212000 9
2.047682 -1.257607 -1.201785 9
1.998552 -1.266079 -1.201451 9
1.955737 -1.254723 -1.197514 9
1.911018 -1.250063 -1.194838 9
1.857005 -1.279667 -1.198523 9
1.804239 -1.307762 -1.201988 9
1.766234 -1.281002 -1.195334 9
1.730213 -1.244703 -1.186919 9
1.670327 -1.308082 -1.197077 9
1.630963 -1.286366 -1.191434 9
1.601104 -1.218885 -1.177248 9
1.629455 -0.859187 -1.108299 9
1.603038 -0.746140 -1.085429 9
1.577027 -0.619337 -1.059930 9
1.540808 -0.537720 -1.042893 9
1.463907 -0.696572 -1.071212 10
1.416217 -0.686262 -1.067694 10
1.371046 -0.657854 -1.060776 10
1.316662 -0.695346 -1.066371 10
1.269081 -0.684604 -1.062859 10
1.222881 -0.660748 -1.056879 10
1.173637 -0.662703 -1.055835 10
1.117640 -0.738185 -1.068851 10
1.072355 -0.704452 -1.061073 10
1.024553 -0.696736 -1.058285 10
0.980350 -0.631473 -1.044499 10
0.935517 -0.555217 -1.028601 10
0.885312 -0.567122 -1.029630 10
0.837328 -0.522803 -1.019882 10
0.786924 -0.541857 -1.022346 10
0.737459 -0.524676 -1.017863 10
0.687362 -0.564523 -1.024411 10
0.637430 -0.464941 -1.004062 10
0.587580 -0.509039 -1.011496 10
0.537199 -0.495770 -1.007868 10
0.486241 -0.473870 -1.002590 10
0.435193 -0.460606 -0.999010 10
0.385858 -0.485167 -1.002800 10
0.334690 -0.473940 -0.999671 10
0.281630 -0.440698 -0.992282 10
0.227323 -0.401178 -0.983688 10
0.177538 -0.419737 -0.986432 10
0.123924 -0.398307 -0.981409 10
0.068666 -0.366941 -0.974468 10
0.017556 -0.375472 -0.975343 10
-0.044039 -0.304407 -0.960684 10
-0.098311 -0.295698 -0.958236 10
-0.149808 -0.307309 -0.959796 10
-0.210163 -0.263863 -0.950599 10
-0.275306 -0.198658 -0.937153 10
-0.322859 -0.238060 -0.944246 10
-0.388861 -0.178485 -0.931948 10
-0.459121 -0.104865 -0.916908 10
-0.527957 -0.045988 -0.904781 10
-0.594739 -0.002732 -0.895744 10
-0.673823 0.088381 -0.877318 10
-1.137769 1.749671 -0.549913 2
-1.202350 1.702694 -0.558583 6
-1.356905 1.998142 -0.499863 11
-1.978946 1.065182 -0.680804 8
-1.986012 0.896292 -0.714166 8
-2.027385 0.817498 -0.729787 8
-2.026249 0.642364 -0.764457 8
-2.003187 0.425259 -0.807442 8
-2.017122 0.299930 -0.832350 8
-2.008044 0.130019 -0.866082 8
-2.085047 0.148393 -0.862712 8
-2.154965 0.150076 -0.862673 8
-2.043999 -0.211791 -0.934324 8
-2.044237 -0.340324 -0.959999 8
-2.034372 -0.483313 -0.988541 8
-2.075476 -0.525836 -0.997320 8
-2.138394 -0.527841 -0.998157 8
-2.213635 -0.508985 -0.994930 8
-2.300035 -0.472730 -0.988325 8
-2.395836 -0.423268 -0.979173 8
-2.491092 -0.378098 -0.970918 8
2.098271 -1.262432 -1.152004 9
2.038524 -1.302732 -1.158090 9
1.974054 -1.362036 -1.167956 9
1.950991 -1.287248 -1.151637 9
1.920153 -1.234903 -1.139696 9
1.872036 -1.241956 -1.139423 9
1.836305 -1.203857 -1.130292 9
1.774370 -1.266075 -1.140959 9
1.736650 -1.235643 -1.133383 9
1.684624 -1.264312 -1.137519 9
1.642216 -1.253629 -1.133896 9
1.599831 -1.242671 -1.130238 9
1.600112 -1.022466 -1.084946 9
1.569862 -0.937441 -1.066491 9
1.572973 -0.662514 -1.010082 9
1.511621 -0.727508 -1.021524 10
1.456842 -0.761288 -1.026780 10
1.413380 -0.726791 -1.018387 10
1.361478 -0.747151 -1.021023 10
1.310687 -0.763182 -1.022828 10
1.264589 -0.744816 -1.017737 10
1.220544 -0.706154 -1.008567 10
1.170382 -0.719888 -1.009989 10
1.118298 -0.757879 -1.016353 10
1.066402 -0.803505 -1.024311 10
1.023383 -0.742785 -1.010743 10
0.978164 -0.698593 -1.000526 10
0.927507 -0.738897 -1.007496 10
0.882824 -0.664691 -0.991195 10
0.834513 -0.653436 -0.987715 10
0.786010 -0.642131 -0.984245 10
0.737074 -0.645618 -0.983815 10
0.688056 -0.677582 -0.989236 10
0.639393 -0.644316 -0.981339 10
0.589702 -0.584857 -0.968082 10
0.539897 -0.570348 -0.964047 10
0.490007 -0.562557 -0.961409 10
0.440635 -0.571053 -0.962140 10
0.389558 -0.545240 -0.955837 10
0.338911 -0.535157 -0.952788 10
0.289437 -0.544728 -0.953810 10
0.238288 -0.532686 -0.950399 10
0.186172 -0.513659 -0.945564 10
0.132821 -0.487157 -0.939201 10
0.078842 -0.460650 -0.932851 10
0.026573 -0.453317 -0.930484 10
-0.028961 -0.423348 -0.923448 10
-0.078127 -0.443223 -0.926761 10
-0.133489 -0.420780 -0.921322 10
-0.190741 -0.390408 -0.914253 10
-0.248925 -0.359136 -0.907011 10
-0.295133 -0.397822 -0.914329 10
-0.356049 -0.357135 -0.905168 10
-0.418454 -0.314162 -0.895543 10
-0.479688 -0.281770 -0.888134 10
-0.539978 -0.257563 -0.882447 10
-0.606292 -0.210724 -0.872059 10
-0.673978 -0.163245 -0.861550 10
-0.739954 -0.127385 -0.853481 10
-0.796877 -0.129543 -0.853369 10
-0.877826 -0.045397 -0.835248 10
-0.955002 0.018302 -0.821411 10
-1.036128 0.089673 -0.805983 10
-1.900054 1.039577 -0.603681 8
-1.977611 1.046084 -0.602003 8
-1.946887 0.784573 -0.656579 8
-2.000946 0.738763 -0.665951 8
-1.970172 0.496583 -0.716565 8
-1.997669 0.397880 -0.737111 8
-1.939106 0.112940 -0.796784 8
-2.003214 0.105177 -0.798314 8
-2.062507 0.086455 -0.802174 8
-2.020816 -0.139289 -0.849525 8
-2.014672 -0.284368 -0.879972 8
-2.038510 -0.365297 -0.896981 8
-2.021734 -0.520938 -0.929701 8
-2.042604 -0.600546 -0.946486 8
-2.068749 -0.668095 -0.960766 8
-2.157600 -0.622391 -0.951303 8
-2.236381 -0.597372 -0.946212 8
-2.300209 -0.600031 -0.946959 8
-2.397981 -0.547398 -0.936139 8
-2.480642 -0.522811 -0.931235 8
2.092801 -1.295302 -1.105956 9
2.040571 -1.312578 -1.107925 9
1.995581 -1.308522 -1.105507 9
1.929901 -1.374338 -1.117634 9
1.902972 -1.311312 -1.103008 9
1.872295 -1.257854 -1.090357 9
1.836858 -1.218884 -1.080721 9
1.791981 -1.214405 -1.078299 9
1.738169 -1.246722 -1.083609 9
1.703711 -1.200653 -1.072511 9
1.647963 -1.245655 -1.080552 9
1.596630 -1.275300 -1.085410 9
1.568117 -1.197431 -1.067640 9
1.572718 -0.942274 -1.012411 9
1.568764 -0.706267 -0.961099 9
1.507877 -0.769993 -0.973136 10
1.463230 -0.743732 -0.966153 10
1.411808 -0.758862 -0.967966 10
1.354672 -0.816610 -0.978871 10
1.310845 -0.784844 -0.970774 10
1.259115 -0.812437 -0.975333 10
1.214693 -0.781914 -0.967525 10
1.170379 -0.745479 -0.958459 10
1.116245 -0.806142 -0.970168 10
1.071993 -0.765269 -0.960179 10
1.023751 -0.767847 -0.959508 10
0.979921 -0.704254 -0.944651 10
0.925624 -0.808847 -0.965933 10
0.881709 -0.730494 -0.947918 10
0.835442 -0.676000 -0.935025 10
0.786935 -0.668233 -0.932202 10
0.738413 -0.652885 -0.927758 10
0.688902 -0.755735 -0.948869 10
0.640899 -0.728015 -0.941799 10
0.592705 -0.726503 -0.940410 10
0.542890 -0.658372 -0.924598 10
0.495637 -0.707672 -0.934254 10
0.443750 -0.628356 -0.916016 10
0.402216 -0.774016 -0.946668 10
0.344805 -0.623027 -0.912853 10
0.292316 -0.581289 -0.902787 10
0.243964 -0.600370 -0.905979 10
0.194731 -0.606738 -0.906422 10
0.144445 -0.602508 -0.904570 10
0.088799 -0.552304 -0.892689 10
0.040749 -0.573138 -0.896342 10
-0.011990 -0.556365 -0.891788 10
-0.064077 -0.547432 -0.888963 10
-0.124491 -0.486037 -0.874651 10
-0.174438 -0.497487 -0.876317 10
-0.231070 -0.469863 -0.869425 10
-0.284121 -0.465805 -0.867718 10
-0.335391 -0.472344 -0.868356 10
-0.388590 -0.469694 -0.866992 10
-0.452495 -0.418138 -0.854878 10
-0.510913 -0.396789 -0.849419 10
-0.558201 -0.425810 -0.855074 10
-0.622139 -0.385297 -0.845418 10
-0.694017 -0.317954 -0.829845 10
-0.756814 -0.291125 -0.823219 10
-0.811622 -0.296291 -0.823672 10
-0.871949 -0.282850 -0.820031 10
-0.955085 -0.194702 -0.799877 10
-1.015050 -0.188936 -0.797953 10
-1.092695 -0.129173 -0.784088 10
-1.157716 -0.112704 -0.779819 10
-1.226934 -0.086058 -0.773309 10
-1.317897 -0.000326 -0.753707 10
-1.906964 1.042014 -0.520547 8
-1.976934 1.028656 -0.522894 8
-1.940829 0.754429 -0.583247 8
-1.973074 0.656909 -0.604380 8
-1.958226 0.453917 -0.649010 8
-1.961685 0.301672 -0.682403 8
-1.999380 0.231411 -0.697592 8
-1.973018 0.025936 -0.742917 8
-1.988618 -0.082717 -0.766727 8
-1.988048 -0.220274 -0.797010 8
-1.997292 -0.332843 -0.821762 8
-1.992202 -0.469120 -0.851831 8
-2.027483 -0.523524 -0.863680 8
-2.023182 -0.649986 -0.891624 8
-2.019504 -0.770700 -0.918316 8
-2.096448 -0.744317 -0.912220 8
-2.170235 -0.725720 -0.907878 8
-2.242573 -0.711561 -0.904544 8
-2.341525 -0.655121 -0.891790 8
-2.401563 -0.665372 -0.893942 8
-2.487495 -0.635347 -0.887122 8
2.117410 -1.376727 -1.072521 9
2.090415 -1.318717 -1.058371 9
2.036111 -1.342695 -1.062179 9
1.996865 -1.320704 -1.055930 9
1.914116 -1.443151 -1.081452 9
1.890952 -1.369371 -1.063854 9
1.851936 -1.347741 -1.057730 9
1.828429 -1.267392 -1.038642 9
1.786867 -1.251466 -1.033772 9
1.728272 -1.303994 -1.044073 9
1.683735 -1.302605 -1.042465 9
1.654480 -1.234431 -1.026041 9
1.616030 -1.203161 -1.017802 9
1.581801 -1.149131 -1.004493 9
1.569265 -0.979419 -0.965379 9
1.533725 -0.916003 -0.949915 10
1.501270 -0.828545 -0.929060 10
1.461263 -0.777009 -0.916212 10
1.399655 -0.858973 -0.933265 10
1.347709 -0.886619 -0.938194 10
1.297732 -0.904706 -0.941007 10
1.248032 -0.924393 -0.944204 10
1.218292 -0.774886 -0.909341 10
1.160645 -0.863542 -0.928090 10
1.121216 -0.780163 -0.908086 10
1.067037 -0.851396 -0.922975 10
1.027020 -0.754227 -0.899838 10
0.979019 -0.750680 -0.897859 10
0.926748 -0.823763 -0.913256 10
0.878143 -0.849106 -0.917874 10
0.835422 -0.724890 -0.888560 10
0.785091 -0.800996 -0.904731 10
0.737668 -0.790408 -0.901227 10
0.690175 -0.758757 -0.892935 10
0.642375 -0.812550 -0.904119 10
0.595522 -0.858496 -0.913548 10
0.546923 -0.791983 -0.897327 10
0.493720 -0.627363 -0.858662 10
0.446474 -0.676857 -0.868931 10
0.402323 -0.767068 -0.888559 10
0.356575 -0.804391 -0.896113 10
0.307586 -0.787931 -0.891354 10
0.255730 -0.741626 -0.879747 10
0.207976 -0.750331 -0.880776 10
0.159957 -0.755632 -0.881037 10
0.105783 -0.706238 -0.868720 10
0.049987 -0.652536 -0.855402 10
-0.004377 -0.618632 -0.846640 10
-0.053638 -0.626144 -0.847435 10
-0.111896 -0.574702 -0.834627 10
-0.158820 -0.600117 -0.839577 10
-0.213244 -0.580142 -0.834047 10
-0.273995 -0.528782 -0.821254 10
-0.317762 -0.571572 -0.830268 10
-0.374211 -0.548738 -0.824091 10
-0.432633 -0.519827 -0.816507 10
-0.491727 -0.491529 -0.809066 10
-0.542642 -0.501549 -0.810530 10
-0.609440 -0.446885 -0.796965 10
-0.662581 -0.451111 -0.797098 10
-0.721854 -0.432948 -0.792028 10
-0.776606 -0.433510 -0.791326 10
-0.840087 -0.404650 -0.783774 10
-0.905899 -0.371046 -0.775115 10
-0.971767 -0.340627 -0.767200 10
-1.033226 -0.327094 -0.763232 10
-1.095594 -0.312747 -0.759079 10
-1.170642 -0.263233 -0.746704 10
-1.247380 -0.213082 -0.734176 10
-1.299805 -0.233968 -0.738284 10
-1.380321 -0.179726 -0.724798 10
-1.459659 -0.132804 -0.713024 10
-1.526769 -0.120467 -0.709363 10
-1.618678 -0.049268 -0.691888 10
-1.700648 -0.006781 -0.681149 10
-1.865343 0.223884 -0.626173 8
-1.864577 0.067995 -0.662068 8
-1.877324 -0.051391 -0.689423 8
-1.923996 -0.093296 -0.698575 8
-2.006614 -0.059278 -0.689861 8
-1.969499 -0.271965 -0.739302 8
-1.934548 -0.471274 -0.785650 8
-2.010733 -0.446726 -0.779235 8
-2.024444 -0.542812 -0.801303 8
-2.018115 -0.672684 -0.831383 8
-2.018610 -0.785443 -0.857458 8
-2.059397 -0.823084 -0.865809 8
-2.147110 -0.779155 -0.854883 8
-2.207996 -0.783616 -0.855407 8
-2.275218 -0.778589 -0.853696 8
-2.359866 -0.746808 -0.845655 8
-2.425144 -0.748213 -0.845482 8
-2.516582 -0.710295 -0.835996 8
2.128363 -1.360794 -1.016688 9
2.083007 -1.357111 -1.014539 9
2.031015 -1.374640 -1.017313 9
1.997768 -1.334101 -1.006654 9
1.937476 -1.381424 -1.016375 9
1.892395 -1.380683 -1.014970 9
1.836410 -1.419739 -1.022836 9
1.794385 -1.410824 -1.019564 9
1.765735 -1.350289 -1.004263 9
1.731117 -1.309545 -0.993561 9
1.686963 -1.306204 -0.991592 9
1.654060 -1.253907 -0.978177 9
1.629372 -1.159624 -0.954909 9
1.651521 -0.830199 -0.876448 9
1.604319 -0.820328 -0.872863 9
1.549610 -0.850619 -0.878727 10
1.486499 -0.933076 -0.896896 10
1.449648 -0.868262 -0.880422 10
1.396363 -0.901427 -0.887034 10
1.353563 -0.868142 -0.877986 10
1.295791 -0.941205 -0.894068 10
1.254540 -0.895348 -0.882059 10
1.209348 -0.876548 -0.876447 10
1.161987 -0.875637 -0.875077 10
1.118348 -0.836554 -0.864658 10
1.071575 -0.825884 -0.860979 10
1.025117 -0.809192 -0.855872 10
0.974623 -0.849715 -0.864387 10
0.929213 -0.814638 -0.854916 10
0.878338 -0.884227 -0.870401 10
0.831695 -0.875760 -0.867292 10
0.785485 -0.845351 -0.858944 10
0.737894 -0.863864 -0.862293 10
0.690656 -0.885842 -0.866487 10
0.643816 -0.896810 -0.868060 10
0.597313 -0.917431 -0.871961 10
0.548977 -0.842345 -0.852901 10
0.502785 -0.877539 -0.860315 10
0.453578 -0.827298 -0.847204 10
0.405803 -0.823708 -0.845308 10
0.356870 -0.803672 -0.839454 10
0.306831 -0.774749 -0.831456 10
0.259647 -0.788114 -0.833658 10
0.209800 -0.770747 -0.828448 10
0.162342 -0.780865 -0.829883 10
0.115101 -0.791987 -0.831570 10
0.061099 -0.747092 -0.819701 10
0.009141 -0.725256 -0.813408 10
-0.051371 -0.647525 -0.793552 10
-0.098839 -0.666203 -0.797078 10
-0.139616 -0.724485 -0.810241 10
-0.181903 -0.768124 -0.819871 10
-0.232531 -0.762373 -0.817501 10
-0.289303 -0.726420 -0.807777 10
-0.360894 -0.622363 -0.781439 10
-0.401827 -0.672268 -0.792630 10
-0.473783 -0.580457 -0.769240 10
-0.516994 -0.619970 -0.777911 10
-0.586695 -0.549202 -0.759630 10
-0.644896 -0.530108 -0.753973 10
-0.700819 -0.522043 -0.751014 10
-0.757430 -0.513097 -0.747840 10
-0.814145 -0.505444 -0.744984 10
-0.879907 -0.469045 -0.735069 10
-0.932245 -0.479577 -0.736676 10
-1.007336 -0.419362 -0.720892 10
-1.065420 -0.415499 -0.718957 10
-1.120645 -0.421284 -0.719399 10
-1.199687 -0.360318 -0.703393 10
-1.262300 -0.349232 -0.699671 10
-1.324587 -0.340754 -0.696590 10
-1.396403 -0.309217 -0.687812 10
-1.467701 -0.281880 -0.680063 10
-1.520371 -0.302664 -0.684211 10
-1.608675 -0.238815 -0.667413 10
-1.686968 -0.202664 -0.657456 10
-1.769364 -0.160341 -0.645957 10
-1.833928 -0.160465 -0.644977 10
-1.903677 -0.150699 -0.641542 8
-1.940959 -0.210230 -0.655328 8
-1.944553 -0.336460 -0.685725 8
-1.927799 -0.498096 -0.724982 8
-2.015679 -0.450804 -0.712257 8
-2.034898 -0.536591 -0.732688 8
-1.981125 -0.754225 -0.786041 8
-2.037328 -0.764833 -0.787792 8
-1.998882 -0.942828 -0.831363 8
-2.101165 -0.871668 -0.812709 8
-2.170442 -0.860362 -0.809003 8
-2.246498 -0.839544 -0.802910 8
-2.319127 -0.826319 -0.798711 8
-2.385655 -0.824473 -0.797359 8
-2.473692 -0.790722 -0.788000 8
2.099468 -1.460416 -0.988271 9
2.067603 -1.419212 -0.977128 9
2.039454 -1.364611 -0.962708 9
1.992910 -1.365907 -0.961906 9
1.942883 -1.379699 -0.964166 9
1.920999 -1.298764 -0.943279 9
1.860565 -1.349898 -0.954686 9
1.810732 -1.366662 -0.957705 9
1.769966 -1.350709 -0.952716 9
1.723150 -1.358557 -0.953570 9
1.712802 -1.215103 -0.917249 9
1.667103 -1.214330 -0.915967 9
1.703357 -0.838163 -0.822243 9
1.650266 -0.855980 -0.825465 9
1.604283 -0.840555 -0.820499 9
1.546194 -0.889105 -0.831335 10
1.497765 -0.889559 -0.830309 10
1.459458 -0.830254 -0.814501 10
1.400592 -0.895550 -0.829536 10
1.354535 -0.883304 -0.825381 10
1.307121 -0.880116 -0.823474 10
1.255901 -0.907489 -0.829163 10
1.211290 -0.883630 -0.822131 10
1.163410 -0.886984 -0.821865 10
1.120022 -0.845246 -0.810372 10
1.074074 -0.824462 -0.804090 10
1.023498 -0.859914 -0.811837 10
0.978258 -0.826417 -0.802381 10
0.928810 -0.856774 -0.808879 10
0.878703 -0.915325 -0.822450 10
0.831325 -0.931875 -0.825530 10
0.785026 -0.921136 -0.821780 10
0.737419 -0.977360 -0.834830 10
0.691434 -0.959434 -0.829286 10
0.645042 -0.925159 -0.819626 10
0.598230 -0.911304 -0.815091 10
0.551556 -0.916084 -0.815245 10
0.505456 -0.936128 -0.819250 10
0.457817 -0.911815 -0.812076 10
0.412957 -0.950043 -0.820684 10
0.361073 -0.865131 -0.798191 10
0.314361 -0.875366 -0.799728 10
0.268333 -0.892227 -0.802948 10
0.215096 -0.828579 -0.785777 10
0.175789 -0.913719 -0.806311 10
0.123699 -0.871269 -0.794498 10
0.080234 -0.906810 -0.802479 10
0.033084 -0.910111 -0.802280 10
-0.039721 -0.734473 -0.756545 10
-0.085316 -0.760557 -0.762111 10
-0.113428 -0.891308 -0.794369 10
-0.164510 -0.875252 -0.789229 10
-0.219106 -0.842744 -0.779879 10
-0.277545 -0.794765 -0.766560 10
-0.353525 -0.666689 -0.732729 10
-0.405520 -0.663570 -0.730831 10
-0.445825 -0.713607 -0.742552 10
-0.487420 -0.754676 -0.751993 10
-0.566933 -0.639065 -0.721232 10
-0.619909 -0.637315 -0.719669 10
-0.673531 -0.634248 -0.717765 10
-0.736802 -0.597652 -0.707226 10
-0.799093 -0.568136 -0.698493 10
-0.859465 -0.548146 -0.692198 10
-0.923476 -0.518809 -0.683479 10
-0.985124 -0.499836 -0.677419 10
-1.039863 -0.503952 -0.677315 10
-1.095151 -0.507236 -0.676993 10
-1.162181 -0.478180 -0.668293 10
-1.234189 -0.438312 -0.656773 10
-1.287511 -0.451530 -0.659000 10
-1.363162 -0.407453 -0.646351 10
-1.429114 -0.391279 -0.640928 10
-1.481997 -0.408937 -0.644291 10
-1.561569 -0.363514 -0.631232 10
-1.642016 -0.319629 -0.618546 10
-1.711769 -0.303195 -0.612992 10
-1.776208 -0.300385 -0.610979 10
-1.845426 -0.288701 -0.606639 10
-1.960290 -0.183975 -0.577948 8
-1.941383 -0.356592 -0.621806 8
-1.951746 -0.464189 -0.648701 8
-2.008230 -0.478856 -0.651266 8
-2.041626 -0.537503 -0.665376 8
-1.991201 -0.748818 -0.719626 8
-2.013245 -0.821350 -0.737466 8
-1.998425 -0.956498 -0.771820 8
-2.000584 -1.057571 -0.797254 8
-2.129035 -0.943231 -0.765898 8
-2.222362 -0.892709 -0.751325 8
-2.286092 -0.893087 -0.750170 8
-2.353606 -0.888685 -0.747739 8
-2.418928 -0.889041 -0.746552 8
-2.491012 -0.880410 -0.742971 8
2.165971 -1.418540 -0.926815 9
2.104275 -1.462196 -0.937008 9
2.071477 -1.423525 -0.926162 9
2.036432 -1.390033 -0.916628 9
1.986376 -1.402902 -0.918964 9
1.952783 -1.363258 -0.907838 9
1.901908 -1.380657 -0.911343 9
1.848683 -1.408584 -0.917564 9
1.827639 -1.320867 -0.894056 9
1.756747 -1.418192 -0.918146 9
1.718668 -1.393338 -0.910802 9
1.688842 -1.332702 -0.894222 9
1.740625 -0.911217 -0.784484 9
1.700290 -0.871680 -0.773224 9
1.644367 -0.903945 -0.780510 9
1.592589 -0.919578 -0.783509 9
1.538761 -0.948763 -0.790025 10
1.504682 -0.871029 -0.768842 10
1.445113 -0.937014 -0.784909 10
1.389992 -0.984183 -0.796120 10
1.352415 -0.919469 -0.778278 10
1.303222 -0.930923 -0.780217 10
1.254437 -0.941902 -0.782038 10
1.209587 -0.921986 -0.775815 10
1.165928 -0.888079 -0.765934 10
1.120376 -0.867636 -0.759551 10
1.073978 -0.853152 -0.754715 10
1.030469 -0.798164 -0.739284 10
0.975222 -0.903629 -0.765806 10
0.930536 -0.860974 -0.753587 10
0.883191 -0.857944 -0.751734 10
0.834259 -0.897379 -0.761015 10
0.786616 -0.919084 -0.765657 10
0.739256 -0.950661 -0.772901 10
0.692598 -0.972969 -0.777719 10
0.646283 -0.961147 -0.773562 10
0.599594 -0.939163 -0.766720 10
0.554179 -0.992716 -0.779780 10
0.507366 -0.971957 -0.773253 10
0.460576 -0.962193 -0.769616 10
0.411786 -0.918993 -0.757133 10
0.362847 -0.887986 -0.747853 10
0.313925 -0.866567 -0.741093 10
0.263439 -0.832267 -0.730905 10
0.230681 -0.997303 -0.773571 10
0.178459 -0.941668 -0.757724 10
0.128746 -0.919009 -0.750609 10
0.078839 -0.899340 -0.744274 10
0.029799 -0.890036 -0.740683 10
-0.019459 -0.881392 -0.737258 10
-0.080480 -0.798080 -0.713913 10
-0.126694 -0.816543 -0.717685 10
-0.168754 -0.857630 -0.727503 10
-0.204621 -0.928678 -0.745346 10
-0.248184 -0.953497 -0.750844 10
-0.333399 -0.773230 -0.701411 10
-0.384392 -0.770345 -0.699442 10
-0.433048 -0.779013 -0.700564 10
-0.489862 -0.753270 -0.692439 10
-0.550944 -0.713339 -0.680478 10
-0.602438 -0.714928 -0.679661 10
-0.670132 -0.656824 -0.662758 10
-0.728239 -0.638574 -0.656561 10
-0.785212 -0.626579 -0.652033 10
-0.837130 -0.633288 -0.652542 10
-0.895540 -0.619627 -0.647536 10
-0.951699 -0.614888 -0.644926 10
-1.008785 -0.608682 -0.641906 10
-1.072961 -0.583260 -0.633659 10
-1.105969 -0.648306 -0.649948 10
-1.203510 -0.534068 -0.617538 10
-1.258352 -0.540877 -0.617982 10
-1.325660 -0.516266 -0.609860 10
-1.379589 -0.527575 -0.611502 10
-1.460760 -0.473135 -0.595195 10
-1.502046 -0.517024 -0.605703 10
-1.595669 -0.439306 -0.582967 10
-1.655057 -0.443445 -0.582578 10
-1.724328 -0.426950 -0.576521 10
-1.773684 -0.454755 -0.582592 10
-1.886044 -0.351799 -0.552749 8
-1.907234 -0.439294 -0.575191 8
-1.969370 -0.443008 -0.574606 8
-1.990508 -0.526609 -0.596021 8
-2.025771 -0.580920 -0.609388 8
-1.987218 -0.769318 -0.659809 8
-1.986488 -0.882433 -0.689513 8
-1.969785 -1.019542 -0.725914 8
-2.017789 -1.040825 -0.730279 8
-2.055334 -1.079795 -0.739548 8
-2.121314 -1.071613 -0.735721 8
-2.280570 -0.915487 -0.690703 8
-2.326902 -0.944239 -0.697059 8
-2.393670 -0.941613 -0.694659 8
-2.492689 -0.891871 -0.679074 8
-2.506140 -0.971244 -0.699538 8
2.214466 -1.429880 -0.877921 9
2.168355 -1.427689 -0.876540 9
2.127781 -1.410335 -0.871090 9
2.081644 -1.409231 -0.869992 9
2.026084 -1.437828 -0.876864 9
1.985341 -1.422269 -0.871882 9
1.938702 -1.425836 -0.872033 9
1.894851 -1.421031 -0.869931 9
1.849846 -1.420797 -0.869054 9
1.791281 -1.471219 -0.881824 9
1.761422 -1.416842 -0.866352 9
1.731096 -1.360588 -0.850349 9
1.683183 -1.373380 -0.852965 9
1.701267 -1.101318 -0.778606 9
1.693221 -0.923257 -0.729556 9
1.634569 -0.970263 -0.741341 9
1.605547 -0.874130 -0.714374 9
1.541046 -0.956514 -0.735748 10
1.487766 -0.986401 -0.742911 10
1.440836 -0.983076 -0.741067 10
1.393805 -0.980867 -0.739520 10
1.348868 -0.965089 -0.734278 10
1.306216 -0.931288 -0.724121 10
1.262964 -0.897735 -0.714012 10
1.211526 -0.929071 -0.721564 10
1.164668 -0.924524 -0.719338 10
1.117731 -0.920777 -0.717323 10
1.069806 -0.928425 -0.718412 10
1.026057 -0.884866 -0.705503 10
0.978437 -0.886895 -0.705038 10
0.930112 -0.902915 -0.708398 10
0.883138 -0.898047 -0.706034 10
0.835323 -0.914136 -0.709408 10
0.787247 -0.952684 -0.718945 10
0.740421 -0.964370 -0.721114 10
0.693401 -1.036362 -0.739856 10
0.647421 -0.963120 -0.718672 10
0.601267 -0.991768 -0.725498 10
0.554177 -0.954677 -0.714216 10
0.507750 -0.961303 -0.714964 10
0.463302 -1.011991 -0.727868 10
0.415617 -0.982781 -0.718716 10
0.364867 -0.914793 -0.698821 10
0.311956 -0.836661 -0.676077 10
0.277224 -0.998046 -0.719620 10
0.229387 -0.984082 -0.714626 10
0.186169 -1.018590 -0.723064 10
0.135496 -0.981777 -0.711704 10
0.079829 -0.911286 -0.690955 10
0.035127 -0.934683 -0.696278 10
-0.011580 -0.941647 -0.697027 10
-0.048112 -1.014808 -0.716216 10
-0.107699 -0.938963 -0.693867 10
-0.151855 -0.961567 -0.698954 10
-0.209745 -0.908027 -0.682762 10
-0.260561 -0.897385 -0.678528 10
-0.302341 -0.932775 -0.687166 10
-0.354376 -0.918051 -0.681764 10
-0.437739 -0.766921 -0.638071 10
-0.472282 -0.836611 -0.656294 10
-0.531510 -0.801333 -0.645034 10
-0.580758 -0.808637 -0.645722 10
-0.645361 -0.759053 -0.630374 10
-0.704441 -0.734018 -0.621905 10
-0.765231 -0.705900 -0.612535 10
-0.799416 -0.769315 -0.628996 10
-0.842532 -0.800597 -0.636389 10
-0.924820 -0.709199 -0.609044 10
-0.980187 -0.705581 -0.606510 10
-1.033906 -0.707975 -0.605661 10
-1.086866 -0.713364 -0.605646 10
-1.141565 -0.714696 -0.604461 10
-1.222630 -0.647238 -0.583670 10
-1.292633 -0.613153 -0.572329 10
-1.358208 -0.593108 -0.564951 10
-1.381558 -0.677606 -0.587409 10
-1.412088 -0.741611 -0.604040 10
-1.483022 -0.710554 -0.593466 10
-1.616173 -0.543263 -0.543780 10
-1.678901 -0.538922 -0.540738 10
-1.774044 -0.467224 -0.518305 10
-1.837418 -0.465908 -0.516053 10
-1.894200 -0.479103 -0.517954 8
-1.952644 -0.489561 -0.519049 8
-2.001760 -0.518598 -0.525492 8
-1.974480 -0.690581 -0.573288 8
-1.956247 -0.839178 -0.614414 8
-1.959300 -0.944041 -0.642940 8
-1.974660 -1.023778 -0.664221 8
-1.980777 -1.116842 -0.689415 8
-2.045101 -1.109705 -0.685463 8
-2.172901 -1.000344 -0.651648 8
-2.255648 -0.968840 -0.640458 8
-2.283051 -1.026366 -0.655263 8
-2.337941 -1.040583 -0.657392 8
-2.431494 -0.997499 -0.642679 8
-2.514755 -0.972513 -0.633212 8
2.247198 -1.357580 -0.804552 9
2.170003 -1.438912 -0.826737 9
2.130841 -1.417486 -0.820098 9
2.085588 -1.413541 -0.818352 9
2.033570 -1.430877 -0.822577 9
1.975541 -1.469290 -0.832724 9
1.946268 -1.417183 -0.817413 9
1.901274 -1.415456 -0.816256 9
1.853358 -1.424749 -0.818193 9
1.800304 -1.454429 -0.825870 9
1.763556 -1.425278 -0.816961 9
1.712002 -1.453272 -0.824154 9
1.675337 -1.422896 -0.814872 9
1.623179 -1.457666 -0.823971 9
1.670752 -1.044361 -0.706437 9
1.647678 -0.927138 -0.672480 9
1.595267 -0.945515 -0.676844 9
1.542274 -0.969899 -0.682905 10
1.495050 -0.965803 -0.680895 10
1.430862 -1.062595 -0.707477 10
1.389986 -1.025828 -0.696193 10
1.341714 -1.034731 -0.697850 10
1.305369 -0.959571 -0.675618 10
1.268009 -0.881323 -0.652469 10
1.224107 -0.846007 -0.641492 10
1.158669 -1.004689 -0.685717 10
1.111019 -1.015107 -0.687756 10
1.067355 -0.983374 -0.677771 10
1.018271 -1.014143 -0.685594 10
0.974359 -0.978467 -0.674447 10
0.928662 -0.962292 -0.668846 10
0.881577 -0.969441 -0.669895 10
0.835382 -0.957646 -0.665513 10
0.788757 -0.953878 -0.663413 10
0.740336 -1.049454 -0.689769 10
0.694423 -1.066985 -0.693771 10
0.648791 -1.056000 -0.689583 10
0.602709 -1.027212 -0.680264 10
0.557489 -1.063053 -0.689499 10
0.511671 -1.059190 -0.687313 10
0.463841 -1.010603 -0.672232 10
0.418083 -1.020766 -0.674047 10
0.373511 -1.047439 -0.680615 10
0.325093 -1.014616 -0.670006 10
0.284609 -1.086506 -0.689622 10
0.229629 -0.987411 -0.659811 10
0.190538 -1.063000 -0.680498 10
0.135456 -0.984423 -0.656544 10
0.090228 -0.999622 -0.659727 10
0.035974 -0.945674 -0.642831 10
-0.009520 -0.961267 -0.646094 10
-0.057039 -0.962493 -0.645171 10
-0.099360 -0.996126 -0.653664 10
-0.150493 -0.976112 -0.646529 10
-0.201255 -0.961217 -0.640857 10
-0.255636 -0.930225 -0.630460 10
-0.297301 -0.965167 -0.639294 10
-0.345534 -0.967196 -0.638502 10
-0.413570 -0.882438 -0.612279 10
-0.461192 -0.892298 -0.613720 10
-0.513125 -0.884815 -0.610058 10
-0.560082 -0.898152 -0.612486 10
-0.630960 -0.822348 -0.588689 10
-0.689894 -0.796035 -0.579391 10
-0.731738 -0.831506 -0.588262 10
-0.800598 -0.775671 -0.570194 10
-0.864229 -0.741458 -0.558452 10
-0.908873 -0.769326 -0.565023 10
-0.976294 -0.728166 -0.551150 10
-1.012344 -0.781529 -0.565243 10
-1.060883 -0.797502 -0.568252 10
-1.118919 -0.787673 -0.563579 10
-1.194200 -0.733937 -0.545809 10
-1.283678 -0.648002 -0.518379 10
-1.341604 -0.646524 -0.516047 10
-1.373600 -0.708893 -0.532754 10
-1.402461 -0.776271 -0.550977 10
-1.474704 -0.741819 -0.538730 10
-1.547952 -0.708013 -0.526619 10
-1.622226 -0.674817 -0.514631 10
-1.663751 -0.713647 -0.524239 10
-1.723710 -0.713644 -0.522154 10
-2.086410 -0.106274 -0.336889 8
-1.904279 -0.598002 -0.482960 8
-2.009395 -0.517647 -0.456417 8
-1.938739 -0.770690 -0.530741 8
-1.995078 -0.781372 -0.531743 8
-2.026053 -0.837930 -0.546653 8
-1.923850 -1.125083 -0.631743 8
-1.973125 -1.142524 -0.634872 8
-2.042195 -1.127337 -0.628020 8
-2.088706 -1.150667 -0.632890 8
-2.237724 -1.010834 -0.587769 8
-2.293106 -1.024100 -0.589431 8
-2.320152 -1.081204 -0.604535 8
-2.398704 -1.060197 -0.595608 8
-2.453294 -1.076292 -0.598054 8
2.236362 -1.527153 -0.800297 9
2.205234 -1.486101 -0.787847 9
2.190546 -1.397948 -0.761563 9
2.115473 -1.477229 -0.784358 9
2.071502 -1.471012 -0.782069 9
2.026962 -1.466979 -0.780406 9
1.993528 -1.428570 -0.768631 9
1.947175 -1.430418 -0.768661 9
1.875047 -1.520388 -0.794579 9
1.840376 -1.486633 -0.784124 9
1.807474 -1.444634 -0.771220 9
1.765159 -1.435775 -0.768046 9
1.716056 -1.453847 -0.772784 9
1.673936 -1.445542 -0.769744 9
1.719368 -1.059831 -0.655448 9
1.696612 -0.946353 -0.621303 9
1.643384 -0.966970 -0.626672 9
1.598419 -0.949471 -0.620780 9
1.590114 -0.738272 -0.557654 10
1.503144 -0.941017 -0.616775 10
1.442346 -1.015028 -0.637881 10
1.395676 -1.010836 -0.635859 10
1.348484 -1.010481 -0.634955 10
1.303355 -0.996131 -0.629890 10
1.255329 -1.002919 -0.631068 10
1.203403 -1.044685 -0.642606 10
1.158070 -1.034355 -0.638684 10
1.110908 -1.041414 -0.639904 10
1.064221 -1.045601 -0.640258 10
1.015524 -1.077520 -0.648843 10
0.972445 -1.037237 -0.635940 10
0.924412 -1.069315 -0.644550 10
0.882325 -0.991755 -0.620488 10
0.836213 -0.980222 -0.616064 10
0.789662 -0.977119 -0.614133 10
0.742382 -1.012549 -0.623689 10
0.695798 -1.051089 -0.634172 10
0.649868 -1.035452 -0.628452 10
0.603776 -1.032901 -0.626624 10
0.557102 -1.007215 -0.617846 10
0.511925 -1.044537 -0.627926 10
0.466586 -1.061122 -0.631784 10
0.420846 -1.064531 -0.631674 10
0.376535 -1.090482 -0.638322 10
0.330950 -1.092504 -0.637766 10
0.289277 -1.142142 -0.651526 10
0.235766 -1.054258 -0.623857 10
0.189506 -1.054918 -0.622823 10
0.142655 -1.051078 -0.620410 10
0.090144 -1.002804 -0.604550 10
0.044190 -1.011868 -0.605981 10
-0.000939 -1.026251 -0.609006 10
-0.050499 -1.010804 -0.602979 10
-0.094021 -1.034910 -0.608916 10
-0.143226 -1.024480 -0.604360 10
-0.200441 -0.972780 -0.587234 10
-0.244384 -0.995404 -0.592661 10
-0.297412 -0.972470 -0.584205 10
-0.337834 -1.010943 -0.594430 10
-0.381062 -1.034376 -0.600065 10
-0.425627 -1.050977 -0.603604 10
-0.508020 -0.914469 -0.560300 10
-0.562012 -0.899949 -0.554228 10
-0.598850 -0.951215 -0.568285 10
-0.656515 -0.925110 -0.558606 10
-0.693601 -0.972622 -0.571499 10
-0.765972 -0.900721 -0.547664 10
-0.826469 -0.872767 -0.537282 10
-0.863411 -0.920430 -0.550167 10
-0.936437 -0.858137 -0.529108 10
-1.008304 -0.804179 -0.510545 10
-1.041343 -0.863294 -0.526910 10
-1.119359 -0.797740 -0.504646 10
-1.179001 -0.785477 -0.498835 10
-1.237990 -0.776622 -0.494038 10
-1.279571 -0.812510 -0.503124 10
-1.346505 -0.786267 -0.492840 10
-1.416566 -0.755175 -0.480982 10
-1.474036 -0.755552 -0.478894 10
-1.548515 -0.719189 -0.465266 10
-1.611206 -0.711310 -0.460494 10
-1.684416 -0.682748 -0.449179 10
-1.744826 -0.683047 -0.446870 10
-2.057745 -0.178271 -0.285434 8
-1.904946 -0.610071 -0.418909 8
-2.122733 -0.315044 -0.323109 8
-1.935802 -0.789332 -0.470448 8
-1.947359 -0.881477 -0.497085 8
-1.902390 -1.071014 -0.554704 8
-1.923027 -1.139079 -0.573839 8
-1.970272 -1.160005 -0.577979 8
-2.043133 -1.138581 -0.568573 8
-2.088052 -1.164583 -0.574262 8
-2.160218 -1.147311 -0.566064 8
-2.241990 -1.117001 -0.553606 8
-2.296948 -1.129919 -0.554962 8
-2.306198 -1.211504 -0.578411 8
-2.442560 -1.105636 -0.541367 8
2.240876 -1.406576 -0.710408 9
2.264697 -1.209834 -0.649941 9
2.113546 -1.498452 -0.737981 9
2.065311 -1.504999 -0.739688 9
2.026970 -1.482859 -0.732591 9
1.994560 -1.441453 -0.719569 9
1.946453 -1.448949 -0.721503 9
1.874443 -1.538347 -0.748520 9
1.835221 -1.520799 -0.742748 9
1.802616 -1.478696 -0.729422 9
1.773173 -1.422079 -0.711615 9
1.724715 -1.436403 -0.715548 9
1.736241 -1.206428 -0.644463 9
1.721920 -1.067429 -0.601245 9
1.704520 -0.930015 -0.558458 9
1.650102 -0.954636 -0.565422 9
1.636165 -0.781794 -0.511647 9
1.602587 -0.693882 -0.483932 9
1.499948 -0.979055 -0.571002 10
1.440831 -1.044320 -0.590415 10
1.396757 -1.024918 -0.583741 10
1.351663 -1.010571 -0.578597 10
1.306054 -0.998715 -0.574196 10
1.247437 -1.086472 -0.600508 10
1.201259 -1.085758 -0.599512 10
1.160241 -1.038456 -0.584102 10
1.108830 -1.087495 -0.598434 10
1.058818 -1.132879 -0.611631 10
1.018733 -1.064527 -0.589625 10
0.971975 -1.074339 -0.591776 10
0.925305 -1.086971 -0.594783 10
0.880220 -1.072987 -0.589519 10
0.833736 -1.089129 -0.593576 10
0.784535 -1.214214 -0.631443 10
0.743168 -1.046959 -0.578507 10
0.696968 -1.062854 -0.582424 10
0.651079 -1.073582 -0.584717 10
0.605082 -1.058029 -0.578807 10
0.559438 -1.073262 -0.582461 10
0.512809 -1.049181 -0.573837 10
0.467222 -1.061994 -0.576693 10
0.420974 -1.058046 -0.574296 10
0.376292 -1.081281 -0.580371 10
0.333598 -1.126241 -0.593232 10
0.288129 -1.127465 -0.592394 10
0.245218 -1.156801 -0.600345 10
0.200729 -1.165843 -0.601920 10
0.150644 -1.124649 -0.587699 10
0.097740 -1.068244 -0.568646 10
0.045039 -1.022836 -0.552994 10
-0.000290 -1.035994 -0.555731 10
-0.042283 -1.069901 -0.564990 10
-0.081386 -1.117987 -0.578717 10
-0.137377 -1.064650 -0.560410 10
-0.183112 -1.073524 -0.561711 10
-0.223358 -1.110381 -0.571847 10
-0.275186 -1.088175 -0.563262 10
-0.334145 -1.036073 -0.545148 10
-0.386840 -1.017269 -0.537542 10
-0.422951 -1.070784 -0.552886 10
-0.469740 -1.077634 -0.553383 10
-0.520926 -1.067838 -0.548549 10
-0.600359 -0.955038 -0.510806 10
-0.644922 -0.976088 -0.515705 10
-0.695101 -0.977236 -0.514220 10
-0.734483 -1.014939 -0.524410 10
-0.808873 -0.939239 -0.498226 10
-0.862929 -0.932307 -0.494026 10
-0.916940 -0.926929 -0.490282 10
-0.974775 -0.911838 -0.483369 10
-1.046664 -0.859423 -0.464368 10
-1.099025 -0.864080 -0.463708 10
-1.140685 -0.897562 -0.472332 10
-1.220759 -0.832175 -0.448929 10
-1.300910 -0.771364 -0.426905 10
-1.347905 -0.794784 -0.432136 10
-1.412632 -0.776478 -0.423771 10
-1.476555 -0.762050 -0.416605 10
-1.540274 -0.749910 -0.410123 10
-1.576930 -0.797903 -0.423233 10
-1.623636 -0.823394 -0.428979 10
-1.717594 -0.751823 -0.402872 10
-1.829545 -0.648926 -0.366343 8
-1.900983 -0.631203 -0.357671 8
-1.917220 -0.720569 -0.384224 8
-1.917104 -0.837259 -0.419848 8
-1.958514 -0.874289 -0.429201 8
-1.911826 -1.066940 -0.490124 8
-1.929597 -1.140281 -0.511608 8
-2.002761 -1.117640 -0.501192 8
-2.024312 -1.182565 -0.519882 8
-2.074983 -1.198615 -0.522270 8
-2.176703 -1.134255 -0.497702 8
-2.191505 -1.208479 -0.519469 8
-2.226566 -1.249977 -0.530275 8
-2.303305 -1.229029 -0.520038 8
-2.378773 -1.211979 -0.511018 8
2.296504 -1.402789 -0.654731 9
2.219111 -1.480449 -0.679441 9
2.229734 -1.322483 -0.628990 9
2.103233 -1.543356 -0.699319 9
2.084515 -1.464631 -0.674081 9
2.023320 -1.509776 -0.688323 9
1.984955 -1.487582 -0.681060 9
1.938832 -1.489776 -0.681551 9
1.882255 -1.528054 -0.693532 9
1.833240 -1.543766 -0.698290 9
1.802756 -1.494529 -0.682290 9
1.771710 -1.444269 -0.665931 9
1.713277 -1.498008 -0.682757 9
1.785494 -1.022765 -0.530558 9
1.732169 -1.042177 -0.536334 9
1.698970 -0.974217 -0.514155 9
1.675568 -0.854424 -0.475358 9
1.637921 -0.793579 -0.455365 9
1.592616 -0.766990 -0.446293 10
1.494562 -1.028976 -0.529571 10
1.449656 -1.013064 -0.523885 10
1.406629 -0.984340 -0.514062 10
1.358753 -0.984816 -0.513564 10
1.308177 -1.005543 -0.519533 10
1.248010 -1.104233 -0.550496 10
1.204802 -1.079083 -0.541709 10
1.155562 -1.105203 -0.549353 10
1.109865 -1.101927 -0.547534 10
1.064037 -1.100265 -0.546205 10
1.019587 -1.081658 -0.539397 10
0.973131 -1.087587 -0.540454 10
0.925908 -1.109508 -0.546636 10
0.881038 -1.093150 -0.540462 10
0.837049 -1.046375 -0.524446 10
0.788186 -1.138308 -0.553143 10
0.742013 -1.186001 -0.567566 10
0.698155 -1.072759 -0.529979 10
0.652232 -1.084131 -0.532607 10
0.606545 -1.096734 -0.535612 10
0.560239 -1.070200 -0.525919 10
0.515758 -1.118165 -0.540329 10
0.468798 -1.085070 -0.528443 10
0.422764 -1.083314 -0.526683 10
0.379314 -1.124349 -0.538795 10
0.333270 -1.118971 -0.535808 10
0.288082 -1.126094 -0.536856 10
0.243264 -1.136468 -0.538937 10
0.190562 -1.069104 -0.515649 10
0.143277 -1.062556 -0.512136 10
0.093761 -1.039872 -0.503316 10
0.055930 -1.108886 -0.524430 10
0.019656 -1.179717 -0.546151 10
-0.028567 -1.164519 -0.539703 10
-0.080565 -1.129154 -0.526598 10
-0.119815 -1.171644 -0.538995 10
-0.170174 -1.150336 -0.530422 10
-0.222166 -1.123825 -0.520087 10
-0.257829 -1.179963 -0.536921 10
-0.298962 -1.206319 -0.543940 10
-0.363393 -1.128708 -0.516623 10
-0.433294 -1.035921 -0.484193 10
-0.467938 -1.093653 -0.501461 10
-0.514865 -1.100204 -0.501781 10
-0.572096 -1.069027 -0.489552 10
-0.656380 -0.944954 -0.446400 10
-0.706018 -0.949663 -0.445933 10
-0.732577 -1.031125 -0.470991 10
-0.798568 -0.982283 -0.452624 10
-0.858133 -0.957471 -0.442195 10
-0.917985 -0.934411 -0.432285 10
-0.958154 -0.970439 -0.442096 10
-1.046920 -0.869762 -0.406046 10
-1.094043 -0.888724 -0.410036 10
-1.159037 -0.860741 -0.398203 10
-1.206786 -0.879260 -0.401960 10
-1.262240 -0.878710 -0.399251 10
-1.318480 -0.877335 -0.396212 10
-1.401518 -0.814521 -0.372318 10
-1.418260 -0.906705 -0.400862 10
-1.511720 -0.825471 -0.370547 10
-1.568870 -0.827701 -0.368483 10
-1.609650 -0.865243 -0.378400 10
-1.676457 -0.848765 -0.369857 10
-1.856834 -0.607744 -0.284411 8
-1.848174 -0.747339 -0.329057 8
-1.883653 -0.797594 -0.343137 8
-1.873737 -0.930740 -0.385739 8
-1.903903 -0.986260 -0.401693 8
-1.912301 -1.078828 -0.430455 8
-1.941346 -1.132630 -0.445860 8
-1.982213 -1.165163 -0.453898 8
-2.001202 -1.233480 -0.474354 8
-2.062099 -1.232254 -0.470615 8
-2.108078 -1.255760 -0.475438 8
-2.167075 -1.259274 -0.473230 8
-2.185826 -1.324618 -0.492638 8
-2.347661 -1.176653 -0.437087 8
-2.406154 -1.185750 -0.436558 8
-2.544732 -1.082114 -0.396139 8
2.226512 -1.476606 -0.624194 9
2.194824 -1.434258 -0.610245 9
2.109033 -1.542615 -0.646273 9
2.079897 -1.494035 -0.630191 9
2.030755 -1.503254 -0.633256 9
1.968521 -1.554729 -0.650311 9
1.923612 -1.554893 -0.650309 9
1.882299 -1.543912 -0.646577 9
1.865672 -1.447363 -0.614414 9
1.806635 -1.496892 -0.630702 9
1.779033 -1.433475 -0.609468 9
1.724172 -1.472034 -0.622056 9
1.668923 -1.516386 -0.636541 9
1.754730 -0.964831 -0.453070 9
1.693104 -1.019604 -0.470926 9
1.658999 -0.951926 -0.448065 9
1.643589 -0.786156 -0.392555 9
1.587173 -0.816120 -0.402059 9
1.478096 -1.139393 -0.509086 10
1.446805 -1.050164 -0.478910 10
1.399175 -1.051544 -0.478837 10
1.353408 -1.041703 -0.474996 10
1.298672 -1.094987 -0.492145 10
1.250482 -1.107447 -0.495674 10
1.207086 -1.083110 -0.486907 10
1.160203 -1.086808 -0.487450 10
1.116855 -1.056790 -0.476713 10
1.065189 -1.113552 -0.494903 10
1.019430 -1.111494 -0.493434 10
0.974872 -1.092452 -0.486256 10
0.927046 -1.122939 -0.495599 10
0.880460 -1.141697 -0.500997 10
0.835940 -1.118130 -0.492202 10
0.791522 -1.075454 -0.476963 10
0.743871 -1.160243 -0.504398 10
0.698600 -1.169195 -0.506400 10
0.653443 -1.131916 -0.492856 10
0.608322 -1.163326 -0.502333 10
0.562310 -1.125239 -0.488432 10
0.517827 -1.160082 -0.499010 10
0.472834 -1.166748 -0.500087 10
0.424508 -1.107712 -0.478997 10
0.383486 -1.185946 -0.504127 10
0.335623 -1.148667 -0.490283 10
0.290996 -1.160532 -0.492981 10
0.241925 -1.122773 -0.478875 10
0.194400 -1.108320 -0.472596 10
0.144636 -1.077561 -0.460749 10
0.102923 -1.117896 -0.472947 10
0.065436 -1.184458 -0.494035 10
0.020537 -1.190939 -0.494721 10
-0.029160 -1.166357 -0.484812 10
-0.078213 -1.149617 -0.477516 10
-0.125352 -1.146635 -0.474858 10
-0.168776 -1.164844 -0.479387 10
-0.209386 -1.196310 -0.488419 10
-0.257128 -1.190950 -0.484843 10
-0.299063 -1.213692 -0.490842 10
-0.372410 -1.097401 -0.449168 10
-0.422584 -1.089471 -0.444538 10
-0.471937 -1.086411 -0.441532 10
-0.503950 -1.151171 -0.461811 10
-0.583980 -1.034435 -0.419582 10
-0.629031 -1.051734 -0.423434 10
-0.667422 -1.091419 -0.434989 10
-0.716589 -1.093683 -0.433590 10
-0.776439 -1.062775 -0.420656 10
-0.855838 -0.974928 -0.387890 10
-0.919770 -0.939744 -0.373280 10
-0.963196 -0.966669 -0.380190 10
-1.026423 -0.937830 -0.367644 10
-1.077043 -0.945722 -0.367832 10
-1.137066 -0.929562 -0.359566 10
-1.195309 -0.919873 -0.353491 10
-1.276555 -0.855081 -0.328021 10
-1.324886 -0.873775 -0.331745 10
-1.378299 -0.880651 -0.331271 10
-1.446842 -0.853935 -0.318902 10
-1.495728 -0.873040 -0.322618 10
-1.555275 -0.869329 -0.318221 10
-1.616147 -0.864117 -0.313221 10
-1.696581 -0.820363 -0.294457 10
-1.818673 -0.697042 -0.247248 8
-1.864496 -0.728844 -0.255105 8
-1.889433 -0.799813 -0.276926 8
-1.886550 -0.919986 -0.316392 8
-1.935722 -0.941731 -0.320648 8
-1.890437 -1.130132 -0.384781 8
-1.947128 -1.135401 -0.383142 8
-1.900664 -1.315219 -0.444471 8
-1.970816 -1.296177 -0.434037 8
-2.041908 -1.277562 -0.423647 8
-2.102185 -1.277900 -0.420036 8
-2.136475 -1.319378 -0.431340 8
-2.255796 -1.232072 -0.395571 8
-2.316216 -1.236510 -0.393165 8
-2.454138 -1.130044 -0.349943 8
2.276273 -1.486671 -0.572893 9
2.228360 -1.487570 -0.573531 9
2.164849 -1.531873 -0.589102 9
2.126275 -1.509873 -0.581761 9
2.070374 -1.537558 -0.591516 9
2.037924 -1.497703 -0.577945 9
1.988575 -1.508359 -0.581752 9
1.935989 -1.531036 -0.589665 9
1.891727 -1.528536 -0.588861 9
1.856821 -1.494401 -0.577116 9
1.809652 -1.502452 -0.579876 9
1.783687 -1.432860 -0.555835 9
1.725320 -1.484305 -0.573481 9
1.713728 -1.351268 -0.527490 9
1.737438 -1.057303 -0.425965 9
1.698322 -1.015533 -0.411345 9
1.663146 -0.952211 -0.389247 9
1.678551 -0.635370 -0.279645 9
1.551465 -1.021366 -0.412468 10
1.488584 -1.101769 -0.439844 10
1.430510 -1.164956 -0.461252 10
1.390840 -1.123726 -0.446577 10
1.348577 -1.094831 -0.436117 10
1.299896 -1.107954 -0.440132 10
1.253893 -1.103642 -0.438085 10
1.208760 -1.092309 -0.433572 10
1.167415 -1.045554 -0.416765 10
1.112667 -1.123567 -0.443085 10
1.070194 -1.084178 -0.428743 10
1.022227 -1.104273 -0.434955 10
0.978199 -1.074761 -0.423944 10
0.927489 -1.148059 -0.448533 10
0.882810 -1.130574 -0.441616 10
0.836666 -1.142252 -0.444778 10
0.792327 -1.101161 -0.429578 10
0.746449 -1.098080 -0.427532 10
0.699300 -1.231956 -0.473079 10
0.654630 -1.172637 -0.451413 10
0.609479 -1.177438 -0.452011 10
0.563920 -1.159526 -0.444657 10
0.519467 -1.188702 -0.453678 10
0.475657 -1.219869 -0.463370 10
0.432264 -1.247655 -0.471860 10
0.387503 -1.245172 -0.469744 10
0.334797 -1.134496 -0.429731 10
0.293553 -1.190667 -0.448040 10
0.254164 -1.255268 -0.469298 10
0.200776 -1.172117 -0.438721 10
0.151190 -1.138378 -0.425400 10
0.106159 -1.147917 -0.427227 10
0.066344 -1.195750 -0.442491 10
0.026401 -1.236693 -0.455320 10
-0.021120 -1.224017 -0.449230 10
-0.075465 -1.172470 -0.429369 10
-0.114631 -1.214335 -0.442430 10
-0.165082 -1.191702 -0.432664 10
-0.212403 -1.188267 -0.429634 10
-0.245484 -1.254785 -0.451358 10
-0.301130 -1.212072 -0.434316 10
-0.377831 -1.082021 -0.386146 10
-0.413467 -1.136224 -0.403386 10
-0.458508 -1.149026 -0.405873 10
-0.504048 -1.159749 -0.407579 10
-0.585943 -1.036602 -0.361413 10
-0.632514 -1.048960 -0.363558 10
-0.678087 -1.064727 -0.366884 10
-0.721537 -1.087261 -0.372600 10
-0.757213 -1.133793 -0.386910 10
-0.825199 -1.079164 -0.364805 10
-0.909976 -0.979407 -0.326316 10
-0.968893 -0.961121 -0.317071 10
-1.029547 -0.940153 -0.306774 10
-1.090196 -0.921483 -0.297222 10
-1.150910 -0.904766 -0.288294 10
-1.195135 -0.931775 -0.295173 10
-1.247065 -0.939318 -0.294933 10
-1.304626 -0.934014 -0.289950 10
-1.361038 -0.932705 -0.286352 10
-1.455089 -0.847471 -0.251959 10
-1.494499 -0.887997 -0.263502 10
-1.577823 -0.833431 -0.240084 10
-1.634546 -0.838261 -0.238382 10
-1.659510 -0.908546 -0.260758 10
-1.727592 -0.890929 -0.250665 10
-1.796832 -0.873043 -0.240364 8
-1.860749 -0.867194 -0.234422 8
-1.886599 -0.932918 -0.255017 8
-1.877252 -1.060049 -0.298535 8
-1.917115 -1.095921 -0.308071 8
-1.881494 -1.260930 -0.365962 8
-1.908712 -1.314106 -0.382060 8
-1.963577 -1.320632 -0.380608 8
-2.070968 -1.243673 -0.347576 8
-2.101993 -1.291070 -0.361350 8
-2.129416 -1.343085 -0.376873 8
-2.174651 -1.367249 -0.381812 8
-2.284512 -1.296498 -0.350512 8
-2.399695 -1.222234 -0.317623 8
2.202122 -1.572423 -0.549187 9
2.153709 -1.577807 -0.551581 9
2.104796 -1.585817 -0.554870 9
2.064339 -1.570798 -0.549870 9
2.032435 -1.530110 -0.535644 9
1.996161 -1.500978 -0.525514 9
1.954854 -1.486744 -0.520674 9
1.886125 -1.563229 -0.548237 9
1.848549 -1.539207 -0.539808 9
1.823708 -1.468650 -0.514700 9
1.774148 -1.485147 -0.520679 9
1.753664 -1.391268 -0.487151 9
1.743160 -1.249751 -0.436548 9
1.733194 -1.094045 -0.380826 9
1.708690 -0.988861 -0.343120 9
1.658945 -0.991386 -0.343881 9
1.596804 -1.055611 -0.366663 10
1.542691 -1.086431 -0.377457 10
1.500599 -1.056321 -0.366412 10
1.441756 -1.120080 -0.388908 10
1.394292 -1.123100 -0.389631 10
1.346386 -1.130340 -0.391821 10
1.301752 -1.116532 -0.386433 10
1.251003 -1.147814 -0.397150 10
1.214418 -1.068826 -0.368318 10
1.168845 -1.056876 -0.363453 10
1.121832 -1.057657 -0.363107 10
1.075114 -1.056291 -0.361947 10
1.027773 -1.063225 -0.363721 10
0.981246 -1.061515 -0.362350 10
0.932009 -1.105237 -0.377256 10
0.885355 -1.116029 -0.380298 10
0.837450 -1.164756 -0.396942 10
0.790953 -1.200421 -0.408863 10
0.745789 -1.205713 -0.409821 10
0.700819 -1.202797 -0.407781 10
0.655815 -1.223942 -0.414370 10
0.611107 -1.233700 -0.416818 10
0.566016 -1.216871 -0.409630 10
0.523121 -1.281317 -0.431750 10
0.475139 -1.193180 -0.398699 10
0.431009 -1.214618 -0.405200 10
0.388551 -1.256724 -0.419151 10
0.341086 -1.218558 -0.403993 10
0.295746 -1.216397 -0.401825 10
0.252731 -1.240556 -0.409166 10
0.200746 -1.173796 -0.383438 10
0.158523 -1.205998 -0.393613 10
0.108211 -1.168347 -0.378331 10
0.065055 -1.190678 -0.384835 10
0.028290 -1.254877 -0.406580 10
-0.016836 -1.257341 -0.405781 10
-0.067902 -1.224418 -0.391998 10
-0.112804 -1.231312 -0.392712 10
-0.154197 -1.257109 -0.400308 10
-0.200505 -1.256042 -0.398021 10
-0.246722 -1.256377 -0.396197 10
-0.301454 -1.218512 -0.380271 10
-0.372230 -1.114929 -0.340058 10
-0.409950 -1.159487 -0.354315 10
-0.445654 -1.209164 -0.370451 10
-0.484111 -1.245076 -0.381492 10
-0.549887 -1.178586 -0.354599 10
-0.615235 -1.119639 -0.330377 10
-0.664740 -1.119901 -0.328017 10
-0.708529 -1.139810 -0.332904 10
-0.762226 -1.127909 -0.325905 10
-0.823625 -1.094229 -0.310706 10
-0.879490 -1.080076 -0.302699 10
-0.956987 -1.005983 -0.272177 10
-1.015410 -0.990316 -0.263399 10
-1.067237 -0.994286 -0.261908 10
-1.131325 -0.967127 -0.248640 10
-1.178910 -0.984231 -0.251946 10
-1.247108 -0.950832 -0.236136 10
-1.312633 -0.926707 -0.223711 10
-1.372304 -0.918514 -0.217214 10
-1.432290 -0.911107 -0.210924 10
-1.497914 -0.892789 -0.200393 10
-1.558379 -0.887524 -0.194726 10
-1.602709 -0.917194 -0.202315 10
-1.676443 -0.886815 -0.186876 10
-1.756733 -0.846083 -0.167326 8
-1.805808 -0.868697 -0.171976 8
-1.857121 -0.887141 -0.174965 8
-1.859002 -0.996702 -0.213088 8
-1.865093 -1.094703 -0.246837 8
-1.921585 -1.100939 -0.245057 8
-1.883802 -1.269483 -0.306338 8
-1.894587 -1.350223 -0.333601 8
-1.959956 -1.339130 -0.325019 8
-2.057873 -1.277547 -0.296522 8
-2.088234 -1.325506 -0.310853 8
-2.128289 -1.357681 -0.318959 8
-2.166923 -1.391746 -0.327775 8
-2.193243 -1.443559 -0.343592 8
-2.293537 -1.388186 -0.316812 8
-2.374044 -1.364093 -0.302259 8
-2.421803 -1.387239 -0.306418 8
2.229402 -1.637510 -0.518609 9
2.217386 -1.548055 -0.486065 9
2.166831 -1.558001 -0.490415 9
2.119816 -1.559606 -0.491614 9
2.067873 -1.576379 -0.498391 9
2.040022 -1.523514 -0.479278 9
1.988136 -1.541807 -0.486518 9
1.953931 -1.505957 -0.473630 9
1.903680 -1.521332 -0.479688 9
1.841381 -1.580008 -0.501743 9
1.818442 -1.504023 -0.473843 9
1.781964 -1.472888 -0.462520 9
1.762364 -1.374904 -0.426387 9
1.734975 -1.300619 -0.398991 9
1.690696 -1.291558 -0.395709 9
1.694847 -1.069212 -0.313376 9
1.671588 -0.952554 -0.270139 9
1.634362 -0.892676 -0.247881 10
1.537099 -1.134797 -0.337447 10
1.497853 -1.091355 -0.321178 10
1.459232 -1.040006 -0.301925 10
1.408038 -1.059790 -0.308979 10
1.358151 -1.074663 -0.314165 10
1.307713 -1.096471 -0.321875 10
1.260356 -1.099371 -0.322527 10
1.211115 -1.119082 -0.329367 10
1.165888 -1.107465 -0.324537 10
1.112676 -1.172992 -0.348292 10
1.073513 -1.100336 -0.320703 10
1.021538 -1.168252 -0.345264 10
0.973594 -1.199817 -0.356289 10
0.928027 -1.203703 -0.356985 10
0.883891 -1.181649 -0.347984 10
0.837648 -1.201806 -0.354637 10
0.793817 -1.155984 -0.336681 10
0.747730 -1.178294 -0.344042 10
0.702521 -1.157003 -0.335109 10
0.656921 -1.191703 -0.347004 10
0.612295 -1.251230 -0.368136 10
0.567373 -1.240060 -0.362839 10
0.522712 -1.245229 -0.363595 10
0.476174 -1.203536 -0.346774 10
0.431988 -1.224473 -0.353327 10
0.386913 -1.224997 -0.352193 10
0.340994 -1.214506 -0.346880 10
0.302887 -1.302021 -0.378293 10
0.259555 -1.314721 -0.381609 10
0.215118 -1.315006 -0.380214 10
0.162289 -1.242144 -0.351237 10
0.113772 -1.217088 -0.340166 10
0.067343 -1.212297 -0.336665 10
0.028721 -1.262984 -0.354052 10
-0.015416 -1.272154 -0.355735 10
-0.061482 -1.269366 -0.352847 10
-0.109542 -1.256436 -0.346060 10
-0.162535 -1.219386 -0.330058 10
-0.202506 -1.253193 -0.340871 10
-0.246246 -1.266273 -0.343779 10
-0.293864 -1.261204 -0.339733 10
-0.336781 -1.277977 -0.343949 10
-0.389274 -1.254220 -0.332653 10
-0.444455 -1.222670 -0.318295 10
-0.492788 -1.220789 -0.315197 10
-0.540789 -1.221172 -0.312902 10
-0.597399 -1.192065 -0.299225 10
-0.664862 -1.129204 -0.272472 10
-0.730961 -1.076286 -0.249407 10
-0.763911 -1.132639 -0.268350 10
-0.813933 -1.134053 -0.266073 10
-0.896877 -1.039326 -0.226527 10
-0.952137 -1.030611 -0.220122 10
-0.996559 -1.053343 -0.225841 10
-1.068598 -1.001775 -0.202617 10
-1.136798 -0.964267 -0.184721 10
-1.164771 -1.031272 -0.207493 10
-1.225030 -1.016480 -0.198290 10
-1.302195 -0.963367 -0.173964 10
-1.365916 -0.945287 -0.163229 10
-1.424690 -0.940356 -0.157553 10
-1.497119 -0.906873 -0.140522 10
-1.552759 -0.911986 -0.138595 10
-1.571870 -0.993746 -0.166935 10
-1.647844 -0.957426 -0.148462 10
-1.749599 -0.873148 -0.110753 8
-1.804964 -0.883380 -0.110470 8
-1.884537 -0.848804 -0.092197 8
-1.872165 -0.985538 -0.142376 8
-1.870422 -1.097977 -0.182960 8
-1.939161 -1.083135 -0.172424 8
-1.886444 -1.277529 -0.246197 8
-1.875493 -1.394534 -0.288955 8
-1.958951 -1.353364 -0.267680 8
-1.998100 -1.385803 -0.276152 8
-2.069437 -1.367712 -0.263972 8
-2.100523 -1.412965 -0.277550 8
-2.152802 -1.425758 -0.277800 8
-2.165110 -1.497564 -0.302247 8
-2.347503 -1.324174 -0.225538 8
-2.398822 -1.342783 -0.227761 8
2.301172 -1.471172 -0.400676 9
2.212552 -1.576449 -0.442132 9
2.189401 -1.513067 -0.418583 9
2.117353 -1.582256 -0.445989 9
2.079203 -1.559707 -0.438045 9
2.049885 -1.510364 -0.419756 9
1.994640 -1.537938 -0.430970 9
1.964864 -1.487545 -0.412184 9
1.914417 -1.502320 -0.418369 9
1.833191 -1.624109 -0.465562 9
1.831479 -1.474368 -0.408505 9
1.777753 -1.505225 -0.420692 9
1.733245 -1.504108 -0.420558 9
1.755675 -1.235439 -0.317784 9
1.747744 -1.070570 -0.254777 9
1.749337 -0.849329 -0.170114 9
1.697942 -0.851118 -0.170898 9
1.599480 -1.081805 -0.259362 10
1.553791 -1.069253 -0.254530 10
1.507922 -1.057170 -0.249821 10
1.463410 -1.036807 -0.241880 10
1.412450 -1.053966 -0.248268 10
1.361904 -1.071695 -0.254820 10
1.307741 -1.118101 -0.272317 10
1.260847 -1.118113 -0.271969 10
1.210308 -1.148702 -0.283298 10
1.161893 -1.166954 -0.289844 10
1.115665 -1.168388 -0.289884 10
1.065584 -1.212996 -0.306451 10
1.022290 -1.186542 -0.295675 10
0.980112 -1.137695 -0.276231 10
0.935152 -1.118925 -0.268282 10
0.886862 -1.159099 -0.282947 10
0.841370 -1.151471 -0.279175 10
0.793707 -1.211386 -0.301354 10
0.748715 -1.200110 -0.296076 10
0.703388 -1.200612 -0.295279 10
0.658075 -1.202842 -0.295095 10
0.612597 -1.186106 -0.287537 10
0.566788 -1.170684 -0.280423 10
0.522497 -1.214785 -0.296252 10
0.480050 -1.282361 -0.321131 10
0.434303 -1.260120 -0.311226 10
0.389209 -1.256591 -0.308503 10
0.352640 -1.372793 -0.352145 10
0.303853 -1.312905 -0.327474 10
0.263621 -1.359192 -0.343947 10
0.211789 -1.284698 -0.313440 10
0.165848 -1.276450 -0.308601 10
0.116428 -1.242358 -0.293632 10
0.073187 -1.260350 -0.298886 10
0.026273 -1.251242 -0.293518 10
-0.016609 -1.270162 -0.299035 10
-0.055855 -1.309462 -0.312483 10
-0.105562 -1.285608 -0.301169 10
-0.146538 -1.312004 -0.309478 10
-0.201200 -1.267145 -0.289773 10
-0.245014 -1.279829 -0.292583 10
-0.286496 -1.302791 -0.299389 10
-0.348174 -1.236547 -0.270992 10
-0.404280 -1.200283 -0.254291 10
-0.439141 -1.252570 -0.272487 10
-0.486542 -1.253586 -0.270378 10
-0.545901 -1.211639 -0.251169 10
-0.603858 -1.178772 -0.235446 10
-0.643133 -1.212553 -0.246115 10
-0.690456 -1.218535 -0.245681 10
-0.768175 -1.129313 -0.207198 10
-0.824196 -1.113108 -0.197701 10
-0.863540 -1.147952 -0.208542 10
-0.913655 -1.150862 -0.206545 10
-0.964815 -1.151672 -0.203630 10
-1.049401 -1.064190 -0.165097 10
-1.103889 -1.060861 -0.160284 10
-1.170640 -1.027922 -0.143416 10
-1.194008 -1.103721 -0.170429 10
-1.251329 -1.095772 -0.163503 10
-1.322135 -1.058202 -0.144433 10
-1.392040 -1.025719 -0.127278 10
-1.482861 -0.950369 -0.092472 10
-1.521094 -0.991772 -0.105199 10
-1.576797 -0.995962 -0.102643 10
-1.620900 -1.024427 -0.109968 10
-1.744970 -0.895254 -0.052301 8
-1.781833 -0.940867 -0.066451 8
-1.834575 -0.955678 -0.067831 8
-1.871352 -1.000099 -0.081416 8
-1.866871 -1.117196 -0.125218 8
-1.873779 -1.210141 -0.159082 8
-1.876276 -1.307455 -0.194863 8
-1.865488 -1.423575 -0.238635 8
-1.955460 -1.371675 -0.211893 8
-1.967556 -1.447043 -0.238589 8
-2.056846 -1.400130 -0.213620 8
-2.096893 -1.431306 -0.221540 8
-2.139861 -1.457927 -0.227473 8
-2.296321 -1.319201 -0.162763 8
-2.370782 -1.304449 -0.150633 8
2.349570 -1.365218 -0.301813 9
2.218324 -1.577197 -0.387460 9
2.189974 -1.527564 -0.368722 9
2.137694 -1.541828 -0.375380 9
2.098174 -1.521493 -0.368201 9
2.065124 -1.481597 -0.353188 9
1.999039 -1.540664 -0.377462 9
1.953144 -1.541005 -0.378321 9
1.916153 -1.513085 -0.367895 9
1.871864 -1.508734 -0.366773 9
1.823318 -1.519945 -0.371767 9
1.788439 -1.482727 -0.357485 9
1.810267 -1.226302 -0.256208 9
1.731064 -1.351822 -0.306372 9
1.754948 -1.059516 -0.190804 9
1.729424 -0.956436 -0.150219 9
1.699028 -0.866499 -0.114789 9
1.591093 -1.141835 -0.224066 10
1.550748 -1.104661 -0.209418 10
1.503287 -1.102370 -0.208533 10
1.450401 -1.131580 -0.220070 10
1.402738 -1.133831 -0.220862 10
1.362263 -1.090860 -0.203668 10
1.312279 -1.108455 -0.210419 10
1.261186 -1.137989 -0.221845 10
1.214325 -1.139148 -0.221961 10
1.162644 -1.184047 -0.239367 10
1.116264 -1.187300 -0.240200 10
1.083919 -1.040290 -0.181340 10
1.031891 -1.097020 -0.203266 10
0.982960 -1.127821 -0.214849 10
0.931750 -1.206977 -0.245593 10
0.888745 -1.158497 -0.225573 10
0.840596 -1.212419 -0.246195 10
0.795765 -1.195062 -0.238421 10
0.749445 -1.234382 -0.253142 10
0.703995 -1.268670 -0.265815 10
0.659231 -1.210391 -0.241557 10
0.613441 -1.169037 -0.223959 10
0.567594 -1.166595 -0.221806 10
0.523690 -1.229165 -0.245551 10
0.479379 -1.251535 -0.253207 10
0.435533 -1.274816 -0.261180 10
0.396434 -1.367806 -0.297007 10
0.345750 -1.274697 -0.258292 10
0.307028 -1.350540 -0.287185 10
0.259685 -1.317555 -0.272403 10
0.213623 -1.304412 -0.265504 10
0.169062 -1.307694 -0.265136 10
0.119151 -1.268156 -0.247475 10
0.073458 -1.266939 -0.245156 10
0.030205 -1.283561 -0.249966 10
-0.018119 -1.266186 -0.241000 10
-0.064478 -1.263703 -0.237971 10
-0.100054 -1.323401 -0.260037 10
-0.149960 -1.300682 -0.248701 10
-0.200112 -1.280020 -0.238109 10
-0.238947 -1.316581 -0.250672 10
-0.289036 -1.299127 -0.241235 10
-0.356928 -1.206811 -0.201215 10
-0.399310 -1.229535 -0.207942 10
-0.442768 -1.246924 -0.212443 10
-0.487830 -1.257653 -0.214166 10
-0.564299 -1.153694 -0.168838 10
-0.613684 -1.153799 -0.166004 10
-0.660588 -1.163207 -0.166915 10
-0.706931 -1.174688 -0.168613 10
-0.754592 -1.182157 -0.168590 10
-0.816136 -1.147934 -0.151272 10
-0.882748 -1.102079 -0.129006 10
-0.920803 -1.141181 -0.141809 10
-0.981467 -1.116669 -0.128160 10
-1.037539 -1.106871 -0.120508 10
-1.090632 -1.106341 -0.116612 10
-1.159798 -1.066563 -0.096224 10
-1.170772 -1.171678 -0.136336 10
-1.246032 -1.119872 -0.110698 10
-1.333118 -1.044761 -0.075072 10
-1.402739 -1.013815 -0.057817 10
-1.442774 -1.049962 -0.068733 10
-1.500363 -1.048076 -0.063514 10
-1.547285 -1.069378 -0.068019 10
-1.621323 -1.036116 -0.049252 10
-1.754998 -0.888605 0.018402 8
-1.764522 -0.987019 -0.018616 8
-1.822614 -0.991124 -0.015317 8
-1.856973 -1.039421 -0.030889 8
-1.853163 -1.154499 -0.075210 8
-1.832014 -1.295491 -0.130865 8
-1.856744 -1.353224 -0.150671 8
-1.903236 -1.373328 -0.154149 8
-1.892715 -1.486102 -0.197916 8
-1.974618 -1.448399 -0.176103 8
-2.055331 -1.415298 -0.156076 8
-2.118225 -1.411792 -0.148832 8
-2.209012 -1.368181 -0.123755 8
-2.251156 -1.398244 -0.131001 8
-2.320394 -1.389698 -0.121049 8
-2.441546 -1.310464 -0.079441 8
2.323908 -1.446322 -0.276692 9
2.253152 -1.502867 -0.301346 9
2.205518 -1.502136 -0.302295 9
2.167364 -1.476170 -0.292782 9
2.119229 -1.477800 -0.294565 9
2.063021 -1.504169 -0.306447 9
2.013718 -1.512265 -0.310737 9
1.957133 -1.544745 -0.324970 9
1.917399 -1.525509 -0.317891 9
1.876611 -1.509266 -0.311980 9
1.837288 -1.487480 -0.303735 9
1.790478 -1.492197 -0.306296 9
1.744554 -1.494803 -0.307924 9
1.812938 -1.044099 -0.123737 9
1.774956 -0.995538 -0.104320 9
1.734672 -0.953383 -0.087465 9
1.756690 -0.623804 0.047156 9
1.615983 -1.041896 -0.124317 10
1.561831 -1.068528 -0.135415 10
1.524077 -1.011518 -0.112201 10
1.477411 -0.999071 -0.107163 10
1.428851 -0.997392 -0.106463 10
1.369199 -1.067747 -0.135183 10
1.323190 -1.055154 -0.129880 10
1.267450 -1.113842 -0.153694 10
1.223098 -1.091582 -0.144297 10
1.171707 -1.128068 -0.158894 10
1.127680 -1.101531 -0.147611 10
1.080786 -1.100834 -0.146845 10
1.028110 -1.170899 -0.175019 10
0.984752 -1.132947 -0.158853 10
0.936554 -1.161445 -0.169868 10
0.889995 -1.170498 -0.172847 10
0.842590 -1.205497 -0.186417 10
0.798287 -1.164581 -0.168752 10
0.751340 -1.211782 -0.187218 10
0.705727 -1.225235 -0.191762 10
0.660393 -1.241520 -0.197413 10
0.615479 -1.266715 -0.206674 10
0.570330 -1.255936 -0.201066 10
0.524907 -1.244262 -0.195016 10
0.480228 -1.257296 -0.199086 10
0.436215 -1.278854 -0.206618 10
0.391042 -1.275269 -0.203709 10
0.346457 -1.281666 -0.204859 10
0.304159 -1.314986 -0.217089 10
0.260901 -1.331359 -0.222256 10
0.218843 -1.356876 -0.231160 10
0.165014 -1.275103 -0.195489 10
0.125759 -1.325209 -0.214471 10
0.076924 -1.297264 -0.200966 10
0.026940 -1.266285 -0.186104 10
-0.011818 -1.312416 -0.203282 10
-0.054102 -1.332350 -0.209501 10
-0.099198 -1.334845 -0.208382 10
-0.140516 -1.358052 -0.215858 10
-0.194973 -1.313346 -0.194840 10
-0.235921 -1.338720 -0.203091 10
-0.296420 -1.273504 -0.173250 10
-0.330475 -1.329965 -0.194430 10
-0.381048 -1.313809 -0.185016 10
-0.428208 -1.313450 -0.182168 10
-0.478918 -1.300527 -0.173932 10
-0.541200 -1.247344 -0.148564 10
-0.601949 -1.204563 -0.127450 10
-0.637305 -1.251533 -0.144291 10
-0.690260 -1.238826 -0.135737 10
-0.752798 -1.197904 -0.115060 10
-0.808785 -1.180550 -0.104289 10
-0.872214 -1.143530 -0.084993 10
-0.921332 -1.150380 -0.084335 10
-0.982561 -1.124574 -0.069579 10
-1.048318 -1.089317 -0.050620 10
-1.089154 -1.121364 -0.060497 10
-1.141690 -1.123276 -0.057319 10
-1.212963 -1.080609 -0.034757 10
-1.270106 -1.074694 -0.027944 10
-1.334189 -1.054223 -0.014687 10
-1.401376 -1.028987 0.000796 10
-1.462505 -1.019305 0.009654 10
-1.498242 -1.064863 -0.005523 10
-1.562852 -1.049701 0.005954 10
-1.624826 -1.041680 0.014445 10
-1.780468 -0.851907 0.103193 8
-1.889318 -0.761877 0.148419 8
-1.826020 -0.997887 0.049521 8
-1.859687 -1.047583 0.032977 8
-1.836202 -1.197483 -0.028195 8
-1.852609 -1.272409 -0.056108 8
-1.848150 -1.380332 -0.098861 8
-1.890973 -1.406236 -0.104903 8
-1.925800 -1.445006 -0.116676 8
-1.966365 -1.474085 -0.124033 8
-2.039001 -1.453406 -0.108763 8
-2.116030 -1.428107 -0.091183 8
-2.152168 -1.465542 -0.102016 8
-2.215358 -1.463364 -0.094663 8
-2.301248 -1.430275 -0.072938 8
2.359975 -1.372456 -0.187171 9
2.241951 -1.547958 -0.263535 9
2.202696 -1.525889 -0.255574 9
2.164683 -1.499919 -0.245889 9
2.116453 -1.502101 -0.248110 9
2.086350 -1.452277 -0.228159 9
2.020364 -1.508569 -0.253209 9
1.957066 -1.561325 -0.276652 9
1.921327 -1.529274 -0.264034 9
1.882806 -1.505069 -0.254682 9
1.833102 -1.519019 -0.261430 9
1.800022 -1.474407 -0.243303 9
1.765035 -1.434182 -0.226976 9
1.729741 -1.392568 -0.210003 9
1.780703 -0.991269 -0.040828 9
1.774383 -0.801293 0.038964 9
1.754516 -0.655211 0.100239 9
1.609037 -1.095053 -0.086087 10
1.563741 -1.079060 -0.079630 10
1.519748 -1.055262 -0.069801 10
1.475175 -1.032813 -0.060469 10
1.420034 -1.071802 -0.077022 10
1.374595 -1.054909 -0.069889 10
1.331126 -1.022992 -0.056333 10
1.281211 -1.034707 -0.061139 10
1.232681 -1.038232 -0.062410 10
1.179279 -1.085942 -0.082283 10
1.129845 -1.105979 -0.090392 10
1.080785 -1.127402 -0.099019 10
1.034480 -1.121944 -0.096208 10
0.985675 -1.150246 -0.107607 10
0.938247 -1.166782 -0.113963 10
0.889915 -1.208214 -0.130794 10
0.846925 -1.142893 -0.102351 10
0.800114 -1.157448 -0.107660 10
0.752934 -1.204886 -0.126845 10
0.706449 -1.280141 -0.157779 10
0.661548 -1.274421 -0.154310 10
0.616703 -1.286740 -0.158428 10
0.571101 -1.250100 -0.141678 10
0.525666 -1.244393 -0.137990 10
0.481506 -1.273410 -0.149004 10
0.436045 -1.266241 -0.144554 10
0.394423 -1.324463 -0.167897 10
0.349659 -1.323203 -0.165837 10
0.305611 -1.331752 -0.167891 10
0.261678 -1.340450 -0.169943 10
0.217973 -1.350426 -0.172477 10
0.168818 -1.311540 -0.154026 10
0.125237 -1.324867 -0.157844 10
0.077660 -1.307324 -0.148356 10
0.035828 -1.332687 -0.157204 10
-0.007161 -1.348042 -0.161697 10
-0.050683 -1.359090 -0.164275 10
-0.098491 -1.345475 -0.156157 10
-0.142143 -1.356381 -0.158529 10
-0.181120 -1.390503 -0.170867 10
-0.236995 -1.341267 -0.147093 10
-0.283938 -1.338285 -0.143224 10
-0.346021 -1.270914 -0.111327 10
-0.395203 -1.263820 -0.105457 10
-0.435223 -1.294465 -0.115918 10
-0.488843 -1.271911 -0.103143 10
-0.545878 -1.239649 -0.086010 10
-0.596640 -1.232729 -0.079825 10
-0.632724 -1.276635 -0.095804 10
-0.680390 -1.280719 -0.094282 10
-0.763505 -1.174580 -0.044215 10
-0.817700 -1.163992 -0.035967 10
-0.857249 -1.197816 -0.047200 10
-0.904691 -1.208115 -0.047989 10
-0.980752 -1.140481 -0.014171 10
-1.039538 -1.123772 -0.002733 10
-1.081999 -1.151004 -0.010704 10
-1.133781 -1.154388 -0.007986 10
-1.205585 -1.110108 0.016128 10
-1.263678 -1.101603 0.024425 10
-1.365931 -0.993620 0.077495 10
-1.386970 -1.073209 0.046543 10
-1.466261 -1.023509 0.073835 10
-1.516824 -1.038041 0.072330 10
-1.549966 -1.088675 0.054564 10
-1.589463 -1.125108 0.043262 10
-1.771309 -0.883098 0.158815 8
-1.816592 -0.913968 0.150483 8
-1.819787 -1.022635 0.106597 8
-1.801496 -1.166187 0.046563 8
-1.848873 -1.187923 0.042392 8
-1.889504 -1.221428 0.032873 8
-1.848734 -1.391914 -0.040035 8
-1.881312 -1.434783 -0.053984 8
-1.920179 -1.466684 -0.062796 8
-1.989230 -1.450694 -0.049161 8
-2.050810 -1.448039 -0.041578 8
-2.088892 -1.482059 -0.051086 8
-2.128012 -1.514217 -0.059661 8
-2.213154 -1.479724 -0.036593 8
-2.276159 -1.479126 -0.029358 8
2.380257 -1.461984 -0.165130 9
2.331361 -1.460579 -0.166363 9
2.231487 -1.590961 -0.225503 9
2.199038 -1.551824 -0.209916 9
2.163463 -1.519647 -0.197331 9
2.114561 -1.523875 -0.200663 9
2.083680 -1.476752 -0.181387 9
2.039647 -1.466956 -0.178416 9
1.982844 -1.497237 -0.192920 9
1.931086 -1.514301 -0.201541 9
1.877624 -1.539262 -0.213526 9
1.838626 -1.516595 -0.204597 9
1.855111 -1.291699 -0.107229 9
1.820032 -1.243803 -0.087184 9
1.802014 -1.125427 -0.036303 9
1.807751 -0.899475 0.061569 9
1.766812 -0.854582 0.080466 9
1.663963 -1.086311 -0.021211 10
1.603312 -1.142127 -0.046045 10
1.578066 -1.027484 0.003526 10
1.511491 -1.119598 -0.036961 10
1.462279 -1.126251 -0.040109 10
1.419952 -1.093601 -0.026050 10
1.371821 -1.094430 -0.026501 10
1.322022 -1.107695 -0.032291 10
1.280685 -1.061693 -0.012174 10
1.228266 -1.097260 -0.027526 10
1.172525 -1.169143 -0.058629 10
1.135012 -1.081890 -0.020291 10
1.086398 -1.094211 -0.025278 10
1.032955 -1.168292 -0.057122 10
0.983704 -1.207107 -0.073522 10
0.938499 -1.195278 -0.067755 10
0.891571 -1.212539 -0.074607 10
0.846680 -1.190791 -0.064353 10
0.800382 -1.200160 -0.067609 10
0.754833 -1.184467 -0.059838 10
0.709082 -1.158650 -0.047555 10
0.662751 -1.213923 -0.070664 10
0.617743 -1.288023 -0.101967 10
0.571548 -1.227665 -0.074328 10
0.526966 -1.261984 -0.088083 10
0.482188 -1.274915 -0.092398 10
0.436828 -1.272087 -0.089726 10
0.391693 -1.274667 -0.089350 10
0.349429 -1.317169 -0.106453 10
0.307504 -1.353855 -0.120951 10
0.265375 -1.380943 -0.131172 10
0.218257 -1.355153 -0.118021 10
0.168182 -1.308995 -0.095780 10
0.127732 -1.348795 -0.111396 10
0.079222 -1.323531 -0.098190 10
0.031032 -1.304977 -0.087850 10
-0.015347 -1.301389 -0.084044 10
-0.054333 -1.343434 -0.100405 10
-0.098076 -1.354492 -0.102957 10
-0.138827 -1.381042 -0.112331 10
-0.187117 -1.367686 -0.103871 10
-0.237385 -1.347138 -0.092100 10
-0.291233 -1.313238 -0.074251 10
-0.338876 -1.310206 -0.070082 10
-0.388582 -1.299826 -0.062525 10
-0.454570 -1.226968 -0.026821 10
-0.504566 -1.221577 -0.021249 10
-0.542939 -1.259718 -0.035175 10
-0.602278 -1.222677 -0.015152 10
-0.643890 -1.248858 -0.023538 10
-0.678529 -1.296610 -0.041629 10
-0.745155 -1.242118 -0.013336 10
-0.809248 -1.199935 0.009559 10
-0.867090 -1.179722 0.022634 10
-0.923077 -1.167014 0.032429 10
-0.961305 -1.204520 0.019409 10
-1.038118 -1.138716 0.053741 10
-1.085843 -1.152418 0.051828 10
-1.144641 -1.138779 0.062579 10
-1.206975 -1.118402 0.076582 10
-1.281351 -1.071951 0.102797 10
-1.313019 -1.126517 0.082457 10
-1.384396 -1.091067 0.103910 10
-1.446285 -1.079051 0.114668 10
-1.489798 -1.107357 0.106778 10
-1.552472 -1.096043 0.117486 10
-1.713410 -0.890307 0.219532 8
-1.743907 -0.949742 0.197556 8
-1.740293 -1.072115 0.145904 8
-1.975702 -0.747214 0.305559 8
-1.756135 -1.261059 0.068539 8
-1.780050 -1.322302 0.045497 8
-1.804872 -1.380226 0.024017 8
-1.819669 -1.453452 -0.004799 8
-1.885137 -1.441112 0.007390 8
-1.925257 -1.471166 -0.000637 8
-1.966395 -1.499391 -0.007713 8
-2.025783 -1.499442 -0.001058 8
-2.087797 -1.496669 0.007138 8
-2.148496 -1.497089 0.013960 8
-2.252526 -1.436307 0.050935 8
-2.301287 -1.457104 0.048208 8
-2.422376 -1.378546 0.094621 8
2.331250 -1.477396 -0.115026 9
2.290868 -1.455110 -0.106876 9
2.240696 -1.458202 -0.110164 9
2.159451 -1.546980 -0.152196 9
2.115566 -1.537497 -0.149560 9
2.082353 -1.497301 -0.132941 9
2.042076 -1.476458 -0.125013 9
1.985216 -1.506611 -0.140050 9
1.934833 -1.518990 -0.146953 9
1.883656 -1.535846 -0.155782 9
1.863433 -1.447384 -0.117026 9
1.846003 -1.342602 -0.070876 9
1.812991 -1.288633 -0.047576 9
1.785623 -1.208755 -0.012549 9
1.822931 -0.857340 0.144730 9
1.753541 -0.932091 0.110270 9
1.751960 -0.709766 0.209515 10
1.625561 -1.056554 0.052953 10
1.584568 -1.015591 0.070834 10
1.548340 -0.945837 0.101731 10
1.485148 -1.019295 0.068368 10
1.447870 -0.949131 0.099618 10
1.397076 -0.956130 0.096293 10
1.327684 -1.091465 0.035416 10
1.273441 -1.137794 0.014603 10
1.236114 -1.058639 0.050236 10
1.187370 -1.064781 0.047645 10
1.140308 -1.057088 0.051353 10
1.087936 -1.104756 0.030274 10
1.043926 -1.065824 0.048190 10
0.997378 -1.051222 0.055262 10
0.946162 -1.106543 0.030982 10
0.893420 -1.213477 -0.016446 10
0.847505 -1.212974 -0.015481 10
0.799958 -1.263998 -0.037629 10
0.754851 -1.252318 -0.031476 10
0.710187 -1.180638 0.001799 10
0.663960 -1.198686 -0.005261 10
0.618851 -1.295376 -0.047722 10
0.573881 -1.298929 -0.048114 10
0.529158 -1.308979 -0.051361 10
0.484721 -1.321699 -0.055739 10
0.438634 -1.297830 -0.043493 10
0.388595 -1.218738 -0.006149 10
0.345260 -1.256425 -0.021570 10
0.304920 -1.321718 -0.049452 10
0.257911 -1.301427 -0.038460 10
0.217119 -1.346153 -0.056902 10
0.174280 -1.365533 -0.063774 10
0.120292 -1.292973 -0.028725 10
0.082921 -1.355554 -0.055105 10
0.037174 -1.352426 -0.051482 10
-0.008840 -1.348869 -0.047573 10
-0.055052 -1.345435 -0.043628 10
-0.101071 -1.344360 -0.040669 10
-0.147864 -1.340160 -0.036186 10
-0.194993 -1.335596 -0.031439 10
-0.246299 -1.312494 -0.018071 10
-0.294681 -1.305773 -0.012120 10
-0.339689 -1.315115 -0.013471 10
-0.382206 -1.334764 -0.019498 10
-0.440077 -1.293122 0.002892 10
-0.489526 -1.287643 0.008691 10
-0.537689 -1.288169 0.011813 10
-0.601755 -1.234212 0.040364 10
-0.648779 -1.242324 0.040203 10
-0.713083 -1.195016 0.065991 10
-0.755864 -1.218994 0.058651 10
-0.812691 -1.200061 0.071474 10
-0.839353 -1.270971 0.042290 10
-0.902931 -1.234490 0.063577 10
-0.983079 -1.156212 0.104745 10
-1.057479 -1.098919 0.136280 10
-1.085342 -1.165048 0.109655 10
-1.137787 -1.167303 0.113307 10
-1.196794 -1.154636 0.124175 10
-1.251327 -1.154173 0.129387 10
-1.322076 -1.117883 0.151842 10
-1.378528 -1.116243 0.157930 10
-1.446150 -1.091699 0.175153 10
-1.515240 -1.066437 0.192925 10
-1.590599 -1.030764 0.215930 10
-1.668841 -0.992271 0.240543 8
-1.714386 -1.020256 0.233163 8
-1.740536 -1.084685 0.208136 8
-1.783158 -1.116713 0.198898 8
-1.764767 -1.258247 0.136145 8
-1.816037 -1.271694 0.136008 8
-1.836916 -1.337825 0.110056 8
-1.838102 -1.435062 0.068704 8
-1.842333 -1.523981 0.031334 8
-1.920837 -1.490974 0.054455 8
-1.964151 -1.515668 0.049076 8
-2.010523 -1.535703 0.046122 8
-2.073822 -1.530626 0.055891 8
-2.182296 -1.460696 0.098556 8
-2.239002 -1.469167 0.102002 8
-2.298100 -1.475107 0.106901 8
-2.377981 -1.453448 0.126051 8
2.345288 -1.459261 -0.047162 9
2.296457 -1.457568 -0.048571 9
2.250205 -1.449948 -0.047103 9
2.182316 -1.501422 -0.073164 9
2.104443 -1.585119 -0.114124 9
2.079190 -1.523163 -0.086956 9
2.042194 -1.492970 -0.074549 9
1.986185 -1.520425 -0.088921 9
1.948123 -1.493187 -0.077721 9
1.887922 -1.538510 -0.100194 9
1.880098 -1.407081 -0.040396 9
1.871255 -1.269652 0.022204 9
1.881551 -1.049988 0.122996 9
1.890018 -0.819444 0.228822 9
1.833471 -0.834719 0.220651 9
1.789262 -0.799689 0.235907 9
1.742377 -0.774246 0.246810 10
1.653195 -0.946561 0.166211 10
1.602393 -0.947784 0.164983 10
1.548196 -0.967935 0.155092 10
1.500692 -0.954258 0.160958 10
1.446914 -0.976892 0.150116 10
1.397507 -0.975967 0.150273 10
1.348482 -0.973287 0.151336 10
1.288765 -1.049012 0.116222 10
1.241127 -1.043028 0.119002 10
1.194628 -1.027092 0.126480 10
1.142363 -1.063498 0.109833 10
1.096200 -1.044759 0.118792 10
1.046056 -1.069331 0.107800 10
0.995232 -1.110952 0.089002 10
0.950172 -1.076737 0.105402 10
0.902680 -1.075688 0.106539 10
0.851217 -1.167767 0.064614 10
0.804092 -1.186258 0.056860 10
0.757321 -1.207175 0.048061 10
0.711101 -1.219213 0.043463 10
0.665201 -1.172318 0.066305 10
0.619184 -1.218661 0.045952 10
0.575550 -1.337554 -0.008055 10
0.529843 -1.306275 0.007796 10
0.484514 -1.301199 0.011560 10
0.438276 -1.281241 0.022346 10
0.392286 -1.272912 0.027816 10
0.343298 -1.226229 0.051274 10
0.300472 -1.266959 0.034047 10
0.259869 -1.323227 0.009616 10
0.214563 -1.323495 0.011422 10
0.169988 -1.330967 0.009946 10
0.126938 -1.350255 0.003016 10
0.081820 -1.352080 0.004353 10
0.034820 -1.341603 0.011561 10
-0.010592 -1.343547 0.013031 10
-0.055291 -1.350362 0.012301 10
-0.102900 -1.340874 0.019346 10
-0.150533 -1.333210 0.025637 10
-0.204648 -1.294782 0.046583 10
-0.246740 -1.318307 0.038345 10
-0.296508 -1.305740 0.047291 10
-0.347165 -1.291416 0.057190 10
-0.395074 -1.290574 0.060802 10
-0.444874 -1.283276 0.067596 10
-0.482808 -1.322185 0.052460 10
-0.543873 -1.275268 0.078392 10
-0.597890 -1.257403 0.090602 10
-0.658039 -1.221317 0.111695 10
-0.707507 -1.223197 0.114720 10
-0.761195 -1.212785 0.123777 10
-0.811945 -1.212854 0.127917 10
-0.851119 -1.247424 0.115498 10
-0.904044 -1.242163 0.122428 10
-0.970694 -1.200957 0.146943 10
-1.017901 -1.214410 0.145079 10
-1.087989 -1.169705 0.171673 10
-1.141019 -1.170849 0.176092 10
-1.193426 -1.174439 0.179447 10
-1.248775 -1.171978 0.185902 10
-1.319017 -1.136905 0.208558 10
-1.389853 -1.103476 0.230633 10
-1.473752 -1.044856 0.265406 10
-1.526928 -1.054628 0.266557 10
-1.559886 -1.106158 0.247068 10
-1.650453 -1.041854 0.285375 8
-1.741689 -0.980592 0.322505 8
-1.778508 -1.026150 0.306395 8
-1.754819 -1.182003 0.234828 8
-1.792036 -1.222115 0.221373 8
-1.805489 -1.303122 0.187266 8
-1.840758 -1.344107 0.173401 8
-1.861064 -1.409346 0.147222 8
-1.862176 -1.504092 0.105920 8
-1.903557 -1.531345 0.099093 8
-1.952618 -1.546491 0.098583 8
-2.056527 -1.478331 0.141236 8
-2.098118 -1.507356 0.133954 8
-2.149461 -1.522031 0.134228 8
-2.248054 -1.469698 0.169647 8
-2.305271 -1.478658 0.173349 8
-2.373242 -1.473723 0.184546 8
2.357421 -1.446142 0.019441 9
2.300444 -1.464254 0.008261 9
2.243643 -1.483984 -0.003567 9
2.191432 -1.493517 -0.010351 9
2.154234 -1.462766 0.002370 9
2.087882 -1.514848 -0.024656 9
2.035476 -1.529890 -0.033737 9
2.000962 -1.491720 -0.017166 9
1.943168 -1.526084 -0.035304 9
1.893946 -1.535502 -0.041362 9
1.898434 -1.361540 0.040482 9
1.858908 -1.332197 0.053118 9
1.869252 -1.115258 0.155534 9
1.835920 -1.050526 0.185196 9
1.901954 -0.576874 0.410227 9
1.833260 -0.633422 0.382047 9
1.733772 -0.834015 0.285275 10
1.676380 -0.858632 0.272626 10
1.607367 -0.944333 0.230969 10
1.553641 -0.960872 0.222410 10
1.500978 -0.974470 0.215359 10
1.452815 -0.964282 0.219747 10
1.398403 -0.992924 0.205739 10
1.335997 -1.080411 0.163810 10
1.291687 -1.051223 0.177553 10
1.245146 -1.035634 0.184919 10
1.200862 -0.998836 0.202484 10
1.143232 -1.081250 0.163373 10
1.095646 -1.077856 0.165225 10
1.047544 -1.080625 0.164239 10
0.998465 -1.098175 0.156307 10
0.948790 -1.131698 0.140856 10
0.903082 -1.105403 0.154010 10
0.855162 -1.118465 0.148499 10
0.805398 -1.197069 0.111810 10
0.758890 -1.204479 0.109167 10
0.712594 -1.208077 0.108435 10
0.666393 -1.200698 0.113042 10
0.620924 -1.291926 0.070610 10
0.576377 -1.333381 0.052029 10
0.530943 -1.317141 0.061130 10
0.485588 -1.312064 0.064989 10
0.436375 -1.234180 0.103843 10
0.394646 -1.305536 0.071261 10
0.347807 -1.285885 0.082411 10
0.302982 -1.296516 0.079122 10
0.259585 -1.320935 0.069290 10
0.216790 -1.347040 0.058721 10
0.170879 -1.341870 0.063296 10
0.133338 -1.405501 0.034783 10
0.082796 -1.363998 0.057074 10
0.030920 -1.320274 0.080583 10
-0.016930 -1.309054 0.088508 10
-0.069595 -1.271398 0.109361 10
-0.110988 -1.302380 0.097055 10
-0.152032 -1.332550 0.085208 10
-0.191505 -1.368183 0.070767 10
-0.244713 -1.335887 0.089486 10
-0.285369 -1.364240 0.078758 10
-0.339088 -1.334700 0.096394 10
-0.386650 -1.333969 0.100080 10
-0.443140 -1.299182 0.120579 10
-0.500792 -1.263847 0.141518 10
-0.533996 -1.320442 0.117397 10
-0.591080 -1.290794 0.135807 10
-0.651178 -1.254261 0.157789 10
-0.705160 -1.240982 0.168454 10
-0.753847 -1.245992 0.170202 10
-0.821224 -1.195715 0.199529 10
-0.861413 -1.228359 0.187812 10
-0.940980 -1.149746 0.231654 10
-0.972942 -1.205983 0.208388 10
-1.038900 -1.170566 0.231054 10
-1.106419 -1.134324 0.254354 10
-1.153433 -1.151846 0.250820 10
-1.219822 -1.122961 0.270804 10
-1.305789 -1.051189 0.312699 10
-1.342388 -1.096160 0.295734 10
-1.388517 -1.118773 0.290175 10
-1.418725 -1.175330 0.267412 10
-1.462533 -1.201625 0.260122 10
-1.550075 -1.138825 0.298582 10
-1.655504 -1.044921 0.353378 8
-1.734579 -1.007677 0.379421 8
-1.758215 -1.077694 0.350303 8
-1.737507 -1.226819 0.280127 8
-1.808894 -1.204986 0.298587 8
-1.733218 -1.442415 0.182009 8
-1.788999 -1.445418 0.187546 8
-1.819600 -1.491366 0.170699 8
-1.863646 -1.514406 0.165951 8
-1.899904 -1.549908 0.154718 8
-1.930416 -1.593875 0.139055 8
-2.025249 -1.539103 0.176020 8
-2.117792 -1.491267 0.209696 8
-2.182530 -1.487155 0.220309 8
-2.227054 -1.513196 0.214910 8
-2.283559 -1.522612 0.218619 8
-2.338955 -1.534341 0.221260 8
2.357576 -1.462695 0.072315 9
2.308443 -1.460929 0.070540 9
2.271586 -1.428021 0.084353 9
2.225556 -1.418635 0.086574 9
2.177902 -1.414097 0.086500 9
2.117264 -1.447441 0.067780 9
2.073511 -1.433924 0.072388 9
2.005813 -1.493922 0.040767 9
1.961701 -1.484134 0.043765 9
1.893463 -1.554187 0.007478 9
1.896820 -1.385003 0.089276 9
1.853907 -1.368211 0.095995 9
1.891090 -1.053352 0.249521 9
1.876687 -0.912204 0.317509 9
1.934919 -0.465300 0.535839 9
1.962298 -0.108449 0.709801 9
1.683206 -0.848125 0.344180 10
1.655192 -0.730275 0.401084 10
1.603143 -0.725087 0.402801 10
1.522768 -0.876302 0.327937 10
1.470312 -0.884151 0.323511 10
1.411288 -0.935070 0.298086 10
1.365620 -0.904870 0.312535 10
1.314524 -0.910116 0.309720 10
1.261205 -0.934572 0.297602 10
1.211472 -0.933900 0.297906 10
1.161737 -0.934081 0.297899 10
1.115256 -0.901491 0.314060 10
1.045815 -1.129591 0.202564 10
0.998829 -1.124040 0.205673 10
0.952649 -1.105170 0.215415 10
0.904970 -1.107588 0.214825 10
0.856605 -1.127818 0.205599 10
0.805831 -1.234483 0.154049 10
0.758871 -1.272622 0.136203 10
0.713502 -1.246825 0.149845 10
0.667712 -1.151612 0.197714 10
0.620831 -1.159988 0.194798 10
0.577289 -1.333057 0.110952 10
0.527620 -1.179460 0.187922 10
0.482886 -1.229143 0.164949 10
0.437551 -1.247329 0.157572 10
0.391640 -1.250730 0.157579 10
0.349080 -1.300594 0.134742 10
0.302216 -1.286359 0.143646 10
0.260184 -1.328138 0.124955 10
0.215893 -1.340453 0.120919 10
0.172379 -1.358125 0.114318 10
0.125263 -1.344812 0.123177 10
0.076897 -1.325238 0.135266 10
0.026874 -1.298060 0.151265 10
-0.016125 -1.320198 0.142847 10
-0.061779 -1.324554 0.143377 10
-0.112231 -1.302399 0.157244 10
-0.155833 -1.319812 0.151471 10
-0.200812 -1.329350 0.149729 10
-0.247326 -1.331526 0.151777 10
-0.310609 -1.258934 0.191475 10
-0.359861 -1.254238 0.197259 10
-0.387426 -1.339632 0.157794 10
-0.428017 -1.367522 0.147317 10
-0.483759 -1.337168 0.166347 10
-0.541691 -1.302292 0.187842 10
-0.593960 -1.290642 0.197744 10
-0.662549 -1.226514 0.234461 10
-0.700032 -1.267706 0.217810 10
-0.764939 -1.222170 0.245452 10
-0.830609 -1.178455 0.272391 10
-0.889560 -1.158027 0.287631 10
-0.949377 -1.137508 0.303104 10
-1.007523 -1.123811 0.315257 10
-1.068201 -1.105351 0.330044 10
-1.121428 -1.107933 0.334150 10
-1.161602 -1.143517 0.321303 10
-1.250629 -1.061350 0.369681 10
-1.275886 -1.132920 0.338381 10
-1.340523 -1.112712 0.354964 10
-1.399900 -1.106214 0.364591 10
-1.449204 -1.122647 0.362371 10
-1.510345 -1.114690 0.373111 10
-1.570685 -1.109859 0.382401 10
-1.674220 -1.021162 0.436277 8
-1.713180 -1.062238 0.421721 8
-1.738916 -1.127224 0.394492 8
-1.745703 -1.224851 0.349805 8
-1.813479 -1.210019 0.365245 8
-1.740671 -1.442061 0.248211 8
-1.788957 -1.458239 0.246986 8
-1.820459 -1.502670 0.230605 8
-1.857976 -1.536400 0.220069 8
-1.904202 -1.555882 0.217372 8
-1.983977 -1.523543 0.243153 8
-2.045330 -1.521715 0.252523 8
-2.119134 -1.502638 0.271628 8
-2.145355 -1.554618 0.251720 8
-2.189728 -1.579753 0.246729 8
-2.290553 -1.526548 0.285558 8
-2.344147 -1.541031 0.286961 8
2.439658 -1.279151 0.228011 9
2.421171 -1.194218 0.268493 9
2.324633 -1.307568 0.207581 9
2.242987 -1.389248 0.163125 9
2.175583 -1.437852 0.135773 9
2.116763 -1.466138 0.118956 9
2.086346 -1.413391 0.143548 9
2.041970 -1.400550 0.147908 9
1.998659 -1.384330 0.154092 9
1.929409 -1.453120 0.117224 9
1.882355 -1.452359 0.115810 9
1.881551 -1.288156 0.197346 9
1.886094 -1.091462 0.295326 9
1.896771 -0.855106 0.413358 9
1.924290 -0.530682 0.575899 9
2.032710 0.164300 0.925681 9
1.652322 -0.766729 0.451492 10
1.604345 -0.741630 0.463212 10
1.555000 -0.722069 0.472253 10
1.510681 -0.671789 0.496901 10
1.467897 -0.606268 0.529342 10
1.402409 -0.683613 0.489887 10
1.327426 -0.841966 0.409743 10
1.272569 -0.871319 0.394739 10
1.218013 -0.904405 0.377972 10
1.162618 -0.952828 0.353593 10
1.111532 -0.968368 0.345897 10
1.059331 -1.001601 0.329396 10
1.011121 -0.992386 0.334399 10
0.962672 -0.984812 0.338689 10
0.907561 -1.097267 0.282565 10
0.858581 -1.125364 0.269072 10
0.810421 -1.147639 0.258617 10
0.763758 -1.126240 0.270309 10
0.716376 -1.127375 0.270739 10
0.668979 -1.150015 0.260412 10
0.621571 -1.116306 0.278669 10
0.575157 -1.172728 0.251464 10
0.529725 -1.223002 0.227445 10
0.484008 -1.240669 0.220016 10
0.440217 -1.289795 0.196738 10
0.394111 -1.285088 0.200837 10
0.349692 -1.306077 0.192003 10
0.304079 -1.308069 0.192912 10
0.254018 -1.262667 0.218033 10
0.212207 -1.306998 0.197625 10
0.173075 -1.367364 0.169112 10
0.121372 -1.317749 0.196752 10
0.078329 -1.340618 0.187539 10
0.022434 -1.273277 0.224540 10
-0.019272 -1.306256 0.210378 10
-0.069553 -1.284864 0.224160 10
-0.114580 -1.296317 0.221229 10
-0.157715 -1.317314 0.213494 10
-0.213594 -1.273436 0.239241 10
-0.256924 -1.294274 0.231813 10
-0.302162 -1.305395 0.229492 10
-0.360913 -1.258561 0.257245 10
-0.404939 -1.277022 0.251382 10
-0.451485 -1.284952 0.251078 10
-0.493614 -1.309670 0.242163 10
-0.537763 -1.326059 0.237669 10
-0.585975 -1.328077 0.240771 10
-0.668191 -1.218021 0.302575 10
-0.714953 -1.230322 0.300668 10
-0.759026 -1.251004 0.294476 10
-0.858898 -1.105136 0.375956 10
-0.934683 -1.039339 0.415716 10
-0.950550 -1.145556 0.364940 10
-1.011993 -1.123275 0.382078 10
-1.061617 -1.134233 0.381793 10
-1.124667 -1.111588 0.399509 10
-1.169429 -1.136207 0.392248 10
-1.244443 -1.088352 0.423819 10
-1.321493 -1.039563 0.456189 10
-1.365840 -1.068154 0.447302 10
-1.422748 -1.068777 0.453573 10
-1.472234 -1.086261 0.450918 10
-1.502298 -1.144177 0.426491 10
-1.657720 -0.947104 0.540590 8
-1.682905 -1.017425 0.509825 8
-1.749864 -1.005258 0.524109 8
-1.796802 -1.032289 0.517150 8
-1.751649 -1.227152 0.418005 8
-1.808899 -1.231495 0.423492 8
-1.721548 -1.488035 0.289560 8
-1.775502 -1.493890 0.294121 8
-1.800151 -1.549135 0.271334 8
-1.836088 -1.584668 0.259565 8
-1.909003 -1.561176 0.281003 8
-1.972847 -1.553878 0.293630 8
-2.023079 -1.568620 0.294045 8
-2.088449 -1.561466 0.307059 8
-2.173179 -1.527770 0.335474 8
-2.253905 -1.502375 0.359536 8
-2.311787 -1.510905 0.364469 8
-2.330349 -1.573581 0.338361 8
-2.352109 -1.630594 0.315489 8
2.431190 -1.187358 0.338162 9
2.367239 -1.215286 0.320277 9
2.270977 -1.332151 0.255825 9
2.244991 -1.264168 0.288708 9
2.113195 -1.493600 0.165689 9
2.087777 -1.426783 0.198242 9
2.043481 -1.413675 0.202744 9
1.996711 -1.408358 0.203288 9
1.938957 -1.439543 0.184891 9
1.900519 -1.408377 0.199176 9
1.919570 -1.172298 0.320368 9
1.887049 -1.107542 0.352253 9
1.948777 -0.676098 0.575061 9
1.919805 -0.571087 0.627911 9
1.866535 -0.559417 0.632313 9
1.183640 -0.785383 0.505931 10
1.131530 -0.791397 0.502898 10
1.080754 -0.784534 0.506660 10
1.017901 -0.935149 0.428964 10
0.968254 -0.934250 0.429873 10
0.909762 -1.094594 0.347334 10
0.859251 -1.152792 0.317824 10
0.810696 -1.190530 0.299019 10
0.768463 -0.992826 0.402459 10
0.719766 -0.974825 0.412835 10
0.670343 -1.112157 0.342680 10
0.622466 -1.087148 0.356912 10
0.574795 -1.101928 0.350592 10
0.528987 -1.170244 0.316533 10
0.481478 -1.160810 0.323013 10
0.433324 -1.143457 0.333743 10
0.386266 -1.150896 0.331679 10
0.339365 -1.159228 0.329262 10
0.301974 -1.281650 0.267380 10
0.258945 -1.316393 0.251326 10
0.213439 -1.320993 0.251124 10
0.163133 -1.283668 0.272990 10
0.119478 -1.306738 0.263351 10
0.073656 -1.311103 0.263623 10
0.027899 -1.316148 0.263651 10
-0.020488 -1.304680 0.272482 10
-0.071995 -1.277044 0.289968 10
-0.127379 -1.232021 0.316788 10
-0.179172 -1.211951 0.330618 10
-0.226571 -1.216837 0.331404 10
-0.269524 -1.243099 0.320986 10
-0.318227 -1.241916 0.325221 10
-0.350179 -1.313283 0.291029 10
-0.400280 -1.305127 0.299182 10
-0.452491 -1.290382 0.310996 10
-0.529819 -1.184027 0.371916 10
-0.568649 -1.225130 0.354259 10
-0.634217 -1.171949 0.387220 10
-0.694205 -1.142233 0.407829 10
-0.744681 -1.146013 0.410616 10
-0.814212 -1.091901 0.444777 10
-0.857984 -1.119012 0.435306 10
-0.924591 -1.079792 0.461865 10
-0.986236 -1.057925 0.479257 10
-1.012621 -1.133197 0.444000 10
-1.047550 -1.182574 0.422843 10
-1.123137 -1.127392 0.458901 10
-1.202308 -1.067754 0.497721 10
-1.266064 -1.049274 0.514262 10
-1.326795 -1.039901 0.526017 10
-1.338996 -1.141027 0.476930 10
-1.410828 -1.107568 0.502291 10
-1.488173 -1.065288 0.532846 10
-1.534100 -1.091286 0.525684 10
-1.651179 -0.973814 0.598816 8
-1.851526 -0.700169 0.760094 8
-1.746482 -1.025375 0.585802 8
-1.793704 -1.051774 0.579131 8
-1.747264 -1.248385 0.476257 8
-1.771945 -1.310454 0.449260 8
-1.759534 -1.434952 0.386674 8
-1.781464 -1.496632 0.359730 8
-1.800331 -1.561617 0.330859 8
-1.833915 -1.600967 0.316700 8
-1.878086 -1.622934 0.312645 8
-1.927779 -1.636506 0.313592 8
-2.036396 -1.561767 0.366150 8
-2.114726 -1.536104 0.390594 8
-2.184588 -1.524937 0.406899 8
-2.303699 -1.445975 0.463490 8
-2.318603 -1.515440 0.432856 8
2.421701 -1.229467 0.382282 9
2.418623 -1.101396 0.448210 9
2.353759 -1.130271 0.429254 9
2.330152 -1.048964 0.469978 9
2.225711 -1.192228 0.389648 9
2.170611 -1.201795 0.381659 9
2.050324 -1.410728 0.266570 9
2.020467 -1.351613 0.295914 9
1.972574 -1.347815 0.295628 9
1.934639 -1.310949 0.313208 9
1.922538 -1.181098 0.380711 9
1.908381 -1.048985 0.449441 9
1.945822 -0.709127 0.629335 9
1.906284 -0.647500 0.660358 9
1.037461 -0.712617 0.613878 10
0.982679 -0.751164 0.593786 10
0.928727 -0.790532 0.573380 10
0.874096 -0.864638 0.534596 10
0.824684 -0.833457 0.552009 10
0.774863 -0.792758 0.574635 10
0.720627 -1.023637 0.452618 10
0.672141 -0.918250 0.509982 10
0.622777 -0.982005 0.477262 10
0.573811 -0.995464 0.471490 10
0.528024 -1.108777 0.412482 10
0.482696 -1.174169 0.379143 10
0.434628 -1.158681 0.389154 10
0.386422 -1.147187 0.397163 10
0.342483 -1.199471 0.371127 10
0.295375 -1.200678 0.372565 10
0.246906 -1.187882 0.381645 10
0.192741 -1.123744 0.418456 10
0.150179 -1.173833 0.394014 10
0.113873 -1.266172 0.346889 10
0.065942 -1.259352 0.353244 10
0.012514 -1.217008 0.378913 10
-0.040812 -1.182027 0.400787 10
-0.087399 -1.192445 0.398272 10
-0.129454 -1.227759 0.382384 10
-0.183525 -1.196851 0.402516 10
-0.240371 -1.156459 0.427986 10
-0.288348 -1.162928 0.428153 10
-0.335432 -1.173695 0.426107 10
-0.384653 -1.175278 0.429199 10
-0.427179 -1.204890 0.417100 10
-0.450381 -1.308012 0.364811 10
-0.533785 -1.179146 0.439807 10
-0.598103 -1.129890 0.471431 10
-0.648262 -1.134078 0.473862 10
-0.696226 -1.146179 0.472072 10
-0.745550 -1.154052 0.472750 10
-0.809390 -1.117817 0.498020 10
-0.848780 -1.157505 0.481361 10
-0.893363 -1.180664 0.473971 10
-0.970294 -1.113773 0.516943 10
-1.050791 -1.042623 0.562642 10
-1.095048 -1.071011 0.552894 10
-1.157974 -1.051749 0.570033 10
-1.224309 -1.026370 0.590855 10
-1.272235 -1.047171 0.585849 10
-1.312107 -1.086407 0.570528 10
-1.363380 -1.099023 0.570402 10
-1.443926 -1.048338 0.606490 10
-1.489671 -1.075165 0.598665 10
-1.608179 -0.951727 0.677052 8
-1.656995 -0.975735 0.671341 8
-1.918885 -0.582982 0.906014 8
-1.726980 -1.076270 0.629954 8
-1.742876 -1.160026 0.589890 8
-1.747475 -1.261321 0.539525 8
-1.708613 -1.435760 0.446269 8
-1.744882 -1.473261 0.432795 8
-1.771025 -1.527174 0.409739 8
-1.822527 -1.537923 0.412163 8
-1.914061 -1.484878 0.452574 8
-1.968031 -1.494431 0.456230 8
-2.002937 -1.534000 0.442169 8
-2.078617 -1.511700 0.465262 8
-2.150310 -1.497406 0.483904 8
-2.187655 -1.534285 0.471955 8
-2.289708 -1.479800 0.515549 8
2.417305 -1.123744 0.504598 9
2.356562 -1.141752 0.491012 9
2.321764 -1.091145 0.515695 9
2.270516 -1.084594 0.516045 9
2.207695 -1.112386 0.497530 9
2.132620 -1.180170 0.457096 9
2.079749 -1.184396 0.452001 9
2.033283 -1.169141 0.457809 9
1.954845 -1.261494 0.404436 9
1.935981 -1.153325 0.461721 9
1.922501 -1.017510 0.534252 9
1.958020 -0.684423 0.715241 9
2.059731 -0.059308 1.056495 9
0.932159 -0.769347 0.654238 10
0.878269 -0.817734 0.628438 10
0.825033 -0.877992 0.596268 10
0.776940 -0.778985 0.651369 10
0.674037 -0.734786 0.677875 10
0.622479 -0.789932 0.649025 10
0.572815 -0.885156 0.598307 10
0.523367 -0.919055 0.581311 10
0.476189 -0.992890 0.542502 10
0.436149 -1.178139 0.442560 10
0.391075 -1.217085 0.423038 10
0.342856 -1.201465 0.433640 10
0.287232 -1.100935 0.491154 10
0.240211 -1.116816 0.484726 10
0.191028 -1.109518 0.491208 10
0.144032 -1.123600 0.486024 10
0.096438 -1.131405 0.484431 10
0.065036 -1.257764 0.417329 10
0.010608 -1.209849 0.446800 10
-0.038112 -1.205576 0.452252 10
-0.087213 -1.200516 0.458287 10
-0.148279 -1.130452 0.500644 10
-0.204719 -1.093630 0.524729 10
-0.233834 -1.197163 0.470686 10
-0.295027 -1.140212 0.506320 10
-0.351256 -1.112015 0.526105 10
-0.399980 -1.119361 0.526159 10
-0.438968 -1.166510 0.503993 10
-0.483760 -1.187977 0.496341 10
-0.539448 -1.168102 0.512109 10
-0.579102 -1.207975 0.494327 10
-0.658430 -1.109791 0.554748 10
-0.706524 -1.122964 0.552407 10
-0.757700 -1.126380 0.555745 10
-0.822776 -1.088016 0.583036 10
-0.888201 -1.052288 0.609089 10
-0.920274 -1.115201 0.578990 10
-0.969342 -1.128093 0.577580 10
-1.063372 -1.021048 0.645242 10
-1.184064 -0.852714 0.748696 10
-1.191682 -0.979492 0.682391 10
-1.203506 -1.089570 0.625581 10
-1.283523 -1.033142 0.665299 10
-1.344583 -1.024541 0.677553 10
-1.383261 -1.067459 0.659966 10
-1.437844 -1.074614 0.663383 10
-1.491489 -1.084473 0.665400 10
-1.612290 -0.956924 0.748520 8
-1.699676 -0.904038 0.788218 8
-1.735018 -0.956514 0.765911 8
-1.741606 -1.062172 0.712027 8
-1.716037 -1.223343 0.624860 8
-1.755092 -1.260961 0.611229 8
-1.665226 -1.525281 0.461538 8
-1.740249 -1.494245 0.488967 8
-1.783208 -1.519664 0.482620 8
-1.876783 -1.461915 0.526892 8
-1.897694 -1.524484 0.498355 8
-1.944486 -1.544786 0.495636 8
-2.002370 -1.548327 0.503373 8
-2.098780 -1.495170 0.546322 8
-2.130109 -1.540833 0.528621 8
-2.181827 -1.556489 0.529624 8
-2.218382 -1.593905 0.517240 8
2.512962 -0.898676 0.702676 9
2.454242 -0.903599 0.695842 9
2.393740 -0.914780 0.685626 9
2.320688 -0.963041 0.654486 9
2.269292 -0.952778 0.656876 9
2.240528 -0.874803 0.697887 9
2.157547 -0.961160 0.645718 9
2.018575 -1.236014 0.486991 9
1.940107 -1.330009 0.431152 9
1.969657 -1.055404 0.584055 9
1.911107 -1.079308 0.568132 9
2.044608 -0.378189 0.961727 9
0.571916 -0.776734 0.728072 10
0.521944 -0.838462 0.694977 10
0.472631 -0.884502 0.670826 10
0.423881 -0.923123 0.650968 10
0.371650 -0.891993 0.670588 10
0.327233 -0.980188 0.622984 10
0.282008 -1.036564 0.593428 10
0.236915 -1.082280 0.569990 10
0.188649 -1.088931 0.568773 10
0.140602 -1.097160 0.566797 10
0.094663 -1.121708 0.555693 10
0.045537 -1.119917 0.559671 10
0.004164 -1.171969 0.533163 10
-0.049533 -1.139866 0.554670 10
-0.090795 -1.186369 0.531532 10
-0.140285 -1.182460 0.537268 10
-0.192320 -1.166624 0.549983 10
-0.243073 -1.159800 0.557714 10
-0.327685 -0.995912 0.655738 10
-0.378754 -0.998697 0.658427 10
-0.407904 -1.095197 0.607320 10
-0.474527 -1.032161 0.648191 10
-0.534782 -1.000284 0.671356 10
-0.544305 -1.160218 0.583734 10
-0.604893 -1.126494 0.608237 10
-0.690101 -1.012268 0.679762 10
-0.745771 -1.004825 0.689555 10
-0.801958 -0.997322 0.699581 10
-0.876078 -0.936642 0.740903 10
-0.892972 -1.049853 0.680662 10
-0.944531 -1.057776 0.682152 10
-0.977343 -1.117836 0.653113 10
-1.136501 -0.838371 0.824478 10
-1.181176 -0.873005 0.811020 10
-1.245918 -0.856413 0.828052 10
-1.270324 -0.939858 0.785853 10
-1.300731 -1.005401 0.754277 10
-1.376556 -0.964337 0.786451 10
-1.436976 -0.960966 0.796379 10
-1.571656 -0.798258 0.902370 8
-2.038105 0.052820 1.424405 8
-2.122072 0.073779 1.447554 8
-2.141735 -0.036079 1.391675 8
-1.744882 -0.951393 0.845230 8
-1.708643 -1.138502 0.740279 8
-1.737889 -1.196498 0.713954 8
-1.741926 -1.298226 0.660738 8
-1.745610 -1.396799 0.609282 8
-1.746119 -1.497245 0.556481 8
-1.790027 -1.521359 0.550934 8
-1.852299 -1.515414 0.564288 8
-1.903435 -1.528671 0.565901 8
-1.949725 -1.550030 0.562619 8
-2.054282 -1.482622 0.615560 8
-2.094817 -1.514942 0.605890 8
-2.143095 -1.535720 0.603688 8
-2.206622 -1.535021 0.615406 8
2.242552 -0.889321 0.762284 9
2.174356 -0.929311 0.735599 9
1.999274 -1.317324 0.506589 9
2.060444 -0.946723 0.719287 9
1.936947 -1.189323 0.575566 9
1.996284 -0.791328 0.803962 9
2.053264 -0.369107 1.046136 9
0.279891 -1.009868 0.676574 10
0.157597 -0.792593 0.808041 10
0.139632 -1.092246 0.636657 10
-0.010346 -1.079565 0.653302 10
-0.070075 -1.016849 0.693366 10
-0.134366 -0.936298 0.744127 10
-0.191118 -0.908342 0.764350 10
-0.220418 -1.027970 0.698148 10
-0.280353 -0.984274 0.727927 10
-0.338863 -0.952787 0.750763 10
-0.414007 -0.851485 0.815009 10
-0.498960 -0.719312 0.897870 10
-0.487350 -0.990381 0.742522 10
-0.584624 -0.818115 0.849646 10
-0.653415 -0.766799 0.885482 10
-0.669581 -0.907482 0.807347 10
-0.719476 -0.923175 0.803612 10
-0.783901 -0.891068 0.828594 10
-0.829113 -0.923062 0.815460 10
-0.897093 -0.884498 0.844788 10
-0.983185 -0.796446 0.904190 10
-0.973423 -0.987635 0.795667 10
-1.044117 -0.946384 0.827292 10
-1.179064 -0.738077 0.960464 10
-1.206397 -0.820980 0.917596 10
-1.280322 -0.783671 0.947901 10
-1.346266 -0.769051 0.964696 10
-1.378453 -0.835773 0.931966 10
-1.443621 -0.824547 0.947104 10
-1.530075 -0.767890 0.990495 8
-1.617439 -0.713572 1.032891 8
-1.666112 -0.744594 1.022874 8
-1.663256 -0.880445 0.947854 8
-1.694478 -0.942613 0.918493 8
-1.704955 -1.042986 0.865245 8
-1.703919 -1.161211 0.800640 8
-1.735290 -1.215028 0.776345 8
-1.741174 -1.313140 0.724088 8
-1.727787 -1.441423 0.652519 8
-1.779363 -1.453576 0.654532 8
-1.773542 -1.562139 0.595159 8
-1.868575 -1.502267 0.643544 8
-1.936511 -1.489459 0.662200 8
-1.998146 -1.488197 0.673740 8
-2.053238 -1.498117 0.678319 8
-2.112574 -1.502464 0.686773 8
-2.143547 -1.549062 0.667849 8
-2.205370 -1.550941 0.678374 8
-0.286309 -0.963850 0.810797 10
-0.342071 -0.947164 0.825353 10
-0.734756 -0.687924 1.014473 10
-0.788122 -0.701098 1.012532 10
-0.839620 -0.720481 1.006960 10
-0.911288 -0.675995 1.040795 10
-0.956512 -0.716131 1.022848 10
-1.511527 0.321264 1.687776 8
-1.525942 0.168161 1.601789 8
-1.586395 0.141486 1.594411 8
-1.350540 -0.622373 1.126445 10
-1.369906 -0.725649 1.070193 10
-1.524725 -0.506647 1.216380 8
-1.588273 -0.509149 1.223992 8
-1.574100 -0.684666 1.122493 8
-1.650736 -0.656429 1.149785 8
-1.621946 -0.851543 1.035406 8
-1.662378 -0.896514 1.016310 8
-1.676789 -0.991937 0.965005 8
-1.692988 -1.080190 0.918172 8
-1.714687 -1.154795 0.880023 8
-1.697451 -1.298327 0.797244 8
-1.724229 -1.357140 0.769056 8
-1.710128 -1.485658 0.695466 8
-1.773155 -1.477638 0.710784 8
-1.835895 -1.471601 0.725117 8
-1.877265 -1.501724 0.715942 8
-1.912745 -1.540957 0.700873 8
-1.977215 -1.534571 0.716183 8
-2.020290 -1.562080 0.709225 8
-2.132577 -1.486937 0.771173 8
-2.142344 -1.564908 0.730876 8
-1.498792 0.270414 1.751008 8
-1.529926 0.162827 1.691883 8
-1.579862 0.108756 1.666923 8
-1.538626 -0.169640 1.498205 8
-1.560461 -0.280860 1.436308 8
-1.561912 -0.434493 1.346941 8
-1.576834 -0.550010 1.281937 8
-1.577962 -0.690703 1.200440 8
-1.627133 -0.721840 1.189954 8
-1.590801 -0.930885 1.063498 8
-1.639663 -0.957022 1.056221 8
-1.672058 -1.015539 1.027837 8
-1.671626 -1.135454 0.959004 8
-1.712944 -1.172094 0.944993 8
-1.683979 -1.336698 0.846155 8
-1.676707 -1.455627 0.777241 8
-1.787262 -1.364724 0.848333 8
-1.811299 -1.426359 0.817786 8
-1.866297 -1.434859 0.823018 8
-1.901072 -1.476886 0.805823 8
-1.974084 -1.457619 0.830339 8
-1.983532 -1.538697 0.786831 8
-2.126391 -1.415679 0.882978 8
-2.192757 -1.412374 0.897824 8
-2.168507 -1.541323 0.821641 8
-1.512332 0.100418 1.745765 8
-1.578749 0.089826 1.748721 8
-1.530607 -0.204987 1.564976 8
-1.553801 -0.312223 1.504193 8
-1.559488 -0.455249 1.419623 8
-1.576553 -0.565591 1.356481 8
-1.623705 -0.604818 1.340518 8
-1.599137 -0.796459 1.222942 8
-1.594800 -0.936858 1.139168 8
-1.615840 -1.019607 1.093807 8
-1.664536 -1.044694 1.087236 8
-1.671458 -1.149880 1.026662 8
-1.688079 -1.232753 0.981031 8
-1.649529 -1.413287 0.868763 8
-1.674717 -1.472668 0.838726 8
-1.741584 -1.457939 0.859538 8
-1.796843 -1.464712 0.865910 8
-1.854579 -1.468211 0.874815 8
-1.917566 -1.464223 0.889211 8
-1.977615 -1.466224 0.899773 8
-2.068963 -1.421084 0.943664 8
-2.121384 -1.437820 0.944646 8
-1.489378 0.024040 1.789562 8
-1.500004 -0.126877 1.698200 8
-1.526207 -0.231423 1.637871 8
-1.551718 -0.332666 1.579686 8
-1.555357 -0.480069 1.490096 8
-1.543878 -0.654376 1.381912 8
-1.558027 -0.763922 1.317511 8
-1.588069 -0.834758 1.279446 8
-1.647227 -0.842595 1.284645 8
-1.725000 -0.813668 1.315449 8
-1.620322 -1.145969 1.096908 8
-1.668120 -1.170487 1.090662 8
-1.667640 -1.284973 1.021948 8
-1.680323 -1.370953 0.972884 8
-1.684513 -1.468896 0.915288 8
-1.743959 -1.467615 0.927351 8
-1.800987 -1.471615 0.935998 8
-1.846451 -1.495631 0.930732 8
-1.954916 -1.418294 0.997888 8
-2.042410 -1.378688 1.038835 8
-2.075525 -1.425614 1.018174 8
-2.130874 -1.438270 1.022318 8
-1.494092 -0.157674 1.769954 8
-1.507323 -0.293574 1.686506 8
-1.526582 -0.408230 1.617574 8
-1.536436 -0.539218 1.537133 8
-1.506527 -0.753366 1.398441 8
-1.561001 -0.772239 1.395799 8
-1.564349 -0.899921 1.316991 8
-1.593805 -0.967911 1.279957 8
-1.590104 -1.100164 1.197499 8
-1.597841 -1.204250 1.134689 8
-1.622110 -1.272582 1.097117 8
-1.650093 -1.331689 1.066097 8
-1.674929 -1.394684 1.032293 8
-1.739074 -1.386238 1.049874 8
-1.813290 -1.361992 1.079238 8
-1.918744 -1.287524 1.145496 8
-1.974999 -1.298598 1.150242 8
-2.039346 -1.297394 1.164255 8
-2.068968 -1.351871 1.137749 8
-2.095091 -1.410438 1.108251 8
-2.103216 -1.494492 1.059864 8
-1.501428 -0.323729 1.757061 8
-1.516581 -0.447570 1.679961 8
-1.541840 -0.542076 1.623582 8
-1.542450 -0.687675 1.530581 8
-1.537478 -0.838460 1.433535 8
-1.542987 -0.959910 1.357231 8
-1.546937 -1.079161 1.282259 8
-1.563752 -1.167422 1.229480 8
-1.567122 -1.278458 1.160017 8
-1.630774 -1.270269 1.177296 8
-1.677577 -1.294875 1.170925 8
-1.727706 -1.313399 1.169218 8
-1.813254 -1.269789 1.213595 8
-1.868063 -1.282315 1.216980 8
-1.930157 -1.283226 1.229284 8
-1.995991 -1.279189 1.245643 8
-2.120571 -1.182688 1.331751 8
-1.526851 -0.592098 1.676845 8
-1.533036 -0.723966 1.591636 8
-1.557251 -0.810464 1.539510 8
-1.550185 -0.959441 1.441220 8
-1.584718 -1.016078 1.410875 8
-1.569092 -1.171130 1.307488 8
-1.652514 -1.126468 1.352474 8
-1.702325 -1.149004 1.347775 8
-1.770670 -1.137360 1.368959 8
-1.827925 -1.147478 1.374164 8
-1.882878 -1.162354 1.376074 8
-1.886347 -1.265899 1.310913 8
-1.961340 -1.246160 1.339517 8
-2.099465 -1.125624 1.445828 8
-2.553454 -0.218073 -0.988678 8
-2.448493 -0.238216 -1.014485 8
-2.368179 -0.286521 -1.019207 8
-2.279269 -0.323796 -1.032289 8
-2.192479 -0.362878 -1.044141 8
-2.122981 -0.423498 -1.040470 8
-2.088728 -0.530787 -1.003553 8
-2.068022 -0.658610 -0.952883 8
-2.109217 -1.040388 -0.766297 8
-2.531041 0.095462 -1.015638 8
-2.426809 0.075510 -1.041403 8
-2.338766 0.038461 -1.053729 8
-2.239365 0.015726 -1.077133 8
-2.154138 -0.022654 -1.088479 8
-2.063113 -0.053099 -1.105927 8
-2.057104 -0.189743 -1.043599 8
-2.014327 -0.282559 -1.015233 8
-2.042884 -0.471112 -0.916876 8
-2.021436 -0.598205 -0.865488 8
-2.003329 -0.733104 -0.809589 8
-1.994489 -0.884633 -0.742950 8
-1.984862 -1.039369 -0.675457 8
-2.493443 0.282520 -0.991936 8
-2.383633 0.269163 -1.023381 8
-2.271015 0.260918 -1.058640 8
-2.191974 0.215980 -1.064332 8
-2.119674 0.163574 -1.064278 8
-2.061980 0.093681 -1.050782 8
-2.139289 -0.143495 -0.907819 8
-2.029577 -0.152774 -0.943066 8
-2.030168 -0.302232 -0.870907 8
-1.993659 -0.406975 -0.834120 8
-2.069699 -0.665711 -0.682490 8
-1.998567 -0.730663 -0.678145 8
-1.961288 -0.843730 -0.638635 8
-1.864492 -0.873479 -0.661236 8
-1.919134 -1.125635 -0.522050 8
-1.902952 -1.279908 -0.456139 8
-2.457046 0.465475 -0.969352 8
-2.367190 0.430730 -0.983446 8
-2.245287 0.432424 -1.027781 8
-2.169006 0.385150 -1.031250 8
-2.069427 0.365178 -1.057188 8
-2.035000 0.269880 -1.021909 8
-2.250435 -0.128720 -0.743821 8
-2.124106 -0.121032 -0.794264 8
-2.022397 -0.141463 -0.821935 8
-1.981322 -0.238458 -0.789447 8
-1.974357 -0.382304 -0.721388 8
-1.910809 -0.453815 -0.710497 8
-1.984523 -0.715464 -0.554799 8
-1.938383 -0.817378 -0.523064 8
-1.955740 -1.013119 -0.421675 8
-1.880999 -1.079162 -0.419006 8
-1.879213 -1.256035 -0.334821 8
-1.875977 -1.436360 -0.249883 8
-2.470808 0.593823 -0.903507 8
-2.364214 0.576288 -0.932898 8
-2.254043 0.564405 -0.966828 8
-2.172275 0.523176 -0.975369 8
-2.045605 0.533293 -1.027349 8
-2.040110 0.406579 -0.964040 8
-2.026463 0.286275 -0.907348 8
-2.004640 0.172912 -0.857564 8
-1.946058 0.102266 -0.843749 8
-2.011045 -0.124869 -0.703698 8
-1.954741 -0.203404 -0.685592 8
-1.928434 -0.322518 -0.635760 8
-2.008525 -0.588127 -0.471374 8
-1.961761 -0.688263 -0.439619 8
-1.918630 -0.795515 -0.403196 8
-1.733899 -0.700275 -0.523670 10
-1.874968 -1.080236 -0.279566 8
-1.875255 -1.262235 -0.189810 8
-1.405605 -0.720465 -0.645572 10
-2.490966 0.715481 -0.832907 8
-2.377620 0.703862 -0.868597 8
-2.265397 0.693142 -0.904627 8
-2.171996 0.664225 -0.924165 8
-2.053916 0.663752 -0.968404 8
-2.043040 0.544988 -0.909603 8
-2.024674 0.432000 -0.856976 8
-2.007063 0.315529 -0.802498 8
-2.013188 0.167703 -0.722709 8
-1.982258 0.061353 -0.679230 8
-1.924773 -0.013817 -0.662619 8
-1.849788 -0.067284 -0.664411 8
-1.790843 -0.141787 -0.649285 10
-1.702322 -0.177234 -0.666299 10
-1.652204 -0.264801 -0.641509 10
-1.564973 -0.301417 -0.657974 10
-1.512313 -0.387227 -0.635673 10
-1.517269 -0.559984 -0.546058 10
-1.417519 -0.579466 -0.577178 10
-1.350843 -0.648688 -0.569870 10
-1.309216 -0.758594 -0.532014 10
-2.517442 0.831001 -0.757407 8
-2.399903 0.822244 -0.797053 8
-2.284790 0.813239 -0.835907 8
-2.209086 0.764976 -0.838428 8
-2.078491 0.776168 -0.894803 8
-2.027223 0.703161 -0.874933 8
-2.003498 0.598387 -0.827383 8
-2.008285 0.458572 -0.750010 8
-1.977223 0.357106 -0.707647 8
-2.004551 0.183269 -0.603629 8
-1.881218 0.189558 -0.656114 8
-1.799147 0.146777 -0.666221 10
-1.731095 0.086530 -0.661683 10
-1.620487 0.082209 -0.704229 10
-1.549618 0.026605 -0.703826 10
-1.477132 -0.026829 -0.705493 10
-1.390761 -0.060590 -0.723451 10
-1.302373 -0.090481 -0.744533 10
-1.202716 -0.102523 -0.779867 10
-1.138908 -0.167130 -0.773173 10
-1.051695 -0.195900 -0.795142 10
-0.983206 -0.253461 -0.794595 10
-0.930123 -0.336599 -0.774595 10
-0.863125 -0.398036 -0.771951 10
-0.828268 -0.515416 -0.727123 10
-0.855862 -0.746672 -0.597445 10
-0.756787 -0.951152 -0.537344 10
-0.652016 -0.951968 -0.583344 10
-2.421790 0.941198 -0.726728 8
-2.334760 0.902683 -0.738867 8
-2.226251 0.887121 -0.772571 8
-2.120367 0.870728 -0.805033 8
-2.029117 0.840475 -0.824225 8
-2.031759 0.708303 -0.749653 8
-2.018603 0.590382 -0.689546 8
-1.960960 0.520746 -0.674240 8
-1.947467 0.398597 -0.612446 8
-1.897818 0.316881 -0.587777 8
-1.797942 0.295806 -0.617040 10
-1.694231 0.281205 -0.651666 10
-1.621906 0.228067 -0.652659 10
-1.506288 0.232139 -0.702860 10
-1.415717 0.205152 -0.726099 10
-1.325688 0.178686 -0.749648 10
-1.247528 0.136678 -0.760105 10
-1.158882 0.110386 -0.783669 10
-1.074668 0.078755 -0.802748 10
-0.999933 0.033647 -0.810850 10
-0.907761 0.016046 -0.841302 10
-0.837172 -0.034469 -0.845251 10
-0.758958 -0.072515 -0.859345 10
-0.684929 -0.117039 -0.868449 10
-0.600801 -0.143899 -0.891513 10
-0.532240 -0.197240 -0.894084 10
-0.457929 -0.240420 -0.904765 10
-0.397018 -0.308428 -0.896779 10
-0.328933 -0.363817 -0.898820 10
-0.259750 -0.417529 -0.902477 10
-0.241921 -0.575864 -0.828999 10
-0.186505 -0.662179 -0.810068 10
-0.130740 -0.750072 -0.790744 10
-0.091248 -0.876411 -0.744443 10
0.018836 -0.846857 -0.810968 10
1.531300 -0.420302 -1.765889 9
1.578750 -0.539930 -1.731231 9
-2.462300 1.042499 -0.639494 8
-2.368709 1.009380 -0.657601 8
-2.232714 1.019899 -0.718077 8
-2.138603 0.990688 -0.739135 8
-2.051478 0.955452 -0.754166 8
-2.002508 0.880321 -0.731182 8
-1.974532 0.781304 -0.686287 8
-1.976045 0.647224 -0.609663 8
-1.971774 0.516164 -0.537376 8
-1.906652 0.453091 -0.528837 8
-1.809145 0.428647 -0.555720 10
-1.707670 0.410590 -0.588089 10
-1.618803 0.378442 -0.607544 10
-1.522950 0.356390 -0.635815 10
-1.426684 0.336434 -0.665671 10
-1.314949 0.339015 -0.714840 10
-1.217767 0.324148 -0.748387 10
-1.153896 0.263869 -0.742841 10
-1.063883 0.241145 -0.769458 10
-0.974650 0.218673 -0.796113 10
-0.869773 0.221486 -0.843646 10
-0.804611 0.164820 -0.841593 10
-0.723196 0.133854 -0.860906 10
-0.630769 0.121930 -0.895651 10
-0.576239 0.047905 -0.880193 10
-0.483207 0.039219 -0.917427 10
-0.418459 -0.017730 -0.916218 10
-0.324663 -0.022155 -0.956553 10
-0.238655 -0.038907 -0.986984 10
-0.170745 -0.088968 -0.991601 10
-0.100165 -0.134017 -1.000347 10
-0.048021 -0.216685 -0.980833 10
0.021823 -0.264430 -0.988278 10
0.090111 -0.315751 -0.993342 10
0.145402 -0.396441 -0.977054 10
0.208404 -0.461727 -0.972749 10
0.195786 -0.707064 -0.838276 10
0.281323 -0.725929 -0.869527 10
0.373255 -0.727121 -0.913327 10
1.491867 -0.097951 -1.795704 9
1.564053 -0.105645 -1.829033 9
1.624375 -0.159817 -1.832724 9
1.683438 -0.221562 -1.832114 9
1.740937 -0.293387 -1.825770 9
1.808483 -0.321794 -1.846987 9
1.870291 -0.378636 -1.850954 9
1.916952 -0.518372 -1.805064 9
-2.468792 1.053757 -0.512572 8
-2.319921 1.073265 -0.585031 8
-2.185130 1.082375 -0.645819 8
-2.089670 1.054439 -0.668856 8
-2.040386 0.979609 -0.645530 8
-1.975692 0.920423 -0.637985 8
-1.966649 0.800220 -0.571891 8
-1.915633 0.724035 -0.549208 8
-1.918830 0.584798 -0.467406 8
-1.839005 0.539050 -0.474968 10
-1.709834 0.553081 -0.538167 10
-1.624609 0.516429 -0.553736 10
-1.535493 0.485564 -0.574523 10
-1.419997 0.489845 -0.626979 10
-1.333030 0.459288 -0.647482 10
-1.254912 0.417870 -0.658200 10
-1.138195 0.430466 -0.716601 10
-1.076402 0.368298 -0.708897 10
-0.991077 0.339815 -0.730775 10
-0.881149 0.349141 -0.785023 10
-0.793621 0.327238 -0.812024 10
-0.710399 0.299989 -0.834336 10
-0.626163 0.275482 -0.858857 10
-0.549404 0.239874 -0.874051 10
-0.467516 0.213588 -0.896968 10
-0.370677 0.214405 -0.941920 10
-0.298589 0.173588 -0.952770 10
-0.216885 0.150682 -0.978131 10
-0.159760 0.082695 -0.967572 10
-0.081123 0.055090 -0.989375 10
-0.011309 0.010872 -0.998190 10
0.075723 0.001942 -1.034567 10
0.152356 -0.026897 -1.055416 10
0.216051 -0.083007 -1.055531 10
0.284660 -0.128941 -1.063727 10
0.354018 -0.173379 -1.073314 10
0.424181 -0.216072 -1.084452 10
0.484900 -0.282049 -1.078695 10
0.536152 -0.373677 -1.054765 10
0.582787 -0.480804 -1.020489 10
0.627006 -0.599022 -0.979317 10
0.706331 -0.624199 -1.005469 10
0.695295 -0.910772 -0.847474 10
0.764063 -0.975101 -0.847971 10
0.951171 -0.671493 -1.103762 10
1.506930 0.132142 -1.813460 9
1.570238 0.096090 -1.827414 9
1.637804 0.076616 -1.852505 9
1.697813 0.026660 -1.857826 9
1.764399 0.003639 -1.880940 9
1.823354 -0.053771 -1.882195 9
1.882885 -0.111296 -1.883898 9
1.951184 -0.127096 -1.912304 9
2.004016 -0.224970 -1.889738 9
2.026380 -0.506009 -1.755365 9
2.048909 -0.818430 -1.604942 9
-2.421497 1.116411 -0.437338 8
-2.266278 1.141794 -0.517942 8
-2.158173 1.124244 -0.553056 8
-2.003249 1.156311 -0.638009 8
-1.957062 1.079199 -0.611596 8
-2.026877 0.877322 -0.461406 8
-1.917252 0.864594 -0.500960 8
-1.860967 0.794337 -0.483633 8
-1.841374 0.681436 -0.425429 8
-1.756854 0.641926 -0.438967 10
-1.641469 0.640257 -0.488466 10
-1.541112 0.622733 -0.522303 10
-1.470900 0.569092 -0.521961 10
-1.358056 0.570426 -0.572778 10
-1.264951 0.548400 -0.601455 10
-1.174794 0.523909 -0.627608 10
-1.075340 0.513687 -0.666410 10
-0.987751 0.488680 -0.691552 10
-0.901416 0.463154 -0.716047 10
-0.800549 0.460587 -0.760553 10
-0.727814 0.417354 -0.769128 10
-0.616904 0.434390 -0.829880 10
-0.516855 0.437338 -0.877808 10
-0.428624 0.423402 -0.910871 10
-0.344654 0.403981 -0.939050 10
-0.268202 0.372892 -0.957318 10
-0.182078 0.359924 -0.990575 10
-0.117686 0.308716 -0.992234 10
-0.065913 0.233246 -0.974474 10
0.022040 0.226419 -1.012680 10
0.088657 0.179002 -1.018153 10
0.165828 0.153093 -1.040929 10
0.242118 0.126322 -1.063009 10
0.317241 0.097937 -1.083832 10
0.385620 0.055180 -1.093589 10
0.458492 0.022773 -1.111495 10
0.526030 -0.021887 -1.120202 10
0.591613 -0.071661 -1.125325 10
0.659678 -0.115733 -1.135035 10
0.729191 -0.156279 -1.147618 10
0.784573 -0.235580 -1.132021 10
0.855947 -0.272448 -1.147980 10
0.906840 -0.369322 -1.120904 10
0.953514 -0.483421 -1.082473 10
0.996159 -0.616086 -1.032060 10
1.085183 -0.603788 -1.084754 10
1.154400 -0.655142 -1.092775 10
1.505708 0.297178 -1.793143 9
1.571787 0.274957 -1.815749 9
1.632345 0.232122 -1.824469 9
1.697290 0.206000 -1.844741 9
1.759451 0.168464 -1.857553 9
1.819883 0.122458 -1.865059 9
1.887275 0.107474 -1.893216 9
1.950020 0.071033 -1.907499 9
2.009438 0.016318 -1.910336 9
2.027129 -0.273053 -1.764507 9
2.019772 -0.743008 -1.508189 9
2.059084 -0.978104 -1.403763 9
2.121991 -1.083236 -1.382270 9
-2.422018 1.257248 -0.390338 8
-2.351239 1.200758 -0.385911 8
-2.246029 1.177827 -0.417256 8
-2.106853 1.190349 -0.485332 8
-1.985920 1.187703 -0.536392 8
-1.931788 1.118169 -0.517606 8
-1.956597 0.963964 -0.412806 8
-1.883189 0.912198 -0.413738 8
-1.891388 0.769595 -0.323744 8
-1.790846 0.747172 -0.354898 8
-1.675686 0.743533 -0.404116 10
-1.572741 0.727804 -0.440813 10
-1.492483 0.686156 -0.451986 10
-1.390923 0.671944 -0.489402 10
-1.296611 0.650359 -0.519350 10
-1.223961 0.601754 -0.523568 10
-1.129119 0.583390 -0.556099 10
-0.957458 0.673279 -0.688221 10
-0.893998 0.616452 -0.683983 10
-0.829996 0.560077 -0.680470 10
-0.721080 0.570533 -0.737350 10
-0.627046 0.561257 -0.775908 10
-0.502237 0.602480 -0.858665 10
-0.395607 0.619028 -0.918649 10
-0.299115 0.622137 -0.966205 10
-0.217157 0.603128 -0.994190 10
-0.168780 0.526779 -0.973072 10
-0.105072 0.476242 -0.974448 10
-0.032287 0.442137 -0.989887 10
0.034247 0.396710 -0.995972 10
0.103695 0.356871 -1.006887 10
0.168037 0.306949 -1.009716 10
0.239545 0.271448 -1.024523 10
0.314853 0.244470 -1.046276 10
0.382534 0.201624 -1.055392 10
0.465837 0.194121 -1.092616 10
0.540028 0.167415 -1.114562 10
0.605944 0.121596 -1.121696 10
0.683899 0.105424 -1.151904 10
0.754213 0.071107 -1.168170 10
0.812857 0.005955 -1.161270 10
0.895525 0.005289 -1.203229 10
0.962946 -0.036317 -1.214493 10
1.023071 -0.099891 -1.209832 10
1.095959 -0.126156 -1.232939 10
1.160064 -0.179721 -1.236357 10
1.220795 -0.245912 -1.231137 10
1.275029 -0.337133 -1.208702 10
1.558367 0.395141 -1.767457 9
1.623245 0.370523 -1.788216 9
1.692487 0.363714 -1.821403 9
1.754837 0.330669 -1.836475 9
1.817606 0.299151 -1.852800 9
1.875750 0.246362 -1.854989 9
1.954185 0.288503 -1.921046 9
2.001963 0.183129 -1.888789 9
2.007175 -0.159794 -1.701835 9
2.050966 -0.321693 -1.636469 9
2.074800 -0.622061 -1.483710 9
2.118697 -0.829681 -1.393533 9
-2.353389 1.339437 -0.338320 8
-2.276621 1.289008 -0.340475 8
-2.131926 1.304708 -0.414574 8
-2.029525 1.282117 -0.446027 8
-1.977818 1.209840 -0.423943 8
-1.941801 1.120572 -0.384424 8
-1.896523 1.039610 -0.354450 8
-1.953838 0.845865 -0.208300 8
-1.835159 0.841666 -0.259576 8
-1.757463 0.793299 -0.265120 8
-1.599340 0.839387 -0.365840 10
-1.516919 0.799829 -0.379388 10
-1.404031 0.798424 -0.430572 10
-1.349500 0.726284 -0.411707 10
-1.250706 0.710264 -0.447843 10
-1.142507 0.708543 -0.497273 10
-1.068512 0.663090 -0.504337 10
-0.921022 0.719977 -0.608152 10
-0.776274 0.778491 -0.711858 10
-0.731111 0.697216 -0.684260 10
-0.567133 0.792212 -0.819469 10
-0.465669 0.798655 -0.871832 10
-0.352146 0.826957 -0.943267 10
-0.282127 0.788787 -0.954189 10
-0.202064 0.767715 -0.980359 10
-0.140014 0.717170 -0.980414 10
-0.068258 0.683326 -0.995315 10
-0.023651 0.601057 -0.968382 10
0.058215 0.585743 -0.999597 10
0.116877 0.527745 -0.994318 10
0.169734 0.457460 -0.979099 10
0.248469 0.437883 -1.006809 10
0.308906 0.381548 -1.003952 10
0.393905 0.377064 -1.044038 10
0.455902 0.323951 -1.044229 10
0.534751 0.308548 -1.075192 10
0.608339 0.282354 -1.097366 10
0.683576 0.261076 -1.123434 10
0.752859 0.226024 -1.138618 10
0.827580 0.205385 -1.165162 10
0.895835 0.168569 -1.179162 10
0.965279 0.135144 -1.195929 10
1.035910 0.105446 -1.215657 10
1.112041 0.092797 -1.248302 10
1.179290 0.054301 -1.261544 10
1.237986 -0.012128 -1.254351 10
1.314883 -0.019679 -1.290895 10
1.546938 0.520808 -1.725415 9
1.620833 0.530934 -1.770867 9
1.675103 0.469502 -1.764888 9
1.739789 0.447004 -1.787013 9
1.801275 0.411788 -1.800291 9
1.869615 0.406340 -1.834494 9
1.934337 0.386571 -1.858704 9
1.995170 0.348704 -1.870617 9
2.033888 0.194870 -1.804366 9
2.044535 -0.128840 -1.625943 9
2.069992 -0.403501 -1.483871 9
2.096715 -0.703448 -1.328312 9
2.156861 -0.818076 -1.297066 9
2.170852 -1.278917 -1.043315 9
-2.429977 1.410472 -0.214874 8
-2.348501 1.362827 -0.221019 8
-2.283771 1.300056 -0.210025 8
-2.096860 1.354937 -0.330446 8
-2.012214 1.314408 -0.343206 8
-1.945139 1.256977 -0.337305 8
-1.918147 1.158064 -0.286712 8
-1.877006 1.072147 -0.251115 8
-1.881159 0.935655 -0.162643 8
-1.799049 0.891287 -0.172789 8
-1.719243 0.844954 -0.180821 8
-1.573308 0.876383 -0.269009 10
-1.489379 0.837973 -0.284362 10
-1.350477 0.867819 -0.368642 10
-1.233471 0.874378 -0.428184 10
-1.172419 0.811881 -0.418223 10
-0.297318 1.824004 -1.466049 2
-0.953451 0.816559 -0.525842 10
-0.870693 0.785970 -0.546676 10
-0.661395 0.936695 -0.740942 10
-0.509856 1.013437 -0.861738 10
-0.411044 1.017634 -0.912381 10
-0.323575 1.007056 -0.948579 10
-0.249611 0.977013 -0.966390 10
-0.172805 0.952398 -0.989100 10
-0.102572 0.917916 -1.002707 10
-0.050170 0.853404 -0.989325 10
0.016886 0.813542 -0.998422 10
0.075267 0.758167 -0.993930 10
0.126893 0.689491 -0.978153 10
0.198056 0.656770 -0.994168 10
0.235910 0.558865 -0.954102 10
0.310658 0.532629 -0.976204 10
0.362555 0.459471 -0.958559 10
0.433290 0.425043 -0.974033 10
0.521310 0.429561 -1.021962 10
0.591761 0.396584 -1.038516 10
0.665651 0.372236 -1.062196 10
0.737514 0.343931 -1.082632 10
0.822486 0.349628 -1.130393 10
0.898202 0.334098 -1.160819 10
0.952014 0.260594 -1.145366 10
1.041315 0.284482 -1.206764 10
1.099144 0.220904 -1.199686 10
1.167358 0.186765 -1.215778 10
1.240096 0.167050 -1.243012 10
1.311819 0.145291 -1.268665 10
1.538985 0.656472 -1.693386 9
1.593171 0.597378 -1.687843 9
1.672335 0.628918 -1.749507 9
1.729093 0.578838 -1.750999 9
1.790081 0.544135 -1.764020 9
1.855312 0.527160 -1.789964 9
1.918726 0.503278 -1.811004 9
1.987267 0.504342 -1.849695 9
2.028581 0.371895 -1.795048 9
2.010841 -0.087480 -1.515875 9
2.076233 -0.130412 -1.527509 9
2.106363 -0.387869 -1.393855 9
2.126086 -0.744592 -1.196416 9
2.163723 -1.025908 -1.053434 9
2.205157 -1.318958 -0.905956 9
-2.415729 1.443472 -0.106281 8
-2.285988 1.439208 -0.163804 8
-2.163619 1.430803 -0.215362 8
-2.064794 1.402298 -0.242923 8
-1.973143 1.368230 -0.263670 8
-2.410113 0.802429 0.311118 8
-1.909395 1.180238 -0.171261 8
-1.883997 1.076725 -0.116089 8
-0.885944 2.025340 -1.205119 11
-0.748651 2.067481 -1.297844 11
-0.660132 2.058522 -1.334427 11
-0.546949 2.080161 -1.402696 11
-0.475625 2.055091 -1.420956 11
-0.402123 2.033650 -1.442743 11
-0.356451 1.978367 -1.429539 2
-0.286387 1.953889 -1.448014 2
-0.231180 1.910728 -1.447482 2
-0.185299 1.854899 -1.434476 2
-0.118919 1.826853 -1.449322 2
-0.477308 1.193803 -0.871677 10
-0.378224 1.199172 -0.924129 10
-0.288824 1.192731 -0.964486 10
-0.227214 1.145516 -0.965480 10
-0.154486 1.115783 -0.983188 10
-0.080610 1.088723 -1.003313 10
-0.015790 1.047449 -1.010136 10
0.030734 0.974842 -0.988280 10
0.081652 0.908327 -0.972620 10
0.147092 0.866866 -0.980130 10
0.213466 0.827220 -0.989412 10
0.267236 0.763448 -0.977407 10
0.317667 0.691740 -0.958926 10
0.368664 0.619357 -0.940486 10
0.430286 0.567454 -0.940383 10
0.507526 0.548822 -0.969116 10
0.574612 0.508835 -0.979547 10
0.653746 0.496770 -1.013650 10
0.726583 0.471482 -1.036477 10
0.808067 0.468532 -1.077751 10
0.874306 0.429038 -1.088702 10
0.947564 0.408046 -1.114881 10
1.025881 0.402153 -1.153163 10
1.092850 0.366259 -1.167198 10
1.159989 0.330914 -1.181823 10
1.236633 0.324825 -1.219576 10
1.298771 0.274753 -1.222852 10
1.378705 0.282663 -1.271237 10
1.577350 0.706155 -1.637099 9
1.641174 0.681515 -1.657218 9
1.707635 0.667452 -1.685351 9
1.774393 0.656136 -1.715463 9
1.846029 0.666974 -1.761837 9
1.897875 0.595363 -1.747489 9
1.965978 0.594128 -1.784895 9
2.023598 0.544964 -1.787636 9
2.011349 0.133581 -1.532680 9
2.056983 -0.008549 -1.472913 9
2.117386 -0.079353 -1.464657 9
2.174463 -0.176540 -1.438789 9
2.216495 -0.384084 -1.338093 9
2.221527 -0.885698 -1.039516 9
2.250395 -1.280716 -0.818923 9
-2.265330 1.477241 -0.062028 8
-2.148463 1.462874 -0.108360 8
-2.048787 1.434317 -0.137127 8
-1.961752 1.394888 -0.152729 8
-1.266799 1.967606 -0.869832 11
-0.995271 2.135268 -1.112797 11
-0.818086 2.214151 -1.251201 11
-0.716931 2.217082 -1.302437 11
-0.606629 2.232614 -1.366611 11
-0.529189 2.213858 -1.392216 11
-0.441169 2.208725 -1.432125 11
-0.373358 2.181423 -1.447652 11
-0.321652 2.135215 -1.442961 11
-0.244947 2.120231 -1.471235 11
-0.185090 2.084969 -1.478023 11
-0.122058 2.054251 -1.489495 11
-0.070533 2.008508 -1.485566 11
-0.090008 1.863787 -1.381836 2
-0.065059 1.777011 -1.338191 2
-0.278662 1.338269 -0.946341 10
-0.194732 1.325914 -0.980964 10
-0.126981 1.290311 -0.992516 10
-0.054420 1.262810 -1.011893 10
-0.015005 1.182125 -0.980262 10
0.044794 1.133526 -0.979846 10
0.106462 1.087840 -0.982413 10
0.173210 1.050997 -0.993416 10
0.219269 0.976705 -0.969918 10
0.273486 0.915842 -0.959385 10
0.324881 0.848380 -0.943329 10
0.406988 0.840583 -0.981466 10
0.421481 0.695879 -0.897264 10
0.499520 0.679362 -0.928035 10
0.553405 0.611572 -0.913705 10
0.626562 0.585527 -0.936171 10
0.697785 0.555902 -0.955502 10
0.784093 0.563331 -1.006432 10
0.855483 0.536755 -1.028087 10
0.925798 0.508236 -1.048094 10
1.007209 0.510079 -1.093338 10
1.076852 0.482175 -1.113678 10
1.143533 0.446412 -1.127630 10
1.214831 0.424495 -1.152933 10
1.282942 0.393778 -1.171134 10
1.356946 0.382511 -1.204890 10
1.563328 0.819866 -1.592046 9
1.621704 0.777237 -1.597878 9
1.695104 0.788862 -1.646022 9
1.754837 0.751819 -1.656371 9
1.822708 0.746983 -1.691460 9
1.885110 0.721466 -1.710758 9
1.947146 0.694719 -1.729227 9
2.007094 0.658369 -1.740692 9
2.038408 0.478532 -1.647025 9
2.050658 0.179740 -1.468898 9
2.113478 0.130550 -1.474483 9
2.144187 -0.113743 -1.340995 9
2.189341 -0.296042 -1.254348 9
2.213047 -0.649773 -1.049450 9
2.258007 -0.897603 -0.922515 9
2.287280 -1.311218 -0.684204 9
-2.252186 1.508577 0.048951 8
-2.121726 1.505890 -0.013333 8
-1.304063 2.162005 -0.864200 11
-1.125545 2.228535 -0.997734 11
-0.882556 2.365564 -1.211291 11
-0.787058 2.360343 -1.255186 11
-0.670045 2.379875 -1.326699 11
-0.562844 2.392113 -1.388515 11
-0.496495 2.362025 -1.401442 11
-0.419166 2.345118 -1.428892 11
-0.359037 2.309562 -1.435271 11
-0.267481 2.311900 -1.483081 11
-0.208664 2.276489 -1.489150 11
-0.162472 2.225577 -1.478570 11
-0.102314 2.192174 -1.486917 11
-0.033256 2.170954 -1.508058 11
-0.004311 2.096391 -1.473288 11
0.060016 2.069275 -1.488336 11
0.115524 2.030281 -1.491091 11
-0.189710 1.462043 -0.957161 10
-0.113339 1.440242 -0.982350 10
-0.060498 1.383232 -0.972212 10
0.025420 1.378111 -1.013654 10
0.063498 1.296874 -0.980137 10
0.130850 1.262688 -0.993029 10
0.185154 1.206410 -0.984704 10
0.241939 1.153724 -0.980183 10
0.281250 1.068376 -0.945186 10
0.328286 0.994994 -0.922252 10
0.394285 0.956555 -0.932360 10
0.428480 0.854551 -0.884201 10
0.507257 0.840868 -0.917557 10
0.521294 0.690866 -0.827654 10
0.617490 0.714632 -0.895006 10
0.669405 0.641953 -0.876018 10
0.752597 0.640569 -0.920323 10
0.851427 0.679811 -0.999566 10
0.909511 0.622020 -0.994004 10
0.977200 0.587837 -1.009088 10
1.052867 0.575458 -1.042760 10
1.141079 0.600095 -1.107336 10
1.200015 0.544246 -1.104071 10
1.268980 0.517155 -1.125002 10
1.343752 0.509027 -1.161488 10
1.407690 0.467610 -1.170706 10
1.604346 0.879704 -1.545170 9
1.671320 0.868071 -1.575453 9
1.735054 0.846122 -1.597437 9
1.798170 0.822573 -1.618182 9
1.861404 0.800167 -1.639856 9
1.925547 0.782438 -1.665165 9
1.993978 0.785494 -1.706321 9
2.048901 0.727084 -1.700668 9
2.056158 0.421945 -1.510505 9
2.088674 0.219140 -1.400233 9
2.145352 0.132980 -1.378338 9
2.177368 -0.113476 -1.240295 9
2.212978 -0.368364 -1.099137 9
2.252183 -0.633295 -0.953860 9
2.286112 -0.979386 -0.754101 9
2.328036 -1.315997 -0.565243 9
-2.312043 1.474024 0.244114 8
-1.177977 2.399890 -0.974222 11
-1.023026 2.444063 -1.083342 11
-0.818615 2.541198 -1.254496 11
-0.742584 2.517326 -1.276548 11
-0.639131 2.522699 -1.332957 11
-0.541157 2.524907 -1.384504 11
-0.461581 2.509686 -1.414720 11
-0.389333 2.487842 -1.436732 11
-0.306759 2.478808 -1.472990 11
-0.250952 2.440412 -1.475390 11
-0.169329 2.432994 -1.512505 11
-0.119633 2.388327 -1.507680 11
-0.062686 2.352586 -1.512842 11
-0.014127 2.306328 -1.506572 11
0.033446 2.258476 -1.498818 11
0.074693 2.201653 -1.481762 11
0.136074 2.171985 -1.493849 11
0.186824 2.127674 -1.490521 11
0.232528 2.075696 -1.479450 11
0.271637 2.013070 -1.457803 11
0.038651 1.527019 -1.005787 10
0.097103 1.480725 -1.005691 10
0.139702 1.408217 -0.979604 10
0.196216 1.357446 -0.975718 10
0.242180 1.287854 -0.953657 10
0.285428 1.211774 -0.925910 10
0.335094 1.145449 -0.908299 10
0.381117 1.070715 -0.883221 10
0.429491 0.998520 -0.861249 10
0.468857 0.906240 -0.821097 10
0.540845 0.878513 -0.841944 10
0.580332 0.781907 -0.799247 10
0.647093 0.742044 -0.809421 10
0.724540 0.726683 -0.841905 10
0.813714 0.740765 -0.900551 10
0.869813 0.677518 -0.889722 10
0.968580 0.720785 -0.973310 10
1.043301 0.706746 -1.005702 10
1.100150 0.645688 -0.997145 10
1.176372 0.637634 -1.034602 10
1.253865 0.635547 -1.076846 10
1.306348 0.559610 -1.056416 10
1.392817 0.588656 -1.124520 10
1.578650 0.953538 -1.470242 9
1.646970 0.945688 -1.504012 9
1.709384 0.918550 -1.521855 9
1.775491 0.905810 -1.551393 9
1.838758 0.883481 -1.573129 9
1.904384 0.871814 -1.603342 9
1.964948 0.839703 -1.617351 9
2.030393 0.829984 -1.648982 9
2.076259 0.725946 -1.607603 9
2.079811 0.391300 -1.390779 9
2.141566 0.341193 -1.394214 9
2.154078 -0.004616 -1.175607 9
2.214768 -0.089121 -1.156210 9
2.222539 -0.545660 -0.862768 9
2.285095 -0.665477 -0.821712 9
2.326251 -0.974757 -0.644476 9
-1.166903 2.526559 -0.953469 6
-0.910202 2.662742 -1.183323 12
-0.785563 2.683198 -1.262510 12
-0.685656 2.683062 -1.314339 12
-0.582978 2.688034 -1.371347 12
-0.477245 2.698698 -1.434090 12
-0.433163 2.647551 -1.421020 12
-0.352332 2.635530 -1.454928 12
-0.284963 2.610274 -1.472549 12
-0.220374 2.582776 -1.487239 12
-0.188844 2.517673 -1.458181 11
-0.112722 2.504457 -1.489204 11
-0.038601 2.490289 -1.518608 11
0.002254 2.435821 -1.502264 11
0.048306 2.387306 -1.492951 11
0.097180 2.342088 -1.487552 11
0.150538 2.302684 -1.488708 11
0.190536 2.244686 -1.469878 11
0.244437 2.205587 -1.471754 11
0.301763 2.171546 -1.479092 11
0.336452 2.103558 -1.450797 11
0.364540 2.023665 -1.410800 11
0.173191 1.590649 -1.007821 10
0.216962 1.521652 -0.984103 10
0.269528 1.465949 -0.974465 10
0.327812 1.419375 -0.974360 10
0.359812 1.325339 -0.927331 10
0.429750 1.298197 -0.947219 10
0.464193 1.204306 -0.901878 10
0.483588 1.077545 -0.825824 10
0.560502 1.061838 -0.857772 10
0.591035 0.950774 -0.798884 10
0.643885 0.883253 -0.782292 10
0.695767 0.811749 -0.762569 10
0.766394 0.781342 -0.781483 10
0.828282 0.730728 -0.781857 10
0.952304 0.832824 -0.921223 10
1.002642 0.756484 -0.897846 10
1.080001 0.749004 -0.936646 10
1.158637 0.747310 -0.980222 10
1.232363 0.734283 -1.013446 10
1.291757 0.680428 -1.010960 10
1.458023 0.956299 -1.292899 9
1.516078 0.908916 -1.294266 9
1.606169 0.968274 -1.386310 9
1.673162 0.954530 -1.415782 9
1.754203 0.994262 -1.489580 9
1.811301 0.948267 -1.491795 9
1.874043 0.923604 -1.511782 9
1.932147 0.879673 -1.516203 9
2.008628 0.916977 -1.586165 9
2.067333 0.877183 -1.593950 9
2.083615 0.621787 -1.431940 9
2.120130 0.446302 -1.335688 9
2.193853 0.464297 -1.391521 9
2.199188 0.069616 -1.129863 9
2.154225 -0.711928 -0.578825 9
2.241129 -0.675245 -0.655447 9
2.293944 -0.890588 -0.542834 9
2.355503 -1.066507 -0.462042 9
-1.007060 2.782043 -1.107147 12
-0.840094 2.836228 -1.235065 12
-0.716415 2.855815 -1.314962 12
-0.622193 2.850983 -1.361572 12
-0.548682 2.828179 -1.384223 12
-0.476167 2.805518 -1.406548 12
-0.387142 2.800802 -1.450774 12
-0.311597 2.784003 -1.479157 12
-0.264017 2.738556 -1.471976 12
-0.185867 2.726601 -1.505446 12
-0.158918 2.658388 -1.470979 12
-0.088625 2.639014 -1.495078 12
-0.043915 2.590372 -1.484449 12
0.027497 2.573928 -1.511450 12
0.076199 2.530306 -1.506777 11
0.106421 2.462716 -1.475024 11
0.166633 2.433273 -1.486939 11
0.205740 2.375743 -1.467406 11
0.252379 2.327730 -1.458870 11
0.302308 2.283951 -1.455249 11
0.353207 2.241340 -1.453091 11
0.403818 2.198078 -1.450411 11
0.437310 2.127878 -1.419293 11
0.493472 2.092169 -1.425230 11
0.531822 2.027231 -1.400727 11
0.317048 1.531068 -0.931156 10
0.482656 1.672458 -1.123287 6
0.621013 1.775787 -1.273486 6
0.637084 1.660926 -1.201785 6
0.723713 1.676266 -1.261312 6
0.537732 1.156996 -0.792179 10
0.562051 1.035142 -0.720549 10
0.642517 1.026061 -0.759807 10
0.689496 0.946316 -0.730731 10
0.746196 0.885718 -0.720688 10
0.811869 0.844538 -0.729442 10
0.889359 0.831668 -0.764823 10
0.977754 0.847859 -0.826834 10
1.050441 0.827496 -0.854470 10
1.114809 0.786135 -0.862814 10
1.217705 0.851721 -0.967904 10
1.264948 0.764329 -0.934574 10
1.332579 0.734139 -0.952915 10
1.412494 0.742954 -1.005586 10
1.596482 1.096322 -1.358023 9
1.657826 1.064794 -1.372099 9
1.717691 1.027983 -1.381757 9
1.780819 1.002870 -1.401535 9
1.848124 0.994762 -1.435645 9
1.911213 0.971502 -1.456894 9
1.975590 0.954563 -1.483379 9
2.048205 0.976955 -1.542024 9
2.107485 0.940356 -1.552115 9
2.148260 0.806894 -1.484435 9
2.160905 0.504465 -1.283505 9
2.191755 0.271438 -1.141451 9
2.109987 -0.704587 -0.419797 9
2.181922 -0.779836 -0.411441 9
2.272454 -0.724505 -0.504377 9
2.332153 -0.902235 -0.418329 9
2.369908 -1.303950 -0.164950 9
-0.913429 2.972171 -1.185980 12
-0.807526 2.972503 -1.243698 12
-0.678333 2.996139 -1.331484 12
-0.591234 2.984803 -1.370503 12
-0.509836 2.969864 -1.403836 12
-0.427263 2.957603 -1.439885 12
-0.383049 2.908983 -1.428170 12
-0.309076 2.890339 -1.454978 12
-0.241154 2.866657 -1.474840 12
-0.179207 2.837562 -1.487522 12
-0.117721 2.808639 -1.500166 12
-0.083853 2.749237 -1.475274 12
-0.015344 2.728963 -1.498323 12
0.017278 2.667145 -1.471149 12
0.085784 2.647970 -1.495179 12
0.137793 2.609268 -1.495856 12
0.177747 2.555116 -1.478628 12
0.222785 2.506889 -1.468647 11
0.279502 2.474042 -1.476487 11
0.326988 2.428659 -1.470124 11
0.350782 2.348914 -1.425582 11
0.400563 2.305185 -1.421890 11
0.451956 2.263610 -1.420760 11
0.489044 2.199520 -1.395332 11
0.541539 2.158661 -1.395524 11
0.578005 2.091127 -1.367436 11
0.612142 2.017844 -1.333964 11
0.632684 1.918560 -1.274086 6
0.657808 1.823781 -1.220162 6
0.726014 1.805743 -1.246229 6
0.796316 1.792973 -1.277380 6
0.792784 1.635306 -1.162079 6
0.634307 1.152440 -0.724170 10
0.690422 1.094127 -0.714752 10
0.696761 0.925730 -0.597749 10
0.787173 0.938683 -0.659460 10
0.868023 0.932981 -0.702375 10
0.920222 0.860222 -0.680767 10
1.043031 0.962465 -0.825505 10
1.076592 0.842523 -0.759524 10
1.153832 0.834506 -0.799102 10
1.222131 0.803636 -0.817242 10
1.303358 0.811082 -0.870398 10
1.376110 0.796316 -0.902842 10
1.455563 0.804630 -0.955778 10
1.623515 1.110568 -1.272935 9
1.685503 1.079691 -1.287846 9
1.758164 1.087691 -1.336827 9
1.821184 1.062782 -1.356788 9
1.879547 1.019797 -1.361232 9
1.942484 0.994758 -1.381244 9
2.010744 0.993948 -1.421729 9
2.075491 0.979903 -1.450816 9
2.134479 0.938875 -1.457410 9
2.181666 0.833500 -1.411402 9
2.194266 0.521377 -1.198189 9
2.222906 0.266016 -1.034989 9
2.141786 -0.742607 -0.272276 9
2.226157 -0.739528 -0.326055 9
2.305874 -0.765883 -0.356304 9
2.373603 -0.892354 -0.308576 9
2.401496 -1.410800 0.040428 9
-1.072919 3.039803 -1.037219 12
-0.902184 3.088859 -1.169324 12
-0.814921 3.072529 -1.205433 12
-0.717327 3.066798 -1.255423 12
-0.612529 3.069633 -1.316009 12
-0.501687 3.080553 -1.386172 12
-0.416078 3.070748 -1.426641 12
-0.341740 3.051894 -1.454045 12
-0.284199 3.017733 -1.460564 12
-0.209775 3.001137 -1.489881 12
-0.177576 2.941961 -1.463478 12
-0.116943 2.912231 -1.475313 12
-0.046418 2.893981 -1.501430 12
0.000368 2.850230 -1.495083 12
0.055739 2.816237 -1.500986 12
0.086626 2.753524 -1.471588 12
0.161606 2.743344 -1.506592 12
0.208121 2.699134 -1.500065 12
0.234708 2.629017 -1.462930 12
0.287356 2.591647 -1.465162 12
0.322564 2.530675 -1.439925 11
0.377443 2.495939 -1.445554 11
0.420156 2.443951 -1.431461 11
0.467439 2.397935 -1.424510 11
0.499237 2.327927 -1.390927 11
0.551126 2.287475 -1.390917 11
0.590375 2.226518 -1.368503 11
0.635800 2.174404 -1.356287 11
0.661498 2.087707 -1.307153 11
0.719921 2.055590 -1.317421 11
0.792682 2.049810 -1.355553 11
0.808019 1.938496 -1.282472 6
0.831674 1.838459 -1.222644 6
0.855260 1.734163 -1.159723 6
0.664997 1.184922 -0.644207 10
0.739281 1.164484 -0.672887 10
0.780218 1.071979 -0.629101 10
0.828612 0.992782 -0.599578 10
0.891500 0.944963 -0.601729 10
0.966685 0.926609 -0.632854 10
1.041199 0.908089 -0.663555 10
1.127910 0.923201 -0.726222 10
1.189348 0.873319 -0.726387 10
1.262999 0.857158 -0.758588 10
1.345810 0.869823 -0.817425 10
1.414251 0.842254 -0.838364 10
1.558842 1.060753 -1.084701 9
1.666730 1.178497 -1.235554 9
1.736756 1.176835 -1.276617 9
1.785287 1.098639 -1.249013 9
1.852199 1.087029 -1.281122 9
1.915079 1.060957 -1.300344 9
1.992951 1.099879 -1.376061 9
2.048768 1.046277 -1.371133 9
2.111464 1.022902 -1.392467 9
2.127445 0.760866 -1.211856 9
2.185849 0.699603 -1.203209 9
2.238637 0.600994 -1.164082 9
2.098194 -0.721728 -0.117329 9
2.185956 -0.703251 -0.184960 9
2.276686 -0.653891 -0.276946 9
2.350456 -0.725661 -0.270664 9
2.402519 -0.997839 -0.105670 9
-1.187832 3.059713 -0.872089 12
-1.055127 3.073243 -0.958111 12
-0.926568 3.086799 -1.041874 12
-0.844652 3.064476 -1.071305 12
-0.735798 3.066790 -1.135272 12
-0.629336 3.069634 -1.198358 12
-0.504736 3.091611 -1.286685 12
-0.317392 3.175799 -1.459062 2
-0.261729 3.140538 -1.463846 2
-0.253609 3.058850 -1.405624 12
-0.129554 3.092252 -1.502735 12
-0.090150 3.041843 -1.486721 12
-0.047220 2.994696 -1.475318 12
0.035719 2.991005 -1.520437 12
0.085554 2.952108 -1.519491 12
0.118098 2.893313 -1.493364 12
0.163431 2.848648 -1.485534 12
0.205814 2.800117 -1.473107 12
0.243204 2.744832 -1.452689 12
0.307085 2.722741 -1.473099 12
0.348613 2.672037 -1.458727 12
0.401484 2.636075 -1.462282 12
0.440610 2.581035 -1.443346 12
0.477438 2.521721 -1.419886 11
0.518108 2.466855 -1.402132 11
0.550287 2.398067 -1.368891 11
0.600629 2.355915 -1.366616 11
0.643769 2.301865 -1.351151 11
0.676741 2.229896 -1.316185 11
0.717154 2.168549 -1.293731 11
0.782045 2.148948 -1.317418 11
0.829445 2.098558 -1.307536 11
0.862676 2.020639 -1.268520 11
0.850433 1.851755 -1.133876 6
0.885901 1.769794 -1.093297 6
0.729390 1.287056 -0.636158 10
0.760303 1.175490 -0.570723 10
0.810569 1.101846 -0.545509 10
0.870484 1.047961 -0.541034 10
0.947819 1.034481 -0.577486 10
0.996192 0.951490 -0.544369 10
1.086882 0.973461 -0.615664 10
1.163768 0.963431 -0.654692 10
1.241981 0.959270 -0.699010 10
1.329973 0.985934 -0.772445 10
1.390921 0.936823 -0.772770 10
1.562042 1.231112 -1.097341 9
1.643559 1.262053 -1.170276 9
1.713674 1.259898 -1.211571 9
1.764766 1.192460 -1.192492 9
1.836007 1.197164 -1.239759 9
1.907231 1.205482 -1.289794 9
1.964148 1.158391 -1.289726 9
2.029178 1.145024 -1.319910 9
2.089373 1.111043 -1.331805 9
2.114664 0.904043 -1.193127 9
2.154704 0.751479 -1.104266 9
2.190374 0.557410 -0.981835 9
2.060855 -0.656544 0.003295 9
2.148264 -0.645114 -0.059804 9
2.228203 -0.678575 -0.084903 9
2.315874 -0.652623 -0.159180 9
2.383873 -0.780764 -0.106511 9
2.443555 -1.007018 0.024303 9
-1.182643 3.175031 -0.847456 6
-0.977825 3.242588 -1.020501 2
-0.983484 3.149557 -0.943524 6
-0.896111 3.129932 -0.979079 12
-0.829110 3.094842 -0.990558 12
-0.725443 3.091974 -1.049029 12
-0.629705 3.084526 -1.099306 12
-0.303483 3.288087 -1.451286 2
-0.247430 3.253638 -1.457111 2
-0.211952 3.199957 -1.435759 2
-0.181962 3.140267 -1.406513 2
-0.092251 3.139817 -1.459077 2
-0.061801 3.080262 -1.430332 12
0.021783 3.076206 -1.476571 12
0.069375 3.034852 -1.472352 12
0.122400 2.999540 -1.476144 12
0.163762 2.951043 -1.462766 12
0.222375 2.922497 -1.475286 12
0.283781 2.897959 -1.492658 12
0.309005 2.828962 -1.453859 12
0.363833 2.796343 -1.461133 12
0.398846 2.737859 -1.436489 12
0.442777 2.690355 -1.425784 12
0.488931 2.645429 -1.418477 12
0.522245 2.581614 -1.388855 12
0.560675 2.523854 -1.367068 11
0.589043 2.449558 -1.326462 11
0.656796 2.434944 -1.355911 11
0.694344 2.372825 -1.330399 11
0.727035 2.301068 -1.294555 11
0.784764 2.270206 -1.305560 11
0.815261 2.191423 -1.263079 11
0.859402 2.134911 -1.246147 6
0.891319 2.054012 -1.203021 11
0.919986 1.963840 -1.150824 11
0.898352 1.768667 -0.987052 2
0.769216 1.338632 -0.576692 10
0.788982 1.202524 -0.483848 10
0.840646 1.130838 -0.460208 10
0.870221 1.005786 -0.382028 10
0.945222 0.983395 -0.410783 10
1.034356 0.997490 -0.476358 10
1.105209 0.968476 -0.497625 10
1.190596 0.979251 -0.558495 10
1.254298 0.933390 -0.562562 10
1.344352 0.963513 -0.641323 10
1.423241 0.965487 -0.691648 10
1.501625 0.969214 -0.743080 10
1.651104 1.212086 -1.022095 9
1.726911 1.225482 -1.079485 9
1.815497 1.289858 -1.183965 9
1.876018 1.256661 -1.196274 9
1.946009 1.261321 -1.243554 9
2.003635 1.217310 -1.245911 9
2.065141 1.189075 -1.262839 9
2.132701 1.189797 -1.305787 9
2.146761 0.923269 -1.110777 9
2.205054 0.863876 -1.102062 9
2.238634 0.657084 -0.965158 9
2.113639 -0.564207 0.047168 9
2.192055 -0.609274 0.031995 9
2.275902 -0.616439 -0.015662 9
2.360182 -0.615083 -0.070190 9
2.430906 -0.726417 -0.030130 9
-1.208443 3.354472 -0.857431 6
-1.109289 3.338977 -0.904161 6
-1.025543 3.313921 -0.933997 6
-0.954739 3.280303 -0.949225 2
-0.897225 3.237061 -0.948776 2
-0.882040 3.159819 -0.895563 2
-0.806226 3.131479 -0.918232 12
-0.739399 3.096557 -0.930258 12
-0.409152 3.293778 -1.287625 2
-0.302664 3.302385 -1.358654 2
-0.215521 3.295917 -1.405965 2
-0.129991 3.289897 -1.452717 2
-0.085247 3.245948 -1.444463 2
-0.049390 3.192930 -1.423621 2
-0.033886 3.118250 -1.373163 2
0.030104 3.093155 -1.391816 12
0.111360 3.087765 -1.436751 12
0.180082 3.070284 -1.464468 12
0.235008 3.038171 -1.472169 12
0.269470 2.982252 -1.448474 12
0.320055 2.944998 -1.449535 12
0.369252 2.906104 -1.448494 12
0.400080 2.843569 -1.417466 12
0.455285 2.811896 -1.425948 12
0.486093 2.747402 -1.393451 12
0.531550 2.701877 -1.385057 12
0.569795 2.645505 -1.363676 12
0.609824 2.590669 -1.344662 12
0.660255 2.550694 -1.343885 11
0.661800 2.433577 -1.251907 6
0.742996 2.440818 -1.307610 11
0.757581 2.339379 -1.236196 6
0.801459 2.284421 -1.219722 6
0.847140 2.231522 -1.206046 11
0.877609 2.149620 -1.160070 6
0.930754 2.107776 -1.159867 11
0.967951 2.034300 -1.124832 11
0.792392 1.526960 -0.615038 10
0.834044 1.442681 -0.574349 10
0.848144 1.295440 -0.466883 10
0.861359 1.138476 -0.351257 10
0.922245 1.084053 -0.346292 10
0.979893 1.020735 -0.332358 10
1.060852 1.014139 -0.377761 10
1.151170 1.034534 -0.450347 10
1.208739 0.970819 -0.436248 10
1.293814 0.982699 -0.498975 10
1.382417 1.009173 -0.575466 10
1.460085 1.007565 -0.623056 10
1.520153 0.952511 -0.617598 10
1.699566 1.296925 -1.001478 9
1.762594 1.267696 -1.018310 9
1.830844 1.258087 -1.053917 9
1.914867 1.312188 -1.149605 9
1.979042 1.294054 -1.176054 9
2.040370 1.264925 -1.192123 9
2.099785 1.227071 -1.200187 9
2.123595 1.014373 -1.048471 9
2.176071 0.926610 -1.013081 9
2.230518 0.841693 -0.981241 9
2.270152 0.660065 -0.864167 9
2.169648 -0.448633 0.069272 9
2.247790 -0.491530 0.052811 9
2.331297 -0.495125 0.002033 9
2.405898 -0.567468 0.010769 9
2.463567 -0.806116 0.160614 9
-1.132029 3.431156 -0.847557 6
-1.053032 3.401614 -0.871660 6
-0.957038 3.385856 -0.917616 6
-0.932115 3.317773 -0.876832 6
-0.868312 3.279116 -0.884236 2
-0.841083 3.211558 -0.845399 2
-0.795261 3.158347 -0.829859 2
-0.734808 3.117331 -0.833408 12
-0.451901 3.271255 -1.134291 2
-0.230795 3.380767 -1.360632 6
-0.201943 3.321267 -1.329647 6
-0.140341 3.291900 -1.343650 2
-0.049258 3.291997 -1.400071 2
-0.035758 3.216687 -1.346770 2
-0.028300 3.133266 -1.283133 2
0.007379 3.077369 -1.259546 12
0.111113 3.094694 -1.338076 12
0.176223 3.072118 -1.360072 12
0.260614 3.072704 -1.413004 12
0.335823 3.064723 -1.453278 12
0.369136 3.007591 -1.427430 12
0.424166 2.976543 -1.436416 12
0.445672 2.902809 -1.389766 12
0.501722 2.872713 -1.400249 12
0.542579 2.822398 -1.384830 12
0.570477 2.753175 -1.345973 12
0.624338 2.719542 -1.352341 12
0.667822 2.670717 -1.339908 12
0.689543 2.587855 -1.286228 12
0.724765 2.523490 -1.256081 11
0.787608 2.502378 -1.278426 11
0.822230 2.434896 -1.245462 11
0.862571 2.375347 -1.222572 11
0.900151 2.309368 -1.192778 11
0.974766 2.309803 -1.240179 11
0.994431 2.207874 -1.170058 11
1.019093 2.111307 -1.107478 11
1.068786 2.061596 -1.098683 11
1.115103 2.003784 -1.081247 11
0.890756 1.352769 -0.412765 10
0.914369 1.218650 -0.319350 10
0.940365 1.083101 -0.226345 10
0.991765 1.002240 -0.193707 10
1.103103 1.070078 -0.319311 10
1.174009 1.039985 -0.340180 10
1.233653 0.979712 -0.329574 10
1.331535 1.026870 -0.430079 10
1.431175 1.086634 -0.541927 10
1.498608 1.054698 -0.559306 10
1.689276 1.424677 -0.979550 9
1.742893 1.365413 -0.966162 9
1.805056 1.334090 -0.980812 9
1.884578 1.368206 -1.059361 9
1.949927 1.353097 -1.089213 9
2.018710 1.354097 -1.134290 9
2.088131 1.361547 -1.185018 9
2.136254 1.273348 -1.145093 9
2.171363 1.112361 -1.038253 9
2.218092 0.995514 -0.974477 9
2.272990 0.912817 -0.943502 9
2.151719 -0.265340 0.082411 9
2.223907 -0.340506 0.096016 9
2.302265 -0.378094 0.075346 9
2.379441 -0.425860 0.063563 9
2.437250 -0.647384 0.203967 9
2.485130 -1.010672 0.464698 9
-1.083787 3.487777 -0.805292 6
-1.038636 3.434027 -0.788527 6
-0.960281 3.404561 -0.813143 6
-0.935683 3.335510 -0.770638 6
-0.839116 3.321450 -0.819759 2
-0.791075 3.270498 -0.807321 2
-0.767455 3.199303 -0.762517 2
-0.662074 3.196066 -0.826400 12
-0.306041 3.413513 -1.233750 6
-0.230451 3.394846 -1.265937 6
-0.157589 3.375054 -1.295492 6
-0.133664 3.310295 -1.256455 6
-0.054895 3.297571 -1.295735 2
-0.019401 3.243278 -1.272853 2
0.002835 3.174666 -1.229628 2
0.001106 3.079235 -1.148822 12
0.085307 3.074033 -1.197973 12
0.196644 3.101192 -1.291417 12
0.267612 3.085901 -1.323807 12
0.342334 3.076457 -1.363496 12
0.426545 3.080261 -1.420303 12
0.483481 3.052450 -1.433423 12
0.516290 2.994218 -1.405855 12
0.528165 2.907079 -1.340896 12
0.593565 2.889935 -1.368397 12
0.630406 2.833954 -1.345377 12
0.682400 2.798745 -1.349353 12
0.701655 2.714908 -1.291993 12
0.739478 2.656679 -1.267835 12
0.775187 2.593784 -1.238481 12
0.813211 2.533026 -1.212420 6
0.885554 2.528518 -1.255108 6
0.916332 2.453842 -1.212914 11
0.970859 2.419254 -1.219272 11
0.969235 2.280645 -1.103295 11
1.017926 2.231522 -1.093917 11
1.053006 2.154521 -1.052706 11
1.095850 2.090573 -1.027349 11
1.126703 1.999153 -0.971541 11
0.929953 1.402684 -0.350661 10
0.942008 1.241350 -0.224910 10
0.969604 1.107627 -0.132099 10
1.015780 1.012378 -0.083182 10
1.121504 1.065101 -0.195262 10
1.181783 1.004404 -0.184144 10
1.288810 1.071542 -0.309074 10
1.337988 0.980463 -0.265724 10
1.428486 1.009436 -0.348466 10
1.524114 1.060663 -0.452971 10
1.701662 1.391018 -0.841385 9
1.768665 1.373729 -0.870751 9
1.854504 1.426616 -0.970373 9
1.918047 1.402944 -0.992290 9
1.982392 1.383333 -1.018119 9
2.041739 1.343611 -1.024125 9
2.104349 1.317523 -1.043552 9
2.159743 1.257121 -1.029986 9
2.185524 1.040357 -0.868078 9
2.236345 0.934916 -0.814442 9
2.290101 0.835457 -0.767706 9
2.344420 0.728378 -0.715096 9
2.274394 -0.254661 0.141418 9
2.343181 -0.362719 0.185232 9
2.426706 -0.362838 0.130318 9
2.487488 -0.566781 0.258345 9
-1.064587 3.437951 -0.653670 6
-1.131504 3.300679 -0.492739 2
-0.904720 3.379642 -0.707128 6
-0.850073 3.332745 -0.702337 6
-0.746201 3.325215 -0.763150 2
-0.761989 3.222032 -0.664622 2
-0.723575 3.161404 -0.637650 2
-0.607476 3.167401 -0.718042 12
-0.222966 3.415539 -1.179538 6
-0.157655 3.388071 -1.198439 6
-0.147964 3.309124 -1.137285 6
-0.102886 3.262392 -1.126647 2
0.009023 3.281984 -1.216070 2
0.031837 3.213891 -1.172784 2
0.067143 3.157445 -1.147581 2
0.149697 3.151324 -1.196058 12
0.189293 3.099378 -1.177534 12
0.239577 3.059039 -1.175887 12
0.354789 3.095270 -1.281801 12
0.430979 3.088604 -1.325770 12
0.503018 3.078651 -1.364258 12
0.565567 3.058177 -1.387623 12
0.595469 2.995523 -1.353809 12
0.630150 2.937870 -1.327395 12
0.672561 2.889846 -1.314244 12
0.731465 2.865024 -1.331627 12
0.780380 2.826055 -1.330477 12
0.796756 2.736901 -1.265409 12
0.845709 2.696087 -1.262764 12
0.900877 2.665165 -1.272618 12
0.922671 2.578205 -1.213034 12
0.939418 2.479096 -1.139852 11
0.974473 2.408787 -1.103151 11
1.014806 2.346004 -1.076326 11
1.069716 2.309467 -1.081370 11
1.097539 2.218892 -1.022800 11
1.146590 2.168228 -1.012062 11
1.171151 2.064105 -0.939910 11
0.932490 1.371307 -0.195473 10
0.938769 1.192561 -0.048079 10
0.956517 1.030559 0.077540 10
1.015323 0.960967 0.097759 10
1.115588 0.996186 0.001807 10
1.210203 1.022514 -0.082918 10
1.288612 1.009027 -0.123255 10
1.403796 1.105430 -0.280973 10
1.474571 1.078115 -0.304618 10
1.531125 1.006155 -0.281094 10
1.736544 1.430437 -0.776154 9
1.808031 1.428704 -0.822016 9
1.887688 1.460464 -0.901660 9
1.952513 1.441151 -0.928286 9
2.017280 1.422934 -0.955829 9
2.075505 1.377582 -0.956103 9
2.139754 1.358304 -0.982461 9
2.178546 1.214524 -0.886631 9
2.223891 1.089590 -0.811125 9
2.253601 0.862023 -0.638457 9
2.309404 0.763067 -0.591933 9
2.247050 -0.130025 0.204674 9
2.328675 -0.139177 0.158010 9
2.408397 -0.158605 0.121267 9
2.474548 -0.294270 0.191798 9
2.495406 -0.899635 0.689550 9
-1.506458 3.050854 0.102556 12
-1.015342 3.317921 -0.456814 2
-0.855133 3.349041 -0.590379 2
-0.795759 3.305076 -0.591420 2
-0.701789 3.289629 -0.640360 2
-0.664544 3.228604 -0.611839 2
-0.607589 3.183858 -0.610642 12
-0.448498 3.229872 -0.756553 12
-0.267366 3.301368 -0.939366 2
-0.147675 3.321985 -1.036956 2
-0.050792 3.324329 -1.103452 2
0.027375 3.310722 -1.143604 2
-0.009010 3.181836 -1.007041 12
-0.521308 2.548147 -0.113705 11
0.141659 3.150206 -1.079802 12
0.191222 3.108052 -1.076093 12
0.260382 3.088275 -1.104949 12
0.353604 3.098078 -1.175616 12
0.447111 3.111185 -1.249365 12
0.477502 3.048639 -1.215182 12
0.536575 3.021535 -1.230993 12
0.644834 3.060236 -1.336905 12
0.682704 3.007591 -1.316372 12
0.717487 2.949657 -1.289192 12
0.767919 2.913097 -1.291068 12
0.811497 2.866315 -1.279491 12
0.846176 2.805172 -1.249495 12
0.896637 2.767536 -1.250499 12
0.931449 2.704122 -1.218647 12
0.956239 2.621923 -1.163779 12
0.998969 2.568057 -1.145551 12
1.023321 2.479721 -1.085088 11
1.064681 2.419616 -1.060553 11
1.109090 2.363724 -1.041735 11
1.161742 2.322922 -1.041561 11
1.156011 2.160476 -0.896636 11
1.218118 2.134743 -0.915917 11
1.263515 2.072434 -0.892252 11
0.909824 1.082522 0.204415 10
0.980948 1.041627 0.192198 10
1.057344 1.014041 0.164870 10
1.117969 0.946446 0.182836 10
1.217935 0.983593 0.083461 10
1.295104 0.962801 0.049659 10
1.400791 1.028227 -0.078136 10
1.486105 1.040097 -0.145790 10
1.566430 1.040484 -0.200146 10
1.772581 1.473529 -0.714479 9
1.850487 1.494998 -0.785532 9
1.905905 1.437337 -0.772830 9
1.978232 1.444173 -0.827469 9
2.038994 1.406709 -0.835917 9
2.103323 1.384377 -0.859906 9
2.183630 1.439077 -0.961478 9
2.180421 1.081143 -0.648976 9
2.247933 1.060927 -0.676999 9
2.314583 1.037202 -0.701417 9
2.365971 0.917859 -0.632656 9
2.306671 0.020984 0.184853 9
2.389156 0.027938 0.123090 9
2.452422 -0.116599 0.205607 9
2.499389 -0.437731 0.452188 9
-1.353466 3.186388 0.019587 2
-1.209499 3.195667 -0.086741 12
-0.908170 3.329075 -0.410858 2
-0.977056 3.182107 -0.232999 12
-0.763013 3.258678 -0.447033 12
-0.599994 3.300205 -0.595092 12
-0.540777 3.258025 -0.597871 12
-0.414315 3.275525 -0.699632 12
-0.366127 3.225747 -0.688140 12
-0.253464 3.236011 -0.774065 12
-0.194514 3.197927 -0.780332 12
-0.099242 3.196181 -0.843719 12
-0.033212 3.167178 -0.862909 12
0.039556 3.146103 -0.893757 12
0.160188 3.177932 -1.004342 12
0.190534 3.113959 -0.968087 12
0.290875 3.128624 -1.049567 12
0.329924 3.074530 -1.028050 12
0.402697 3.060475 -1.065177 2
0.508711 3.089462 -1.163289 2
0.656756 3.176607 -1.341835 6
0.664523 3.085666 -1.266208 6
0.701280 3.030976 -1.242623 12
0.758589 3.004121 -1.257835 6
0.805017 2.962121 -1.252150 6
0.838595 2.900554 -1.220292 6
0.859526 2.817856 -1.161007 12
0.925396 2.803795 -1.193466 12
0.960890 2.741197 -1.162013 12
0.994211 2.673134 -1.124221 12
1.032922 2.612377 -1.096613 12
1.048580 2.508013 -1.014482 11
1.108882 2.482841 -1.033280 11
1.140123 2.401845 -0.982585 11
1.172810 2.320493 -0.932567 11
1.232215 2.291636 -0.947491 11
1.256257 2.186589 -0.870506 11
1.310400 2.143959 -0.869597 11
0.854535 0.908150 0.540807 10
1.270045 1.695441 -0.443211 6
1.144950 0.959380 0.296737 10
1.207747 0.893285 0.312564 10
1.318941 0.963955 0.173701 10
1.393878 0.935896 0.147398 10
1.517364 1.061564 -0.048778 10
1.730839 1.500051 -0.584596 9
1.818039 1.549085 -0.687839 9
1.879055 1.511283 -0.695984 9
1.950456 1.512820 -0.746209 9
2.009782 1.469088 -0.747937 9
2.080435 1.472658 -0.799468 9
2.150070 1.475883 -0.850001 9
2.211060 1.441330 -0.861045 9
2.218372 1.125827 -0.585637 9
2.288380 1.119448 -0.627907 9
2.327772 0.931569 -0.487907 9
2.390637 0.870917 -0.477061 9
2.366639 0.182064 0.151580 9
2.441637 0.141969 0.135831 9
2.502155 -0.026456 0.244044 9
2.552991 -0.323119 0.472850 9
-1.430465 3.253494 0.152808 6
-1.307067 3.244387 0.074849 6
-1.234124 3.200910 0.063389 6
-1.135133 3.177941 0.015094 2
-1.042034 3.152270 -0.026620 2
-0.739816 3.296635 -0.368991 12
-0.565896 3.346321 -0.535657 12
-0.496346 3.312838 -0.553801 12
-0.410175 3.294818 -0.597607 12
-0.328545 3.274439 -0.636090 12
-0.199262 3.299951 -0.749576 12
-0.121736 3.280119 -0.785681 12
-0.061546 3.244679 -0.795479 12
-0.018039 3.192838 -0.778706 12
0.067524 3.184461 -0.830823 12
0.134327 3.157999 -0.853388 12
0.248017 3.184439 -0.956798 12
0.260653 3.099745 -0.888571 12
0.348571 3.100872 -0.950954 12
0.422111 3.087169 -0.989807 12
0.551580 3.144825 -1.132609 6
0.653909 3.173577 -1.230169 6
0.737449 3.181589 -1.295742 6
0.793894 3.155431 -1.311313 6
0.788776 3.043239 -1.205640 6
0.831411 2.995612 -1.192030 12
0.881233 2.958060 -1.192598 12
0.940341 2.934810 -1.212653 12
0.930280 2.801863 -1.084623 12
1.006036 2.804164 -1.139534 12
1.032356 2.724692 -1.085535 12
1.070956 2.663900 -1.057098 12
1.062154 2.514825 -0.915243 12
1.136793 2.515461 -0.967838 12
1.175482 2.448358 -0.933701 11
1.216295 2.383260 -0.902864 11
1.252126 2.305468 -0.856993 11
1.275132 2.196440 -0.773737 11
1.345813 2.189852 -0.816971 11
1.386289 2.114309 -0.776365 11
1.425436 2.032198 -0.728848 11
1.363334 1.687339 -0.371531 6
1.187677 1.013336 0.364628 10
1.375104 0.803495 0.425291 10
1.474691 0.846200 0.317088 10
1.779339 1.584062 -0.567019 9
1.854312 1.593170 -0.627479 9
1.923075 1.583762 -0.666746 9
1.977691 1.521443 -0.647966 9
2.044800 1.507395 -0.681844 9
2.106581 1.472003 -0.692566 9
2.166315 1.426411 -0.692566 9
2.236161 1.429438 -0.743886 9
2.255896 1.167852 -0.519282 9
2.310110 1.070103 -0.467909 9
2.364212 0.960496 -0.405649 9
2.410377 0.782571 -0.275620 9
2.428878 0.369109 0.088238 9
2.456929 -0.046193 0.447145 9
2.536673 -0.073464 0.416597 9
-1.354239 3.426479 0.081963 6
-1.276813 3.385724 0.064197 6
-1.229678 3.324370 0.087264 6
-1.077696 3.339439 -0.035664 2
-1.033657 3.277322 -0.009632 2
-0.955674 3.241076 -0.031900 12
-0.674000 3.368847 -0.352232 12
-0.538218 3.387182 -0.466505 12
-0.474248 3.348642 -0.476550 12
-0.354787 3.359172 -0.571856 12
-0.270634 3.341414 -0.615606 12
-0.195305 3.317208 -0.647038 12
-0.078226 3.334124 -0.746517 12
-0.016678 3.300208 -0.759038 12
0.049901 3.271999 -0.780440 12
0.106491 3.234317 -0.785882 12
0.162958 3.196842 -0.791412 12
0.414218 3.374959 -1.136547 2
0.476947 3.351765 -1.159796 2
0.540725 3.330789 -1.185842 2
0.623883 3.334335 -1.248518 6
0.670780 3.295279 -1.245662 6
0.722622 3.262483 -1.252146 6
0.773878 3.229193 -1.257735 6
0.818591 3.187194 -1.250538 6
0.838347 3.109673 -1.192462 6
0.873203 3.051476 -1.163127 12
0.925461 3.018007 -1.169204 12
0.961500 2.959568 -1.140456 12
0.987652 2.883795 -1.088505 12
0.988577 2.763559 -0.977155 12
1.047401 2.736740 -0.994041 12
1.091424 2.684357 -0.976557 12
1.129993 2.620814 -0.944776 12
1.181933 2.580684 -0.944312 12
1.225507 2.523755 -0.922224 11
1.271778 2.470727 -0.905673 11
1.290978 2.358989 -0.815129 11
1.305675 2.231416 -0.706607 11
1.372277 2.215263 -0.738833 11
1.422562 2.161847 -0.724707 11
1.411222 1.954224 -0.522986 11
1.401042 1.734933 -0.311188 6
1.807920 1.601363 -0.474832 9
1.874228 1.578428 -0.500348 9
1.935272 1.536714 -0.504592 9
2.001783 1.515826 -0.532127 9
2.083434 1.560557 -0.631613 9
2.144980 1.524257 -0.641214 9
2.209110 1.499645 -0.663535 9
2.254378 1.378594 -0.582461 9
2.283404 1.153766 -0.392987 9
2.323808 0.965761 -0.245914 9
2.373351 0.810015 -0.135398 9
2.423768 0.637185 -0.009523 9
2.466768 0.377394 0.202825 9
2.519736 0.153295 0.374832 9
2.546545 -0.374891 0.849338 9
-1.326461 3.471757 0.161936 6
-1.258282 3.424259 0.156645 6
-1.151998 3.404173 0.097436 6
-1.106250 3.342282 0.122321 2
-1.048249 3.289140 0.129953 2
-0.929459 3.283006 0.048449 2
-0.610215 3.439179 -0.333968 12
-0.522408 3.418423 -0.378802 12
-0.422236 3.409836 -0.444212 12
-0.280821 3.439517 -0.576131 12
-0.211519 3.409293 -0.598320 12
-0.144489 3.377944 -0.617748 12
-0.059596 3.364437 -0.667168 12
0.030939 3.358365 -0.727750 12
0.059571 3.292207 -0.685921 12
0.111652 3.249045 -0.683070 12
0.213231 3.258884 -0.766762 12
0.265723 3.217832 -0.766160 12
0.447375 3.323647 -0.999571 2
0.602350 3.407300 -1.192384 6
0.652897 3.372477 -1.196201 6
0.738597 3.381623 -1.267493 6
0.787897 3.346955 -1.270496 6
0.777977 3.233967 -1.155721 2
0.853408 3.232778 -1.209604 6
0.873742 3.156151 -1.151460 6
0.900609 3.086420 -1.104620 6
0.997901 3.120462 -1.207914 12
0.982319 2.983711 -1.066252 12
1.019885 2.925542 -1.038142 12
1.053977 2.860089 -1.000534 12
1.097423 2.808677 -0.983088 12
1.134099 2.744124 -0.948163 12
1.158736 2.655323 -0.881335 12
1.211098 2.615605 -0.881441 12
1.256096 2.561008 -0.861977 11
1.285165 2.472228 -0.798303 11
1.335760 2.425257 -0.790122 11
1.360604 2.320264 -0.707851 11
1.398242 2.239156 -0.657629 11
1.422204 2.121431 -0.562501 11
1.461827 2.035928 -0.509458 11
1.431381 1.763203 -0.226823 6
1.831687 1.600873 -0.360381 9
1.899690 1.581564 -0.390868 9
1.955388 1.516394 -0.368594 9
2.035526 1.547271 -0.455765 9
2.113011 1.574540 -0.537545 9
2.164702 1.490206 -0.493961 9
2.240067 1.515577 -0.572342 9
2.301924 1.477454 -0.580226 9
2.320469 1.190041 -0.318385 9
2.376985 1.095016 -0.267907 9
2.408090 0.816372 -0.023398 9
2.447935 0.553913 0.199392 9
2.494687 0.298548 0.410482 9
2.566734 0.222870 0.431457 9
-1.220202 3.476338 0.222852 6
-1.199844 3.395777 0.285180 6
-1.137656 3.343853 0.288358 6
-0.972757 3.368558 0.140138 2
-0.735789 3.453455 -0.120506 12
-0.645342 3.431125 -0.167078 12
-0.462248 3.486002 -0.358027 12
-0.321399 3.511872 -0.489075 12
-0.269323 3.465520 -0.483396 12
-0.156074 3.473716 -0.576491 12
-0.063670 3.466118 -0.638579 12
-0.002763 3.431036 -0.650333 12
0.047853 3.386507 -0.645159 12
0.107375 3.350911 -0.655295 12
0.179187 3.328555 -0.687454 12
0.229178 3.284208 -0.681871 12
0.309334 3.272965 -0.730993 12
0.542207 3.436916 -1.064624 6
0.615132 3.426583 -1.109142 6
0.676238 3.403783 -1.132663 6
0.747866 3.395054 -1.177698 6
0.806905 3.372006 -1.199361 6
0.866987 3.351239 -1.223987 6
0.879094 3.265876 -1.149887 6
0.877469 3.157907 -1.043493 6
0.906569 3.090048 -0.999040 12
0.972616 3.075822 -1.034339 12
1.028358 3.047061 -1.047760 12
1.056201 2.973851 -0.997043 12
1.108790 2.939311 -1.002408 12
1.152906 2.890241 -0.987263 12
1.185463 2.819543 -0.942386 12
1.211570 2.734334 -0.878517 12
1.252575 2.674048 -0.849997 12
1.276186 2.577237 -0.772868 12
1.180850 2.229680 -0.362584 6
1.372591 2.474712 -0.743928 11
1.409302 2.395831 -0.693897 11
1.426088 2.267003 -0.580257 11
1.466166 2.186755 -0.531295 11
1.491493 2.065354 -0.431140 11
1.830426 1.510403 -0.136543 9
1.931737 1.607364 -0.305805 9
1.972261 1.480354 -0.210933 9
2.054766 1.517231 -0.307430 9
2.134436 1.550497 -0.398271 9
2.201381 1.532211 -0.429209 9
2.263955 1.493536 -0.436914 9
2.316052 1.396246 -0.379428 9
2.355593 1.213623 -0.229020 9
2.399166 1.030232 -0.080747 9
2.454179 0.898532 0.008519 9
2.490842 0.603060 0.271913 9
2.546851 0.414986 0.415887 9
2.567772 -0.156024 0.961291 9
-0.721181 3.485995 -0.025519 12
-0.585076 3.498718 -0.143248 12
-0.414741 3.543135 -0.318642 12
-0.226901 3.608020 -0.527705 13
-0.204275 3.537824 -0.475777 13
-0.144880 3.498749 -0.482914 12
-0.054249 3.488674 -0.542755 12
0.001910 3.448334 -0.546042 12
0.068394 3.418318 -0.567445 12
0.147717 3.402068 -0.612311 12
0.210053 3.370014 -0.628403 12
0.241758 3.306061 -0.589277 12
0.318056 3.289755 -0.631609 12
0.464950 3.355065 -0.809070 2
0.619566 3.436183 -1.008106 6
0.733776 3.476328 -1.135427 6
0.783783 3.441664 -1.139181 6
0.847761 3.425109 -1.171587 6
0.851042 3.329441 -1.078824 6
0.903209 3.296811 -1.086111 2
0.851780 3.117978 -0.868661 12
0.912586 3.093636 -0.890698 12
0.973094 3.069749 -0.912913 12
1.058635 3.085880 -0.994052 12
0.841064 2.615778 -0.359390 12
1.152740 3.000592 -0.980338 12
1.176623 2.917054 -0.914973 12
1.198391 2.826227 -0.840672 12
1.231632 2.752677 -0.792285 12
1.294483 2.733457 -0.820594 12
1.287617 2.575728 -0.657559 12
1.343627 2.539393 -0.663469 11
1.402308 2.508792 -0.677084 11
1.433362 2.416327 -0.607858 11
1.462538 2.314665 -0.527950 11
1.502625 2.234016 -0.477258 11
1.499536 2.039109 -0.279508 11
1.549902 1.972484 -0.250493 11
1.931792 1.510758 -0.072429 9
2.021082 1.568982 -0.197422 9
2.093298 1.565841 -0.247981 9
2.152689 1.508159 -0.234124 9
2.235770 1.562480 -0.350407 9
2.300593 1.533884 -0.369713 9
2.352766 1.434027 -0.307924 9
2.382218 1.182742 -0.076946 9
2.406823 0.858283 0.231286 9
2.459294 0.680688 0.371238 9
2.513024 0.481454 0.532100 9
2.546992 0.060125 0.931090 9
-0.533819 3.737218 -0.285735 13
-0.497394 3.676890 -0.253907 13
-0.385342 3.674820 -0.340631 13
-0.272683 3.676210 -0.431255 3
-0.194324 3.652267 -0.469112 13
-0.086396 3.655062 -0.557278 13
-0.028163 3.617103 -0.564941 13
0.008479 3.559962 -0.536100 13
0.106077 3.559237 -0.612355 13
0.123733 3.483924 -0.550025 12
0.170263 3.435445 -0.537553 12
0.236994 3.407472 -0.561702 12
0.300065 3.376605 -0.579972 12
0.352671 3.335050 -0.579110 12
0.406640 3.295105 -0.580889 12
0.476479 3.273820 -0.614011 12
0.729057 3.473861 -1.015298 6
0.768166 3.424218 -0.995387 6
0.838739 3.414194 -1.040358 6
0.872610 3.357342 -1.008893 6
0.784388 3.131958 -0.710305 12
0.863248 3.130460 -0.770253 12
0.940262 3.128791 -0.828526 12
0.994021 3.094420 -0.835257 12
1.096591 3.136695 -0.958158 12
1.153927 3.111208 -0.976624 12
1.189808 3.050432 -0.942305 12
1.192317 2.929759 -0.820795 12
1.228502 2.863539 -0.781022 12
1.279825 2.823357 -0.779553 12
1.316524 2.754425 -0.737276 12
1.338506 2.653193 -0.650483 12
1.336944 2.497354 -0.489497 11
1.406220 2.486349 -0.531527 11
1.463746 2.450719 -0.539191 11
1.462275 2.275334 -0.358026 11
1.508307 2.205154 -0.321265 11
1.501945 1.996628 -0.102181 11
1.917636 1.352953 0.243302 9
2.025354 1.475983 0.034973 9
2.113823 1.535345 -0.093124 9
2.184846 1.525836 -0.136998 9
2.241442 1.447228 -0.098697 9
2.318308 1.471045 -0.181185 9
2.353532 1.260072 0.009814 9
2.391182 1.032442 0.216239 9
2.439837 0.843889 0.374173 9
2.497163 0.689331 0.490617 9
2.536591 0.351641 0.809462 9
-0.589064 3.806249 -0.175536 13
-0.511804 3.775036 -0.206405 13
-0.426520 3.751065 -0.251162 13
-0.321169 3.744270 -0.329816 13
-0.118617 3.817803 -0.570037 3
-0.060815 3.779763 -0.577747 3
-0.053437 3.699317 -0.500764 3
0.022231 3.676541 -0.538548 13
0.062455 3.623111 -0.515903 13
0.076776 3.544935 -0.446655 13
0.140013 3.511757 -0.463400 13
0.209250 3.485277 -0.491845 12
0.261794 3.442803 -0.490181 12
0.316367 3.402552 -0.492379 12
0.377850 3.370046 -0.508097 12
0.460440 3.362023 -0.566131 12
0.511606 3.319635 -0.563141 12
0.542036 3.252262 -0.517457 12
0.591746 3.207125 -0.510287 12
0.666971 3.194475 -0.557297 12
0.840385 3.313910 -0.820388 2
0.763575 3.101149 -0.537142 12
0.851595 3.110099 -0.616667 12
0.891685 3.052138 -0.588059 12
0.980354 3.066529 -0.673634 12
1.067667 3.082527 -0.759734 12
1.144450 3.085232 -0.823497 12
1.210784 3.073189 -0.863464 12
1.239935 2.997951 -0.807728 12
1.301712 2.978856 -0.836555 12
1.316867 2.873311 -0.737844 12
1.320301 2.739399 -0.600056 12
1.389680 2.731616 -0.646525 12
1.388494 2.577011 -0.483225 11
1.448343 2.546810 -0.498503 11
1.479146 2.450501 -0.421426 11
1.526693 2.388955 -0.393948 11
1.516953 2.182037 -0.168632 11
2.022806 1.347364 0.318807 9
2.102504 1.357489 0.246754 9
2.201220 1.465509 0.056771 9
2.278457 1.483836 -0.021875 9
2.359460 1.531429 -0.134247 9
2.378308 1.215001 0.185780 9
2.442736 1.148016 0.207372 9
2.486440 0.922091 0.412914 9
2.520889 0.577259 0.751338 9
-0.498603 3.976174 -0.289442 13
-0.473741 3.909925 -0.240860 13
-0.459527 3.834884 -0.174070 13
-0.425037 3.773249 -0.138178 13
-0.186833 3.867372 -0.435696 3
-0.117354 3.836931 -0.461564 3
-0.024120 3.826987 -0.528689 3
0.020956 3.778654 -0.515234 3
0.045127 3.711867 -0.464865 3
0.110856 3.681099 -0.486911 13
0.142958 3.619976 -0.448921 13
0.176512 3.559167 -0.412375 13
0.229725 3.516766 -0.411484 12
0.307795 3.499903 -0.458093 12
0.363460 3.461137 -0.462898 12
0.419847 3.423444 -0.469346 12
0.456077 3.363389 -0.435357 12
0.495812 3.306248 -0.407259 12
0.601049 3.326805 -0.515533 12
0.644731 3.275130 -0.496312 12
0.712183 3.253231 -0.528205 12
0.733381 3.171261 -0.458102 12
0.796801 3.144345 -0.481167 12
0.878585 3.144407 -0.547945 12
0.920113 3.088138 -0.521617 12
1.010198 3.104456 -0.612358 12
1.105208 3.132464 -0.719526 12
1.169357 3.114892 -0.752741 12
1.235505 3.102106 -0.792620 12
1.280168 3.053370 -0.776472 12
1.324628 3.003259 -0.758599 12
1.337821 2.892868 -0.650680 12
1.377751 2.829103 -0.614315 12
1.386048 2.698386 -0.480436 12
1.426974 2.629290 -0.438962 12
1.449398 2.516367 -0.335389 12
1.487596 2.433294 -0.276501 11
1.505154 2.296228 -0.142844 11
1.534378 2.179455 -0.040280 11
1.537917 1.987349 0.164093 11
2.055387 1.361076 0.432086 9
2.283411 1.347890 0.268019 9
2.360580 1.360266 0.194469 9
2.420404 1.271227 0.244413 9
2.474922 1.134103 0.350700 9
2.505152 0.787542 0.702957 9
-1.461528 6.042547 -1.466858 5
-1.560091 5.978271 -1.315305 5
-0.589548 4.104736 -0.210432 13
-0.526888 4.063499 -0.220335 13
-0.457097 4.027640 -0.241998 13
-0.448101 3.950663 -0.167411 13
-0.404910 3.896274 -0.146213 13
-0.270635 3.908814 -0.274651 3
-0.186627 3.887091 -0.323208 3
-0.068171 3.894226 -0.432099 4
-0.020380 3.847414 -0.422542 3
0.072020 3.838024 -0.491211 3
0.097294 3.772745 -0.442363 3
0.144962 3.726185 -0.432663 13
0.204503 3.690488 -0.444681 13
0.227966 3.620885 -0.389316 13
0.333883 3.630970 -0.489989 13
0.335832 3.538642 -0.391585 13
0.424349 3.534190 -0.461573 12
0.435591 3.448271 -0.377769 12
0.539026 3.463042 -0.481016 12
0.594190 3.425604 -0.486725 12
0.639256 3.376325 -0.470951 12
0.678762 3.319601 -0.442294 12
0.700320 3.238781 -0.372202 12
0.773925 3.224254 -0.417953 12
0.844016 3.206733 -0.457392 12
0.884332 3.148504 -0.427358 12
0.960558 3.141768 -0.483507 12
1.047038 3.152996 -0.567760 12
1.093770 3.105094 -0.554072 12
1.173215 3.109986 -0.625336 12
1.215949 3.055712 -0.601141 12
1.269514 3.019187 -0.605301 12
1.334562 3.003672 -0.641938 12
1.405470 3.000916 -0.697342 12
1.395274 2.840338 -0.512180 12
1.431657 2.765386 -0.459499 12
1.462646 2.675573 -0.385913 12
1.478655 2.547620 -0.257897 12
1.548583 2.537462 -0.303827 11
1.512239 2.270375 0.020722 11
1.560504 2.197824 0.061573 11
2.435678 1.150553 0.521000 9
-1.584286 6.126565 -1.318073 5
-1.419293 6.087141 -1.426773 5
-1.384573 6.037597 -1.407319 5
-1.393914 5.983224 -1.343007 5
-1.293763 5.941613 -1.390574 5
-1.223224 5.897631 -1.408861 5
-0.584212 4.213956 -0.192568 13
-0.495679 4.188679 -0.243322 13
-0.451843 4.136495 -0.225193 13
-0.479095 4.037014 -0.092676 13
-0.435874 3.982408 -0.071117 13
-0.508373 3.845499 0.142377 13
-0.456394 3.793892 0.153205 13
-0.216049 3.884844 -0.157474 3
-0.108442 3.881437 -0.248069 3
-0.041256 3.848327 -0.270501 3
0.094576 3.873460 -0.416940 3
0.158162 3.841000 -0.436704 3
0.182078 3.774000 -0.383644 13
0.243517 3.740051 -0.399659 13
0.359657 3.758836 -0.521451 13
0.341970 3.650238 -0.385854 13
0.392447 3.606480 -0.381135 13
0.412474 3.530736 -0.314432 13
0.444173 3.465458 -0.269334 12
0.541734 3.472527 -0.361444 12
0.597680 3.434757 -0.367640 12
0.626864 3.365207 -0.315264 12
0.698365 3.346195 -0.355519 12
0.735207 3.284306 -0.318036 12
0.810431 3.271892 -0.368617 12
0.823898 3.176657 -0.273602 12
0.887326 3.148573 -0.296327 12
0.983529 3.169669 -0.401994 2
1.036238 3.128792 -0.401008 2
1.115099 3.129171 -0.468443 12
1.197735 3.138655 -0.549194 12
1.246104 3.093308 -0.539158 12
1.313541 3.081057 -0.582370 12
1.354995 3.022907 -0.551854 12
1.420648 3.009272 -0.591776 12
1.419327 2.864077 -0.426901 12
1.464102 2.805324 -0.398155 12
1.486835 2.696953 -0.294793 12
1.490929 2.540180 -0.121031 12
1.519420 2.430117 -0.020327 11
1.523567 2.253287 0.176321 11
1.556176 2.136717 0.281215 11
-1.516770 6.173977 -1.300940 5
-1.395982 6.130140 -1.367623 5
-1.340298 6.082376 -1.369633 5
-1.299317 6.033717 -1.356935 5
-1.190232 5.993245 -1.415894 5
-1.132622 5.948094 -1.422062 5
-0.601281 4.386582 -0.225249 13
-0.545187 4.341609 -0.226487 13
-0.489040 4.297050 -0.228096 13
-0.432744 4.252966 -0.230230 13
-0.476174 4.146042 -0.071962 13
-0.457537 4.075809 -0.010610 13
-0.454242 3.993769 0.077923 13
-0.417320 3.933156 0.112294 13
-0.378188 3.873465 0.143783 13
-0.230219 3.894886 -0.013491 3
-0.068493 3.931858 -0.200442 3
0.002248 3.901591 -0.229980 3
0.117431 3.909320 -0.341998 3
0.175637 3.871817 -0.351884 3
0.224878 3.826873 -0.345225 3
0.265987 3.774456 -0.322729 13
0.379241 3.789819 -0.441108 13
0.400726 3.719351 -0.380434 13
0.447164 3.672271 -0.368336 13
0.512985 3.645193 -0.396022 13
0.484979 3.517678 -0.226261 13
0.538910 3.475998 -0.226549 12
0.610211 3.454508 -0.265048 12
0.648993 3.395557 -0.232011 12
0.718738 3.373777 -0.268542 12
0.746638 3.299765 -0.208462 12
0.782386 3.233855 -0.164404 12
0.849280 3.209001 -0.194515 12
0.966060 3.256375 -0.350918 2
1.058633 3.274440 -0.452424 2
1.125856 3.257935 -0.492009 2
1.157998 3.187349 -0.438782 6
1.241187 3.198386 -0.523661 2
1.271167 3.122093 -0.461734 12
1.334604 3.102201 -0.493623 12
1.403058 3.092927 -0.541964 12
1.456784 3.057485 -0.547280 12
1.460717 2.922212 -0.394312 12
1.494037 2.839854 -0.327615 12
1.520565 2.738633 -0.233144 12
1.536303 2.607014 -0.094118 12
1.561875 2.490081 0.019641 11
1.429373 1.971567 0.733702 11
-1.350328 6.226952 -1.385617 5
-1.307898 6.178118 -1.374693 5
-1.234980 6.132186 -1.395818 5
-0.965171 6.106075 -1.625779 5
-0.850361 6.069035 -1.696059 5
-0.774330 6.029472 -1.726525 5
-1.193822 5.926219 -1.216251 5
-1.199965 5.871248 -1.151639 5
-0.564913 4.434731 -0.169727 13
-0.435113 4.431219 -0.286996 13
-0.423950 4.361817 -0.218850 13
-0.501495 4.237236 -0.005329 13
-0.474286 4.172946 0.042375 13
-0.436926 4.114277 0.074404 13
-0.424195 4.038487 0.148961 13
-0.248459 4.074343 -0.054866 7
-0.174155 4.043200 -0.088039 7
-0.073376 4.032994 -0.169508 7
-0.032113 3.979543 -0.146290 7
0.030910 3.942995 -0.162394 7
0.079894 3.895587 -0.152934 7
0.150136 3.866232 -0.183658 3
0.234285 3.850280 -0.242458 3
0.374251 3.887226 -0.413357 13
0.436150 3.856154 -0.434013 13
0.439119 3.768454 -0.335107 13
0.490652 3.726625 -0.333545 13
0.553393 3.696560 -0.355707 13
0.494213 3.535834 -0.114977 12
0.543035 3.487436 -0.102872 12
0.641114 3.495587 -0.201152 12
0.695423 3.455008 -0.202836 12
0.693099 3.344451 -0.071490 12
0.741993 3.294639 -0.057197 12
0.835529 3.303553 -0.151675 12
0.954144 3.350656 -0.313288 2
1.001672 3.302836 -0.299661 2
1.098260 3.326951 -0.414275 2
1.149676 3.286509 -0.412506 2
1.196520 3.238607 -0.397742 2
1.277031 3.245608 -0.477460 6
1.325483 3.200986 -0.467705 2
1.363527 3.137119 -0.425875 6
1.385438 3.041000 -0.331537 6
1.467575 3.056586 -0.422264 12
1.494459 2.965009 -0.337391 12
1.535303 2.897989 -0.293718 12
1.517180 2.698501 -0.041186 12
1.527593 2.549751 0.126360 11
1.593561 2.524238 0.099280 11
-1.885390 6.241197 -0.746911 5
-1.343678 6.217390 -1.253490 5
-1.107848 6.182438 -1.447593 5
-0.856729 6.153625 -1.663157 5
-0.713375 6.119505 -1.767088 5
-0.622655 6.082387 -1.815998 5
-0.557155 6.043755 -1.838398 5
-0.526574 6.001407 -1.822392 5
-1.110076 5.869199 -1.106484 5
-1.080299 5.819235 -1.081119 5
-0.426876 4.609966 -0.357749 13
-0.401115 4.551279 -0.314906 13
-0.335561 4.513972 -0.334749 13
-0.375804 4.416475 -0.183470 13
-0.445980 4.297439 0.021564 13
-0.468674 4.202742 0.153142 13
-0.406553 4.159332 0.144323 13
-0.422895 4.064263 0.270617 13
-0.126131 4.181810 -0.148939 7
-0.075246 4.135864 -0.143594 7
0.005356 4.111982 -0.192111 7
0.043401 4.057205 -0.163915 7
0.096463 4.013731 -0.163038 7
0.299344 4.093103 -0.448016 13
0.338698 4.042666 -0.425680 13
0.378256 3.991926 -0.403024 13
0.435505 3.956710 -0.415185 13
0.490553 3.919976 -0.423329 13
0.495876 3.835390 -0.328016 13
0.554205 3.801100 -0.341815 13
0.523386 3.674733 -0.162790 13
0.565484 3.620914 -0.137901 13
0.569438 3.523869 -0.025851 12
0.597753 3.451086 0.034793 12
0.703680 3.468867 -0.084536 12
0.746366 3.412828 -0.056885 12
0.744786 3.299074 0.080935 12
0.783825 3.234031 0.123078 12
0.834071 3.182767 0.138541 12
1.002084 3.299019 -0.155273 2
1.120000 3.352968 -0.328070 6
1.195687 3.349111 -0.392472 6
1.254305 3.320646 -0.411472 6
1.303353 3.277001 -0.403281 6
1.358063 3.242605 -0.411252 6
1.381344 3.151928 -0.322502 6
1.400473 3.048988 -0.214987 6
1.495145 3.087740 -0.347193 12
1.463044 2.875168 -0.060249 12
1.515047 2.825588 -0.046559 12
1.451129 2.517627 0.385148 11
1.538986 2.536953 0.283332 11
1.563346 2.407370 0.419563 11
-1.832902 6.175306 -0.581503 5
-0.884542 6.189371 -1.554226 5
-0.634955 6.162933 -1.777185 5
-0.537164 6.126522 -1.835885 5
-0.450199 6.090638 -1.884103 5
-0.403680 6.051204 -1.887480 5
-0.377461 6.009506 -1.867752 5
-1.070247 5.859969 -1.003769 5
-1.017059 5.813504 -1.005622 5
-0.394052 4.655377 -0.300265 13
-0.282982 4.641842 -0.393965 13
-0.207745 4.611359 -0.432195 13
-0.133941 4.581362 -0.469412 13
-0.056239 4.554942 -0.514525 13
-0.001483 4.515942 -0.522024 13
-0.130907 4.360413 -0.210376 7
-0.124328 4.286394 -0.128699 7
-0.033949 4.267629 -0.194633 7
0.009055 4.217457 -0.176636 7
0.041937 4.159634 -0.139442 7
0.075979 4.101893 -0.103295 7
0.142561 4.068905 -0.128302 7
0.321618 4.128291 -0.373325 13
0.412665 4.121041 -0.452673 13
0.429188 4.051439 -0.384569 13
0.488606 4.018625 -0.402154 13
0.511552 3.952476 -0.344078 13
0.547753 3.897463 -0.312077 13
0.545374 3.802973 -0.194934 13
0.557620 3.719942 -0.105563 13
0.576255 3.640912 -0.026991 13
0.525124 3.481823 0.215999 12
0.584353 3.441423 0.209083 12
0.608726 3.359776 0.285944 12
0.772499 3.447653 0.023104 12
0.759829 3.319226 0.192785 12
0.826638 3.289989 0.165751 12
0.839511 3.187459 0.279880 12
1.091861 3.422838 -0.247116 6
1.167166 3.416637 -0.309971 6
1.220420 3.378960 -0.313157 6
1.303109 3.388493 -0.402008 6
1.335568 3.318071 -0.344959 6
1.388662 3.280707 -0.347866 2
1.434731 3.230603 -0.328289 2
1.431922 3.087343 -0.147683 12
1.496749 3.067651 -0.182856 12
1.479374 2.881013 0.065470 12
1.524865 2.815479 0.105487 12
-1.948209 6.156266 -0.289745 5
-1.821784 6.105063 -0.364013 5
-0.479823 6.167158 -1.825673 5
-0.376831 6.132713 -1.893966 5
-0.314479 6.095476 -1.916834 5
-0.300062 6.053027 -1.884001 5
-0.255855 6.014503 -1.886317 5
-0.919326 5.867785 -1.033088 5
-0.958162 5.807196 -0.924095 5
-0.337822 4.782393 -0.363630 13
-0.255384 4.753910 -0.413203 13
-0.215973 4.704603 -0.393929 13
-0.112136 4.689991 -0.481496 13
-0.062611 4.647394 -0.480173 13
-0.049709 4.583710 -0.416178 13
0.048721 4.570451 -0.499358 13
-0.104634 4.401516 -0.139764 7
-0.031925 4.370628 -0.175257 7
0.025594 4.330711 -0.184297 7
0.086167 4.293447 -0.199446 7
0.115772 4.234385 -0.156734 7
0.142683 4.172358 -0.107503 7
0.325065 4.230272 -0.360482 13
0.391542 4.202133 -0.391966 13
0.438303 4.158633 -0.384731 13
0.475152 4.106529 -0.356850 13
0.524727 4.065177 -0.354687 13
0.552540 4.003714 -0.305904 13
0.558245 3.919625 -0.207035 13
0.545206 3.813873 -0.062581 13
0.565846 3.738357 0.011317 13
0.607790 3.683309 0.038987 13
0.496496 3.457634 0.430003 12
0.470991 3.317205 0.630787 12
0.654847 3.419099 0.324094 12
0.559210 3.186933 0.708628 12
0.725972 3.276781 0.434091 12
0.764962 3.207116 0.484206 12
0.846399 3.194060 0.422195 12
0.892274 3.132465 0.455914 12
1.106947 3.320590 0.012026 2
1.276018 3.456426 -0.321787 6
1.334389 3.428274 -0.341780 6
1.390496 3.397076 -0.355564 6
1.437815 3.351024 -0.341934 6
1.356288 3.070162 0.092729 12
1.450428 3.101005 -0.035457 12
1.493250 3.036463 0.006545 12
1.506427 2.908240 0.157895 12
-1.753479 6.098446 -0.272576 5
-0.333356 6.171256 -1.870312 5
-0.242349 6.136909 -1.928171 5
-0.220008 6.096063 -1.905230 5
-0.166147 6.059300 -1.920408 5
-0.158965 6.016545 -1.878808 5
-0.880207 5.858822 -0.928720 5
-0.867579 5.806408 -0.881406 5
-0.849612 5.754455 -0.840113 5
-0.774839 5.657530 -0.806363 5
-0.379443 4.929248 -0.353275 13
-0.306112 4.894909 -0.388173 13
-0.228517 4.863778 -0.431243 13
-0.168298 4.825479 -0.447193 13
-0.076714 4.803972 -0.516249 13
-0.043946 4.753147 -0.487807 13
-0.012320 4.701295 -0.456712 13
0.056386 4.670306 -0.489692 13
0.087971 4.618261 -0.457919 13
0.116627 4.563865 -0.419998 13
0.208208 4.549284 -0.496421 13
0.198210 4.469104 -0.386087 13
0.175841 4.377656 -0.248737 7
0.321906 4.403803 -0.431549 13
0.365513 4.358853 -0.419832 13
0.432681 4.332000 -0.454798 13
0.434864 4.254309 -0.359094 13
0.479567 4.209356 -0.347893 13
0.533997 4.172631 -0.356804 13
0.570746 4.120587 -0.328134 13
0.554210 4.018626 -0.181858 13
0.584413 3.957063 -0.134055 13
0.580020 3.859824 -0.005654 13
0.592914 3.776397 0.087909 13
0.251291 3.312135 1.025026 2
0.327492 3.278708 0.991488 2
0.374654 3.213227 1.028381 2
0.399368 3.119858 1.123767 2
0.519669 3.141076 0.976727 12
0.733021 3.286758 0.577052 2
0.813296 3.270371 0.518727 2
0.912806 3.282729 0.404454 2
0.960559 3.225257 0.431852 2
1.001318 3.156198 0.481380 2
1.277978 3.450858 -0.172467 6
1.367777 3.471382 -0.286924 6
1.408809 3.414777 -0.253205 6
1.300109 3.094272 0.270334 12
1.360204 3.057725 0.259798 12
1.463496 3.103786 0.099773 12
1.487796 3.000144 0.211961 12
1.496921 2.858871 0.388234 12
-1.913480 6.135519 0.020086 5
-1.841028 6.078913 0.006063 5
-0.271694 6.167821 -1.818413 5
-0.163941 6.135614 -1.899054 5
-0.103770 6.099714 -1.923054 5
-0.070917 6.061048 -1.913716 5
-0.054429 6.020173 -1.883692 5
-0.825624 5.852344 -0.841600 5
-0.753527 5.810087 -0.870432 5
-0.705134 5.764458 -0.869136 5
-0.736559 5.703151 -0.761753 5
-0.330984 4.981318 -0.321803 13
-0.240009 4.954810 -0.386693 13
-0.147587 4.930857 -0.456105 13
-0.063746 4.904743 -0.513387 13
-0.042162 4.848953 -0.466506 13
0.002578 4.804495 -0.458442 13
0.066194 4.770452 -0.483463 13
0.113689 4.728180 -0.480672 13
0.144742 4.676428 -0.448145 13
0.196037 4.636538 -0.451993 13
0.248299 4.597635 -0.457910 13
0.262230 4.533814 -0.391204 13
0.319763 4.498396 -0.406724 13
0.350238 4.444374 -0.369619 13
0.412206 4.412836 -0.394364 13
0.447301 4.361614 -0.365293 13
0.486603 4.313133 -0.343959 13
0.506551 4.248300 -0.280997 13
0.531673 4.186259 -0.226843 13
0.579297 4.142742 -0.219987 13
0.584959 4.060641 -0.119053 13
0.621094 4.004654 -0.083572 13
0.608177 3.899260 0.067465 13
0.208462 3.393004 1.142935 6
0.275371 3.348095 1.132841 6
0.352442 3.314834 1.097270 2
0.400932 3.250171 1.132600 2
0.447639 3.182255 1.174309 2
0.482105 3.097847 1.250554 2
0.568748 3.077514 1.189239 12
0.858631 3.329641 0.561042 2
0.942780 3.321118 0.487138 2
1.011874 3.293780 0.453680 2
1.069378 3.250381 0.453504 2
1.131909 3.214719 0.438218 2
1.163640 3.129690 0.519872 2
1.244203 3.123419 0.447815 12
1.315265 3.103447 0.403787 12
1.413827 3.135809 0.262623 12
1.467773 3.088997 0.272012 12
1.488932 2.975657 0.403290 12
-2.009097 6.180754 0.244245 5
-1.842418 6.129147 0.116847 5
-1.831933 6.067231 0.178121 5
-0.108900 6.174650 -1.892526 5
-0.083046 6.134922 -1.874430 5
-0.028812 6.098775 -1.892408 5
0.019468 6.062575 -1.903437 5
0.035280 6.022087 -1.872577 5
0.040855 5.979659 -1.827680 5
-0.646666 5.813063 -0.852911 5
-0.691354 5.750185 -0.726336 5
-0.636317 5.705704 -0.733949 5
-0.706178 5.634249 -0.568199 5
-0.697997 5.578125 -0.508539 5
-0.377284 4.993730 -0.135465 13
-0.167938 5.016904 -0.396604 13
-0.111889 4.976655 -0.407185 13
-0.006851 4.960277 -0.502126 13
-0.009673 4.893024 -0.412734 13
0.038591 4.850326 -0.410895 13
0.118301 4.824796 -0.465506 13
0.159276 4.779231 -0.451504 13
0.151398 4.705177 -0.346864 13
0.217505 4.673551 -0.377982 13
0.283074 4.642647 -0.409224 13
0.328376 4.599566 -0.402262 13
0.370689 4.554524 -0.389254 13
0.404303 4.503250 -0.358402 13
0.456541 4.465004 -0.364617 13
0.479764 4.405117 -0.310724 13
0.521918 4.358868 -0.295030 13
0.571996 4.318858 -0.295889 13
0.608740 4.267746 -0.267466 13
0.559379 4.140192 -0.044921 13
0.576792 4.067225 0.033754 13
0.581314 3.979837 0.145675 13
0.312957 3.398535 1.209997 6
0.367740 3.340495 1.230323 6
0.442265 3.304407 1.200553 2
0.861683 3.332679 0.723666 2
0.947358 3.324347 0.646040 6
1.041321 3.330871 0.539865 6
1.111575 3.305993 0.501287 2
1.144220 3.223910 0.579867 6
1.186539 3.154165 0.631897 6
1.262866 3.139704 0.573630 12
1.346254 3.140134 0.487994 12
1.370699 3.035302 0.607210 12
1.467533 3.064487 0.468919 12
-1.764475 6.185558 0.131751 5
-1.780793 6.122316 0.226675 5
-1.767887 6.060401 0.286375 5
-0.034784 6.173220 -1.860503 5
0.001523 6.135002 -1.856154 5
0.075783 6.101948 -1.901897 5
0.112320 6.064882 -1.898836 5
0.141709 6.027025 -1.886338 5
0.164605 5.988190 -1.864931 5
-0.631165 5.799911 -0.711736 5
-0.587657 5.753337 -0.704152 5
-0.551757 5.705448 -0.685902 5
-0.488842 5.663721 -0.706286 5
-0.539312 5.595546 -0.562525 5
-0.486940 5.551111 -0.566869 5
-0.225356 5.215436 -0.438413 5
-0.197635 5.163625 -0.403076 5
-0.124498 5.129932 -0.442748 5
-0.108677 5.072997 -0.386706 5
-0.077914 5.021797 -0.354879 13
0.015126 4.999251 -0.430965 13
0.060759 4.955727 -0.425561 13
0.127735 4.923225 -0.458559 13
0.146466 4.866288 -0.404579 13
0.200042 4.827549 -0.413719 13
0.248844 4.786580 -0.414283 13
0.288798 4.740622 -0.398021 13
0.305672 4.680192 -0.336331 13
0.337388 4.628042 -0.302077 13
0.414743 4.605888 -0.358770 13
0.452594 4.557906 -0.336460 13
0.473657 4.497403 -0.278359 13
0.513241 4.449494 -0.257578 13
0.556308 4.403951 -0.243609 13
0.588874 4.349701 -0.205967 13
0.549035 4.233593 -0.004097 13
0.587361 4.180235 0.026495 13
0.613698 4.115270 0.086364 13
0.613762 4.023922 0.211382 13
0.915516 3.403238 0.744151 6
1.005883 3.402149 0.649418 6
1.075037 3.374044 0.615275 6
1.146537 3.350728 0.572231 6
1.213465 3.321894 0.542039 6
1.240827 3.229605 0.642890 6
1.262740 3.123580 0.769060 2
-1.727312 6.177601 0.272339 5
-1.755978 6.112817 0.386117 5
-1.739760 6.050513 0.443578 5
0.059400 6.174206 -1.856107 5
0.106823 6.137905 -1.867548 5
0.147024 6.101270 -1.869757 5
0.184379 6.064643 -1.868383 5
0.219972 6.028076 -1.864784 5
0.205831 5.983224 -1.791345 5
0.240948 5.946433 -1.786489 5
-0.502034 5.753392 -0.658186 5
-0.516782 5.694858 -0.565963 5
-0.401788 5.664817 -0.663889 5
-0.447180 5.597735 -0.523842 5
-0.405627 5.550917 -0.512632 5
-0.372013 5.502072 -0.489143 5
-0.342780 5.451848 -0.458422 5
-0.325092 5.397783 -0.408803 5
-0.173025 5.327842 -0.496304 5
-0.181502 5.264228 -0.402549 5
-0.139052 5.218306 -0.391716 5
-0.052943 5.189929 -0.455078 5
-0.022488 5.140045 -0.424399 5
-0.133522 5.027903 -0.144952 13
-0.032002 5.006971 -0.235460 13
0.106067 5.005917 -0.394980 13
0.171075 4.972443 -0.425557 13
0.242099 4.943119 -0.468463 13
0.243333 4.877247 -0.380674 13
0.280980 4.830128 -0.360249 13
0.322312 4.784959 -0.346472 13
0.330011 4.719107 -0.265398 13
0.375980 4.675890 -0.259102 13
0.403125 4.620280 -0.213902 13
0.456881 4.582103 -0.222936 13
0.504062 4.539679 -0.218316 13
0.515109 4.470426 -0.135063 13
0.548305 4.416297 -0.097742 13
0.540761 4.328567 0.032864 13
0.591249 4.285911 0.035139 13
0.627550 4.231050 0.070788 13
1.049241 3.458971 0.697360 6
1.124091 3.439308 0.644028 6
1.170676 3.379101 0.679981 6
1.224021 3.327979 0.695844 6
1.235488 3.207446 0.857296 6
-1.764081 6.164747 0.514140 5
-1.699109 6.106003 0.508110 5
-1.644051 6.047058 0.514851 5
0.149360 6.175176 -1.848688 5
0.203875 6.140331 -1.871251 5
0.235202 6.103187 -1.862231 5
0.261914 6.065545 -1.846699 5
0.321992 6.033361 -1.878844 5
0.314200 5.990195 -1.813512 5
0.324291 5.949478 -1.773015 5
-0.488305 5.739047 -0.505833 5
-0.438110 5.693812 -0.507964 5
-0.405575 5.644876 -0.483411 5
-0.360453 5.599023 -0.477981 5
-0.308776 5.555224 -0.482965 5
-0.279202 5.505651 -0.453123 5
-0.257937 5.453348 -0.409268 5
-0.237882 5.400123 -0.362433 5
-0.175097 5.360602 -0.385485 5
-0.097903 5.327031 -0.433707 5
-0.083044 5.271739 -0.376950 5
-0.011734 5.237555 -0.416666 5
0.045233 5.198729 -0.432499 5
0.079088 5.150694 -0.407670 5
-0.000800 5.051456 -0.175791 7
0.193934 5.075996 -0.443076 5
0.212080 5.020488 -0.388299 13
0.258957 4.978703 -0.386560 13
0.290946 4.929223 -0.356106 13
0.311458 4.872917 -0.302212 13
0.365037 4.834775 -0.312676 13
0.374176 4.770296 -0.233295 13
0.398852 4.713897 -0.183358 13
0.411197 4.648422 -0.105799 13
0.489824 4.626417 -0.167421 13
0.513270 4.567087 -0.111036 13
0.538980 4.508176 -0.057616 13
0.589467 4.467069 -0.058235 13
0.590571 4.386781 0.054988 13
0.634874 4.339407 0.071123 13
1.091860 3.514760 0.747990 6
1.117790 3.424516 0.851972 6
1.190885 3.401382 0.804656 6
1.246436 3.352386 0.815402 6
-1.748736 6.219387 0.613814 5
-1.715416 6.157790 0.650516 5
-1.685145 6.095851 0.691878 5
-1.585211 6.040460 0.637130 5
0.237782 6.176403 -1.841599 5
0.282665 6.140979 -1.852118 5
0.326053 6.105914 -1.860991 5
0.346534 6.067903 -1.836883 5
0.386108 6.032931 -1.840615 5
0.390424 5.992010 -1.791842 5
0.418874 5.955170 -1.778636 5
0.500903 5.929670 -1.847700 5
-0.358501 5.693307 -0.451349 5
-0.314291 5.647347 -0.444950 5
-0.274233 5.600594 -0.431977 5
-0.244848 5.551053 -0.401556 5
-0.212020 5.502278 -0.376184 5
-0.185924 5.451291 -0.339077 5
-0.156455 5.401002 -0.306838 5
-0.049037 5.377131 -0.407806 5
-0.009254 5.331345 -0.394017 5
0.031226 5.285879 -0.381239 5
0.103414 5.253125 -0.425200 5
0.146978 5.209685 -0.418475 5
0.177444 5.160674 -0.387447 5
0.227419 5.120245 -0.392280 5
0.252628 5.068333 -0.350084 5
0.289484 5.021607 -0.329264 13
0.314295 4.968371 -0.284107 13
0.385830 4.939949 -0.331275 13
0.356180 4.855110 -0.173731 13
0.391327 4.805361 -0.145294 13
0.413024 4.746830 -0.087540 13
0.431893 4.685299 -0.021711 13
0.499457 4.655175 -0.060060 13
0.516702 4.590958 0.012249 13
0.543267 4.531906 0.066106 13
0.569457 4.471372 0.122892 13
0.612764 4.423065 0.141550 13
-1.667811 6.151002 0.792195 5
-1.535608 6.097395 0.690786 5
-1.465223 6.040179 0.674940 5
0.313952 6.176675 -1.819206 5
0.369500 6.143030 -1.846462 5
0.401000 6.106873 -1.838882 5
0.420296 6.069018 -1.812938 5
0.454189 6.033473 -1.808806 5
0.457511 5.992536 -1.757495 5
0.518148 5.962367 -1.794838 5
0.559922 5.929196 -1.803424 5
-0.274339 5.694203 -0.402018 5
-0.237068 5.646818 -0.384670 5
-0.309751 5.570521 -0.185104 5
-0.155676 5.554098 -0.360693 5
-0.196677 5.483665 -0.209457 5
-0.098710 5.454235 -0.294024 5
0.074525 5.451967 -0.513123 5
0.058835 5.388342 -0.403014 5
0.130715 5.355106 -0.447793 5
0.129645 5.294791 -0.360464 5
0.203802 5.263660 -0.410525 5
0.199836 5.200442 -0.314720 5
0.290194 5.177831 -0.397012 5
0.298181 5.118573 -0.321477 5
0.305133 5.057404 -0.241542 13
0.306542 4.991851 -0.147902 13
0.380625 4.963552 -0.200042 13
0.397440 4.904549 -0.134759 13
0.432658 4.855070 -0.106274 13
0.510163 4.831057 -0.168034 13
0.466309 4.731319 0.034365 13
0.475394 4.662058 0.125796 13
0.495860 4.598636 0.194704 13
0.534151 4.546564 0.224870 13
-1.511362 6.152596 0.781333 5
-1.425892 6.096131 0.743069 5
-1.231618 6.052032 0.542768 5
0.399136 6.178362 -1.811739 5
0.443778 6.143897 -1.824258 5
0.474915 6.108062 -1.816588 5
0.511077 6.073212 -1.816735 5
0.535898 6.036722 -1.799214 5
0.543974 5.997053 -1.754672 5
0.597309 5.966082 -1.782365 5
0.587468 5.922058 -1.707338 5
-0.518804 5.617881 0.193654 5
-0.333704 5.602693 -0.030702 0
0.450243 5.753749 -1.286215 5
-0.104289 5.546783 -0.255130 0
0.236127 5.591473 -0.769941 5
0.171936 5.516706 -0.577237 5
0.155108 5.454427 -0.464828 5
0.198290 5.411708 -0.459635 5
0.226055 5.363374 -0.425626 5
0.184331 5.286959 -0.258838 5
0.247811 5.251337 -0.289716 5
0.317871 5.219591 -0.334593 5
0.330671 5.162740 -0.267090 5
0.344037 5.104963 -0.198613 5
0.295639 5.014717 -0.000924 13
0.398121 5.000067 -0.112155 13
0.408248 4.937193 -0.030811 13
0.456754 4.894862 -0.029751 13
0.479799 4.837411 0.027404 13
-1.552359 6.204431 0.969378 5
-1.417751 6.150092 0.858496 5
-1.445535 6.083712 0.988752 5
-1.203627 6.043611 0.711010 5
0.466062 6.178319 -1.778437 5
0.521341 6.145578 -1.808559 5
0.549677 6.109760 -1.796980 5
0.576200 6.073752 -1.782368 5
0.594735 6.036366 -1.754547 5
0.624915 6.001012 -1.745355 5
0.687106 5.972479 -1.789622 5
0.722534 5.939079 -1.789903 5
0.735043 5.900439 -1.750932 5
0.524567 5.803690 -1.322022 5
0.281748 5.689841 -0.823621 5
0.426796 5.680134 -1.007210 5
0.364445 5.609877 -0.818488 5
0.308124 5.538098 -0.635399 5
0.243943 5.460151 -0.432119 5
0.256869 5.406702 -0.369717 5
0.309872 5.367819 -0.383100 5
0.312633 5.309021 -0.298197 5
0.320560 5.250938 -0.220994 5
0.370867 5.210597 -0.227467 5
0.407940 5.164436 -0.206913 5
0.248388 5.020662 0.227187 13
0.372394 5.014655 0.070393 13
0.392931 4.956281 0.132947 13
0.424154 4.902816 0.174038 13
-1.490295 6.199971 1.098819 5
-1.448495 6.138284 1.126653 5
-1.381467 6.079009 1.115684 5
-1.310035 6.020977 1.097162 5
0.628271 6.190168 -1.897630 5
0.634946 6.152567 -1.852813 5
0.618978 6.111032 -1.769907 5
0.645435 6.075310 -1.755302 5
0.679463 6.041001 -1.753200 5
0.732808 6.010772 -1.784140 5
0.792787 5.982847 -1.827576 5
0.821948 5.948947 -1.818351 5
0.850750 5.915061 -1.808364 5
0.591692 5.805134 -1.278697 5
0.531579 5.741233 -1.097882 5
0.513926 5.686806 -0.990723 5
0.435504 5.611179 -0.765788 5
0.376543 5.537901 -0.571360 5
0.338823 5.468567 -0.412330 5
0.264537 5.382494 -0.176129 5
0.338704 5.350851 -0.230566 5
0.393953 5.312745 -0.248274 5
0.355495 5.234067 -0.072275 5
0.401889 5.191147 -0.069418 5
0.445795 5.147250 -0.061195 5
-1.345219 6.137291 1.195485 5
-1.286017 6.077645 1.195937 5
-1.225441 6.018701 1.193854 5
0.746494 6.197448 -1.955019 5
0.729909 6.157610 -1.871634 5
0.725568 6.118432 -1.806834 5
0.764082 6.085641 -1.813880 5
0.829962 6.058364 -1.868854 5
0.863329 6.025835 -1.868203 5
0.882021 5.990367 -1.841427 5
0.907511 5.956269 -1.826336 5
0.660537 5.853251 -1.309341 5
0.687838 5.814768 -1.289523 5
0.459716 5.702439 -0.784841 5
0.493854 5.661109 -0.769818 5
0.362043 5.565632 -0.429991 5
0.367173 5.511036 -0.351552 5
0.321489 5.436579 -0.168205 5
0.377637 5.398050 -0.187797 5
0.397514 5.345451 -0.132540 5
0.405228 5.286780 -0.049755 5
0.454147 5.245271 -0.053005 5
0.447785 5.177878 0.064728 5
0.424909 5.099985 0.223371 5
-1.363592 6.192433 1.364863 5
-1.255803 6.135708 1.286814 5
-1.191714 6.076690 1.278746 5
-1.234103 6.006455 1.448855 5
0.673384 6.181103 -1.693433 5
0.807169 6.160675 -1.863868 5
0.839834 6.127685 -1.862399 5
0.876547 6.095663 -1.868208 5
0.903258 6.062131 -1.856332 5
0.904502 6.023396 -1.797786 5
0.955287 5.994924 -1.829344 5
0.915740 5.945545 -1.692293 5
0.837127 5.883727 -1.476774 5
0.422785 5.725075 -0.605098 5
0.449012 5.680138 -0.572418 5
0.217146 5.553656 -0.023750 7
0.333930 5.533269 -0.164632 5
0.351321 5.480783 -0.105405 5
0.412752 5.443946 -0.136536 5
0.429484 5.390337 -0.073646 5
0.323332 5.284351 0.257239 5
0.371994 5.240009 0.258619 5
0.399804 5.186269 0.306702 5
-1.267986 6.191579 1.450283 5
-1.169049 6.134421 1.384057 5
-1.110250 6.074992 1.384433 5
0.707574 6.217254 -1.666468 5
0.769209 6.186247 -1.713826 5
0.832766 6.156670 -1.766085 5
0.886068 6.126673 -1.801416 5
0.953228 6.100063 -1.863311 5
0.968482 6.064773 -1.830528 5
0.966733 6.025560 -1.764787 5
0.995241 5.992322 -1.755180 5
0.983230 5.949180 -1.666557 5
0.210180 5.703093 -0.072074 7
0.251736 5.658033 -0.062188 0
0.318006 5.620609 -0.102459 0
0.250597 5.541204 0.132614 0
0.430578 5.542290 -0.145215 5
0.471621 5.498707 -0.135179 5
0.425976 5.421885 0.063610 5
0.450604 5.369924 0.113720 5
-1.244625 6.251402 1.558231 5
-1.179853 6.190762 1.549575 5
-1.075660 6.134236 1.471626 5
-1.039194 6.072732 1.511080 5
0.812599 6.223193 -1.704598 5
0.831631 6.187508 -1.677590 5
0.869280 6.154408 -1.684284 5
0.900612 6.120677 -1.679472 5
1.006448 6.100674 -1.816111 5
1.022587 6.065590 -1.784060 5
1.042452 6.030995 -1.758432 5
1.067154 5.997325 -1.741722 5
1.062236 5.956131 -1.664851 5
0.020062 5.632596 0.538778 5
0.279153 5.645670 0.104898 0
0.344360 5.607233 0.066835 0
0.477477 5.592294 -0.118493 5
0.478239 5.534795 -0.020899 5
0.509882 5.487194 0.011338 5
0.547625 5.441664 0.030852 5
-0.986880 6.134220 1.568855 5
0.815983 6.255798 -1.622698 5
0.840941 6.220556 -1.605785 5
-0.811366 5.958298 1.568828 5
0.935942 6.156919 -1.656942 5
0.982265 6.126009 -1.681538 5
1.066910 6.102924 -1.782347 5
1.100061 6.071448 -1.783484 5
1.077458 6.027929 -1.671695 5
1.109571 5.995736 -1.669164 5
1.130387 5.960835 -1.642996 5
1.144475 5.923833 -1.601749 5
1.138041 5.880204 -1.514886 5
0.543622 5.648386 -0.134129 5
0.546179 5.592630 -0.039787 5
0.622643 5.561974 -0.110096 5
0.607849 5.498103 0.027970 5
0.629055 5.446376 0.086255 5
-0.871434 6.137180 1.618406 5
-0.788818 6.081088 1.572022 5
-0.742245 6.021905 1.593345 5
0.906923 6.184282 -1.508936 5
1.019824 6.162498 -1.664377 5
1.069943 6.132890 -1.698523 5
1.087578 6.097989 -1.667563 5
1.143816 6.070819 -1.715649 5
1.150672 6.033601 -1.661460 5
1.191928 6.004085 -1.679104 5
1.207237 5.968280 -1.641034 5
1.202822 5.926413 -1.558219 5
1.200900 5.884008 -1.478265 5
0.594928 5.643663 -0.016985 5
0.627499 5.597580 0.012285 5
0.684543 5.560277 -0.015254 5
0.693425 5.504902 0.072047 5
