ply
format ascii 1.0
element vertex 12633
property float x
property float y
property float z
property int scalar_Label
end_header
1.995775 0.743530 -1.638876 9
2.150959 1.506145 -0.980518 9
2.239080 1.457347 -0.786772 9
2.263137 1.394085 -0.738253 9
2.250003 1.320173 -0.774433 9
2.249893 1.249645 -0.781643 9
2.398069 1.231438 -0.452621 9
2.349661 1.145377 -0.570309 9
2.352625 1.077314 -0.571835 9
2.361071 1.011314 -0.561372 9
2.246414 0.889813 -0.832401 9
2.584678 0.977310 -0.069318 9
2.436542 0.838010 -0.418090 9
2.465176 0.783516 -0.363076 9
2.533926 0.751897 -0.216224 9
2.509476 0.669701 -0.283863 9
1.810502 0.181949 -1.907674 9
1.967021 0.191865 -1.561818 9
2.586054 0.509429 -0.144341 9
2.570592 0.429637 -0.193590 9
1.974971 -0.058702 -1.592734 9
2.624641 0.185530 -0.126799 9
2.093755 1.508473 -0.899453 9
2.235438 1.473172 -0.593615 9
2.303168 1.423382 -0.450266 9
2.362724 1.373923 -0.325106 9
2.375458 1.311682 -0.303241 9
2.405184 1.255612 -0.244339 9
2.463566 1.211195 -0.122535 9
2.513745 1.165894 -0.019013 9
2.517342 1.103114 -0.018705 9
2.509832 1.035207 -0.043436 9
2.540035 0.984039 0.014955 9
2.596880 0.946869 0.132242 9
2.562575 0.865259 0.046679 9
2.591574 0.815464 0.101441 9
2.545643 0.724536 -0.011310 9
2.542630 0.655934 -0.028960 9
2.581726 0.612298 0.047185 9
2.538802 0.517905 -0.060950 9
2.549826 0.456343 -0.048667 9
2.582866 0.409772 0.012801 9
2.568185 0.330236 -0.033754 9
2.582149 0.270340 -0.016166 9
2.594831 0.209434 -0.001909 9
2.595695 0.139061 -0.014983 9
2.594991 0.066623 -0.032222 9
2.619674 0.014726 0.007986 9
2.683868 -0.002248 0.138495 9
1.961893 -0.724361 -1.538982 9
2.599080 -0.226177 -0.091595 9
2.111819 -0.769135 -1.237876 9
2.504755 -0.473309 -0.348882 9
2.137450 -0.927948 -1.225203 9
2.073980 1.519173 -0.741242 9
2.133756 1.463616 -0.618641 9
2.219505 1.417547 -0.440873 9
2.276779 1.366601 -0.324065 9
2.330005 1.316634 -0.216128 9
2.373505 1.265434 -0.129223 9
2.407004 1.212236 -0.063982 9
2.410746 1.148729 -0.062834 9
2.448638 1.098977 0.011224 9
2.486472 1.050548 0.084921 9
2.518390 1.000765 0.145657 9
2.529827 0.942245 0.161992 9
2.551499 0.888943 0.200055 9
2.576283 0.837823 0.244543 9
2.584858 0.778488 0.253647 9
2.612769 0.730124 0.304309 9
2.626170 0.673903 0.323186 9
2.645078 0.621193 0.353698 9
2.641216 0.554110 0.334220 9
2.672054 0.509506 0.390083 9
2.677010 0.447788 0.389044 9
2.675173 0.380750 0.372643 9
2.708853 0.339462 0.433870 9
2.721622 0.283022 0.448811 9
2.643248 0.153637 0.261860 9
2.597515 0.046268 0.145852 9
2.578279 -0.041803 0.087636 9
2.620519 -0.077718 0.165590 9
2.590053 -0.178233 0.081001 9
2.545803 -0.294312 -0.035481 9
2.596161 -0.322738 0.059459 9
2.518735 -0.476178 -0.133673 9
2.494447 -0.580953 -0.208400 9
2.442155 -0.717790 -0.347747 9
2.520027 -0.718300 -0.192251 9
2.415134 -0.918555 -0.453910 9
2.227549 -1.221138 -0.907724 9
1.890937 1.492707 -0.927983 9
2.043139 1.457065 -0.617354 9
2.189943 1.426329 -0.317897 9
2.275562 1.384001 -0.145350 9
2.292679 1.323797 -0.115187 9
2.313184 1.265175 -0.078319 9
2.329243 1.205558 -0.051027 9
2.372319 1.156524 0.032211 9
2.392725 1.099979 0.067959 9
2.420991 1.047294 0.119812 9
2.435257 0.989249 0.142129 9
2.462542 0.937529 0.191366 9
2.497797 0.890532 0.257053 9
2.522235 0.839136 0.299824 9
2.532825 0.780951 0.313211 9
2.548220 0.725454 0.336365 9
2.561179 0.668734 0.354057 9
2.581262 0.616415 0.386461 9
2.589740 0.557146 0.394009 9
2.605021 0.502158 0.415606 9
2.619861 0.446993 0.435936 9
2.630738 0.389113 0.447494 9
2.637955 0.328424 0.450868 9
2.636674 0.260965 0.435652 9
2.655213 0.208207 0.462431 9
2.661703 0.145903 0.463001 9
2.673705 0.087741 0.475010 9
2.688561 0.031842 0.492797 9
2.681893 -0.043228 0.463601 9
2.678151 -0.116876 0.440142 9
2.688437 -0.178449 0.446630 9
2.687141 -0.251661 0.427377 9
2.682406 -0.329396 0.399984 9
2.695920 -0.389718 0.412028 9
2.690423 -0.470440 0.381725 9
2.612512 -0.631276 0.190511 9
2.547054 -0.784099 0.025099 9
2.451178 -0.977089 -0.209803 9
2.595648 -0.894369 0.090343 9
2.518948 -1.071457 -0.104204 9
2.495557 -1.188775 -0.180769 9
1.788632 1.484951 -0.939784 9
1.972758 1.455558 -0.573376 9
2.111349 1.421791 -0.298659 9
2.141258 1.362818 -0.243165 9
2.195812 1.312378 -0.138203 9
2.215803 1.252687 -0.103279 9
2.237968 1.194304 -0.064269 9
2.274469 1.141861 0.003471 9
2.337018 1.100881 0.123773 9
2.342542 1.038647 0.128260 9
2.376565 0.988709 0.190286 9
2.446385 0.956303 0.324911 9
2.412454 0.876658 0.248195 9
2.435743 0.823871 0.287607 9
2.459495 0.771914 0.327705 9
2.467568 0.711931 0.335471 9
2.484645 0.656964 0.361334 9
2.513002 0.608977 0.410052 9
2.517091 0.546721 0.408658 9
2.536463 0.493908 0.438353 9
2.564611 0.447268 0.485878 9
2.568633 0.384669 0.483313 9
2.576305 0.324221 0.487902 9
2.580149 0.260629 0.484164 9
2.589458 0.200699 0.491375 9
2.591352 0.134627 0.482744 9
2.605017 0.077486 0.498260 9
2.602534 0.006639 0.479591 9
2.612845 -0.054067 0.487274 9
2.618978 -0.118843 0.485762 9
2.612938 -0.195424 0.458090 9
2.614421 -0.266141 0.445746 9
2.620992 -0.332799 0.443674 9
2.623594 -0.404109 0.432667 9
2.606852 -0.496326 0.379788 9
2.616671 -0.562423 0.383011 9
2.601585 -0.656290 0.332207 9
2.593244 -0.744711 0.295104 9
2.581542 -0.838780 0.249944 9
2.529670 -0.982361 0.116666 9
2.503800 -1.099045 0.038546 9
2.406511 -1.307725 -0.197028 9
1.865166 1.516014 -0.598650 9
1.925651 1.459527 -0.484183 9
2.037513 1.418558 -0.269210 9
2.071665 1.360372 -0.206761 9
2.105030 1.303113 -0.146119 9
2.134651 1.245771 -0.093091 9
2.183218 1.195856 -0.003059 9
2.211103 1.140168 0.046071 9
2.260802 1.093724 0.137937 9
2.257391 1.027473 0.124870 9
2.321394 0.989552 0.244570 9
2.353070 0.939476 0.300280 9
2.364233 0.880689 0.315163 9
2.379414 0.823943 0.337705 9
2.371899 0.755692 0.314896 9
2.417275 0.715123 0.396825 9
2.432601 0.659226 0.418807 9
2.449851 0.604627 0.444337 9
2.454209 0.542444 0.443839 9
2.466177 0.484691 0.458204 9
2.493317 0.436824 0.502664 9
2.500909 0.376373 0.507663 9
2.520336 0.323944 0.536120 9
2.514974 0.253791 0.514336 9
2.539488 0.205092 0.552439 9
2.547467 0.144062 0.556842 9
2.547176 0.076064 0.544095 9
2.541803 0.003076 0.520560 9
2.560798 -0.050279 0.546182 9
2.551503 -0.128296 0.513711 9
2.561496 -0.190277 0.520174 9
2.555461 -0.267539 0.493326 9
2.560989 -0.335034 0.489713 9
2.575365 -0.394532 0.503913 9
2.543490 -0.501018 0.421958 9
2.547391 -0.573212 0.413374 9
2.536057 -0.662578 0.372524 9
2.516139 -0.763188 0.312995 9
2.497362 -0.864922 0.254977 9
2.452962 -0.998669 0.142157 9
2.397982 -1.149011 0.005696 9
2.334878 -1.314062 -0.149489 9
2.022012 6.010702 -0.575281 5
1.921298 6.029019 -0.759170 5
1.853900 6.006340 -0.874754 5
1.807173 5.959147 -0.948312 5
1.573283 6.106250 -1.400135 5
1.540048 1.536620 -1.035352 9
1.830295 1.522239 -0.486001 9
1.836119 1.453410 -0.478645 9
1.948188 1.411443 -0.268945 9
2.019730 1.362751 -0.136673 9
2.101064 1.319622 0.014159 9
2.122200 1.260634 0.049807 9
2.120654 1.194615 0.041782 9
2.145813 1.137734 0.084560 9
2.212352 1.097198 0.206419 9
2.205730 1.029945 0.187798 9
2.225071 0.972944 0.218687 9
2.257322 0.922074 0.274143 9
2.294763 0.874581 0.339392 9
2.323164 0.823897 0.387045 9
2.329132 0.762640 0.391185 9
2.341448 0.704529 0.407276 9
2.378010 0.659824 0.470013 9
2.393766 0.604316 0.492266 9
2.409375 0.548895 0.513962 9
2.417563 0.489040 0.520958 9
2.418462 0.424307 0.513438 9
2.438383 0.371650 0.542662 9
2.425038 0.296414 0.506610 9
2.451961 0.248539 0.548935 9
2.466100 0.191862 0.565979 9
2.459657 0.119530 0.542255 9
2.483434 0.069828 0.577612 9
2.494504 0.010257 0.587654 9
2.485446 -0.066327 0.557529 9
2.468021 -0.151377 0.510284 9
2.483143 -0.209411 0.527138 9
2.487508 -0.277355 0.522233 9
2.485281 -0.352178 0.503722 9
2.471504 -0.439211 0.461560 9
2.476834 -0.509099 0.457130 9
2.477728 -0.584269 0.443308 9
2.457015 -0.683060 0.385308 9
2.432682 -0.788048 0.319178 9
2.384110 -0.922318 0.202912 9
2.383489 -1.006492 0.183203 9
2.394060 -1.079073 0.185759 9
2.318088 -1.255343 0.010202 9
1.990276 6.061800 -0.456079 5
1.995680 5.960366 -0.424950 5
1.862579 6.013929 -0.668375 5
1.796876 5.988798 -0.778025 5
1.773917 5.916584 -0.803557 5
1.733212 5.862679 -0.864257 5
1.537061 5.962720 -1.229018 5
1.400764 5.995657 -1.475684 5
1.750684 1.518860 -0.460249 9
1.777824 1.454563 -0.413399 9
1.895194 1.413523 -0.199260 9
1.928703 1.354463 -0.141002 9
1.948674 1.292591 -0.108154 9
1.912727 1.213970 -0.179628 9
2.043725 1.188583 0.059381 9
2.057312 1.127156 0.079626 9
2.130987 1.088230 0.211698 9
2.166105 1.036916 0.271709 9
2.173388 0.975227 0.279502 9
2.175179 0.911080 0.276729 9
2.247171 0.878503 0.405148 9
2.233871 0.807992 0.373590 9
2.252064 0.752126 0.400783 9
2.289949 0.706795 0.464759 9
2.290969 0.642705 0.459185 9
2.329600 0.599304 0.524190 9
2.327028 0.533008 0.511271 9
2.344929 0.478473 0.536708 9
2.352080 0.417410 0.541542 9
2.376150 0.367104 0.578162 9
2.384865 0.306927 0.585401 9
2.391076 0.244765 0.587564 9
2.396761 0.181851 0.588398 9
2.402116 0.118267 0.588264 9
2.400514 0.048873 0.574465 9
2.401283 -0.019468 0.564808 9
2.408852 -0.083000 0.567826 9
2.413067 -0.149794 0.564033 9
2.415397 -0.218856 0.556215 9
2.416788 -0.289516 0.546168 9
2.414018 -0.364835 0.527621 9
2.403292 -0.448750 0.493119 9
2.399735 -0.527272 0.472022 9
2.401471 -0.601750 0.460754 9
2.379601 -0.701354 0.402739 9
2.351284 -0.810047 0.331304 9
2.341006 -0.902051 0.294580 9
2.299558 -1.030344 0.195562 9
2.256648 -1.163966 0.092576 9
2.003563 6.156161 -0.272469 5
2.058490 5.996590 -0.146436 5
2.002634 5.967946 -0.235401 5
1.928237 5.958197 -0.359994 5
1.826191 5.975676 -0.537393 5
1.756183 5.955131 -0.653011 5
1.613021 6.007435 -0.908041 5
1.508666 6.014584 -1.088392 5
1.473909 5.949703 -1.136239 5
1.344355 5.974397 -1.363814 5
1.198011 6.009282 -1.622506 5
1.499361 1.106997 -0.764527 9
1.512713 1.035738 -0.745416 9
1.943954 1.108311 0.031753 9
2.011016 1.065425 0.148458 9
2.102586 1.034340 0.309628 9
2.082117 0.961282 0.266943 9
2.099909 0.903285 0.293575 9
2.157878 0.863550 0.393228 9
2.187953 0.812788 0.441891 9
2.209105 0.758503 0.474071 9
2.219271 0.699067 0.485936 9
2.219915 0.634544 0.480093 9
2.239511 0.580016 0.508706 9
2.270340 0.532263 0.557732 9
2.280240 0.472859 0.568098 9
2.289658 0.413039 0.577306 9
2.301747 0.354767 0.591166 9
2.312027 0.295236 0.601417 9
2.310601 0.227533 0.589724 9
2.320717 0.167277 0.599078 9
2.346660 0.118366 0.637543 9
2.334486 0.041234 0.604891 9
2.356186 -0.010876 0.634948 9
2.362195 -0.075282 0.635475 9
2.358213 -0.148430 0.616964 9
2.342534 -0.232524 0.576089 9
2.343753 -0.303477 0.566456 9
2.364603 -0.357617 0.593412 9
2.332703 -0.460381 0.520501 9
2.317166 -0.550198 0.477852 9
2.325612 -0.618432 0.480125 9
2.317369 -0.704000 0.450267 9
2.287075 -0.813787 0.377788 9
2.245996 -0.937743 0.283882 9
2.219473 -1.049392 0.216950 9
2.010965 -1.365974 -0.200861 9
2.057074 6.105391 0.000716 5
2.013041 6.064186 -0.063970 5
1.976403 6.013517 -0.114861 5
1.966111 5.932855 -0.116609 5
1.861246 5.955992 -0.295344 5
1.720585 6.012793 -0.540211 5
1.651908 5.988954 -0.650588 5
1.490555 6.056288 -0.932523 5
1.372485 6.074050 -1.133560 5
1.314338 6.029779 -1.223654 5
1.211678 6.025342 -1.395666 5
1.183228 5.949823 -1.431209 5
1.456104 1.777994 -0.635029 6
1.390314 1.018053 -0.784776 10
1.880739 1.106964 0.076935 9
1.343199 0.847409 -0.878672 10
1.483481 0.821962 -0.636150 10
2.011125 0.955785 0.292869 9
1.736302 0.775152 -0.199958 9
1.834205 0.746295 -0.032303 9
1.837744 0.677712 -0.032305 9
1.869302 0.622247 0.017251 9
1.867627 0.550992 0.007429 9
1.916203 0.505343 0.086896 9
1.921139 0.437563 0.088342 9
2.100400 0.467618 0.401138 9
1.955044 0.315028 0.133362 9
2.014956 0.280015 0.232516 9
2.240038 0.350681 0.628164 9
2.245365 0.287814 0.629591 9
2.239321 0.216933 0.610259 9
2.279090 0.176946 0.673197 9
2.257930 0.094421 0.625971 9
2.278380 0.041017 0.653584 9
2.284861 -0.022812 0.655664 9
2.274560 -0.100270 0.626958 9
2.278049 -0.167823 0.622922 9
2.284395 -0.233634 0.623758 9
2.271957 -0.316079 0.589948 9
2.287343 -0.375471 0.606607 9
2.268915 -0.465654 0.560950 9
2.263160 -0.545896 0.538051 9
2.262426 -0.622612 0.523943 9
2.207290 -0.753821 0.408889 9
2.203280 -0.837422 0.387593 9
2.137191 -0.986588 0.250531 9
2.093523 -1.116672 0.154100 9
2.082322 -1.215040 0.117344 9
2.032134 6.056329 0.135835 5
1.948967 6.060792 0.000542 5
1.971255 5.943851 0.057688 5
1.894439 5.937952 -0.065974 5
1.774403 5.975393 -0.267748 5
1.719396 5.940146 -0.351362 5
1.120803 6.138980 -1.364100 5
1.101335 6.054275 -1.382893 5
1.051604 5.996822 -1.456030 5
0.996070 5.943243 -1.539641 5
0.892562 5.928591 -1.708581 5
1.441382 3.297464 -0.513018 6
1.424536 3.228309 -0.538197 6
1.450716 3.148639 -0.489757 6
1.412784 3.084089 -0.551652 6
1.414106 3.010568 -0.546433 6
1.439403 2.933023 -0.500385 6
1.389671 2.868590 -0.583232 6
1.425690 2.790380 -0.519373 6
1.466716 2.713061 -0.447245 6
1.373178 2.651276 -0.605849 6
1.432214 2.573225 -0.503432 6
1.444587 2.500533 -0.481196 6
1.435792 2.429361 -0.495460 6
1.437516 2.357611 -0.491983 6
1.460966 2.285752 -0.451587 6
1.411910 2.214101 -0.535542 6
1.419750 2.142202 -0.522390 6
1.406109 2.069563 -0.546267 6
1.460020 2.000791 -0.454778 6
1.429569 1.926864 -0.507961 6
1.438805 1.855799 -0.493466 6
1.425280 1.782202 -0.518218 6
1.448962 1.057452 -0.508332 10
1.565628 1.021961 -0.312021 10
1.591012 0.958598 -0.273011 10
1.573510 0.879957 -0.308184 10
1.666629 0.843481 -0.152739 10
1.650435 0.765406 -0.186160 10
1.703676 0.716171 -0.099845 10
1.763444 0.671577 -0.002345 10
1.816425 0.625747 0.083315 10
1.848065 0.571117 0.131862 10
1.859685 0.507051 0.145478 10
1.876508 0.445730 0.167897 10
1.886647 0.380881 0.178454 10
1.899731 0.317598 0.193890 10
1.943969 0.272838 0.263448 9
1.932405 0.194961 0.235399 10
1.952471 0.136153 0.262333 10
1.955218 0.066146 0.258705 10
1.965185 0.000511 0.267441 10
1.967541 -0.070734 0.262528 9
1.931060 -0.170791 0.188920 10
1.938370 -0.240467 0.191984 10
1.909064 -0.338843 0.130058 9
1.930303 -0.399243 0.157041 9
1.908615 -0.494613 0.107684 9
1.849507 -0.623372 -0.008668 9
2.060604 -0.522169 0.355117 9
1.794849 -0.835724 -0.130447 9
1.981906 -0.749588 0.190904 9
2.041688 -0.855467 0.272446 9
2.050153 -0.928958 0.274396 9
2.059836 -1.001912 0.278183 9
2.045167 -1.100874 0.237585 9
2.023415 6.081246 0.278961 5
1.974200 6.047612 0.207027 5
1.937423 5.998697 0.157129 5
1.915205 5.933184 0.132843 5
1.774566 5.994862 -0.100678 5
1.690642 5.991132 -0.233622 5
1.681340 5.908225 -0.235279 5
0.885691 6.072301 -1.535999 5
0.866962 5.984926 -1.554055 5
0.814930 5.925390 -1.629998 5
1.379317 3.370349 -0.454818 6
1.388310 3.294284 -0.436016 2
1.385375 3.221824 -0.437462 6
1.393239 3.147010 -0.421087 6
1.397744 3.073442 -0.410598 6
1.374773 3.005594 -0.446311 6
1.364890 2.934790 -0.460369 6
1.386179 2.858905 -0.422580 6
1.366257 2.789672 -0.453902 6
1.396293 2.713854 -0.402025 6
1.394408 2.642504 -0.403713 6
1.378385 2.572357 -0.429245 6
1.353978 2.502243 -0.469006 6
1.390069 2.428511 -0.408039 6
1.342714 2.358458 -0.486578 6
1.358806 2.286106 -0.459479 6
1.372260 2.214331 -0.437028 6
1.333478 2.141599 -0.501990 6
1.377397 2.071218 -0.429187 6
1.404836 2.001346 -0.384122 2
1.397718 1.929557 -0.396972 6
1.360264 1.854348 -0.460719 6
1.427225 1.790165 -0.350368 2
1.378436 1.712325 -0.433558 2
1.224040 1.085209 -0.715107 10
1.292383 1.029312 -0.604630 10
1.375697 0.980580 -0.469153 10
1.486318 0.944135 -0.287889 10
1.568180 0.901101 -0.154963 10
1.630223 0.853253 -0.055423 10
1.661277 0.794925 -0.008148 10
1.662413 0.724747 -0.011453 10
1.733919 0.685371 0.103659 10
1.788065 0.640354 0.189427 10
1.776259 0.565199 0.163671 10
1.774721 0.494263 0.154978 10
1.807843 0.440903 0.204696 10
1.806137 0.369442 0.195229 10
1.826350 0.309738 0.222677 10
1.847506 0.250861 0.251532 10
1.867128 0.191353 0.277582 10
1.862674 0.116974 0.262416 9
1.880076 0.055941 0.284223 10
1.871066 -0.022687 0.260695 10
1.879155 -0.090568 0.266074 10
1.883673 -0.161353 0.265068 10
1.880620 -0.238243 0.250777 10
1.862249 -0.327639 0.209820 10
1.846785 -0.416395 0.173435 10
1.829536 -0.508127 0.133540 10
1.796267 -0.614756 0.065515 10
1.769589 -0.718254 0.008330 10
1.656893 -0.899029 -0.198573 10
1.675945 -0.968079 -0.177696 10
1.989738 6.135908 0.374754 5
1.969095 6.069363 0.353667 5
1.943089 6.009191 0.323052 5
1.919994 5.945795 0.297231 5
1.839268 5.944657 0.172144 5
1.728448 5.972292 -0.004316 5
1.651197 5.961070 -0.122922 5
1.602986 5.918138 -0.191804 5
1.537967 5.890471 -0.289384 5
0.701260 6.161195 -1.639853 5
0.774967 5.994439 -1.502198 5
0.717700 5.938466 -1.585575 5
0.563705 5.957312 -1.831391 5
1.327064 3.366825 -0.377458 2
1.357472 3.285390 -0.324350 2
1.361690 3.211805 -0.314290 2
1.348325 3.142632 -0.333165 2
1.397311 3.060140 -0.250544 12
1.378709 2.992568 -0.278428 12
1.319922 2.931443 -0.372021 12
1.389682 2.848495 -0.256309 12
1.392173 2.777406 -0.250476 12
1.427333 2.702690 -0.191662 12
1.391634 2.636435 -0.248478 12
1.389744 2.566223 -0.250451 12
1.340886 2.499001 -0.329099 6
1.311334 2.429195 -0.376531 6
1.319122 2.357350 -0.363406 11
1.444509 2.284749 -0.159114 11
1.454259 2.215651 -0.143246 11
1.419667 2.145693 -0.199763 11
1.298452 2.070534 -0.397499 6
1.309321 1.999310 -0.380483 6
1.339336 1.929979 -0.332519 6
1.323855 1.857119 -0.358845 2
1.346542 1.788097 -0.323245 2
1.317020 1.712677 -0.372907 2
1.085786 1.065083 -0.771804 10
1.240514 1.033659 -0.522673 10
1.296321 0.975964 -0.435361 10
1.413325 0.940835 -0.247978 10
1.529497 0.909487 -0.061944 10
1.545468 0.844336 -0.040181 10
1.566313 0.781356 -0.010620 10
1.672412 0.754273 0.158761 10
1.649070 0.674495 0.115438 10
1.699045 0.626753 0.192419 10
1.686625 0.550900 0.166566 10
1.725385 0.499402 0.224782 10
1.722081 0.427320 0.213478 10
1.739522 0.365686 0.236171 10
1.773143 0.313199 0.285423 10
1.792562 0.253365 0.311036 10
1.769808 0.168646 0.266574 10
1.796394 0.112792 0.303620 10
1.796513 0.040569 0.296539 10
1.787518 -0.038287 0.274023 10
1.803410 -0.101293 0.292642 10
1.817319 -0.165705 0.307743 10
1.790413 -0.259716 0.254441 10
1.785309 -0.339431 0.237182 10
1.791973 -0.411143 0.239312 10
1.770906 -0.505239 0.194627 10
1.740425 -0.608770 0.133681 10
1.744755 -0.685557 0.130853 10
1.677697 -0.824244 0.007289 10
1.596929 -0.979095 -0.140200 10
1.934709 6.125233 0.446841 5
1.929630 6.041335 0.451687 5
1.924578 5.958520 0.456212 5
1.825468 5.978710 0.302987 5
1.747352 5.972874 0.185158 5
1.603186 6.032559 -0.042549 5
1.589873 5.954430 -0.052072 5
1.531487 5.921208 -0.136684 5
1.468138 5.891118 -0.229515 5
0.546607 6.222139 -1.686177 5
0.598641 6.072943 -1.588285 5
0.610081 5.959609 -1.557487 5
0.478971 5.958344 -1.760014 5
0.441963 5.881600 -1.808785 5
1.290152 3.286353 -0.274126 2
1.294473 3.212717 -0.264323 2
1.293720 3.140621 -0.262822 2
1.388986 3.048938 -0.108746 12
1.370062 2.982369 -0.136626 12
1.359521 2.913876 -0.151363 12
1.356082 2.844090 -0.155006 12
1.356045 2.773873 -0.153445 12
1.374674 2.701620 -0.122431 12
1.344021 2.634983 -0.169920 12
1.381892 2.561845 -0.108757 12
1.328090 2.495858 -0.193399 11
1.327146 2.425656 -0.194290 11
1.362881 2.354483 -0.137143 11
1.379037 2.284785 -0.111289 11
1.368105 2.215430 -0.128647 11
1.374090 2.146129 -0.119346 11
1.358388 2.076049 -0.144679 11
1.479068 2.013875 0.046367 11
1.374453 1.937870 -0.120573 11
1.250672 1.856170 -0.318210 2
1.253865 1.784675 -0.314380 2
1.210497 1.706942 -0.384754 6
1.232874 1.050943 -0.371971 10
1.301788 0.998214 -0.265631 10
1.385865 0.952785 -0.135174 10
1.389872 0.881882 -0.132704 10
1.446642 0.830390 -0.046089 10
1.494121 0.777031 0.025564 10
1.521642 0.716906 0.065148 10
1.578817 0.670130 0.152094 10
1.551786 0.587422 0.103922 10
1.617350 0.546471 0.204072 10
1.641014 0.487221 0.236867 10
1.641446 0.416664 0.232144 10
1.661325 0.355847 0.258492 10
1.685600 0.297695 0.291753 10
1.709792 0.239925 0.324723 10
1.711552 0.169435 0.321318 10
1.704885 0.093332 0.304054 10
1.725219 0.033257 0.330214 10
1.733264 -0.034560 0.336289 10
1.719514 -0.117247 0.306783 10
1.727523 -0.186209 0.312303 10
1.745182 -0.248693 0.333289 10
1.709561 -0.350115 0.267296 10
1.691820 -0.440382 0.230026 10
1.659960 -0.543164 0.169317 10
1.625824 -0.650003 0.104435 10
1.654594 -0.707721 0.142160 10
1.554781 -0.873284 -0.031336 10
1.464682 -1.035959 -0.189726 10
1.900819 6.180841 0.539582 5
1.887263 6.106567 0.529874 5
1.904051 5.999124 0.569449 5
1.895531 5.921453 0.567296 5
1.746378 5.994238 0.336126 5
1.507544 6.060848 -0.028001 5
1.500301 5.976222 -0.028107 5
1.456349 5.927917 -0.087762 5
1.413299 5.877860 -0.146054 5
1.393616 5.805484 -0.166865 5
0.493491 6.197237 -1.564675 5
0.518871 6.071250 -1.512724 5
0.502117 5.980524 -1.528374 5
0.391495 5.961656 -1.693623 5
0.293808 5.929547 -1.838192 5
1.171952 3.374205 -0.306167 2
1.204301 3.292098 -0.252974 2
1.219418 3.215525 -0.226798 2
1.389652 3.105505 0.040069 12
1.395842 3.035053 0.051867 12
1.375248 2.969971 0.021902 12
1.405772 2.895783 0.071083 12
1.385473 2.830436 0.041221 12
1.402498 2.759591 0.069072 12
1.394487 2.692331 0.057911 12
1.471251 2.616707 0.177986 11
1.357967 2.558890 0.003290 12
1.212800 2.499122 -0.220951 12
1.361949 2.421403 0.010731 11
1.408728 2.351657 0.083576 11
1.408771 2.283987 0.083821 11
1.437287 2.216576 0.128004 11
1.408404 2.148647 0.083073 11
1.464834 2.083422 0.170157 11
1.423718 2.014146 0.105910 11
1.371979 1.942529 0.025007 11
1.197821 1.857192 -0.245865 2
1.208043 1.786686 -0.231154 2
1.052781 1.093387 -0.491485 10
1.141836 1.043205 -0.356136 10
1.232290 0.996387 -0.218676 10
1.352662 0.962393 -0.034671 10
1.363372 0.894379 -0.021553 10
1.371138 0.825339 -0.013206 10
1.431590 0.776472 0.077164 10
1.444190 0.710190 0.092736 10
1.448732 0.640585 0.095541 10
1.529555 0.604336 0.217434 10
1.537607 0.537277 0.225431 10
1.574789 0.484014 0.278865 10
1.592655 0.422096 0.301908 10
1.598820 0.354332 0.306431 10
1.608210 0.288030 0.315820 10
1.625958 0.226217 0.338160 10
1.639234 0.161979 0.353299 10
1.660726 0.102593 0.381199 10
1.641115 0.018166 0.344129 10
1.666433 -0.039093 0.377692 10
1.637518 -0.131563 0.325393 10
1.669615 -0.184582 0.369295 10
1.652293 -0.271450 0.334779 10
1.623755 -0.367826 0.282152 10
1.614478 -0.451911 0.259749 10
1.601555 -0.539956 0.231242 10
1.552149 -0.657950 0.144295 10
1.520847 -0.764388 0.085723 10
1.360817 -0.979579 -0.178951 10
1.877376 6.134927 0.659406 5
1.861081 6.064999 0.644689 5
1.879622 5.957425 0.685039 5
1.804074 5.952708 0.575889 5
1.704907 5.970133 0.429537 5
1.415087 5.993228 0.004103 5
1.392461 5.923936 -0.021127 5
1.379074 5.846206 -0.032072 5
1.289739 5.837509 -0.162104 5
1.233155 5.797040 -0.240828 5
0.496779 6.024186 -1.348402 5
0.485998 5.930233 -1.355214 5
0.422876 5.876077 -1.443395 5
1.048443 3.315402 -0.336833 2
1.321762 3.176625 0.080076 12
1.318384 3.107843 0.077124 12
1.310856 3.039977 0.067716 12
1.364235 2.960941 0.150399 12
1.379706 2.890188 0.175464 12
1.375338 2.823051 0.170319 12
1.412967 2.750444 0.228575 12
1.407463 2.684118 0.221373 12
1.389164 2.618921 0.194652 12
1.423290 2.549098 0.247086 11
1.392388 2.484462 0.200984 11
1.400513 2.417127 0.213757 11
1.392915 2.350520 0.202587 11
1.376346 2.283751 0.177689 11
1.395432 2.216726 0.206554 11
1.353486 2.148771 0.142954 11
1.405733 2.083411 0.221652 11
1.401039 2.016373 0.214069 11
1.364885 1.946670 0.158731 11
1.053927 1.849502 -0.312564 2
1.067223 1.777926 -0.293498 2
0.531731 1.635440 -1.105220 6
1.057350 1.037533 -0.328876 10
1.256341 1.023179 -0.029701 10
1.291961 0.962726 0.021332 10
1.277970 0.886271 -0.003191 10
1.279070 0.814406 -0.004966 10
1.293655 0.747326 0.013603 10
1.418388 0.724092 0.199785 10
1.417349 0.652852 0.194329 10
1.432565 0.588216 0.213476 10
1.467067 0.532444 0.261904 10
1.488797 0.471507 0.290712 10
1.519747 0.415445 0.333475 10
1.530907 0.350011 0.345843 10
1.547948 0.287611 0.367051 10
1.558160 0.221614 0.377641 10
1.578705 0.161330 0.403911 10
1.601639 0.102690 0.433706 10
1.575009 0.014348 0.387184 10
1.584525 -0.053036 0.395985 10
1.573302 -0.134060 0.372661 10
1.579076 -0.204872 0.375290 10
1.550187 -0.299919 0.324209 10
1.568475 -0.363516 0.345708 10
1.535499 -0.464397 0.287719 10
1.501599 -0.568122 0.227933 10
1.409815 -0.718655 0.077967 10
1.440261 -0.777238 0.117248 10
1.327677 -0.951686 -0.066101 10
1.885101 6.143029 0.813235 5
1.832708 6.114790 0.742283 5
1.832585 6.027690 0.752150 5
1.828102 5.946556 0.754991 5
1.769938 5.922833 0.674877 5
1.301332 5.945681 0.003027 5
1.274541 5.879764 -0.028720 5
1.263135 5.800099 -0.037187 5
1.175151 5.787213 -0.162361 5
0.398318 6.038311 -1.305037 5
0.431373 5.910947 -1.246087 5
0.359001 5.863642 -1.346683 5
0.045782 5.986759 -1.810443 5
1.408293 3.277147 0.346851 6
1.373018 3.218537 0.296819 2
1.400632 3.144376 0.339745 6
1.438019 3.069297 0.396952 2
1.398836 3.010768 0.340726 12
1.370149 2.949180 0.299907 12
1.377667 2.880895 0.312479 6
1.374037 2.814633 0.308422 12
1.360011 2.749708 0.288860 12
1.336726 2.685446 0.255479 12
1.375576 2.614667 0.313742 6
1.408011 2.545791 0.362369 11
1.384250 2.481439 0.327853 11
1.387305 2.415190 0.332797 11
1.372542 2.349538 0.311285 11
1.377912 2.283235 0.319359 11
1.395051 2.217223 0.344666 11
1.409846 2.151727 0.366368 11
1.378052 2.084729 0.319133 6
1.352717 2.016995 0.281285 11
1.287389 1.945278 0.184219 2
1.364716 1.884628 0.297700 6
1.371715 1.818743 0.307169 2
1.429960 1.759551 0.392216 2
0.734195 1.592875 -0.637196 10
0.859919 1.535428 -0.452872 10
0.769520 1.443358 -0.588185 10
0.937141 1.398732 -0.342127 10
0.734554 1.280475 -0.643801 10
0.833247 1.147501 -0.502304 10
0.805139 1.062587 -0.546454 10
0.974384 1.032407 -0.298402 10
1.090613 0.991904 -0.128895 10
1.198518 0.952543 0.028254 10
1.200435 0.880995 0.028132 10
1.237271 0.821567 0.079683 10
1.334887 0.785750 0.221403 10
1.315780 0.707496 0.189649 10
1.349654 0.649824 0.236480 10
1.375187 0.589425 0.270790 10
1.420850 0.538507 0.334954 10
1.446142 0.479395 0.368687 10
1.444419 0.407748 0.362020 10
1.474072 0.351282 0.401993 10
1.469196 0.277503 0.390293 10
1.476006 0.209327 0.395869 10
1.481355 0.140068 0.399096 10
1.521481 0.090524 0.454219 10
1.489264 -0.001166 0.400856 10
1.511728 -0.061037 0.429231 10
1.503917 -0.139879 0.412024 10
1.507992 -0.211883 0.412461 10
1.528273 -0.273448 0.437092 10
1.468367 -0.390650 0.340816 10
1.462219 -0.472532 0.325188 10
1.421801 -0.580660 0.257593 10
1.364115 -0.704333 0.163536 10
1.352456 -0.795436 0.138684 10
1.183019 -1.014047 -0.125485 10
1.775191 6.197716 0.794574 5
1.774521 6.110514 0.802835 5
1.767164 6.031799 0.800777 5
1.759923 5.953850 0.798667 5
1.719471 5.911040 0.746577 5
1.210861 5.875839 0.037829 5
1.182559 5.811176 0.003834 5
1.173858 5.729656 -0.001261 5
1.009597 5.777701 -0.236699 5
0.376053 5.892971 -1.140489 5
0.371504 5.796432 -1.139456 5
0.270857 5.768367 -1.279871 5
1.362145 3.341347 0.413779 6
1.378519 3.269661 0.439554 6
1.391254 3.199669 0.459917 6
1.387657 3.134057 0.456534 2
1.367579 3.072003 0.429214 6
1.397323 2.999798 0.473723 6
1.355664 2.941402 0.414995 6
1.365686 2.873491 0.430756 6
1.377378 2.805824 0.448790 6
1.369263 2.741176 0.438110 12
1.377841 2.674544 0.451385 6
1.359866 2.610749 0.426227 6
1.376810 2.543795 0.451307 6
1.431187 2.475280 0.530235 11
1.444142 2.410380 0.549294 11
1.382473 2.347827 0.460624 6
1.380863 2.282724 0.458430 6
1.382625 2.217603 0.460971 11
1.393274 2.152757 0.476197 6
1.373985 2.086991 0.448129 6
1.367578 2.021297 0.438506 6
1.376278 1.956477 0.450539 6
1.383149 1.891713 0.459810 2
1.348000 1.822511 0.408337 2
1.367147 1.758870 0.435057 2
1.334681 1.688387 0.387177 6
0.912674 1.554419 -0.223103 10
0.940673 1.485547 -0.184126 10
0.920334 1.408082 -0.215077 10
0.925480 1.335104 -0.209379 10
0.877591 1.250001 -0.280457 10
0.761171 1.146233 -0.450781 10
0.912285 1.108374 -0.234556 10
0.950835 1.043991 -0.181141 10
1.006162 0.985640 -0.103559 10
1.050798 0.925553 -0.041540 10
1.151377 0.885267 0.101401 10
1.144760 0.810738 0.089008 10
1.179452 0.750791 0.136338 10
1.247245 0.704443 0.231575 10
1.265347 0.640134 0.254655 10
1.281861 0.575414 0.275307 10
1.348955 0.533054 0.369319 10
1.354164 0.464448 0.373329 10
1.393336 0.411716 0.426601 10
1.379335 0.333742 0.402388 10
1.408620 0.276919 0.441046 10
1.400126 0.200657 0.424528 10
1.417778 0.137913 0.445975 10
1.431042 0.072804 0.460890 10
1.427798 -0.002046 0.451547 10
1.436265 -0.070505 0.459153 10
1.444324 -0.139498 0.466009 10
1.419284 -0.230146 0.424216 10
1.412131 -0.310545 0.408407 10
1.416985 -0.383693 0.410020 10
1.363082 -0.498742 0.325118 10
1.366229 -0.575370 0.323780 10
1.360260 -0.659436 0.308829 10
1.388016 -0.718731 0.343375 10
1.205865 -0.942787 0.068008 10
1.204652 -1.029266 0.059157 10
1.705925 6.205505 0.839198 5
1.736153 6.085027 0.891709 5
1.724262 6.012015 0.882269 5
1.695683 5.956968 0.848289 5
1.032175 5.881925 -0.055407 5
1.043572 5.782023 -0.031895 5
1.012578 5.718172 -0.069725 5
0.984522 5.651663 -0.103438 5
0.344514 5.858282 -1.003040 5
0.331884 5.768664 -1.014343 5
0.280126 5.706610 -1.081878 5
1.220769 3.433326 0.345344 6
1.300836 3.342235 0.460455 6
1.342009 3.264174 0.520456 6
1.333867 3.199651 0.510698 6
1.350078 3.129600 0.535186 6
1.326519 3.068557 0.503446 2
1.301312 3.007223 0.469281 6
1.347034 2.932858 0.535016 6
1.353152 2.866414 0.544781 6
1.334711 2.803771 0.519815 6
1.330225 2.738906 0.514406 6
1.334449 2.673064 0.521156 6
1.330302 2.608219 0.515995 6
1.310516 2.544480 0.488695 6
1.381795 2.474883 0.589545 11
1.375784 2.410888 0.581416 11
1.362218 2.346917 0.562536 6
1.306386 2.282869 0.484020 11
1.320972 2.217564 0.504562 11
1.335962 2.152745 0.525559 11
1.328485 2.087470 0.514802 11
1.369307 2.024707 0.571957 11
1.322917 1.956755 0.506163 6
1.327280 1.891818 0.511738 2
1.328462 1.826604 0.512720 2
1.329964 1.761374 0.514038 2
1.329064 1.695746 0.511856 6
0.929749 1.567211 -0.052047 10
0.930057 1.494812 -0.052874 10
0.963596 1.428599 -0.006968 10
0.951130 1.353767 -0.026061 10
0.971862 1.285768 0.001548 10
0.969394 1.212648 -0.003702 10
0.946112 1.133828 -0.038468 10
0.935883 1.057558 -0.054955 10
0.983470 0.997576 0.010094 10
0.969203 0.919782 -0.012359 10
1.045194 0.870689 0.092649 10
1.093813 0.814478 0.158894 10
1.126135 0.753725 0.202002 10
1.174934 0.699989 0.268344 10
1.204329 0.639903 0.307133 10
1.239146 0.582715 0.353512 10
1.272565 0.525757 0.397824 10
1.270375 0.453563 0.391532 10
1.301396 0.396388 0.432243 10
1.296764 0.322565 0.422222 10
1.321836 0.263071 0.454273 10
1.350133 0.205687 0.490813 10
1.346058 0.131339 0.481189 10
1.369420 0.071653 0.510488 10
1.368669 -0.001640 0.505317 10
1.383326 -0.066335 0.521973 10
1.349483 -0.160925 0.469272 10
1.337118 -0.243789 0.447021 10
1.320915 -0.330283 0.419092 10
1.321837 -0.406544 0.415468 10
1.293487 -0.503759 0.369747 10
1.270927 -0.598696 0.332082 10
1.288801 -0.665651 0.352208 10
1.335211 -0.711174 0.413201 10
1.123430 -0.955418 0.102841 10
1.108350 -1.052969 0.074827 10
1.648618 6.200127 0.901106 5
1.653591 6.107760 0.915431 5
1.667727 6.007289 0.942559 5
1.644659 5.946637 0.916588 5
0.969810 5.786320 0.021214 5
0.998103 5.674675 0.066968 5
0.901758 5.662596 -0.062394 5
0.327887 5.814044 -0.848567 5
0.329284 5.715896 -0.840695 5
0.309316 5.633291 -0.862857 5
0.256207 5.572768 -0.931410 5
1.208010 3.419917 0.461796 6
1.257085 3.338368 0.531254 2
1.282530 3.264729 0.567982 2
1.271763 3.200788 0.554668 2
1.264098 3.136014 0.545531 2
1.323725 3.057402 0.629004 12
1.296611 2.997273 0.592858 12
1.287628 2.933299 0.581594 6
1.253270 2.873120 0.535293 12
1.261788 2.805996 0.547932 12
1.296575 2.736058 0.596621 12
1.295795 2.671139 0.596247 12
1.298347 2.605988 0.600358 12
1.262928 2.543783 0.552119 12
1.339187 2.474117 0.657446 11
1.328411 2.410532 0.642915 11
1.289636 2.347315 0.589768 11
1.302238 2.282437 0.607205 11
1.265568 2.217576 0.556757 11
1.305517 2.153385 0.611617 11
1.304228 2.088795 0.609645 11
1.267402 2.022101 0.558677 6
1.224643 1.953721 0.499440 6
1.270586 1.891835 0.562156 2
1.296218 1.829218 0.596830 2
1.297904 1.764417 0.598451 2
1.197582 1.685403 0.459542 6
0.910818 1.574025 0.063781 10
0.943138 1.507856 0.107188 10
0.935208 1.435013 0.095060 10
0.916851 1.359592 0.068450 10
0.920313 1.288195 0.071782 10
0.906751 1.212647 0.051537 10
0.981867 1.159002 0.153434 10
0.939420 1.075711 0.093134 10
0.943376 1.004109 0.096701 10
0.931961 0.927667 0.078940 10
0.946658 0.858951 0.097098 10
1.054676 0.822065 0.244039 10
1.066307 0.754203 0.257803 10
1.103283 0.695860 0.306494 10
1.131517 0.635017 0.343021 10
1.163823 0.576439 0.385096 10
1.170562 0.507718 0.391706 10
1.207361 0.452141 0.439831 10
1.248568 0.399468 0.493993 10
1.248119 0.327885 0.490346 10
1.241950 0.252989 0.478638 10
1.277500 0.198850 0.524697 10
1.278303 0.126998 0.522433 10
1.285512 0.058188 0.528943 10
1.283327 -0.016242 0.522273 10
1.281787 -0.090933 0.516361 10
1.275089 -0.169389 0.503128 10
1.268974 -0.248339 0.490557 10
1.254717 -0.333395 0.466477 10
1.245358 -0.416403 0.449059 10
1.208599 -0.519159 0.393201 10
1.220215 -0.590097 0.404731 10
1.223115 -0.667612 0.403941 10
1.165045 -0.790998 0.317621 10
0.977175 -1.016378 0.049062 10
0.995502 -1.088981 0.069122 10
1.600308 6.185410 0.974818 5
1.608255 6.090778 0.992085 5
1.607638 6.006499 0.997294 5
1.572511 5.957983 0.954628 5
0.854457 5.824296 0.017404 5
0.879155 5.715173 0.056489 5
0.879417 5.626786 0.061944 5
0.838279 5.570352 0.010677 5
0.784412 5.522456 -0.058028 5
0.676630 5.511615 -0.200320 5
0.278435 5.698206 -0.738408 5
0.267250 5.610207 -0.748695 5
0.216909 5.548208 -0.812417 5
0.461443 4.431271 -0.438159 13
0.471961 4.343173 -0.420967 13
0.653783 4.184090 -0.172419 13
0.662626 4.101279 -0.157856 13
0.580403 4.054258 -0.266379 13
0.551426 3.985246 -0.303065 13
0.566411 3.900207 -0.280522 13
0.521541 3.836052 -0.338837 13
0.457804 3.776735 -0.422663 13
0.503974 3.682564 -0.358404 13
0.440958 3.621277 -0.441423 13
1.156116 3.349954 0.523789 2
1.209601 3.268676 0.597266 2
1.189922 3.206552 0.572103 2
1.196272 3.138311 0.581898 2
1.286695 3.053497 0.704748 12
1.282793 2.989317 0.700536 12
1.205498 2.937596 0.597499 12
1.219197 2.869583 0.616806 12
1.238871 2.801330 0.644054 12
1.248238 2.735077 0.657346 12
1.280411 2.666847 0.701214 12
1.265056 2.603947 0.681085 12
1.227233 2.542254 0.630668 11
1.173612 2.480294 0.558933 6
1.305594 2.409205 0.736610 11
1.267776 2.346483 0.685946 11
1.278017 2.282180 0.699798 11
1.287354 2.218207 0.712348 11
1.297688 2.154550 0.726153 11
1.252116 2.088960 0.664724 11
1.309369 2.027653 0.741429 11
1.223560 1.957793 0.625730 2
1.226375 1.892944 0.629079 2
1.239358 1.829173 0.646014 2
1.185347 1.757644 0.572773 2
1.077555 1.676902 0.427094 6
0.943577 1.588539 0.246060 10
0.920999 1.514548 0.214747 10
0.930487 1.445615 0.226476 10
0.968761 1.382627 0.276855 10
0.974279 1.313553 0.283065 10
0.941227 1.235404 0.237249 10
0.959797 1.168910 0.260837 10
0.944998 1.093861 0.239387 10
0.947663 1.023030 0.241359 10
0.954181 0.953175 0.248427 10
0.946569 0.878764 0.236346 10
0.961540 0.811341 0.254616 10
1.020686 0.759610 0.332399 10
1.027941 0.690443 0.340097 10
1.069185 0.634258 0.393593 10
1.116870 0.581703 0.455728 10
1.125077 0.513847 0.464465 10
1.131921 0.445281 0.471262 10
1.148660 0.381028 0.491344 10
1.169790 0.318996 0.517283 10
1.189372 0.256497 0.541045 10
1.186731 0.182960 0.534622 10
1.207271 0.121001 0.559502 10
1.205792 0.047324 0.554441 10
1.222860 -0.016536 0.574427 10
1.219353 -0.092232 0.566393 10
1.200239 -0.177948 0.537032 10
1.204668 -0.250467 0.539522 10
1.183951 -0.339391 0.507693 10
1.168996 -0.425972 0.483545 10
1.126340 -0.532411 0.421506 10
1.121736 -0.614874 0.411122 10
1.130268 -0.688909 0.418515 10
1.063245 -0.818541 0.322638 10
0.895921 -1.026815 0.089434 10
0.750211 -1.225937 -0.114737 10
1.532554 6.191831 1.021000 5
1.568388 6.068824 1.074654 5
1.522602 6.031048 1.018119 5
1.517998 5.951655 1.016977 5
0.770017 5.746894 0.062361 5
0.803836 5.632525 0.111831 5
0.736567 5.595014 0.026441 5
0.671021 5.554507 -0.056662 5
0.626071 5.497897 -0.112376 5
0.249214 5.666416 -0.609402 5
0.253203 5.569352 -0.599919 5
0.151673 5.541162 -0.730687 5
0.376913 4.691976 -0.404454 13
0.490048 4.552211 -0.252052 13
0.589018 4.423489 -0.118602 13
0.572926 4.350172 -0.137316 13
0.704429 4.213257 0.038720 13
0.641944 4.161461 -0.041456 13
0.635576 4.085726 -0.047648 13
0.554346 4.038603 -0.152645 13
0.627681 3.933067 -0.053923 13
0.613475 3.860657 -0.070717 13
0.616038 3.782603 -0.065503 13
0.701921 3.678887 0.049348 13
0.609463 3.631210 -0.070767 13
0.468172 3.594480 -0.255192 13
1.026991 3.368675 0.481731 2
1.144551 3.270588 0.637662 2
1.122313 3.208888 0.609550 2
1.139565 3.138174 0.633307 2
1.266618 3.046347 0.801359 12
1.250345 2.985011 0.780844 12
1.244243 2.921610 0.773631 12
1.257748 2.855197 0.792116 12
1.256383 2.791350 0.790979 12
1.259792 2.727007 0.796042 12
1.254417 2.663778 0.789490 12
1.275336 2.598173 0.817410 12
1.299192 2.533096 0.849112 11
1.263253 2.472152 0.802189 11
1.278975 2.408068 0.823059 11
1.255230 2.345455 0.792013 11
1.228856 2.282129 0.757443 11
1.271723 2.218523 0.813749 11
1.267302 2.155145 0.807870 11
1.274739 2.092076 0.817494 11
1.261930 2.028087 0.800451 11
1.238760 1.962906 0.769722 11
1.134780 1.889882 0.632750 2
1.133986 1.824116 0.631257 2
1.076026 1.751431 0.554569 2
0.875190 1.657508 0.290027 10
0.912544 1.593005 0.338402 10
0.947091 1.529089 0.383020 10
0.869655 1.445633 0.280344 10
0.844968 1.370020 0.246916 10
0.855320 1.300966 0.259474 10
0.880128 1.235387 0.290971 10
0.917142 1.173417 0.338457 10
0.931483 1.106435 0.356042 10
0.892152 1.024634 0.302903 10
0.924085 0.962418 0.343482 10
0.900836 0.883696 0.311322 10
0.926502 0.820030 0.343497 10
0.936191 0.751370 0.354552 10
0.965978 0.689994 0.392019 10
1.004352 0.632529 0.440746 10
1.025431 0.569137 0.466606 10
1.047840 0.506631 0.494150 10
1.077253 0.447509 0.530872 10
1.070743 0.372908 0.520095 10
1.117175 0.322260 0.579160 10
1.096398 0.240380 0.549358 10
1.110849 0.174910 0.566017 10
1.130104 0.111949 0.588953 10
1.146433 0.047604 0.607946 10
1.157743 -0.019450 0.620216 10
1.126330 -0.111006 0.575800 10
1.127038 -0.185352 0.573818 10
1.107790 -0.272361 0.545268 10
1.100476 -0.353224 0.532421 10
1.088707 -0.437858 0.513539 10
1.068943 -0.528881 0.483909 10
1.013266 -0.645790 0.406387 10
1.048057 -0.702201 0.449009 10
1.056416 -0.777037 0.456388 10
0.829676 -1.025941 0.150476 10
0.613704 -1.276341 -0.141631 10
1.511767 6.149362 1.129099 5
1.515841 6.060561 1.138839 5
1.494983 5.997840 1.115755 5
1.430989 5.977205 1.036085 5
0.627516 5.713391 0.031042 5
0.653638 5.605355 0.068577 5
0.623016 5.539359 0.032292 5
0.566206 5.491080 -0.038035 5
0.517295 5.436169 -0.098144 5
0.447794 5.393651 -0.184978 5
0.208881 5.456757 -0.491301 5
0.378149 4.997925 -0.260079 13
0.451954 4.871521 -0.161950 13
0.546687 4.737288 -0.036958 13
0.489050 4.684586 -0.108938 13
0.568783 4.562804 -0.003611 13
0.603191 4.465830 0.043060 13
0.601764 4.386950 0.043383 13
0.612206 4.303262 0.058929 13
0.609973 4.225762 0.058042 13
0.602158 4.150899 0.049881 13
0.627503 4.063231 0.084366 13
0.627281 3.986372 0.085822 13
0.619087 3.912736 0.076934 13
0.622477 3.835235 0.082885 13
0.631549 3.756342 0.096068 13
0.599058 3.690899 0.055693 13
0.574550 3.622373 0.025529 13
0.537250 3.556881 -0.021148 13
0.965690 3.369255 0.530967 2
1.073870 3.273846 0.671085 2
1.063748 3.209116 0.659029 2
1.042625 3.146600 0.632776 2
1.220184 3.044585 0.861754 12
1.211665 2.981963 0.851541 12
1.201197 2.919545 0.838765 12
1.217547 2.852942 0.860376 12
1.177612 2.794474 0.809635 12
1.208344 2.726564 0.849589 12
1.192632 2.664442 0.829840 12
1.216071 2.598545 0.860299 12
1.160738 2.538997 0.789561 11
1.231138 2.470897 0.880187 11
1.206121 2.408773 0.848251 11
1.211116 2.345196 0.854784 11
1.190498 2.281995 0.828377 11
1.235255 2.218667 0.885834 11
1.212118 2.155140 0.856070 11
1.205232 2.091504 0.847109 11
1.205632 2.028020 0.847442 11
1.090583 1.956379 0.699488 11
0.982967 1.881714 0.561001 2
0.989553 1.815215 0.569074 2
0.866025 1.733555 0.409996 10
0.856587 1.663096 0.397347 10
0.880356 1.597163 0.427281 10
0.848110 1.522619 0.385200 10
0.844295 1.452036 0.379568 10
0.860123 1.385024 0.399105 10
0.839971 1.310695 0.372342 10
0.835278 1.239057 0.365372 10
0.833339 1.167728 0.361869 10
0.856369 1.102607 0.390402 10
0.826275 1.023303 0.350554 10
0.870416 0.964481 0.406110 10
0.850304 0.886979 0.378951 10
0.899332 0.831003 0.440686 10
0.885264 0.754783 0.421158 10
0.907187 0.690658 0.447891 10
0.934027 0.628757 0.480898 10
0.922138 0.552252 0.463954 10
0.953556 0.492631 0.502736 10
0.990131 0.435862 0.548117 10
0.996586 0.366634 0.554611 10
1.027220 0.308282 0.592225 10
1.010786 0.228171 0.569050 10
1.027391 0.163311 0.588433 10
1.061161 0.107298 0.629920 10
1.058402 0.032715 0.624167 10
1.054032 -0.043350 0.616246 10
1.051094 -0.119293 0.610091 10
1.065240 -0.185983 0.625949 10
1.025814 -0.284769 0.572401 10
1.037349 -0.354182 0.584708 10
1.016316 -0.444449 0.554747 10
0.985811 -0.542312 0.512389 10
0.931289 -0.658088 0.438751 10
0.961334 -0.718281 0.474672 10
0.944616 -0.811208 0.449827 10
0.757175 -1.029723 0.203077 10
0.760565 -1.113736 0.203983 10
1.451803 6.148376 1.184065 5
1.459494 6.056443 1.197425 5
1.439784 5.992739 1.175693 5
1.366478 5.980510 1.085524 5
0.537761 5.550723 0.072507 5
0.550076 5.454805 0.090834 5
0.497178 5.403232 0.026554 5
0.449605 5.347054 -0.031019 5
0.421617 5.277645 -0.063864 5
0.404627 5.201263 -0.082864 5
0.403635 5.115535 -0.081721 5
0.406844 5.028032 -0.075352 13
0.454503 4.916644 -0.012957 13
0.424213 4.849371 -0.049038 13
0.472801 4.740652 0.014327 13
0.508722 4.640526 0.061606 13
0.528869 4.549818 0.088898 13
0.536990 4.465937 0.100951 13
0.529695 4.389784 0.093506 13
0.524375 4.312995 0.088486 13
0.511899 4.239472 0.074392 13
0.528875 4.154128 0.097313 13
0.510359 4.083437 0.075491 13
0.513569 4.004511 0.080950 13
0.521812 3.924288 0.092674 13
0.536471 3.842527 0.112398 13
0.578185 3.752904 0.166070 13
0.538461 3.689739 0.117281 13
0.570220 3.604977 0.158297 13
0.522825 3.543090 0.099767 13
0.571445 3.455314 0.161836 12
0.885089 3.305484 0.556761 2
0.972538 3.216705 0.667398 2
0.903484 3.163653 0.581397 12
1.182575 3.041175 0.932546 12
1.152184 2.982715 0.894975 12
1.162763 2.916798 0.908800 12
1.176640 2.850862 0.926710 12
1.167240 2.788538 0.915351 12
1.157501 2.726071 0.903518 12
1.167684 2.661399 0.916641 12
1.158468 2.598773 0.905367 12
1.146013 2.536157 0.889980 11
1.175946 2.470925 0.927739 11
1.171252 2.407997 0.921995 11
1.158702 2.345138 0.906344 11
1.156417 2.281832 0.903524 11
1.157264 2.218486 0.904587 11
1.185677 2.155798 0.940192 11
1.190617 2.093061 0.946295 11
1.165300 2.028812 0.914379 11
1.119983 1.962349 0.857315 11
0.851907 1.875520 0.520636 10
0.870439 1.809085 0.543580 10
0.794979 1.732246 0.448499 10
0.818205 1.665925 0.477228 10
0.809801 1.595561 0.466199 10
0.826276 1.528844 0.486351 10
0.860528 1.465659 0.528772 10
0.852569 1.395207 0.518142 10
0.834078 1.322126 0.494230 10
0.820845 1.249456 0.476860 10
0.817855 1.178631 0.472298 10
0.806829 1.105427 0.457582 10
0.842426 1.044346 0.501395 10
0.800704 0.961837 0.447986 10
0.825274 0.897914 0.477835 10
0.870685 0.841177 0.533843 10
0.839291 0.759744 0.493226 10
0.849905 0.691806 0.505375 10
0.877695 0.630223 0.539081 10
0.862401 0.552592 0.518523 10
0.878071 0.486540 0.536871 10
0.901649 0.423935 0.565126 10
0.931835 0.364590 0.601658 10
0.923058 0.288238 0.589063 10
0.974154 0.239216 0.651850 10
0.948012 0.153977 0.617248 10
0.979649 0.096420 0.655420 10
0.970608 0.018326 0.642242 10
0.991781 -0.044360 0.667115 10
0.986994 -0.121219 0.659171 10
0.961624 -0.210552 0.625166 10
0.964010 -0.284982 0.626129 10
0.939657 -0.376147 0.593234 10
0.916561 -0.468006 0.561832 10
0.893221 -0.561490 0.530023 10
0.855398 -0.666061 0.479790 10
0.835958 -0.760217 0.452706 10
0.835838 -0.842329 0.449987 10
0.769050 -0.972980 0.362720 10
1.388593 6.150756 1.234782 5
1.383627 6.071735 1.231312 5
1.368942 6.002924 1.215693 5
1.294079 5.991206 1.125250 5
0.204540 5.640263 -0.190560 0
0.431029 5.401289 0.091201 5
0.423344 5.319627 0.083703 5
0.415550 5.238468 0.076015 5
0.371221 5.179587 0.023207 5
0.411100 5.070889 0.074203 13
0.439438 4.970724 0.110882 13
0.431227 4.892122 0.102444 13
0.435737 4.807092 0.109625 13
0.426660 4.729744 0.100013 13
0.477089 4.623146 0.163621 13
0.509053 4.527603 0.204413 13
0.467084 4.467788 0.154142 13
0.455179 4.393663 0.140833 13
0.326976 3.812154 -0.007766 3
0.473840 3.689840 0.173559 13
0.467107 3.616188 0.166132 13
0.492581 3.533941 0.198212 13
0.510958 3.454552 0.221524 12
0.561655 3.368301 0.284465 12
0.650558 3.275369 0.394250 12
0.729652 3.187433 0.491927 12
1.136533 3.039479 0.991861 12
1.089869 2.983955 0.935042 12
1.135028 2.912418 0.990876 12
1.125654 2.850307 0.979748 12
1.111270 2.788678 0.962436 12
1.103718 2.725934 0.953470 12
1.113528 2.661335 0.965768 12
1.096949 2.599328 0.945653 12
1.045161 2.539295 0.882309 11
1.117560 2.471126 0.971275 11
1.113550 2.408113 0.966468 11
1.106729 2.345074 0.958175 11
1.134774 2.281580 0.992615 11
1.116336 2.218592 0.969998 11
1.124843 2.155652 0.980395 11
1.137936 2.093127 0.996383 11
1.146746 2.030741 1.007078 11
1.021331 1.959384 0.853075 11
0.792092 1.875451 0.571653 10
0.800670 1.807996 0.581935 10
0.798568 1.739495 0.579073 10
0.781415 1.668878 0.557705 10
0.776589 1.599405 0.551418 10
0.817727 1.537024 0.601494 10
0.805854 1.466450 0.586480 10
0.796508 1.395836 0.574522 10
0.782421 1.323782 0.556701 10
0.794095 1.256828 0.570459 10
0.788494 1.185929 0.562969 10
0.795796 1.117909 0.571278 10
0.789829 1.046318 0.563251 10
0.791947 0.976595 0.565110 10
0.808336 0.910967 0.584456 10
0.799935 0.837741 0.573308 10
0.795827 0.765383 0.567386 10
0.798341 0.694892 0.569557 10
0.813993 0.628942 0.587832 10
0.810358 0.555822 0.582357 10
0.841009 0.495823 0.618995 10
0.825387 0.417349 0.598689 10
0.850280 0.355363 0.628167 10
0.873223 0.292920 0.655213 10
0.873670 0.220419 0.654537 10
0.880345 0.150477 0.661478 10
0.895234 0.084373 0.678490 10
0.920486 0.023606 0.708223 10
0.903139 -0.059347 0.685442 10
0.877911 -0.147709 0.652887 10
0.889746 -0.216579 0.665948 10
0.867481 -0.305406 0.636919 10
0.841283 -0.397940 0.602969 10
0.849249 -0.470948 0.611093 10
0.792972 -0.585021 0.539880 10
0.792707 -0.665248 0.537716 10
0.774839 -0.757957 0.513752 10
0.698696 -0.892116 0.417717 10
0.641982 -1.016082 0.345564 10
1.322649 6.155821 1.282232 5
1.348540 6.047080 1.315497 5
1.311520 6.000122 1.272518 5
1.249647 5.975685 1.199443 5
0.191346 5.691936 -0.056558 7
0.280390 5.542258 0.052287 0
0.311252 5.433900 0.090937 5
0.367098 5.311746 0.159616 5
0.385325 5.215099 0.182918 5
0.406731 5.117875 0.209996 5
0.382248 5.048325 0.181782 5
0.407698 4.950796 0.213632 13
0.365331 4.891276 0.163831 13
0.383054 4.799527 0.186296 13
0.397162 4.710752 0.204364 13
0.390770 4.632998 0.197736 13
0.381377 4.556958 0.187464 13
0.235503 4.543317 0.013093 13
0.171359 4.489463 -0.063026 7
0.249905 4.373587 0.032315 7
0.165333 4.327118 -0.068405 7
0.196553 4.233067 -0.030022 7
0.167993 4.162853 -0.063495 7
0.162721 4.083757 -0.069026 7
0.134890 4.012618 -0.101684 7
0.343019 3.863622 0.148963 3
0.346540 3.785348 0.153860 3
0.396510 3.693723 0.214482 13
0.362368 3.627575 0.174095 13
0.392335 3.543627 0.210630 13
0.489422 3.444088 0.327678 12
0.573381 3.350861 0.428920 12
0.522670 3.289955 0.368516 12
0.751737 3.170650 0.643786 12
1.076462 3.040484 1.033757 12
1.055808 2.980271 1.009296 12
1.056663 2.916171 1.010614 12
1.076194 2.849555 1.034307 12
1.079318 2.785748 1.038292 12
1.076959 2.722758 1.035673 12
1.083481 2.658921 1.043679 12
1.070944 2.596936 1.028800 12
0.990614 2.539225 0.932587 11
1.067343 2.470895 1.024717 11
1.077008 2.407433 1.036388 11
1.060453 2.344883 1.016586 11
1.095691 2.281465 1.058872 11
1.068267 2.218641 1.025983 11
1.085042 2.155983 1.046075 11
1.065769 2.092457 1.022908 11
1.072833 2.029706 1.031302 11
0.759315 1.945448 0.655179 11
0.753413 1.877127 0.647959 10
0.750076 1.808806 0.643787 10
0.734897 1.738962 0.625381 10
0.732523 1.670198 0.622307 10
0.750590 1.604174 0.643723 10
0.724432 1.531572 0.612059 10
0.749528 1.466925 0.641850 10
0.737889 1.395956 0.627544 10
0.734003 1.326046 0.622508 10
0.750083 1.260211 0.641401 10
0.759840 1.193189 0.652678 10
0.740823 1.119066 0.629396 10
0.743403 1.049862 0.632001 10
0.751392 0.982018 0.641069 10
0.747495 0.910643 0.635838 10
0.734793 0.836129 0.620005 10
0.761879 0.773973 0.651912 10
0.751345 0.699446 0.638618 10
0.752734 0.628554 0.639610 10
0.755134 0.557754 0.641784 10
0.756878 0.486425 0.643137 10
0.789324 0.427289 0.681348 10
0.770602 0.347157 0.658049 10
0.809935 0.291540 0.704485 10
0.825971 0.226171 0.722897 10
0.829785 0.155127 0.726588 10
0.840370 0.087072 0.738387 10
0.832998 0.009830 0.728558 10
0.833880 -0.063831 0.728620 10
0.798969 -0.157254 0.685580 10
0.813119 -0.225109 0.701529 10
0.792638 -0.312868 0.675762 10
0.793190 -0.389484 0.675270 10
0.782975 -0.473210 0.661772 10
0.735988 -0.580886 0.603938 10
0.716989 -0.672865 0.579758 10
0.700037 -0.764833 0.557990 10
0.633594 -0.891667 0.476515 10
0.581757 -1.011449 0.412565 10
0.402482 -1.224939 0.194846 10
1.271674 6.146167 1.347592 5
1.272140 6.062644 1.349265 5
1.249446 6.001784 1.323595 5
1.211577 5.954847 1.280016 5
0.162124 5.754036 0.056300 7
0.216045 5.627274 0.120652 0
0.231078 5.528510 0.139226 0
0.299387 5.397252 0.220409 5
0.303596 5.308582 0.226184 5
0.294096 5.228948 0.215817 5
0.338150 5.118472 0.268371 5
0.298870 5.057215 0.222954 5
0.330774 4.956208 0.261168 13
0.341016 4.868369 0.273898 13
0.321082 4.796972 0.251152 13
0.321734 4.715193 0.252568 13
0.322883 4.633716 0.254545 13
0.300841 4.563581 0.229264 13
0.172743 4.540914 0.079427 13
0.151913 4.468069 0.055547 7
0.157148 4.384125 0.062250 7
0.102054 4.325026 -0.001892 7
0.147079 4.225956 0.051477 7
0.147012 4.145404 0.051889 7
0.185487 4.051565 0.097516 7
0.115075 3.996202 0.015328 7
0.325483 3.848162 0.262668 3
0.276921 3.786723 0.206077 3
0.365434 3.683983 0.310308 13
0.363375 3.609358 0.308242 13
0.400524 3.524667 0.352156 13
0.377940 3.456097 0.325972 12
0.499793 3.353634 0.469204 12
0.539297 3.272901 0.515809 12
0.738706 3.161377 0.749952 12
1.000946 3.044344 1.057753 12
1.028716 2.975496 1.090513 12
1.029741 2.911798 1.091887 12
1.011044 2.851043 1.070115 12
1.004566 2.788302 1.062659 12
1.007770 2.724392 1.066541 12
1.012250 2.660545 1.071904 12
1.017829 2.596821 1.078540 12
0.913549 2.540661 0.956333 11
1.020084 2.470518 1.081324 11
0.978585 2.409066 1.032707 11
1.029203 2.344364 1.092096 11
1.018469 2.281636 1.079524 11
1.012894 2.218635 1.072987 11
1.010206 2.155526 1.069819 11
1.013205 2.092530 1.073304 11
1.005980 2.029062 1.064785 11
0.711091 1.946137 0.718919 10
0.682697 1.876142 0.685540 10
0.695812 1.809237 0.700819 10
0.696057 1.741203 0.700989 10
0.686006 1.671780 0.689067 10
0.666938 1.600672 0.666553 10
0.674234 1.532987 0.674941 10
0.683022 1.465638 0.685061 10
0.694096 1.398827 0.697846 10
0.696330 1.330406 0.700247 10
0.680003 1.257858 0.680858 10
0.653624 1.182295 0.649658 10
0.698597 1.123328 0.702142 10
0.679185 1.048644 0.679078 10
0.690326 0.981601 0.691839 10
0.704926 0.915663 0.708643 10
0.695968 0.842654 0.697787 10
0.682592 0.767661 0.681728 10
0.713579 0.706997 0.717711 10
0.706709 0.633565 0.709249 10
0.704046 0.561152 0.705705 10
0.704031 0.489336 0.705249 10
0.712323 0.420501 0.714526 10
0.730973 0.355883 0.735946 10
0.725517 0.281017 0.729046 10
0.714698 0.203158 0.715827 10
0.739248 0.141007 0.744123 10
0.735027 0.065339 0.738611 10
0.736283 -0.008193 0.739512 10
0.765995 -0.067504 0.773820 10
0.736944 -0.157566 0.739074 10
0.739311 -0.231881 0.741216 10
0.735955 -0.309885 0.736612 10
0.695378 -0.410223 0.688236 10
0.653307 -0.513416 0.638068 10
0.661587 -0.587624 0.647059 10
0.654621 -0.671836 0.638103 10
0.638835 -0.762688 0.618746 10
0.556869 -0.899030 0.521520 10
0.470624 -1.041926 0.419206 10
0.334645 -1.223692 0.258316 10
1.226640 6.048707 1.419489 5
1.188954 6.001961 1.376553 5
1.133634 5.970541 1.313358 5
0.378084 5.732487 0.449063 5
0.033093 5.885164 0.053351 7
0.099868 5.747660 0.130318 7
0.189627 5.598127 0.233649 0
0.254666 5.468340 0.308587 5
0.241641 5.390298 0.293918 5
0.259726 5.293583 0.314944 5
0.247016 5.216344 0.300621 5
0.236129 5.138268 0.288381 5
0.298403 5.019654 0.360085 13
0.276567 4.949200 0.335265 13
0.268301 4.871475 0.326009 13
0.268204 4.789877 0.326119 13
0.253113 4.716179 0.309019 13
0.290656 4.617458 0.352297 13
0.229420 4.565848 0.282244 13
0.160887 4.515992 0.203817 13
0.111514 4.456216 0.147367 7
0.080091 4.387925 0.111504 7
0.063910 4.313031 0.093119 7
0.052908 4.236069 0.080669 7
0.117059 4.131696 0.154413 7
0.073535 4.067366 0.104645 7
0.259349 3.925316 0.317912 3
0.316172 3.830483 0.383218 3
0.339978 3.747734 0.410649 3
0.335454 3.674184 0.405581 13
0.312403 3.605842 0.379260 13
0.304199 3.533226 0.369960 13
0.327616 3.452908 0.396916 12
0.433845 3.354595 0.518834 12
0.546191 3.258367 0.647756 12
0.634554 3.170451 0.749165 12
0.979878 3.038101 1.145232 12
0.984415 2.973753 1.150497 12
0.967102 2.913047 1.130700 12
0.963580 2.850030 1.126712 12
0.980090 2.784525 1.145691 12
0.986239 2.720747 1.152783 12
0.962924 2.660044 1.126083 12
0.946876 2.598148 1.107713 12
0.729036 2.549144 0.857952 11
0.947378 2.471455 1.108334 11
0.977008 2.407113 1.142325 11
0.965566 2.344570 1.129215 11
0.974812 2.281558 1.139822 11
0.926618 2.218402 1.084561 11
0.963783 2.155703 1.127171 11
0.936841 2.091729 1.096267 11
0.961465 2.029579 1.124487 11
0.656332 1.946377 0.774586 11
0.635130 1.877046 0.750247 10
0.631068 1.808656 0.745556 10
0.620512 1.739350 0.733413 10
0.588632 1.666978 0.696813 10
0.619601 1.602320 0.732274 10
0.642319 1.537182 0.758270 10
0.638134 1.468034 0.753410 10
0.603229 1.392967 0.713317 10
0.636664 1.330280 0.751585 10
0.613507 1.256325 0.724952 10
0.636414 1.192018 0.751136 10
0.658132 1.127905 0.775953 10
0.607115 1.045420 0.717351 10
0.633505 0.982352 0.747513 10
0.631678 0.911687 0.745311 10
0.640215 0.843858 0.754988 10
0.630481 0.770182 0.743704 10
0.659669 0.708943 0.777057 10
0.640908 0.631517 0.755406 10
0.637826 0.558924 0.751734 10
0.671777 0.500008 0.790533 10
0.615863 0.406165 0.726246 10
0.644461 0.345043 0.758893 10
0.667057 0.281871 0.784650 10
0.668440 0.209599 0.786067 10
0.653337 0.129378 0.768566 10
0.641798 0.049936 0.755145 10
0.688914 -0.001472 0.809010 10
0.665193 -0.087819 0.781598 10
0.644420 -0.173879 0.757561 10
0.626747 -0.259449 0.737071 10
0.647272 -0.324836 0.760402 10
0.620390 -0.417308 0.729328 10
0.601085 -0.506771 0.706940 10
0.562533 -0.609181 0.662452 10
0.563643 -0.688732 0.663472 10
0.567274 -0.767268 0.667379 10
0.413134 -0.950402 0.490187 10
0.331207 -1.090724 0.395860 10
1.156659 6.057870 1.461418 5
1.121761 6.008217 1.422007 5
1.076429 5.967387 1.370922 5
0.516974 5.755460 0.741924 5
0.446999 5.721208 0.663247 5
0.405265 5.665410 0.616201 5
0.402322 5.582329 0.612607 5
0.324039 5.550193 0.524632 5
0.264343 5.503984 0.457476 5
0.234927 5.437253 0.424244 5
0.188477 5.380712 0.371933 5
0.190243 5.294355 0.373645 5
0.139757 5.239172 0.316823 5
0.180463 5.131278 0.362179 5
0.194260 5.040131 0.377396 5
0.192135 4.958516 0.374780 13
0.187355 4.878764 0.369199 13
0.238739 4.771230 0.426561 13
0.185737 4.716539 0.366955 13
0.200654 4.628761 0.383469 13
0.135355 4.578337 0.310089 13
0.062494 4.529632 0.228236 13
0.001799 4.473957 0.160022 7
0.037962 4.377418 0.200374 7
0.006223 4.308999 0.164625 7
-0.006167 4.232727 0.150570 7
-0.017958 4.156244 0.137193 7
0.001160 4.069092 0.158470 7
0.070548 3.966267 0.236109 3
0.260459 3.827884 0.448869 3
0.278172 3.747218 0.468600 3
0.211838 3.691336 0.394115 4
0.293706 3.593696 0.485784 13
0.220742 3.538285 0.403875 13
0.297425 3.444959 0.489747 12
0.385507 3.351559 0.588408 12
0.447422 3.266488 0.657740 12
0.562863 3.172929 0.787093 12
0.899953 3.042699 1.164973 12
0.902518 2.978330 1.167787 12
0.910492 2.913347 1.176672 12
0.934004 2.846581 1.202984 12
0.918818 2.785375 1.185911 12
0.902284 2.723971 1.167331 12
0.893050 2.661489 1.156942 12
0.922140 2.595764 1.189529 12
0.660199 2.549887 0.895791 11
0.890847 2.471551 1.154395 11
0.878973 2.408696 1.141066 11
0.907202 2.344656 1.172710 11
0.922581 2.281543 1.189949 11
0.895901 2.218576 1.160033 11
0.902476 2.155554 1.167409 11
0.916987 2.092991 1.183691 11
0.906785 2.029568 1.172267 11
0.587930 1.945722 0.814756 11
0.550428 1.874972 0.772733 10
0.588155 1.810143 0.815068 10
0.581492 1.741508 0.807636 10
0.571718 1.672202 0.796720 10
0.575617 1.604387 0.801140 10
0.573158 1.535599 0.798438 10
0.603837 1.472136 0.832896 10
0.568298 1.397407 0.793115 10
0.573221 1.329415 0.798706 10
0.558919 1.257342 0.782749 10
0.568390 1.190027 0.793451 10
0.560056 1.118511 0.784195 10
0.554213 1.047171 0.777739 10
0.586570 0.985753 0.814115 10
0.580760 0.914177 0.807708 10
0.582444 0.844423 0.809708 10
0.570067 0.770019 0.795951 10
0.580095 0.702360 0.807316 10
0.563588 0.625539 0.788942 10
0.572076 0.556919 0.798593 10
0.568332 0.483631 0.794538 10
0.574980 0.413951 0.802139 10
0.573627 0.340862 0.800778 10
0.577526 0.269573 0.805310 10
0.602356 0.207184 0.833307 10
0.593238 0.129761 0.823261 10
0.579311 0.049369 0.807834 10
0.602895 -0.013696 0.834451 10
0.584939 -0.097299 0.814524 10
0.563056 -0.183989 0.790203 10
0.580130 -0.251089 0.809545 10
0.558234 -0.339589 0.785227 10
0.521861 -0.437545 0.744697 10
0.500399 -0.528569 0.720885 10
0.485120 -0.617183 0.704010 10
0.468601 -0.707682 0.685754 10
0.482883 -0.779858 0.702014 10
0.340389 -0.954198 0.542662 10
0.252639 -1.097561 0.444654 10
0.037353 -1.332072 0.203817 10
1.068307 6.083539 1.483907 5
1.081494 5.990219 1.497235 5
0.990896 5.989092 1.397401 5
0.564384 5.840076 0.925956 5
0.555347 5.762818 0.915143 5
0.462989 5.746685 0.813331 5
0.451831 5.670385 0.800230 5
0.356051 5.653099 0.694677 5
0.334001 5.583411 0.669699 5
0.300953 5.520932 0.632719 5
0.187741 5.509484 0.508106 5
0.171711 5.434166 0.489749 5
0.127761 5.375970 0.440877 5
0.065823 5.327614 0.372342 5
0.132225 5.204010 0.444209 5
0.051906 5.165220 0.355594 5
0.073402 5.069141 0.378389 5
0.175023 4.932117 0.488899 13
0.123380 4.877188 0.431713 13
0.087304 4.813438 0.391576 13
0.160869 4.696515 0.471481 13
0.108507 4.640763 0.413554 13
0.065997 4.579432 0.366424 13
0.031120 4.513935 0.327664 13
-0.116229 4.494707 0.165742 7
-0.121317 4.414237 0.159627 7
-0.126359 4.170687 0.152605 7
-0.145778 4.096207 0.130871 7
-0.171549 4.023564 0.102194 7
0.207957 3.824349 0.517637 3
0.234050 3.741472 0.545859 3
0.169370 3.685207 0.474622 4
0.201449 3.601480 0.509444 4
0.134685 3.543871 0.435949 13
0.144715 3.466303 0.446642 12
0.275375 3.362370 0.589586 12
0.542290 3.234070 0.881932 2
0.708769 3.133180 1.064213 2
0.861049 3.039829 1.230959 12
0.846007 2.978608 1.214287 12
0.872837 2.910789 1.243538 12
0.852249 2.850311 1.220814 12
0.852538 2.786811 1.220995 12
0.844417 2.724318 1.211971 12
0.840822 2.661258 1.207924 12
0.828166 2.598880 1.193955 12
0.697363 2.543798 1.050446 11
0.829926 2.471864 1.195749 11
0.831515 2.408434 1.197447 11
0.828087 2.345185 1.193657 11
0.842461 2.281728 1.209405 11
0.824941 2.218459 1.190192 11
0.867565 2.155973 1.236950 11
0.831417 2.091875 1.197339 11
0.840438 2.028974 1.207277 11
0.555525 1.947398 0.894911 11
0.660887 1.888287 1.010525 2
0.600277 1.816707 0.944159 2
0.541047 1.743460 0.879324 2
0.496161 1.670166 0.830236 10
0.514672 1.604098 0.850679 10
0.500044 1.533462 0.834803 10
0.500539 1.464766 0.835524 10
0.502930 1.396281 0.838342 10
0.514496 1.329488 0.851234 10
0.508037 1.259107 0.844382 10
0.503732 1.188836 0.839909 10
0.492147 1.116516 0.827473 10
0.494525 1.047169 0.830361 10
0.505280 0.979903 0.842446 10
0.509472 0.910871 0.847356 10
0.491900 0.835262 0.828431 10
0.509860 0.769927 0.848463 10
0.510775 0.699289 0.849833 10
0.492548 0.621857 0.830249 10
0.519580 0.559689 0.860269 10
0.493816 0.478413 0.832467 10
0.501336 0.408881 0.841147 10
0.495543 0.333876 0.835262 10
0.514551 0.268668 0.856560 10
0.506274 0.191861 0.847994 10
0.502662 0.116486 0.844557 10
0.481658 0.032519 0.822099 10
0.501973 -0.032741 0.844900 10
0.498022 -0.109826 0.841154 10
0.500152 -0.184401 0.844086 10
0.488360 -0.266731 0.831802 10
0.489548 -0.342901 0.833746 10
0.444943 -0.445163 0.785610 10
0.433408 -0.530398 0.773685 10
0.381273 -0.640613 0.717378 10
0.394933 -0.713120 0.733067 10
0.343984 -0.826177 0.678126 10
0.349863 -0.905114 0.685357 10
0.152228 -1.118598 0.470140 10
-0.033054 -1.331179 0.268518 10
1.002175 6.088453 1.531618 5
0.997323 6.011398 1.524733 5
0.922767 5.995159 1.443801 5
0.838653 5.985068 1.352695 5
0.698030 6.019354 1.201464 5
0.602559 6.012910 1.098219 5
0.643508 5.896244 1.140154 5
0.615727 5.834858 1.108985 5
0.539748 5.809584 1.026507 5
0.470207 5.777681 0.950882 5
0.426519 5.725552 0.902808 5
0.413337 5.651282 0.887269 5
0.325021 5.628669 0.791649 5
0.300717 5.561083 0.764294 5
0.189585 5.549819 0.644333 5
0.122009 5.507938 0.570833 5
0.017169 5.487475 0.457563 5
-0.147344 5.500051 0.280568 0
-0.035951 5.346761 0.398179 5
-0.012240 5.247514 0.422227 5
-0.028619 5.171760 0.403494 5
-0.051667 5.099642 0.377667 5
0.022304 4.976907 0.455566 13
-0.007445 4.909353 0.422653 13
-0.003261 4.824807 0.426048 13
-0.003411 4.742945 0.424847 13
0.038115 4.642491 0.468262 13
-0.016346 4.586231 0.409037 13
-0.068888 4.527930 0.351883 13
-0.093360 4.456905 0.324785 13
-0.359797 4.481531 0.038730 13
-0.475149 4.440886 -0.085639 13
-0.477188 4.355647 -0.088687 13
-0.524082 4.286517 -0.139729 13
-0.512429 4.196649 -0.128049 13
-0.453972 4.092413 -0.066200 13
0.044117 3.855115 0.466627 3
0.058508 3.774328 0.481420 3
0.067087 3.695857 0.490021 3
0.104771 3.610231 0.529841 13
0.059297 3.546655 0.480586 13
0.104422 3.460748 0.528449 12
0.699046 3.255406 1.165313 2
0.721477 3.185099 1.188973 2
0.698033 3.124383 1.163486 2
0.763071 3.047486 1.232878 12
0.812181 2.975183 1.285230 12
0.791522 2.914775 1.262806 12
0.789716 2.851365 1.260622 12
0.766363 2.790599 1.235358 12
0.773390 2.726048 1.242693 12
0.787237 2.661155 1.257368 12
0.795621 2.597151 1.266211 12
0.628529 2.544586 1.086893 11
0.771492 2.472045 1.240112 11
0.781302 2.408274 1.250559 11
0.766016 2.345339 1.234115 11
0.783814 2.281756 1.253179 11
0.802456 2.218687 1.273172 11
0.796786 2.155624 1.267115 11
0.762379 2.091371 1.230264 11
0.801796 2.029764 1.272612 11
0.705492 1.960613 1.169431 2
0.685937 1.894648 1.148586 2
0.710965 1.832158 1.175577 2
0.536654 1.749186 0.988835 2
0.450495 1.671773 0.896657 10
0.438029 1.601710 0.883530 10
0.434215 1.532462 0.879710 10
0.434717 1.463680 0.880543 10
0.443909 1.396311 0.890720 10
0.426522 1.323964 0.872431 10
0.441982 1.257711 0.889382 10
0.429519 1.185577 0.876430 10
0.419638 1.113497 0.866275 10
0.442262 1.049021 0.890982 10
0.423719 0.974133 0.871603 10
0.410668 0.900001 0.858141 10
0.424281 0.833046 0.873276 10
0.442644 0.767690 0.893525 10
0.433767 0.693827 0.884623 10
0.448407 0.627336 0.900940 10
0.436494 0.551639 0.888848 10
0.427006 0.476160 0.879387 10
0.434581 0.406576 0.888226 10
0.427593 0.331096 0.881505 10
0.416116 0.253195 0.870015 10
0.446050 0.192247 0.902870 10
0.422369 0.108106 0.878388 10
0.444886 0.043970 0.903362 10
0.434012 -0.035695 0.892652 10
0.437791 -0.108981 0.897647 10
0.432765 -0.187052 0.893260 10
0.398578 -0.280923 0.857743 10
0.394404 -0.360293 0.854348 10
0.368980 -0.452043 0.828287 10
0.363225 -0.533979 0.823285 10
0.304831 -0.647408 0.762108 10
0.256936 -0.757021 0.712208 10
0.217808 -0.863411 0.671728 10
0.240600 -0.932517 0.697388 10
0.090329 -1.114025 0.538439 10
-0.095345 -1.324881 0.341856 10
0.917487 6.109666 1.560497 5
0.918307 6.027474 1.558944 5
0.872448 5.985882 1.509102 5
0.807490 5.959348 1.439482 5
0.665615 5.993886 1.290101 5
0.664623 5.912020 1.286794 5
0.568361 5.905063 1.184667 5
0.581733 5.812133 1.196351 5
0.492269 5.796858 1.101279 5
0.430810 5.758920 1.035292 5
0.424166 5.680780 1.026301 5
0.347274 5.651725 0.944299 5
0.237401 5.643041 0.827975 5
0.177128 5.598743 0.763249 5
-0.206960 5.493191 0.355420 5
-0.192687 5.397075 0.368442 5
-0.170852 5.297804 0.389420 5
-0.203965 5.229763 0.353137 5
-0.142413 5.111183 0.415688 5
-0.168315 5.039990 0.387032 13
-0.125591 4.934366 0.430076 13
-0.131140 4.853870 0.422775 13
-0.102153 4.757570 0.451606 13
-0.138221 4.692030 0.412516 13
-0.139837 4.610811 0.409472 13
-0.128885 4.524688 0.419617 13
-0.237455 4.487922 0.304822 13
-0.386259 4.464083 0.147942 13
-0.346322 4.365098 0.188512 13
-0.394594 4.299624 0.136843 13
-0.421829 4.225795 0.107223 13
-0.434771 4.146773 0.092602 13
-0.463114 4.072616 0.061901 13
-0.497221 3.999715 0.025201 13
-0.472663 3.909180 0.049979 13
-0.088979 3.721008 0.450992 13
-0.090210 3.644346 0.448916 13
-0.106250 3.571540 0.431366 13
0.625013 3.325370 1.196954 6
0.681565 3.246965 1.255652 2
0.696366 3.178831 1.270639 2
0.670905 3.118893 1.243460 2
0.711294 3.046869 1.285346 12
0.709688 2.982879 1.283246 12
0.701763 2.919900 1.274556 12
0.724209 2.852785 1.297747 12
0.732334 2.788105 1.305957 12
0.708569 2.727084 1.280760 12
0.743124 2.660193 1.316760 12
0.719754 2.598782 1.292044 12
0.595743 2.543092 1.161803 6
0.706750 2.472528 1.278095 11
0.729094 2.408187 1.301430 11
0.728296 2.344980 1.300524 11
0.691445 2.282019 1.261835 11
0.713630 2.218448 1.285106 11
0.721907 2.155198 1.293822 11
0.737112 2.092404 1.309840 11
0.705252 2.027711 1.276524 11
0.677139 1.962326 1.247176 2
0.674222 1.898039 1.244289 2
0.670798 1.833562 1.240906 2
0.562981 1.757993 1.128079 6
0.580092 1.694143 1.146307 6
0.367355 1.600177 0.923552 10
0.369272 1.531622 0.925933 10
0.352634 1.460011 0.908899 10
0.358804 1.391783 0.915816 10
0.353871 1.321479 0.911132 10
0.370288 1.255211 0.928864 10
0.367312 1.185016 0.926307 10
0.341981 1.109368 0.900365 10
0.345055 1.039782 0.904230 10
0.369465 0.975622 0.930486 10
0.345729 0.898710 0.906341 10
0.348424 0.828513 0.909928 10
0.355840 0.759572 0.918496 10
0.341794 0.683750 0.904634 10
0.338899 0.610944 0.902490 10
0.365535 0.548013 0.931297 10
0.367044 0.476455 0.933843 10
0.345785 0.396036 0.912610 10
0.360159 0.328602 0.928700 10
0.348569 0.250683 0.917676 10
0.358422 0.181084 0.929121 10
0.359814 0.107700 0.931762 10
0.355428 0.031343 0.928409 10
0.342142 -0.049724 0.915805 10
0.344118 -0.124273 0.919196 10
0.359893 -0.192346 0.937042 10
0.326000 -0.285901 0.903077 10
0.302297 -0.375613 0.879814 10
0.275435 -0.468302 0.853320 10
0.266538 -0.552302 0.845633 10
0.205646 -0.667117 0.783787 10
0.226497 -0.736023 0.807240 10
0.167089 -0.853714 0.747102 10
0.135749 -0.956420 0.716299 10
-0.000050 -1.127815 0.576804 10
0.850559 6.114701 1.608651 5
0.839319 6.043038 1.594260 5
0.805282 5.990943 1.556922 5
0.716382 5.983478 1.464194 5
0.641664 5.962270 1.385768 5
0.574408 5.933367 1.314874 5
0.529007 5.886127 1.266095 5
0.488482 5.834433 1.222277 5
0.440460 5.787604 1.170893 5
0.363967 5.760270 1.090668 5
0.302276 5.720733 1.025448 5
-0.289829 5.588638 0.408592 5
-0.300152 5.506113 0.395646 5
-0.287109 5.410603 0.406554 5
-0.382656 5.376218 0.306946 5
-0.395566 5.295004 0.291533 5
-0.282763 4.977907 0.400234 13
-0.262899 4.884025 0.418560 13
-0.334664 4.833506 0.343439 13
-0.301027 4.734272 0.375957 13
-0.213671 4.613339 0.463429 13
-0.239320 4.542504 0.435564 13
-0.259286 4.469047 0.413553 13
-0.259354 4.387708 0.411935 13
-0.275688 4.312810 0.393745 13
-0.271165 4.230349 0.396940 13
-0.282800 4.153920 0.383666 13
-0.259145 4.065897 0.406558 13
-0.311702 4.002830 0.351518 13
-0.276457 3.912233 0.386397 13
-0.284613 3.835335 0.376910 13
-0.195130 3.731990 0.467469 13
-0.181461 3.650946 0.480462 13
0.526479 3.401826 1.204772 6
0.560096 3.327262 1.238439 6
0.625125 3.247086 1.304354 2
0.645177 3.177941 1.324236 2
0.664350 3.109683 1.343270 2
0.647792 3.048285 1.325723 12
0.660383 2.981931 1.338103 12
0.666159 2.917042 1.343542 12
0.620324 2.859195 1.296099 12
0.632371 2.793394 1.308058 12
0.659975 2.726411 1.336017 12
0.646994 2.663909 1.322396 12
0.648990 2.599984 1.324181 12
0.522637 2.544129 1.194345 6
0.660044 2.472128 1.335128 11
0.634396 2.409563 1.308685 11
0.645906 2.345552 1.320405 11
0.643330 2.281971 1.317719 11
0.661326 2.218466 1.336181 11
0.642917 2.154699 1.317339 11
0.643496 2.091063 1.318021 11
0.652810 2.027836 1.327706 11
0.622488 1.962372 1.296776 2
0.654066 1.900713 1.329388 2
0.631472 1.835013 1.306476 2
0.553536 1.762895 1.226847 6
0.534400 1.695432 1.207580 6
0.261584 1.594085 0.928212 10
0.292590 1.529107 0.960482 10
0.294705 1.460277 0.963172 10
0.270648 1.386846 0.939080 10
0.269253 1.316828 0.938271 10
0.275532 1.248150 0.945378 10
0.262897 1.175411 0.933149 10
0.279249 1.108766 0.950675 10
0.285531 1.039935 0.957929 10
0.274846 0.966707 0.947853 10
0.273444 0.895470 0.947337 10
0.258451 0.820074 0.932959 10
0.300382 0.761068 0.976910 10
0.282172 0.684100 0.959342 10
0.264943 0.606653 0.942839 10
0.260837 0.532918 0.939822 10
0.276659 0.465882 0.957243 10
0.266325 0.389250 0.947964 10
0.267025 0.316247 0.950026 10
0.254380 0.237554 0.938506 10
0.244975 0.159469 0.930358 10
0.260968 0.091675 0.948214 10
0.280101 0.025360 0.969325 10
0.276638 -0.051217 0.967417 10
0.262538 -0.133395 0.954716 10
0.259884 -0.210823 0.953760 10
0.247557 -0.293700 0.943003 10
0.202569 -0.394498 0.899027 10
0.192066 -0.478647 0.890284 10
0.160589 -0.575255 0.860254 10
0.116230 -0.680730 0.817199 10
0.156064 -0.738925 0.859930 10
0.031412 -0.895286 0.735373 10
-0.091282 -1.055052 0.612989 10
-0.086374 -1.138641 0.620477 10
0.785337 6.118066 1.658905 5
0.756984 6.060949 1.627349 5
0.750587 5.985495 1.617447 5
0.677592 5.964548 1.542052 5
0.582911 5.959010 1.445270 5
0.503076 5.939463 1.363081 5
0.514426 5.848878 1.370862 5
0.351362 5.888571 1.206498 5
0.316783 5.830535 1.168984 5
-0.319612 5.652222 0.516282 5
-0.395930 5.609105 0.437478 5
-0.368112 5.504089 0.462154 5
-0.382562 5.424324 0.444929 5
-1.370897 5.876916 -0.540853 5
-0.342389 4.556824 0.461000 13
-0.380517 4.490036 0.420969 13
-0.338835 4.392037 0.460723 13
-0.377572 4.325199 0.420210 13
-0.311546 4.220600 0.484476 13
-0.294331 4.134791 0.500043 13
-0.288383 4.053464 0.504422 13
-0.329079 3.987103 0.462206 13
-0.344028 3.912262 0.445807 13
-0.311516 3.823895 0.476979 13
-0.318555 3.747320 0.468636 13
-0.295334 3.663118 0.490661 13
-0.315939 3.590332 0.468865 13
0.445684 3.340290 1.230830 6
0.584003 3.243939 1.368549 2
0.567998 3.182216 1.351701 2
0.565177 3.117775 1.348121 2
0.591150 3.048486 1.373462 12
0.557585 2.989396 1.339166 12
0.576453 2.921995 1.357497 12
0.575282 2.857823 1.355790 12
0.619815 2.788425 1.399979 12
0.578344 2.729125 1.357956 12
0.575235 2.665375 1.354466 12
0.560763 2.602461 1.339628 12
0.483502 2.543057 1.261844 6
0.593185 2.472694 1.371680 11
0.579953 2.409535 1.358245 11
0.586546 2.345638 1.364754 11
0.619464 2.281758 1.397733 11
0.599722 2.218420 1.377923 11
0.597836 2.154904 1.376083 11
0.590902 2.091150 1.369231 11
0.588301 2.027386 1.366780 11
0.589053 1.963719 1.367746 2
0.566433 1.898276 1.345316 2
0.546375 1.832382 1.325514 2
0.503656 1.763556 1.283036 6
0.442944 1.691396 1.222572 6
0.188596 1.592394 0.967972 10
0.179610 1.521462 0.959539 10
0.164180 1.449148 0.944704 10
0.214606 1.387521 0.995957 10
0.179099 1.311277 0.961115 10
0.196083 1.244307 0.978953 10
0.195348 1.173875 0.979089 10
0.183851 1.100805 0.968503 10
0.185736 1.030432 0.971387 10
0.189893 0.960479 0.976607 10
0.176230 0.885643 0.964044 10
0.180680 0.815299 0.969681 10
0.157870 0.736755 0.948098 10
0.177962 0.670621 0.969514 10
0.164461 0.593876 0.957383 10
0.153213 0.517219 0.947576 10
0.187923 0.456172 0.983785 10
0.180142 0.380181 0.977574 10
0.191836 0.311077 0.990890 10
0.194286 0.238299 0.995035 10
0.164954 0.152160 0.967515 10
0.169931 0.079399 0.974326 10
0.181449 0.009274 0.987728 10
0.189819 -0.062352 0.998054 10
0.188355 -0.138779 0.998641 10
0.170248 -0.223771 0.982719 10
0.130185 -0.320756 0.945018 10
0.113710 -0.407268 0.930910 10
0.131632 -0.476513 0.951122 10
0.068510 -0.590011 0.890788 10
0.028678 -0.692910 0.853748 10
0.038513 -0.768926 0.866178 10
-0.039055 -0.897069 0.791884 10
-0.154084 -1.051087 0.680576 10
0.669507 6.164366 1.661073 5
0.715611 6.044155 1.700895 5
0.678194 5.994569 1.660825 5
0.594946 5.981086 1.576807 5
0.492449 5.980551 1.474261 5
0.443020 5.936714 1.422677 5
-0.384893 5.648519 0.585251 5
-0.421667 5.581923 0.546084 5
-0.521320 5.550679 0.445978 5
-0.604653 5.507926 0.361701 5
-1.665126 5.990561 -0.671613 5
-0.472624 4.334775 0.455044 13
-0.476576 4.254562 0.449141 13
-0.465852 4.008347 0.454013 13
-0.522670 3.944780 0.396722 13
-0.390305 3.827168 0.524626 13
-0.382810 3.668352 0.529011 13
-0.544233 3.628655 0.369552 13
0.492556 3.251407 1.382914 2
0.487079 3.187109 1.376597 2
0.485713 3.122068 1.374373 2
0.503227 3.053948 1.390725 12
0.503296 2.989146 1.390039 12
0.512520 2.923173 1.398396 12
0.512714 2.858717 1.397962 12
0.531867 2.792196 1.416189 12
0.521663 2.729247 1.405682 12
0.504483 2.666712 1.388391 12
0.502827 2.602633 1.386393 12
0.317445 2.549689 1.204165 11
0.504425 2.474274 1.387402 11
0.499016 2.410396 1.381907 11
0.514400 2.345979 1.396880 11
0.476237 2.282352 1.359364 11
0.493644 2.218077 1.376448 11
0.504761 2.154139 1.387421 11
0.535518 2.091143 1.417730 11
0.504891 2.026060 1.387859 11
0.485004 1.960766 1.368592 2
0.475686 1.895671 1.359762 2
0.452082 1.829016 1.336978 2
0.104341 1.728922 0.996258 10
0.082281 1.656639 0.975159 10
0.082243 1.586481 0.975734 10
0.078620 1.515704 0.972862 10
0.083022 1.445953 0.977929 10
0.075904 1.374244 0.971770 10
0.072380 1.302850 0.969205 10
0.098382 1.236992 0.995650 10
0.109885 1.168635 1.007948 10
0.093388 1.094154 0.992883 10
0.091824 1.022569 0.992522 10
0.093474 0.951540 0.995379 10
0.074224 0.874802 0.977850 10
0.085077 0.805689 0.989865 10
0.090525 0.735050 0.996659 10
0.065833 0.655060 0.974044 10
0.070778 0.583611 0.980499 10
0.051190 0.503799 0.963046 10
0.093835 0.444855 1.006491 10
0.081267 0.366751 0.996056 10
0.087902 0.295210 1.004456 10
0.085377 0.219928 1.003991 10
0.103316 0.152531 1.023572 10
0.103582 0.077845 1.025984 10
0.132583 0.015292 1.056488 10
0.105426 -0.072085 1.032334 10
0.102549 -0.149393 1.031932 10
0.062706 -0.244946 0.995638 10
0.056104 -0.325700 0.991808 10
0.038611 -0.412669 0.977482 10
0.001414 -0.510989 0.944117 10
-0.025464 -0.605376 0.920906 10
-0.088198 -0.721011 0.863013 10
-0.075070 -0.795861 0.878883 10
-0.164387 -0.930894 0.795514 10
-0.465493 -1.196680 0.507160 10
0.627003 6.066587 1.729539 5
0.575448 6.027771 1.676555 5
0.547495 5.969367 1.645675 5
0.402945 6.000710 1.505664 5
-0.501358 5.764555 0.609899 5
-0.481193 5.663262 0.624808 5
-0.560469 5.620760 0.545752 5
-0.673363 5.595393 0.434866 5
-1.657981 6.044989 -0.502260 5
-1.716161 5.971708 -0.561864 5
0.386433 3.261725 1.384929 2
0.358805 3.201048 1.357357 2
0.369336 3.132900 1.366427 2
0.436717 3.055697 1.430082 12
0.432604 2.991405 1.425278 12
0.430369 2.926859 1.422345 12
0.390653 2.867107 1.383531 12
0.412124 2.799468 1.403481 12
0.426968 2.733152 1.417150 12
0.429172 2.668405 1.418765 12
0.415831 2.604920 1.405533 12
0.184076 2.554206 1.182745 11
0.424060 2.475423 1.412789 11
0.431631 2.410784 1.419842 11
0.438633 2.346383 1.426421 11
0.424080 2.282327 1.412381 11
0.426842 2.218004 1.415032 11
0.429763 2.153753 1.417907 11
0.436561 2.089692 1.424575 11
0.435554 2.025424 1.423822 11
0.367395 1.957074 1.358689 2
0.399104 1.894168 1.389481 2
0.390736 1.828584 1.381881 2
-0.019718 1.722573 0.988553 10
-0.001521 1.654031 1.006635 10
-0.019902 1.581249 0.989704 10
-0.010034 1.511820 0.999952 10
-0.028654 1.438166 0.982957 10
-0.036765 1.365633 0.976125 10
-0.031336 1.295179 0.982354 10
-0.021537 1.225561 0.992852 10
-0.027683 1.152735 0.988149 10
-0.058105 1.074199 0.960276 10
-0.031076 1.008115 0.987517 10
-0.038342 0.934052 0.981996 10
-0.049315 0.858602 0.973014 10
-0.014002 0.795373 1.008409 10
-0.021381 0.720522 1.003033 10
-0.054844 0.637304 0.972808 10
-0.038640 0.568632 0.990163 10
-0.036380 0.495513 0.994272 10
-0.016977 0.428073 1.014839 10
-0.010707 0.356152 1.022944 10
0.007127 0.288398 1.042166 10
-0.006040 0.208808 1.031896 10
-0.014364 0.130436 1.026346 10
0.026153 0.071764 1.067435 10
-0.005215 -0.017044 1.040117 10
-0.000713 -0.091207 1.047069 10
-0.000913 -0.167809 1.049639 10
-0.002163 -0.245344 1.051308 10
-0.029091 -0.335900 1.028677 10
-0.055439 -0.427422 1.006729 10
-0.046621 -0.501989 1.018288 10
-0.165529 -0.644873 0.908801 10
-0.164462 -0.726100 0.913284 10
-0.210379 -0.834305 0.873373 10
-0.396627 -1.025663 0.700820 10
-0.348580 -1.084192 0.750227 10
0.506708 6.114065 1.730863 5
0.529623 6.014769 1.746293 5
0.452098 5.995166 1.670322 5
0.369041 5.977932 1.589271 5
-0.594856 5.777224 0.654375 5
-0.637691 5.712873 0.610152 5
-0.618581 5.612460 0.623235 5
-0.675531 5.555554 0.566149 5
-1.715199 6.029567 -0.400313 5
-1.826738 5.984581 -0.508549 5
0.352065 3.060380 1.453064 12
0.322170 2.999620 1.424058 12
0.350897 2.930077 1.450109 12
0.329817 2.867634 1.429527 12
0.335740 2.801710 1.434356 12
0.365039 2.733725 1.461204 12
0.365932 2.669018 1.461481 12
0.340750 2.606286 1.437364 12
0.061676 2.557965 1.174999 12
0.334937 2.476944 1.431184 11
0.336158 2.412082 1.432089 11
0.345507 2.347117 1.440705 11
0.322815 2.282624 1.419320 11
0.335220 2.217770 1.430967 11
0.362321 2.153527 1.456491 11
0.347229 2.088594 1.442482 11
0.337949 2.023507 1.434011 11
0.132266 1.946523 1.241261 11
-0.156295 1.858085 0.970836 10
-0.151392 1.787072 0.975969 10
-0.155299 1.715245 0.972923 10
-0.164037 1.642689 0.965435 10
-0.140942 1.573788 0.987902 10
-0.143147 1.501890 0.986721 10
-0.149270 1.429221 0.981957 10
-0.166581 1.354413 0.966797 10
-0.157228 1.283752 0.976729 10
-0.143206 1.214080 0.991123 10
-0.158672 1.138573 0.977977 10
-0.188453 1.059348 0.951525 10
-0.163659 0.991778 0.976281 10
-0.177347 0.915235 0.965098 10
-0.195576 0.836929 0.949770 10
-0.180536 0.766960 0.965668 10
-0.164023 0.697577 0.983030 10
-0.144177 0.629388 1.003593 10
-0.145398 0.554874 1.004555 10
-0.133056 0.484482 1.018284 10
-0.124580 0.412819 1.028493 10
-0.091877 0.349677 1.061398 10
-0.077985 0.280191 1.076833 10
-0.081638 0.204048 1.076003 10
-0.088877 0.126034 1.071939 10
-0.046149 0.067982 1.114507 10
-0.056054 -0.011602 1.108160 10
-0.078495 -0.097363 1.090272 10
-0.085333 -0.177093 1.087019 10
-0.099209 -0.260736 1.077345 10
-0.099525 -0.338675 1.080386 10
-0.144168 -0.439113 1.042426 10
-0.169400 -0.531398 1.022631 10
-0.210385 -0.633213 0.988399 10
-0.259287 -0.741046 0.947015 10
-0.455143 -0.932631 0.769939 10
-0.529849 -1.061447 0.705218 10
0.417894 6.134977 1.763045 5
0.436799 6.038876 1.773786 5
0.407884 5.980893 1.742225 5
0.306871 5.976879 1.646582 5
-0.673262 5.870562 0.718965 5
-0.673279 5.780531 0.713624 5
-0.716064 5.715918 0.669898 5
-0.712014 5.624212 0.668492 5
-1.765713 6.114550 -0.287636 5
-1.800496 6.029439 -0.324662 5
-1.853959 5.953690 -0.378464 5
-0.284212 3.301088 0.974402 2
-0.400907 3.248453 0.866038 2
0.232360 3.070651 1.445299 12
0.268467 2.999128 1.477323 12
0.239089 2.937627 1.449390 12
0.288440 2.865727 1.493763 12
0.251535 2.804754 1.459096 12
0.263048 2.738181 1.468944 12
0.245061 2.674478 1.451808 12
0.243382 2.609206 1.449729 12
0.031061 2.556264 1.254363 11
0.254889 2.478012 1.459487 11
0.268315 2.412449 1.471547 11
0.270323 2.347483 1.473212 11
0.269117 2.282605 1.472015 11
0.247643 2.217568 1.452298 11
0.270382 2.152831 1.473266 11
0.292632 2.088653 1.493873 11
0.223636 2.020879 1.430794 11
0.081567 1.947002 1.300729 11
-0.291636 1.852859 0.958612 10
-0.269969 1.782308 0.979095 2
-0.247934 1.712284 1.000009 2
-0.393065 1.624263 0.867631 10
-0.357650 1.554681 0.901034 10
-0.388759 1.476819 0.873509 10
-0.302605 1.415595 0.953632 10
-0.329680 1.338044 0.930013 10
-0.343836 1.261913 0.918348 10
-0.336048 1.189409 0.926904 10
-0.301697 1.122324 0.959892 10
-0.266746 1.056099 0.993514 10
-0.376565 0.957444 0.894689 10
-0.345756 0.889753 0.924733 10
-0.341578 0.815855 0.930503 10
-0.405087 0.723619 0.874482 10
-0.319255 0.671640 0.955122 10
-0.285636 0.606258 0.988101 10
-0.237245 0.546093 1.034650 10
-0.241073 0.470083 1.033605 10
-0.229827 0.398757 1.046425 10
-0.158654 0.348445 1.113987 10
-0.162733 0.272357 1.113013 10
-0.168401 0.195229 1.110709 10
-0.156973 0.124304 1.124085 10
-0.155003 0.049504 1.128960 10
-0.155781 -0.026765 1.131451 10
-0.153343 -0.102042 1.136983 10
-0.148061 -0.176374 1.145211 10
-0.178464 -0.267472 1.121181 10
-0.195908 -0.353690 1.109063 10
-0.241045 -0.454458 1.072008 10
-0.280598 -0.554174 1.040201 10
-0.360502 -0.676517 0.972091 10
-0.378317 -0.768501 0.960337 10
-0.497911 -0.917477 0.856867 10
0.347734 6.059341 1.806177 5
0.331612 5.991177 1.785777 5
0.264320 5.961185 1.721112 5
-0.712483 5.849993 0.813658 5
-0.728312 5.769921 0.793965 5
-0.770199 5.704919 0.751490 5
-1.749021 6.059005 -0.121986 5
-1.812937 5.990710 -0.184399 5
-1.937844 5.952555 -0.300588 5
-0.247029 3.282220 1.120787 2
-0.305641 3.220563 1.066751 2
0.139720 3.076306 1.464597 12
0.153477 3.007709 1.475736 12
0.159111 2.940685 1.479697 12
0.151616 2.875518 1.471982 12
0.169042 2.807528 1.486726 12
0.169379 2.741722 1.486239 12
0.157373 2.677031 1.474773 12
0.170479 2.610321 1.485945 12
0.021900 2.553352 1.352060 12
0.151071 2.480120 1.467635 11
0.159672 2.414114 1.475062 11
0.164531 2.348428 1.479228 11
0.164783 2.282910 1.479356 11
0.174353 2.217464 1.487950 11
0.153923 2.151680 1.469702 11
0.164618 2.086357 1.479503 11
0.150610 2.020172 1.467220 11
-0.329323 1.926653 1.036731 2
-0.323490 1.855075 1.042508 2
-0.240198 1.790059 1.117917 2
-0.331380 1.710291 1.036832 2
-0.713569 1.596264 0.694760 10
-0.741462 1.515589 0.670780 10
-0.580031 1.231958 0.820834 10
-0.601393 1.151751 0.803293 10
-0.801190 1.035081 0.626065 10
-0.646171 0.988703 0.766764 10
-0.548929 0.933107 0.855772 10
-0.560036 0.853894 0.847897 10
-0.547231 0.780216 0.861533 10
-0.446652 0.730003 0.953741 10
-0.398803 0.667486 0.998875 10
-0.399257 0.591852 1.000951 10
-0.344663 0.532793 1.052282 10
-0.317107 0.466283 1.079561 10
-0.326107 0.388056 1.074343 10
-0.256051 0.336682 1.139699 10
-0.257860 0.261020 1.141107 10
-0.255542 0.186528 1.146312 10
-0.243945 0.115359 1.159892 10
-0.233939 0.043520 1.172169 10
-0.240588 -0.035317 1.169770 10
-0.235982 -0.109889 1.177496 10
-0.253057 -0.194327 1.166122 10
-0.301500 -0.293986 1.127109 10
-0.326764 -0.384518 1.108822 10
-0.312886 -0.457214 1.125335 10
-0.379619 -0.570246 1.070723 10
-0.489028 -0.707608 0.978677 10
-0.501281 -0.797292 0.972665 10
-0.638498 -0.955711 0.856696 10
0.241382 6.092383 1.825449 5
0.246555 6.007658 1.822791 5
0.188412 5.970204 1.766791 5
-0.779100 5.935845 0.890212 5
-0.796565 5.856494 0.868813 5
-0.870647 5.810105 0.799021 5
-0.864459 5.716767 0.798159 5
-1.874857 6.184296 -0.076088 5
-1.769947 6.024847 0.007392 5
-1.842478 5.961713 -0.061544 5
-1.994381 5.937444 -0.198839 5
-0.320685 3.356416 1.168102 2
-0.348340 3.289382 1.142119 2
-0.336739 3.215032 1.150640 2
-0.181739 3.118276 1.284983 12
0.041553 3.015627 1.479403 12
0.026775 2.950655 1.465246 12
0.044080 2.881531 1.479336 12
0.042158 2.815023 1.476673 12
0.058614 2.746799 1.490248 12
0.046273 2.681449 1.478661 12
0.057023 2.614236 1.487449 12
-0.016784 2.552185 1.422109 11
0.055788 2.481794 1.485394 11
0.052721 2.415684 1.482378 11
0.038376 2.349736 1.469565 11
0.079817 2.283085 1.505849 11
0.035117 2.216944 1.466595 11
0.054493 2.150883 1.483718 11
0.054502 2.084685 1.483942 11
0.058482 2.018638 1.487760 11
-0.290695 1.932467 1.181625 2
-0.292257 1.861663 1.180830 2
-0.246396 1.794680 1.221774 2
-0.247567 1.724311 1.221546 2
-2.067869 0.987144 -0.366316 8
-1.197312 1.053778 0.398430 10
-0.905495 1.028090 0.656000 10
-0.746878 0.981660 0.796918 10
-0.756231 0.901532 0.790887 10
-0.731092 0.829126 0.815161 10
-0.656025 0.769640 0.883196 10
-0.519455 0.728068 1.005039 10
-0.466243 0.666816 1.054094 10
-0.422475 0.603983 1.094988 10
-0.441321 0.523101 1.081347 10
-0.403156 0.459459 1.117560 10
-0.379973 0.391617 1.140812 10
-0.365134 0.321243 1.156905 10
-0.348396 0.251636 1.174766 10
-0.310140 0.190112 1.211453 10
-0.332392 0.106118 1.195651 10
-0.341426 0.026418 1.191490 10
-0.323582 -0.042860 1.210799 10
-0.352839 -0.131990 1.189393 10
-0.366963 -0.215688 1.181279 10
-0.356235 -0.288958 1.194836 10
-0.379574 -0.378207 1.179068 10
-0.430934 -0.481983 1.139283 10
-0.501823 -0.597300 1.082882 10
-0.618616 -0.738412 0.987184 10
-0.525012 -0.773493 1.073045 10
-0.673074 -0.936061 0.950999 10
0.140857 6.120059 1.851683 5
0.135731 6.042642 1.839863 5
0.107741 5.982314 1.809383 5
-0.008996 5.984632 1.705757 5
-0.919333 5.976006 0.899462 5
-0.914222 5.882451 0.896730 5
-0.945964 5.810795 0.863376 5
-1.025533 5.765550 0.790087 5
-1.757611 6.073850 0.169570 5
-1.850804 6.023141 0.084240 5
-2.028102 6.013813 -0.071767 5
-0.306829 3.341367 1.289454 2
-0.344460 3.277097 1.255362 6
-0.411240 3.216986 1.196401 2
-0.312030 3.129160 1.279784 12
-0.068195 3.023031 1.487333 12
-0.110427 2.961026 1.449817 12
-0.075233 2.888799 1.478815 12
-0.070764 2.820843 1.481586 12
-0.080316 2.754406 1.472447 12
-0.040395 2.683760 1.505885 12
-0.044776 2.617246 1.501422 12
-0.167093 2.557345 1.395827 12
-0.061210 2.484378 1.486260 11
-0.087509 2.418259 1.463326 11
-0.071666 2.350709 1.476695 11
-0.076965 2.283706 1.472027 11
-0.064915 2.216682 1.482375 11
-0.055022 2.149916 1.490988 11
-0.037917 2.083611 1.505909 11
-0.084743 2.014899 1.466055 11
-0.353122 1.932449 1.236119 2
-0.366747 1.860810 1.225041 2
-0.379199 1.788866 1.215099 2
-0.323751 1.722946 1.263552 2
-0.463688 1.637451 1.144481 6
-1.949993 1.296051 -0.127646 8
-2.022434 1.194121 -0.187989 8
-1.941472 1.114371 -0.116663 8
-1.928739 1.024889 -0.103672 8
-1.182717 1.069775 0.537471 10
-1.092165 1.005164 0.617149 10
-0.881739 0.967689 0.799488 10
-0.811352 0.904404 0.862034 10
-0.755166 0.839397 0.912525 10
-0.684299 0.779253 0.975656 10
-0.627070 0.717170 1.027218 10
-0.560146 0.658984 1.087143 10
-0.552403 0.585361 1.096657 10
-0.524296 0.517778 1.123665 10
-0.516974 0.444174 1.133075 10
-0.451230 0.389497 1.192363 10
-0.429069 0.321505 1.214634 10
-0.420453 0.249034 1.225505 10
-0.407356 0.178115 1.240316 10
-0.426827 0.094891 1.227609 10
-0.402660 0.027913 1.252090 10
-0.397717 -0.046561 1.260394 10
-0.415348 -0.130728 1.249726 10
-0.459321 -0.227152 1.216956 10
-0.467347 -0.309129 1.214789 10
-0.492842 -0.399777 1.198046 10
-0.546037 -0.504690 1.158143 10
-0.587405 -0.605758 1.128463 10
-0.673756 -0.731028 1.061167 10
-0.754381 -0.856261 0.999019 10
0.027626 6.074632 1.861443 5
-0.007446 6.018651 1.825294 5
-0.073497 5.983934 1.764323 5
-1.030884 5.998003 0.935169 5
-0.961702 5.866903 0.984035 5
-1.033699 5.818372 0.918034 5
-1.783139 6.142450 0.298345 5
-1.801661 6.052637 0.275461 5
-1.950477 6.031197 0.145980 5
-0.640226 3.468593 1.119822 6
-0.420242 3.351258 1.301682 2
-0.460069 3.286679 1.266326 2
-0.469432 3.216116 1.256597 6
-0.485842 3.146558 1.241096 2
-0.210691 3.034937 1.470085 12
-0.192832 2.963979 1.483646 12
-0.218310 2.898696 1.461002 12
-0.202225 2.828475 1.473341 12
-0.233583 2.763166 1.446009 12
-0.213250 2.692971 1.462175 12
-0.194762 2.623473 1.476925 12
-0.214073 2.556604 1.460079 12
-0.190034 2.487413 1.479750 11
-0.198947 2.419878 1.471886 11
-0.222442 2.352417 1.451904 11
-0.202908 2.284120 1.468179 11
-0.193238 2.216252 1.476299 11
-0.198454 2.148342 1.472046 11
-0.174445 2.081196 1.492458 11
-0.197584 2.012571 1.473412 11
-0.436184 1.931288 1.273633 2
-0.412654 1.861943 1.294046 6
-0.459081 1.787473 1.255880 6
-0.497051 1.712569 1.224958 6
-0.484463 1.641986 1.236594 6
-2.027001 1.387724 -0.055786 8
-1.999591 1.300065 -0.031099 8
-1.945931 1.216716 0.015747 8
-1.894969 1.134141 0.060476 8
-1.852408 1.051268 0.098310 8
-1.211034 1.077691 0.637617 10
-1.137955 1.010069 0.701065 10
-0.978922 0.961845 0.836513 10
-0.901495 0.899590 0.903762 10
-0.758400 0.854317 1.025973 10
-0.744516 0.780895 1.040293 10
-0.759577 0.700163 1.030589 10
-0.651065 0.652187 1.124138 10
-0.645642 0.577593 1.131782 10
-0.631277 0.505532 1.147020 10
-0.569630 0.448180 1.201759 10
-0.551971 0.378001 1.219982 10
-0.532074 0.308747 1.240197 10
-0.553713 0.225264 1.226037 10
-0.493791 0.170355 1.279755 10
-0.503583 0.090611 1.275736 10
-0.502717 0.014405 1.280719 10
-0.533939 -0.074989 1.259299 10
-0.522505 -0.147908 1.273366 10
-0.545117 -0.235459 1.259451 10
-0.577981 -0.328535 1.237280 10
-0.583419 -0.410436 1.237946 10
-0.648595 -0.520896 1.189601 10
-0.737058 -0.644818 1.122397 10
-0.745906 -0.732148 1.120954 10
-0.896302 -0.892392 1.003562 10
-0.085680 6.109433 1.881128 5
-0.093089 6.033093 1.866773 5
-0.122438 5.972354 1.835413 5
-0.302550 6.013270 1.685746 5
-1.058457 6.060638 1.047604 5
-1.052244 5.966286 1.044374 5
-1.030080 5.863573 1.054070 5
-1.792026 6.101807 0.431260 5
-1.811277 6.013459 0.407760 5
-1.874472 5.947942 0.349308 5
-0.608357 3.375200 1.255086 6
-0.565851 3.294253 1.287685 2
-0.530065 3.215637 1.314961 6
-0.556087 3.147578 1.291785 2
-0.550912 3.074580 1.294300 2
-0.567768 3.004677 1.278908 6
-0.501535 2.924747 1.331772 6
-0.560268 2.859624 1.282331 6
-0.556188 2.787341 1.284533 6
-0.491481 2.710389 1.336620 6
-0.501590 2.640157 1.327478 6
-0.359672 2.561322 1.443242 11
-0.345180 2.491505 1.454586 11
-0.348797 2.422635 1.451205 11
-0.461050 2.355702 1.358780 11
-0.424150 2.285110 1.388933 11
-0.393064 2.215393 1.414452 11
-0.425350 2.145268 1.388087 11
-0.318252 2.078616 1.476278 11
-0.315144 2.010099 1.479240 11
-0.494911 1.931509 1.332252 2
-0.482265 1.861462 1.343335 2
-0.467928 1.791806 1.355943 6
-0.577905 1.710967 1.266719 6
-1.916126 1.498852 0.170450 8
-1.929776 1.408508 0.160849 8
-1.936538 1.318597 0.157078 8
-1.900031 1.234517 0.188942 8
-1.860898 1.151603 0.223117 8
-1.845880 1.065486 0.237702 8
-1.397041 1.057243 0.607477 10
-1.195617 1.012638 0.774718 10
-0.997890 0.972134 0.938947 10
-0.967813 0.900090 0.966178 10
-0.949272 0.825962 0.984122 10
-0.833593 0.775577 1.081499 10
-0.841040 0.696574 1.078485 10
-0.752838 0.642701 1.153614 10
-0.749685 0.567035 1.159523 10
-0.681161 0.510326 1.218806 10
-0.672596 0.436802 1.229395 10
-0.604525 0.382164 1.288503 10
-0.613521 0.303483 1.285095 10
-0.604604 0.230441 1.296398 10
-0.612820 0.151209 1.293964 10
-0.610322 0.075411 1.300386 10
-0.591844 0.005474 1.319907 10
-0.585578 -0.069161 1.329695 10
-0.584969 -0.146302 1.335076 10
-0.625893 -0.241360 1.307125 10
-0.652109 -0.331476 1.291276 10
-0.692346 -0.429000 1.264370 10
-0.746683 -0.534556 1.226387 10
-0.803563 -0.643231 1.186656 10
-0.971519 -0.808378 1.058157 10
-1.016447 -0.916591 1.028736 10
-1.710785 -1.362860 0.480224 8
-1.628531 -1.415970 0.553715 8
-0.336705 6.241330 1.798391 5
-0.190082 6.054937 1.900809 5
-0.231792 6.002121 1.860066 5
-0.314469 5.976066 1.788055 5
-0.416838 5.961071 1.700909 5
-1.174574 6.084957 1.082426 5
-1.137430 5.972254 1.102495 5
-1.164120 5.897414 1.073397 5
-1.252235 5.856402 0.996748 5
-1.589948 5.948150 0.725913 5
-1.753795 5.939761 0.589983 5
-2.029582 5.984758 0.366549 5
-0.693371 3.379046 1.295929 6
-0.705427 3.307607 1.283963 6
-0.688135 3.231186 1.295632 6
-1.438736 3.272410 0.692736 6
-0.729532 3.017193 1.256925 6
-0.682463 2.865670 1.291722 6
-0.619016 2.787264 1.341372 6
-0.749230 2.725794 1.235880 6
-0.681834 2.647999 1.289016 6
-0.724267 2.577910 1.254209 11
-0.529709 2.496750 1.409708 11
-0.503998 2.425489 1.429895 11
-0.494761 2.355177 1.437012 11
-0.538319 2.285426 1.401906 11
-0.665339 2.214114 1.299966 6
-0.720650 2.141017 1.255729 11
-0.728847 2.067991 1.249458 6
-0.639080 1.998909 1.321949 6
-0.729502 1.922116 1.250009 11
-0.617272 1.856632 1.340806 6
-0.669725 1.780805 1.299644 6
-1.807487 1.518227 0.389867 8
-1.669665 1.447721 0.501957 8
-1.812872 1.344518 0.389016 8
-1.731449 1.269172 0.456234 8
-1.751414 1.180228 0.442422 8
-1.767367 1.091302 0.432019 8
-1.430386 1.064321 0.704106 10
-1.264379 1.013097 0.839432 10
-1.116001 0.962242 0.960712 10
-1.059546 0.895189 1.008627 10
-0.990783 0.832135 1.066486 10
-0.933589 0.767823 1.115221 10
-0.918252 0.694195 1.130703 10
-0.915839 0.617313 1.136045 10
-0.781818 0.576675 1.246313 10
-0.781314 0.500539 1.250398 10
-0.751647 0.432969 1.277830 10
-0.696782 0.373816 1.325403 10
-0.695578 0.298214 1.330503 10
-0.691928 0.223187 1.337712 10
-0.663569 0.156680 1.364658 10
-0.705282 0.064949 1.336303 10
-0.697606 -0.009471 1.347226 10
-0.661816 -0.073011 1.380512 10
-0.695809 -0.164228 1.358889 10
-0.736562 -0.259525 1.332187 10
-0.755436 -0.346840 1.322962 10
-0.806347 -0.449291 1.288791 10
-0.885846 -0.566599 1.232481 10
-0.870143 -0.641598 1.251147 10
-1.050629 -0.811725 1.116434 10
-1.589207 -1.165638 0.702453 8
-1.755167 -1.343969 0.580709 8
-1.705179 -1.413896 0.627867 8
-1.690895 -1.502288 0.647372 8
-0.431071 6.175295 1.829563 5
-0.335132 6.026951 1.891322 5
-0.414611 5.997780 1.822794 5
-0.508825 5.976437 1.743233 5
-0.555654 5.923099 1.699113 5
-0.790427 5.984927 1.514010 5
-1.104510 6.088483 1.268796 5
-1.129109 6.013448 1.241062 5
-1.205458 5.968061 1.174438 5
-1.270698 5.914914 1.116255 5
-1.554943 5.980316 0.892212 5
-1.684609 5.956078 0.784999 5
-1.890061 5.968257 0.620099 5
-0.857613 1.992405 1.257222 11
-1.764219 1.615420 0.550281 8
-1.771087 1.529822 0.546409 8
-1.680895 1.455068 0.618757 8
-1.739050 1.363611 0.575088 8
-1.726505 1.280429 0.586982 8
-1.649825 1.207090 0.649240 8
-1.722950 1.111053 0.594481 8
-1.560423 1.054358 0.724170 8
-1.515903 0.979349 0.761727 8
-1.300401 0.939384 0.932944 10
-1.164045 0.887745 1.042389 10
-1.048111 0.834686 1.135959 10
-1.017841 0.764023 1.162829 10
-0.973508 0.697397 1.200799 10
-0.942763 0.628099 1.228324 10
-0.901364 0.562250 1.264278 10
-0.848791 0.500390 1.309044 10
-0.870130 0.417519 1.296543 10
-0.828855 0.353338 1.332818 10
-0.790608 0.288942 1.366872 10
-0.781066 0.215570 1.378831 10
-0.765797 0.144145 1.395390 10
-0.790669 0.058275 1.381099 10
-0.763810 -0.009165 1.406962 10
-0.779119 -0.092591 1.400464 10
-0.806312 -0.181515 1.385036 10
-0.834641 -0.271973 1.368982 10
-0.884750 -0.372830 1.336456 10
-0.916031 -0.467112 1.318672 10
-0.982491 -0.578549 1.274216 10
-1.019861 -0.678613 1.252362 10
-1.236464 -0.866010 1.093917 10
-1.299620 -0.984068 1.053207 10
-1.588075 -1.218333 0.841327 8
-1.593743 -1.313982 0.845362 8
-1.556458 -1.387436 0.882260 8
-1.558602 -1.482005 0.889440 8
-0.484596 6.081743 1.890998 5
-0.537371 6.033548 1.842805 5
-0.620286 6.003681 1.772737 5
-0.659610 5.944886 1.734472 5
-0.952446 6.040088 1.510868 5
-0.999242 5.981170 1.466988 5
-1.126245 5.968195 1.364303 5
-1.265642 5.959334 1.252379 5
-1.382465 5.934716 1.156963 5
-1.715515 6.024380 0.901717 5
-1.804191 5.976788 0.826726 5
-1.683566 1.546378 0.738587 8
-1.613918 1.471149 0.793649 8
-1.558686 1.395676 0.837837 8
-1.851060 1.273720 0.616299 8
-1.571265 1.229986 0.832616 8
-1.596737 1.143620 0.815645 8
-1.540064 1.070724 0.861635 8
-1.514658 0.993239 0.883905 8
-1.311728 0.951252 1.041790 10
-1.169128 0.901360 1.153678 10
-1.221611 0.811483 1.116971 10
-1.111038 0.758277 1.204664 10
-1.076254 0.688907 1.234760 10
-1.065559 0.613947 1.246692 10
-0.979544 0.559412 1.316015 10
-0.956275 0.488999 1.337798 10
-0.943073 0.415940 1.352106 10
-0.882704 0.357470 1.402318 10
-0.900491 0.275203 1.393486 10
-0.875477 0.206455 1.417232 10
-0.880407 0.127704 1.418521 10
-0.875337 0.052105 1.427559 10
-0.856671 -0.018643 1.447032 10
-0.873118 -0.102701 1.440248 10
-0.914867 -0.197538 1.414681 10
-0.903980 -0.272279 1.428911 10
-0.963640 -0.376858 1.390446 10
-1.009612 -0.477412 1.362565 10
-1.069331 -0.585714 1.324724 10
-1.081399 -0.674039 1.322802 10
-1.384588 -0.901060 1.104191 8
-1.605173 -1.096307 0.947989 8
-1.606960 -1.188429 0.955090 8
-1.545034 -1.248393 1.009694 8
-1.539059 -1.336723 1.022981 8
-1.492767 -1.403646 1.066301 8
-1.464006 -1.479595 1.096827 8
-0.629634 6.132137 1.897377 5
-0.650851 6.062307 1.871926 5
-0.620408 5.959928 1.883328 5
-0.823404 6.002858 1.729060 5
-0.945626 5.992071 1.631970 5
-0.988547 5.931812 1.591413 5
-1.245436 5.993973 1.397779 5
-1.372261 5.976690 1.296958 5
-1.540829 5.979414 1.166020 5
-1.682475 1.553956 0.860916 8
-1.554592 1.486068 0.958383 8
-1.537143 1.407426 0.973406 8
-1.479863 1.334492 1.018387 8
-1.502291 1.251029 1.003984 8
-1.541302 1.164254 0.977415 8
-1.534374 1.084281 0.985363 8
-1.546030 1.000908 0.979647 8
-1.378281 0.952138 1.107866 8
-1.329107 0.882626 1.147803 8
-1.403766 0.786944 1.095718 8
-1.237158 0.745104 1.223365 10
-1.162161 0.684773 1.282937 10
-1.079298 0.628055 1.348459 10
-1.078477 0.551156 1.353207 10
-1.073636 0.475170 1.361133 10
-1.026846 0.411317 1.400318 10
-1.023102 0.335249 1.407791 10
-1.005842 0.263291 1.425450 10
-0.967204 0.198519 1.459066 10
-0.982057 0.116148 1.453384 10
-0.952758 0.048738 1.480449 10
-0.950368 -0.028111 1.487880 10
-0.996252 -0.123521 1.460055 10
-1.000779 -0.204224 1.462872 10
-1.009149 -0.286944 1.463101 10
-1.033628 -0.376958 1.451783 10
-1.140292 -0.503298 1.380709 10
-1.170746 -0.599033 1.365681 10
-1.151918 -0.673516 1.386843 10
-1.288298 -0.820657 1.295365 8
-1.496515 -1.006393 1.152326 8
-1.458556 -1.076274 1.188412 8
-1.429962 -1.150408 1.217886 8
-1.405923 -1.226668 1.244255 8
-1.462686 -1.345996 1.212609 8
-1.753952 -1.595868 1.012783 8
-0.767506 6.092215 1.901011 5
-0.787742 6.021154 1.876297 5
-0.794917 5.942163 1.860840 5
-1.101907 6.042083 1.637398 5
-1.199914 6.012607 1.558707 5
-1.203654 5.927467 1.545758 5
-1.457634 5.981666 1.358074 5
-1.533475 1.576072 1.089331 8
-1.539660 1.495788 1.086641 8
-1.554630 1.414185 1.077744 8
-1.472256 1.345194 1.140140 8
-1.512535 1.260105 1.113171 8
-1.521349 1.178906 1.109392 8
-1.546229 1.094632 1.094116 8
-1.487534 1.024783 1.139960 8
-1.503122 0.941803 1.131877 8
-1.397254 0.883198 1.212385 8
-1.325074 0.819615 1.268499 8
-1.302710 0.746155 1.288553 8
-1.279781 0.673164 1.309199 8
-1.170735 0.622292 1.392476 10
-1.158191 0.548252 1.405901 10
-1.142363 0.475196 1.421896 10
-1.122737 0.403381 1.440823 10
-1.099707 0.332816 1.462391 10
-1.059418 0.267959 1.496586 10
-1.050656 0.193550 1.508209 10
-1.058193 0.113568 1.508299 10
-1.027484 0.046499 1.536114 10
-1.064854 -0.044796 1.515215 10
-1.069233 -0.124965 1.518261 10
-1.092911 -0.213049 1.507723 10
-1.163744 -0.320925 1.463752 10
-1.155434 -0.398295 1.476655 10
-1.221190 -0.507313 1.436990 8
-1.290204 -0.619812 1.395398 8
-1.274731 -0.696414 1.414226 8
-1.308924 -0.796053 1.398046 8
-1.314105 -0.883193 1.402740 8
-1.362177 -0.991901 1.377401 8
-1.434585 -1.114550 1.335291 8
-1.321715 -1.144116 1.424038 8
-1.401273 -1.272902 1.377587 8
-1.389302 -1.354734 1.395789 8
-1.110578 6.089891 1.757333 5
-1.266401 6.095580 1.640845 5
-1.347343 6.054578 1.574905 5
-1.495324 6.049652 1.463416 5
-1.715181 1.565317 1.074602 8
-1.514279 1.506490 1.219956 8
-1.411656 1.440305 1.295278 8
-1.339365 1.372368 1.349107 8
-1.461075 1.277960 1.264800 8
-1.520035 1.190393 1.225506 8
-1.516871 1.111741 1.230708 8
-1.521194 1.031673 1.230796 8
-1.376539 0.979836 1.337036 8
-1.373533 0.902475 1.342697 8
-1.411141 0.816287 1.319735 8
-1.290922 0.764781 1.408990 8
-1.299767 0.685155 1.406841 8
-1.494586 0.558580 1.273238 8
-1.250460 0.542208 1.450622 8
-1.246998 0.465474 1.457814 10
-1.193073 0.403018 1.500841 8
-1.187306 0.327259 1.510047 10
-1.145285 0.262621 1.544999 8
-1.149361 0.183883 1.547676 10
-1.159657 0.102691 1.546216 8
-1.135649 0.032841 1.569068 10
-1.176240 -0.059888 1.546844 10
-1.133094 -0.122870 1.583514 10
-1.187214 -0.222384 1.552384 10
-1.093320 -0.265030 1.624839 8
-1.138926 -0.362603 1.600185 8
-1.201729 -0.468901 1.563921 8
-1.293286 -0.589598 1.508095 8
-2.137244 -1.048218 0.931511 8
-1.249405 -0.735105 1.554845 8
-1.302961 -0.843203 1.526414 8
-1.324559 -0.937647 1.520403 8
-1.335530 -1.027825 1.522022 8
-1.209127 -1.048764 1.618184 8
-1.255082 -1.156959 1.596263 8
-1.439538 -1.341023 1.480157 8
-1.732154 1.570814 1.179008 8
-1.630055 1.501688 1.252191 8
-1.492062 1.439116 1.350547 8
-1.369335 1.377604 1.438396 8
-1.324013 1.307735 1.472482 8
-1.354006 1.227151 1.454347 8
-1.310478 1.157956 1.487572 8
-1.224927 1.097094 1.550170 8
-1.362815 0.995783 1.457762 8
-1.300199 0.931385 1.504821 8
-1.263741 0.862715 1.533896 8
-1.297178 0.779050 1.514739 8
-1.317751 0.697450 1.504746 8
-1.261740 0.634127 1.547941 8
-1.230870 0.565391 1.573921 8
-1.151148 0.510409 1.633777 8
-1.216256 0.416105 1.593946 8
-1.104758 0.372084 1.675982 8
-1.135824 0.286742 1.660068 8
-1.179878 0.196263 1.635521 8
-1.171654 0.121744 1.647123 8
-1.412730 -0.038283 1.488285 8
-1.211536 -0.047538 1.632477 8
-1.174313 -0.112384 1.664586 8
-1.117810 -0.169335 1.709995 8
-1.216435 -0.285924 1.649985 8
-1.647459 -0.539396 1.364684 8
-1.762013 -0.672251 1.295222 8
-1.294751 -0.559191 1.620066 8
-1.254021 -0.622872 1.655880 8
-1.246483 -0.700973 1.669473 8
-1.239426 -0.779517 1.682986 8
-1.224347 -0.854468 1.702133 8
-1.203074 -0.926430 1.725657 8
-1.233423 -1.024306 1.714879 8
-1.194587 -1.087677 1.750620 8
-1.364502 -1.261072 1.647598 8
-1.848623 1.566677 1.214412 8
-1.863272 1.484412 1.206525 8
-1.619668 1.432391 1.374617 8
-1.539632 1.364520 1.431525 8
-1.410434 1.305317 1.522015 8
-1.269261 1.250772 1.620756 8
-1.191346 1.188929 1.676648 8
-1.275982 1.100161 1.622417 8
-1.355755 1.010220 1.571788 8
-1.463483 0.912738 1.502539 8
-1.201664 0.890310 1.683705 8
-1.261077 0.802499 1.647606 8
-1.326886 0.711639 1.607491 8
-1.322408 0.636278 1.615116 8
-1.219301 0.586125 1.689436 8
-1.212031 0.512452 1.699315 8
-1.181404 0.445267 1.725117 8
-1.292160 0.337330 1.656158 8
-1.311382 0.254320 1.649012 8
-1.244576 0.197721 1.699758 8
-1.229279 0.125589 1.716171 8
-1.175778 0.066495 1.758308 8
-1.198054 -0.018201 1.750051 8
-1.185733 -0.091171 1.765118 8
-1.138410 -0.151029 1.803669 8
-1.208065 -0.255335 1.764749 8
-1.217269 -0.337530 1.766279 8
-1.239249 -0.425548 1.759642 8
-1.213925 -0.494424 1.784531 8
-1.195495 -0.566053 1.805079 8
-1.221453 -0.657503 1.796671 8
-1.228603 -0.741327 1.800936 8
-1.228368 -0.822243 1.810327 8
-1.223047 -0.901104 1.823314 8
-1.222295 -0.982543 1.833588 8
-1.257060 -1.082558 1.821062 8
-1.704200 -1.399874 1.541605 8
-2.099655 1.632457 1.160406 8
-1.917867 1.567155 1.283252 8
-1.898683 1.488564 1.298161 8
-1.681924 1.433534 1.444553 8
-1.626881 1.362452 1.483656 8
-1.486887 1.304400 1.579321 8
-1.337556 1.250802 1.681289 8
-1.273112 1.186649 1.727099 8
-1.243044 1.117843 1.750310 8
-1.226086 1.047151 1.765041 8
-1.175188 0.983371 1.802414 8
-1.211981 0.902349 1.782040 8
-1.177600 0.835942 1.808898 8
-1.250737 0.745318 1.765076 8
-1.240371 0.673071 1.776563 8
-1.213292 0.605111 1.799259 8
-1.155810 0.545639 1.842118 8
-1.200632 0.458943 1.818006 8
-1.221843 0.377799 1.809676 8
-1.200033 0.308842 1.829769 8
-1.221650 0.226603 1.821692 8
-1.197877 0.158291 1.843510 8
-1.167173 0.092596 1.870041 8
-1.197384 0.006199 1.857144 8
-1.145708 -0.051799 1.897723 8
-1.201189 -0.148615 1.868993 8
-1.184822 -0.219554 1.887125 8
-1.174577 -0.292841 1.901522 8
-1.148595 -0.359810 1.926296 8
-1.152789 -0.439137 1.931858 8
-1.143103 -0.512936 1.946606 8
-1.169182 -0.602720 1.938689 8
-1.179186 -0.686199 1.941390 8
-1.291738 -0.818301 1.879013 8
-1.340712 -0.923060 1.857693 8
-1.370159 -1.019843 1.849205 8
-1.602449 -1.220299 1.712713 8
-1.918962 1.494269 1.399046 8
-1.786495 1.429780 1.487394 8
-1.717070 1.360106 1.535039 8
-1.570861 1.302516 1.632598 8
-1.510653 1.235195 1.674614 8
-1.406621 1.176151 1.745151 8
-1.237181 1.130568 1.858083 8
-1.276468 1.050373 1.836309 8
-1.225586 0.986700 1.872973 8
-1.292586 0.899747 1.833845 8
-1.243701 0.836290 1.869639 8
-1.224191 0.767053 1.886712 8
-1.202316 0.698646 1.905513 8
-1.159435 0.635824 1.937995 8
-1.150774 0.564794 1.948721 8
-1.136290 0.495351 1.963398 8
-1.151608 0.417512 1.959245 8
-1.135012 0.348577 1.975728 8
-1.149962 0.270052 1.972324 8
-1.146673 0.196776 1.980799 8
-1.145271 0.122693 1.988318 8
-1.369905 -0.029268 1.852770 8
-1.146524 -0.027625 2.001535 8
-1.112813 -0.090632 2.030221 8
-1.115349 -0.166870 2.036230 8
-1.117027 -0.243142 2.043045 8
-1.095226 -0.310321 2.064875 8
-1.187675 -0.424664 2.015306 8
-1.193929 -0.504806 2.020163 8
-1.258266 -0.610928 1.989070 8
-1.325679 -0.720365 1.956526 8
-1.389246 -0.830049 1.926857 8
-1.385536 -0.909730 1.939355 8
-1.436145 -1.016212 1.918573 8
-1.446277 -1.104150 1.923204 8
-1.964386 1.417713 1.485537 8
-1.802834 1.358423 1.590471 8
-1.705225 1.293819 1.655120 8
-1.584111 1.234742 1.734775 8
-1.516346 1.169726 1.780900 8
-1.402418 1.113949 1.856302 8
-1.409674 1.038572 1.855492 8
-1.349354 0.975907 1.897456 8
-1.360719 0.899827 1.894524 8
-1.330856 0.832195 1.917740 8
-1.297288 0.765900 1.943482 8
-1.286334 0.694813 1.955252 8
-1.248488 0.630472 1.984077 8
-1.234834 0.560501 1.997969 8
-1.178251 0.502280 2.038874 8
-1.199113 0.423244 2.031669 8
-1.174139 0.356988 2.053270 8
-1.141433 0.293432 2.079877 8
-1.179660 0.207911 2.062679 8
-1.173557 0.135818 2.073261 8
-1.132212 0.075583 2.105868 8
-1.161079 -0.008641 2.095328 8
-1.151861 -0.079987 2.108565 8
-1.188067 -0.168430 2.094132 8
-1.170454 -0.237223 2.113060 8
-1.267291 -0.351492 2.062179 8
-1.269061 -0.429390 2.069877 8
-1.310742 -0.524508 2.053548 8
-1.351647 -0.620634 2.038094 8
-1.445646 -0.741773 1.990858 8
-1.523546 -0.858183 1.953940 8
-1.509932 -0.933869 1.972770 8
-1.496173 -1.009569 1.991955 8
-1.742770 -1.214049 1.855205 8
-1.889497 1.356720 1.646462 8
-1.855208 1.283241 1.670667 8
-1.645866 1.236082 1.802921 8
-1.682301 1.154637 1.783966 8
-1.482609 1.112087 1.910497 8
-1.500334 1.034736 1.903491 8
-1.480405 0.964031 1.919865 8
-1.501141 0.885416 1.911536 8
-1.450417 0.821385 1.947248 8
-1.386300 0.761307 1.991333 8
-1.355329 0.694691 2.015326 8
-1.349035 0.622509 2.024469 8
-1.313091 0.557902 2.051920 8
-1.288248 0.490920 2.072811 8
-1.280332 0.419552 2.083630 8
-1.283836 0.344822 2.087766 8
-1.276677 0.273008 2.098625 8
-1.239454 0.210546 2.127903 8
-1.266203 0.127899 2.118766 8
-1.235893 0.063576 2.144319 8
-1.257680 -0.018435 2.138753 8
-1.254033 -0.092086 2.148767 8
-1.279109 -0.176587 2.141851 8
-1.288262 -0.255878 2.144787 8
-1.325822 -0.346881 2.131095 8
-1.340054 -0.429617 2.131662 8
-1.398051 -0.531286 2.106594 8
-1.482364 -0.645959 2.066413 8
-1.524366 -0.744326 2.051760 8
-1.643581 -0.879036 1.992083 8
-1.592422 -0.937788 2.033135 8
-1.573945 -1.011304 2.055204 8
-1.710930 1.161361 1.873074 8
-1.594672 1.105021 1.946609 8
-1.552830 1.037846 1.975694 8
-1.564858 0.961279 1.972752 8
-1.578742 0.883932 1.968975 8
-1.518512 0.821730 2.009725 8
-1.497919 0.751903 2.027015 8
-1.469326 0.684216 2.049298 8
-1.445982 0.615699 2.068676 8
-1.357636 0.564056 2.126878 8
-1.377658 0.485384 2.120931 8
-1.396770 0.406315 2.115824 8
-1.365567 0.341091 2.140756 8
-1.331215 0.277281 2.167753 8
-1.344848 0.199120 2.166686 8
-1.340675 0.126136 2.176387 8
-1.340362 0.051711 2.184088 8
-1.357575 -0.029000 2.181802 8
-1.383783 -0.113569 2.174580 8
-1.382607 -0.188972 2.183674 8
-1.424149 -0.280802 2.168200 8
-1.441487 -0.364455 2.167175 8
-1.510763 -0.469671 2.136421 8
-1.547317 -0.563307 2.125063 8
-1.570402 -0.652417 2.121878 8
-1.723557 1.095400 1.974883 8
-1.710083 1.022544 1.986921 8
-1.697812 0.949616 1.998508 8
-1.685689 0.876778 2.010262 8
-1.642417 0.810539 2.040393 8
-1.586219 0.747910 2.078243 8
-1.534450 0.685313 2.113704 8
-1.555545 0.606105 2.107126 8
-1.515737 0.541594 2.136096 8
-1.468082 0.479823 2.169800 8
-1.458850 0.408372 2.181526 8
-1.459130 0.334203 2.188031 8
-1.464572 0.258281 2.191846 8
-1.439544 0.191364 2.213430 8
-1.437861 0.117337 2.221873 8
-1.472756 0.031055 2.209694 8
-1.443629 -0.034465 2.234388 8
-1.464108 -0.117047 2.231075 8
-1.490407 -0.202481 2.224802 8
-1.523680 -0.291409 2.214943 8
-1.551221 -0.379181 2.208713 8
-1.556074 -0.458882 2.215649 8
-1.687179 0.964828 2.108475 8
-1.629887 0.530678 2.173486 8
-1.581032 0.468646 2.207356 8
-1.577304 0.395242 2.216066 8
-1.576405 0.320914 2.223465 8
-1.546256 0.254955 2.247517 8
-1.531269 0.184825 2.263323 8
-1.552242 0.103466 2.259336 8
-1.577725 0.019932 2.253180 8
-1.560132 -0.049905 2.271290 8
-1.571007 -0.129523 2.273888 8
-1.515376 6.049589 -1.109181 5
-1.600937 6.131334 -1.031975 5
-1.553577 6.167833 -1.047581 5
-1.369205 6.162570 -1.157243 5
-1.248930 6.180356 -1.222058 5
-1.007299 6.165762 -1.368740 5
-0.743759 6.150338 -1.528795 5
-0.567941 6.163695 -1.628357 5
-0.449874 6.195229 -1.688430 5
-1.764207 6.078584 -0.884019 5
-1.725076 6.115506 -0.893951 5
-1.762991 6.178782 -0.851634 5
-1.711481 6.211824 -0.870240 5
-1.512293 6.199667 -0.987808 5
-1.401681 6.218362 -1.045121 5
-0.544160 6.086179 -1.578075 5
-0.439728 6.120331 -1.627660 5
-0.339742 6.157578 -1.673978 5
-0.199049 6.186805 -1.746410 5
-1.902478 6.122156 -0.723811 5
-1.859526 6.155908 -0.736544 5
-1.765607 6.173112 -0.783003 5
-1.767821 6.223398 -0.765740 5
-1.472888 6.180155 -0.943372 5
-0.240396 5.992451 -1.689280 5
-0.320417 6.079027 -1.618371 5
-0.241129 6.122615 -1.649892 5
-0.100730 6.152646 -1.719978 5
-0.016106 6.198433 -1.754317 5
0.154675 6.226583 -1.842528 5
-2.008812 5.961003 -0.653332 5
-1.967268 5.993499 -0.664657 5
-1.878199 6.008184 -0.707421 5
-1.814566 6.034134 -0.733041 5
-1.904392 6.116806 -0.658082 5
-1.867508 6.152492 -0.666519 5
-1.792875 6.175878 -0.699373 5
-1.757274 6.213388 -0.706869 5
0.003883 5.982347 -1.734679 5
0.052328 6.037281 -1.745074 5
-0.022590 6.123239 -1.679184 5
0.117357 6.156616 -1.746377 5
-2.069902 5.980838 -0.550031 5
-1.989624 5.996895 -0.586473 5
-1.887348 6.005944 -0.636786 5
-1.965261 6.084804 -0.570868 5
-1.894976 6.107414 -0.600454 5
-1.903322 6.158970 -0.579891 5
-1.835700 6.184097 -0.607603 5
-1.731139 6.198313 -0.658268 5
0.193539 5.990521 -1.740068 5
0.114785 6.079007 -1.672891 5
0.159596 6.136056 -1.680759 5
0.228023 6.188369 -1.702795 5
-2.064652 5.973417 -0.491798 5
-2.004244 5.997311 -0.514685 5
-1.931222 6.017330 -0.545340 5
-2.002273 6.093071 -0.485443 5
-1.933298 6.115509 -0.513577 5
-1.911162 6.155744 -0.512472 5
-1.838237 6.178765 -0.542738 5
-1.809185 6.217584 -0.545899 5
-1.463989 6.156171 -0.741487 5
-1.424840 6.196176 -0.749790 5
0.248865 5.965808 -1.681096 5
0.234092 6.038939 -1.652943 5
0.210648 6.113377 -1.620141 5
0.264511 6.169309 -1.632855 5
0.496408 6.187518 -1.748771 5
-2.029666 5.953685 -0.452653 5
-2.004715 5.992126 -0.452856 5
-2.136343 6.091956 -0.356868 5
-2.056600 6.108072 -0.391321 5
-1.957780 6.118708 -0.437035 5
-1.949405 6.163401 -0.427676 5
-1.866202 6.182235 -0.463436 5
-1.859577 6.228009 -0.453165 5
-1.456919 6.147015 -0.678102 5
0.170383 5.976151 -1.544339 5
0.168626 6.045016 -1.524470 5
0.236227 6.096764 -1.544539 5
0.368286 6.134834 -1.601135 5
0.327410 6.213130 -1.559543 5
0.581006 6.229146 -1.684061 5
-2.031933 5.949455 -0.390518 5
-2.014929 5.990948 -0.385882 5
-2.113503 6.077762 -0.312093 5
-2.047020 6.098988 -0.337648 5
-1.979824 6.121146 -0.363396 5
-1.944465 6.155851 -0.370175 5
-1.974282 6.213453 -0.338809 5
-1.372096 6.059702 -0.675617 5
-1.368148 6.111687 -0.662547 5
-1.305989 6.145344 -0.683198 5
0.198054 5.958834 -1.470632 5
0.232593 6.018694 -1.471356 5
0.209010 6.092951 -1.439839 5
0.380678 6.121218 -1.516860 5
0.457458 6.173718 -1.540934 5
0.713917 6.189972 -1.663321 5
-2.067615 5.959268 -0.309369 5
-2.015841 5.986080 -0.325379 5
-2.101922 6.067998 -0.260708 5
-2.092295 6.110874 -0.252497 5
-1.970543 6.112131 -0.309185 5
-1.994347 6.167963 -0.281748 5
-1.992023 6.213805 -0.269616 5
-1.287005 6.024494 -0.656150 5
-1.253385 6.067783 -0.659776 5
-1.204249 6.106613 -0.672142 5
0.181958 5.953167 -1.373128 5
0.214031 6.013282 -1.372398 5
0.282092 6.064923 -1.391293 5
0.353017 6.116989 -1.411636 5
0.658621 6.118227 -1.557774 5
0.819786 6.156161 -1.625410 5
-2.022845 5.983754 -0.262075 5
-2.005735 6.024833 -0.257788 5
-2.073091 6.098248 -0.205830 5
-2.001099 6.117933 -0.232947 5
-2.005746 6.166459 -0.216964 5
-1.954380 6.195034 -0.232365 5
-1.897420 6.222561 -0.250742 5
-1.202390 6.044277 -0.619373 5
0.194756 5.871209 -1.310680 5
0.130772 5.957039 -1.258310 5
0.199918 6.006900 -1.277289 5
0.222516 6.069282 -1.271577 5
0.368339 6.102903 -1.330739 5
0.799796 6.075564 -1.538590 5
0.859229 6.136217 -1.551021 5
1.023616 6.176613 -1.617685 5
-2.042669 5.986741 -0.192463 5
-2.047266 6.036062 -0.176262 5
-2.078111 6.094936 -0.145863 5
-1.999754 6.111997 -0.175710 5
-2.029423 6.169473 -0.146452 5
-1.934448 6.182394 -0.185053 5
-1.868658 6.207001 -0.207558 5
-1.139621 6.016862 -0.584519 5
0.180019 5.796860 -1.234002 5
0.098007 5.888712 -1.173022 5
0.154955 5.940911 -1.185026 5
0.202041 5.996483 -1.191886 5
0.282979 6.044322 -1.216156 5
0.846276 5.979798 -1.486845 5
0.935333 6.033814 -1.513576 5
0.935052 6.108473 -1.494928 5
1.039062 6.161532 -1.529042 5
1.204486 6.204621 -1.593633 5
-2.027054 5.975306 -0.143300 5
-2.063970 6.037580 -0.109968 5
-2.044120 6.076646 -0.107564 5
-2.009147 6.110128 -0.113311 5
-2.046807 6.170332 -0.080556 5
-1.913693 6.169467 -0.138199 5
-1.875000 6.203302 -0.145776 5
-1.100812 5.997171 -0.536107 5
0.145268 5.797700 -1.129883 5
0.121460 5.872763 -1.100101 5
0.116319 5.941794 -1.080173 5
0.182786 5.991704 -1.096554 5
1.046374 5.997278 -1.473660 5
1.048519 6.072471 -1.456231 5
1.055384 6.146341 -1.441379 5
1.127745 6.207250 -1.458655 5
-1.968622 5.946277 -0.116899 5
-2.014467 6.012774 -0.079517 5
-2.037330 6.068846 -0.054654 5
-2.017282 6.107867 -0.052412 5
-2.048640 6.165644 -0.023746 5
-1.920589 6.166261 -0.077165 5
-1.896970 6.204993 -0.076799 5
0.210599 5.699846 -1.095178 5
0.092009 5.804185 -1.018384 5
0.075768 5.876413 -0.993168 5
0.142151 5.925357 -1.008945 5
0.258818 5.962218 -1.049205 5
1.168326 5.958002 -1.436894 5
1.126640 6.043890 -1.398464 5
1.134079 6.118322 -1.383896 5
1.160639 6.188779 -1.378607 5
-1.929127 5.924960 -0.079633 5
-2.042401 6.018891 -0.008635 5
-2.069482 6.076201 0.017666 5
-2.015797 6.102058 0.002847 5
-2.073210 6.169305 0.043866 5
-1.962016 6.175317 0.000321 5
-1.895241 6.198712 -0.020739 5
-0.853942 5.901832 -0.521362 5
0.112159 5.721011 -0.961851 5
0.032110 5.812882 -0.905967 5
0.043712 5.876409 -0.894862 5
0.240666 5.889048 -0.972567 5
1.257260 6.003664 -1.363910 5
1.164259 6.100259 -1.302768 5
1.205668 6.167913 -1.304170 5
1.565420 6.176540 -1.451272 5
-0.628293 3.057619 -1.356528 12
-0.679589 3.195412 -1.294414 2
-0.680456 3.288630 -1.264672 2
-0.558990 3.282604 -1.310432 2
-0.475679 3.308992 -1.332380 2
-2.103780 6.038558 0.077519 5
-2.077750 6.074382 0.076755 5
-2.030025 6.102231 0.065321 5
-2.031748 6.148914 0.078085 5
-2.087543 6.214339 0.116842 5
-1.958984 6.214920 0.066347 5
-1.841984 6.221939 0.021956 5
0.015589 5.674521 -0.849726 5
0.041701 5.733914 -0.845261 5
0.051486 5.798272 -0.833229 5
0.103046 5.850434 -0.840907 5
0.301777 5.862815 -0.916916 5
1.271694 5.988756 -1.274278 5
1.261566 6.068113 -1.251866 5
1.298132 6.137554 -1.250608 5
1.331147 6.208062 -1.247837 5
-0.975178 3.076175 -1.136245 12
-0.879799 3.085079 -1.166308 12
-0.739415 3.056670 -1.223686 12
-0.698261 3.116122 -1.219535 2
-0.712501 3.221528 -1.182056 2
-0.671722 3.279936 -1.178372 2
-0.575006 3.293527 -1.208134 6
-0.573976 3.383668 -1.181090 6
-0.480107 3.401347 -1.208883 6
-2.145811 6.050633 0.152088 5
-2.123550 6.087304 0.153095 5
-2.043856 6.102338 0.126696 5
-2.002131 6.132811 0.118567 5
-2.062516 6.200201 0.158542 5
-2.070847 6.247917 0.173656 5
-1.940692 6.249024 0.124199 5
0.064007 5.650477 -0.790543 5
0.044061 5.724527 -0.764783 5
0.088932 5.778286 -0.768955 5
0.157872 5.825661 -0.784043 5
1.318828 5.966640 -1.199462 5
1.341340 6.039464 -1.191600 5
1.356759 6.113795 -1.180791 5
1.420609 6.178852 -1.191025 5
1.505895 6.241035 -1.210380 5
-0.965657 2.776028 -1.141472 12
-1.063020 2.967079 -1.050443 12
-1.068046 3.066931 -1.018161 12
-0.986119 3.085947 -1.039657 12
-0.857143 3.064527 -1.089302 12
-0.773641 3.085688 -1.110925 12
-0.752395 3.161183 -1.095341 2
-0.737052 3.240705 -1.076683 2
-0.701101 3.302353 -1.070476 2
-0.604540 3.315278 -1.099495 6
-0.551269 3.363821 -1.103331 6
-0.492394 3.408380 -1.110386 6
0.055799 3.086949 -1.392870 12
0.191010 3.084438 -1.440209 12
-2.155703 6.049868 0.209938 5
-2.110421 6.077275 0.200244 5
-2.083144 6.112211 0.198972 5
-2.047603 6.144359 0.193891 5
-2.011943 6.176921 0.188790 5
-2.054260 6.236887 0.219118 5
-1.948137 6.245947 0.182088 5
0.089605 5.633735 -0.720536 5
-0.008100 5.732190 -0.660662 5
0.050347 5.781095 -0.670711 5
0.192358 5.806687 -0.717470 5
1.415999 5.933272 -1.145520 5
1.442215 6.006159 -1.138997 5
1.414641 6.090098 -1.109959 5
1.496874 6.151984 -1.127194 5
1.545470 6.221338 -1.130279 5
-0.980667 2.483810 -1.132821 11
-1.081988 2.690331 -1.038202 12
-1.166511 2.873969 -0.955953 12
-1.188250 2.991581 -0.913718 12
-1.155559 3.054980 -0.905276 12
-1.071153 3.069951 -0.928026 12
-0.988794 3.088229 -0.949248 12
-0.879066 3.083557 -0.986240 12
-0.787070 3.096640 -1.012358 12
-0.743217 3.152367 -1.010387 2
-0.667824 3.181720 -1.026558 2
-0.643608 3.253888 -1.013598 2
-0.565539 3.282295 -1.031162 2
-0.523272 3.339840 -1.028620 6
-0.407345 3.340910 -1.066813 6
-0.232504 3.300181 -1.136651 2
0.216240 3.062781 -1.353852 12
0.336285 3.074039 -1.390907 12
-2.113054 6.027871 0.243167 5
-2.113565 6.073657 0.254644 5
-2.053145 6.095783 0.238609 5
-2.016560 6.127762 0.233383 5
-2.006425 6.169697 0.239919 5
-2.018255 6.219123 0.256024 5
-2.098380 6.290838 0.301794 5
0.063157 5.633862 -0.627903 5
0.012928 5.717176 -0.590264 5
0.101538 5.757007 -0.612756 5
1.548374 5.971495 -1.086745 5
1.485896 6.063583 -1.043879 5
1.523296 6.134621 -1.041997 5
1.524805 6.212649 -1.025690 5
-0.960313 2.136834 -1.147940 11
-1.078318 2.374767 -1.041468 11
-1.097667 2.501709 -0.998074 11
-1.174814 2.684877 -0.920504 12
-1.239140 2.849740 -0.852362 12
-1.264893 2.971910 -0.808729 12
-1.278043 3.078938 -0.773521 12
-1.162291 3.061773 -0.814563 12
-1.067705 3.066903 -0.842658 12
-0.980151 3.080250 -0.866291 12
-0.888193 3.091231 -0.892095 12
-0.766815 3.078310 -0.934112 12
-0.708615 3.121906 -0.940175 2
-0.692044 3.200646 -0.923180 2
-0.661650 3.267085 -0.914167 2
-0.553943 3.271214 -0.947458 2
-0.446210 3.277453 -0.980278 2
-0.405661 3.337263 -0.976706 2
-0.260079 3.318186 -1.028965 2
0.202746 3.069547 -1.247235 12
0.293910 3.101020 -1.268196 12
0.252602 3.226955 -1.220387 2
0.321729 3.274308 -1.230087 2
0.382904 3.327734 -1.235666 6
0.426992 3.392886 -1.232605 6
-2.111405 6.022479 0.295202 5
-2.048911 6.043328 0.278824 5
-2.014234 6.075909 0.274743 5
-2.038518 6.130805 0.296186 5
-2.035485 6.174940 0.305605 5
-2.016042 6.213072 0.307886 5
-2.056149 6.271359 0.335383 5
-0.010361 5.649453 -0.516803 5
0.105376 5.679729 -0.549885 5
0.173060 5.726681 -0.562572 5
1.597216 5.948992 -1.009780 5
1.455571 6.057843 -0.936641 5
1.542580 6.118665 -0.954099 5
1.592034 6.187883 -0.956710 5
-1.060031 2.022990 -1.055291 11
-1.153952 2.241761 -0.964531 11
-1.186499 2.386669 -0.913236 11
-1.235025 2.544795 -0.853527 11
-1.243101 2.656125 -0.819312 12
-1.295660 2.810571 -0.759660 12
-1.261454 2.873504 -0.752033 12
-1.235152 2.943634 -0.740098 12
-1.277467 3.079088 -0.689190 12
-1.180604 3.079502 -0.718343 12
-1.042411 3.043633 -0.770269 12
-1.224548 3.301690 -0.642977 2
-1.117078 3.294066 -0.677882 2
-0.820810 3.124561 -0.815419 12
-0.703293 3.116382 -0.853749 12
-0.643791 3.159138 -0.860344 2
-0.625804 3.236288 -0.844822 2
-0.557442 3.272215 -0.856222 2
-0.505089 3.321479 -0.859138 2
-0.395424 3.327078 -0.891793 2
0.120065 3.030296 -1.132580 12
0.221619 3.052583 -1.158432 12
0.238352 3.137553 -1.141054 2
0.252705 3.223271 -1.122841 2
0.315626 3.274621 -1.129153 2
0.384745 3.322343 -1.138493 2
0.432578 3.384805 -1.137332 6
0.517791 3.423331 -1.154413 6
0.654182 3.430879 -1.195962 6
-2.105656 5.969547 0.334195 5
-2.063061 5.998078 0.326907 5
-2.015384 6.025201 0.317544 5
-1.998011 6.064693 0.321065 5
-2.001495 6.111972 0.333264 5
-2.002392 6.157864 0.344219 5
-2.064665 6.224827 0.380404 5
-1.981191 6.240740 0.356234 5
0.089575 5.608617 -0.479114 5
0.168025 5.651495 -0.495609 5
1.690525 5.916736 -0.949414 5
1.581112 6.019963 -0.890471 5
1.562229 6.102670 -0.866598 5
1.570536 6.179539 -0.853266 5
-1.184211 2.054466 -0.915741 11
-1.218872 2.207260 -0.863107 11
-1.346482 2.459378 -0.756334 11
-1.371185 2.590934 -0.712659 11
-1.252913 2.566261 -0.753468 12
-1.292427 2.709762 -0.702410 12
-1.231659 2.746546 -0.709843 12
-1.198072 2.811123 -0.701850 12
-1.220383 2.930102 -0.662793 12
-1.402773 3.200642 -0.535759 6
-1.333395 3.224284 -0.549648 6
-1.378756 3.355087 -0.500896 2
-1.302159 3.371925 -0.518918 6
-1.248897 3.410736 -0.524220 6
-1.026885 3.303129 -0.618850 2
-0.710061 3.121167 -0.761595 12
-0.620058 3.138079 -0.783927 12
-0.426672 3.072051 -0.859229 2
-0.392214 3.138223 -0.852095 12
-0.371759 3.214979 -0.838067 2
-0.330067 3.274627 -0.835014 2
-0.128766 3.214339 -0.911572 12
0.027775 3.191954 -0.964817 12
0.285063 3.100621 -1.066601 12
0.280756 3.199950 -1.039701 2
0.241509 3.321804 -0.996459 2
0.275841 3.391572 -0.989144 2
0.453726 3.366503 -1.050093 6
0.564761 3.388429 -1.078684 6
-0.299120 4.857954 -0.447439 13
-0.329932 4.943105 -0.417412 13
-0.304532 5.001072 -0.411704 13
-0.201808 5.024561 -0.438724 13
-0.060367 5.033124 -0.481625 13
-2.055177 5.943731 0.365463 5
-2.058138 5.991358 0.377470 5
-2.013782 6.019710 0.369870 5
-1.974527 6.050675 0.364444 5
-1.969368 6.094914 0.372907 5
-1.996731 6.150680 0.394357 5
-1.978822 6.189572 0.397404 5
-1.934184 6.219450 0.389779 5
0.142401 5.583034 -0.420789 5
1.685717 5.905818 -0.850949 5
1.595442 6.005019 -0.800757 5
1.594304 6.084236 -0.783882 5
1.606337 6.160579 -0.771999 5
1.599371 6.240193 -0.753345 5
-1.274899 2.050173 -0.798738 11
-1.326538 2.223526 -0.737528 11
-1.414135 2.432651 -0.656817 11
-1.375247 2.494403 -0.650924 11
-1.323498 2.541542 -0.652613 11
-1.381645 2.706114 -0.592311 6
-1.266341 2.684407 -0.630317 12
-1.339121 2.858380 -0.563580 6
-1.246762 2.861360 -0.588744 12
-1.345368 3.054126 -0.509922 2
-1.360427 3.160480 -0.477602 6
-1.361779 3.251503 -0.453279 6
-1.374161 3.350964 -0.423687 6
-1.406807 3.466679 -0.384146 6
-1.248896 3.410348 -0.443973 6
-1.191067 3.445311 -0.451485 6
-1.085690 3.440307 -0.483082 6
-0.661955 3.171800 -0.674445 12
-0.558240 3.178044 -0.702828 12
-0.499368 3.222180 -0.708602 12
-0.315547 3.168846 -0.775617 12
-0.278114 3.232428 -0.770378 12
-0.206221 3.269877 -0.781903 12
-0.038007 3.237367 -0.839350 12
0.202178 3.156943 -0.930039 12
0.300402 3.182545 -0.952535 2
0.303328 3.275431 -0.930260 2
0.328791 3.351863 -0.918822 2
0.518649 3.319344 -0.983104 6
0.657032 3.324286 -1.022975 2
0.816596 3.318596 -1.071850 2
-0.288699 4.703391 -0.407006 13
-0.314370 4.788274 -0.379293 13
-0.379948 4.891044 -0.335347 13
-0.362697 4.952444 -0.326322 13
-0.369324 5.024525 -0.307617 13
-0.230924 5.031047 -0.348401 13
-0.382988 5.166386 -0.270835 5
-2.059749 5.941069 0.419875 5
-2.033486 5.976567 0.419873 5
-2.032603 6.022390 0.429956 5
-1.949598 6.036078 0.407478 5
-1.955629 6.084710 0.420218 5
-1.972656 6.136825 0.437075 5
-2.038030 6.205214 0.472432 5
-1.984591 6.231277 0.461633 5
-0.107779 5.657237 -0.245876 0
1.748990 5.879949 -0.777757 5
1.623522 5.987221 -0.716284 5
1.585647 6.073940 -0.686602 5
1.670857 6.136144 -0.700653 5
1.613405 6.225348 -0.664504 5
-1.290522 2.072923 -0.696886 11
-1.422051 2.338043 -0.592457 11
-1.388078 2.406373 -0.583708 11
-1.331826 2.449052 -0.587684 11
-1.343523 2.565987 -0.554189 11
-1.464634 2.796970 -0.461742 6
-1.401223 2.827473 -0.471025 6
-1.368241 2.889816 -0.463931 6
-1.409429 3.026037 -0.417775 6
-1.396788 3.105693 -0.400848 6
-1.390968 3.190602 -0.380785 6
-1.385830 3.274620 -0.360833 6
-1.438959 3.411065 -0.311632 6
-1.287387 3.358272 -0.366780 6
-1.262963 3.422458 -0.357367 6
-1.186254 3.440487 -0.374109 6
-0.987244 3.355498 -0.450699 2
-0.600038 3.118874 -0.617628 12
-0.590566 3.202971 -0.599367 12
-0.502844 3.223194 -0.618923 12
-0.439946 3.264323 -0.626424 12
-0.368728 3.299674 -0.637765 12
-0.236521 3.290058 -0.677412 12
-0.099717 3.279870 -0.718577 12
-0.036818 3.325823 -0.725209 12
0.068089 3.342752 -0.750892 12
0.382873 3.216786 -0.870928 2
0.399739 3.299971 -0.855703 2
0.529680 3.307702 -0.890987 2
0.691317 3.297480 -0.939724 2
0.773349 3.340884 -0.952930 2
-0.415316 4.619187 -0.309304 13
-0.376665 4.670926 -0.308630 13
-0.364813 4.736534 -0.297017 13
-0.329734 4.790131 -0.295011 13
-0.437978 4.913305 -0.235258 13
-0.384950 4.956937 -0.240913 13
-0.379167 5.022911 -0.227713 13
-0.407476 5.103612 -0.201238 5
-0.413819 5.173419 -0.183742 5
-0.398910 5.233456 -0.174760 5
-2.041192 5.975065 0.475068 5
-2.006894 6.007353 0.472051 5
-1.970464 6.039222 0.468264 5
-1.958133 6.080621 0.473666 5
-2.007014 6.144266 0.502053 5
-1.992744 6.184111 0.506448 5
-1.985943 6.226491 0.513569 5
-1.852353 6.226730 0.473790 5
-0.064855 5.700718 -0.172218 7
1.744050 5.949805 -0.663620 5
1.589646 6.061202 -0.594530 5
1.648101 6.128286 -0.598673 5
1.638889 6.208471 -0.579844 5
-1.381023 2.071474 -0.583313 11
-1.383377 2.186944 -0.553514 11
-1.408399 2.325903 -0.512007 11
-1.442579 2.471534 -0.466518 6
-1.358898 2.482113 -0.485595 11
-1.407510 2.638281 -0.433849 6
-1.439679 2.772505 -0.391941 6
-1.427295 2.856610 -0.374243 6
-1.357618 2.880489 -0.386605 6
-1.386623 3.004377 -0.348290 6
-1.422971 3.132401 -0.307080 6
-1.434865 3.233585 -0.279014 6
-1.382334 3.271709 -0.283584 6
-1.328151 3.308641 -0.288947 6
-1.299736 3.369341 -0.281699 2
-1.157338 3.328244 -0.329754 6
-1.083943 3.350811 -0.343933 6
-0.977286 3.346101 -0.373707 2
-0.763062 3.253788 -0.453628 12
-0.732823 3.317852 -0.446373 12
-0.584526 3.286879 -0.493888 12
-0.554959 3.352545 -0.486200 12
-0.538527 3.427848 -0.472717 12
-0.343548 3.368001 -0.539986 12
-0.308021 3.430406 -0.534898 12
-0.194382 3.436284 -0.564562 12
-0.328543 3.619169 -0.484811 13
-0.248832 3.649078 -0.499669 13
-0.316982 3.780032 -0.450338 3
-0.290177 3.845066 -0.442579 3
-0.284996 3.923729 -0.425757 3
-0.090588 3.881875 -0.489189 3
-0.590302 4.637580 -0.177530 13
-0.418217 4.615544 -0.230670 13
-0.418092 4.687233 -0.214605 13
-0.431639 4.765124 -0.193375 13
-0.427410 4.833059 -0.179424 13
-0.461565 4.919006 -0.150722 13
-0.428374 4.971536 -0.148470 13
-0.305527 4.982897 -0.180676 13
-0.452396 5.117574 -0.109575 5
-0.447487 5.181805 -0.096931 5
-0.418955 5.235512 -0.093338 5
-2.044241 5.971692 0.527951 5
-1.997233 5.998721 0.520413 5
-1.955759 6.028607 0.515024 5
-1.947818 6.071733 0.521991 5
-2.005652 6.138750 0.552788 5
-1.974204 6.172415 0.550944 5
-1.977622 6.218422 0.561645 5
-1.821197 6.210907 0.515251 5
-1.842444 6.263610 0.532385 5
-0.083111 5.763362 -0.077025 7
-0.081742 5.827275 -0.064146 7
-0.047977 5.881457 -0.062657 7
1.823592 5.920853 -0.595001 5
1.694038 6.028123 -0.536120 5
1.651309 6.115573 -0.506401 5
1.805999 6.165733 -0.541346 5
-1.395264 1.861001 -0.541973 6
-1.386310 1.967498 -0.518164 6
-1.444056 2.152035 -0.458793 11
-1.404153 2.215582 -0.453281 11
-1.450480 2.378275 -0.402195 6
-1.430489 2.461057 -0.387153 6
-1.403769 2.534896 -0.376022 6
-1.386006 2.617392 -0.360606 6
-1.347768 2.676608 -0.356020 6
-1.363145 2.791387 -0.324582 6
-1.362153 2.886686 -0.302021 12
-1.376260 2.995209 -0.272517 12
-1.398890 3.109649 -0.239486 2
-1.326364 3.129654 -0.253271 2
-1.294490 3.189130 -0.247341 2
-1.358752 3.337089 -0.195867 2
-1.316696 3.384593 -0.195491 2
-1.160132 3.330341 -0.248628 2
-1.035885 3.308338 -0.285902 2
-0.939594 3.313059 -0.309741 2
-0.761245 3.251083 -0.370491 12
-0.672916 3.267396 -0.389674 12
-0.624601 3.317282 -0.390699 12
-0.568944 3.361564 -0.394996 12
-0.518100 3.409957 -0.397144 12
-0.426441 3.427894 -0.417055 12
-0.342682 3.453215 -0.433257 12
-0.333723 3.533788 -0.417200 13
-0.322676 3.611882 -0.402318 13
-0.280673 3.667685 -0.400739 13
-0.321501 3.779538 -0.364599 3
-0.342154 3.875686 -0.337415 3
-0.245273 3.894083 -0.359010 3
-0.095234 3.880542 -0.401973 3
-0.485152 4.280122 -0.208728 13
0.305176 3.888143 -0.507192 13
-0.515381 4.446693 -0.163685 13
-0.565387 4.547705 -0.127971 13
-0.547120 4.608947 -0.119406 13
-0.427698 4.615479 -0.150112 13
-0.478881 4.713814 -0.114830 13
-0.493083 4.791131 -0.094159 13
-0.441846 4.834681 -0.098557 13
-0.435017 4.900403 -0.086193 13
-0.509522 5.004154 -0.043642 13
-0.466036 5.050902 -0.045406 13
-0.459529 5.114688 -0.033527 5
-0.361082 5.137769 -0.055395 5
-0.456074 5.244926 -0.006753 5
-0.403924 5.288345 -0.011790 5
-2.003777 5.996613 0.574477 5
-2.009080 6.044549 0.585997 5
-1.972082 6.075953 0.582441 5
-1.970660 6.120909 0.591424 5
-1.983160 6.170495 0.605151 5
-1.981439 6.214552 0.613792 5
-1.832725 6.209276 0.571825 5
-1.815145 6.249274 0.575198 5
-1.794384 6.288350 0.577470 5
-0.021957 5.801166 -0.010350 7
-0.039728 5.870761 0.008669 7
0.877352 5.825080 -0.253991 5
1.814439 5.991515 -0.480843 5
1.629409 6.107812 -0.406726 5
1.800776 6.154283 -0.445308 5
-2.327466 0.295365 -0.609136 8
-2.297573 0.416523 -0.586469 8
-2.259225 0.517464 -0.570700 8
-1.447594 1.813464 -0.450224 2
-1.421129 1.898878 -0.436467 2
-1.473640 2.079880 -0.381339 6
-1.427410 2.136392 -0.379224 6
-1.395652 2.209578 -0.369767 6
-1.354594 2.270933 -0.365374 11
-1.415368 2.447135 -0.309584 6
-1.361726 2.491064 -0.312405 6
-1.380851 2.614299 -0.279154 6
-1.312508 2.641197 -0.289608 6
-1.336883 2.765795 -0.254859 6
-1.294698 2.819142 -0.252903 12
-1.394588 3.014831 -0.183350 12
-1.382616 3.094576 -0.167996 12
-1.343399 3.146735 -0.165728 12
-1.204739 3.104761 -0.209597 12
-1.133064 3.128356 -0.221974 2
-1.222963 3.299469 -0.160751 2
-1.075946 3.255157 -0.207367 2
-1.018135 3.292243 -0.213381 2
-0.933522 3.306978 -0.231180 2
-0.733149 3.226427 -0.299442 12
-0.685976 3.276646 -0.299984 12
-0.639716 3.327711 -0.300156 12
-0.561996 3.354170 -0.313792 12
-0.549692 3.432071 -0.299527 12
-0.467659 3.456494 -0.314804 12
-0.399060 3.492088 -0.324258 12
-0.350253 3.542807 -0.325403 13
-0.435494 3.688472 -0.271644 13
-0.297235 3.675787 -0.309574 3
-0.304216 3.764320 -0.288374 3
-0.261069 3.818306 -0.287565 3
-0.548556 4.086544 -0.155625 13
-0.669823 4.240226 -0.091173 13
-0.605909 4.274818 -0.100042 13
-0.574428 4.329879 -0.096208 13
-0.597203 4.416987 -0.071568 13
-0.640358 4.514364 -0.039522 13
-0.573306 4.547481 -0.049698 13
-0.553362 4.607529 -0.042007 13
-0.494154 4.646147 -0.049074 13
-0.469626 4.703735 -0.043183 13
-0.466808 4.772317 -0.029383 13
-0.480018 4.848239 -0.009921 13
-0.527229 4.939687 0.021596 13
-0.484426 4.986497 0.020290 13
-0.521709 5.070764 0.047629 13
-0.453340 5.105853 0.037125 5
-0.436050 5.164374 0.044779 5
-0.401143 5.215180 0.046188 5
-0.425430 5.290783 0.068156 5
-1.956048 5.972666 0.609320 5
-2.001587 6.036834 0.634424 5
-1.990617 6.078088 0.639983 5
-1.984897 6.121161 0.647260 5
-1.981719 6.164916 0.655313 5
-1.981460 6.209410 0.664253 5
-1.812669 6.197132 0.617320 5
-1.782471 6.233160 0.616603 5
-1.747484 6.268033 0.614359 5
-0.100081 5.816578 0.089205 7
0.073254 5.829613 0.045991 7
0.739912 5.707736 -0.154488 5
0.755353 5.775274 -0.145232 5
0.805371 5.833763 -0.146967 5
0.938728 5.872213 -0.174771 5
1.044870 5.919547 -0.193672 5
1.196394 5.958408 -0.226320 5
1.456723 5.976466 -0.291949 5
1.443186 6.056089 -0.272963 5
1.589122 6.103800 -0.302575 5
1.705424 6.159671 -0.322794 5
-2.723699 0.209036 -0.442795 8
-2.702870 0.358707 -0.412370 8
-2.709638 0.562250 -0.363364 8
-2.643545 0.603092 -0.368371 8
-2.573290 0.635050 -0.376414 8
-2.493767 0.648560 -0.390844 8
-2.460480 0.753782 -0.373765 8
-2.565272 1.119707 -0.265551 8
-2.477654 1.110795 -0.287125 8
-2.374462 1.075620 -0.318301 8
-2.158765 0.843577 -0.420218 8
-2.193229 1.058928 -0.362754 8
-2.082140 1.018987 -0.396940 8
-1.445833 1.816968 -0.360063 6
-1.452134 1.943099 -0.330123 11
-1.426490 2.026706 -0.317239 11
-1.364661 2.065219 -0.322973 11
-1.357263 2.168289 -0.301547 6
-1.392124 2.317957 -0.259837 11
-1.451945 2.491773 -0.206918 11
-1.402417 2.539100 -0.207972 12
-1.365146 2.599715 -0.203222 11
-1.344786 2.677796 -0.190641 12
-1.394625 2.827966 -0.145511 12
-1.393043 2.921373 -0.125174 12
-1.436627 3.058223 -0.084559 12
-1.365226 3.078404 -0.097056 12
-1.289747 3.095692 -0.111200 12
-1.222469 3.121902 -0.121468 12
-1.089496 3.088170 -0.160618 12
-0.997362 3.094757 -0.181210 12
-1.000159 3.187425 -0.160280 12
-0.857451 3.151695 -0.202321 12
-0.841476 3.227558 -0.189646 12
-0.755221 3.243698 -0.206908 12
-0.694866 3.282498 -0.213054 12
-0.614069 3.305466 -0.227604 12
-0.566179 3.355529 -0.228388 12
-0.578755 3.452279 -0.204508 12
-0.487164 3.468786 -0.223192 12
-0.548087 3.599394 -0.180388 13
-0.546664 3.681804 -0.163111 13
-0.554883 3.769854 -0.142323 13
-0.626063 3.900056 -0.097231 13
-0.634388 3.984440 -0.077278 13
-0.600598 4.039587 -0.073870 13
-0.605696 4.119874 -0.055655 13
-0.616350 4.202522 -0.035617 13
-0.600888 4.267696 -0.025714 13
-0.632431 4.360846 0.001589 13
-0.640918 4.438554 0.019939 13
-0.585929 4.478398 0.014682 13
-0.561526 4.536160 0.020675 13
-0.489693 4.567532 0.009414 13
-0.505320 4.647146 0.029772 13
-0.465764 4.696513 0.030157 13
-0.523710 4.796215 0.065084 13
-0.449609 4.827542 0.053099 13
-0.538714 4.939753 0.098265 13
-0.500997 4.988667 0.098863 13
-0.433744 5.024139 0.089318 13
-0.410966 5.080693 0.095124 5
-0.410132 5.146815 0.108316 5
-0.346538 5.185488 0.100222 5
-0.468374 5.302233 0.154258 5
-1.900583 5.945507 0.642510 5
-1.981942 6.024358 0.678722 5
-1.973603 6.066743 0.685097 5
-1.967390 6.109736 0.692101 5
-1.970270 6.155776 0.701971 5
-1.937889 6.189157 0.700431 5
-1.789259 6.183842 0.661933 5
-1.768532 6.223084 0.664433 5
-1.729012 6.256556 0.661031 5
-0.047490 5.792611 0.145597 7
0.597311 5.667992 -0.041666 5
0.613704 5.733852 -0.033000 5
0.685151 5.784711 -0.041216 5
0.776912 5.831386 -0.055427 5
0.844475 5.885640 -0.062089 5
1.024708 5.913971 -0.102338 5
1.084864 5.973158 -0.106260 5
1.182934 6.024946 -0.121263 5
1.384647 6.056851 -0.166412 5
1.627907 6.084356 -0.222996 5
1.589847 6.169224 -0.197272 5
1.751007 6.217684 -0.229119 5
-2.722545 -0.186849 -0.433919 8
-2.680184 -0.073012 -0.417517 8
-2.694380 0.165610 -0.361281 8
-2.679902 0.329772 -0.327799 8
-2.656252 0.467361 -0.302235 8
-2.664450 0.666833 -0.256120 8
-2.634035 0.778676 -0.237809 8
-2.631297 0.942159 -0.202116 8
-2.618920 1.080525 -0.174110 8
-2.545296 1.097078 -0.186365 8
-2.487838 1.144624 -0.188296 8
-2.384094 1.107469 -0.219035 8
-2.401021 1.288045 -0.175487 8
-2.299765 1.256986 -0.204412 8
-2.178019 1.194289 -0.244818 8
-2.111887 1.228318 -0.251807 8
-2.058866 1.283841 -0.251234 8
-0.634083 0.190031 -0.805370 10
-0.709365 0.447024 -0.732706 10
-0.744385 0.641901 -0.682563 10
-0.782019 0.834383 -0.632399 10
-1.324649 1.667567 -0.330436 6
-1.379435 1.857176 -0.277135 2
-1.420722 2.024424 -0.231735 11
-1.392005 2.102551 -0.221348 11
-1.383224 2.202908 -0.201715 11
-1.419013 2.352601 -0.161445 11
-1.332965 2.360226 -0.179272 11
-1.259466 2.383327 -0.190974 11
-1.431350 2.674184 -0.089711 12
-1.368279 2.704988 -0.097466 12
-1.396563 2.831802 -0.063971 12
-1.409314 2.939529 -0.038117 12
-1.432914 3.055693 -0.008024 12
-1.407670 3.121055 0.000077 12
-1.273283 3.080488 -0.039312 12
-1.193237 3.094693 -0.054674 12
-1.148790 3.143172 -0.054649 12
-1.016593 3.112065 -0.091634 12
-0.939278 3.132931 -0.105063 12
-0.873989 3.165440 -0.113303 12
-0.818661 3.207184 -0.117338 12
-0.761312 3.247627 -0.122147 12
-0.808903 3.374490 -0.084608 12
-0.666391 3.345780 -0.123676 12
-0.651008 3.420292 -0.111741 12
-0.609550 3.473859 -0.110260 12
-0.510708 3.484156 -0.131161 12
-0.522074 3.577626 -0.109163 13
-0.631234 3.740172 -0.050080 13
-0.644785 3.830520 -0.028284 13
-0.619321 3.892280 -0.021541 13
-0.621553 3.972457 -0.004555 13
-0.652890 4.070795 0.022955 13
-0.640843 4.139034 0.034078 13
-0.615804 4.198364 0.040293 13
-0.560886 4.238877 0.035604 13
-0.607551 4.341623 0.067492 13
-0.602027 4.411208 0.080300 13
-0.615411 4.491024 0.099616 13
-0.569896 4.536262 0.097979 13
-0.547898 4.594889 0.104581 13
-0.485236 4.631313 0.097043 13
-0.473949 4.695669 0.107274 13
-0.414990 4.735012 0.101139 13
-0.512332 4.853580 0.147973 13
-0.459332 4.895387 0.143685 13
-0.462482 4.964615 0.158200 13
-0.397605 5.001462 0.150034 13
-0.404928 5.071934 0.165729 13
-0.425465 5.147424 0.185541 5
-0.361111 5.185392 0.177631 5
-0.407228 5.270385 0.205372 5
-0.380024 5.323988 0.209364 5
-1.950852 6.007352 0.719597 5
-1.950573 6.053083 0.728453 5
-1.984833 6.111270 0.748005 5
-1.912753 6.130057 0.734334 5
-1.915240 6.176117 0.743854 5
-1.794112 6.180062 0.715472 5
-1.796502 6.226687 0.725035 5
0.212969 5.638144 0.127747 0
0.473739 5.625786 0.062511 5
0.558302 5.670404 0.050649 5
0.691865 5.702528 0.024541 5
0.690683 5.773776 0.038388 5
0.794844 5.817005 0.021426 5
0.997174 5.837370 -0.023633 5
1.049047 5.897803 -0.024767 5
1.267463 5.920587 -0.073332 5
1.304987 5.987302 -0.069883 5
1.396258 6.043163 -0.081523 5
1.470343 6.103971 -0.088111 5
1.672942 6.141671 -0.130199 5
1.759091 6.203990 -0.139507 5
-2.705783 -0.423296 -0.386467 8
-2.689890 -0.238717 -0.350558 8
-2.675604 -0.058555 -0.315287 8
-2.632579 0.048456 -0.301539 8
-2.638404 0.259855 -0.255525 8
-2.626683 0.424289 -0.223149 8
-2.585441 0.520081 -0.211501 8
-2.616954 0.761937 -0.153765 8
-2.604524 0.905770 -0.125986 8
-2.615863 1.090654 -0.084577 8
-2.545712 1.113275 -0.094569 8
-2.467250 1.121050 -0.109469 8
-2.479587 1.294873 -0.070267 8
-2.370583 1.247296 -0.103327 8
-2.298239 1.267047 -0.114499 8
-2.199537 1.242994 -0.140489 8
-2.118550 1.251040 -0.156010 8
-2.074772 1.320662 -0.150737 8
-1.121611 0.277500 -0.572406 10
-1.043605 0.318329 -0.580587 10
-1.014954 0.431135 -0.563211 10
-0.925692 0.455269 -0.577356 10
-0.883925 0.546551 -0.567347 10
-0.868660 0.672264 -0.544508 10
-0.906762 0.866070 -0.496054 10
-0.889789 0.982152 -0.475649 10
-0.881410 1.106594 -0.451686 10
-1.339806 1.812807 -0.206260 2
-1.381064 1.980525 -0.162650 11
-1.506648 2.244769 -0.080824 11
-1.457721 2.294639 -0.081188 11
-1.394294 2.327591 -0.088221 11
-1.399500 2.438716 -0.064233 11
-1.398825 2.540737 -0.043427 12
-1.391560 2.633379 -0.026012 12
-1.474812 2.820584 0.030573 12
-1.439095 2.878000 0.034487 12
-1.432832 2.965077 0.050904 12
-1.397646 3.021513 0.054684 12
-1.344106 3.059490 0.050637 12
-1.343543 3.148827 0.068693 12
-1.138222 3.043143 0.001904 12
-1.074334 3.074403 -0.005868 12
-1.070852 3.161141 0.010939 12
-0.946392 3.138862 -0.021134 12
-0.883525 3.173096 -0.028157 12
-0.818810 3.206408 -0.035801 12
-0.797876 3.277050 -0.026221 12
-0.757046 3.330625 -0.024527 12
-0.720323 3.387431 -0.021295 12
-0.636268 3.406831 -0.036147 12
-0.606069 3.469076 -0.030422 12
-0.561975 3.520475 -0.029998 12
-0.628870 3.653965 0.011619 13
-0.605270 3.718686 0.019235 13
-0.619472 3.809704 0.040534 13
-0.594320 3.871859 0.047241 13
-0.593311 3.950025 0.062521 13
-0.604198 4.035038 0.081807 13
-0.587191 4.100574 0.090939 13
-0.616347 4.194921 0.116132 13
-0.600725 4.259646 0.125366 13
-0.599372 4.332535 0.139402 13
-0.620758 4.418060 0.161031 13
-0.599530 4.477386 0.167865 13
-0.550031 4.520387 0.165083 13
-0.497379 4.562120 0.161314 13
-0.492990 4.630540 0.173666 13
-0.463836 4.685202 0.177697 13
-0.372744 4.707909 0.161432 13
-0.372439 4.777842 0.174931 13
-0.403056 4.862228 0.198237 13
-0.428505 4.942688 0.219583 13
-0.415892 5.004111 0.228565 13
-0.368263 5.049291 0.226414 13
-0.323656 5.096320 0.225285 5
-0.387054 5.190256 0.257779 5
-0.322435 5.228539 0.250357 5
-0.377149 5.316299 0.279639 5
-1.960074 6.006232 0.773232 5
-1.949895 6.047973 0.778854 5
-1.931141 6.086384 0.781863 5
-1.936049 6.133406 0.791909 5
-1.896455 6.164400 0.788704 5
-1.862880 6.197981 0.787351 5
-1.744178 6.204073 0.761263 5
0.162585 5.645879 0.218430 0
0.875325 5.641084 0.053734 5
0.959209 5.690875 0.043737 5
1.182697 5.780419 0.008967 5
1.180258 5.855741 0.023511 5
1.241136 5.915941 0.020635 5
1.379212 5.959934 -0.003060 5
1.388371 6.033614 0.008421 5
1.578132 6.070869 -0.028493 5
1.768889 6.111473 -0.065051 5
1.831736 6.178693 -0.067234 5
-2.665081 -0.495231 -0.306005 8
-2.653099 -0.300270 -0.269154 8
-2.670691 -0.045098 -0.214209 8
-2.614960 0.032091 -0.209984 8
-2.624155 0.250411 -0.164205 8
-2.633669 0.459984 -0.120142 8
-2.596096 0.562005 -0.107299 8
-2.581048 0.706719 -0.081312 8
-2.543759 0.801712 -0.069865 8
-2.624945 1.124264 0.011413 8
-2.517401 1.074776 -0.020515 8
-2.483099 1.165045 -0.009466 8
-2.435367 1.228465 -0.006565 8
-2.354985 1.232891 -0.022191 8
-2.302720 1.287384 -0.022048 8
-2.248078 1.337094 -0.023369 8
-2.144450 1.305384 -0.051058 8
-2.096455 1.366624 -0.048748 8
-1.418141 0.431263 -0.375305 10
-1.425386 0.597643 -0.340671 10
-1.343103 0.623512 -0.352562 10
-1.256791 0.644312 -0.366318 10
-1.204244 0.715154 -0.363147 10
-1.043865 0.632151 -0.412946 10
-1.002730 0.720210 -0.404033 10
-0.898669 0.721162 -0.425511 10
-0.924204 0.896725 -0.385419 10
-0.933306 1.045778 -0.354025 10
-0.873774 1.103170 -0.355113 10
-0.958873 1.341330 -0.290273 10
-1.414974 2.026882 -0.059501 11
-1.433390 2.160973 -0.029200 11
-1.428849 2.264510 -0.009755 11
-1.449350 2.394637 0.020163 11
-1.416719 2.461328 0.026420 11
-1.397658 2.542225 0.038304 12
-1.368126 2.610365 0.045460 12
-1.347714 2.687345 0.056253 12
-1.415104 2.854735 0.103264 12
-1.434193 2.967939 0.129451 12
-1.383968 3.008989 0.126860 12
-1.385255 3.100842 0.145074 12
-1.326758 3.133302 0.139020 12
-1.177821 3.080922 0.097241 12
-1.060910 3.062112 0.068775 12
-1.006080 3.102270 0.064944 12
-0.942229 3.134773 0.057689 12
-0.926964 3.210291 0.069101 12
-0.886109 3.262959 0.070616 12
-0.800556 3.278153 0.055329 12
-0.710709 3.291267 0.038707 12
-0.701470 3.370676 0.052082 12
-0.641358 3.408972 0.046635 12
-0.607702 3.468245 0.050869 12
-0.555645 3.513378 0.048425 12
-0.552244 3.594828 0.063367 13
-0.576006 3.694801 0.087670 13
-0.582849 3.780862 0.105655 13
-0.620623 3.887025 0.134114 13
-0.580823 3.938278 0.135381 13
-0.547183 3.993708 0.138753 13
-0.552126 4.074152 0.155182 13
-0.530405 4.136479 0.162399 13
-0.552206 4.225515 0.184061 13
-0.540134 4.292389 0.194186 13
-0.589481 4.395217 0.224374 13
-0.580687 4.462024 0.235160 13
-0.534965 4.507232 0.233858 13
-0.516219 4.567791 0.241275 13
-0.459928 4.607681 0.236649 13
-0.402609 4.647692 0.231805 13
-0.401580 4.717477 0.244746 13
-0.409521 4.791065 0.260329 13
-0.414950 4.862502 0.274946 13
-0.394248 4.920587 0.281370 13
-0.393503 4.987828 0.293825 13
-0.342566 5.031595 0.290969 13
-0.300144 5.079723 0.290761 13
-0.326093 5.157730 0.310978 5
-0.276166 5.202696 0.308514 5
-0.188143 5.232708 0.294960 5
-1.894268 5.975417 0.804495 5
-1.920178 6.031708 0.820599 5
-1.919122 6.076962 0.828767 5
-1.908539 6.118430 0.834146 5
-1.893266 6.158141 0.838165 5
-1.851539 6.188860 0.834741 5
-1.722161 6.191325 0.806964 5
1.712110 5.953665 0.012289 5
1.644051 6.045964 0.043935 5
1.749074 6.103272 0.031295 5
1.847658 6.163549 0.020582 5
-2.643729 -0.753483 -0.255895 8
-2.654212 -0.493586 -0.204274 8
-2.633058 -0.321562 -0.175666 8
-2.635195 -0.102859 -0.133574 8
-2.649341 0.133244 -0.085806 8
-2.630369 0.285959 -0.060486 8
-2.651786 0.519247 -0.011840 8
-2.618955 0.629114 0.002551 8
-2.519816 0.600077 -0.022649 8
-2.537723 0.806926 0.020233 8
-2.551133 0.996787 0.058979 8
-2.546872 1.145826 0.086443 8
-2.504489 1.219015 0.091903 8
-2.439765 1.250098 0.084908 8
-2.361355 1.257250 0.070632 8
-2.306295 1.306012 0.068894 8
-2.229296 1.317271 0.055655 8
-2.199077 1.406827 0.066586 8
-2.107230 1.394784 0.045941 8
-2.033488 1.413510 0.034731 8
-1.924519 1.378796 0.006344 8
-1.369120 0.673298 -0.238363 10
-1.312392 0.736448 -0.237801 10
-1.187015 0.699624 -0.269914 10
-1.098033 0.717884 -0.284331 10
-1.051823 0.796731 -0.278733 10
-0.961240 0.814118 -0.293665 10
-1.006046 1.012921 -0.247167 10
-0.990798 1.127442 -0.228655 10
-0.939379 1.193194 -0.226629 10
-0.944080 1.328506 -0.200209 10
-1.346729 1.947976 -0.002443 11
-1.402704 2.128395 0.042781 11
-1.401823 2.236573 0.062933 11
-1.414024 2.357361 0.088086 11
-1.394239 2.439031 0.099416 11
-1.299745 2.436540 0.079828 11
-1.355323 2.598901 0.121523 12
-1.437561 2.785067 0.173067 12
-1.380279 2.820177 0.168031 12
-1.381600 2.915623 0.186162 12
-1.337021 2.963118 0.185998 12
-1.316238 3.033937 0.195015 12
-1.299915 3.108091 0.205551 12
-1.156896 3.061558 0.167789 12
-1.098311 3.096851 0.162457 12
-1.050681 3.142591 0.161291 12
-0.962981 3.152834 0.145341 12
-0.907483 3.192684 0.141454 12
-0.856483 3.236784 0.139263 12
-0.775274 3.255867 0.126248 12
-0.677272 3.262469 0.107476 12
-0.672564 3.345843 0.121996 12
-0.629833 3.398051 0.122955 12
-0.619741 3.475449 0.135244 12
-0.498616 3.468000 0.109097 12
-0.503481 3.556244 0.126432 13
-0.516446 3.648957 0.146240 13
-0.586662 3.780679 0.184973 13
-0.572318 3.850429 0.194922 13
-0.540537 3.907637 0.198969 13
-0.519247 3.971670 0.206417 13
-0.572084 4.083523 0.237877 13
-0.526834 4.130399 0.237224 13
-0.552156 4.221531 0.259198 13
-0.532881 4.283849 0.266701 13
-0.535322 4.358715 0.280962 13
-0.474059 4.395537 0.275129 13
-0.485618 4.474568 0.292009 13
-0.472213 4.538581 0.300988 13
-0.461351 4.603516 0.310649 13
-0.416032 4.649676 0.309767 13
-0.379553 4.700803 0.311605 13
-0.358035 4.759660 0.317928 13
-0.324530 4.812427 0.320658 13
-0.264283 4.852472 0.315541 13
-0.270146 4.924257 0.329838 13
-0.291205 5.002168 0.348377 13
-0.210761 5.033844 0.337537 5
-0.259652 5.122732 0.363799 5
-0.200279 5.164321 0.359092 5
-0.120221 5.198247 0.348710 5
-1.819597 5.940947 0.834684 5
-1.846158 5.998288 0.850569 5
-1.841439 6.042922 0.857676 5
-1.843571 6.089789 0.866598 5
-1.901208 6.155823 0.890462 5
-1.853460 6.184263 0.885716 5
-1.737793 6.190988 0.862983 5
-1.611047 6.196384 0.837708 5
1.719960 5.940406 0.101036 5
1.756546 6.011421 0.106121 5
1.713804 6.098184 0.130470 5
1.768312 6.165894 0.131219 5
-2.660293 -0.924194 -0.177515 8
-2.582985 -0.876111 -0.183764 8
-2.660999 -0.448899 -0.091910 8
-2.622290 -0.320775 -0.076337 8
-2.645116 -0.055243 -0.024201 8
-2.210712 -0.832156 -0.247637 8
-2.562008 0.157525 -0.001991 8
-2.591217 0.409802 0.048981 8
-2.585721 0.578823 0.078289 8
-2.539608 0.658641 0.083726 8
-2.491843 0.733005 0.087859 8
-2.486468 0.887559 0.114579 8
-2.549794 1.166303 0.176872 8
-2.523104 1.267557 0.189894 8
-2.443089 1.269638 0.174799 8
-2.385160 1.312153 0.171229 8
-2.354775 1.401805 0.181442 8
-2.262103 1.384278 0.160367 8
-2.165200 1.362216 0.137656 8
-2.082769 1.366086 0.122395 8
-2.044078 1.440348 0.128224 8
-1.953319 1.432919 0.109315 8
-1.397468 0.726397 -0.125035 10
-1.368608 0.829177 -0.112201 10
-1.314274 0.892800 -0.111327 10
-1.206234 0.879770 -0.134605 10
-1.087508 0.854452 -0.162161 10
-0.991813 0.863416 -0.179113 10
-0.977938 0.982753 -0.160430 10
-0.924035 1.047191 -0.159349 10
-0.910164 1.162111 -0.141465 10
-0.953376 1.345767 -0.100201 10
-1.379097 1.992342 0.098173 11
-1.395895 2.124489 0.125082 11
-1.418041 2.259496 0.153537 11
-1.359284 2.297746 0.148963 11
-1.321899 2.360436 0.152909 11
-0.977317 2.082418 0.036228 10
-1.403048 2.653112 0.221007 12
-1.377597 2.723343 0.228611 12
-1.357756 2.798462 0.238174 12
-1.361235 2.896274 0.256325 12
-0.968508 2.595053 0.126115 12
-1.423557 3.140263 0.312025 12
-1.262983 3.073168 0.268793 2
-1.202754 3.105233 0.262791 2
-1.320699 3.302749 0.321003 2
-1.257497 3.330040 0.313563 2
-1.185756 3.350498 0.303238 2
-1.033959 3.302255 0.265061 2
-0.836431 3.218780 0.211688 12
-0.757408 3.239785 0.200030 12
-0.755206 3.325001 0.214787 12
-0.679921 3.350144 0.204588 12
-0.623284 3.391050 0.200830 12
-0.562369 3.429131 0.195730 12
-0.473265 3.446523 0.181445 12
-0.473256 3.531351 0.196541 13
-0.515103 3.645269 0.224978 13
-0.517452 3.728682 0.240275 13
-0.481289 3.784102 0.243072 13
-0.507546 3.881930 0.265593 13
-0.537053 3.980076 0.288801 13
-0.482057 4.021266 0.285381 13
-0.526134 4.126167 0.312627 13
-0.534584 4.206639 0.328572 13
-0.535991 4.281642 0.342165 13
-0.467436 4.313964 0.334507 13
-0.527266 4.422104 0.365392 13
-0.471190 4.461746 0.361465 13
-0.377179 4.480904 0.346485 13
-0.407380 4.569248 0.368056 13
-0.397245 4.634604 0.377661 13
-0.313571 4.661323 0.366032 13
-0.328092 4.739084 0.382651 13
-0.334665 4.811836 0.396824 13
-0.247270 4.838494 0.384447 13
-0.220094 4.894855 0.389107 13
-0.204293 4.956406 0.396909 13
-0.171787 5.010250 0.400074 13
-0.132977 5.061503 0.401543 5
-0.157316 5.139695 0.420135 5
-0.065791 5.169199 0.407432 5
0.033637 5.197085 0.392892 5
-1.775954 5.966191 0.883149 5
-1.776673 6.013574 0.891659 5
-1.816903 6.074987 0.910383 5
-1.859291 6.135913 0.929441 5
-1.807303 6.163221 0.924076 5
-1.732084 6.183639 0.912941 5
-1.727095 6.227911 0.919772 5
1.747862 6.001472 0.198672 5
1.722994 6.084582 0.218154 5
1.795506 6.148829 0.215219 5
1.842173 6.218735 0.218343 5
-2.598171 -1.052621 -0.103805 8
-2.557449 -0.909724 -0.087315 8
-2.581534 -0.614849 -0.032945 8
-2.614398 -0.313289 0.024211 8
-2.543772 -0.264738 0.019145 8
-2.559710 -0.022432 0.063111 8
-2.599335 0.261025 0.118490 8
-2.553597 0.349826 0.124919 8
-2.629438 0.688716 0.196485 8
-2.512835 0.622393 0.163377 8
-2.501569 0.769391 0.186136 8
-2.464551 0.861329 0.194750 8
-2.412530 0.922330 0.195318 8
-2.380639 1.019236 0.205742 8
-2.458623 1.310995 0.269758 8
-2.381753 1.318945 0.256698 8
-2.348503 1.403104 0.264722 8
-2.308845 1.474388 0.269368 8
-2.242199 1.499832 0.261198 8
-2.088200 1.385462 0.212987 8
-2.011742 1.399580 0.201068 8
-1.955422 1.445766 0.198358 8
-1.890048 1.478077 0.191606 8
-1.828598 1.516532 0.186633 8
-1.274323 0.844202 -0.031035 10
-1.183369 0.856068 -0.046025 10
-1.094074 0.871712 -0.060060 10
-1.053676 0.954956 -0.053483 10
-1.014845 1.038897 -0.046490 10
-1.030099 1.191765 -0.017691 10
-0.920919 1.181971 -0.039740 10
-0.983333 1.388758 0.007029 10
-1.369678 1.985500 0.180497 11
-1.361156 2.087086 0.196166 11
-1.364731 2.200684 0.216137 11
-1.333390 2.271407 0.222312 11
-1.358622 2.405016 0.249731 11
-1.443585 2.601271 0.298941 12
-1.344112 2.591577 0.278751 12
-1.323082 2.667454 0.287740 12
-1.314668 2.755318 0.301123 12
-1.351270 2.887555 0.330446 12
-1.326431 2.954878 0.337280 6
-1.366887 3.085493 0.367052 6
-1.348158 3.155814 0.375541 2
-1.400289 3.292055 0.408451 6
-1.351655 3.331512 0.406125 6
-1.289139 3.358618 0.399114 6
-1.182833 3.347536 0.377452 6
-1.080353 3.342072 0.357463 2
-0.950955 3.315723 0.328911 2
-0.762193 3.242662 0.281358 12
-0.649134 3.236622 0.259315 12
-0.698613 3.363572 0.290176 12
-0.559927 3.339305 0.260267 12
-0.617750 3.469803 0.293292 12
-0.526983 3.484822 0.279000 12
-0.400655 3.475058 0.253875 12
-0.536723 3.658252 0.310442 13
-0.482940 3.701274 0.307813 13
-0.444520 3.755429 0.309942 13
-0.513843 3.882953 0.344616 13
-0.526305 3.969489 0.361732 13
-0.497966 4.028014 0.366489 13
-0.508767 4.111313 0.382750 13
-0.444753 4.146619 0.376924 13
-0.476860 4.241443 0.399117 13
-0.489498 4.322851 0.415405 13
-0.469367 4.383900 0.422135 13
-0.386225 4.408663 0.410971 13
-0.366696 4.470241 0.417909 13
-0.314545 4.513736 0.415707 13
-0.298199 4.576819 0.423500 13
-0.296795 4.647305 0.435335 13
-0.217603 4.677641 0.425876 13
-0.194775 4.737087 0.431855 13
-0.184348 4.802363 0.441135 13
-0.079786 4.822932 0.425313 13
-0.067625 4.887686 0.434189 13
-0.032395 4.941773 0.436966 13
0.006429 4.994490 0.438846 13
0.046495 5.046968 0.440458 13
-1.768816 5.958457 0.933119 5
-1.736456 5.993354 0.933143 5
-1.788431 6.059482 0.954145 5
-1.813599 6.114581 0.968292 5
-1.823895 6.163669 0.978656 5
-1.707343 6.169962 0.958194 5
-1.664874 6.202340 0.955927 5
-1.103594 6.073794 0.830008 5
-1.019698 6.100496 0.819111 5
0.400673 5.741131 0.494593 5
1.764234 5.986418 0.285098 5
1.705741 6.076206 0.311442 5
1.783954 6.138962 0.307865 5
1.802972 6.213418 0.317249 5
-2.562822 -1.111403 -0.011367 8
-2.477516 -1.079099 -0.021914 8
-2.583182 -0.582767 0.076030 8
-2.535172 -0.474508 0.084375 8
-2.581909 -0.152227 0.143988 8
-2.565323 0.013235 0.167176 8
-2.521693 0.112985 0.175016 8
-2.536365 0.333461 0.212668 8
-2.531665 0.504555 0.238961 8
-2.520339 0.655587 0.260873 8
-2.478715 0.741228 0.266892 8
-2.446937 0.843449 0.277351 8
-2.437731 0.985004 0.298181 8
-2.417313 1.101057 0.312929 8
-2.435276 1.282333 0.345040 8
-1.912761 0.508964 0.127078 8
-2.375194 1.460867 0.362575 8
-2.303628 1.477000 0.352179 8
-2.238212 1.504124 0.344661 8
-2.156307 1.505250 0.330023 8
-2.039844 1.453739 0.300747 8
-1.968134 1.474822 0.291162 8
-1.892631 1.491004 0.280120 8
-1.433013 0.943046 0.109599 10
-1.333826 0.938967 0.091071 10
-1.269840 0.986625 0.087178 10
-1.163119 0.975214 0.066146 10
-1.041812 0.946479 0.039727 10
-0.963149 0.977427 0.030556 10
-0.934576 1.074195 0.040956 10
-0.984707 1.269253 0.081275 10
-1.223840 1.694208 0.192437 2
-1.380306 2.003146 0.270145 11
-1.356365 2.085592 0.279124 11
-1.348792 2.185810 0.293905 11
-1.316823 2.255818 0.299469 11
-1.364020 2.414191 0.333434 11
-1.417010 2.574567 0.368767 12
-1.336559 2.585791 0.356226 12
-1.388350 2.738903 0.390195 6
-1.385330 2.830716 0.404500 12
-1.386932 2.925443 0.420110 6
-1.416839 3.046597 0.445045 6
-1.512276 3.229135 0.491589 6
-1.469079 3.272842 0.490998 6
-1.391982 3.284580 0.479211 6
-1.408736 3.384445 0.498399 6
-1.316794 3.383582 0.481951 6
-1.335978 3.483344 0.501573 6
-1.106893 3.364600 0.441668 6
-0.944383 3.309254 0.403884 2
-0.760826 3.240396 0.360184 12
-0.668260 3.250941 0.345536 12
-0.660092 3.331005 0.357161 12
-0.605829 3.373632 0.354541 12
-0.527122 3.397781 0.344596 12
-0.487869 3.452949 0.346697 12
-0.408948 3.478660 0.336992 12
-0.512731 3.638160 0.381420 13
-0.477055 3.694196 0.384327 13
-0.490397 3.784261 0.401460 13
-0.467244 3.847949 0.407849 13
-0.462448 3.923472 0.419424 13
-0.429401 3.979639 0.422858 13
-0.398728 4.037236 0.426956 13
-0.329673 4.070702 0.420348 13
-0.401483 4.191241 0.452835 13
-0.383315 4.255095 0.460192 13
-0.386276 4.330893 0.473237 13
-0.321087 4.366793 0.467752 13
-0.270461 4.411684 0.466316 13
-0.259476 4.478690 0.475494 13
-0.006779 4.638246 0.457799 13
0.114726 4.651975 0.438858 13
0.005196 4.776821 0.478778 13
0.066533 4.819858 0.475247 13
-1.725034 5.983958 0.982235 5
-1.776256 6.049915 1.002226 5
-1.722547 6.076999 0.997434 5
-1.757295 6.135461 1.013313 5
-1.694713 6.160293 1.006614 5
-1.687067 6.203934 1.012641 5
-1.637456 6.234306 1.009144 5
-0.974799 6.080323 0.868025 5
0.455989 5.716372 0.558021 5
1.647759 5.999043 0.399275 5
1.697575 6.066130 0.402079 5
1.656684 6.150950 0.423638 5
1.842041 6.194335 0.398935 5
-2.447998 -1.373405 0.037930 8
-2.582606 -0.786852 0.148550 8
-2.546883 -0.642860 0.163417 8
-2.552792 -0.406689 0.199358 8
-2.534971 -0.235557 0.221477 8
-2.468853 -0.179335 0.218023 8
-2.371420 -0.192290 0.198784 8
-2.521162 0.321412 0.301476 8
-2.502249 0.462668 0.319068 8
-2.460330 0.552340 0.324953 8
-2.450198 0.701989 0.345387 8
-2.421191 0.809962 0.356316 8
-2.410433 0.948806 0.375074 8
-2.392115 1.069041 0.389752 8
-2.385748 1.206844 0.409169 8
-2.354945 1.297283 0.417250 8
-2.364450 1.454292 0.442358 8
-2.332059 1.535865 0.448876 8
-2.208015 1.465457 0.416654 8
-2.146764 1.500258 0.411168 8
-2.044639 1.471168 0.388998 8
-1.972554 1.491035 0.379423 8
-1.878152 1.478249 0.361083 8
-1.480672 1.022388 0.223515 10
-1.328757 0.940543 0.184845 10
-1.261337 0.983008 0.179560 10
-1.199625 1.033529 0.176499 10
-1.050882 0.966284 0.140644 10
-1.011115 1.048035 0.146134 10
-0.982072 1.142397 0.155401 10
-1.398827 1.801750 0.327000 2
-1.446467 1.976814 0.361732 2
-1.343828 1.963220 0.342043 2
-1.364188 2.099176 0.366194 11
-1.361970 2.205097 0.381927 6
-1.417804 2.375412 0.417420 6
-1.397801 2.455339 0.426189 6
-1.446090 2.609388 0.457949 6
-1.446607 2.707423 0.473022 6
-1.452536 2.809132 0.489596 6
-1.457110 2.907215 0.505403 6
-1.419036 2.959667 0.506981 6
-1.413991 3.044893 0.519216 6
-1.413338 3.132866 0.532635 6
-1.439462 3.244941 0.554316 6
-1.418992 3.310431 0.560952 6
-1.354125 3.334038 0.553638 6
-1.362769 3.425165 0.569184 6
-1.213429 3.374023 0.536095 6
-1.123808 3.378746 0.521736 6
-0.959838 3.321609 0.485288 2
-0.683128 3.174203 0.415886 12
-0.627895 3.216440 0.413188 12
-0.590200 3.273184 0.415710 12
-0.627408 3.388823 0.439987 12
-0.539190 3.405040 0.427759 12
-0.460678 3.430079 0.418552 12
-0.377070 3.452495 0.408102 13
-0.324072 3.498446 0.406470 13
-0.396408 3.633937 0.439817 13
-0.364308 3.693354 0.443821 13
-0.415273 3.809239 0.470560 13
-0.399183 3.877787 0.478703 13
-0.353599 3.926460 0.478825 13
-0.373242 4.017114 0.496431 13
-0.359184 4.085139 0.504883 13
-0.360094 4.161755 0.517194 13
0.146792 3.933333 0.397009 4
-1.759310 6.038581 1.049330 5
-1.675122 6.054807 1.038257 5
-1.696346 6.109065 1.050624 5
-1.674123 6.147943 1.053395 5
-1.656947 6.188619 1.057297 5
-1.654849 6.234087 1.064455 5
0.162343 5.728777 0.685370 5
0.306465 5.751449 0.665688 5
1.641059 5.989025 0.488750 5
1.688887 6.056228 0.492283 5
1.645016 6.141451 0.513716 5
1.643274 6.217903 0.526874 5
-2.477439 -1.265491 0.169159 8
-2.524328 -0.901972 0.227084 8
-2.482924 -0.769371 0.238035 8
-2.504927 -0.493125 0.279738 8
-2.458408 -0.386160 0.286352 8
-2.361540 -0.394967 0.268371 8
-2.260883 -0.409687 0.248955 8
-2.191695 -0.355242 0.244524 8
-2.064453 -0.421333 0.213514 8
-2.430433 0.510150 0.404980 8
-2.406338 0.632751 0.417799 8
-2.426950 0.836977 0.449593 8
-2.439940 1.019081 0.477050 8
-2.377456 1.056390 0.471582 8
-2.329952 1.120416 0.472402 8
-2.338262 1.280714 0.496117 8
-2.301712 1.358887 0.500819 8
-2.310658 1.511230 0.523588 8
-2.218650 1.493597 0.505601 8
-2.101069 1.437455 0.477947 8
-2.098007 1.564478 0.495232 8
-2.037659 1.600062 0.490103 8
-1.934999 1.572384 0.469026 8
-1.852563 1.577199 0.455929 8
-1.351706 0.982334 0.288534 10
-1.273735 1.008774 0.279288 10
-1.196486 1.037030 0.270448 10
-1.029185 0.944472 0.229592 10
-1.002963 1.044229 0.239403 10
-0.934195 1.086815 0.234091 10
-1.409693 1.821007 0.417014 2
-1.384288 1.904363 0.424715 2
-1.399814 2.036155 0.446088 6
-1.449205 2.205040 0.478348 6
-1.485124 2.353266 0.505469 6
-1.415367 2.375983 0.497328 6
-1.447245 2.514072 0.522385 6
-1.405645 2.567363 0.523286 6
-1.402029 2.661465 0.536277 6
-1.447905 2.806218 0.564649 6
-1.421942 2.872298 0.570012 6
-1.383474 2.924784 0.571404 6
-1.440732 3.072802 0.602165 6
-1.404687 3.125246 0.603991 6
-1.422879 3.229589 0.622142 6
-1.420053 3.311791 0.633704 6
-1.356288 3.336158 0.627043 6
-1.320612 3.386808 0.628760 6
-1.156673 3.323194 0.593192 6
-1.109263 3.365472 0.591850 2
-1.031790 3.382260 0.581978 2
-0.646396 3.142302 0.485155 12
-0.599941 3.192116 0.485153 12
-0.573050 3.257778 0.490635 12
-0.564405 3.337319 0.501098 12
-0.503854 3.375677 0.497236 12
-0.423200 3.399406 0.488040 12
-0.309351 3.399717 0.470129 12
-0.275356 3.460281 0.473857 12
-0.181166 3.477781 0.461673 12
-0.335758 3.670328 0.514949 13
-0.241849 3.687562 0.502821 13
-0.135547 3.698102 0.487765 13
-0.008575 3.697042 0.467744 3
0.030161 3.754962 0.470490 3
0.048261 3.825830 0.478451 3
0.145520 3.847641 0.466624 3
1.169263 3.315545 0.226014 2
-1.702614 6.012528 1.088250 5
-1.686529 6.053621 1.092364 5
-1.664625 6.092699 1.095287 5
-1.649213 6.134105 1.099588 5
-1.635414 6.176047 1.104236 5
-1.631192 6.220991 1.110839 5
-1.457584 6.214121 1.083397 5
0.257705 5.757336 0.749460 5
0.426626 5.774793 0.726708 5
1.724046 5.960113 0.561098 5
1.657094 6.051045 0.586217 5
1.648957 6.129044 0.600363 5
1.660818 6.202937 0.610846 5
-2.445766 -1.313838 0.267243 8
-2.532040 -0.853278 0.340038 8
-2.452463 -0.814583 0.331432 8
-2.468726 -0.551796 0.367445 8
-2.430405 -0.425273 0.377019 8
-2.269047 -0.576500 0.330671 8
-2.180366 -0.560978 0.317764 8
-2.063767 -0.603202 0.292873 8
-1.970635 -0.593156 0.278611 8
-1.858655 -0.619482 0.256606 8
-2.399630 0.636575 0.507220 8
-2.432054 0.862558 0.541570 8
-2.411309 0.980374 0.553280 8
-2.376413 1.068596 0.558887 8
-2.302888 1.085549 0.548994 8
-2.288613 1.206688 0.562304 8
-2.240063 1.265661 0.562002 8
-2.334441 1.561984 0.615811 8
-2.191877 1.460588 0.579458 8
-2.131968 1.497054 0.574491 8
-2.117579 1.604675 0.586201 8
-2.009965 1.566874 0.563899 8
-1.864585 1.475776 0.528572 8
-1.757004 1.445525 0.507333 8
-1.342955 0.978496 0.379612 10
-1.282627 1.029518 0.376702 10
-1.172623 1.011965 0.356859 10
-1.093560 1.038762 0.347842 10
-0.973033 1.011624 0.325136 10
-0.913245 1.066184 0.322936 10
-1.390282 1.801786 0.496215 6
-1.483513 2.032763 0.541737 6
-1.427442 2.074380 0.538506 6
-1.472223 2.236637 0.567292 6
-1.417442 2.277649 0.564250 6
-1.409744 2.372881 0.575889 6
-1.406700 2.471393 0.588729 6
-1.362362 2.522237 0.588739 6
-1.398651 2.660141 0.613081 6
-1.415382 2.773692 0.631122 6
-1.344180 2.793068 0.622799 6
-1.385825 2.928609 0.647741 6
-1.342875 2.976001 0.647655 6
-1.386268 3.108040 0.672447 6
-1.329673 3.140510 0.668284 6
-1.325301 3.222749 0.678983 6
-1.276396 3.262365 0.677040 2
-1.221705 3.296973 0.673555 6
-1.171038 3.335611 0.671269 2
-1.111308 3.366663 0.666588 2
-1.010569 3.363291 0.650938 2
-0.707812 3.192639 0.581467 12
-0.626190 3.212308 0.571990 12
-0.607637 3.284025 0.579334 12
-0.543402 3.318925 0.574675 12
-0.443373 3.326852 0.560885 12
-0.370292 3.357019 0.554303 12
-0.350703 3.427871 0.561503 12
-0.279407 3.460460 0.555598 12
-0.206906 3.493107 0.549557 12
-0.059713 3.474580 0.525159 12
0.129178 3.430665 0.490989 12
0.041990 3.575710 0.524796 13
0.046320 3.657213 0.535984 13
0.136025 3.683016 0.526593 4
0.175985 3.741435 0.529271 3
0.212901 3.801769 0.532708 3
1.129493 3.333948 0.330457 6
1.190300 3.391875 0.330133 6
-1.341240 5.873329 1.067662 5
-1.676486 6.044762 1.141775 5
-1.719304 6.106426 1.157449 5
-1.654430 6.130411 1.152043 5
-1.610845 6.162446 1.150925 5
-1.579478 6.198970 1.152256 5
-1.482225 6.215701 1.141212 5
0.137789 5.784401 0.845155 5
0.182040 5.835764 0.847099 5
0.392182 5.842149 0.818631 5
1.770704 5.938723 0.641389 5
1.646074 6.041784 0.675540 5
1.658851 6.115518 0.685790 5
1.671301 6.189247 0.696121 5
-2.377990 -1.203442 0.378568 8
-2.464747 -0.757154 0.444584 8
-2.417041 -0.646286 0.449606 8
-2.376229 -0.523668 0.457177 8
-2.221693 -0.657141 0.416372 8
-2.112717 -0.683722 0.395522 8
-2.014892 -0.683610 0.379659 8
-1.942506 -0.629375 0.374313 8
-1.833864 -0.648393 0.354563 8
-1.740938 -0.633832 0.341348 8
-2.336963 0.696765 0.593954 8
-2.336090 0.854952 0.612542 8
-2.365821 1.063313 0.641999 8
-2.324381 1.137215 0.644220 8
-2.269505 1.186060 0.641373 8
-2.230692 1.261706 0.644303 8
-2.228377 1.396413 0.660085 8
-2.268802 1.596494 0.690454 8
-2.140032 1.520039 0.661158 8
-2.072277 1.543561 0.653466 8
-1.954052 1.490684 0.628741 8
-1.890395 1.523201 0.622857 8
-1.848771 1.588276 0.624374 8
-1.785363 1.621135 0.618655 8
-1.295733 1.056094 0.474556 10
-1.227018 1.094536 0.468798 10
-1.079718 1.027444 0.438144 10
-0.977168 1.024029 0.422183 10
-0.911079 1.069871 0.417879 10
-1.457288 1.892140 0.602287 6
-1.422285 1.961533 0.605680 6
-1.404088 2.050424 0.614067 6
-1.407760 2.163707 0.628817 6
-1.403607 2.265160 0.640957 6
-1.384195 2.346898 0.648389 6
-1.389407 2.454920 0.662827 6
-1.345460 2.506258 0.662866 6
-1.320788 2.578215 0.668403 6
-1.328411 2.683417 0.682958 6
-1.321169 2.770851 0.693104 6
-1.302277 2.844786 0.699857 6
-1.273223 2.907463 0.703722 12
-1.250712 2.975912 0.709320 12
-1.181114 2.998197 0.702166 12
-1.180603 3.086598 0.713606 2
-1.291003 3.275998 0.754205 6
-0.953685 3.053725 0.676778 12
-0.985530 3.170255 0.696654 2
-0.779475 3.076687 0.654973 12
-0.697831 3.095069 0.645819 12
-0.684645 3.172109 0.654192 12
-0.645538 3.226849 0.655972 12
-0.548689 3.234962 0.643422 12
-0.451253 3.244358 0.631002 12
-0.396111 3.288217 0.629190 12
-0.330555 3.324584 0.624951 12
-0.268787 3.364494 0.621762 12
-0.230039 3.421773 0.624178 12
-0.104419 3.417046 0.606119 12
0.045420 3.397897 0.582774 12
0.102151 3.445583 0.581514 12
0.299175 3.399773 0.548077 12
0.544463 3.326726 0.504281 12
0.923675 3.173411 0.431023 2
0.908898 3.276790 0.447478 2
0.936847 3.352348 0.454258 2
1.116318 3.336444 0.427617 6
1.166693 3.400088 0.429768 6
-1.574700 6.002761 1.174241 5
-1.666734 6.082744 1.198417 5
-1.654012 6.124835 1.203179 5
-1.640406 6.166587 1.207802 5
-1.560752 6.187320 1.200633 5
-1.513432 6.219382 1.199436 5
-1.475813 6.255026 1.200079 5
-1.183662 6.218320 1.156547 5
0.207741 5.884271 0.924507 5
0.424432 5.890595 0.897511 5
0.434787 5.953670 0.906089 5
1.696290 5.943183 0.742165 5
1.636465 6.032305 0.764110 5
1.601839 6.114995 0.781837 5
1.619962 6.186954 0.791122 5
-2.346345 -1.250818 0.477000 8
-2.401208 -0.881267 0.524732 8
-2.406873 -0.643718 0.550724 8
-2.279501 -0.717886 0.522595 8
-2.200684 -0.679249 0.514201 8
-2.107143 -0.672326 0.500168 8
-1.983572 -0.726823 0.474918 8
-1.882409 -0.730880 0.458640 8
-1.803141 -0.689066 0.450766 8
-1.682072 -0.728756 0.427684 8
-2.356172 0.749311 0.691639 8
-2.286327 0.777390 0.683919 8
-2.354748 1.057137 0.724823 8
-2.291270 1.091634 0.718881 8
-2.222915 1.117747 0.711331 8
-2.259949 1.323333 0.739504 8
-2.254425 1.450881 0.752710 8
-2.176384 1.456657 0.741610 8
-2.148376 1.543361 0.747023 8
-2.067435 1.545594 0.735194 8
-1.988504 1.552406 0.724223 8
-1.902491 1.549997 0.711222 8
-1.835259 1.576778 0.704318 8
-1.756780 1.588030 0.694061 8
-1.657336 1.571117 0.677601 8
-1.114380 0.947485 0.527667 10
-1.042168 0.984222 0.521374 10
-0.999041 1.059775 0.523782 10
-0.869399 1.022463 0.500828 10
-1.404419 1.830470 0.670705 2
-1.399542 1.938191 0.682471 6
-1.372592 2.016582 0.687738 2
-1.315814 2.058081 0.684525 6
-1.175477 2.001981 0.658135 11
-1.288043 2.239953 0.701936 6
-1.227296 2.275577 0.697621 6
-1.138904 2.281123 0.685932 11
-1.173524 2.421302 0.707416 11
-1.158908 2.505678 0.715462 11
-1.164688 2.609830 0.728743 12
-1.183115 2.724684 0.745101 12
-1.202395 2.837778 0.761410 12
-1.169167 2.896813 0.764034 12
-1.201615 3.018552 0.783283 12
-1.147953 3.056170 0.780607 12
-1.123624 3.121277 0.785318 12
-0.946844 3.047394 0.752395 12
-0.857836 3.056300 0.741553 12
-0.798433 3.092595 0.738125 12
-0.709857 3.104476 0.727805 12
-0.667269 3.156429 0.728668 12
-0.543336 3.141497 0.710382 12
-0.523809 3.213320 0.716897 12
-0.398602 3.200931 0.698861 12
-0.336547 3.240032 0.695721 12
-0.294536 3.294946 0.697276 12
-0.214118 3.321309 0.690202 12
-0.092214 3.318623 0.674037 12
0.054214 3.300828 0.652785 12
0.087000 3.365528 0.657001 12
0.279120 3.320909 0.626459 12
0.469112 3.282014 0.596993 12
0.789587 3.161657 0.540139 12
0.938368 3.159316 0.520880 2
0.928526 3.259601 0.535510 2
1.018634 3.296964 0.529109 2
1.070534 3.358607 0.530856 2
1.218186 3.364145 0.513020 6
-1.523551 5.978877 1.217775 5
-1.645466 6.069949 1.245866 5
-1.573650 6.092040 1.240558 5
-1.629234 6.157383 1.256952 5
-1.526870 6.170800 1.246765 5
-1.494511 6.207693 1.248474 5
-1.329251 6.205359 1.228496 5
-1.174092 6.209105 1.210671 5
0.283844 5.854713 0.984000 5
0.272462 5.922260 0.995706 5
0.356581 5.964719 0.992324 5
0.494820 5.995230 0.980760 5
1.707260 5.929468 0.828072 5
1.563341 6.035958 0.861711 5
1.543579 6.114923 0.876519 5
1.547836 6.188715 0.887749 5
-2.335147 -1.247929 0.584286 8
-2.368237 -0.931870 0.619430 8
-2.317525 -0.824743 0.621755 8
-2.285796 -0.678408 0.630830 8
-2.164597 -0.734460 0.606828 8
-2.100553 -0.663233 0.603881 8
-1.985921 -0.699431 0.582936 8
-1.894165 -0.685269 0.570407 8
-1.774860 -0.724724 0.548584 8
-1.637826 -0.794842 0.521180 8
-1.646867 -0.582240 0.543358 8
-2.287463 0.794585 0.773950 8
-2.252293 0.885226 0.777698 8
-2.271969 1.070681 0.798976 8
-2.233383 1.148565 0.801076 8
-2.210401 1.251106 0.807974 8
-2.142360 1.276092 0.800611 8
-2.216018 1.531532 0.836983 8
-2.168816 1.585784 0.835691 8
-2.063917 1.549652 0.817022 8
-2.005374 1.587163 0.812520 8
-1.924376 1.591275 0.801471 8
-1.818482 1.560521 0.783380 8
-1.758716 1.598606 0.778935 8
-1.608527 1.510218 0.748786 8
-1.204242 1.078539 0.647564 10
-1.042939 0.992585 0.616247 10
-0.983331 1.045918 0.613660 10
-0.845121 0.997594 0.589613 10
-0.807309 1.080188 0.593237 10
-1.215275 1.714505 0.716355 6
-1.178529 1.785080 0.718965 2
-1.109770 1.816558 0.713114 2
-1.147630 1.973294 0.735164 11
-1.159840 2.096391 0.750194 11
-1.116368 2.153963 0.750728 11
-1.071589 2.209698 0.750945 11
-1.043365 2.283016 0.755338 11
-1.068374 2.411795 0.772910 11
-1.160070 2.606804 0.806614 12
-1.179143 2.722101 0.822019 12
-1.174018 2.810574 0.831331 12
-1.084747 2.814921 0.820354 12
-1.079996 2.902202 0.829687 12
-1.022166 2.937891 0.826407 12
-1.085959 3.086557 0.851601 12
-0.975707 3.073453 0.836166 12
-0.846567 3.045899 0.816730 12
-0.796112 3.089948 0.815562 12
-0.697756 3.093254 0.803692 12
-0.592562 3.092666 0.790568 12
-0.547169 3.143281 0.790966 12
-0.450366 3.152526 0.780156 12
-0.504318 3.282605 0.802373 2
-0.285989 3.198784 0.765615 12
-0.215672 3.232766 0.761188 12
-0.062867 3.206245 0.739455 12
-0.038180 3.276418 0.745076 12
0.110881 3.257265 0.724813 12
0.188478 3.291227 0.719735 12
0.417616 3.222398 0.683858 12
0.499678 3.257565 0.678518 12
0.720954 3.202395 0.645405 12
0.929608 3.160299 0.615495 12
0.938316 3.248594 0.625706 2
1.035616 3.281396 0.618522 2
1.122851 3.321734 0.613544 2
-1.532771 6.024868 1.279054 5
-1.592886 6.093113 1.295479 5
-1.620858 6.149091 1.306664 5
-1.501397 6.156904 1.294859 5
-1.458927 6.190807 1.295253 5
-1.347345 6.204614 1.285255 5
-1.221857 6.216447 1.273504 5
0.272307 5.849379 1.058132 5
0.325649 5.899350 1.059919 5
0.355658 5.956079 1.065273 5
0.410670 6.006883 1.067110 5
1.452917 5.973406 0.951074 5
1.473693 6.043285 0.959701 5
1.409054 6.130105 0.980070 5
1.492142 6.187649 0.980296 5
-2.219890 -1.498805 0.654070 8
-2.300221 -1.065351 0.702833 8
-2.240300 -0.976677 0.701328 8
-2.261866 -0.707251 0.727501 8
-2.171841 -0.694357 0.715198 8
-2.052234 -0.743494 0.693267 8
-1.947191 -0.757939 0.676554 8
-1.858365 -0.736750 0.665388 8
-1.762725 -0.728173 0.652212 8
-1.634757 -0.780769 0.629085 8
-1.631059 -0.593441 0.645028 8
-2.276234 0.788773 0.859516 8
-2.205672 0.815049 0.851808 8
-2.250250 1.045505 0.878686 8
-2.273004 1.229665 0.898409 8
-2.184232 1.218678 0.884998 8
-2.101481 1.219736 0.873582 8
-2.197381 1.511738 0.913453 8
-2.147962 1.562580 0.911313 8
-2.071603 1.571058 0.901650 8
-1.979698 1.557148 0.887864 8
-1.906545 1.573322 0.879478 8
-1.800764 1.542915 0.862408 8
-1.743537 1.584703 0.858689 8
-1.617084 1.529666 0.836667 8
-1.166848 1.034904 0.730050 10
-0.993566 0.933579 0.697570 10
-0.931921 0.985093 0.694470 10
-0.839585 0.996927 0.683613 10
-0.741084 1.002463 0.671418 10
-0.685897 1.063455 0.670298 10
-0.676645 1.179892 0.680588 10
-0.658380 1.283075 0.688493 10
-0.630731 1.373306 0.693994 10
-1.096026 2.026764 0.818042 11
-1.106096 2.145559 0.831288 11
-1.088247 2.230852 0.837727 11
-1.061797 2.305402 0.842069 11
-1.043419 2.387475 0.848242 11
-1.075220 2.520390 0.865873 12
-1.142814 2.686533 0.891380 12
-1.049923 2.687685 0.880259 12
-1.036746 2.768767 0.887211 12
-1.044655 2.868855 0.898763 12
-1.016831 2.933241 0.902315 12
-0.963181 2.973106 0.900235 12
-0.974413 3.072154 0.912253 12
-0.886813 3.081330 0.902980 12
-0.804203 3.096386 0.894991 12
-0.773242 3.156962 0.898063 12
-0.590916 3.090162 0.869622 12
-0.589081 3.176391 0.879018 2
-0.616311 3.284721 0.894276 2
-0.516606 3.290505 0.883593 2
-0.425429 3.304722 0.874894 2
-0.137263 3.170876 0.827165 12
-0.062592 3.203419 0.822544 12
0.012680 3.236486 0.817983 12
0.212111 3.181810 0.789495 12
0.410692 3.132309 0.761773 12
0.344566 3.268789 0.785139 2
0.641875 3.158128 0.739493 12
0.921390 3.066308 0.698103 12
1.087212 3.054208 0.678687 2
1.209082 3.073131 0.667837 12
-1.496230 6.006477 1.326067 5
-1.604064 6.091483 1.348632 5
-1.506650 6.105608 1.341095 5
-1.496631 6.149619 1.346393 5
-1.467074 6.187452 1.348944 5
-1.365895 6.204069 1.341522 5
-1.203069 6.204616 1.325838 5
-1.172054 6.245153 1.328768 5
0.309370 5.895041 1.134628 5
0.302478 5.961015 1.145050 5
0.496940 5.976345 1.128696 5
0.480440 6.045706 1.140658 5
0.603381 6.082497 1.134472 5
1.361836 5.982403 1.047115 5
1.332568 6.061655 1.061975 5
1.192416 6.162047 1.090654 5
1.384982 6.196503 1.077749 5
-2.275526 -1.332844 0.785753 8
-2.275054 -1.096683 0.803167 8
-2.201464 -1.039302 0.796694 8
-2.237526 -0.736895 0.824557 8
-2.162014 -0.691875 0.817062 8
-2.034227 -0.758708 0.793708 8
-1.970972 -0.686120 0.790236 8
-1.836722 -0.759268 0.765663 8
-1.738213 -0.756181 0.752071 8
-1.657153 -0.717515 0.743761 8
-1.566619 -0.696586 0.732847 8
-1.576847 -0.488469 0.750580 8
-2.230316 0.873832 0.947466 8
-2.205284 0.979357 0.952446 8
-2.180115 1.081632 0.957224 8
-2.176160 1.216905 0.967576 8
-2.106266 1.239007 0.960056 8
-2.138424 1.426790 0.979615 8
-2.131985 1.547148 0.988642 8
-2.060189 1.562779 0.980558 8
-1.981252 1.568511 0.970795 8
-1.872401 1.531161 0.953643 8
-1.826169 1.588089 0.952522 8
-1.711829 1.547254 0.934517 8
-1.577927 1.482408 0.912061 8
-1.092266 0.940456 0.804483 10
-0.978460 0.920644 0.788578 10
-0.894465 0.942718 0.780102 10
-0.780949 0.927825 0.764827 10
-0.750888 1.020899 0.769390 10
-0.669789 1.049120 0.762059 10
-0.610133 1.104274 0.759814 10
-0.651738 1.279860 0.780678 10
-0.565198 1.301071 0.772308 10
-0.514312 1.364296 0.772090 10
-1.017112 2.048779 0.894438 11
-0.994902 2.130847 0.899486 11
-1.045463 2.290212 0.920298 11
-1.044113 2.390336 0.929603 11
-1.080429 2.527596 0.946826 11
-1.052277 2.595741 0.950159 12
-1.056689 2.695649 0.960310 12
-1.020836 2.754088 0.961972 12
-0.973163 2.800754 0.961229 12
-0.998622 2.916449 0.975483 12
-0.985168 2.993570 0.981678 12
-0.946458 3.046669 0.982765 12
-0.816990 3.018835 0.965867 12
-0.802704 3.094461 0.972022 12
-0.759072 3.143982 0.972414 12
-0.742326 3.216084 0.978079 2
-0.710203 3.274693 0.980774 2
-0.670770 3.327091 0.982113 2
-0.547671 3.313268 0.967746 2
-0.479966 3.344952 0.964067 2
-0.307167 3.297604 0.941087 2
-0.005282 3.158127 0.894920 12
0.117297 3.157282 0.882282 12
0.210642 3.179698 0.875247 12
0.240824 3.247835 0.879732 2
0.263311 3.320906 0.885616 2
0.338653 3.357909 0.882239 2
0.499273 3.339738 0.864215 2
1.056235 3.069448 0.778341 12
1.237086 3.050451 0.758382 12
-1.492771 5.999759 1.378332 5
-1.554761 6.069061 1.393253 5
-1.516578 6.103274 1.394642 5
-1.472372 6.136037 1.395352 5
-1.465053 6.180954 1.401003 5
-1.446428 6.222311 1.405223 5
-1.202998 6.198206 1.380871 5
-1.217030 6.251285 1.389657 5
0.323988 5.882423 1.204960 5
0.381666 5.931608 1.207174 5
0.387834 5.994530 1.215828 5
0.428528 6.048943 1.220375 5
0.659324 6.060075 1.202543 5
1.172081 6.013427 1.152443 5
1.118316 6.095847 1.169309 5
1.133933 6.162984 1.178132 5
1.349223 6.192112 1.164575 5
-2.212296 -1.455874 0.877856 8
-2.234685 -1.163698 0.899644 8
-2.242418 -0.918396 0.916461 8
-2.226403 -0.736836 0.925933 8
-2.140272 -0.715435 0.915323 8
-2.013753 -0.779125 0.893655 8
-1.918522 -0.772909 0.880992 8
-1.837461 -0.736384 0.872375 8
-1.705026 -0.801243 0.850122 8
-1.606571 -0.795520 0.837294 8
-1.548897 -0.711162 0.835347 8
-1.560686 -0.500604 0.851335 8
-2.190369 0.815944 1.024895 8
-2.140260 0.878107 1.022697 8
-2.143737 1.031529 1.033913 8
-2.110988 1.118861 1.035891 8
-2.109665 1.255900 1.045497 8
-2.129030 1.422116 1.059896 8
-2.062561 1.447294 1.053389 8
-2.023341 1.515162 1.053472 8
-1.953697 1.535725 1.046390 8
-1.877971 1.548021 1.038027 8
-1.794476 1.550146 1.028035 8
-1.719211 1.565537 1.020119 8
-1.599846 1.520447 1.002389 8
-1.098421 0.956575 0.899441 10
-0.973158 0.920854 0.881902 10
-0.884166 0.936076 0.872683 10
-0.705192 0.836803 0.844068 10
-0.658271 0.910034 0.844496 10
-0.577275 0.940257 0.837665 10
-0.416061 0.874009 0.814008 10
-0.545367 1.157996 0.851786 10
-0.470491 1.194890 0.846466 10
-0.511846 1.365388 0.865241 10
-1.014301 2.048798 0.977899 11
-1.043233 2.186862 0.992754 11
-0.997600 2.240994 0.992439 11
-1.025491 2.372738 1.006800 11
-0.932663 2.375918 0.997175 11
-0.942409 2.485307 1.007812 11
-0.962732 2.602956 1.020370 11
-0.866189 2.603427 1.010347 12
-0.910012 2.740689 1.027262 12
-0.917013 2.839869 1.037007 12
-0.952256 2.963253 1.051930 12
-0.935094 3.036235 1.056956 12
-0.650346 2.870176 1.012845 6
-0.799010 3.090621 1.048454 12
-0.761166 3.144920 1.049880 2
-0.747247 3.219130 1.055641 2
-0.723349 3.284199 1.059617 6
-0.708458 3.355964 1.065194 6
-0.600636 3.353382 1.054587 6
-0.545037 3.393399 1.053270 6
-0.361132 3.336337 1.030137 2
0.020648 3.136174 0.973989 12
0.155262 3.126660 0.960461 12
0.171817 3.204326 0.966938 2
0.106616 3.338555 0.986901 2
0.228180 3.341448 0.976106 2
0.378474 3.327291 0.960980 2
0.487213 3.343559 0.952929 2
1.076623 3.051606 0.868758 12
1.179165 3.082011 0.862958 12
-1.394153 5.959127 1.418734 5
-1.485704 6.039699 1.436504 5
-1.443219 6.073077 1.437729 5
-1.465754 6.128126 1.446893 5
-1.424264 6.162295 1.448404 5
-1.291201 6.169251 1.439311 5
-1.144268 6.174623 1.429006 5
-1.160000 6.228722 1.437737 5
0.458237 5.902682 1.271269 5
0.367769 5.990607 1.290527 5
0.410641 6.044117 1.295073 5
0.552699 6.075186 1.289151 5
0.982812 6.044922 1.253252 5
0.942557 6.122545 1.267625 5
1.055087 6.168227 1.266227 5
-2.189448 -1.480674 0.983603 8
-2.161288 -1.307926 0.988926 8
-2.178514 -1.038275 1.005789 8
-2.197568 -0.776325 1.022596 8
-2.106120 -0.765885 1.010862 8
-2.036452 -0.707897 1.004774 8
-1.914127 -0.759821 0.985689 8
-1.834614 -0.720895 0.977452 8
-1.715224 -0.760547 0.959664 8
-1.601339 -0.785828 0.943521 8
-1.559324 -0.672724 0.944716 8
-1.513201 -0.570335 0.944873 8
-2.165730 0.785800 1.107233 8
-2.194245 0.986510 1.122798 8
-2.165608 1.081778 1.125019 8
-2.120640 1.147057 1.123499 8
-1.797387 0.752957 1.059935 8
-2.074437 1.344600 1.130167 8
-2.050894 1.438859 1.133297 8
-1.991207 1.474954 1.128537 8
-1.920965 1.495187 1.121605 8
-1.874513 1.551442 1.119866 8
-1.780406 1.537863 1.108136 8
-1.710268 1.560544 1.101636 8
-1.588218 1.511638 1.084546 8
-1.570445 1.608735 1.089140 8
-0.908921 0.842177 0.963059 10
-0.727156 0.736978 0.935747 10
-0.644486 0.765299 0.928707 10
-0.585875 0.824853 0.926583 10
-0.462379 0.803900 0.911842 10
-0.356166 0.806752 0.900761 10
-0.359804 0.942160 0.911049 10
-0.323969 1.028436 0.913687 10
-1.023516 1.954337 1.055244 11
-0.986240 2.020491 1.056421 11
-0.948186 2.085097 1.057490 11
-0.928395 2.168788 1.061958 11
-0.924284 2.267741 1.069270 11
-0.861495 2.303865 1.065912 11
-0.908159 2.451945 1.082292 11
-0.904113 2.545609 1.089449 12
-0.864865 2.603074 1.090354 12
-0.824465 2.659108 1.091115 12
-0.794103 2.724355 1.093677 12
-0.835421 2.855309 1.108566 12
-0.806365 2.919318 1.111312 12
-0.773449 2.979340 1.113443 12
-0.805780 3.095916 1.126519 6
-0.757567 3.140987 1.126119 2
-0.773609 3.240180 1.136359 2
-0.718991 3.279306 1.135019 6
-0.721185 3.364715 1.142953 2
-0.653619 3.393550 1.139701 6
-0.611419 3.442917 1.140622 6
-0.385073 3.352281 1.112745 2
-0.224195 3.316087 1.095655 2
0.149954 3.127629 1.046144 2
0.192875 3.186121 1.048205 2
0.186796 3.279003 1.057765 2
0.280470 3.301945 1.052337 2
0.420837 3.294922 1.040217 6
0.452494 3.362349 1.044443 6
1.013899 3.087419 0.971600 12
-1.302956 5.920916 1.462206 5
-1.353141 5.988143 1.474225 5
-1.408660 6.055750 1.486704 5
-1.373776 6.092409 1.489242 5
-1.399376 6.148550 1.498366 5
-1.288998 6.162419 1.493072 5
-1.183756 6.179801 1.488641 5
-1.128738 6.213333 1.489688 5
0.478831 5.822733 1.333495 5
0.504683 5.881496 1.340009 5
0.439249 5.963562 1.355624 5
0.452614 6.024797 1.363429 5
0.497292 6.078677 1.368308 5
0.545045 6.132457 1.373060 5
0.745959 6.154228 1.363769 5
0.943537 6.180375 1.355401 5
-2.205594 -1.411559 1.099058 8
-2.081002 -1.467400 1.080023 8
-2.132752 -1.116053 1.102156 8
-2.148070 -0.861561 1.115374 8
-2.126407 -0.698031 1.119857 8
-1.978691 -0.807278 1.095928 8
-1.921251 -0.723056 1.092465 8
-1.856124 -0.656439 1.087336 8
-1.752760 -0.666290 1.073958 8
-1.586978 -0.793753 1.047383 8
-1.524674 -0.719140 1.043341 8
-1.463531 -0.643802 1.039596 8
-2.137498 0.749312 1.189470 8
-2.114849 0.860385 1.192338 8
-2.067916 0.926574 1.190167 8
-2.078707 1.088492 1.199754 8
-1.743424 0.676332 1.139536 8
-2.020382 1.268196 1.202476 8
-1.986510 1.347406 1.202880 8
-1.943621 1.411026 1.201523 8
-1.960205 1.563457 1.211743 8
-1.862640 1.542389 1.199849 8
-1.756819 1.511806 1.186613 8
-1.663767 1.502215 1.176046 8
-1.602718 1.539195 1.171686 8
-1.529403 1.559648 1.165155 8
-0.845294 0.764474 1.046368 10
-0.837901 0.889154 1.053132 10
-0.594274 0.707404 1.017098 10
-0.457050 0.668734 1.000813 10
-0.293373 0.600928 0.980159 10
-0.212472 0.638089 0.974508 10
-0.195571 0.751970 0.980199 10
-0.129743 0.806621 0.977384 10
-0.082800 0.882906 0.977931 10
-0.753364 1.762646 1.100731 6
-0.882632 2.015855 1.130115 11
-0.792452 2.024667 1.122332 11
-0.766193 2.102644 1.125361 11
-0.770781 2.211573 1.133487 11
-0.818629 2.362318 1.148607 11
-0.856534 2.499313 1.161938 11
-0.839476 2.579140 1.166306 12
-0.804978 2.641044 1.167908 12
-0.752989 2.685983 1.166811 12
-0.734468 2.762062 1.171046 6
-0.774733 2.890493 1.184397 6
-0.711695 2.924005 1.181753 12
-0.737714 3.035888 1.192794 6
-0.761008 3.143083 1.203325 2
-0.723565 3.197086 1.204691 2
-0.771782 3.321474 1.218816 2
-0.711437 3.355329 1.216858 6
-0.637607 3.379129 1.213078 6
-0.540861 3.386181 1.206171 6
-0.439646 3.391564 1.198864 2
-0.294859 3.366282 1.185642 2
0.183930 3.099885 1.125981 2
0.189101 3.185695 1.133309 2
0.230538 3.244958 1.135649 2
0.247944 3.320741 1.141357 2
0.409825 3.298483 1.127611 6
0.376036 3.408745 1.140418 6
0.491332 3.420590 1.133405 6
-1.252439 5.947358 1.518149 5
-1.301177 6.013730 1.529254 5
-1.351365 6.079210 1.540388 5
-1.325280 6.119178 1.544133 5
-1.258049 6.146793 1.544101 5
-1.112657 6.152398 1.537034 5
-1.066747 6.189099 1.539472 5
0.479659 5.944243 1.424956 5
0.446715 6.017084 1.436742 5
0.425859 6.086103 1.447456 5
0.445142 6.145381 1.454823 5
0.590625 6.177648 1.451999 5
0.840216 6.191188 1.441293 5
-2.025138 -1.568865 1.179948 8
-2.005906 -1.377820 1.183845 8
-2.069170 -1.011512 1.204235 8
-2.106363 -0.717797 1.219001 8
-2.026065 -0.684373 1.210236 8
-1.945170 -0.651936 1.201489 8
-1.833215 -0.681605 1.186851 8
-1.745926 -0.659603 1.177205 8
-1.662351 -0.629605 1.168427 8
-1.555260 -0.643133 1.155353 8
-1.492560 -0.572832 1.150821 8
-2.101329 0.698747 1.271067 8
-2.069483 0.794349 1.271313 8
-2.050232 0.909026 1.273864 8
-2.082400 1.106616 1.285693 8
-1.976401 1.070734 1.272540 8
-1.966698 1.192631 1.276767 8
-1.943099 1.289213 1.278493 8
-1.409059 0.597441 1.190866 8
-1.962664 1.576043 1.293529 8
-1.816620 1.482902 1.274077 8
-1.728242 1.478585 1.264825 8
-1.635022 1.469205 1.254942 8
-1.574783 1.507693 1.250799 8
-1.408686 1.402124 1.229132 8
-0.790371 0.698551 1.133143 10
-0.645762 0.644502 1.116405 10
-0.439177 0.514989 1.089925 10
-0.259687 0.426632 1.068309 10
-0.044907 0.300229 1.041471 10
-0.775044 1.790241 1.191693 2
-0.744617 1.867054 1.193648 2
-0.726283 1.955889 1.197474 2
-0.747694 2.085297 1.207262 6
-0.798458 2.242170 1.221324 11
-0.775960 2.320437 1.224456 11
-0.756902 2.401060 1.228122 6
-0.721148 2.464168 1.229398 11
-0.730965 2.570580 1.237277 11
-0.761206 2.694127 1.248016 6
-0.764612 2.790073 1.254882 6
-0.749173 2.867174 1.259092 6
-0.711617 2.923556 1.260264 6
-0.714957 3.015401 1.267127 6
-0.670653 3.064861 1.267491 2
-0.627505 3.115327 1.268109 6
-0.671014 3.237184 1.280398 6
-0.716917 3.358241 1.292890 6
-0.580342 3.332025 1.281336 6
-0.500526 3.352872 1.277483 2
-0.423633 3.377146 1.274197 2
0.063596 3.096225 1.218780 12
0.227524 3.065078 1.205371 12
0.258730 3.132643 1.208958 2
0.293070 3.197669 1.212234 2
0.258415 3.309976 1.224057 2
0.388378 3.309103 1.215812 6
0.431811 3.367872 1.218290 6
0.494354 3.414350 1.218605 6
-1.166403 5.962200 1.571890 5
-1.203584 6.024808 1.581321 5
-1.293073 6.102930 1.595063 5
-1.230981 6.132286 1.596100 5
-1.132288 6.151759 1.594361 5
-1.046544 6.176686 1.593949 5
-0.838336 6.169224 1.584193 5
0.370274 6.026760 1.515083 5
0.359469 6.092556 1.524531 5
0.365889 6.153938 1.532763 5
0.533573 6.180289 1.529735 5
0.817855 6.185616 1.519198 5
-1.934677 -1.511881 1.281644 8
-2.047453 -1.034181 1.306667 8
-2.017853 -0.885087 1.306726 8
-2.031229 -0.650950 1.314155 8
-1.955483 -0.609145 1.306325 8
-1.873228 -0.580523 1.297528 8
-1.753071 -0.625598 1.282528 8
-1.678858 -0.578852 1.275413 8
-1.564086 -0.608168 1.261732 8
-1.485281 -0.568540 1.254173 8
-1.408616 -0.524924 1.247104 8
-2.004151 0.693663 1.348685 8
-1.992952 0.823822 1.351582 8
-1.996740 0.975142 1.356853 8
-1.994111 1.111176 1.361069 8
-2.030122 1.305070 1.371316 8
-1.989166 1.371667 1.369478 8
-1.339886 0.501849 1.273778 8
-1.919583 1.520001 1.367896 8
-1.796277 1.461451 1.353723 8
-1.724339 1.481107 1.347564 8
-1.642399 1.487434 1.340048 8
-1.510627 1.425977 1.325284 8
-1.409933 1.410907 1.315385 8
-0.614606 0.471570 1.203929 10
-0.389839 0.316928 1.177179 10
-0.654899 1.771445 1.268083 2
-0.675543 1.903793 1.276635 6
-0.662878 1.997857 1.280699 6
-0.685061 2.126431 1.289394 11
-0.709032 2.253892 1.298275 6
-0.590527 2.236224 1.288576 6
-0.587505 2.334238 1.294027 11
-0.612714 2.457626 1.303095 6
-0.702763 2.639426 1.320330 6
-0.605439 2.642985 1.313825 6
-0.690907 2.814179 1.330308 6
-0.614536 2.836765 1.326625 6
-0.320624 2.670464 1.296492 12
-0.562816 2.971638 1.332033 6
-0.582850 3.076714 1.340350 2
-0.549862 3.136050 1.342316 2
0.261925 2.565751 1.252475 12
-0.275708 3.088861 1.322164 12
-0.189973 3.109568 1.318503 12
-0.022449 3.069276 1.305665 12
0.086410 3.076546 1.299875 12
0.205512 3.078268 1.293190 12
0.322291 3.083879 1.287045 2
0.328958 3.169055 1.293315 2
0.309027 3.271543 1.302519 2
0.383869 3.308320 1.301464 2
0.510758 3.311609 1.295038 2
-1.190741 6.064231 1.641626 5
-1.263601 6.136137 1.652902 5
-1.118991 6.141356 1.648888 5
-0.886663 6.123989 1.639296 5
-0.683901 6.119297 1.632330 5
0.131035 6.076964 1.601879 5
0.117072 6.141021 1.610891 5
0.286826 6.162694 1.608835 5
0.470575 6.184403 1.606469 5
-1.961428 -1.198484 1.400157 8
-2.051920 -0.787907 1.416425 8
-2.004878 -0.683837 1.412604 8
-1.966865 -0.564403 1.410183 8
-1.885548 -0.535340 1.401623 8
-1.763098 -0.586141 1.387337 8
-1.742694 -0.438021 1.387766 8
-1.616251 -0.492530 1.373268 8
-1.576771 -0.384160 1.371212 8
-1.924391 0.411658 1.423305 8
-1.978382 0.662381 1.434082 8
-1.921099 0.714059 1.429430 8
-1.958139 0.922741 1.437833 8
-1.905059 0.976918 1.433903 8
-1.975879 1.228780 1.446872 8
-1.929891 1.288737 1.444006 8
-1.957304 1.460496 1.451061 8
-1.860452 1.439984 1.441558 8
-1.805430 1.483504 1.437765 8
-1.697086 1.449908 1.427082 8
-1.564982 1.385656 1.413504 8
-1.466905 1.372783 1.404581 8
-1.416347 1.426685 1.401963 8
-0.623465 1.850300 1.357090 6
-0.552338 1.990735 1.358674 11
-0.526128 2.069414 1.360677 11
-0.581750 2.228755 1.372102 6
-0.548197 2.296732 1.373341 11
-0.562848 2.410403 1.380084 11
-0.612030 2.554293 1.390671 11
-0.473585 2.521171 1.380463 11
-0.435618 2.582408 1.381547 11
-0.359525 2.609373 1.378592 12
-0.339582 2.686354 1.381849 12
-0.375732 2.810495 1.391151 12
-0.385745 2.909981 1.397648 12
-0.388980 3.002112 1.403443 12
0.260337 2.565245 1.341620 12
-0.275580 3.086903 1.402789 12
-0.130778 3.061446 1.393716 12
-0.034790 3.076299 1.389875 12
0.095837 3.066857 1.382806 12
0.187568 3.088503 1.379868 12
0.318003 3.083780 1.373369 12
0.365332 3.140066 1.375199 2
0.348510 3.240733 1.383291 2
-1.134786 6.040127 1.693329 5
-1.227234 6.118694 1.704815 5
-1.086378 6.125133 1.702559 5
-1.095968 6.177713 1.709251 5
-0.884293 6.168028 1.703671 5
-0.658334 6.158516 1.697903 5
-0.425189 6.151424 1.692387 5
-0.279396 6.170481 1.692042 5
-0.026729 6.166629 1.686751 5
0.132018 6.189037 1.686789 5
0.405198 6.189231 1.681850 5
-1.921967 -1.259494 1.503220 8
-1.872288 -1.149439 1.498155 8
-1.983907 -0.705300 1.512470 8
-1.970004 -0.536738 1.511906 8
-1.923109 -0.440046 1.507542 8
-1.902192 -0.295394 1.506383 8
-1.746328 -0.412480 1.489414 8
-1.672729 -0.369390 1.482329 8
-1.684686 -0.170690 1.485423 8
-1.997058 0.555766 1.523685 8
-1.919937 0.574327 1.516435 8
-1.925429 0.734487 1.518904 8
-1.936179 0.898268 1.522048 8
-1.926971 1.024224 1.522957 8
-1.899683 1.117660 1.521873 8
-1.898485 1.249677 1.523853 8
-1.867820 1.332725 1.522555 8
-1.864904 1.455661 1.524481 8
-1.771088 1.441504 1.516265 8
-1.640603 1.376647 1.504118 8
-1.531258 1.345861 1.494530 8
-1.433336 1.333769 1.486393 8
-0.345704 1.994517 1.433349 11
-0.354224 2.107812 1.438607 11
-0.350603 2.207202 1.442723 11
-0.345074 2.303068 1.446708 11
-0.367503 2.423197 1.453413 11
-0.421669 2.569616 1.463125 11
-0.264249 2.524150 1.452984 11
-0.290001 2.642388 1.460147 12
-0.244170 2.696864 1.460731 12
-0.231288 2.779016 1.464440 12
-0.230622 2.870179 1.469319 12
-0.189737 2.927412 1.470651 12
-0.166480 2.998521 1.473660 12
-0.160593 3.082512 1.478276 12
-0.049341 3.085021 1.473817 12
0.070087 3.083468 1.468902 12
0.189365 3.084288 1.464264 12
-1.114048 6.027210 1.748025 5
-1.159197 6.091299 1.756027 5
-0.994843 6.091090 1.754209 5
-1.010781 6.146376 1.761020 5
-0.996333 6.192521 1.766501 5
-0.846172 6.201972 1.766253 5
-0.564865 6.180022 1.760981 5
-0.512279 6.220713 1.765703 5
-0.331101 6.231264 1.765596 5
0.069833 6.194485 1.757722 5
-1.856553 -1.158544 1.604029 8
-2.076403 -0.489894 1.623453 8
-1.905389 -0.647245 1.606585 8
-1.926134 -0.413947 1.607828 8
-1.911128 -0.259055 1.605900 8
-1.889558 -0.121880 1.603522 8
-1.907168 0.083675 1.604990 8
-1.975674 0.374294 1.611400 8
-1.942673 0.473624 1.608406 8
-1.945826 0.633152 1.608951 8
-1.935732 0.764988 1.608382 8
-1.907362 0.862468 1.606227 8
-1.891909 0.978536 1.605409 8
-1.912813 1.149406 1.608108 8
-1.877725 1.227370 1.605689 8
-1.915473 1.415211 1.610164 8
-1.788777 1.350477 1.599475 8
-1.682599 1.320071 1.590851 8
-1.589488 1.311306 1.583592 8
-1.490284 1.295933 1.575930 8
-1.358057 1.237153 1.565412 8
-1.312012 1.299239 1.562931 8
-1.038353 5.996491 1.801131 5
-0.962397 6.023473 1.804128 5
-0.994531 6.084385 1.811151 5
-0.951529 6.122387 1.815609 5
-0.887652 6.155086 1.819544 5
-0.817967 6.187214 1.823511 5
-0.786226 6.230403 1.828855 5
-0.477688 6.204253 1.826316 5
-0.188665 6.188701 1.825153 5
-1.820256 -1.211433 1.708764 8
-1.937506 -0.757159 1.713475 8
-1.845922 -0.746718 1.704361 8
-1.879865 -0.485809 1.704069 8
-1.893394 -0.274608 1.702657 8
-1.844774 -0.188954 1.697143 8
-1.895092 0.077959 1.698803 8
-1.897111 0.247335 1.697294 8
-1.861113 0.343656 1.693281 8
-1.850875 0.482192 1.691290 8
-1.926735 0.762619 1.695677 8
-1.876407 0.823246 1.691171 8
-1.806621 0.851320 1.685409 8
-1.847560 1.056210 1.687815 8
-1.755193 1.046383 1.680714 8
-1.723470 1.131241 1.678156 8
-1.743184 1.291312 1.679480 8
-1.650959 1.282372 1.672814 8
-1.553909 1.268472 1.665939 8
-1.400830 1.177805 1.655147 8
-1.352019 1.236425 1.652069 8
-1.266441 1.244662 1.646475 8
-0.895613 5.995945 1.859984 5
-0.756157 6.005384 1.862490 5
-0.827872 6.079335 1.870115 5
-0.827149 6.131003 1.876098 5
-0.598848 6.120208 1.877587 5
-0.313538 6.098708 1.878613 5
-1.769689 -1.082998 1.808884 8
-1.845221 -0.726572 1.807175 8
-1.853604 -0.517694 1.803015 8
-1.808070 -0.420832 1.796759 8
-1.820129 -0.217636 1.793408 8
-1.835545 -0.015490 1.790540 8
-1.779733 0.050738 1.784561 8
-1.841654 0.324065 1.784518 8
-1.881790 0.549666 1.783741 8
-1.825755 0.604454 1.778441 8
-1.807783 0.721706 1.775236 8
-1.795167 0.844422 1.772511 8
-1.845273 1.063441 1.773223 8
-1.808365 1.139609 1.769655 8
-1.747229 1.177326 1.764984 8
-1.710871 1.252170 1.761766 8
-1.632845 1.264594 1.756504 8
-1.483998 1.176457 1.747615 8
-1.377451 1.152976 1.741098 8
-1.317597 1.196530 1.737217 8
-0.784449 5.954249 1.916811 5
-1.756192 -1.087667 1.914922 8
-1.749018 -0.899563 1.907802 8
-1.742616 -0.716729 1.901121 8
-1.784519 -0.447132 1.895876 8
-1.798103 -0.241235 1.890501 8
-1.771637 -0.116562 1.884572 8
-1.781282 0.069562 1.879843 8
-1.780567 0.231081 1.875200 8
-1.807318 0.434845 1.871624 8
-1.758470 0.503858 1.866263 8
-1.751478 0.640928 1.862322 8
-1.741671 0.769412 1.858561 8
-1.871967 1.116653 1.859363 8
-1.765580 1.083341 1.853145 8
-1.725173 1.153479 1.849142 8
-1.652864 1.174790 1.844277 8
-1.548205 1.149542 1.838477 8
-1.419969 1.093120 1.831993 8
-1.357444 1.132951 1.827855 8
-1.227860 1.080496 1.821556 8
-1.724118 -0.927885 2.012305 8
-1.726674 -0.727527 2.003803 8
-1.723805 -0.544840 1.995824 8
-1.738911 -0.334665 1.988291 8
-1.768526 -0.105270 1.981266 8
-1.786874 0.095595 1.974729 8
-1.743741 0.181226 1.968403 8
-1.661489 0.197471 1.962124 8
-1.644414 0.324724 1.956420 8
-1.771546 0.686632 1.952149 8
-1.698856 0.711951 1.946711 8
-1.777672 0.977965 1.942946 8
-1.721422 1.025124 1.938147 8
-1.708192 1.137429 1.934038 8
-1.610238 1.120567 1.929088 8
-1.296402 0.790604 1.921293 8
-1.648640 -0.669817 2.098684 8
-1.663066 -0.458920 2.088917 8
-1.663332 -0.281492 2.080046 8
-1.724584 -0.000422 2.070429 8
-1.692566 0.106362 2.063225 8
-1.661601 0.212138 2.056328 8
-1.669441 0.380536 2.049161 8
-1.664984 0.523344 2.042585 8
-1.674475 0.684471 2.036207 8
-1.720537 0.898534 2.029827 8
-1.697479 0.998434 2.024559 8
-1.599474 0.982111 2.020171 8
-1.222052 0.552176 2.017828 8
-1.627110 -0.330524 2.180240 8
-1.603538 -0.201350 2.171188 8
-1.549911 -0.128668 2.163785 8
-1.636748 0.183895 2.151233 8
-1.623722 0.317219 2.143173 8
-1.620671 0.463136 2.135169 8
-1.653526 0.662633 2.126401 8
-1.502505 0.565254 2.123915 8
-1.590160 -0.042490 2.258919 8
-1.615218 0.161479 2.246790 8
-1.582388 0.261518 2.238681 8
1.552260 -0.354281 -2.242763 9
1.517973 -0.264730 -2.241625 9
1.474563 -0.220063 -2.239268 9
1.451569 -0.042832 -2.240566 9
1.574821 -0.516880 -2.184335 9
1.530957 -0.489590 -2.181219 9
1.486631 -0.462874 -2.178188 9
1.441923 -0.436315 -2.175251 9
1.401273 -0.382150 -2.172845 9
1.359168 -0.331743 -2.170447 9
1.325182 -0.217917 -2.169043 9
1.289589 -0.100891 -2.167689 9
1.590872 -0.696619 -2.129149 9
1.555411 -0.635671 -2.126079 9
1.503155 -0.658047 -2.122511 9
1.464355 -0.608895 -2.119511 9
1.432860 -0.512201 -2.116815 9
1.383350 -0.516995 -2.113661 9
1.341164 -0.474869 -2.110822 9
1.296022 -0.448867 -2.108002 9
1.254225 -0.394757 -2.105356 9
1.215428 -0.308788 -2.102850 9
1.169630 -0.271231 -2.100293 9
1.131201 -0.156872 -2.097927 9
1.620832 -0.797806 -2.077467 9
1.581110 -0.763403 -2.073892 9
1.540285 -0.732051 -2.070399 9
1.499447 -0.698457 -2.066971 9
1.451194 -0.703211 -2.063825 9
1.412254 -0.654923 -2.060479 9
1.369191 -0.627334 -2.057328 9
1.327942 -0.585217 -2.054155 9
1.284119 -0.556437 -2.051155 9
1.238019 -0.541591 -2.048354 9
1.194960 -0.500715 -2.045424 9
1.153087 -0.443543 -2.042416 9
1.108744 -0.400605 -2.039608 9
1.101386 0.039293 -2.032824 9
0.579450 6.027435 -1.934388 5
1.659601 -0.853409 -2.027213 9
1.611625 -0.859115 -2.023861 9
1.570320 -0.834537 -2.020184 9
1.531489 -0.796115 -2.016372 9
1.484513 -0.797287 -2.013256 9
1.447881 -0.742434 -2.009318 9
1.399100 -0.753031 -2.006553 9
1.362485 -0.690731 -2.002608 9
1.318652 -0.668798 -1.999444 9
1.269899 -0.679223 -1.996980 9
1.229270 -0.631166 -1.993495 9
1.185321 -0.603404 -1.990475 9
1.139611 -0.587330 -1.987775 9
1.125789 -0.265469 -1.978776 9
1.131338 0.322054 -1.963938 9
0.803702 6.180624 -1.807165 5
0.690958 5.978769 -1.809186 5
0.582328 5.984447 -1.806452 5
0.474341 5.894376 -1.806317 5
0.365976 5.923017 -1.803496 5
0.257883 5.919738 -1.801698 5
0.146939 5.995767 -1.798137 5
0.039624 5.958641 -1.797655 5
-0.070311 5.980366 -1.795919 5
-0.180947 6.004840 -1.794345 5
-0.286578 5.953258 -1.794946 5
-0.399638 6.001027 -1.793244 5
-0.509480 6.002396 -1.792965 5
-0.618462 5.993208 -1.793192 5
-0.736249 6.062730 -1.791641 5
1.701507 -0.893045 -1.977622 9
1.647771 -0.923645 -1.974968 9
1.606878 -0.899782 -1.971084 9
1.559022 -0.907500 -1.968096 9
1.524541 -0.850496 -1.963496 9
1.470700 -0.889459 -1.961550 9
1.431466 -0.853262 -1.957657 9
1.391836 -0.816159 -1.953798 9
1.350166 -0.788054 -1.950261 9
1.307180 -0.765882 -1.946971 9
1.259041 -0.777492 -1.944779 9
1.217754 -0.740544 -1.941211 9
1.179450 -0.674854 -1.936812 9
1.149051 -0.530449 -1.929966 9
1.171595 0.140834 -1.906210 9
1.163705 0.626873 -1.888005 9
1.134597 6.066362 -1.690305 5
1.022286 6.006272 -1.688855 5
0.910552 5.925289 -1.688397 5
0.802579 5.950529 -1.684479 5
0.694846 6.036716 -1.678617 5
0.585124 5.906456 -1.680645 5
0.476114 6.003651 -1.674811 5
0.366970 6.000109 -1.672788 5
0.258583 5.968898 -1.671991 5
0.144736 6.104773 -1.665364 5
-0.185187 6.083104 -1.662369 5
-0.289456 5.998702 -1.664657 5
-0.401210 6.021837 -1.663229 5
-0.505972 5.962783 -1.665048 5
-0.619875 6.002469 -1.663462 5
-0.727958 5.981302 -1.664341 5
-0.836478 5.965180 -1.665260 5
-0.957423 6.044658 -1.662898 5
1.743654 -0.930281 -1.928630 9
1.680640 -0.997959 -1.927641 9
1.638202 -0.983595 -1.923897 9
1.601573 -0.942651 -1.919259 9
1.553952 -0.950548 -1.916492 9
1.507071 -0.956418 -1.913757 9
1.462489 -0.951802 -1.910723 9
1.431359 -0.874026 -1.904915 9
1.382485 -0.890806 -1.902873 9
1.340858 -0.866131 -1.899276 9
1.296602 -0.856304 -1.896355 9
1.253879 -0.835412 -1.893063 9
1.216442 -0.773169 -1.888115 9
1.169423 -0.778846 -1.886076 9
1.175099 -0.330480 -1.864723 9
1.189320 0.278134 -1.836156 9
1.362286 6.101110 -1.566679 5
1.244291 5.978204 -1.568282 5
1.137249 6.028469 -1.562326 5
1.024234 5.950081 -1.562433 5
0.915272 5.954190 -1.559011 5
0.806966 5.990935 -1.554293 5
0.697513 5.984914 -1.551760 5
0.588153 5.961459 -1.550258 5
0.478941 5.977458 -1.547130 5
0.370622 5.921113 -1.547615 5
0.260352 5.978043 -1.542981 5
-0.732522 6.015187 -1.533225 5
-0.840115 5.986147 -1.534803 5
-0.951645 5.989560 -1.535042 5
-1.060010 5.968019 -1.536693 5
1.794799 -1.105049 -1.889808 9
1.716930 -1.054271 -1.880896 9
1.672640 -1.049085 -1.877475 9
1.631909 -1.029018 -1.873438 9
1.604347 -0.948968 -1.866589 9
1.559624 -0.942868 -1.863332 9
1.510287 -0.959737 -1.861294 9
1.456147 -1.003991 -1.860736 9
1.421936 -0.945341 -1.855130 9
1.381216 -0.918386 -1.851167 9
1.336220 -0.915122 -1.848486 9
1.295161 -0.886852 -1.844592 9
1.248531 -0.894107 -1.842626 9
1.209372 -0.848054 -1.837931 9
1.215537 -0.435410 -1.813673 9
1.204349 -0.104971 -1.793574 9
1.158460 -0.041714 -1.787815 9
1.594713 6.154125 -1.441793 5
1.467237 5.954392 -1.448566 5
1.357629 5.957798 -1.444346 5
1.247867 5.957497 -1.440539 5
1.138539 5.963603 -1.436578 5
0.481909 5.930238 -1.421117 5
0.373752 5.871794 -1.422338 5
0.264356 5.901756 -1.418621 5
-0.952180 5.982805 -1.405423 5
-1.066032 5.998540 -1.404950 5
-1.175621 5.981906 -1.406596 5
1.750083 -1.119667 -1.835669 9
1.708035 -1.107085 -1.831831 9
1.671714 -1.070820 -1.826691 9
1.634699 -1.035269 -1.821637 9
1.596947 -1.000699 -1.816685 9
1.548897 -1.011906 -1.814528 9
1.497940 -1.039292 -1.813453 9
1.456004 -1.023872 -1.809879 9
1.409875 -1.030382 -1.807729 9
1.382623 -0.930439 -1.799042 9
1.331015 -0.967155 -1.798918 9
1.287723 -0.955771 -1.795871 9
1.245326 -0.937583 -1.792465 9
1.203318 -0.914799 -1.788830 9
1.231509 -0.333854 -1.749154 9
1.208066 -0.100428 -1.731691 9
1.227923 0.577835 -1.684981 9
1.169950 0.590608 -1.681702 9
1.593701 6.076339 -1.315688 5
1.474375 5.976256 -1.318161 5
1.365237 5.994025 -1.313008 5
1.256137 6.015901 -1.307765 5
0.484323 5.960258 -1.290651 5
0.376268 5.858857 -1.295472 5
0.353952 2.520957 -1.525422 11
0.276213 2.536758 -1.523039 11
0.200851 2.491720 -1.525032 11
0.098110 2.964431 -1.490973 12
0.020582 2.900649 -1.494512 12
-0.058480 2.872941 -1.495675 12
-0.143368 2.920431 -1.491705 12
-1.172618 5.948216 -1.278515 5
-1.293297 6.000990 -1.275492 5
1.828727 -1.016261 -1.780220 9
1.756512 -1.112749 -1.783644 9
1.708263 -1.123714 -1.781394 9
1.667798 -1.104628 -1.777156 9
1.625666 -1.091860 -1.773422 9
1.586671 -1.064843 -1.768749 9
1.542258 -1.061393 -1.765809 9
1.493777 -1.078301 -1.764413 9
1.455032 -1.047867 -1.759686 9
1.407123 -1.064498 -1.758445 9
1.369976 -1.022510 -1.752990 9
1.319277 -1.058183 -1.753325 9
1.289659 -0.964022 -1.744095 9
1.237931 -1.009334 -1.745318 9
1.211536 -0.876499 -1.733217 9
1.242492 -0.272596 -1.685325 9
1.222684 -0.003057 -1.662526 9
1.224456 0.513942 -1.620615 9
1.173002 0.588577 -1.612506 9
1.584576 5.907704 -1.198155 5
1.476724 5.937119 -1.191815 5
1.374000 6.046307 -1.179408 5
0.432953 2.506772 -1.437360 11
0.362254 2.253385 -1.456354 11
0.295897 2.012474 -1.474549 11
0.224173 1.992714 -1.475036 11
0.150272 2.018792 -1.471931 11
0.076520 2.033544 -1.469858 11
0.004474 2.019991 -1.470201 11
-0.065248 1.980300 -1.472793 11
-0.141784 2.021209 -1.468946 11
-0.214575 2.016517 -1.468929 11
-0.286847 2.006726 -1.469448 11
-0.400203 2.335602 -1.442470 11
-0.565242 3.009020 -1.387510 12
-1.290102 5.966114 -1.147274 5
-1.416783 6.046198 -1.141433 5
1.852181 -1.115561 -1.738157 9
1.803687 -1.124532 -1.735813 9
1.737035 -1.203323 -1.739130 9
1.711240 -1.129504 -1.730368 9
1.659338 -1.156700 -1.729773 9
1.612315 -1.166358 -1.727861 9
1.569273 -1.160072 -1.724729 9
1.513889 -1.211246 -1.726423 9
1.462851 -1.247072 -1.726971 9
1.453886 -1.072584 -1.710000 9
1.412639 -1.053929 -1.706068 9
1.367165 -1.058019 -1.704122 9
1.322075 -1.061134 -1.702173 9
1.279881 -1.046988 -1.698820 9
1.238878 -1.023714 -1.694741 9
1.211236 -0.900648 -1.682061 9
1.248499 -0.250980 -1.623466 9
1.209179 -0.145208 -1.612030 9
1.168908 -0.030384 -1.599800 9
1.134478 0.165043 -1.580451 9
1.597038 5.983274 -1.062511 5
1.492239 6.064033 -1.051334 5
0.669779 2.745126 -1.330148 6
0.589425 2.518687 -1.348931 11
0.513218 2.318139 -1.365564 11
0.442095 2.038107 -1.389677 11
0.369782 2.012563 -1.390646 11
0.296649 2.023142 -1.388412 11
0.223335 2.032086 -1.386438 11
0.152262 1.995344 -1.388788 11
0.077302 2.029353 -1.384722 11
0.005867 2.005213 -1.386139 11
-0.068867 2.025163 -1.383590 11
-0.142027 2.022728 -1.383224 11
-0.216342 2.030775 -1.381998 11
-0.289444 2.025319 -1.382136 11
-0.361218 2.008520 -1.383440 11
-0.428580 1.959280 -1.387869 2
-0.506181 1.988196 -1.385156 11
-0.597842 2.105420 -1.374362 11
-1.293277 5.971018 -1.015911 5
-1.413397 6.010239 -1.012750 5
-1.515559 5.943424 -1.019597 5
-1.645436 6.027482 -1.012637 5
1.815974 -1.258592 -1.698960 9
1.807233 -1.128894 -1.684374 9
1.732041 -1.238994 -1.691581 9
1.703526 -1.176917 -1.683184 9
1.662691 -1.160521 -1.679012 9
1.608993 -1.197923 -1.679900 9
1.563316 -1.204085 -1.677981 9
1.520651 -1.197735 -1.674962 9
1.471634 -1.222344 -1.674940 9
1.424455 -1.240916 -1.674439 9
1.393082 -1.177675 -1.666196 9
1.364773 -1.090902 -1.655697 9
1.321686 -1.083159 -1.652824 9
1.281477 -1.057005 -1.648226 9
1.239935 -1.037266 -1.644299 9
1.232493 -0.768294 -1.616004 9
1.253709 -0.235837 -1.561633 9
1.208039 -0.181671 -1.554162 9
1.153592 -0.199537 -1.553871 10
1.105493 -0.157873 -1.547748 10
1.058640 -0.094352 -1.539490 10
1.497874 6.065693 -0.920295 5
0.747313 2.534439 -1.260166 11
0.661385 1.909254 -1.322106 6
0.589458 1.900590 -1.321308 6
0.518412 1.777720 -1.332336 6
0.447921 1.767397 -1.331945 6
0.372264 1.967300 -1.310007 11
0.297160 2.040863 -1.301136 11
0.227620 1.956700 -1.308642 11
0.150219 2.046376 -1.298291 11
0.075705 2.062522 -1.295637 11
0.004464 2.028561 -1.298280 11
-0.067001 2.003917 -1.300067 11
-0.140478 2.004868 -1.299305 11
-0.215423 2.018737 -1.297304 11
-0.284260 1.974350 -1.301465 11
-0.333233 1.772394 -1.322133 2
-0.404889 1.771767 -1.321961 2
-0.477424 1.776206 -1.321363 2
-0.549569 1.776209 -1.321330 2
-0.619394 1.760501 -1.323036 2
-0.730745 1.988961 -1.299429 11
-1.517769 5.938796 -0.888734 5
-1.641100 5.986802 -0.884340 5
-1.775796 6.084813 -0.874919 5
1.882809 -1.201734 -1.645469 9
1.845550 -1.172621 -1.639694 9
1.786009 -1.222280 -1.642006 9
1.730705 -1.260783 -1.643303 9
1.688608 -1.251946 -1.639823 9
1.644938 -1.249568 -1.637074 9
1.601944 -1.244975 -1.634159 9
1.564392 -1.216875 -1.628837 9
1.523306 -1.203263 -1.625082 9
1.466880 -1.263100 -1.629173 9
1.428191 -1.240006 -1.624550 9
1.401322 -1.152286 -1.613048 9
1.374495 -1.055404 -1.600542 9
1.315659 -1.138621 -1.607465 9
1.276705 -1.107259 -1.602101 9
1.277606 -0.803849 -1.567157 9
1.283975 -0.419030 -1.523131 9
1.259693 -0.214890 -1.498683 9
1.188963 -0.368458 -1.513517 10
1.142659 -0.326958 -1.506999 10
1.095767 -0.284278 -1.500392 10
1.045594 -0.269866 -1.496968 10
1.005686 -0.125326 -1.479103 10
0.952229 -0.133908 -1.478332 10
0.902505 -0.085198 -1.471219 10
0.923034 2.937451 -1.127644 12
0.809465 1.962073 -1.235514 6
0.731007 1.706247 -1.262567 6
0.661766 1.776583 -1.252858 6
0.590495 1.651919 -1.265365 6
0.520589 1.697127 -1.258684 6
0.450013 1.728919 -1.253608 6
0.378464 1.774086 -1.247086 2
0.306810 1.796272 -1.243271 2
0.226338 2.006267 -1.218031 11
0.152186 2.023385 -1.214943 11
0.080217 1.999800 -1.216620 11
0.008282 1.980694 -1.217886 11
-0.070979 2.053135 -1.208719 11
-0.141338 2.013042 -1.212594 11
-0.213649 1.998343 -1.213646 11
-0.273796 1.876277 -1.227177 2
-0.334447 1.776557 -1.238242 2
-0.395711 1.695015 -1.247314 6
-0.472103 1.730614 -1.242963 6
-0.540863 1.709793 -1.245219 6
-0.625951 1.791767 -1.235700 2
-0.733600 1.995198 -1.212254 11
-0.808713 1.994862 -1.212436 11
-1.636031 5.942356 -0.757090 5
-1.766669 6.020494 -0.748597 5
-1.907929 6.139646 -0.735537 5
1.901360 -1.306384 -1.608478 9
1.902427 -1.152980 -1.588514 9
1.866519 -1.117058 -1.581730 9
1.782720 -1.250794 -1.594281 9
1.732264 -1.271690 -1.594149 9
1.673574 -1.326891 -1.598049 9
1.647390 -1.256711 -1.587593 9
1.597420 -1.281112 -1.588099 9
1.548072 -1.305775 -1.588724 9
1.510932 -1.277626 -1.583253 9
1.472328 -1.254608 -1.578419 9
1.423472 -1.281775 -1.579546 9
1.405539 -1.148511 -1.561749 9
1.363201 -1.137985 -1.558490 9
1.328351 -1.082651 -1.549932 9
1.289993 -1.043390 -1.543312 9
1.239062 -1.084199 -1.546345 9
1.267488 -0.561411 -1.481500 9
1.232423 -0.451176 -1.466224 9
1.179233 -0.475388 -1.467247 10
1.131046 -0.459348 -1.463454 10
1.085438 -0.415435 -1.456312 10
1.035377 -0.412277 -1.454193 10
0.991314 -0.335183 -1.443064 10
0.940532 -0.332511 -1.441107 10
0.895138 -0.242473 -1.428440 10
0.844736 -0.216503 -1.423704 10
0.796177 -0.136192 -1.412288 10
0.746021 -0.058577 -1.401230 10
0.733386 1.710959 -1.179751 6
0.662727 1.692252 -1.180354 6
0.592237 1.620203 -1.187711 6
0.522952 1.579024 -1.191326 6
0.450746 1.777857 -1.164979 6
0.380421 1.747727 -1.167364 2
0.310096 1.733256 -1.167879 2
0.236090 1.807040 -1.157385 2
0.157127 1.945203 -1.138846 11
0.081651 1.985358 -1.132711 11
0.011510 1.940851 -1.137340 11
-0.068230 2.021240 -1.126291 11
-0.135688 1.950915 -1.134368 11
-0.206541 1.925831 -1.136824 2
-0.261090 1.758300 -1.157409 2
-0.331733 1.748454 -1.158130 2
-0.396525 1.694327 -1.164551 6
-0.462343 1.653692 -1.169354 6
-0.531376 1.638339 -1.171040 6
-0.617437 1.729345 -1.159321 6
-0.701722 1.798164 -1.150501 2
-0.810833 1.995447 -1.125471 11
-0.887488 2.000719 -1.124893 11
-0.965476 2.010754 -1.123803 11
-1.883931 6.006162 -0.617480 5
-1.992737 5.969750 -0.622659 5
1.975975 -1.231219 -1.551313 9
1.912687 -1.286186 -1.555448 9
1.899539 -1.179368 -1.539602 9
1.812508 -1.319836 -1.554578 9
1.766283 -1.326027 -1.552931 9
1.721359 -1.328707 -1.550909 9
1.674059 -1.341577 -1.550239 9
1.643074 -1.290956 -1.541573 9
1.602050 -1.278784 -1.537819 9
1.561789 -1.263036 -1.533653 9
1.516980 -1.267410 -1.532115 9
1.471953 -1.274069 -1.530932 9
1.433818 -1.247616 -1.525525 9
1.384894 -1.276219 -1.527301 9
1.346332 -1.251018 -1.522144 9
1.315396 -1.178649 -1.510851 9
1.300224 -0.999301 -1.485519 9
1.283604 -0.806856 -1.458376 9
1.270024 -0.566499 -1.424819 9
1.223736 -0.542373 -1.419754 10
1.175394 -0.532357 -1.416604 10
1.127657 -0.516050 -1.412669 10
1.080991 -0.486924 -1.407073 10
1.034044 -0.455619 -1.401224 10
0.986412 -0.426243 -1.395674 10
0.936595 -0.420406 -1.393325 10
0.889509 -0.369692 -1.384991 10
0.840634 -0.335431 -1.378906 10
0.790411 -0.318310 -1.375178 10
0.741165 -0.262628 -1.366277 10
0.691367 -0.185782 -1.354537 10
0.639420 -0.158810 -1.349596 10
0.587096 -0.099140 -1.340252 10
0.524136 1.663521 -1.098782 6
0.453259 1.711360 -1.090777 6
0.381023 1.775681 -1.080580 2
0.309731 1.775581 -1.079257 2
0.240888 1.718934 -1.085765 2
0.156640 1.967600 -1.050472 11
0.081043 2.003076 -1.044471 11
0.006067 2.019432 -1.041172 11
-0.070356 2.048138 -1.036249 11
-0.134101 1.932659 -1.051265 2
-0.194036 1.800635 -1.068668 2
-0.267593 1.811795 -1.066424 2
-0.342378 1.829968 -1.063289 2
-0.398579 1.703047 -1.080271 6
-0.465683 1.669495 -1.084448 6
-0.533206 1.641808 -1.087897 6
-0.626379 1.775316 -1.069138 2
-0.696948 1.760017 -1.071031 2
-0.813748 2.000392 -1.037640 11
-0.892815 2.016867 -1.035298 11
-0.963825 1.990279 -1.038997 11
-1.043098 2.003989 -1.037207 11
-1.991374 5.943556 -0.492594 5
1.950603 -1.326016 -1.512378 9
1.917709 -1.286342 -1.504535 9
1.864450 -1.312121 -1.505612 9
1.831304 -1.271684 -1.497729 9
1.775209 -1.310635 -1.500747 9
1.722626 -1.340450 -1.502604 9
1.677476 -1.344960 -1.501049 9
1.657745 -1.249220 -1.485652 9
1.619050 -1.225072 -1.480177 9
1.564427 -1.268808 -1.484211 9
1.515882 -1.289794 -1.485151 9
1.478849 -1.258811 -1.478858 9
1.433996 -1.264636 -1.477778 9
1.387104 -1.282636 -1.478475 9
1.342900 -1.288518 -1.477518 9
1.341465 -1.044463 -1.441072 9
1.293957 -1.058651 -1.441309 9
1.255987 -1.012116 -1.432925 9
1.274950 -0.554589 -1.365642 9
1.214178 -0.639458 -1.376027 10
1.168070 -0.617686 -1.371164 10
1.123839 -0.576118 -1.363480 10
1.079082 -0.532681 -1.355553 10
1.028125 -0.548663 -1.356268 10
0.984391 -0.481140 -1.344909 10
0.934530 -0.481363 -1.343429 10
0.886374 -0.455314 -1.338169 10
0.839329 -0.399613 -1.328611 10
0.789351 -0.388055 -1.325542 10
0.739017 -0.381508 -1.323254 10
0.689817 -0.322809 -1.313351 10
0.638740 -0.318427 -1.311468 10
0.587807 -0.263251 -1.302147 10
0.535718 -0.191400 -1.290394 10
0.482630 -0.146194 -1.282603 10
0.427667 -0.061232 -1.268962 10
0.312358 1.731306 -1.002262 2
0.246362 1.615046 -1.018227 10
0.163234 1.858354 -0.980889 10
0.097943 1.744885 -0.996600 10
0.027567 1.729829 -0.997767 10
-0.040029 1.683531 -1.003665 10
-0.118182 1.759703 -0.991384 10
-0.197527 1.831740 -0.979772 10
-0.266368 1.796322 -0.984265 2
-0.330171 1.724010 -0.994349 2
-0.407658 1.765018 -0.987575 2
-0.481683 1.774599 -0.985567 2
-0.565596 1.846890 -0.974245 2
-0.631009 1.794429 -0.981665 2
-0.731589 1.951922 -0.957718 11
-0.802668 1.928114 -0.960993 11
-0.885269 1.965660 -0.955151 11
-0.965791 1.987787 -0.951694 11
-1.043623 1.993722 -0.950740 11
-1.125361 2.015365 -0.947507 11
1.955284 -1.327587 -1.461823 9
1.891990 -1.384453 -1.467876 9
1.860294 -1.342001 -1.459359 9
1.825767 -1.307009 -1.451957 9
1.780206 -1.309322 -1.450123 9
1.738368 -1.298977 -1.446452 9
1.688122 -1.320763 -1.447635 9
1.649740 -1.298007 -1.442193 9
1.601270 -1.315954 -1.442915 9
1.564701 -1.284826 -1.436280 9
1.509078 -1.337880 -1.442432 9
1.474671 -1.296244 -1.434275 9
1.448054 -1.212461 -1.419702 9
1.399835 -1.233912 -1.421197 9
1.352683 -1.252667 -1.422342 9
1.345566 -1.040085 -1.387993 9
1.301254 -1.033246 -1.385225 9
1.305111 -0.707357 -1.333230 9
1.309141 -0.335481 -1.273931 9
1.208325 -0.707473 -1.329815 10
1.161653 -0.694796 -1.326201 10
1.123609 -0.603520 -1.310380 10
1.070005 -0.648434 -1.315809 10
1.024379 -0.617168 -1.309397 10
0.977710 -0.592119 -1.303988 10
0.932040 -0.547509 -1.295540 10
0.885193 -0.508806 -1.288042 10
0.834426 -0.530732 -1.290122 10
0.786814 -0.490792 -1.282498 10
0.738498 -0.449787 -1.274731 10
0.687928 -0.470659 -1.276785 10
0.639362 -0.380889 -1.261356 10
0.588597 -0.392679 -1.262054 10
0.537840 -0.361041 -1.255901 10
0.486032 -0.300538 -1.245187 10
0.433555 -0.261360 -1.237893 10
0.379969 -0.212811 -1.229136 10
0.324696 -0.148170 -1.217838 10
0.266304 -0.049701 -1.201155 10
0.129849 1.249384 -0.992301 10
0.065675 1.212777 -0.997110 10
0.001167 1.187668 -1.000146 10
-0.065501 1.190013 -0.998841 10
-0.135770 1.225891 -0.992208 10
-0.213454 1.320377 -0.976203 10
-0.296556 1.442851 -0.955735 10
-0.394046 1.654863 -0.920890 10
-0.479660 1.752366 -0.904510 2
-0.558736 1.792767 -0.897378 2
-0.658700 1.956110 -0.870484 11
-0.737131 1.973708 -0.867140 11
-0.809751 1.956017 -0.869555 11
-0.908871 2.077092 -0.849642 11
-0.972112 2.006852 -0.860672 11
-1.033719 1.934213 -0.872162 11
-1.134081 2.041419 -0.854681 11
-1.210330 2.033973 -0.855782 11
1.930377 -1.420010 -1.425528 9
1.881752 -1.432773 -1.425426 9
1.837111 -1.434179 -1.423570 9
1.800947 -1.407692 -1.417294 9
1.783546 -1.313921 -1.400230 9
1.731954 -1.338973 -1.402265 9
1.684771 -1.350069 -1.402113 9
1.645487 -1.331621 -1.397229 9
1.585725 -1.396961 -1.405981 9
1.537065 -1.421046 -1.408114 9
1.501276 -1.390141 -1.401329 9
1.454517 -1.408890 -1.402688 9
1.427595 -1.331949 -1.388402 9
1.400507 -1.248599 -1.373042 9
1.375359 -1.146172 -1.354514 9
1.358476 -0.984469 -1.326159 9
1.338881 -0.820454 -1.297346 9
1.288950 -0.835851 -1.298226 9
1.302433 -0.406967 -1.225298 10
1.198344 -0.806238 -1.290082 10
1.163626 -0.702494 -1.271214 10
1.113968 -0.714633 -1.271701 10
1.069248 -0.681805 -1.264703 10
1.018196 -0.711362 -1.268197 10
0.969884 -0.715743 -1.267517 10
0.928524 -0.627012 -1.251201 10
0.882991 -0.577846 -1.241550 10
0.832181 -0.610364 -1.245713 10
0.785961 -0.553471 -1.234807 10
0.737217 -0.539258 -1.231144 10
0.687415 -0.558295 -1.233156 10
0.638989 -0.509450 -1.223684 10
0.589595 -0.466406 -1.215216 10
0.539569 -0.465538 -1.213956 10
0.488262 -0.378655 -1.198064 10
0.437402 -0.380365 -1.197306 10
0.383849 -0.302865 -1.183049 10
0.331481 -0.287692 -1.179469 10
0.277735 -0.253193 -1.172614 10
0.224796 -0.242960 -1.169950 10
0.164795 -0.139716 -1.151359 10
0.102165 -0.030053 -1.131674 10
-0.022598 0.725999 -1.000857 10
-0.090728 0.783614 -0.990061 10
-0.154442 0.790719 -0.987997 10
-0.229338 0.887084 -0.970598 10
-0.304661 0.971139 -0.955348 10
-0.394884 1.147268 -0.924241 10
-0.523495 1.551910 -0.853693 10
-0.663206 1.974107 -0.780089 10
-0.735658 1.954575 -0.782818 11
-0.819942 2.000887 -0.774222 11
-0.898672 2.012044 -0.771761 11
-0.966962 1.969041 -0.778729 11
-1.047203 1.985082 -0.775541 11
-1.131998 2.018750 -0.769359 11
-1.209066 2.014840 -0.769742 11
-1.291779 2.033094 -0.766347 11
1.987804 -1.398416 -1.373826 9
1.936662 -1.416440 -1.374857 9
1.883106 -1.444156 -1.377605 9
1.830269 -1.472287 -1.380492 9
1.805840 -1.407030 -1.367382 9
1.778317 -1.348649 -1.355439 9
1.724550 -1.382338 -1.359402 9
1.679406 -1.386841 -1.358375 9
1.640221 -1.369036 -1.353515 9
1.595491 -1.373343 -1.352528 9
1.548336 -1.389257 -1.353609 9
1.507611 -1.378589 -1.350089 9
1.459810 -1.400997 -1.352396 9
1.472218 -1.129104 -1.303050 9
1.433886 -1.093229 -1.295092 9
1.421599 -0.911409 -1.261398 9
1.399170 -0.768160 -1.234433 9
1.345052 -0.803399 -1.239017 9
1.320917 -0.647364 -1.209725 9
1.241469 -0.858873 -1.245705 10
1.201704 -0.803474 -1.234326 10
1.152032 -0.820841 -1.235930 10
1.116937 -0.712881 -1.215185 10
1.067889 -0.720761 -1.215147 10
1.020593 -0.712426 -1.212243 10
0.972938 -0.707365 -1.209958 10
0.920668 -0.764738 -1.218934 10
0.874136 -0.750578 -1.215093 10
0.830251 -0.683121 -1.201666 10
0.781507 -0.696871 -1.202907 10
0.734703 -0.663012 -1.195579 10
0.687719 -0.610714 -1.184929 10
0.640095 -0.533928 -1.169850 10
0.590541 -0.543684 -1.170483 10
0.541127 -0.542600 -1.169184 10
0.491093 -0.500488 -1.160454 10
0.440488 -0.469485 -1.153764 10
0.390252 -0.468025 -1.152485 10
0.338430 -0.431701 -1.144875 10
0.284813 -0.375956 -1.133736 10
0.234366 -0.388441 -1.135094 10
0.176833 -0.301442 -1.118276 10
0.118737 -0.229146 -1.104158 10
0.063759 -0.206735 -1.099202 10
0.001571 -0.119246 -1.082329 10
-0.068192 0.019346 -1.056079 10
-0.165862 0.362790 -0.992163 10
-0.233732 0.428306 -0.979330 10
-0.315386 0.580591 -0.950545 10
-0.400249 0.732950 -0.921750 10
-0.523989 1.105281 -0.852414 10
-0.735289 1.941870 -0.697415 11
-0.820984 1.995355 -0.686809 11
-0.884492 1.926445 -0.698842 11
-0.979772 2.020047 -0.680918 11
-1.048900 1.980270 -0.687678 11
-1.130406 1.998311 -0.683806 11
-1.205379 1.985322 -0.685721 11
-1.297842 2.043907 -0.674450 11
1.991459 -1.403315 -1.324033 9
1.939362 -1.423881 -1.325895 9
1.887377 -1.446336 -1.328159 9
1.846940 -1.433565 -1.324014 9
1.815781 -1.389406 -1.314123 9
1.754977 -1.446550 -1.322900 9
1.728401 -1.384561 -1.309753 9
1.672162 -1.430494 -1.316568 9
1.635237 -1.405120 -1.310225 9
1.584567 -1.434704 -1.314111 9
1.561110 -1.351368 -1.297018 9
1.501278 -1.423842 -1.308975 9
1.464684 -1.395206 -1.302109 9
1.447745 -1.267844 -1.276757 9
1.470994 -0.919924 -1.209948 9
1.424754 -0.914011 -1.207245 9
1.388147 -0.852647 -1.194125 9
1.351865 -0.782640 -1.179368 9
1.339804 -0.546124 -1.133125 9
1.245393 -0.853190 -1.189682 10
1.194934 -0.876923 -1.192732 10
1.150369 -0.857543 -1.187639 10
1.104620 -0.846139 -1.184082 10
1.061697 -0.806145 -1.175103 10
1.016695 -0.780855 -1.168938 10
0.973588 -0.727919 -1.157507 10
0.921867 -0.778378 -1.165860 10
0.875617 -0.759886 -1.161059 10
0.830176 -0.720781 -1.152325 10
0.781535 -0.737324 -1.154289 10
0.735430 -0.691160 -1.144231 10
0.687118 -0.698349 -1.144454 10
0.638371 -0.744727 -1.152265 10
0.590860 -0.731374 -1.148597 10
0.543170 -0.736676 -1.148555 10
0.495516 -0.737777 -1.147732 10
0.442969 -0.534529 -1.107364 10
0.393253 -0.533764 -1.106194 10
0.342306 -0.505916 -1.099798 10
0.292851 -0.517104 -1.101003 10
0.239309 -0.460953 -1.089148 10
0.187417 -0.443414 -1.084816 10
0.130558 -0.370950 -1.069808 10
0.077161 -0.352140 -1.065264 10
0.022183 -0.322452 -1.058621 10
-0.039741 -0.237140 -1.041137 10
-0.099800 -0.181819 -1.029517 10
-0.170691 -0.053904 -1.003714 10
-0.237223 0.024492 -0.987597 10
-0.326573 0.241463 -0.944352 10
-0.410532 0.397410 -0.913040 10
-0.518314 0.672343 -0.858391 10
-0.813410 1.942562 -0.608433 11
-0.887414 1.929884 -0.610077 11
-0.970631 1.962547 -0.602859 11
-1.016327 1.814457 -0.631198 2
-1.091128 1.808996 -0.631565 2
-1.160937 1.781253 -0.636357 2
-1.285601 1.979522 -0.596718 6
-1.402106 2.128113 -0.566870 11
2.038379 -1.281120 -1.249439 9
1.948908 -1.410564 -1.272843 9
1.906229 -1.402828 -1.269626 9
1.865260 -1.389854 -1.265410 9
1.814475 -1.409799 -1.267662 9
1.779432 -1.377185 -1.259645 9
1.726313 -1.408330 -1.264169 9
1.677484 -1.426628 -1.266214 9
1.638972 -1.406874 -1.260791 9
1.587404 -1.439526 -1.265743 9
1.547849 -1.424714 -1.261345 9
1.508962 -1.406385 -1.256265 9
1.472869 -1.374089 -1.248424 9
1.452844 -1.260671 -1.224438 9
1.411198 -1.247652 -1.220423 9
1.427053 -0.921332 -1.153855 9
1.388930 -0.868565 -1.141827 9
1.343766 -0.853221 -1.137290 9
1.334152 -0.605519 -1.086151 9
1.254182 -0.813803 -1.126517 10
1.194665 -0.901171 -1.142701 10
1.147490 -0.903817 -1.141888 10
1.100448 -0.906650 -1.141140 10
1.061855 -0.829683 -1.124294 10
1.016538 -0.808896 -1.118799 10
0.973230 -0.760313 -1.107686 10
0.924264 -0.775866 -1.109584 10
0.877125 -0.768791 -1.106919 10
0.826500 -0.823882 -1.116917 10
0.783729 -0.729003 -1.096432 10
0.736452 -0.710539 -1.091501 10
0.688255 -0.715229 -1.091312 10
0.641011 -0.665277 -1.079985 10
0.591992 -0.757997 -1.097840 10
0.544197 -0.707842 -1.086506 10
0.495721 -0.680013 -1.079749 10
0.447917 -0.704081 -1.083652 10
0.398255 -0.659570 -1.073503 10
0.347995 -0.622230 -1.064833 10
0.295752 -0.562265 -1.051516 10
0.244890 -0.543738 -1.046733 10
0.192127 -0.505009 -1.037802 10
0.138629 -0.467509 -1.029134 10
0.090012 -0.491554 -1.033186 10
0.031231 -0.412796 -1.016020 10
-0.024590 -0.375123 -1.007350 10
-0.080800 -0.341319 -0.999492 10
-0.142333 -0.273343 -0.984566 10
-0.198215 -0.255520 -0.980041 10
-0.260112 -0.201541 -0.968033 10
-0.334671 -0.077287 -0.941440 10
-0.414847 0.064012 -0.911295 10
-0.515622 0.301410 -0.861154 10
-0.895535 1.960218 -0.515249 11
-0.957255 1.884319 -0.530074 2
-1.002420 1.736676 -0.559896 2
-1.071357 1.707554 -0.565084 2
-1.155912 1.746420 -0.556132 2
-1.234006 1.754158 -0.553700 6
-1.311819 1.758776 -0.551949 2
-1.401351 1.805848 -0.541364 2
2.039829 -1.426735 -1.228509 9
1.995378 -1.423144 -1.226161 9
2.045702 -1.133639 -1.164721 9
1.906491 -1.417821 -1.221920 9
1.862104 -1.415993 -1.220008 9
1.820985 -1.403935 -1.215993 9
1.766428 -1.438491 -1.221699 9
1.723484 -1.434658 -1.219448 9
1.688676 -1.400881 -1.210962 9
1.640894 -1.415755 -1.212656 9
1.589585 -1.447050 -1.217824 9
1.552193 -1.422885 -1.211394 9
1.516462 -1.389964 -1.203130 9
1.486483 -1.327994 -1.188751 9
1.464866 -1.219870 -1.164623 9
1.424043 -1.199864 -1.159057 9
1.384585 -1.171116 -1.151651 9
1.389299 -0.886817 -1.090139 9
1.378792 -0.661064 -1.040895 10
1.308665 -0.792949 -1.067478 10
1.250142 -0.863724 -1.081166 10
1.198492 -0.894817 -1.086468 10
1.146145 -0.937414 -1.094260 10
1.099762 -0.936214 -1.092748 10
1.059252 -0.879495 -1.079392 10
1.019173 -0.807244 -1.062703 10
0.973041 -0.790476 -1.057882 10
0.924925 -0.796722 -1.058008 10
0.877120 -0.801027 -1.057739 10
0.826980 -0.850202 -1.067137 10
0.781989 -0.807951 -1.056904 10
0.735980 -0.771968 -1.048020 10
0.688694 -0.759261 -1.044158 10
0.641030 -0.755795 -1.042303 10
0.593255 -0.761150 -1.042372 10
0.545482 -0.740043 -1.036737 10
0.496792 -0.683079 -1.023346 10
0.448977 -0.711390 -1.028432 10
0.398603 -0.647300 -1.013501 10
0.349956 -0.653061 -1.013730 10
0.302956 -0.688503 -1.020432 10
0.255350 -0.704075 -1.022841 10
0.210120 -0.748844 -1.031633 10
0.163613 -0.768360 -1.034954 10
0.095802 -0.554772 -0.987449 10
0.041168 -0.511732 -0.977117 10
-0.011407 -0.495481 -0.972641 10
-0.067991 -0.450069 -0.961799 10
-0.125971 -0.401894 -0.950354 10
-0.178510 -0.399576 -0.948954 10
-0.247346 -0.291732 -0.924439 10
-0.295310 -0.326462 -0.931181 10
-0.362798 -0.245134 -0.912474 10
-0.432378 -0.162356 -0.893441 10
-0.507539 -0.060392 -0.870181 10
-0.603589 0.133036 -0.826786 10
-1.004053 1.731845 -0.473967 2
-1.083618 1.749457 -0.469022 6
-1.151312 1.713469 -0.475911 6
-1.222345 1.692795 -0.479455 6
-1.272828 1.591866 -0.500742 6
-1.381912 1.718176 -0.471896 2
2.077843 -1.464077 -1.186877 9
2.028615 -1.474000 -1.187586 9
1.995508 -1.438400 -1.178372 9
1.949690 -1.439608 -1.177213 9
1.910497 -1.421125 -1.171757 9
1.833528 -1.523897 -1.192936 9
1.820205 -1.422515 -1.169304 9
1.762785 -1.467029 -1.177758 9
1.740628 -1.389156 -1.159265 9
1.695009 -1.393543 -1.158911 9
1.648784 -1.401478 -1.159363 9
1.591374 -1.456185 -1.170196 9
1.551047 -1.444351 -1.166322 9
1.507002 -1.448678 -1.166047 9
1.497841 -1.292797 -1.130163 9
1.455146 -1.285115 -1.127205 9
1.426519 -1.205560 -1.108235 9
1.430706 -0.941162 -1.047973 9
1.378628 -0.967984 -1.052672 9
1.372445 -0.721155 -0.996162 10
1.292898 -0.916139 -1.038527 10
1.248599 -0.896087 -1.032776 10
1.197097 -0.927309 -1.038545 10
1.146454 -0.957561 -1.044128 10
1.101418 -0.945227 -1.040156 10
1.052632 -0.967144 -1.043911 10
1.013315 -0.895012 -1.026474 10
0.975659 -0.787466 -1.001017 10
0.922925 -0.852799 -1.014610 10
0.874372 -0.874930 -1.018471 10
0.825801 -0.906193 -1.024426 10
0.780267 -0.885398 -1.018602 10
0.732971 -0.903366 -1.021582 10
0.688004 -0.846072 -1.007479 10
0.642377 -0.760544 -0.986939 10
0.594538 -0.761698 -0.986114 10
0.546786 -0.779993 -0.989210 10
0.498700 -0.747581 -0.980758 10
0.450504 -0.738562 -0.977646 10
0.402963 -0.755289 -0.980429 10
0.354593 -0.745982 -0.977274 10
0.306192 -0.740379 -0.974976 10
0.259074 -0.757745 -0.977953 10
0.210204 -0.747189 -0.974542 10
0.161548 -0.742593 -0.972508 10
0.103498 -0.638536 -0.947624 10
0.049171 -0.591767 -0.935889 10
-0.004070 -0.563814 -0.928478 10
-0.053210 -0.574742 -0.930028 10
-0.108201 -0.540838 -0.921254 10
-0.165922 -0.493490 -0.909376 10
-0.224074 -0.450481 -0.898494 10
-0.277194 -0.444630 -0.896197 10
-0.337723 -0.397596 -0.884382 10
-0.404041 -0.325147 -0.866677 10
-0.463636 -0.296057 -0.859003 10
-0.533901 -0.218494 -0.840091 10
-0.615300 -0.097347 -0.811050 10
-0.683402 -0.047644 -0.798569 10
-1.134968 1.630526 -0.407660 6
-1.222897 1.681417 -0.394621 6
-1.288061 1.637689 -0.403598 6
-1.385330 1.716676 -0.384028 2
2.114533 -1.504194 -1.146189 9
2.092673 -1.439001 -1.129884 9
2.040943 -1.454711 -1.132206 9
1.996914 -1.449921 -1.129821 9
1.943552 -1.473682 -1.134048 9
1.901723 -1.464126 -1.130592 9
1.857955 -1.460979 -1.128631 9
1.799879 -1.506005 -1.137860 9
1.752673 -1.517726 -1.139391 9
1.718239 -1.485481 -1.130714 9
1.689947 -1.428700 -1.116317 9
1.655322 -1.392625 -1.106729 9
1.603451 -1.423859 -1.112848 9
1.559257 -1.426362 -1.112281 9
1.492305 -1.530045 -1.135406 9
1.498547 -1.307069 -1.082064 9
1.463741 -1.261308 -1.070182 9
1.483899 -0.931807 -0.991659 9
1.434440 -0.940858 -0.992563 9
1.381666 -0.970692 -0.998375 9
1.341949 -0.926384 -0.986745 10
1.290752 -0.950912 -0.991340 10
1.247141 -0.927675 -0.984680 10
1.202951 -0.906163 -0.978427 10
1.151344 -0.941164 -0.985545 10
1.101499 -0.967896 -0.990732 10
1.053843 -0.979868 -0.992442 10
1.010121 -0.954105 -0.985212 10
0.966882 -0.917612 -0.975430 10
0.920825 -0.909664 -0.972429 10
0.872950 -0.927858 -0.975656 10
0.827924 -0.902500 -0.968522 10
0.781407 -0.899552 -0.966731 10
0.734829 -0.897644 -0.965194 10
0.688555 -0.883722 -0.960795 10
0.641471 -0.903695 -0.964504 10
0.595460 -0.819462 -0.943282 10
0.547902 -0.769091 -0.930145 10
0.500318 -0.792075 -0.934588 10
0.453228 -0.817417 -0.939614 10
0.405677 -0.814533 -0.937877 10
0.358629 -0.825415 -0.939456 10
0.309962 -0.802498 -0.932910 10
0.263222 -0.818255 -0.935679 10
0.213351 -0.787572 -0.927263 10
0.164679 -0.779585 -0.924317 10
0.113201 -0.743912 -0.914687 10
0.060408 -0.703229 -0.903836 10
0.011112 -0.701660 -0.902439 10
-0.037598 -0.705998 -0.902479 10
-0.091221 -0.673583 -0.893617 10
-0.155180 -0.574300 -0.868524 10
-0.203533 -0.591028 -0.871565 10
-0.265892 -0.520749 -0.853475 10
-0.322539 -0.492598 -0.845607 10
-0.381392 -0.456497 -0.835798 10
-0.434764 -0.453446 -0.834031 10
-0.502119 -0.383132 -0.815868 10
-0.562890 -0.351272 -0.807065 10
-0.641433 -0.244245 -0.779899 10
-0.700368 -0.231081 -0.775635 10
-0.784200 -0.118674 -0.747096 10
-0.866607 -0.022074 -0.722387 10
-2.215784 0.482323 -0.578281 8
-2.239299 0.377361 -0.603223 8
-2.247579 0.244594 -0.635115 8
2.118294 -1.509526 -1.096299 9
2.094173 -1.450462 -1.080844 9
2.033956 -1.489835 -1.089280 9
2.004902 -1.442387 -1.076632 9
1.970581 -1.408435 -1.067254 9
1.913278 -1.444072 -1.074829 9
1.857880 -1.476953 -1.081758 9
1.815424 -1.470176 -1.079027 9
1.774095 -1.459875 -1.075439 9
1.716878 -1.506237 -1.085722 9
1.674977 -1.500363 -1.083238 9
1.640500 -1.466229 -1.073828 9
1.609781 -1.414953 -1.060198 9
1.567309 -1.409269 -1.057755 9
1.512426 -1.458279 -1.068773 9
1.504677 -1.296425 -1.027891 9
1.537302 -0.924754 -0.935215 9
1.473100 -1.006071 -0.954141 9
1.478066 -0.727364 -0.884189 9
1.371998 -1.045347 -0.961633 10
1.332371 -1.004403 -0.950410 10
1.290134 -0.975720 -0.942210 10
1.236211 -1.023797 -0.953035 10
1.202552 -0.931218 -0.928979 10
1.144936 -1.014545 -0.948583 10
1.108018 -0.935057 -0.927747 10
1.063833 -0.909895 -0.920400 10
1.019970 -0.877061 -0.911134 10
0.967974 -0.931910 -0.923721 10
0.927365 -0.852632 -0.902863 10
0.873343 -0.952875 -0.926817 10
0.825368 -0.982102 -0.933065 10
0.781099 -0.944885 -0.922701 10
0.735906 -0.913722 -0.913840 10
0.688504 -0.943450 -0.920234 10
0.642748 -0.910738 -0.910976 10
0.596024 -0.927102 -0.914032 10
0.549482 -0.899138 -0.905955 10
0.503139 -0.929113 -0.912446 10
0.455288 -0.868599 -0.896164 10
0.407851 -0.857812 -0.892391 10
0.361826 -0.885697 -0.898371 10
0.312547 -0.842362 -0.886383 10
0.264531 -0.833687 -0.883136 10
0.220542 -0.883539 -0.894690 10
0.170711 -0.851636 -0.885570 10
0.119287 -0.810268 -0.874038 10
0.069320 -0.791983 -0.868343 10
0.019246 -0.776879 -0.863448 10
-0.035662 -0.725769 -0.849399 10
-0.085190 -0.723750 -0.847810 10
-0.136661 -0.709331 -0.843065 10
-0.196085 -0.645801 -0.825804 10
-0.248450 -0.634290 -0.821775 10
-0.306488 -0.592364 -0.809981 10
-0.367483 -0.539940 -0.795486 10
-0.416813 -0.554110 -0.797987 10
-0.479821 -0.500877 -0.783252 10
-0.549318 -0.423505 -0.762310 10
-0.606973 -0.406845 -0.756891 10
-0.673328 -0.355711 -0.742619 10
-0.727700 -0.358637 -0.742200 10
-0.812883 -0.242240 -0.711124 10
-0.891417 -0.160967 -0.689025 10
-0.966533 -0.099265 -0.671923 10
-1.067658 0.046953 -0.633019 10
-2.087798 1.035143 -0.363229 8
-2.150024 1.000762 -0.370610 8
-2.149143 0.817363 -0.416796 8
-2.167037 0.685699 -0.449580 8
-2.174335 0.535820 -0.487168 8
-2.199239 0.430839 -0.513098 8
-2.234107 0.351092 -0.532476 8
-2.220278 0.172866 -0.577641 8
-2.239327 0.068709 -0.603492 8
-2.250043 -0.048156 -0.632715 8
-2.265558 -0.151458 -0.658429 8
2.153947 -1.431025 -1.024867 9
2.106672 -1.432120 -1.024178 9
2.032710 -1.508743 -1.042783 9
1.996917 -1.481067 -1.034767 9
1.964741 -1.441662 -1.023741 9
1.921590 -1.434247 -1.020892 9
1.874752 -1.438923 -1.021142 9
1.833567 -1.426147 -1.016920 9
1.776771 -1.466663 -1.026377 9
1.729608 -1.476913 -1.028079 9
1.675565 -1.514177 -1.036735 9
1.642566 -1.474538 -1.025613 9
1.599793 -1.471473 -1.023899 9
1.564616 -1.437257 -1.014153 9
1.525103 -1.419673 -1.008686 9
1.475691 -1.446500 -1.014684 9
1.533984 -0.959990 -0.887980 9
1.484053 -0.970009 -0.889541 9
1.427424 -1.017704 -0.900866 10
1.381260 -1.012872 -0.898597 10
1.334280 -1.013225 -0.897673 10
1.289482 -1.000641 -0.893389 10
1.239295 -1.023862 -0.898406 10
1.195368 -1.005701 -0.892669 10
1.146209 -1.026793 -0.897142 10
1.101124 -1.017528 -0.893716 10
1.060757 -0.963212 -0.878538 10
1.019938 -0.903198 -0.861849 10
0.964420 -0.999789 -0.886035 10
0.920210 -0.975039 -0.878544 10
0.879146 -0.896640 -0.857004 10
0.826391 -0.997673 -0.882413 10
0.782346 -0.956447 -0.870583 10
0.735865 -0.960089 -0.870501 10
0.687849 -1.024554 -0.886386 10
0.642833 -0.988520 -0.875892 10
0.597117 -0.951423 -0.865101 10
0.550774 -0.951233 -0.864004 10
0.505602 -1.042483 -0.886991 10
0.458017 -0.949600 -0.861471 10
0.408509 -0.855214 -0.835508 10
0.361228 -0.857589 -0.835055 10
0.315391 -0.887245 -0.841809 10
0.268283 -0.888052 -0.840942 10
0.221385 -0.892346 -0.840994 10
0.178642 -0.946649 -0.854297 10
0.124811 -0.870548 -0.833031 10
0.073015 -0.829939 -0.821148 10
0.029082 -0.867087 -0.829902 10
-0.025224 -0.814654 -0.814845 10
-0.082113 -0.751653 -0.796944 10
-0.128825 -0.769501 -0.800548 10
-0.177738 -0.771523 -0.799935 10
-0.235344 -0.721059 -0.785308 10
-0.294859 -0.666446 -0.769541 10
-0.339893 -0.697501 -0.776648 10
-0.381692 -0.742834 -0.787584 10
-0.431702 -0.744404 -0.786812 10
-0.480312 -0.753256 -0.787986 10
-0.582509 -0.524593 -0.725416 10
-0.648399 -0.470996 -0.709749 10
-0.709678 -0.441654 -0.700568 10
-0.778459 -0.386534 -0.684426 10
-0.842481 -0.354568 -0.674483 10
-0.917185 -0.287693 -0.655102 10
-0.987665 -0.241428 -0.641238 10
-1.068901 -0.163668 -0.618831 10
-1.152461 -0.084925 -0.596106 10
-2.010553 1.215138 -0.233467 8
-2.034687 1.077781 -0.268965 8
-2.065640 0.963893 -0.298125 8
-2.084899 0.826559 -0.333730 8
-2.118609 0.729511 -0.358390 8
-2.129977 0.584931 -0.396086 8
-2.168225 0.506802 -0.415657 8
-2.149839 0.307877 -0.468359 8
-2.147144 0.151103 -0.509596 8
-2.221613 0.160739 -0.505204 8
-2.276037 0.128107 -0.512409 8
-2.224843 -0.112447 -0.576848 8
-2.240494 -0.214166 -0.603157 8
-2.238692 -0.345129 -0.637579 8
-2.376309 -0.215443 -0.600067 8
-2.557412 -0.015017 -0.542888 8
2.193418 -1.343198 -0.948640 9
2.118040 -1.417063 -0.967610 9
2.060169 -1.447685 -0.975020 9
2.000391 -1.486629 -0.984671 9
1.949597 -1.502336 -0.988100 9
1.919499 -1.456495 -0.975008 9
1.871160 -1.466207 -0.976821 9
1.845357 -1.403422 -0.959144 9
1.789239 -1.440137 -0.968212 9
1.730702 -1.489047 -0.980574 9
1.691878 -1.470215 -0.974700 9
1.640007 -1.500562 -0.982076 9
1.593774 -1.511836 -0.984313 9
1.598245 -1.314110 -0.930115 9
1.593896 -1.137557 -0.881557 9
1.474253 -1.470032 -0.970582 9
1.537452 -0.962616 -0.832436 9
1.484447 -0.987444 -0.838230 9
1.455874 -0.886372 -0.809908 10
1.402677 -0.912636 -0.816077 10
1.339036 -1.005149 -0.840235 10
1.292259 -1.003744 -0.838913 10
1.247014 -0.992679 -0.834961 10
1.200906 -0.987157 -0.832506 10
1.156193 -0.970708 -0.827069 10
1.111640 -0.950975 -0.820724 10
1.067381 -0.925704 -0.812855 10
1.014538 -0.984400 -0.827884 10
0.963536 -1.036412 -0.841106 10
0.920084 -1.005016 -0.831547 10
0.870918 -1.050270 -0.842934 10
0.829886 -0.969940 -0.819957 10
0.783959 -0.960290 -0.816302 10
0.739542 -0.905788 -0.800337 10
0.690933 -0.966460 -0.815947 10
0.644033 -0.999267 -0.823922 10
0.598054 -0.996562 -0.822145 10
0.552086 -1.017523 -0.826869 10
0.506243 -1.015939 -0.825388 10
0.460467 -1.019385 -0.825284 10
0.414966 -1.029937 -0.827134 10
0.361560 -0.851007 -0.776683 10
0.315977 -0.889384 -0.786167 10
0.272342 -0.947402 -0.801089 10
0.230908 -1.020545 -0.820216 10
0.182318 -0.990263 -0.810725 10
0.131303 -0.941247 -0.796017 10
0.083041 -0.929421 -0.791593 10
0.034930 -0.921899 -0.788348 10
-0.011742 -0.928157 -0.788919 10
-0.059262 -0.927958 -0.787687 10
-0.119034 -0.843200 -0.762899 10
-0.166759 -0.849006 -0.763296 10
-0.211441 -0.873543 -0.768909 10
-0.262326 -0.860447 -0.764016 10
-0.327433 -0.772558 -0.738200 10
-0.383649 -0.740557 -0.727960 10
-0.427459 -0.773208 -0.735793 10
-0.472944 -0.795853 -0.740825 10
-0.564498 -0.613415 -0.688319 10
-0.627431 -0.569161 -0.674505 10
-0.687530 -0.541126 -0.665210 10
-0.746004 -0.522687 -0.658585 10
-0.817620 -0.457703 -0.638822 10
-0.889301 -0.398467 -0.620626 10
-0.944813 -0.400469 -0.619664 10
-1.016341 -0.350061 -0.603877 10
-1.091112 -0.293799 -0.586385 10
-1.171864 -0.223860 -0.564968 10
-1.255080 -0.152224 -0.543008 10
-1.351553 -0.047804 -0.511680 10
-1.959047 1.062964 -0.190090 8
-2.028179 1.045242 -0.192964 8
-2.018040 0.829438 -0.252353 8
-2.072345 0.780527 -0.264172 8
-2.088556 0.643124 -0.301310 8
-2.072239 0.437137 -0.358157 8
-2.112780 0.367658 -0.375974 8
-2.137056 0.265085 -0.403312 8
-2.157446 0.158196 -0.431935 8
-2.198967 0.099027 -0.446871 8
-2.181913 -0.076555 -0.495371 8
-2.188735 -0.197939 -0.528331 8
-2.205117 -0.296424 -0.554737 8
-2.221197 -0.392069 -0.580366 8
-2.254226 -0.453478 -0.596120 8
-2.372704 -0.360543 -0.567112 8
-2.483067 -0.287249 -0.543704 8
-2.639862 -0.139230 -0.498463 8
2.187951 -1.495624 -0.937759 9
2.146842 -1.480773 -0.933006 9
2.101362 -1.477661 -0.931533 9
2.042997 -1.510978 -0.940269 9
2.016744 -1.455386 -0.924053 9
1.960026 -1.487068 -0.932320 9
1.901902 -1.526044 -0.942639 9
1.878816 -1.457830 -0.922827 9
1.828648 -1.474252 -0.926793 9
1.787051 -1.463648 -0.923149 9
1.741014 -1.468725 -0.923909 9
1.687206 -1.503486 -0.933027 9
1.660569 -1.438442 -0.914009 9
1.617808 -1.432739 -0.911701 9
1.579380 -1.409430 -0.904413 9
1.574938 -1.237712 -0.855190 9
1.577854 -1.017197 -0.792107 9
1.530742 -1.013778 -0.790332 9
1.486128 -0.998415 -0.785166 9
1.430617 -1.039814 -0.796057 10
1.384475 -1.034575 -0.793738 10
1.338670 -1.027606 -0.790917 10
1.299173 -0.980868 -0.776801 10
1.249782 -0.995269 -0.780013 10
1.204763 -0.981073 -0.775096 10
1.157016 -0.986830 -0.775836 10
1.109325 -0.994002 -0.776969 10
1.060869 -1.010528 -0.780757 10
1.011889 -1.036727 -0.787296 10
0.963294 -1.065462 -0.794558 10
0.920227 -1.031344 -0.783889 10
0.875805 -1.008035 -0.776280 10
0.830027 -1.001079 -0.773322 10
0.783565 -1.006509 -0.773891 10
0.737953 -0.993128 -0.769067 10
0.690333 -1.043989 -0.782621 10
0.645105 -1.017425 -0.773997 10
0.598880 -1.054165 -0.783505 10
0.553213 -1.019563 -0.772540 10
0.506725 -0.975213 -0.758745 10
0.461278 -1.017279 -0.769760 10
0.414987 -1.008282 -0.766090 10
0.369079 -1.013288 -0.766434 10
0.325051 -1.052949 -0.776755 10
0.276454 -1.007717 -0.762594 10
0.235130 -1.075907 -0.781140 10
0.189912 -1.081256 -0.781549 10
0.139289 -1.028032 -0.765006 10
0.083332 -0.934234 -0.736677 10
0.042641 -0.993141 -0.752525 10
-0.002849 -1.004237 -0.754524 10
-0.049167 -1.008284 -0.754468 10
-0.108311 -0.923264 -0.728521 10
-0.150814 -0.958616 -0.737515 10
-0.233019 -0.748383 -0.675028 10
-0.269829 -0.824260 -0.695766 10
-0.325474 -0.790558 -0.684570 10
-0.386140 -0.735596 -0.667130 10
-0.434876 -0.745196 -0.668506 10
-0.476829 -0.786220 -0.679060 10
-0.527347 -0.786541 -0.677700 10
-0.602998 -0.681648 -0.645479 10
-0.667971 -0.629817 -0.628743 10
-0.728748 -0.599476 -0.618266 10
-0.795722 -0.549465 -0.601963 10
-0.860128 -0.513469 -0.589731 10
-0.920760 -0.494157 -0.582369 10
-0.990640 -0.446542 -0.566620 10
-1.061857 -0.398998 -0.550834 10
-1.131293 -0.361243 -0.537886 10
-1.198251 -0.334460 -0.528134 10
-1.277117 -0.275981 -0.508940 10
-1.353479 -0.229285 -0.493174 10
-1.444962 -0.145431 -0.466303 10
-1.539085 -0.060754 -0.439096 10
-1.890594 0.677035 -0.217236 8
-2.098664 1.014524 -0.114183 8
-2.082601 0.789772 -0.178752 8
-2.080616 0.609060 -0.230287 8
-2.009674 0.278929 -0.326670 8
-2.029314 0.166697 -0.357942 8
-2.048388 0.057775 -0.388274 8
-2.123817 0.072280 -0.381546 8
-2.129825 -0.058290 -0.418451 8
-2.157355 -0.140424 -0.440822 8
-2.184656 -0.220271 -0.462536 8
-2.198669 -0.322977 -0.491193 8
-2.197839 -0.449804 -0.527209 8
-2.221709 -0.526878 -0.548208 8
-2.279732 -0.540738 -0.550034 8
-2.383425 -0.475627 -0.527802 8
-2.475851 -0.433868 -0.512580 8
-2.618054 -0.312353 -0.472927 8
2.134922 -1.527287 -0.893842 9
2.106439 -1.479612 -0.879452 9
2.077619 -1.430781 -0.864698 9
1.998648 -1.522708 -0.891209 9
1.982864 -1.435480 -0.865155 9
1.912640 -1.508936 -0.886236 9
1.873763 -1.489638 -0.880081 9
1.827607 -1.493558 -0.880729 9
1.783764 -1.490799 -0.879401 9
1.736952 -1.499089 -0.881308 9
1.695886 -1.487933 -0.877482 9
1.655267 -1.475013 -0.873120 9
1.616450 -1.454722 -0.866570 9
1.569376 -1.467554 -0.869758 9
1.561441 -1.313633 -0.823787 9
1.587294 -0.993387 -0.728707 9
1.527740 -1.047071 -0.743842 9
1.490317 -0.996916 -0.728324 10
1.438557 -1.017567 -0.733689 10
1.383084 -1.062138 -0.746113 10
1.349050 -0.986636 -0.723032 10
1.299774 -0.997948 -0.725595 10
1.254233 -0.986686 -0.721463 10
1.199890 -1.038039 -0.735858 10
1.153021 -1.040364 -0.735724 10
1.111677 -0.997385 -0.722138 10
1.067168 -0.976463 -0.715066 10
1.016472 -1.015078 -0.725650 10
0.970590 -1.008881 -0.722916 10
0.924095 -1.009838 -0.722290 10
0.875493 -1.042961 -0.731218 10
0.831839 -1.003159 -0.718430 10
0.785926 -0.994724 -0.714954 10
0.740854 -0.960598 -0.703797 10
0.693695 -0.977778 -0.707917 10
0.646988 -0.989971 -0.710538 10
0.600456 -1.012458 -0.716222 10
0.554321 -1.010522 -0.714595 10
0.507758 -0.977477 -0.703637 10
0.461597 -0.992866 -0.707154 10
0.419430 -1.122910 -0.745029 10
0.372247 -1.073845 -0.729213 10
0.325937 -1.061001 -0.724230 10
0.282334 -1.096400 -0.733720 10
0.234286 -1.061556 -0.722082 10
0.186655 -1.041077 -0.714730 10
0.140165 -1.038186 -0.712646 10
0.086258 -0.964651 -0.689238 10
0.029407 -0.879129 -0.662149 10
-0.020059 -0.868484 -0.657615 10
-0.070385 -0.853900 -0.651860 10
-0.115940 -0.875474 -0.657020 10
-0.152435 -0.953904 -0.679397 10
-0.210713 -0.890786 -0.658868 10
-0.264139 -0.863799 -0.649247 10
-0.319997 -0.827573 -0.636778 10
-0.379781 -0.776009 -0.619597 10
-0.427746 -0.788031 -0.621721 10
-0.454917 -0.895988 -0.653072 10
-0.533388 -0.768606 -0.612651 10
-0.596153 -0.719665 -0.596082 10
-0.641279 -0.747007 -0.602784 10
-0.708942 -0.685893 -0.582393 10
-0.774006 -0.640251 -0.566674 10
-0.838811 -0.600021 -0.552554 10
-0.900963 -0.572894 -0.542401 10
-0.962306 -0.551411 -0.533934 10
-1.035731 -0.493813 -0.514296 10
-1.090326 -0.499325 -0.514045 10
-1.172363 -0.423554 -0.488666 10
-1.240475 -0.393970 -0.477473 10
-1.297039 -0.399647 -0.477137 10
-1.393593 -0.297545 -0.443361 10
-1.472883 -0.248102 -0.425808 10
-1.565102 -0.169641 -0.399157 10
-1.637994 -0.144789 -0.389083 10
-1.772252 0.025524 -0.333610 10
-1.942771 0.270336 -0.254690 8
-1.933965 0.091411 -0.307955 8
-1.958164 -0.005989 -0.335817 8
-2.003647 -0.053520 -0.348089 8
-2.073746 -0.047967 -0.343692 8
-2.112209 -0.108976 -0.360173 8
-2.117732 -0.234258 -0.396909 8
-2.161446 -0.279999 -0.408629 8
-2.187915 -0.357705 -0.430446 8
-2.174915 -0.506519 -0.474800 8
-2.193087 -0.592886 -0.499462 8
-2.235933 -0.632621 -0.509358 8
-2.308697 -0.619782 -0.502520 8
-2.400161 -0.576985 -0.486068 8
-2.513160 -0.501575 -0.459100 8
-2.607756 -0.460627 -0.443010 8
2.169982 -1.451828 -0.818194 9
2.100392 -1.511354 -0.836167 9
2.074478 -1.455248 -0.818742 9
2.028570 -1.453237 -0.817847 9
1.974030 -1.477297 -0.824913 9
1.917165 -1.510898 -0.834884 9
1.876952 -1.495463 -0.829820 9
1.807775 -1.573854 -0.853482 9
1.776839 -1.530094 -0.839702 9
1.730940 -1.536141 -0.841164 9
1.673054 -1.587022 -0.856357 9
1.634714 -1.569018 -0.850409 9
1.626573 -1.431450 -0.807746 9
1.579027 -1.444583 -0.811297 9
1.568831 -1.299361 -0.766198 9
1.588841 -1.005400 -0.675343 9
1.529213 -1.059091 -0.691254 10
1.478954 -1.072756 -0.694848 10
1.417583 -1.146980 -0.717057 10
1.369080 -1.159404 -0.720243 10
1.355839 -0.967241 -0.660413 10
1.300593 -1.013653 -0.674006 10
1.251444 -1.026654 -0.677293 10
1.205465 -1.019749 -0.674424 10
1.155841 -1.040842 -0.680170 10
1.115778 -0.986213 -0.662523 10
1.066619 -1.005747 -0.667746 10
1.012574 -1.079642 -0.689757 10
0.963679 -1.113267 -0.699319 10
0.918444 -1.109895 -0.697422 10
0.876768 -1.054446 -0.679375 10
0.831077 -1.049503 -0.676935 10
0.784590 -1.059897 -0.679226 10
0.736977 -1.106158 -0.692628 10
0.690361 -1.151038 -0.705599 10
0.646947 -1.070086 -0.679469 10
0.601988 -0.980037 -0.650452 10
0.555423 -0.992228 -0.653184 10
0.509243 -1.016707 -0.659725 10
0.464073 -1.065241 -0.673751 10
0.419284 -1.096039 -0.682245 10
0.373955 -1.100145 -0.682399 10
0.326904 -1.070590 -0.672016 10
0.282774 -1.098160 -0.679454 10
0.235441 -1.074722 -0.670920 10
0.191533 -1.099262 -0.677375 10
0.145923 -1.100937 -0.676651 10
0.092942 -1.031539 -0.653604 10
0.039538 -0.971726 -0.633501 10
-0.009475 -0.958243 -0.627900 10
-0.057974 -0.951538 -0.624396 10
-0.101346 -0.982295 -0.632659 10
-0.142490 -1.024271 -0.644450 10
-0.206969 -0.919981 -0.610083 10
-0.260963 -0.888887 -0.598742 10
-0.303449 -0.924305 -0.608384 10
-0.349732 -0.937440 -0.610966 10
-0.403855 -0.912105 -0.601336 10
-0.451129 -0.921746 -0.602753 10
-0.511217 -0.874997 -0.586236 10
-0.595537 -0.731399 -0.538859 10
-0.656121 -0.696593 -0.525976 10
-0.701083 -0.725923 -0.533474 10
-0.738488 -0.781891 -0.549459 10
-0.795298 -0.765378 -0.542295 10
-0.840703 -0.790187 -0.548302 10
-0.904520 -0.753296 -0.534530 10
-1.007348 -0.595495 -0.481914 10
-1.069368 -0.575207 -0.473287 10
-1.140124 -0.531257 -0.456993 10
-1.219391 -0.466643 -0.433967 10
-1.279140 -0.461663 -0.430070 10
-1.348008 -0.433379 -0.418600 10
-1.412451 -0.419497 -0.411716 10
-1.511437 -0.319479 -0.376881 10
-1.588873 -0.279668 -0.361429 10
-1.648981 -0.284932 -0.360529 10
-1.752259 -0.190049 -0.327007 10
-1.856636 -0.098961 -0.294575 10
-1.945928 -0.047334 -0.274872 8
-1.940525 -0.204025 -0.323147 8
-1.989867 -0.238800 -0.331621 8
-2.119837 -0.107745 -0.285695 8
-2.102551 -0.278834 -0.338817 8
-2.147880 -0.320703 -0.349552 8
-2.133917 -0.474665 -0.397226 8
-2.143053 -0.579636 -0.428844 8
-2.167629 -0.652894 -0.450036 8
-2.159721 -0.781562 -0.489624 8
-2.236164 -0.759431 -0.479233 8
-2.336054 -0.699786 -0.456269 8
-2.437929 -0.640722 -0.433358 8
-2.540164 -0.584916 -0.411389 8
-2.644712 -0.529148 -0.389289 8
2.163969 -1.483072 -0.774229 9
2.130221 -1.447551 -0.762851 9
2.073333 -1.474172 -0.771261 9
2.038131 -1.442017 -0.760902 9
1.968743 -1.508543 -0.781987 9
1.910953 -1.545389 -0.793584 9
1.870926 -1.530143 -0.788540 9
1.827049 -1.527123 -0.787370 9
1.803471 -1.456656 -0.764651 9
1.709757 -1.625819 -0.818385 9
1.668130 -1.620684 -0.816472 9
1.632695 -1.592658 -0.807223 9
1.619643 -1.475340 -0.769425 9
1.653608 -1.156273 -0.667124 9
1.617240 -1.109906 -0.651891 9
1.596538 -0.989900 -0.613081 9
1.596608 -0.761319 -0.539498 9
1.473824 -1.117284 -0.652837 10
1.429153 -1.105813 -0.648642 10
1.382773 -1.103344 -0.647299 10
1.338644 -1.088316 -0.641908 10
1.308122 -0.987630 -0.609040 10
1.251983 -1.044288 -0.626554 10
1.194010 -1.123229 -0.651203 10
1.152351 -1.090014 -0.639864 10
1.105551 -1.094946 -0.640734 10
1.062247 -1.069780 -0.631912 10
1.014123 -1.088865 -0.637274 10
0.971323 -1.053511 -0.625113 10
0.921194 -1.102685 -0.640105 10
0.873542 -1.131280 -0.648464 10
0.828616 -1.124299 -0.645348 10
0.784737 -1.093835 -0.634635 10
0.738426 -1.111352 -0.639355 10
0.693104 -1.107523 -0.637167 10
0.647993 -1.089134 -0.630248 10
0.602075 -1.124149 -0.640549 10
0.556670 -1.047732 -0.614806 10
0.511244 -1.100328 -0.630747 10
0.464874 -1.062246 -0.617319 10
0.420050 -1.097167 -0.627504 10
0.374290 -1.093937 -0.625303 10
0.329278 -1.107075 -0.628384 10
0.283609 -1.106219 -0.626897 10
0.239476 -1.127583 -0.632604 10
0.193183 -1.118411 -0.628356 10
0.146141 -1.103998 -0.622365 10
0.090972 -1.014394 -0.591822 10
0.043813 -1.012520 -0.589821 10
-0.002063 -1.022196 -0.591561 10
-0.040364 -1.087880 -0.611585 10
-0.093477 -1.042215 -0.595179 10
-0.144386 -1.017787 -0.585666 10
-0.182671 -1.073944 -0.602531 10
-0.237879 -1.027656 -0.585770 10
-0.287556 -1.017255 -0.580735 10
-0.336839 -1.010852 -0.576974 10
-0.391932 -0.977841 -0.564409 10
-0.456552 -0.905026 -0.538658 10
-0.511566 -0.882100 -0.529284 10
-0.547651 -0.941608 -0.547099 10
-0.596783 -0.944512 -0.546192 10
-0.655218 -0.912269 -0.533604 10
-0.714318 -0.881061 -0.521292 10
-0.761692 -0.894898 -0.523876 10
-0.836530 -0.814634 -0.495132 10
-0.903381 -0.767482 -0.477303 10
-0.970485 -0.723810 -0.460548 10
-1.045327 -0.660312 -0.437087 10
-1.110811 -0.629861 -0.424572 10
-1.156455 -0.659483 -0.432099 10
-1.249064 -0.557412 -0.395436 10
-1.324769 -0.508312 -0.376415 10
-1.382550 -0.510189 -0.374442 10
-1.460975 -0.460550 -0.355060 10
-1.537780 -0.418860 -0.338253 10
-1.619115 -0.369762 -0.318842 10
-1.685967 -0.358308 -0.312064 10
-1.785055 -0.275423 -0.280989 10
-1.868952 -0.231689 -0.263058 10
-1.963418 -0.168678 -0.238453 8
-2.455217 0.723368 0.068899 8
-2.033824 -0.298106 -0.276053 8
-2.064930 -0.368025 -0.296652 8
-2.068667 -0.488996 -0.334771 8
-2.068819 -0.612170 -0.373735 8
-2.126860 -0.623423 -0.374283 8
-2.131431 -0.732112 -0.408368 8
-2.144081 -0.822692 -0.436278 8
-2.228989 -0.785501 -0.420015 8
-2.285512 -0.799097 -0.421244 8
-2.375608 -0.757874 -0.403363 8
-2.465354 -0.720252 -0.386598 8
-2.556612 -0.683129 -0.369871 8
-2.677741 -0.602735 -0.337862 8
2.154396 -1.523353 -0.733671 9
2.108482 -1.520981 -0.733019 9
2.074565 -1.486574 -0.721704 9
2.020001 -1.509062 -0.729237 9
1.983143 -1.482359 -0.720414 9
1.913817 -1.552424 -0.743669 9
1.872671 -1.540489 -0.739683 9
1.838619 -1.505698 -0.728082 9
1.811643 -1.445578 -0.708042 9
1.758526 -1.472398 -0.716822 9
1.680471 -1.592007 -0.756373 9
1.674504 -1.451968 -0.709707 9
1.609378 -1.532024 -0.736074 9
1.628589 -1.276254 -0.650898 9
1.612825 -1.147114 -0.607718 9
1.603221 -0.979190 -0.551603 9
1.542569 -1.034513 -0.569615 10
1.491428 -1.049673 -0.574252 10
1.437985 -1.079349 -0.583687 10
1.404817 -1.002099 -0.557532 10
1.355756 -1.008876 -0.559284 10
1.300083 -1.058377 -0.575224 10
1.253239 -1.057168 -0.574260 10
1.205206 -1.065119 -0.576314 10
1.153773 -1.101265 -0.587732 10
1.107171 -1.104327 -0.588100 10
1.061432 -1.101029 -0.586316 10
1.021778 -1.037051 -0.564252 10
0.972094 -1.071220 -0.574899 10
0.919003 -1.157861 -0.603051 10
0.875774 -1.128682 -0.592496 10
0.827228 -1.180142 -0.608862 10
0.781979 -1.186634 -0.610171 10
0.738509 -1.151787 -0.597611 10
0.694384 -1.116110 -0.584727 10
0.648710 -1.125612 -0.586939 10
0.603216 -1.137691 -0.589986 10
0.557997 -1.169480 -0.599621 10
0.512368 -1.111147 -0.578967 10
0.467196 -1.128874 -0.583817 10
0.420610 -1.091709 -0.570178 10
0.377430 -1.154364 -0.590089 10
0.331480 -1.140326 -0.584161 10
0.285670 -1.133929 -0.580766 10
0.239074 -1.119292 -0.574553 10
0.196713 -1.160304 -0.587093 10
0.150500 -1.151667 -0.582836 10
0.105941 -1.161605 -0.584824 10
0.058228 -1.142748 -0.577030 10
0.010947 -1.131359 -0.571719 10
-0.043846 -1.066445 -0.548199 10
-0.091251 -1.062911 -0.545449 10
-0.147705 -1.002151 -0.523198 10
-0.190797 -1.030927 -0.531343 10
-0.223064 -1.118905 -0.559643 10
-0.292084 -1.000051 -0.517409 10
-0.339638 -1.004125 -0.517028 10
-0.383027 -1.028824 -0.523660 10
-0.436964 -1.003491 -0.513143 10
-0.489533 -0.987413 -0.505735 10
-0.560707 -0.895718 -0.472321 10
-0.603279 -0.927519 -0.481216 10
-0.647413 -0.951621 -0.487444 10
-0.700525 -0.941594 -0.481891 10
-0.742859 -0.971527 -0.490066 10
-0.795847 -0.963773 -0.485204 10
-0.890784 -0.819411 -0.433034 10
-0.962531 -0.759807 -0.410033 10
-1.044837 -0.672860 -0.377435 10
-1.106715 -0.653292 -0.368103 10
-1.151705 -0.684498 -0.376360 10
-1.209359 -0.679570 -0.372003 10
-1.281072 -0.638105 -0.354832 10
-1.365880 -0.565960 -0.326832 10
-1.436247 -0.535753 -0.313374 10
-1.505720 -0.510575 -0.301582 10
-1.580810 -0.474474 -0.285860 10
-1.636742 -0.486089 -0.286820 10
-1.726960 -0.420550 -0.260528 10
-1.801849 -0.393439 -0.247656 10
-1.888262 -0.344167 -0.226837 10
-1.914199 -0.425137 -0.252049 8
-1.979965 -0.421997 -0.247423 8
-2.034164 -0.443218 -0.251386 8
-2.058018 -0.523479 -0.276354 8
-2.056268 -0.649557 -0.317728 8
-2.117556 -0.654347 -0.315784 8
-2.102242 -0.798350 -0.363715 8
-2.139831 -0.843622 -0.376287 8
-2.177577 -0.887732 -0.388431 8
-2.213180 -0.934639 -0.401574 8
-2.329276 -0.848147 -0.366425 8
-2.418880 -0.809311 -0.348335 8
-2.508577 -0.773254 -0.331100 8
-2.428585 -1.001355 -0.410006 8
-2.505552 -0.984381 -0.399667 8
2.218734 -1.496129 -0.670090 9
2.179265 -1.475217 -0.663240 9
2.126419 -1.489251 -0.668410 9
2.068459 -1.518975 -0.678950 9
2.031944 -1.491266 -0.669641 9
1.990754 -1.476186 -0.664650 9
1.952823 -1.451209 -0.656211 9
1.895157 -1.486575 -0.668537 9
1.856222 -1.465197 -0.661263 9
1.807113 -1.476979 -0.665383 9
1.763577 -1.471270 -0.663437 9
1.707483 -1.511038 -0.677130 9
1.670836 -1.482283 -0.667166 9
1.638085 -1.436814 -0.651404 9
1.631573 -1.281760 -0.597821 9
1.655280 -0.985352 -0.495451 9
1.605366 -0.988867 -0.496445 9
1.539484 -1.068092 -0.523513 10
1.489453 -1.078743 -0.526895 10
1.434230 -1.118292 -0.540211 10
1.401814 -1.038697 -0.512376 10
1.355649 -1.030020 -0.508972 10
1.297312 -1.096169 -0.531365 10
1.249594 -1.102347 -0.533019 10
1.193570 -1.169002 -0.555533 10
1.152739 -1.131273 -0.541945 10
1.112009 -1.087192 -0.526113 10
1.067584 -1.069195 -0.519256 10
1.024969 -1.030425 -0.505165 10
0.972719 -1.090530 -0.525259 10
0.925920 -1.098795 -0.527377 10
0.873935 -1.184599 -0.556333 10
0.829039 -1.181815 -0.554564 10
0.787507 -1.110844 -0.529099 10
0.740617 -1.140320 -0.538439 10
0.694845 -1.152948 -0.541900 10
0.649305 -1.167858 -0.546122 10
0.604431 -1.143036 -0.536495 10
0.559128 -1.175627 -0.546798 10
0.514130 -1.177665 -0.546438 10
0.468751 -1.160775 -0.539445 10
0.423786 -1.168537 -0.541001 10
0.375183 -1.086428 -0.511155 10
0.328647 -1.076919 -0.506584 10
0.289007 -1.182175 -0.542089 10
0.240668 -1.138502 -0.525506 10
0.199478 -1.192955 -0.543219 10
0.151181 -1.159712 -0.530188 10
0.111191 -1.214462 -0.547965 10
0.062944 -1.187311 -0.536976 10
0.014230 -1.161726 -0.526478 10
-0.036237 -1.127850 -0.513003 10
-0.084874 -1.112342 -0.505931 10
-0.136610 -1.079752 -0.492780 10
-0.184088 -1.077905 -0.490412 10
-0.237480 -1.043475 -0.476483 10
-0.285815 -1.040977 -0.473778 10
-0.334438 -1.038165 -0.470913 10
-0.390844 -0.998962 -0.455095 10
-0.438837 -1.003106 -0.454584 10
-0.488821 -0.999059 -0.451115 10
-0.533312 -1.019251 -0.456221 10
-0.611061 -0.905513 -0.413567 10
-0.639395 -0.991705 -0.442096 10
-0.693558 -0.976813 -0.434536 10
-0.744011 -0.977145 -0.432356 10
-0.803057 -0.949098 -0.419954 10
-0.851080 -0.960246 -0.421532 10
-0.943304 -0.831459 -0.372778 10
-1.027256 -0.737763 -0.336457 10
-1.086176 -0.725376 -0.329281 10
-1.158578 -0.676200 -0.308747 10
-1.224188 -0.650000 -0.296401 10
-1.281601 -0.648493 -0.292903 10
-1.319948 -0.697849 -0.307791 10
-1.373754 -0.706251 -0.307788 10
-1.456944 -0.643023 -0.281647 10
-1.543785 -0.575712 -0.253866 10
-1.624176 -0.528199 -0.233157 10
-1.683088 -0.532911 -0.231426 10
-1.789034 -0.435072 -0.192013 10
-1.861588 -0.415016 -0.180966 10
-1.899675 -0.469096 -0.197105 8
-1.934430 -0.528413 -0.215172 8
-1.992213 -0.540304 -0.215711 8
-2.524098 0.364446 0.123419 8
-2.079618 -0.619070 -0.236998 8
-2.114886 -0.672983 -0.253010 8
-2.080226 -0.851421 -0.315458 8
-2.115378 -0.900059 -0.329602 8
-2.127575 -0.987073 -0.358117 8
-2.104968 -1.129749 -0.407595 8
-2.198784 -1.076136 -0.383352 8
-2.234824 -1.118761 -0.395232 8
-2.347692 -1.040099 -0.361214 8
-2.421533 -1.025954 -0.351416 8
-2.486574 -1.026852 -0.347208 8
-2.559447 -1.017422 -0.338959 8
2.220674 -1.507039 -0.619182 9
2.164011 -1.529969 -0.627964 9
2.132909 -1.487989 -0.613441 9
2.084659 -1.490785 -0.614916 9
2.043912 -1.473668 -0.609217 9
1.983643 -1.512713 -0.623576 9
1.949797 -1.476386 -0.610914 9
1.899337 -1.489737 -0.615986 9
1.847506 -1.509296 -0.623233 9
1.806539 -1.495150 -0.618380 9
1.746450 -1.546565 -0.636930 9
1.711378 -1.513449 -0.625209 9
1.675525 -1.481415 -0.613834 9
1.666420 -1.343944 -0.564720 9
1.672017 -1.135961 -0.490352 9
1.679951 -0.900187 -0.406001 9
1.701135 -0.584499 -0.293019 9
1.549437 -1.041029 -0.456124 10
1.501331 -1.040109 -0.455610 10
1.451427 -1.049260 -0.458653 10
1.412819 -0.998949 -0.440380 10
1.346287 -1.104502 -0.477828 10
1.306374 -1.061187 -0.461967 10
1.251940 -1.108017 -0.478327 10
1.195731 -1.175064 -0.501892 10
1.153444 -1.147978 -0.491708 10
1.106618 -1.154519 -0.493526 10
1.063128 -1.133189 -0.485312 10
1.012060 -1.183412 -0.502707 10
0.973332 -1.109959 -0.475708 10
0.924765 -1.140874 -0.486099 10
0.879884 -1.129264 -0.481189 10
0.828651 -1.220274 -0.513097 10
0.785802 -1.181464 -0.498335 10
0.741500 -1.160204 -0.489827 10
0.696044 -1.164319 -0.490398 10
0.650485 -1.179041 -0.494746 10
0.605197 -1.198111 -0.500624 10
0.560274 -1.192429 -0.497545 10
0.515237 -1.187459 -0.494676 10
0.469895 -1.173727 -0.488598 10
0.423136 -1.124672 -0.469709 10
0.377137 -1.118585 -0.466282 10
0.335022 -1.190461 -0.491014 10
0.286303 -1.133296 -0.469018 10
0.242203 -1.156919 -0.476219 10
0.197009 -1.162262 -0.476758 10
0.154138 -1.192271 -0.486210 10
0.111875 -1.223023 -0.495905 10
0.065308 -1.211105 -0.490054 10
0.022674 -1.233768 -0.496739 10
-0.034202 -1.147606 -0.463732 10
-0.081376 -1.141790 -0.459925 10
-0.130710 -1.123665 -0.451568 10
-0.177073 -1.126652 -0.450866 10
-0.221076 -1.143572 -0.455216 10
-0.284316 -1.056239 -0.421326 10
-0.332625 -1.054958 -0.418880 10
-0.377252 -1.072437 -0.423270 10
-0.439690 -1.007469 -0.397300 10
-0.467997 -1.098618 -0.428705 10
-0.521795 -1.076104 -0.418230 10
-0.578642 -1.044254 -0.404230 10
-0.642611 -0.988686 -0.381372 10
-0.702865 -0.952141 -0.365442 10
-0.752442 -0.957089 -0.364797 10
-0.815522 -0.916690 -0.347259 10
-0.874701 -0.892962 -0.335813 10
-0.920823 -0.913172 -0.340642 10
-0.986267 -0.873960 -0.323262 10
-1.090477 -0.723866 -0.264339 10
-1.140323 -0.739831 -0.267313 10
-1.237221 -0.625628 -0.221437 10
-1.285590 -0.649649 -0.227250 10
-1.344582 -0.645665 -0.222484 10
-1.376931 -0.710246 -0.243476 10
-1.428622 -0.724771 -0.245581 10
-1.544023 -0.587774 -0.190313 10
-1.592927 -0.613479 -0.196429 10
-1.652041 -0.615900 -0.193657 10
-1.740506 -0.554940 -0.166689 10
-1.804367 -0.550861 -0.161227 10
-1.880396 -0.522832 -0.146518 10
-2.151408 -0.101870 0.018761 8
-1.979855 -0.578448 -0.159531 8
-2.379336 0.068832 0.093620 8
-2.072723 -0.645810 -0.176874 8
-2.046120 -0.813109 -0.237100 8
-2.079849 -0.865472 -0.253026 8
-2.038469 -1.048245 -0.319562 8
-2.064920 -1.107631 -0.338340 8
-2.088956 -1.169515 -0.358106 8
-2.211656 -1.068315 -0.314127 8
-2.275837 -1.066381 -0.308755 8
-2.345243 -1.057536 -0.300554 8
-2.416127 -1.048009 -0.291956 8
-2.463620 -1.075144 -0.297712 8
-2.527225 -1.078730 -0.294079 8
2.260044 -1.425582 -0.533753 9
2.175555 -1.516309 -0.568261 9
2.133937 -1.501175 -0.563350 9
2.084607 -1.506830 -0.566111 9
2.020000 -1.556310 -0.585089 9
1.999433 -1.483197 -0.558507 9
1.934763 -1.537205 -0.579052 9
1.895644 -1.517226 -0.572095 9
1.851222 -1.513586 -0.571151 9
1.820534 -1.465210 -0.553575 9
1.771679 -1.476288 -0.557992 9
1.751206 -1.388083 -0.525569 9
1.725188 -1.314158 -0.498398 9
1.775662 -0.939860 -0.359907 9
1.724738 -0.942087 -0.360866 9
1.674838 -0.941173 -0.360607 9
1.645015 -0.852697 -0.327862 9
1.548614 -1.064152 -0.406163 10
1.515432 -0.991160 -0.379049 10
1.472963 -0.958762 -0.366920 10
1.416382 -1.000014 -0.382024 10
1.370360 -0.986563 -0.376810 10
1.304195 -1.095332 -0.416840 10
1.252888 -1.122917 -0.426742 10
1.204615 -1.134203 -0.430556 10
1.159404 -1.125058 -0.426746 10
1.116115 -1.099538 -0.416811 10
1.071944 -1.078090 -0.408333 10
1.024627 -1.084165 -0.410018 10
0.969667 -1.176214 -0.443579 10
0.925687 -1.157018 -0.435794 10
0.878959 -1.171989 -0.440652 10
0.834779 -1.150849 -0.432041 10
0.788608 -1.161582 -0.435230 10
0.742291 -1.182364 -0.442115 10
0.695973 -1.218350 -0.454621 10
0.651598 -1.193883 -0.444570 10
0.607046 -1.136515 -0.422193 10
0.561383 -1.158384 -0.429301 10
0.515420 -1.112590 -0.411111 10
0.469788 -1.127401 -0.415488 10
0.425692 -1.182330 -0.434820 10
0.382732 -1.238348 -0.454539 10
0.340670 -1.290369 -0.472745 10
0.288780 -1.167721 -0.425484 10
0.244318 -1.183343 -0.429949 10
0.199979 -1.197390 -0.433783 10
0.158664 -1.241710 -0.448947 10
0.111568 -1.222000 -0.440013 10
0.064756 -1.209209 -0.433618 10
0.008350 -1.121963 -0.399110 10
-0.040174 -1.107742 -0.392022 10
-0.086099 -1.114391 -0.392747 10
-0.128402 -1.144357 -0.402236 10
-0.176461 -1.136654 -0.397440 10
-0.212255 -1.200370 -0.419636 10
-0.260606 -1.190497 -0.413923 10
-0.314967 -1.152078 -0.397305 10
-0.367624 -1.126652 -0.385533 10
-0.428035 -1.069113 -0.361453 10
-0.466108 -1.115280 -0.376785 10
-0.530674 -1.047832 -0.348738 10
-0.592872 -0.996543 -0.326735 10
-0.639138 -1.011315 -0.329897 10
-0.703918 -0.957927 -0.306884 10
-0.747203 -0.985406 -0.314787 10
-0.794167 -0.999292 -0.317428 10
-0.874162 -0.905085 -0.278396 10
-0.912967 -0.948458 -0.292238 10
-0.995398 -0.856883 -0.253934 10
-1.037596 -0.890925 -0.264044 10
-1.081696 -0.918342 -0.271556 10
-1.146817 -0.887003 -0.256216 10
-1.261403 -0.726277 -0.190429 10
-1.330066 -0.695413 -0.174937 10
-1.394556 -0.677941 -0.164546 10
-1.410115 -0.782214 -0.201662 10
-1.492178 -0.723649 -0.175033 10
-1.575658 -0.666129 -0.148636 10
-1.608266 -0.727183 -0.168712 10
-1.693984 -0.669905 -0.142138 10
-1.755380 -0.668566 -0.137476 10
-1.811661 -0.679051 -0.137397 10
-1.898102 -0.629140 -0.113268 8
-1.991990 -0.568189 -0.084556 8
-2.014207 -0.649317 -0.112272 8
-1.978320 -0.836822 -0.182540 8
-2.014269 -0.884917 -0.197216 8
-2.108303 -0.827969 -0.169697 8
-2.030020 -1.076038 -0.264744 8
-2.078956 -1.096641 -0.268384 8
-2.090569 -1.179747 -0.297249 8
-2.200901 -1.099209 -0.259785 8
-2.298025 -1.044463 -0.232523 8
-2.374656 -1.025280 -0.219528 8
-2.413182 -1.066298 -0.230995 8
-2.450565 -1.108483 -0.242912 8
-2.500078 -1.132371 -0.247271 8
2.407141 -1.329244 -0.437679 9
2.339507 -1.369291 -0.454268 9
2.261493 -1.438157 -0.481882 9
2.207455 -1.451342 -0.487949 9
2.149690 -1.475977 -0.498358 9
2.089167 -1.510481 -0.512494 9
2.030184 -1.543812 -0.526106 9
1.991960 -1.520717 -0.517956 9
1.938895 -1.540916 -0.526394 9
1.908425 -1.494158 -0.509049 9
1.860641 -1.499889 -0.511817 9
1.825532 -1.465234 -0.499025 9
1.778806 -1.468479 -0.500730 9
1.794582 -1.251280 -0.417807 9
1.768627 -1.171348 -0.387517 9
1.784851 -0.923607 -0.292829 9
1.765326 -0.798598 -0.245171 9
1.736309 -0.703047 -0.208759 9
1.608697 -1.031961 -0.335010 10
1.576877 -0.953395 -0.304987 10
1.514830 -1.013931 -0.328228 10
1.449913 -1.096603 -0.359897 10
1.404212 -1.086039 -0.355771 10
1.366390 -1.030099 -0.334192 10
1.309351 -1.084748 -0.354955 10
1.255243 -1.128728 -0.371576 10
1.210899 -1.112015 -0.364869 10
1.175899 -1.023470 -0.330550 10
1.124724 -1.052533 -0.341287 10
1.081688 -1.015523 -0.326615 10
1.033613 -1.021265 -0.328293 10
0.969885 -1.199641 -0.396216 10
0.922962 -1.217929 -0.402629 10
0.876250 -1.239432 -0.410231 10
0.833197 -1.209078 -0.397847 10
0.792790 -1.115218 -0.360971 10
0.743712 -1.188907 -0.388489 10
0.697380 -1.222660 -0.400605 10
0.652663 -1.211196 -0.395260 10
0.607833 -1.188528 -0.385537 10
0.562578 -1.246716 -0.406938 10
0.517449 -1.206008 -0.390142 10
0.472634 -1.220836 -0.394721 10
0.428915 -1.261779 -0.409348 10
0.385063 -1.280067 -0.415179 10
0.339556 -1.259899 -0.406081 10
0.296212 -1.282089 -0.413326 10
0.245641 -1.198820 -0.379640 10
0.201127 -1.210471 -0.382678 10
0.156100 -1.214847 -0.382842 10
0.113896 -1.246507 -0.393559 10
0.068069 -1.241356 -0.389917 10
0.007435 -1.118510 -0.340366 10
-0.024722 -1.227363 -0.381007 10
-0.070830 -1.225094 -0.378301 10
-0.112296 -1.253866 -0.387664 10
-0.165226 -1.210724 -0.368857 10
-0.214223 -1.195888 -0.361038 10
-0.257938 -1.211842 -0.365216 10
-0.308256 -1.193531 -0.355894 10
-0.368873 -1.128514 -0.328128 10
-0.412565 -1.148030 -0.333508 10
-0.462390 -1.139917 -0.327950 10
-0.510123 -1.142126 -0.326392 10
-0.581442 -1.051200 -0.287954 10
-0.623769 -1.079301 -0.296460 10
-0.676585 -1.067680 -0.289180 10
-0.733039 -1.045091 -0.277459 10
-0.784859 -1.040826 -0.272925 10
-0.851225 -0.990344 -0.249901 10
-0.901053 -0.996449 -0.249311 10
-0.966552 -0.955455 -0.229829 10
-1.039114 -0.897410 -0.203385 10
-1.080741 -0.932099 -0.213967 10
-1.140832 -0.914756 -0.203611 10
-1.199059 -0.904468 -0.195984 10
-1.248085 -0.919636 -0.198520 10
-1.285230 -0.964781 -0.213103 10
-1.437859 -0.726654 -0.112988 10
-1.495049 -0.729251 -0.110044 10
-1.520059 -0.806959 -0.137540 10
-1.557444 -0.853800 -0.152496 10
-1.682383 -0.708187 -0.088867 10
-1.706431 -0.785683 -0.116157 10
-1.778925 -0.760033 -0.101188 10
-1.872292 -0.694702 -0.069755 8
-1.953197 -0.658294 -0.050000 8
-1.989620 -0.710202 -0.066531 8
-1.972693 -0.860676 -0.123853 8
-2.017350 -0.892601 -0.132169 8
-2.066307 -0.916515 -0.137102 8
-2.006903 -1.129355 -0.220780 8
-2.048126 -1.162231 -0.229535 8
-2.129771 -1.127484 -0.209882 8
-2.169048 -1.164364 -0.220152 8
-2.265049 -1.110543 -0.192127 8
-2.348034 -1.080509 -0.173904 8
-2.419602 -1.070355 -0.163907 8
-2.431770 -1.150296 -0.192086 8
-2.531292 -1.100783 -0.165074 8
2.318343 -1.436097 -0.422732 9
2.260421 -1.456953 -0.432327 9
2.232951 -1.403173 -0.412072 9
2.181122 -1.410370 -0.416081 9
2.130555 -1.415565 -0.419222 9
2.081868 -1.416820 -0.420724 9
2.015293 -1.470144 -0.442876 9
1.944138 -1.541462 -0.472096 9
1.904083 -1.523673 -0.465808 9
1.867941 -1.493136 -0.454399 9
1.839849 -1.434880 -0.431931 9
1.803459 -1.401312 -0.419220 9
1.829250 -1.146477 -0.318646 9
1.820187 -1.000025 -0.261070 9
1.808880 -0.850869 -0.202388 9
1.791642 -0.713429 -0.148311 9
1.695170 -0.895138 -0.220717 10
1.618813 -1.007073 -0.265374 10
1.571506 -0.997862 -0.261938 10
1.521004 -1.004042 -0.264537 10
1.470578 -1.011445 -0.267558 10
1.420400 -1.019302 -0.270694 10
1.351598 -1.134979 -0.316498 10
1.314997 -1.071482 -0.291232 10
1.261683 -1.108269 -0.305651 10
1.215308 -1.103224 -0.303428 10
1.163988 -1.135235 -0.315836 10
1.120773 -1.107924 -0.304664 10
1.083280 -1.025899 -0.271726 10
1.031704 -1.065322 -0.286893 10
0.987129 -1.038726 -0.275809 10
0.939555 -1.042903 -0.276873 10
0.888808 -1.093433 -0.296286 10
0.843480 -1.073645 -0.287717 10
0.789190 -1.222036 -0.345926 10
0.744616 -1.208291 -0.339656 10
0.698742 -1.228759 -0.346932 10
0.653755 -1.227286 -0.345425 10
0.608903 -1.210359 -0.337703 10
0.563712 -1.220585 -0.340734 10
0.518570 -1.216106 -0.337847 10
0.473442 -1.217446 -0.337220 10
0.429273 -1.249595 -0.348836 10
0.384375 -1.248877 -0.347276 10
0.340708 -1.273115 -0.355636 10
0.293403 -1.231336 -0.337529 10
0.247838 -1.226405 -0.334094 10
0.202883 -1.230910 -0.334376 10
0.155221 -1.206116 -0.322843 10
0.110872 -1.219217 -0.326448 10
0.072511 -1.283416 -0.350544 10
0.023163 -1.249173 -0.335011 10
-0.020815 -1.260982 -0.337938 10
-0.063472 -1.281047 -0.344140 10
-0.115440 -1.239383 -0.325373 10
-0.160815 -1.243557 -0.325029 10
-0.206613 -1.245691 -0.323798 10
-0.262826 -1.192831 -0.300219 10
-0.310616 -1.189084 -0.296442 10
-0.357031 -1.193189 -0.295781 10
-0.423712 -1.105382 -0.257667 10
-0.470187 -1.114491 -0.258860 10
-0.517742 -1.119215 -0.258201 10
-0.556573 -1.159080 -0.271826 10
-0.619037 -1.106605 -0.247649 10
-0.668029 -1.108467 -0.245593 10
-0.720604 -1.098533 -0.238621 10
-0.780949 -1.064019 -0.221452 10
-0.841525 -1.032206 -0.205268 10
-0.896980 -1.019681 -0.196912 10
-0.950506 -1.014837 -0.191625 10
-1.028273 -0.940202 -0.157362 10
-1.090864 -0.914460 -0.143170 10
-1.131262 -0.952324 -0.155268 10
-1.194698 -0.927530 -0.141256 10
-1.253965 -0.916017 -0.132647 10
-1.320468 -0.888083 -0.117062 10
-1.406233 -0.815939 -0.082821 10
-1.462891 -0.817754 -0.079382 10
-1.510741 -0.840793 -0.084764 10
-1.562955 -0.853908 -0.085901 10
-1.631369 -0.832159 -0.072231 10
-1.701527 -0.808956 -0.057793 10
-1.754998 -0.822514 -0.058792 10
-1.858360 -0.736130 -0.017199 10
-1.904458 -0.767543 -0.025526 8
-1.952837 -0.794212 -0.031769 8
-1.990560 -0.840656 -0.046418 8
-1.980940 -0.972335 -0.097658 8
-1.997832 -1.051799 -0.126580 8
-2.027459 -1.106587 -0.144901 8
-2.034905 -1.197665 -0.178940 8
-2.096179 -1.196436 -0.172980 8
-2.113898 -1.267043 -0.198176 8
-2.224225 -1.188803 -0.158390 8
-2.261867 -1.227883 -0.169670 8
-2.384574 -1.137398 -0.123962 8
-2.453127 -1.132389 -0.115546 8
-2.532333 -1.113351 -0.100758 8
2.356116 -1.362760 -0.334584 9
2.301216 -1.373584 -0.340573 9
2.232756 -1.420083 -0.361196 9
2.181073 -1.426919 -0.365359 9
2.142952 -1.398918 -0.355092 9
2.100637 -1.381614 -0.349170 9
2.007026 -1.509972 -0.403113 9
1.989403 -1.424541 -0.369014 9
1.950966 -1.397393 -0.358837 9
1.888515 -1.444808 -0.379225 9
1.838493 -1.456044 -0.384673 9
1.787414 -1.472595 -0.392228 9
1.818211 -1.203408 -0.282509 9
1.841828 -0.939701 -0.175052 9
1.825915 -0.805558 -0.120703 9
1.749651 -0.900690 -0.160260 9
1.785685 -0.538877 -0.012530 10
1.624287 -1.002763 -0.202973 10
1.586177 -0.950685 -0.181984 10
1.527564 -0.992556 -0.199397 10
1.470619 -1.031471 -0.215525 10
1.426893 -1.005131 -0.204867 10
1.389896 -0.938468 -0.177635 10
1.336373 -0.963790 -0.187988 10
1.274393 -1.047871 -0.222327 10
1.225827 -1.052575 -0.224105 10
1.173441 -1.087328 -0.238119 10
1.123013 -1.113071 -0.248381 10
1.078946 -1.088502 -0.237972 10
1.030143 -1.105755 -0.244626 10
0.982810 -1.111951 -0.246687 10
0.935522 -1.120082 -0.249477 10
0.890456 -1.100685 -0.240914 10
0.842693 -1.119315 -0.247879 10
0.793401 -1.175969 -0.270388 10
0.747462 -1.180641 -0.271510 10
0.700463 -1.223611 -0.288300 10
0.654706 -1.250245 -0.298329 10
0.609804 -1.248461 -0.296620 10
0.564867 -1.244686 -0.294027 10
0.520165 -1.271952 -0.304146 10
0.475739 -1.286082 -0.308803 10
0.430982 -1.280847 -0.305421 10
0.384846 -1.245508 -0.289552 10
0.336450 -1.181279 -0.261670 10
0.293414 -1.226000 -0.278691 10
0.248381 -1.231071 -0.279281 10
0.202436 -1.224666 -0.275058 10
0.156200 -1.217398 -0.270404 10
0.105358 -1.167864 -0.248152 10
0.065921 -1.228490 -0.271510 10
0.022341 -1.246431 -0.277116 10
-0.019886 -1.272472 -0.286035 10
-0.064936 -1.276155 -0.285600 10
-0.110236 -1.278592 -0.284577 10
-0.160093 -1.254172 -0.272278 10
-0.213950 -1.210924 -0.252017 10
-0.264974 -1.188556 -0.240371 10
-0.314236 -1.178356 -0.233724 10
-0.359156 -1.190869 -0.236514 10
-0.411998 -1.166992 -0.223959 10
-0.467914 -1.132920 -0.207010 10
-0.516138 -1.134674 -0.205029 10
-0.560886 -1.150963 -0.209100 10
-0.624160 -1.096452 -0.183201 10
-0.666426 -1.123823 -0.191791 10
-0.715186 -1.127252 -0.190186 10
-0.775554 -1.092211 -0.172171 10
-0.848190 -1.020806 -0.138554 10
-0.909505 -0.990884 -0.122413 10
-0.935396 -1.071206 -0.153176 10
-1.018125 -0.980868 -0.111013 10
-1.091505 -0.923845 -0.082880 10
-1.155904 -0.896054 -0.067099 10
-1.215407 -0.884007 -0.057939 10
-1.261517 -0.908219 -0.064276 10
-1.313207 -0.918097 -0.064362 10
-1.405422 -0.830101 -0.022015 10
-1.465158 -0.824738 -0.015221 10
-1.530663 -0.807527 -0.003156 10
-1.598588 -0.786952 0.010524 10
-1.659843 -0.783061 0.017082 10
-1.657045 -0.915871 -0.036043 10
-1.742653 -0.860934 -0.006978 10
-1.813538 -0.839442 0.007624 8
-1.935139 -0.720943 0.065162 8
-1.950094 -0.812928 0.030081 8
-2.022801 -0.794115 0.044018 8
-1.955068 -1.032591 -0.056175 8
-1.985657 -1.086544 -0.074601 8
-2.016200 -1.139210 -0.092448 8
-2.008567 -1.255225 -0.138676 8
-1.987242 -1.389751 -0.193386 8
-2.086931 -1.323664 -0.157894 8
-2.190542 -1.255432 -0.121108 8
-2.254784 -1.252221 -0.113471 8
-2.387482 -1.146793 -0.059164 8
-2.437261 -1.169808 -0.063016 8
-2.489883 -1.188948 -0.064999 8
-2.602215 -1.123907 -0.028185 8
2.502120 -1.160819 -0.186955 9
2.387501 -1.305244 -0.250590 9
2.328851 -1.323013 -0.259947 9
2.261968 -1.363415 -0.278857 9
2.197822 -1.400180 -0.296101 9
2.152350 -1.390529 -0.293474 9
2.112683 -1.365280 -0.284136 9
2.033898 -1.450114 -0.321530 9
1.988054 -1.445137 -0.320642 9
1.945134 -1.431873 -0.316160 9
1.895961 -1.438175 -0.319910 9
1.883950 -1.325106 -0.272962 9
1.853018 -1.268210 -0.249797 9
1.860527 -1.073189 -0.168066 9
1.885653 -0.799237 -0.052909 9
1.881436 -0.614764 0.024362 9
1.781355 -0.794839 -0.052585 9
1.725350 -0.809835 -0.059573 10
1.651553 -0.904290 -0.100076 10
1.573877 -1.026622 -0.152264 10
1.524097 -1.029247 -0.153755 10
1.509455 -0.856257 -0.080953 10
1.467671 -0.808943 -0.061198 10
1.395909 -0.925915 -0.110783 10
1.337755 -0.977145 -0.132509 10
1.286613 -0.991386 -0.138530 10
1.228915 -1.053614 -0.164753 10
1.177607 -1.079189 -0.175416 10
1.128094 -1.095609 -0.182140 10
1.081294 -1.092215 -0.180418 10
1.031177 -1.120981 -0.192219 10
0.982447 -1.142243 -0.200780 10
0.937874 -1.119712 -0.190752 10
0.891137 -1.121414 -0.190899 10
0.843289 -1.142435 -0.199151 10
0.796132 -1.159453 -0.205643 10
0.750339 -1.153120 -0.202180 10
0.702215 -1.218011 -0.228824 10
0.656323 -1.241415 -0.237835 10
0.611036 -1.254440 -0.242383 10
0.566041 -1.203727 -0.219816 10
0.520514 -1.205176 -0.219304 10
0.476282 -1.269553 -0.245463 10
0.431265 -1.265746 -0.242593 10
0.385532 -1.247202 -0.233378 10
0.339542 -1.231955 -0.225485 10
0.291297 -1.186144 -0.204482 10
0.249642 -1.245680 -0.228311 10
0.201529 -1.212844 -0.212674 10
0.160959 -1.269323 -0.235104 10
0.108502 -1.200314 -0.203831 10
0.068966 -1.258281 -0.226790 10
0.026992 -1.287735 -0.237504 10
-0.022886 -1.254844 -0.221420 10
-0.066467 -1.270872 -0.226241 10
-0.113080 -1.266144 -0.222076 10
-0.162434 -1.246422 -0.211373 10
-0.210507 -1.237162 -0.205081 10
-0.252874 -1.260193 -0.212635 10
-0.307312 -1.220832 -0.193172 10
-0.345667 -1.263211 -0.208953 10
-0.391580 -1.267991 -0.208410 10
-0.468108 -1.140675 -0.150466 10
-0.517713 -1.137010 -0.146012 10
-0.552479 -1.193268 -0.167548 10
-0.616832 -1.133619 -0.138543 10
-0.654299 -1.177483 -0.154563 10
-0.714434 -1.139622 -0.134812 10
-0.764462 -1.139541 -0.131463 10
-0.832088 -1.083358 -0.103400 10
-0.912554 -0.991946 -0.059665 10
-0.917173 -1.136817 -0.119752 10
-1.011064 -1.012435 -0.061164 10
-1.079382 -0.969331 -0.038198 10
-1.123969 -0.994841 -0.045447 10
-1.182641 -0.982476 -0.035821 10
-1.262011 -0.918703 -0.003196 10
-1.317560 -0.919120 0.001049 10
-1.377765 -0.909293 0.009986 10
-1.428410 -0.923570 0.008268 10
-1.483707 -0.927485 0.011291 10
-1.544279 -0.920529 0.019319 10
-1.642736 -0.833021 0.063804 10
-1.686782 -0.865900 0.054200 10
-1.734262 -0.891152 0.048111 10
-1.835119 -0.809441 0.090685 8
-1.875471 -0.850994 0.077453 8
-2.099063 -0.543004 0.223878 8
-1.908523 -1.019985 0.011790 8
-1.953935 -1.047808 0.004878 8
-1.978386 -1.112542 -0.018957 8
-1.978792 -1.216950 -0.061138 8
-1.974661 -1.325345 -0.105303 8
-2.032070 -1.328429 -0.100696 8
-2.063040 -1.375117 -0.116267 8
-2.162238 -1.313313 -0.081100 8
-2.273841 -1.236253 -0.038433 8
-2.327945 -1.250417 -0.038292 8
-2.377036 -1.272560 -0.041792 8
-2.479340 -1.218165 -0.008924 8
-2.522380 -1.251018 -0.017182 8
-2.581387 -1.261657 -0.014765 8
2.461828 -1.270514 -0.172315 9
2.370424 -1.362377 -0.214988 9
2.333990 -1.327469 -0.201579 9
2.284362 -1.324356 -0.202113 9
2.216967 -1.367657 -0.222982 9
2.184488 -1.322156 -0.204680 9
2.144618 -1.294904 -0.194340 9
2.055188 -1.406637 -0.244936 9
2.007306 -1.405672 -0.245938 9
1.968043 -1.379572 -0.235839 9
2.048861 -0.977647 -0.061070 9
1.891481 -1.318107 -0.211380 9
1.862686 -1.253452 -0.184211 9
1.895996 -0.968092 -0.060498 9
1.936003 -0.636445 0.083400 9
1.882539 -0.631380 0.084609 9
1.845454 -0.562362 0.113831 10
1.772963 -0.634033 0.081722 10
1.674345 -0.826140 -0.002816 10
1.605365 -0.904031 -0.037398 10
1.550173 -0.925334 -0.047201 10
1.513220 -0.858515 -0.018497 10
1.471724 -0.809152 0.002672 10
1.409853 -0.869183 -0.023757 10
1.338011 -0.997299 -0.079766 10
1.298033 -0.940741 -0.055211 10
1.244696 -0.968183 -0.067179 10
1.199606 -0.940159 -0.054896 10
1.134873 -1.065006 -0.109153 10
1.081494 -1.114799 -0.130627 10
1.037147 -1.089036 -0.119092 10
0.983679 -1.155471 -0.147675 10
0.941351 -1.106152 -0.125710 10
0.892306 -1.135489 -0.137969 10
0.841329 -1.206226 -0.168225 10
0.796131 -1.195665 -0.162936 10
0.749604 -1.212426 -0.169499 10
0.703436 -1.229798 -0.176258 10
0.658402 -1.211751 -0.167467 10
0.612905 -1.203026 -0.162668 10
0.567214 -1.219863 -0.168974 10
0.521749 -1.224732 -0.169971 10
0.477651 -1.293185 -0.198751 10
0.432816 -1.291797 -0.196875 10
0.387252 -1.274057 -0.187749 10
0.340913 -1.249225 -0.175421 10
0.297301 -1.277778 -0.186455 10
0.250525 -1.255050 -0.174881 10
0.208473 -1.296119 -0.191290 10
0.160588 -1.266080 -0.176328 10
0.116913 -1.283649 -0.182254 10
0.068427 -1.256612 -0.168428 10
0.029162 -1.309073 -0.189621 10
-0.014194 -1.323897 -0.194135 10
-0.060571 -1.316665 -0.188816 10
-0.111946 -1.279261 -0.170032 10
-0.168242 -1.217975 -0.140526 10
-0.212708 -1.231581 -0.144150 10
-0.256420 -1.248523 -0.149187 10
-0.294508 -1.292786 -0.166331 10
-0.352219 -1.239817 -0.140058 10
-0.396021 -1.255988 -0.144523 10
-0.445182 -1.248373 -0.138276 10
-0.490040 -1.260095 -0.140592 10
-0.551535 -1.206032 -0.113307 10
-0.611858 -1.161817 -0.090278 10
-0.651569 -1.196900 -0.102794 10
-0.705547 -1.180412 -0.092005 10
-0.778774 -1.101473 -0.052875 10
-0.844782 -1.052588 -0.027120 10
-0.886889 -1.082693 -0.036998 10
-0.939212 -1.080930 -0.032342 10
-1.002367 -1.048721 -0.013717 10
-1.056202 -1.045851 -0.008305 10
-1.101954 -1.066203 -0.013387 10
-1.169327 -1.029162 0.007890 10
-1.229163 -1.014689 0.018999 10
-1.330990 -0.897683 0.077413 10
-1.365383 -0.951316 0.057534 10
-1.418508 -0.959031 0.058884 10
-1.524847 -0.846021 0.116252 10
-1.610664 -0.785780 0.149507 10
-1.587398 -0.965378 0.071431 10
-1.624289 -1.010196 0.055952 10
-1.755545 -0.860574 0.131445 8
-1.814418 -0.864111 0.135627 8
-1.881844 -0.851978 0.147316 8
-2.092502 -0.569843 0.286491 8
-1.921494 -1.009139 0.085469 8
-1.931343 -1.101840 0.047767 8
-1.954391 -1.168024 0.022576 8
-1.966451 -1.251185 -0.010743 8
-1.993456 -1.306496 -0.030821 8
-2.011115 -1.375779 -0.057610 8
-2.100797 -1.327306 -0.027749 8
-2.189413 -1.283802 0.000029 8
-2.270265 -1.255304 0.020845 8
-2.312151 -1.287797 0.012270 8
-2.388070 -1.270042 0.028291 8
-2.425244 -1.310000 0.016294 8
-2.487924 -1.313571 0.022233 8
2.511937 -1.293634 -0.118207 9
2.440120 -1.215857 -0.087597 9
2.380704 -1.231798 -0.097150 9
2.346840 -1.186246 -0.078624 9
2.283222 -1.215050 -0.093810 9
2.181500 -1.347136 -0.155728 9
2.136239 -1.334956 -0.152036 9
2.105222 -1.282916 -0.130206 9
2.041331 -1.323796 -0.150368 9
1.992950 -1.321859 -0.151045 9
2.043810 -1.012146 -0.012576 9
1.925864 -1.224807 -0.110057 9
1.861675 -1.274692 -0.133871 9
1.902164 -0.965819 0.004202 9
1.711482 -0.687272 0.124499 10
1.660344 -0.676907 0.128396 10
1.580158 -0.804025 0.070583 10
1.531453 -0.788790 0.076873 10
1.473551 -0.821298 0.061800 10
1.424326 -0.810231 0.066402 10
1.357821 -0.901363 0.025188 10
1.310706 -0.882854 0.033318 10
1.253559 -0.930814 0.011683 10
1.195771 -0.991851 -0.015736 10
1.141018 -1.039981 -0.037271 10
1.097419 -1.001299 -0.019727 10
1.045970 -1.030543 -0.032610 10
0.997699 -1.033604 -0.033646 10
0.947690 -1.059026 -0.044646 10
0.896173 -1.113047 -0.068423 10
0.849818 -1.104237 -0.063876 10
0.801706 -1.126135 -0.073056 10
0.750167 -1.240437 -0.123738 10
0.703839 -1.267309 -0.135022 10
0.658716 -1.265238 -0.133200 10
0.613672 -1.253421 -0.126905 10
0.568392 -1.233611 -0.116919 10
0.522261 -1.168417 -0.086369 10
0.477780 -1.254782 -0.124109 10
0.433248 -1.281008 -0.134653 10
0.387436 -1.263259 -0.125255 10
0.343948 -1.298980 -0.139949 10
0.300013 -1.316161 -0.146191 10
0.253148 -1.288530 -0.132062 10
0.207518 -1.283711 -0.128171 10
0.161520 -1.276862 -0.123270 10
0.118417 -1.300210 -0.131997 10
0.078896 -1.351513 -0.153371 10
0.027638 -1.300762 -0.128251 10
-0.016754 -1.309592 -0.130146 10
-0.058420 -1.336700 -0.140303 10
-0.107659 -1.312552 -0.126988 10
-0.151631 -1.323871 -0.129778 10
-0.205865 -1.276961 -0.105828 10
-0.252078 -1.278812 -0.104088 10
-0.292213 -1.311837 -0.116570 10
-0.342591 -1.293587 -0.105427 10
-0.392866 -1.278483 -0.095614 10
-0.448170 -1.243993 -0.076746 10
-0.496382 -1.242715 -0.073070 10
-0.546874 -1.233473 -0.065609 10
-0.606987 -1.189603 -0.041991 10
-0.648520 -1.217480 -0.051498 10
-0.699886 -1.209888 -0.044456 10
-0.768034 -1.147589 -0.011820 10
-0.831373 -1.106296 0.011229 10
-0.863992 -1.164510 -0.012049 10
-0.952514 -1.051673 0.044785 10
-0.984565 -1.111392 0.020974 10
-1.033782 -1.119975 0.021211 10
-1.137244 -0.981430 0.090871 10
-1.197389 -0.966666 0.102485 10
-1.259112 -0.949797 0.115254 10
-1.306964 -0.969376 0.110903 10
-1.383018 -0.920956 0.138964 10
-1.418903 -0.970337 0.120671 10
-1.461424 -1.002949 0.110413 10
-1.550531 -0.931792 0.149899 10
-1.617915 -0.912300 0.164902 10
-1.658161 -0.951830 0.151699 10
-1.733157 -0.919474 0.173230 8
-1.793717 -0.918613 0.179762 8
-1.872554 -0.883482 0.203079 8
-2.065450 -0.635446 0.330231 8
-1.868541 -1.120178 0.100729 8
-1.913178 -1.147721 0.093730 8
-1.950496 -1.187967 0.080580 8
-1.964553 -1.267418 0.048174 8
-1.987280 -1.329790 0.024128 8
-2.008259 -1.393311 -0.000515 8
-2.048435 -1.424330 -0.009034 8
-2.128494 -1.392611 0.013813 8
-2.248661 -1.301997 0.066427 8
-2.284269 -1.343198 0.053337 8
-2.348454 -1.341922 0.061704 8
-2.405071 -1.352752 0.064150 8
-2.448126 -1.383369 0.056708 8
-2.520331 -1.373877 0.069804 8
2.496665 -1.101384 0.029591 9
2.424123 -1.144984 0.006506 9
2.342855 -1.213785 -0.028233 9
2.288944 -1.218070 -0.032564 9
2.253660 -1.174692 -0.014477 9
2.202426 -1.172780 -0.015706 9
2.159423 -1.148706 -0.006480 9
2.081140 -1.226034 -0.044479 9
2.046328 -1.179633 -0.024631 9
1.924537 -1.400266 -0.129094 9
1.882859 -1.380815 -0.121557 9
1.869749 -1.265693 -0.069442 9
2.009929 -0.612346 0.232843 9
1.649291 -0.748056 0.162842 10
1.588492 -0.786042 0.144458 10
1.523313 -0.850872 0.113758 10
1.480496 -0.806711 0.133628 10
1.431625 -0.791927 0.139992 10
1.372798 -0.835110 0.119630 10
1.317534 -0.862623 0.106621 10
1.266340 -0.867555 0.104159 10
1.220372 -0.836175 0.118593 10
1.138076 -1.087159 0.002494 10
1.093200 -1.062648 0.013937 10
1.041583 -1.097974 -0.002213 10
0.997917 -1.058489 0.016344 10
0.947049 -1.095196 -0.000267 10
0.902570 -1.057115 0.017828 10
0.852507 -1.095074 0.000811 10
0.804315 -1.113742 -0.007189 10
0.757544 -1.109307 -0.004401 10
0.712326 -1.055049 0.021575 10
0.662662 -1.152529 -0.022706 10
0.616474 -1.126284 -0.009534 10
0.569648 -1.182356 -0.034472 10
0.523988 -1.238729 -0.059490 10
0.479005 -1.270599 -0.073062 10
0.431785 -1.207046 -0.042185 10
0.388596 -1.276274 -0.072975 10
0.346137 -1.332283 -0.097566 10
0.303615 -1.369050 -0.113140 10
0.254749 -1.307842 -0.082950 10
0.208715 -1.297369 -0.076309 10
0.165295 -1.318192 -0.084195 10
0.121011 -1.327289 -0.086524 10
0.078151 -1.348028 -0.094221 10
0.027616 -1.304550 -0.071746 10
-0.016976 -1.312650 -0.073338 10
-0.059187 -1.336748 -0.082360 10
-0.103939 -1.342196 -0.082544 10
-0.158364 -1.289991 -0.055488 10
-0.197779 -1.329248 -0.071401 10
-0.248823 -1.303311 -0.056484 10
-0.288851 -1.336240 -0.069266 10
-0.344043 -1.294611 -0.046693 10
-0.401699 -1.246829 -0.021045 10
-0.446239 -1.260887 -0.024592 10
-0.495486 -1.255239 -0.018683 10
-0.552411 -1.220811 0.001051 10
-0.618502 -1.155656 0.035608 10
-0.645442 -1.238171 -0.000203 10
-0.707708 -1.192507 0.025336 10
-0.760942 -1.181406 0.034486 10
-0.805351 -1.200474 0.029274 10
-0.881683 -1.120012 0.072067 10
-0.941734 -1.094868 0.088443 10
-1.007901 -1.054670 0.112269 10
-1.068467 -1.033787 0.126944 10
-1.122915 -1.031846 0.132596 10
-1.205031 -0.958297 0.173222 10
-1.247164 -0.992177 0.161761 10
-1.263556 -1.088772 0.119713 10
-1.355726 -0.998796 0.168978 10
-1.419970 -0.980144 0.183573 10
-1.464546 -1.008218 0.175359 10
-1.572449 -0.896112 0.236401 10
-1.594565 -0.975306 0.203234 10
-1.658443 -0.964138 0.214843 10
-1.725169 -0.948863 0.228686 8
-1.786882 -0.945438 0.236823 8
-2.011056 -0.629066 0.401676 8
-2.044228 -0.689830 0.378425 8
-1.853736 -1.160505 0.148933 8
-1.898951 -1.186404 0.142662 8
-1.929162 -1.238512 0.123216 8
-1.927639 -1.343656 0.076848 8
-1.930324 -1.438025 0.035802 8
-1.999644 -1.420287 0.051927 8
-2.059403 -1.419735 0.059481 8
-2.126515 -1.408853 0.072539 8
-2.205640 -1.381250 0.094466 8
-2.289846 -1.348432 0.119397 8
-2.358626 -1.340760 0.131575 8
-2.417781 -1.348382 0.136006 8
-2.500660 -1.323718 0.157552 8
2.503075 -0.974048 0.154078 9
2.344301 -1.227916 0.028525 9
2.302927 -1.200293 0.039310 9
2.252140 -1.196587 0.038647 9
2.196779 -1.205994 0.031780 9
2.161638 -1.160653 0.051385 9
2.115496 -1.144955 0.056809 9
2.062941 -1.148271 0.053200 9
2.013872 -1.142061 0.054277 9
1.964835 -1.136273 0.055258 9
1.878815 -1.253665 -0.002673 9
2.036397 -0.542052 0.336484 9
1.379033 -0.821140 0.191640 10
1.329396 -0.811226 0.195988 10
1.267711 -0.881925 0.162045 10
1.221273 -0.854039 0.175162 10
1.165738 -0.893890 0.156123 10
1.111103 -0.934235 0.136950 10
1.050508 -1.039644 0.086888 10
0.999415 -1.069982 0.072674 10
0.950703 -1.080809 0.067849 10
0.909797 -0.991142 0.111004 10
0.854555 -1.096361 0.061392 10
0.805431 -1.129732 0.046103 10
0.758429 -1.131152 0.046138 10
0.710710 -1.156294 0.034950 10
0.664343 -1.145411 0.041043 10
0.617989 -1.115333 0.056402 10
0.570919 -1.149039 0.041399 10
0.524765 -1.206703 0.015022 10
0.479358 -1.241610 -0.000408 10
0.435256 -1.296465 -0.025311 10
0.388578 -1.260085 -0.006457 10
0.344650 -1.293490 -0.020932 10
0.298671 -1.282956 -0.014260 10
0.253830 -1.292143 -0.016953 10
0.210014 -1.312251 -0.024804 10
0.162379 -1.287608 -0.011054 10
0.114275 -1.264320 0.002164 10
0.078223 -1.351743 -0.037849 10
0.030339 -1.330363 -0.025365 10
-0.013714 -1.341473 -0.028451 10
-0.049228 -1.410252 -0.059332 10
-0.102977 -1.354231 -0.029781 10
-0.164458 -1.260094 0.018411 10
-0.208454 -1.276239 0.013303 10
-0.248150 -1.314158 -0.002303 10
-0.291865 -1.328750 -0.006503 10
-0.336336 -1.339138 -0.008568 10
-0.387158 -1.320749 0.003503 10
-0.454120 -1.235661 0.048312 10
-0.503338 -1.231933 0.053531 10
-0.551860 -1.232174 0.056922 10
-0.611199 -1.192666 0.079953 10
-0.665272 -1.176269 0.091797 10
-0.731217 -1.120951 0.122974 10
-0.791087 -1.091018 0.141837 10
-0.799235 -1.230384 0.077115 10
-0.859266 -1.200089 0.096360 10
-0.933760 -1.129580 0.135768 10
-1.007194 -1.067837 0.171085 10
-1.054324 -1.084671 0.167470 10
-1.117894 -1.056938 0.186234 10
-1.187814 -1.015291 0.212171 10
-1.229999 -1.047729 0.201143 10
-1.280705 -1.058261 0.201211 10
-1.333675 -1.063800 0.203921 10
-1.428775 -0.972025 0.255988 10
-1.486762 -0.970394 0.262734 10
-1.557234 -0.942471 0.283011 10
-1.574118 -1.031888 0.243715 10
-1.653600 -0.987203 0.272880 10
-1.731648 -0.948856 0.299091 8
-1.791385 -0.949821 0.305381 8
-1.827686 -0.997087 0.287981 8
-1.884655 -1.004290 0.291331 8
-1.867294 -1.148695 0.223694 8
-1.914575 -1.171544 0.219012 8
-1.890904 -1.318489 0.149682 8
-1.881934 -1.434586 0.096195 8
-1.950115 -1.417763 0.112313 8
-2.021216 -1.398057 0.130199 8
-2.077526 -1.403922 0.134828 8
-2.138738 -1.403032 0.143220 8
-2.211305 -1.386050 0.160393 8
-2.278726 -1.378644 0.172724 8
-2.357915 -1.355611 0.193690 8
-2.413334 -1.368644 0.195543 8
2.349306 -1.100979 0.152957 9
2.302662 -1.082901 0.159192 9
2.221038 -1.158739 0.118933 9
2.173442 -1.146087 0.122746 9
2.085709 -1.248713 0.069590 9
2.060069 -1.175170 0.103797 9
2.009885 -1.172786 0.102888 9
1.992126 -1.068007 0.152651 9
2.218791 -0.149231 0.603993 9
1.406446 -0.683571 0.325331 10
1.351814 -0.694638 0.319422 10
1.290300 -0.754378 0.289776 10
1.223277 -0.864032 0.235792 10
1.176313 -0.836314 0.249238 10
1.125623 -0.836287 0.249226 10
1.076657 -0.821109 0.256746 10
1.028248 -0.797810 0.268358 10
0.967246 -0.916606 0.210439 10
0.915143 -0.951384 0.193795 10
0.859090 -1.059535 0.141276 10
0.811524 -1.053962 0.144609 10
0.759437 -1.150202 0.098098 10
0.712076 -1.165840 0.091215 10
0.665584 -1.158645 0.095637 10
0.618304 -1.204753 0.073982 10
0.572276 -1.083814 0.134500 10
0.525734 -1.193393 0.081836 10
0.480188 -1.236154 0.062087 10
0.434334 -1.239321 0.061906 10
0.390323 -1.287359 0.039718 10
0.344112 -1.273101 0.048310 10
0.299284 -1.287102 0.043071 10
0.256165 -1.321625 0.027788 10
0.207683 -1.283130 0.048667 10
0.158410 -1.245730 0.069140 10
0.108780 -1.213402 0.087242 10
0.077312 -1.346879 0.023295 10
0.033460 -1.359351 0.019358 10
-0.008866 -1.381972 0.010470 10
-0.053545 -1.386053 0.010881 10
-0.105692 -1.342886 0.034919 10
-0.161675 -1.283254 0.067326 10
-0.203447 -1.311265 0.056167 10
-0.255248 -1.284028 0.072699 10
-0.299253 -1.299545 0.067978 10
-0.332954 -1.363113 0.039258 10
-0.404111 -1.252779 0.097871 10
-0.461721 -1.211829 0.121879 10
-0.507804 -1.222676 0.119983 10
-0.542665 -1.277422 0.096043 10
-0.605037 -1.225344 0.126117 10
-0.663553 -1.192279 0.146781 10
-0.728822 -1.139386 0.177689 10
-0.772670 -1.162703 0.170100 10
-0.817086 -1.183461 0.163900 10
-0.879639 -1.147653 0.186649 10
-0.934627 -1.137861 0.196309 10
-0.988654 -1.132482 0.203867 10
-1.045389 -1.120895 0.214766 10
-1.112207 -1.083827 0.238945 10
-1.177505 -1.054053 0.259596 10
-1.230853 -1.057425 0.263336 10
-1.282784 -1.065126 0.264980 10
-1.359692 -1.013750 0.297446 10
-1.399062 -1.053489 0.282762 10
-1.438908 -1.091004 0.269297 10
-1.513833 -1.050566 0.296699 10
-1.586949 -1.017244 0.320649 10
-1.654233 -0.998902 0.336986 10
-1.737465 -0.950336 0.369508 8
-1.787366 -0.971144 0.365643 8
-1.813893 -1.037006 0.337982 8
-1.866495 -1.051855 0.337468 8
-1.872011 -1.153276 0.290854 8
-1.926478 -1.163567 0.292928 8
-1.835559 -1.427917 0.158579 8
-2.297510 -0.740015 0.537139 8
-1.968307 -1.400432 0.188649 8
-2.021276 -1.411058 0.190826 8
-2.058115 -1.447942 0.178856 8
-2.178219 -1.355104 0.237918 8
-2.235377 -1.363049 0.242235 8
-2.241651 -1.447333 0.204668 8
-2.299640 -1.454079 0.209876 8
-2.345969 -1.478282 0.205591 8
2.268210 -1.050736 0.239222 9
2.214998 -1.049606 0.237051 9
2.179077 -1.000044 0.259697 9
2.083309 -1.124908 0.193618 9
2.054291 -1.055459 0.226629 9
2.185182 -0.475127 0.519286 9
1.304999 -0.680921 0.394520 10
1.247578 -0.714302 0.377357 10
1.196759 -0.702974 0.382847 10
1.136688 -0.768950 0.349504 10
1.079299 -0.824039 0.321767 10
1.030069 -0.807989 0.329993 10
0.978181 -0.819788 0.324302 10
0.917799 -0.948043 0.260026 10
0.867797 -0.959593 0.254677 10
0.815898 -1.011308 0.229184 10
0.762129 -1.131147 0.169425 10
0.714331 -1.149237 0.161078 10
0.669050 -1.075493 0.199190 10
0.620524 -1.138343 0.168460 10
0.573491 -1.116066 0.180822 10
0.526640 -1.170522 0.154513 10
0.481268 -1.243183 0.119073 10
0.434686 -1.224173 0.130096 10
0.389585 -1.252829 0.117095 10
0.340920 -1.200167 0.145400 10
0.301062 -1.310231 0.091309 10
0.254875 -1.300676 0.097965 10
0.205111 -1.251061 0.125092 10
0.160550 -1.269518 0.117754 10
0.113342 -1.259529 0.124990 10
0.064438 -1.237448 0.138510 10
0.017025 -1.231940 0.143711 10
-0.021609 -1.292859 0.115105 10
-0.062771 -1.328470 0.099482 10
-0.103703 -1.361544 0.085227 10
-0.149102 -1.364660 0.086400 10
-0.209703 -1.283307 0.131041 10
-0.254740 -1.294155 0.128521 10
-0.302200 -1.292650 0.132463 10
-0.356003 -1.262232 0.151431 10
-0.414594 -1.214218 0.179654 10
-0.452186 -1.261497 0.158803 10
-0.514490 -1.204488 0.192014 10
-0.570501 -1.177952 0.209642 10
-0.583250 -1.316449 0.141677 10
-0.642740 -1.276872 0.166301 10
-0.713226 -1.203386 0.208822 10
-0.774468 -1.167081 0.232191 10
-0.805578 -1.230735 0.203428 10
-0.861588 -1.214055 0.216825 10
-0.927407 -1.170295 0.244638 10
-1.001168 -1.107613 0.282666 10
-1.056127 -1.102339 0.290671 10
-1.113390 -1.092208 0.301412 10
-1.155408 -1.123505 0.290356 10
-1.225636 -1.082561 0.317797 10
-1.300551 -1.033585 0.349787 10
-1.330182 -1.096416 0.322322 10
-1.393567 -1.078593 0.338069 10
-1.469498 -1.034601 0.368096 10
-1.526954 -1.034529 0.374769 10
-1.581265 -1.042251 0.377414 10
-1.670206 -0.978886 0.418725 8
-1.735366 -0.967945 0.431946 8
-1.799445 -0.960831 0.443313 8
-1.827499 -1.024309 0.416325 8
-1.863721 -1.070525 0.398790 8
-1.854763 -1.198056 0.336582 8
-1.848583 -1.315642 0.279613 8
-1.914104 -1.304175 0.293862 8
-1.902445 -1.425328 0.234696 8
-1.943907 -1.453948 0.226853 8
-1.984549 -1.483700 0.218477 8
-2.057843 -1.461557 0.239333 8
-2.155827 -1.403349 0.280826 8
-2.223661 -1.394483 0.294886 8
-2.239791 -1.463660 0.264903 8
-2.269728 -1.511036 0.247282 8
-2.313968 -1.537312 0.241768 8
2.112372 -1.058148 0.294294 9
2.067097 -1.035567 0.303555 9
1.033065 -0.806307 0.398239 10
0.980209 -0.827084 0.387682 10
0.920653 -0.942503 0.328217 10
0.870278 -0.956334 0.321490 10
0.826330 -0.859770 0.372095 10
0.771952 -0.952683 0.324620 10
0.720483 -1.018718 0.291173 10
0.672157 -1.011008 0.296078 10
0.622913 -1.063311 0.269957 10
0.574916 -1.053728 0.276063 10
0.527129 -1.094537 0.256112 10
0.479798 -1.114649 0.247014 10
0.432811 -1.132859 0.239009 10
0.390008 -1.246901 0.181227 10
0.344235 -1.255388 0.178458 10
0.297408 -1.244590 0.185850 10
0.251640 -1.252583 0.183562 10
0.204681 -1.244942 0.189547 10
0.156924 -1.231348 0.198767 10
0.114722 -1.274978 0.178181 10
0.069459 -1.284585 0.175484 10
0.030579 -1.344420 0.146562 10
-0.021262 -1.300308 0.172246 10
-0.071424 -1.274994 0.188226 10
-0.114969 -1.296053 0.179960 10
-0.160612 -1.302828 0.179312 10
-0.206578 -1.307864 0.179696 10
-0.255643 -1.296914 0.188641 10
-0.303279 -1.295158 0.192864 10
-0.351638 -1.291080 0.198448 10
-0.410744 -1.240143 0.229032 10
-0.455793 -1.254955 0.224887 10
-0.507545 -1.242030 0.235617 10
-0.561594 -1.222210 0.250182 10
-0.624235 -1.172913 0.280669 10
-0.632563 -1.323100 0.204624 10
-0.722797 -1.180594 0.285369 10
-0.792965 -1.116266 0.324548 10
-0.834391 -1.149304 0.311597 10
-0.883659 -1.156855 0.312473 10
-0.923223 -1.193681 0.297658 10
-0.998113 -1.127667 0.338628 10
-1.057893 -1.108901 0.354259 10
-1.126086 -1.069752 0.381191 10
-1.163134 -1.115120 0.362284 10
-1.226856 -1.091465 0.381170 10
-1.286581 -1.080041 0.393587 10
-1.338523 -1.088832 0.395101 10
-1.389512 -1.100381 0.395248 10
-1.495480 -0.988996 0.463467 10
-1.493006 -1.121437 0.397120 10
-1.570402 -1.078264 0.428125 10
-1.627950 -1.079495 0.434718 10
-1.677607 -1.097655 0.432045 8
-1.735712 -1.099437 0.438693 8
-1.792114 -1.105511 0.443129 8
-1.829270 -1.148304 0.427040 8
-1.856958 -1.207365 0.401803 8
-1.857966 -1.312066 0.350648 8
-1.843104 -1.440409 0.285838 8
-1.871045 -1.491434 0.264945 8
-1.905317 -1.530733 0.250791 8
-1.983469 -1.498506 0.277883 8
-2.054493 -1.480102 0.297349 8
-2.129551 -1.457440 0.319601 8
-2.184207 -1.467695 0.323022 8
-2.186231 -1.556258 0.280852 8
-2.238757 -1.569313 0.282850 8
0.826860 -0.889487 0.423537 10
0.774736 -0.934741 0.400102 10
0.722046 -1.025483 0.352548 10
0.673030 -1.043388 0.343902 10
0.624848 -1.027785 0.353237 10
0.576179 -1.075067 0.329163 10
0.528463 -1.117054 0.308012 10
0.480379 -1.092432 0.322529 10
0.434309 -1.155404 0.290382 10
0.388025 -1.180336 0.278654 10
0.345142 -1.263048 0.236114 10
0.298867 -1.262343 0.238296 10
0.245617 -1.165526 0.292108 10
0.199196 -1.177487 0.287787 10
0.151917 -1.178386 0.289517 10
0.104254 -1.176288 0.292984 10
0.065749 -1.255445 0.252867 10
0.017999 -1.248134 0.259353 10
-0.018956 -1.322201 0.222097 10
-0.073356 -1.267489 0.254391 10
-0.121201 -1.262743 0.259880 10
-0.170397 -1.251493 0.269024 10
-0.215082 -1.267643 0.263468 10
-0.259907 -1.282102 0.258937 10
-0.308542 -1.276987 0.265155 10
-0.357708 -1.270805 0.272096 10
-0.405176 -1.273747 0.274210 10
-0.472757 -1.191641 0.322898 10
-0.504453 -1.263856 0.287467 10
-0.543180 -1.303360 0.269966 10
-0.607977 -1.243359 0.307151 10
-0.667024 -1.209709 0.330111 10
-0.739672 -1.132954 0.377041 10
-0.791846 -1.130613 0.383208 10
-0.842404 -1.134572 0.386052 10
-0.882464 -1.171445 0.370799 10
-0.953508 -1.114994 0.407467 10
-0.996041 -1.144938 0.396334 10
-1.066901 -1.095525 0.429579 10
-1.126318 -1.080947 0.443637 10
-1.162523 -1.128560 0.423037 10
-1.227135 -1.102833 0.443708 10
-1.311834 -1.030644 0.490815 10
-1.338009 -1.102423 0.456978 10
-1.420185 -1.042257 0.497862 10
-1.490303 -1.013517 0.521272 10
-1.623572 -0.850045 0.621721 8
-1.651244 -0.920079 0.589512 8
-1.795704 -0.746868 0.696653 8
-1.706864 -1.052119 0.529641 8
-1.685616 -1.210723 0.446312 8
-1.734432 -1.228899 0.443832 8
-1.760076 -1.290358 0.416391 8
-1.778674 -1.362698 0.382599 8
-1.808315 -1.413117 0.361549 8
-1.820719 -1.492006 0.323833 8
-1.855700 -1.530215 0.309942 8
-1.988398 -1.406817 0.391517 8
-2.027265 -1.441179 0.380392 8
-2.070212 -1.468712 0.373419 8
-2.124303 -1.479034 0.376845 8
-2.225484 -1.419305 0.422469 8
-2.262812 -1.457210 0.409881 8
-2.320132 -1.465930 0.415014 8
0.784351 -0.767073 0.558766 10
0.731475 -0.806102 0.538215 10
0.679302 -0.851475 0.514316 10
0.628597 -0.860433 0.510471 10
0.577864 -0.948458 0.463452 10
0.528666 -0.994281 0.439647 10
0.481661 -1.107147 0.379188 10
0.432764 -1.073144 0.399365 10
0.384499 -1.074199 0.400452 10
0.340319 -1.156836 0.356848 10
0.295002 -1.192846 0.338943 10
0.243078 -1.126902 0.377242 10
0.197032 -1.150298 0.366528 10
0.150625 -1.165338 0.360531 10
0.105816 -1.193560 0.347377 10
0.055439 -1.168820 0.363582 10
0.018071 -1.252966 0.319734 10
-0.033787 -1.218301 0.341697 10
-0.064428 -1.333911 0.280539 10
-0.123364 -1.255363 0.327118 10
-0.163504 -1.299170 0.305948 10
-0.220977 -1.242149 0.340960 10
-0.272317 -1.224741 0.354125 10
-0.318736 -1.234539 0.352276 10
-0.356055 -1.286986 0.326714 10
-0.418036 -1.225066 0.365235 10
-0.468242 -1.220014 0.372123 10
-0.526417 -1.184026 0.396549 10
-0.580552 -1.167806 0.410072 10
-0.608987 -1.249426 0.368625 10
-0.682511 -1.164610 0.421169 10
-0.745642 -1.123014 0.449597 10
-0.797613 -1.122325 0.455083 10
-0.838508 -1.157839 0.440165 10
-0.903355 -1.118504 0.467952 10
-0.958578 -1.111328 0.477654 10
-1.019671 -1.088894 0.496276 10
-1.092066 -1.037752 0.531593 10
-1.138997 -1.058969 0.525648 10
-1.195390 -1.055414 0.534100 10
-1.238893 -1.085480 0.523334 10
-1.304914 -1.059994 0.544838 10
-1.359134 -1.064950 0.548941 10
-1.417486 -1.061217 0.558287 10
-1.479343 -1.050962 0.571656 10
-1.589182 -0.938264 0.645240 8
-1.622486 -0.994337 0.620331 8
-1.796160 -0.760129 0.766394 8
-1.865398 -0.748304 0.782167 8
-1.693609 -1.208252 0.518662 8
-1.711707 -1.285281 0.481287 8
-1.718724 -1.380125 0.433213 8
-1.749240 -1.428950 0.412528 8
-1.777885 -1.479809 0.390649 8
-1.812974 -1.518242 0.376276 8
-1.908620 -1.454175 0.423969 8
-1.973012 -1.445505 0.438558 8
-2.021360 -1.464100 0.436822 8
-2.071525 -1.480147 0.436813 8
-2.137175 -1.472907 0.451290 8
-2.204389 -1.464815 0.466599 8
-2.246206 -1.495457 0.458239 8
-2.305057 -1.501557 0.465263 8
0.579660 -0.815428 0.605813 10
0.528489 -0.810647 0.609860 10
0.477428 -0.818463 0.606965 10
0.428449 -0.893524 0.566343 10
0.381447 -0.979007 0.519938 10
0.332132 -0.983014 0.519556 10
0.287473 -1.062958 0.476457 10
0.246792 -1.175440 0.415047 10
0.196151 -1.138652 0.438055 10
0.147277 -1.130228 0.445191 10
0.101883 -1.157964 0.431995 10
0.049506 -1.120521 0.455866 10
0.006177 -1.162524 0.434830 10
-0.045547 -1.137225 0.452131 10
-0.083657 -1.209025 0.414363 10
-0.127969 -1.232643 0.404088 10
-0.162904 -1.309565 0.363515 10
-0.231692 -1.190069 0.435172 10
-0.285610 -1.163063 0.454258 10
-0.318314 -1.244854 0.411209 10
-0.368854 -1.235461 0.420490 10
-0.414184 -1.251134 0.415535 10
-0.488478 -1.143374 0.481766 10
-0.546185 -1.113545 0.503424 10
-0.611688 -1.057115 0.540674 10
-0.652090 -1.099501 0.521013 10
-0.681935 -1.176987 0.481073 10
-0.733225 -1.176085 0.486674 10
-0.807416 -1.100948 0.535670 10
-0.864530 -1.086402 0.549669 10
-0.909536 -1.110870 0.541070 10
-0.957837 -1.124946 0.538679 10
-1.012168 -1.121922 0.546478 10
-1.077373 -1.090178 0.571380 10
-1.146320 -1.051529 0.600637 10
-1.174187 -1.122401 0.565403 10
-1.226272 -1.129387 0.568048 10
-1.310418 -1.059176 0.616783 10
-1.359069 -1.077785 0.612980 10
-1.410124 -1.090909 0.612607 10
-1.483075 -1.055674 0.641402 10
-1.567115 -0.999489 0.683137 8
-1.609168 -1.035837 0.669481 8
-1.685160 -1.001853 0.698476 8
-1.652270 -1.188037 0.594205 8
-1.677630 -1.252565 0.563525 8
-1.665895 -1.385231 0.491199 8
-1.692372 -1.441803 0.465209 8
-1.757335 -1.427336 0.482910 8
-1.780674 -1.487848 0.454633 8
-1.814531 -1.528519 0.438623 8
-1.917795 -1.452083 0.495486 8
-1.953741 -1.490478 0.481295 8
-2.000291 -1.511289 0.478198 8
-2.069135 -1.497469 0.497049 8
-2.115207 -1.520190 0.493166 8
-2.182664 -1.511147 0.509588 8
-2.268425 -1.476971 0.542351 8
0.477717 -0.773329 0.703391 10
0.428679 -0.869586 0.649464 10
0.378384 -0.882531 0.643791 10
0.333411 -0.997091 0.579463 10
0.287476 -1.056380 0.547191 10
0.230538 -0.945131 0.613851 10
0.186965 -1.026167 0.569235 10
0.139017 -1.042417 0.562300 10
0.103498 -1.175788 0.487428 10
0.053621 -1.159866 0.499404 10
0.000245 -1.119761 0.525637 10
-0.047808 -1.125971 0.525067 10
-0.096821 -1.125680 0.528436 10
-0.155446 -1.065694 0.566859 10
-0.181766 -1.205129 0.488794 10
-0.236520 -1.170891 0.512467 10
-0.288801 -1.154458 0.525903 10
-0.337084 -1.160503 0.526310 10
-0.360337 -1.283967 0.457726 10
-0.427211 -1.202178 0.510129 10
-0.483010 -1.175999 0.530001 10
-0.537301 -1.159257 0.544507 10
-0.599706 -1.113603 0.576361 10
-0.653902 -1.103154 0.587574 10
-0.708567 -1.092878 0.598885 10
-0.732759 -1.188295 0.547363 10
-0.812865 -1.094089 0.609112 10
-0.864492 -1.097767 0.612659 10
-0.920888 -1.087675 0.624648 10
-0.973359 -1.090843 0.628878 10
-1.005343 -1.153003 0.597722 10
-1.067149 -1.130207 0.617933 10
-1.116766 -1.142303 0.617267 10
-1.205832 -1.053118 0.678287 10
-1.232133 -1.127090 0.640431 10
-1.298798 -1.099983 0.664269 10
-1.348933 -1.114379 0.662999 10
-1.410856 -1.102126 0.678262 10
-1.563053 -0.891389 0.816016 8
-1.571015 -1.004518 0.754741 8
-1.582477 -1.105332 0.700915 8
-1.596355 -1.196986 0.652636 8
-1.651870 -1.202143 0.658159 8
-1.665964 -1.288427 0.613164 8
-1.649587 -1.429014 0.533981 8
-1.694578 -1.450676 0.529325 8
-1.728205 -1.492771 0.511909 8
-1.762553 -1.532658 0.495954 8
-1.837417 -1.502421 0.524699 8
-1.888896 -1.513769 0.527280 8
-1.950910 -1.508526 0.540712 8
-1.977558 -1.561002 0.517280 8
-2.036223 -1.562377 0.526891 8
-2.099324 -1.558085 0.540456 8
-2.158537 -1.560928 0.549686 8
-2.242505 -1.528816 0.582082 8
0.380105 -0.906965 0.699679 10
0.331507 -0.947413 0.677667 10
0.282159 -0.962136 0.671057 10
0.179466 -0.934105 0.692472 10
0.129960 -0.946101 0.687952 10
0.080914 -0.960991 0.681855 10
0.028993 -0.949017 0.691936 10
0.006940 -1.177528 0.558516 10
-0.050113 -1.114484 0.599338 10
-0.094148 -1.149884 0.581454 10
-0.142533 -1.153907 0.582494 10
-0.200841 -1.099870 0.618553 10
-0.248655 -1.111453 0.615410 10
-0.306583 -1.069933 0.644393 10
-0.361641 -1.048075 0.661763 10
-0.426785 -0.982385 0.705826 10
-0.458093 -1.074328 0.654813 10
-0.509484 -1.073663 0.659922 10
-0.545306 -1.136807 0.626466 10
-0.593494 -1.147735 0.624814 10
-0.660875 -1.087875 0.666461 10
-0.735583 -1.007946 0.720691 10
-0.785501 -1.019630 0.719247 10
-0.818679 -1.086212 0.684304 10
-0.895972 -1.009930 0.737175 10
-0.946197 -1.022353 0.735818 10
-1.021441 -0.961615 0.779792 10
-1.039441 -1.068171 0.720635 10
-1.096441 -1.061955 0.731318 10
-1.150289 -1.065549 0.736131 10
-1.189157 -1.108442 0.716649 10
-1.253028 -1.087550 0.737114 10
-1.313974 -1.076040 0.751990 10
-1.369939 -1.077959 0.758692 10
-1.433808 -1.062876 0.776335 10
-1.539150 -0.958009 0.851025 8
-1.713467 -0.711708 1.016029 8
-1.615886 -1.048844 0.811188 8
-1.663479 -1.073566 0.804584 8
-1.625208 -1.268428 0.689234 8
-1.704298 -1.227645 0.724647 8
-1.645500 -1.449692 0.591136 8
-1.684876 -1.481530 0.579884 8
-1.715407 -1.528730 0.558775 8
-1.777032 -1.520406 0.573865 8
-1.836873 -1.516617 0.586295 8
-1.888413 -1.527938 0.589102 8
-1.958082 -1.510380 0.611155 8
-2.019009 -1.508652 0.623115 8
-2.082436 -1.504274 0.637138 8
-2.117097 -1.544882 0.621487 8
-2.194603 -1.521339 0.648879 8
0.168474 -0.799562 0.845319 10
0.011153 -0.797580 0.855393 10
-0.040491 -0.805373 0.853929 10
-0.068194 -0.987842 0.745488 10
-0.128884 -0.921114 0.789993 10
-0.180320 -0.922863 0.792670 10
-0.224930 -0.965549 0.770316 10
-0.295734 -0.859323 0.839896 10
-0.355583 -0.823403 0.866432 10
-0.354923 -1.089971 0.706125 10
-0.423219 -1.008371 0.761178 10
-0.489806 -0.943463 0.806224 10
-0.500971 -1.119383 0.701888 10
-0.549547 -1.129730 0.700464 10
-0.619639 -1.057420 0.750775 10
-0.676043 -1.042630 0.765494 10
-0.756686 -0.944450 0.832676 10
-0.776605 -1.061049 0.765504 10
-0.836313 -1.039960 0.784832 10
-0.890563 -1.038609 0.791979 10
-0.946521 -1.033219 0.801891 10
-0.995881 -1.048544 0.798912 10
-1.066092 -1.004986 0.833480 10
-1.107519 -1.043983 0.815869 10
-1.153859 -1.068558 0.807557 10
-1.204862 -1.080722 0.807329 10
-1.289238 -1.010392 0.860193 10
-1.370382 -0.953146 0.905124 10
-1.417787 -0.979206 0.896780 10
-1.510056 -0.903083 0.954677 8
-1.530183 -0.991487 0.906391 8
-1.683913 -0.789671 1.046857 8
-1.632492 -1.027934 0.901160 8
-1.573973 -1.269101 0.752844 8
-1.605734 -1.320279 0.728576 8
-1.682631 -1.282989 0.762661 8
-1.796960 -1.178444 0.841668 8
-1.667614 -1.526209 0.621197 8
-1.716443 -1.539949 0.621868 8
-1.770984 -1.544163 0.629112 8
-1.823190 -1.553242 0.633346 8
-1.870179 -1.571655 0.631528 8
-1.943781 -1.547205 0.658897 8
-2.006236 -1.542659 0.673177 8
-2.086704 -1.511619 0.705860 8
-2.137239 -1.528386 0.706290 8
-2.212803 -1.508616 0.732082 8
-0.180448 -0.929267 0.861236 10
-0.413683 -0.810513 0.953926 10
-0.464353 -0.826525 0.948706 10
-0.509201 -0.867694 0.927648 10
-0.555809 -0.898573 0.913260 10
-0.607401 -0.907660 0.912921 10
-0.648104 -0.958767 0.885885 10
-0.706693 -0.940872 0.903158 10
-0.762239 -0.936200 0.912194 10
-0.814812 -0.943009 0.914067 10
-0.871866 -0.935769 0.925198 10
-0.927701 -0.933946 0.933067 10
-0.985285 -0.928039 0.943812 10
-1.034021 -0.949424 0.937076 10
-1.106069 -0.904766 0.973498 10
-1.126571 -1.004561 0.916025 10
-1.182238 -1.006325 0.922599 10
-1.256698 -0.961084 0.960243 10
-1.305387 -0.983499 0.953786 10
-1.440896 -0.797282 1.085122 8
-1.438424 -0.944606 0.996764 8
-1.478623 -0.988069 0.977013 8
-1.543508 -0.975944 0.994347 8
-1.599279 -0.985125 0.997778 8
-1.609219 -1.090284 0.937170 8
-1.594501 -1.240905 0.845840 8
-1.633424 -1.279039 0.829944 8
-1.674239 -1.312695 0.817177 8
-1.671134 -1.427945 0.749146 8
-1.676972 -1.522230 0.695121 8
-1.710456 -1.563777 0.676966 8
-1.797588 -1.511282 0.723424 8
-1.824295 -1.564767 0.697431 8
-1.869904 -1.585577 0.694048 8
-1.942606 -1.562787 0.721131 8
-1.973230 -1.608552 0.700847 8
-2.053711 -1.576536 0.735083 8
-2.118905 -1.570152 0.751808 8
-2.158024 -1.603616 0.740758 8
-0.578721 -0.812869 1.044402 10
-0.638877 -0.792368 1.063586 10
-0.697948 -0.778894 1.078434 10
-0.749343 -0.795773 1.073596 10
-0.811211 -0.775547 1.093370 10
-0.896590 -0.678638 1.164024 10
-0.941275 -0.722361 1.142201 10
-0.993729 -0.739684 1.137986 10
-1.019045 -0.838666 1.079720 10
-1.038394 -0.949212 1.013688 10
-1.101628 -0.930061 1.034107 10
-1.187714 -0.851195 1.094794 10
-1.209508 -0.947533 1.038461 10
-1.264494 -0.954431 1.042207 10
-1.297964 -1.015114 1.009904 10
-1.380304 -0.956307 1.058462 8
-1.443623 -0.946267 1.074429 8
-1.504533 -0.943383 1.085841 8
-1.518632 -1.044436 1.026601 8
-1.586570 -1.026299 1.048821 8
-1.624661 -1.072185 1.027427 8
-1.576002 -1.291831 0.886366 8
-1.562097 -1.432801 0.798979 8
-1.626948 -1.416859 0.820082 8
-1.614144 -1.547662 0.739359 8
-1.659876 -1.566568 0.736469 8
-1.702039 -1.591954 0.729222 8
-1.777766 -1.559131 0.763126 8
-1.835904 -1.558682 0.774623 8
-1.857271 -1.619974 0.742609 8
-1.924263 -1.606093 0.764132 8
-1.945670 -1.665637 0.733508 8
-2.039776 -1.611950 0.784238 8
-2.100780 -1.611525 0.797188 8
-0.692595 -0.810795 1.135595 10
-0.821268 -0.752291 1.188186 10
-1.179331 0.260903 1.880305 8
-0.942456 -0.731161 1.216748 10
-0.996310 -0.744440 1.215254 10
-1.060297 -0.727432 1.234593 10
-1.103064 -0.774298 1.210652 10
-1.164621 -0.766472 1.224234 10
-1.194449 -0.846254 1.178016 10
-1.219782 -0.933816 1.126426 10
-1.278030 -0.933436 1.135426 10
-1.374005 -0.841382 1.208094 8
-1.410114 -0.898870 1.177691 8
-1.444844 -0.957333 1.146662 8
-1.476335 -1.020871 1.112133 8
-1.501651 -1.095466 1.069881 8
-1.535739 -1.148432 1.042774 8
-1.542873 -1.255368 0.977702 8
-1.574141 -1.309169 0.949973 8
-1.584439 -1.402333 0.894363 8
-1.592312 -1.496415 0.837933 8
-1.644061 -1.505236 0.842214 8
-1.689492 -1.526160 0.838070 8
-1.733403 -1.549836 0.832137 8
-1.748398 -1.623322 0.790401 8
-1.809081 -1.617506 0.806075 8
-1.866082 -1.619122 0.816689 8
-1.943531 -1.588994 0.850833 8
-2.022347 -1.559266 0.885208 8
-2.086580 -1.554384 0.901794 8
-2.122027 -1.593950 0.885842 8
-1.123310 0.291811 1.990724 8
-1.160480 0.182531 1.923823 8
-1.083564 -0.288181 1.605917 8
-1.145447 -0.293625 1.610641 8
-1.170542 -0.410186 1.538117 8
-1.156628 -0.632656 1.391418 10
-1.183096 -0.728367 1.333100 10
-1.273778 -0.645452 1.400284 8
-1.304392 -0.726078 1.352794 8
-1.320946 -0.838396 1.282887 8
-1.362375 -0.883949 1.260145 8
-1.414540 -0.902377 1.256791 8
-1.447364 -0.965544 1.221756 8
-1.472295 -1.043926 1.175866 8
-1.480672 -1.155099 1.106400 8
-1.537882 -1.157810 1.114784 8
-1.531108 -1.293338 1.027550 8
-1.543296 -1.384723 0.971944 8
-1.550374 -1.482385 0.911617 8
-1.563315 -1.564939 0.862113 8
-1.619175 -1.564842 0.873003 8
-1.694811 -1.530111 0.909662 8
-1.725507 -1.577362 0.886333 8
-1.773470 -1.593746 0.885921 8
-1.866470 -1.534936 0.941672 8
-1.919310 -1.545790 0.946087 8
-1.961891 -1.573683 0.938004 8
-2.003218 -1.603398 0.928723 8
-2.066997 -1.598675 0.945665 8
-1.108939 0.226654 2.044091 8
-1.145009 0.115659 1.974343 8
-1.148123 -0.094315 1.834150 8
-1.134977 -0.340418 1.667819 8
-1.215088 -0.291270 1.711985 8
-1.267241 -0.327453 1.695488 8
-1.218523 -0.643455 1.478163 8
-1.262622 -0.689725 1.454230 8
-1.570129 -0.047693 1.927499 8
-1.312460 -0.873855 1.340391 8
-1.354249 -0.917908 1.318230 8
-1.382160 -0.993388 1.273292 8
-1.439019 -0.998932 1.279424 8
-1.412383 -1.191954 1.148437 8
-1.495891 -1.135958 1.199946 8
-1.517971 -1.213911 1.153225 8
-1.498858 -1.373352 1.046124 8
-1.874350 -0.736696 1.529765 8
-1.535918 -1.523972 0.955811 8
-1.589350 -1.528920 0.963152 8
-1.647984 -1.525099 0.977365 8
-1.665934 -1.595812 0.935752 8
-1.705951 -1.625385 0.925180 8
-1.779332 -1.597482 0.958421 8
-1.851584 -1.573925 0.988859 8
-1.919048 -1.560435 1.012088 8
-1.979711 -1.559566 1.026059 8
-2.038514 -1.562797 1.037240 8
-2.093691 -1.572573 1.043701 8
-2.523884 -0.962043 -0.345753 8
-2.405972 -0.973910 -0.384674 8
-2.315062 -1.020774 -0.396555 8
-2.186384 -1.013677 -0.449494 8
-2.118409 -1.091172 -0.438341 8
-2.699378 -0.375368 -0.431503 8
-2.545753 -0.345123 -0.504770 8
-2.417804 -0.342390 -0.554611 8
-2.256538 -0.294785 -0.640235 8
-2.236763 -0.424772 -0.582103 8
-2.210888 -0.550003 -0.529024 8
-2.182758 -0.675275 -0.477107 8
-2.128408 -0.767437 -0.452304 8
-2.100852 -0.899033 -0.397627 8
-2.069330 -1.028335 -0.345972 8
-2.032738 -1.337294 -0.208178 8
1.131420 -0.370080 -2.053491 9
1.205070 -0.378916 -2.085349 9
1.273147 -0.406323 -2.106321 9
1.342221 -0.429464 -2.129957 9
1.406922 -0.469323 -2.144134 9
-2.632144 0.008197 -0.517581 8
-2.507387 0.005238 -0.563598 8
-2.363300 0.027662 -0.630673 8
-2.259711 0.005025 -0.658807 8
-2.253716 -0.136230 -0.587430 8
-2.203316 -0.225326 -0.560810 8
-2.197228 -0.372980 -0.486728 8
-2.147305 -0.466944 -0.457990 8
-2.153149 -0.637852 -0.367783 8
-2.109852 -0.746133 -0.329648 8
-2.057371 -0.843758 -0.300958 8
-2.152468 -1.156932 -0.103052 8
-2.008715 -1.128140 -0.176318 8
-2.010334 -1.315813 -0.080820 8
1.112357 -0.019180 -2.097844 9
1.185455 -0.022862 -2.131727 9
1.242077 -0.081221 -2.132153 9
1.316355 -0.078214 -2.170207 9
1.393288 -0.062393 -2.215789 9
1.459306 -0.085127 -2.238189 9
1.527336 -0.098962 -2.265968 9
1.575557 -0.195628 -2.245502 9
1.605517 -0.380036 -2.175305 9
1.637479 -0.570290 -2.103661 9
1.659759 -0.824582 -1.997674 9
1.714054 -0.936978 -1.974006 9
-2.723908 0.203970 -0.449866 8
-2.573840 0.226271 -0.520084 8
-2.450566 0.222225 -0.565879 8
-2.309249 0.241498 -0.631613 8
-2.255903 0.160834 -0.609218 8
-2.370816 -0.123409 -0.411323 8
-2.285903 -0.171970 -0.419204 8
-2.168072 -0.178534 -0.462916 8
-2.151467 -0.313163 -0.398189 8
-2.115058 -0.425227 -0.353702 8
-2.075204 -0.535155 -0.312033 8
-2.081222 -0.710938 -0.217264 8
-2.044930 -0.832417 -0.168659 8
-1.926540 -0.837879 -0.214932 8
-1.956448 -1.060930 -0.086478 8
-1.953095 -1.241441 0.005668 8
-1.912641 -1.370111 0.055057 8
1.129812 0.193451 -2.102092 9
1.204328 0.198298 -2.141021 9
1.267278 0.167036 -2.156993 9
1.336433 0.157565 -2.186785 9
1.401739 0.135853 -2.208971 9
1.472314 0.134947 -2.244033 9
1.552024 0.172839 -2.302565 9
1.554160 -0.104607 -2.170632 9
1.608256 -0.179861 -2.162316 9
1.645514 -0.336085 -2.106844 9
1.674236 -0.545877 -2.021602 9
1.698758 -0.795771 -1.915285 9
1.740518 -0.978411 -1.850262 9
-2.692190 0.390117 -0.427289 8
-2.564544 0.387542 -0.476323 8
-2.418818 0.407506 -0.545356 8
-2.275952 0.427938 -0.613777 8
-2.223696 0.347908 -0.590565 8
-2.204200 0.228357 -0.532626 8
-2.278450 -0.006807 -0.373446 8
-2.167054 -0.021712 -0.410787 8
-2.140346 -0.141210 -0.356627 8
-2.117150 -0.268100 -0.297275 8
-2.082505 -0.383108 -0.249386 8
-2.272336 -0.804074 0.057052 8
-1.921820 -0.494843 -0.256434 8
-1.986527 -0.756025 -0.089047 8
-1.985702 -0.931983 0.004681 8
-1.923561 -1.022496 0.026407 8
-1.907187 -1.184266 0.105349 8
-1.874299 -1.325353 0.165909 8
-0.947475 -0.745544 -0.545327 10
-0.425755 -0.736750 -0.785418 10
0.145533 -0.750844 -1.044351 10
1.123688 0.328533 -2.060990 9
1.197370 0.331618 -2.099003 9
1.269956 0.333817 -2.136236 9
1.331089 0.299579 -2.149793 9
1.407577 0.319671 -2.198307 9
1.470344 0.293230 -2.216975 9
1.538465 0.287800 -2.248991 9
1.572569 0.147369 -2.196970 9
1.568161 -0.165794 -2.039948 9
1.648260 -0.132519 -2.097893 9
1.679545 -0.319467 -2.022085 9
1.715725 -0.498865 -1.952777 9
1.761479 -0.645213 -1.904984 9
1.802951 -0.828086 -1.837217 9
1.852999 -0.979771 -1.789550 9
1.886054 -1.250948 -1.674473 9
-2.683387 0.550093 -0.383917 8
-2.545263 0.557704 -0.444086 8
-2.425739 0.548560 -0.487405 8
-2.291865 0.557513 -0.547132 8
-2.200914 0.521491 -0.564019 8
-2.196088 0.387672 -0.490401 8
-2.136594 0.314517 -0.473852 8
-2.159456 0.141688 -0.367309 8
-2.090558 0.076331 -0.359573 8
-2.506633 -0.599986 0.192765 8
-1.949379 -0.051009 -0.348196 8
-1.932990 -0.186619 -0.279976 8
-1.898973 -0.302157 -0.230645 10
-1.777194 -0.299001 -0.284690 10
-1.670710 -0.314557 -0.322116 10
-1.561798 -0.324549 -0.363912 10
-1.438806 -0.311288 -0.424819 10
-1.326120 -0.310323 -0.474769 10
-1.196118 -0.279473 -0.548850 10
-1.108917 -0.313001 -0.569339 10
-1.006349 -0.320264 -0.611122 10
-0.915153 -0.344411 -0.638967 10
-0.812218 -0.346797 -0.684047 10
-0.710565 -0.348905 -0.728947 10
-0.597148 -0.326956 -0.792314 10
-0.509271 -0.349081 -0.820736 10
-0.417760 -0.362768 -0.855565 10
-0.344569 -0.410894 -0.863885 10
-0.239641 -0.394377 -0.921439 10
-0.163477 -0.434593 -0.935816 10
-0.082438 -0.463973 -0.958440 10
-0.002492 -0.494857 -0.979997 10
0.042025 -0.606126 -0.942780 10
0.122413 -0.636806 -0.965140 10
0.210783 -0.647202 -1.002177 10
0.279930 -0.703844 -1.006058 10
0.387325 -0.662031 -1.079991 10
0.486103 -0.637722 -1.140868 10
0.549463 -0.707282 -1.135940 10
0.627777 -0.735893 -1.159819 10
1.125751 0.486032 -2.038065 9
1.183636 0.442101 -2.044327 9
1.259352 0.454435 -2.088691 9
1.314534 0.401867 -2.089548 9
1.394423 0.433154 -2.146149 9
1.460822 0.420962 -2.173801 9
1.531027 0.424639 -2.211716 9
1.595372 0.408285 -2.236578 9
1.613618 0.203951 -2.141884 9
1.620599 -0.065389 -2.008415 9
1.690779 -0.073360 -2.041189 9
1.734193 -0.205945 -1.996775 9
1.726604 -0.604263 -1.790749 9
1.791513 -0.661551 -1.796358 9
1.812268 -0.968517 -1.652172 9
1.884630 -1.003718 -1.673414 9
1.923207 -1.252904 -1.568512 9
-2.599860 0.650330 -0.338648 8
-2.454975 0.665577 -0.407695 8
-2.312643 0.681645 -0.476408 8
-2.201020 0.667654 -0.515030 8
-2.188460 0.544826 -0.449130 8
-2.152871 0.445356 -0.406706 8
-2.113117 0.348836 -0.367997 8
-2.067280 0.257817 -0.335292 8
-2.022660 0.163747 -0.300566 8
-1.921709 0.138866 -0.329871 8
-1.893838 0.021392 -0.275068 10
-1.755358 0.047019 -0.349880 10
-1.640752 0.044412 -0.398522 10
-1.543593 0.020270 -0.427593 10
-1.421434 0.033158 -0.488794 10
-1.324917 0.012113 -0.519814 10
-1.207028 0.024580 -0.579371 10
-1.110884 0.007121 -0.612715 10
-0.991626 0.027674 -0.677879 10
-0.921363 -0.026854 -0.679399 10
-0.800347 0.002157 -0.750530 10
-0.706195 -0.010161 -0.786773 10
-0.616125 -0.027615 -0.818543 10
-0.525661 -0.042698 -0.852032 10
-0.411291 -0.012153 -0.921883 10
-0.342523 -0.063266 -0.925992 10
-0.241005 -0.051202 -0.980188 10
-0.157768 -0.072278 -1.007939 10
-0.047383 -0.036326 -1.079780 10
0.031612 -0.061906 -1.103521 10
0.097162 -0.115640 -1.105810 10
0.206498 -0.072012 -1.181979 10
0.280333 -0.105001 -1.199901 10
0.369250 -0.101557 -1.244976 10
0.452443 -0.109329 -1.281452 10
0.520888 -0.152382 -1.291996 10
0.613290 -0.132867 -1.348052 10
0.684123 -0.167803 -1.364551 10
0.753288 -0.207171 -1.378072 10
0.840879 -0.193106 -1.429477 10
1.171796 0.557410 -1.994888 9
1.240751 0.548656 -2.025185 9
1.309335 0.540509 -2.055805 9
1.380800 0.543951 -2.094215 9
1.445515 0.526524 -2.118326 9
1.509249 0.506619 -2.140811 9
1.585053 0.533707 -2.194493 9
1.627263 0.431839 -2.163026 9
1.650850 0.245371 -2.077554 9
1.672412 0.034736 -1.978532 9
1.719167 -0.078282 -1.944194 9
1.764978 -0.204656 -1.902566 9
1.793406 -0.430534 -1.799832 9
1.833345 -0.616854 -1.724157 9
1.876582 -0.803249 -1.650443 9
1.904987 -1.100194 -1.511284 9
1.946388 -1.348634 -1.404709 9
-2.628409 0.770663 -0.260079 8
-2.465723 0.801896 -0.347826 8
-2.360706 0.777348 -0.377899 8
-2.237657 0.773726 -0.428398 8
-2.181601 0.699562 -0.408423 8
-2.138460 0.610228 -0.374117 8
-2.112572 0.499684 -0.320036 8
-2.119212 0.348542 -0.228107 8
-2.021540 0.318122 -0.252967 8
-1.931538 0.279650 -0.269983 8
-1.859848 0.219096 -0.266255 10
-1.741060 0.219096 -0.318930 10
-1.624305 0.219212 -0.371007 10
-1.510912 0.217556 -0.420792 10
-1.405079 0.208084 -0.462894 10
-1.280060 0.228119 -0.530906 10
-1.187213 0.205009 -0.559745 10
-1.083246 0.200008 -0.604268 10
-0.989197 0.182225 -0.637164 10
-0.881057 0.188307 -0.690391 10
-0.776296 0.191899 -0.740863 10
-0.684290 0.177200 -0.775246 10
-0.591275 0.166037 -0.812325 10
-0.471959 0.202742 -0.889019 10
-0.374109 0.205582 -0.936716 10
-0.304364 0.159400 -0.943737 10
-0.206673 0.166086 -0.993954 10
-0.127096 0.140463 -1.017624 10
-0.027839 0.155340 -1.073606 10
0.047263 0.123871 -1.092282 10
0.151815 0.155595 -1.160640 10
0.227357 0.128389 -1.182322 10
0.300464 0.096586 -1.200471 10
0.384115 0.089878 -1.237908 10
0.472416 0.096485 -1.285211 10
0.556952 0.096810 -1.327385 10
0.624808 0.057103 -1.339394 10
0.714709 0.075629 -1.394675 10
0.783059 0.039129 -1.409103 10
0.869430 0.053756 -1.460871 10
1.165986 0.689242 -1.959432 9
1.227137 0.657903 -1.973604 9
1.299555 0.662258 -2.013211 9
1.361928 0.636454 -2.031389 9
1.437047 0.654675 -2.080301 9
1.510211 0.670033 -2.126819 9
1.576132 0.662409 -2.157256 9
1.618652 0.565917 -2.127415 9
1.651718 0.424812 -2.068615 9
1.676087 0.235956 -1.979572 9
1.720491 0.120690 -1.941135 9
1.773895 0.038804 -1.925714 9
1.806145 -0.153569 -1.839569 9
1.857427 -0.264821 -1.807581 9
1.893071 -0.472597 -1.715391 9
1.940006 -0.636207 -1.653304 9
1.928792 -1.183368 -1.353649 9
1.973413 -1.427602 -1.247478 9
-2.534955 1.009754 -0.307797 8
-2.466655 0.947461 -0.299175 8
-2.401394 0.882017 -0.287526 8
-2.272797 0.882230 -0.343901 8
-2.164516 0.863675 -0.380153 8
-2.182679 0.709197 -0.278332 8
-2.107625 0.654194 -0.278250 8
-2.089989 0.533756 -0.213348 8
-2.020142 0.471456 -0.207001 8
-1.951672 0.407337 -0.199172 8
-1.875102 0.352889 -0.201015 10
-1.737645 0.375195 -0.276484 10
-1.638808 0.351659 -0.307323 10
-1.503544 0.377845 -0.384561 10
-1.408072 0.354260 -0.414283 10
-1.289330 0.364504 -0.474945 10
-1.184192 0.358638 -0.520036 10
-1.091300 0.337313 -0.550563 10
-0.986035 0.336071 -0.598869 10
-0.879837 0.338861 -0.650191 10
-0.779935 0.334530 -0.694604 10
-0.662357 0.361159 -0.765638 10
-0.545233 0.391068 -0.838576 10
-0.431409 0.419557 -0.909327 10
-0.341988 0.409464 -0.946248 10
-0.249966 0.406031 -0.988474 10
-0.200899 0.325544 -0.965693 10
-0.116344 0.310483 -0.998007 10
-0.022369 0.315537 -1.046675 10
0.055505 0.291040 -1.070712 10
0.140635 0.282684 -1.107759 10
0.226287 0.277502 -1.147077 10
0.294981 0.237263 -1.158182 10
0.384065 0.243342 -1.206021 10
0.472799 0.251580 -1.255110 10
0.546917 0.227632 -1.278781 10
0.636571 0.243476 -1.333037 10
0.711829 0.225871 -1.361264 10
0.787202 0.209982 -1.390711 10
0.863137 0.197176 -1.422377 10
0.939786 0.188162 -1.456737 10
1.213370 0.765723 -1.922814 9
1.273540 0.732350 -1.935327 9
1.343798 0.731166 -1.971317 9
1.417241 0.743029 -2.016453 9
1.480468 0.723027 -2.038567 9
1.549768 0.725870 -2.076820 9
1.616101 0.720417 -2.109039 9
1.658836 0.624019 -2.078171 9
1.679805 0.431266 -1.982187 9
1.716086 0.288806 -1.922578 9
1.762410 0.180542 -1.887569 9
1.839779 0.212944 -1.947644 9
1.838733 -0.145382 -1.748545 9
1.889421 -0.264652 -1.710373 9
1.909059 -0.571956 -1.551261 9
1.969217 -0.669461 -1.530745 9
2.005957 -0.928228 -1.408339 9
2.045995 -1.197646 -1.282107 9
2.092369 -1.457037 -1.165176 9
-2.576429 1.115616 -0.218128 8
-2.406330 1.151262 -0.316046 8
-2.361690 1.067342 -0.283306 8
-2.282695 1.017108 -0.287211 8
-2.135298 1.038331 -0.366607 8
-2.051086 0.996279 -0.378383 8
-2.063515 0.849842 -0.281889 8
-2.106207 0.665404 -0.148345 8
-2.059737 0.576634 -0.114714 8
-1.896435 0.623015 -0.217984 8
-1.875267 0.504317 -0.154782 10
-1.758535 0.499880 -0.205880 10
-1.641772 0.498114 -0.258844 10
-1.532384 0.489577 -0.304467 10
-1.425609 0.479956 -0.348426 10
-1.314990 0.477823 -0.398942 10
-1.185483 0.504544 -0.476029 10
-1.115684 0.450369 -0.476246 10
-0.994499 0.471114 -0.546204 10
-0.896338 0.461143 -0.586930 10
-0.771460 0.494372 -0.666565 10
-0.603060 0.600657 -0.811055 10
-0.502010 0.606156 -0.863037 10
-0.393236 0.627354 -0.928317 10
-0.326660 0.580152 -0.932562 10
-0.241836 0.564902 -0.964888 10
-0.175547 0.517875 -0.969478 10
-0.093751 0.499492 -0.998843 10
-0.029501 0.449096 -1.000815 10
0.051830 0.431865 -1.031010 10
0.120312 0.390181 -1.040598 10
0.202511 0.377138 -1.074068 10
0.283746 0.363806 -1.107074 10
0.381700 0.389243 -1.171406 10
0.460902 0.376058 -1.203844 10
0.545894 0.378258 -1.248394 10
0.619424 0.355295 -1.272608 10
0.698370 0.347028 -1.308335 10
0.770630 0.323420 -1.331887 10
0.855808 0.335601 -1.383070 10
0.939344 0.346743 -1.432979 10
1.199781 0.873103 -1.873477 9
1.257620 0.833690 -1.881065 9
1.323074 0.817461 -1.906204 9
1.404598 0.854569 -1.970739 9
1.461711 0.814910 -1.978291 9
1.534216 0.828623 -2.024894 9
1.592761 0.794932 -2.036963 9
1.638965 0.713539 -2.015195 9
1.681773 0.613637 -1.981149 9
1.716706 0.473715 -1.920092 9
1.755230 0.338482 -1.863839 9
1.818408 0.306869 -1.880440 9
1.846355 0.101968 -1.778952 9
1.867960 -0.156157 -1.643792 9
1.928323 -0.228492 -1.636152 9
1.989304 -0.302640 -1.628009 9
2.008591 -0.643683 -1.444914 9
2.049262 -0.886115 -1.330080 9
2.076574 -1.257568 -1.134622 9
2.131055 -1.472837 -1.043435 9
-2.637836 1.204261 -0.107978 8
-2.581088 1.129670 -0.085752 8
-2.453326 1.122943 -0.139666 8
-2.370347 1.074685 -0.146715 8
-2.165819 1.149925 -0.288633 8
-2.119477 1.067962 -0.257750 8
-2.254427 0.792640 -0.020393 8
-2.057238 0.867544 -0.159331 8
-2.013075 0.778796 -0.123744 8
-2.007252 0.644884 -0.041955 8
-1.901011 0.624544 -0.078945 8
-1.794551 0.606376 -0.117609 10
-1.707829 0.565992 -0.133241 10
-1.552933 0.612136 -0.235489 10
-1.418182 0.637491 -0.315392 10
-1.311867 0.629370 -0.361082 10
-1.259009 0.551202 -0.337846 10
-1.107496 0.608790 -0.446404 10
-1.022724 0.577014 -0.467665 10
-0.925318 0.564752 -0.507289 10
-0.726141 0.707192 -0.691912 10
-0.565500 0.800513 -0.827714 10
-0.449547 0.830777 -0.903109 10
-0.362148 0.818855 -0.938803 10
-0.288436 0.785966 -0.955101 10
-0.213415 0.756007 -0.974016 10
-0.136804 0.729680 -0.996111 10
-0.067022 0.692000 -1.008072 10
-0.000648 0.648320 -1.014859 10
0.049581 0.573658 -0.994927 10
0.113240 0.523636 -0.996863 10
0.194414 0.508793 -1.029104 10
0.271319 0.486681 -1.054968 10
0.363215 0.498169 -1.108898 10
0.443881 0.487954 -1.144197 10
0.525470 0.481802 -1.182588 10
0.599103 0.458956 -1.207034 10
0.692270 0.485138 -1.271133 10
0.769899 0.476305 -1.306383 10
0.842283 0.455718 -1.332046 10
0.925729 0.466401 -1.382327 10
0.989247 0.424367 -1.390894 10
1.230862 0.902648 -1.803194 9
1.302359 0.903846 -1.841998 9
1.374140 0.908577 -1.883205 9
1.432596 0.872501 -1.893258 9
1.505645 0.885932 -1.940602 9
1.573304 0.883936 -1.976074 9
1.636924 0.869388 -2.002097 9
1.647866 0.650756 -1.879244 9
1.707651 0.613595 -1.890160 9
1.748805 0.495745 -1.843518 9
1.804418 0.433962 -1.837974 9
1.867642 0.404860 -1.856004 9
1.870449 0.072044 -1.662352 9
1.930889 0.009978 -1.659826 9
1.967523 -0.190890 -1.562791 9
1.995365 -0.467521 -1.416622 9
2.031655 -0.724306 -1.287027 9
2.098212 -0.804938 -1.277809 9
2.146955 -1.027140 -1.175897 9
2.169563 -1.495311 -0.915567 9
-2.448118 1.273100 -0.100388 8
-2.342291 1.246987 -0.132794 8
-2.207825 1.250775 -0.198384 8
-2.083881 1.247093 -0.254344 8
-2.000815 1.203919 -0.265486 8
-2.005579 1.068567 -0.175349 8
-2.008368 0.931557 -0.085265 8
-1.950583 0.857956 -0.065253 8
-1.917670 0.755317 -0.014805 8
-1.812021 0.735329 -0.052667 8
-1.678286 0.750843 -0.127056 10
-0.630954 1.889521 -1.363011 2
-0.585926 1.829282 -1.346326 2
-0.502345 1.817916 -1.379746 2
-1.240926 0.722274 -0.321268 10
-1.162635 0.679321 -0.332327 10
-1.028486 0.714532 -0.420623 10
-0.929114 0.704734 -0.463450 10
-0.651161 0.958480 -0.761422 10
-0.514701 1.015809 -0.865386 10
-0.409139 1.031102 -0.927649 10
-0.340916 0.990583 -0.936324 10
-0.263018 0.966084 -0.960075 10
-0.187578 0.938615 -0.980895 10
-0.119387 0.899637 -0.991020 10
-0.046175 0.869823 -1.009580 10
0.010550 0.810820 -1.001722 10
0.074176 0.763806 -1.005016 10
0.124290 0.690515 -0.985224 10
0.185399 0.637194 -0.983643 10
0.257005 0.604659 -1.000525 10
0.317873 0.550073 -0.998372 10
0.433850 0.614444 -1.098510 10
0.480293 0.529594 -1.070500 10
0.575279 0.554245 -1.135517 10
0.663545 0.567102 -1.189913 10
0.743560 0.563058 -1.229739 10
0.818062 0.547272 -1.259606 10
0.894080 0.537048 -1.293848 10
0.977995 0.550456 -1.346922 10
1.040778 0.507379 -1.354325 10
1.272541 0.963341 -1.757307 9
1.330141 0.922670 -1.763691 9
1.407877 0.945658 -1.819894 9
1.482108 0.961514 -1.870000 9
1.547068 0.949206 -1.898077 9
1.608383 0.925283 -1.917252 9
1.657281 0.854865 -1.901546 9
1.722536 0.845476 -1.931993 9
1.738370 0.632321 -1.811857 9
1.791996 0.565671 -1.801500 9
1.840030 0.469269 -1.770194 9
1.880124 0.326735 -1.706740 9
1.928691 0.214560 -1.666527 9
1.830003 -0.712675 -1.051917 9
1.926687 -0.619297 -1.163162 9
2.002043 -0.641281 -1.192989 9
2.074986 -0.677980 -1.212760 9
2.119000 -0.923695 -1.090431 9
2.188082 -1.010059 -1.078493 9
-2.472238 1.269092 0.054375 8
-2.304733 1.300219 -0.046886 8
-2.243874 1.231300 -0.030200 8
-2.320810 1.023443 0.145392 8
-2.023687 1.193661 -0.111670 8
-1.967965 1.120514 -0.090235 8
-2.017387 0.932905 0.058011 8
-1.973852 0.841941 0.096808 8
-0.800884 2.032969 -1.263299 11
-0.690366 2.048994 -1.328190 11
-0.591652 2.054055 -1.380208 11
-0.526155 2.020989 -1.390952 11
-0.444227 2.009131 -1.423863 11
-0.416137 1.929585 -1.385928 2
-0.369329 1.872898 -1.372377 2
-0.429100 1.671070 -1.211178 6
-0.895317 0.895672 -0.473498 10
-0.594250 1.176976 -0.807597 10
-0.482027 1.199191 -0.878743 10
-0.394654 1.187733 -0.915693 10
-0.309306 1.175024 -0.950964 10
-0.228601 1.156737 -0.980430 10
-0.154499 1.129141 -1.000686 10
-0.082479 1.098982 -1.018383 10
-0.032423 1.031709 -1.001134 10
0.027847 0.981174 -1.000029 10
0.082063 0.919151 -0.988601 10
0.143241 0.869068 -0.988567 10
0.189759 0.790153 -0.962672 10
0.250891 0.738145 -0.961702 10
0.312877 0.687268 -0.962057 10
0.378090 0.642646 -0.968239 10
0.465483 0.646321 -1.016907 10
0.542753 0.630019 -1.047720 10
0.633460 0.646636 -1.106643 10
0.729492 0.679879 -1.179059 10
0.801767 0.658811 -1.204656 10
0.858236 0.598108 -1.196953 10
0.934991 0.589988 -1.233417 10
1.195010 1.092331 -1.689908 9
1.253315 1.054733 -1.698143 9
1.302766 0.990284 -1.684860 9
1.375996 0.997219 -1.729421 9
1.445379 0.994903 -1.766223 9
1.509729 0.978075 -1.791320 9
1.592247 1.026453 -1.867304 9
1.665915 1.049377 -1.922637 9
1.707250 0.952676 -1.885564 9
1.752262 0.864256 -1.855839 9
1.802536 0.792165 -1.839364 9
1.818512 0.562410 -1.705737 9
1.880841 0.528892 -1.720311 9
1.903833 0.298997 -1.590868 9
1.958586 0.212546 -1.568603 9
1.858794 -0.748944 -0.915995 9
1.930372 -0.808796 -0.920178 9
2.042167 -0.614330 -1.105066 9
2.119181 -0.625608 -1.142774 9
2.170770 -0.823624 -1.050476 9
2.217507 -1.090595 -0.912929 9
-2.452891 1.305995 0.163064 8
-2.303278 1.319009 0.080451 8
-2.141864 1.347327 -0.018597 8
-2.026166 1.334280 -0.067043 8
-1.973709 1.258586 -0.041730 8
-1.059992 2.089189 -1.059453 11
-0.866600 2.186680 -1.221952 11
-0.748127 2.208599 -1.296078 11
-0.620600 2.244260 -1.384144 11
-0.545298 2.223280 -1.407964 11
-0.478839 2.192950 -1.421176 11
-0.402775 2.175072 -1.447725 11
-0.346393 2.133810 -1.448773 11
-0.267033 2.122224 -1.481466 11
-0.217204 2.073237 -1.474280 11
-0.156684 2.038382 -1.482103 11
-0.094883 2.005671 -1.492137 11
-0.458971 1.364889 -0.879633 10
-0.363665 1.365908 -0.929575 10
-0.289794 1.337172 -0.948885 10
-0.226682 1.292677 -0.952346 10
-0.128223 1.304434 -1.011451 10
-0.088067 1.223956 -0.979519 10
-0.013256 1.199672 -1.002830 10
0.037216 1.134366 -0.986567 10
0.103715 1.096286 -0.996741 10
0.144010 1.010448 -0.961945 10
0.182901 0.919352 -0.923114 10
0.260515 0.900584 -0.952243 10
0.321819 0.850560 -0.952439 10
0.361583 0.755478 -0.911915 10
0.464351 0.791319 -0.990502 10
0.524334 0.737949 -0.988252 10
0.593262 0.704041 -1.003605 10
0.699966 0.759306 -1.097356 10
0.780666 0.757843 -1.140398 10
0.845280 0.718485 -1.150313 10
0.907868 0.673725 -1.155774 10
0.979824 0.653711 -1.182482 10
1.044815 0.615435 -1.193731 10
1.274894 1.057446 -1.605488 9
1.344851 1.052825 -1.641407 9
1.417460 1.058823 -1.685754 9
1.477754 1.027609 -1.699477 9
1.563251 1.082642 -1.782743 9
1.634722 1.095217 -1.831057 9
1.693291 1.063484 -1.843863 9
1.748017 1.016478 -1.844857 9
1.808352 0.990755 -1.862763 9
1.822446 0.765333 -1.726945 9
1.878426 0.709597 -1.723472 9
1.916943 0.566727 -1.654559 9
1.961694 0.442133 -1.601016 9
1.816460 -0.723871 -0.774755 9
1.894589 -0.749507 -0.803822 9
1.981920 -0.717192 -0.875263 9
2.063218 -0.715228 -0.924052 9
2.141770 -0.727511 -0.962345 9
2.198861 -0.903351 -0.884318 9
2.263308 -1.043546 -0.833422 9
-2.356156 1.414856 0.183624 8
-2.273011 1.365458 0.176008 8
-2.103221 1.401191 0.065106 8
-2.012715 1.362565 0.045942 8
-0.962698 2.308428 -1.144292 11
-0.812154 2.359939 -1.256784 11
-0.693539 2.382076 -1.332779 11
-0.609037 2.370002 -1.367813 11
-0.529164 2.354374 -1.398144 11
-0.454058 2.334688 -1.423352 11
-0.374246 2.321859 -1.455818 11
-0.324541 2.273792 -1.448670 11
-0.260181 2.243837 -1.461641 11
-0.208011 2.198840 -1.458113 11
-0.123028 2.197047 -1.501294 11
-0.082566 2.136981 -1.481621 11
-0.012303 2.117404 -1.505229 11
0.041132 2.074904 -1.504543 11
0.088993 2.024100 -1.495407 11
-0.187450 1.483151 -0.983114 10
-0.126272 1.438202 -0.985243 10
-0.061250 1.399320 -0.993646 10
-0.003230 1.349213 -0.990881 10
0.061403 1.309858 -0.999023 10
0.123720 1.266677 -1.003484 10
0.175615 1.204819 -0.989936 10
0.193600 1.079374 -0.915604 10
0.273013 1.065320 -0.949214 10
0.332842 1.014710 -0.947890 10
0.368538 0.914897 -0.900711 10
0.441470 0.888754 -0.923130 10
0.482884 0.795947 -0.884019 10
0.567721 0.795921 -0.930627 10
0.666926 0.831494 -1.008947 10
0.726283 0.777841 -1.006150 10
0.810103 0.783093 -1.056111 10
0.889819 0.781039 -1.099085 10
0.976578 0.800099 -1.160094 10
1.046754 0.778104 -1.184817 10
1.112911 0.745817 -1.200620 10
1.319906 1.128285 -1.569513 9
1.386295 1.113943 -1.597543 9
1.456783 1.114166 -1.637611 9
1.536041 1.146286 -1.703777 9
1.605121 1.148666 -1.744707 9
1.672158 1.146626 -1.781684 9
1.736088 1.135409 -1.810975 9
1.789931 1.085744 -1.809354 9
1.853627 1.075251 -1.839223 9
1.862057 0.822761 -1.678647 9
1.858691 0.490403 -1.459037 9
1.921213 0.447523 -1.467385 9
1.995056 0.462262 -1.520167 9
1.854892 -0.708736 -0.672463 9
1.932170 -0.742361 -0.695924 9
2.021452 -0.699436 -0.776618 9
2.105382 -0.681530 -0.837966 9
2.176718 -0.749003 -0.836279 9
2.243928 -0.856398 -0.806245 9
2.287421 -1.189708 -0.614888 9
-2.275520 1.508457 0.220509 8
-2.195259 1.456995 0.215482 8
-1.095658 2.396891 -1.023321 11
-0.879536 2.507131 -1.214033 11
-0.766397 2.520225 -1.282362 11
-0.669392 2.519472 -1.332584 11
-0.591799 2.500157 -1.359649 11
-0.496120 2.502112 -1.411314 11
-0.436963 2.465146 -1.416485 11
-0.360626 2.448465 -1.445081 11
-0.306282 2.406977 -1.444758 11
-0.207159 2.420270 -1.506648 11
-0.176772 2.350290 -1.473895 11
-0.115228 2.318908 -1.484798 11
-0.068930 2.267913 -1.473996 11
-0.001487 2.245079 -1.494228 11
0.052154 2.203979 -1.494466 11
0.109787 2.168553 -1.500900 11
0.155379 2.115661 -1.488842 11
0.196148 2.054741 -1.468728 11
0.261741 2.031200 -1.488024 11
0.022050 1.520537 -1.005157 10
0.075258 1.464455 -0.995487 10
0.121893 1.396461 -0.974144 10
0.177228 1.342101 -0.967067 10
0.250834 1.319778 -0.992160 10
0.252043 1.164851 -0.886510 10
0.316791 1.123958 -0.894229 10
0.387621 1.095051 -0.913648 10
0.444282 1.038225 -0.906232 10
-0.360068 -0.819630 0.810730 10
0.564842 0.936984 -0.904284 10
0.617943 0.869305 -0.887851 10
0.711299 0.892573 -0.956075 10
0.769530 0.836369 -0.950588 10
0.846675 0.825654 -0.986821 10
0.924094 0.817635 -1.025164 10
0.988274 0.776669 -1.033767 10
1.070119 0.784084 -1.085344 10
1.144461 0.773447 -1.120538 10
1.368455 1.210352 -1.544374 9
1.425579 1.168879 -1.549086 9
1.504734 1.197784 -1.614145 9
1.581577 1.224183 -1.676290 9
1.643237 1.202262 -1.697160 9
1.689177 1.123135 -1.670443 9
1.762310 1.144378 -1.727298 9
1.808417 1.060988 -1.698030 9
1.842364 0.919938 -1.622950 9
1.886537 0.812713 -1.576735 9
1.922701 0.658395 -1.494260 9
1.987547 0.633879 -1.516048 9
2.034181 0.512179 -1.461907 9
1.894571 -0.688438 -0.573071 9
1.977826 -0.688343 -0.622689 9
2.062187 -0.675872 -0.681411 9
2.133435 -0.749497 -0.674704 9
2.222510 -0.692261 -0.766548 9
2.281361 -0.874379 -0.679972 9
2.312439 -1.347337 -0.381967 9
-2.294234 1.510294 0.374788 8
-0.975075 2.627428 -1.137687 12
-0.811673 2.685440 -1.266812 12
-0.720293 2.677322 -1.309735 12
-0.644717 2.655056 -1.334084 12
-0.535938 2.668714 -1.402258 12
-0.457034 2.653353 -1.433581 12
-0.390040 2.626366 -1.450231 12
-0.304436 2.621252 -1.492735 12
-0.271344 2.557246 -1.464705 12
-0.226907 2.505583 -1.451764 11
-0.151606 2.491099 -1.482279 11
-0.092836 2.457346 -1.490134 11
-0.020770 2.441107 -1.517837 11
0.014873 2.378051 -1.492374 11
0.069052 2.338926 -1.494194 11
0.117136 2.291356 -1.486766 11
0.169557 2.249576 -1.485935 11
0.228077 2.216661 -1.494853 11
0.264868 2.151193 -1.468810 11
0.309425 2.096313 -1.454658 11
0.332186 2.005584 -1.403177 11
0.130073 1.541042 -0.962857 10
0.364021 1.791611 -1.269962 2
0.426678 1.760199 -1.282856 6
0.486282 1.723757 -1.290606 6
0.310794 1.251229 -0.859975 10
0.388267 1.235700 -0.892676 10
0.444473 1.179830 -0.885199 10
0.485237 1.091541 -0.846388 10
0.510406 0.967337 -0.773710 10
0.582420 0.939354 -0.795061 10
0.660290 0.925373 -0.829650 10
0.738883 0.914870 -0.867198 10
0.823986 0.922061 -0.920931 10
0.895341 0.898301 -0.945320 10
0.993934 0.945959 -1.035226 10
1.045518 0.874014 -1.014917 10
1.131119 0.894042 -1.078333 10
1.325028 1.232039 -1.425546 9
1.412881 1.280974 -1.510569 9
1.474463 1.254304 -1.527943 9
1.535341 1.225776 -1.543721 9
1.603223 1.221462 -1.580481 9
1.670793 1.218496 -1.618094 9
1.722629 1.159165 -1.607550 9
1.798342 1.190866 -1.674150 9
1.835312 1.068581 -1.611505 9
1.864306 0.901476 -1.513272 9
1.933524 0.904086 -1.556239 9
1.986054 0.829068 -1.535793 9
2.025578 0.680964 -1.457266 9
2.068011 0.533278 -1.380879 9
1.936393 -0.657328 -0.481249 9
2.017370 -0.672811 -0.519380 9
2.096791 -0.696067 -0.551351 9
2.179196 -0.695579 -0.601610 9
2.267228 -0.643621 -0.690841 9
2.339424 -0.715705 -0.685220 9
2.361450 -1.291287 -0.302785 9
-1.404792 2.451601 -0.658933 11
-0.883290 2.824086 -1.219193 12
-0.759972 2.843891 -1.301127 12
-0.678128 2.827113 -1.333436 12
-0.588121 2.819932 -1.377399 12
-0.513768 2.798813 -1.402589 12
-0.447367 2.770615 -1.418289 12
-0.367182 2.757988 -1.453125 12
-0.297835 2.735068 -1.474514 12
-0.235129 2.705700 -1.487594 12
-0.180829 2.667278 -1.489477 12
-0.126791 2.628721 -1.491207 12
-0.067430 2.596807 -1.500842 12
-0.056470 2.504739 -1.439696 11
0.030040 2.507112 -1.489664 11
0.069315 2.449395 -1.469548 11
0.130219 2.420090 -1.482310 11
0.171513 2.363998 -1.464689 11
0.215315 2.310582 -1.450512 11
0.266676 2.267523 -1.448196 11
0.334376 2.249033 -1.472997 11
0.354348 2.157213 -1.417817 11
0.402026 2.106789 -1.408362 11
0.449042 2.054568 -1.397327 11
0.432020 1.892478 -1.270653 2
0.495977 1.864943 -1.287260 2
0.579115 1.872758 -1.340387 6
0.586112 1.741534 -1.249949 6
0.641122 1.696701 -1.249272 6
0.468849 1.200585 -0.793807 10
0.513280 1.118487 -0.760479 10
0.564397 1.047796 -0.739297 10
0.638829 1.026062 -0.766797 10
0.706054 0.989303 -0.779466 10
0.777639 0.962960 -0.802227 10
0.828460 0.887193 -0.777668 10
0.917593 0.905020 -0.842441 10
1.021926 0.966704 -0.947523 10
1.079108 0.908347 -0.939428 10
1.162317 0.921523 -0.997729 10
1.357431 1.266320 -1.358296 9
1.425033 1.253899 -1.389369 9
1.502784 1.275491 -1.450744 9
1.570070 1.267093 -1.484684 9
1.642892 1.280016 -1.537163 9
1.699039 1.236466 -1.539690 9
1.754951 1.190726 -1.540618 9
1.826109 1.204465 -1.592968 9
1.855088 1.044843 -1.497165 9
1.896721 0.927112 -1.438759 9
1.955549 0.880130 -1.440942 9
1.986106 0.689763 -1.324596 9
2.047788 0.644174 -1.329690 9
1.899467 -0.595294 -0.362556 9
1.986065 -0.579774 -0.426245 9
2.061546 -0.629423 -0.437192 9
2.141375 -0.650923 -0.470818 9
2.224986 -0.641248 -0.528916 9
2.312048 -0.594322 -0.615576 9
2.389741 -0.618399 -0.646433 9
2.422449 -1.110091 -0.319419 9
-1.002776 2.921664 -1.114104 12
-0.852168 2.960929 -1.227840 12
-0.730061 2.978742 -1.309513 12
-0.630675 2.978639 -1.365021 12
-0.580430 2.933632 -1.359182 12
-0.476748 2.941390 -1.423200 12
-0.398355 2.926261 -1.455852 12
-0.338237 2.893613 -1.465121 12
-0.261225 2.879551 -1.497963 12
-0.226511 2.820615 -1.473320 12
-0.172128 2.782909 -1.475801 12
-0.091990 2.775190 -1.515413 12
-0.039216 2.736799 -1.516631 12
0.000332 2.682408 -1.498455 12
0.050955 2.641123 -1.496451 12
0.093993 2.590020 -1.482879 12
0.120026 2.515816 -1.442462 11
0.192907 2.503358 -1.474894 11
0.280939 2.513596 -1.532968 11
0.308368 2.439568 -1.493726 11
0.344981 2.377074 -1.468408 11
0.399213 2.339972 -1.472150 11
0.433415 2.271604 -1.441250 11
0.442107 2.160368 -1.363951 11
0.484379 2.100445 -1.344135 11
0.543047 2.067214 -1.353640 11
0.581221 1.998197 -1.324894 6
0.651556 1.985599 -1.356583 6
0.683082 1.901922 -1.313320 6
0.692956 1.773444 -1.224488 2
0.750366 1.733820 -1.228973 6
0.556363 1.176183 -0.705087 10
0.621407 1.135090 -0.713157 10
0.670717 1.059309 -0.686584 10
0.723880 0.989818 -0.666998 10
0.795129 0.960890 -0.687945 10
0.877369 0.959611 -0.735762 10
0.962775 0.969177 -0.793496 10
1.040456 0.962058 -0.834522 10
1.111889 0.940227 -0.861160 10
1.196438 0.956924 -0.923886 10
1.264170 0.928179 -0.943448 10
1.468980 1.323258 -1.354720 9
1.542608 1.333194 -1.406236 9
1.591770 1.264518 -1.385776 9
1.668392 1.289155 -1.449988 9
1.742813 1.311049 -1.510957 9
1.802765 1.282050 -1.526185 9
1.874743 1.302221 -1.584589 9
1.893359 1.098060 -1.447400 9
1.947382 1.035018 -1.434512 9
1.990065 0.913266 -1.372103 9
2.058824 0.913447 -1.414356 9
1.863087 -0.527208 -0.247749 9
1.940061 -0.571903 -0.262649 9
2.030374 -0.534292 -0.345629 9
2.110764 -0.552509 -0.382077 9
2.199641 -0.505628 -0.471118 9
2.277634 -0.531545 -0.500715 9
2.357344 -0.541057 -0.543384 9
2.405626 -0.855451 -0.345538 9
2.462245 -1.148186 -0.168708 9
-0.951195 3.074871 -1.147278 12
-0.853413 3.067351 -1.197309 12
-0.750697 3.066340 -1.255272 12
-0.610726 3.101670 -1.362714 2
-0.534024 3.082211 -1.391682 12
-0.465051 3.056675 -1.411604 12
-0.402593 3.025708 -1.423673 12
-0.303144 3.032802 -1.486383 12
-0.254866 2.989463 -1.480919 12
-0.216990 2.934974 -1.460962 12
-0.155213 2.905962 -1.474431 12
-0.073788 2.899719 -1.516788 12
-0.035654 2.845398 -1.497325 12
0.031081 2.824247 -1.519901 12
0.067607 2.767345 -1.497674 12
0.129703 2.741520 -1.514125 12
0.173525 2.692958 -1.502653 12
0.224227 2.652980 -1.501811 12
0.259948 2.592585 -1.476737 12
0.270630 2.495959 -1.409514 11
0.380727 2.538992 -1.506809 11
0.394415 2.444107 -1.442817 11
0.416426 2.358570 -1.390885 11
0.467614 2.315974 -1.388773 11
0.500439 2.243467 -1.353239 11
0.561696 2.216153 -1.368793 11
0.582359 2.119912 -1.308254 11
0.646383 2.096635 -1.328649 6
0.658540 1.979739 -1.247605 11
0.689646 1.893384 -1.200960 6
0.736571 1.834561 -1.184582 2
0.566554 1.339394 -0.709926 10
0.595895 1.226636 -0.642568 10
0.683006 1.232711 -0.699338 10
0.697162 1.080288 -0.593202 10
0.756763 1.024189 -0.586874 10
0.835499 1.012435 -0.625467 10
0.921768 1.021327 -0.684191 10
0.990043 0.987791 -0.700293 10
1.072066 0.991171 -0.752487 10
1.157664 1.007709 -0.816797 10
1.236834 1.010127 -0.866709 10
1.426819 1.348005 -1.235317 9
1.512308 1.391364 -1.319891 9
1.575752 1.369490 -1.342283 9
1.632616 1.326046 -1.344597 9
1.700531 1.321020 -1.382475 9
1.772972 1.335576 -1.437839 9
1.836758 1.320558 -1.465870 9
1.897285 1.293555 -1.483023 9
1.947471 1.221350 -1.460137 9
1.978022 1.052697 -1.353237 9
2.017263 0.909739 -1.270961 9
2.074319 0.845698 -1.258654 9
1.906245 -0.488298 -0.159980 9
1.996025 -0.457776 -0.238679 9
2.076987 -0.474403 -0.276855 9
2.161433 -0.463626 -0.337716 9
2.239140 -0.496636 -0.361852 9
2.322533 -0.481869 -0.425217 9
2.397671 -0.534069 -0.433652 9
2.450537 -0.823794 -0.251417 9
2.511461 -1.087574 -0.093671 9
-1.199658 3.073547 -0.886707 12
-1.061427 3.092752 -0.982714 12
-0.977410 3.070342 -1.014174 12
-0.865290 3.073523 -1.082375 12
-0.580662 3.231729 -1.374118 2
-0.543307 3.176895 -1.352835 2
-0.459255 3.164959 -1.392845 2
-0.411352 3.120211 -1.385833 2
-0.344633 3.093865 -1.404434 12
-0.297695 3.048493 -1.396491 12
-0.165635 3.091100 -1.507908 12
-0.135344 3.030112 -1.478007 12
-0.068654 3.007802 -1.500011 12
-0.002359 2.986078 -1.522301 12
0.012599 2.906209 -1.468723 12
0.074145 2.879334 -1.484292 12
0.137649 2.855584 -1.503527 12
0.190543 2.819453 -1.506848 12
0.217734 2.750439 -1.469269 12
0.268667 2.711133 -1.469069 12
0.319947 2.672279 -1.469491 12
0.330971 2.577086 -1.402059 12
0.377908 2.530309 -1.393844 11
0.098583 1.999583 -0.814010 10
0.498418 2.475909 -1.424001 11
0.528887 2.402890 -1.385714 11
0.574067 2.351534 -1.373144 11
0.620542 2.301489 -1.362435 11
0.651224 2.223494 -1.320612 6
0.665998 2.114717 -1.245415 6
0.704479 2.044751 -1.214653 6
0.746219 1.978829 -1.189059 2
0.751149 1.839206 -1.084254 2
0.625371 1.429241 -0.691350 10
0.675241 1.360098 -0.668425 10
0.655686 1.139228 -0.486246 10
0.740315 1.138173 -0.537169 10
0.791548 1.062735 -0.510452 10
0.870907 1.052129 -0.550948 10
0.948429 1.039143 -0.588561 10
1.012838 0.994288 -0.593686 10
1.100154 1.010450 -0.659884 10
1.189413 1.036429 -0.734897 10
1.263192 1.022611 -0.769867 10
1.462716 1.392394 -1.177107 9
1.525445 1.364445 -1.194539 9
1.590756 1.345482 -1.220531 9
1.670711 1.378586 -1.295607 9
1.734765 1.360151 -1.321359 9
1.807558 1.376398 -1.379194 9
1.881228 1.401103 -1.444121 9
1.925757 1.308020 -1.400721 9
1.980453 1.253226 -1.393058 9
1.997648 1.016687 -1.222888 9
2.057930 0.971997 -1.226597 9
2.104423 0.850701 -1.163120 9
2.143449 0.673042 -1.051921 9
2.048834 -0.359406 -0.203109 9
2.130098 -0.370382 -0.246130 9
2.206677 -0.411707 -0.263086 9
2.292529 -0.380335 -0.341538 9
2.371876 -0.393295 -0.382086 9
2.441782 -0.495029 -0.348923 9
2.500137 -0.743142 -0.196726 9
-1.223201 3.074996 -0.753295 12
-1.121290 3.063037 -0.804776 12
-1.005342 3.064904 -0.875892 12
-0.616758 3.302793 -1.301019 2
-0.519735 3.300167 -1.357259 2
-0.446918 3.278000 -1.383268 2
-0.378236 3.253192 -1.404716 2
-0.346794 3.193939 -1.376099 2
-0.342260 3.107477 -1.309458 2
-0.287292 3.069321 -1.312080 12
-0.172154 3.093561 -1.401146 12
-0.106547 3.068940 -1.421158 12
-0.018713 3.069485 -1.474829 12
0.043932 3.044124 -1.492560 12
0.093086 3.004068 -1.490408 12
0.140141 2.961524 -1.485048 12
0.174872 2.903827 -1.460149 12
0.239403 2.882369 -1.482354 12
0.270962 2.819516 -1.451516 12
0.325937 2.786263 -1.458601 12
0.324073 2.675970 -1.369687 12
0.345519 2.594146 -1.317731 12
0.387781 2.539804 -1.300424 12
0.470716 2.544910 -1.355337 12
0.522772 2.505434 -1.355955 11
0.556385 2.436824 -1.322175 11
0.646339 2.457746 -1.394115 6
0.666460 2.365455 -1.333362 11
0.696122 2.286138 -1.288825 6
0.731436 2.214183 -1.253661 6
0.766184 2.138919 -1.215583 11
0.804915 2.068696 -1.184013 11
0.603146 1.524620 -0.628876 10
0.658526 1.467528 -0.618122 10
0.907624 1.815555 -1.047716 11
0.765305 1.341116 -0.584675 10
0.759856 1.143082 -0.425020 10
0.833801 1.118513 -0.451743 10
0.871393 1.007216 -0.387464 10
0.977281 1.061893 -0.496734 10
1.026607 0.976414 -0.460265 10
1.107148 0.971875 -0.507158 10
1.208327 1.028448 -0.615169 10
1.294475 1.048756 -0.685267 10
1.498628 1.436828 -1.118936 9
1.576558 1.457588 -1.184342 9
1.635861 1.420692 -1.192738 9
1.692073 1.372416 -1.190299 9
1.767662 1.394180 -1.255192 9
1.837028 1.397216 -1.301496 9
1.746512 0.747600 -0.734067 9
1.963358 1.360872 -1.353110 9
1.995387 1.201667 -1.248536 9
2.048212 1.127705 -1.224136 9
2.095119 1.017066 -1.167252 9
2.128610 0.820436 -1.034430 9
2.021183 -0.242632 -0.132266 9
2.097459 -0.285023 -0.147855 9
2.184567 -0.253152 -0.228664 9
2.265628 -0.255476 -0.278869 9
2.341537 -0.295011 -0.296679 9
2.419074 -0.321098 -0.326145 9
2.483421 -0.483693 -0.240253 9
2.545121 -0.713991 -0.099698 9
-1.229351 3.090639 -0.638913 2
-1.126141 3.078517 -0.692451 12
-0.959594 3.121038 -0.829979 12
-0.637335 3.301230 -1.176654 2
-0.489617 3.341432 -1.300770 6
-0.444266 3.294377 -1.290139 2
-0.353264 3.289315 -1.342192 2
-0.335170 3.217219 -1.294277 2
-0.293708 3.166308 -1.278217 2
-0.284834 3.082322 -1.214949 2
-0.188137 3.086494 -1.278271 12
-0.086754 3.098254 -1.350749 12
-0.026832 3.067934 -1.363154 12
0.068275 3.077572 -1.430091 12
0.143833 3.067580 -1.468898 12
0.192354 3.027332 -1.466244 12
0.225230 2.968024 -1.438349 12
0.287415 2.944203 -1.457684 12
0.320582 2.883943 -1.429281 12
0.325156 2.784598 -1.351252 12
0.353691 2.714334 -1.311901 12
0.405633 2.675031 -1.312414 12
0.453506 2.629827 -1.305628 12
0.515956 2.605889 -1.325298 6
0.576942 2.580574 -1.342977 6
0.611545 2.514378 -1.310955 6
0.668997 2.483573 -1.322048 11
0.679064 2.373647 -1.239219 11
0.745183 2.356132 -1.266632 11
0.768451 2.263289 -1.206051 11
0.797142 2.176779 -1.154065 11
0.831181 2.097157 -1.111079 11
0.887360 2.058290 -1.115113 11
0.898821 1.928089 -1.017019 11
0.970959 1.919380 -1.055640 11
0.774533 1.325648 -0.451161 10
0.789214 1.169555 -0.334322 10
0.840843 1.091643 -0.304157 10
0.900050 1.029360 -0.291485 10
0.983996 1.028048 -0.343833 10
1.054652 0.994795 -0.361993 10
1.140118 1.002651 -0.422818 10
1.229986 1.027002 -0.499812 10
1.301777 1.002836 -0.526189 10
1.385644 1.017431 -0.591590 10
1.596467 1.450418 -1.075517 9
1.675699 1.478844 -1.149199 9
1.742668 1.469322 -1.184495 9
1.819016 1.497361 -1.256110 9
1.885337 1.491900 -1.294354 9
1.782287 0.779801 -0.654810 9
1.999084 1.405805 -1.298312 9
2.049922 1.331817 -1.271573 9
2.084598 1.171097 -1.164668 9
2.132965 1.065595 -1.111077 9
2.180797 0.945971 -1.045832 9
2.224393 0.786228 -0.945632 9
2.156711 -0.138324 -0.158421 9
2.235108 -0.159525 -0.192290 9
2.314107 -0.173703 -0.232254 9
2.395276 -0.164971 -0.292103 9
2.475394 -0.157196 -0.350557 9
2.525844 -0.469438 -0.132581 9
2.582268 -0.789305 0.087560 9
-1.343325 3.212377 -0.543155 6
-1.273702 3.171443 -0.552667 6
-1.186474 3.144904 -0.585416 2
-1.108386 3.112493 -0.607508 2
-0.984685 3.118734 -0.690873 12
-0.518920 3.417819 -1.235984 6
-0.451041 3.390080 -1.255658 6
-0.432409 3.319226 -1.208098 6
-0.362714 3.293840 -1.230964 2
-0.314749 3.248963 -1.223792 2
-0.248757 3.221537 -1.242677 2
-0.252143 3.125710 -1.160417 2
-0.198942 3.085020 -1.160172 12
-0.079636 3.114255 -1.260342 12
-0.034738 3.066802 -1.249249 12
0.046130 3.059169 -1.294289 12
0.139382 3.067675 -1.360704 12
0.217905 3.061610 -1.405630 12
0.299149 3.060793 -1.456697 12
0.329937 2.999157 -1.424970 12
0.370197 2.948355 -1.408342 12
0.372190 2.846193 -1.324571 12
0.394026 2.767294 -1.272863 12
0.445614 2.727739 -1.272931 12
0.523236 2.725753 -1.320921 12
0.572997 2.684496 -1.318474 12
0.603490 2.613455 -1.278977 6
0.679455 2.612268 -1.326675 6
0.701718 2.525727 -1.269099 11
0.721424 2.431712 -1.203714 11
0.772619 2.388737 -1.200937 11
0.782161 2.270620 -1.109098 11
0.823885 2.206767 -1.082989 11
0.904471 2.215585 -1.142170 11
0.935205 2.128719 -1.089984 11
0.982322 2.071918 -1.073302 11
0.791189 1.507551 -0.482593 10
0.834639 1.421251 -0.439193 10
0.856205 1.281549 -0.337492 10
0.890109 1.163509 -0.261737 10
0.930854 1.056261 -0.199380 10
1.014962 1.054610 -0.252488 10
1.079305 1.003470 -0.251907 10
1.181606 1.056601 -0.362191 10
1.273254 1.086821 -0.446668 10
1.333040 1.026839 -0.435949 10
1.510747 1.337091 -0.807820 9
1.627739 1.479276 -1.001400 9
1.711561 1.523612 -1.092610 9
1.781716 1.525901 -1.140233 9
1.855346 1.545049 -1.204079 9
1.915563 1.515401 -1.218929 9
1.981472 1.510122 -1.257646 9
2.031597 1.436193 -1.229433 9
2.060485 1.254230 -1.098230 9
2.111751 1.166897 -1.059783 9
2.159210 1.050412 -0.994833 9
2.205308 0.912771 -0.911585 9
2.259242 0.807772 -0.860438 9
2.220360 0.045834 -0.206687 9
2.292609 -0.009911 -0.208277 9
2.369267 -0.033652 -0.239196 9
2.452019 0.000957 -0.322274 9
2.507903 -0.228713 -0.169861 9
2.556189 -0.605169 0.108493 9
2.624536 -0.816072 0.237113 9
-1.319130 3.344594 -0.543226 2
-1.236111 3.313817 -0.570546 6
-1.136032 3.297146 -0.621019 2
-1.036013 3.282450 -0.673174 2
-1.072413 3.161166 -0.545774 2
-0.981572 3.140094 -0.586585 12
-0.833939 3.168564 -0.706610 12
-0.431991 3.421770 -1.183720 6
-0.396955 3.365263 -1.158136 6
-0.361749 3.308226 -1.132234 6
-0.262259 3.310996 -1.199177 2
-0.222651 3.258439 -1.180012 2
-0.197756 3.190704 -1.138358 2
-0.195921 3.097961 -1.060400 12
-0.078151 3.124462 -1.159580 12
-0.061188 3.045781 -1.103507 12
0.014443 3.030365 -1.139580 12
0.114025 3.043942 -1.215983 12
0.224745 3.073845 -1.313579 12
0.317343 3.085865 -1.384157 12
0.361254 3.040106 -1.373815 12
0.357777 2.933018 -1.280376 12
0.405395 2.889491 -1.274403 12
0.446261 2.836485 -1.255980 6
0.537831 2.853811 -1.330529 12
0.595578 2.825593 -1.344268 6
0.649039 2.791557 -1.350284 6
0.679337 2.722099 -1.311063 6
0.712769 2.655558 -1.276399 6
0.737107 2.572241 -1.221551 12
0.759255 2.482223 -1.159603 11
0.792642 2.408331 -1.118741 11
0.820794 2.322554 -1.064381 11
0.872581 2.277509 -1.060128 11
0.917822 2.219300 -1.040433 11
0.977735 2.188837 -1.053942 11
1.026607 2.136008 -1.041248 11
0.824021 1.544244 -0.406187 10
0.860887 1.442430 -0.344114 10
0.894942 1.329482 -0.270782 10
0.916395 1.180804 -0.158896 10
0.962852 1.085650 -0.108877 10
1.039011 1.062795 -0.139730 10
1.106554 1.018200 -0.146514 10
1.190027 1.017855 -0.201324 10
1.268804 1.007160 -0.244300 10
1.335138 0.960893 -0.248964 10
1.570457 1.454949 -0.822838 9
1.621483 1.381638 -0.794543 9
1.741495 1.547452 -1.014334 9
1.799272 1.503191 -1.015152 9
1.870018 1.508211 -1.066292 9
1.931537 1.479202 -1.082550 9
1.974181 1.367849 -1.016653 9
2.073552 1.509706 -1.202627 9
2.106974 1.347902 -1.087987 9
2.136721 1.148306 -0.938968 9
2.207799 1.158105 -0.994539 9
2.238470 0.926996 -0.819546 9
2.284890 0.766334 -0.714631 9
2.343585 0.670580 -0.672800 9
2.371678 0.319171 -0.394475 9
2.425864 0.127571 -0.268677 9
2.491928 0.014221 -0.216983 9
2.551301 -0.195901 -0.079059 9
2.601059 -0.584541 0.216136 9
-1.362619 3.428465 -0.458372 6
-1.269453 3.403452 -0.498334 6
-1.172741 3.382675 -0.544369 6
-1.102525 3.343929 -0.557133 6
-1.027013 3.310019 -0.577656 2
-0.946728 3.280894 -0.605544 2
-0.955880 3.180162 -0.511516 2
-0.853680 3.169833 -0.570409 12
-0.609457 3.284215 -0.832550 2
-0.467912 3.316954 -0.955214 2
-0.401704 3.285557 -0.971848 2
-0.298195 3.289956 -1.044530 2
-0.195294 3.296601 -1.118781 2
-0.250513 3.149244 -0.953566 12
-0.172961 3.131442 -0.989667 12
-0.072353 3.139373 -1.063561 12
-0.024750 3.093003 -1.054858 12
0.035433 3.060402 -1.066546 12
0.126806 3.064053 -1.130608 12
0.254285 3.112886 -1.258096 12
0.353690 3.132971 -1.341854 12
0.379612 3.064882 -1.299865 12
0.436909 3.035365 -1.312390 12
0.462783 2.964802 -1.268246 12
0.530120 2.948834 -1.299293 6
0.597796 2.934707 -1.332183 6
0.640218 2.885447 -1.317663 6
0.683777 2.837133 -1.304741 6
0.705007 2.753702 -1.246377 6
0.727494 2.669295 -1.188020 6
0.756890 2.593162 -1.141490 6
0.814701 2.562627 -1.153612 11
0.841157 2.477621 -1.097435 11
0.865123 2.384854 -1.032862 11
0.906893 2.321574 -1.005843 11
0.944712 2.248802 -0.967948 11
0.994113 2.196697 -0.955779 11
1.010195 2.074270 -0.860226 11
1.058484 2.014868 -0.841007 11
1.062212 1.854225 -0.704020 2
1.124713 1.820376 -0.716551 2
1.160288 1.721878 -0.654913 6
0.928005 0.947040 0.173555 10
0.958158 0.796328 0.284118 10
1.074694 0.871332 0.140762 10
1.212659 1.017289 -0.078582 10
1.291583 1.004890 -0.120864 10
1.359817 0.961766 -0.129323 10
1.419511 0.890408 -0.107563 10
1.685913 1.520441 -0.833308 9
1.749033 1.490265 -0.849613 9
1.836965 1.553985 -0.964078 9
1.902137 1.537640 -0.993794 9
1.970677 1.537184 -1.039574 9
2.016322 1.437991 -0.984324 9
2.076562 1.399344 -0.991427 9
2.109502 1.220879 -0.858910 9
2.174479 1.195379 -0.880642 9
2.235851 1.149404 -0.882206 9
2.270901 0.934106 -0.719232 9
2.325894 0.823428 -0.660435 9
2.372578 0.634716 -0.528402 9
2.424339 0.455183 -0.407775 9
2.486385 0.336635 -0.346979 9
2.522497 -0.075434 -0.014259 9
2.596238 -0.148315 -0.000995 9
2.651153 -0.497916 0.264818 9
-1.315281 3.395250 -0.329274 6
-1.158021 3.416163 -0.455015 6
-1.071111 3.389207 -0.490194 6
-1.005389 3.347530 -0.497829 2
-0.915902 3.325126 -0.538830 2
-0.915696 3.232087 -0.456089 2
-0.884957 3.162010 -0.414610 2
-0.737176 3.191169 -0.541276 12
-0.441448 3.355482 -0.889138 2
-0.383538 3.316246 -0.893659 2
-0.286413 3.314018 -0.957870 2
-0.297383 3.210392 -0.858118 2
-0.273758 3.137549 -0.809362 12
-0.119167 3.196377 -0.967125 12
-0.072825 3.147873 -0.955536 12
-0.001274 3.126243 -0.985066 12
0.242586 3.297065 -1.303410 2
0.289615 3.255616 -1.298587 2
0.325740 3.201233 -1.274819 2
0.339928 3.119382 -1.211647 2
0.422909 3.120786 -1.269500 6
0.497278 3.113581 -1.313821 6
0.535218 3.060047 -1.292067 6
0.594198 3.034267 -1.309371 6
0.635192 2.983925 -1.292551 2
0.701301 2.969201 -1.324566 6
0.709866 2.869778 -1.241956 6
0.734785 2.791598 -1.189413 6
0.759442 2.710333 -1.133952 12
0.794499 2.643287 -1.098245 12
0.846827 2.603622 -1.098692 12
0.883206 2.535738 -1.063152 11
0.963211 2.545014 -1.126039 12
0.947968 2.378342 -0.967392 11
0.984463 2.303167 -0.925463 11
1.018740 2.220743 -0.875578 11
1.049128 2.126829 -0.812822 11
1.096117 2.064625 -0.789614 11
1.152664 2.021979 -0.790334 11
1.170824 1.889074 -0.684569 6
1.229331 1.846554 -0.686752 2
1.293318 1.817390 -0.704562 6
1.327102 1.709152 -0.631426 6
1.339249 0.818858 0.151751 10
1.411212 0.777783 0.139038 10
1.702650 1.496912 -0.699592 9
1.769076 1.475017 -0.725578 9
1.844225 1.487862 -0.788419 9
1.908873 1.463164 -0.810708 9
1.975571 1.448114 -0.842983 9
2.061753 1.524259 -0.969656 9
2.114615 1.451871 -0.941507 9
2.155626 1.311603 -0.844919 9
2.199827 1.172741 -0.751770 9
2.254002 1.076906 -0.703698 9
2.326852 1.092398 -0.767365 9
2.347408 0.741295 -0.469412 9
2.423229 0.761432 -0.539254 9
2.465683 0.500648 -0.336583 9
2.524826 0.347142 -0.240693 9
2.583313 0.152322 -0.107645 9
2.648527 -0.007613 -0.010214 9
-1.184223 3.420602 -0.309185 6
-1.168743 3.339377 -0.246185 2
-1.042939 3.340270 -0.334901 2
-0.912896 3.347679 -0.432496 2
-0.884791 3.276529 -0.387456 2
-0.862512 3.199353 -0.332862 12
-0.677402 3.259526 -0.516874 12
-0.596428 3.234775 -0.550930 12
-0.454944 3.266125 -0.678252 12
-0.347246 3.270711 -0.757636 12
-0.303821 3.216764 -0.738902 12
-0.211488 3.210539 -0.797715 12
-0.144757 3.180651 -0.817124 12
-0.029847 3.201960 -0.916730 12
0.042111 3.180951 -0.947853 12
0.084158 3.128124 -0.929148 12
0.304083 3.277527 -1.218563 2
0.375180 3.263606 -1.255519 2
0.420275 3.219769 -1.247104 2
0.503617 3.223316 -1.308486 2
0.567078 3.203899 -1.335097 2
0.569288 3.104507 -1.246195 6
0.647711 3.105323 -1.301645 6
0.677139 3.039563 -1.262326 6
0.733325 3.010853 -1.275383 12
0.751818 2.926163 -1.211199 12
0.775260 2.846022 -1.154601 12
0.834696 2.820561 -1.172867 12
0.864577 2.747055 -1.126788 12
0.907160 2.692727 -1.107016 12
0.923988 2.591722 -1.026793 12
0.935569 2.476649 -0.930101 11
0.970786 2.400712 -0.885506 11
1.010103 2.329995 -0.848516 11
1.057170 2.272519 -0.828977 11
1.093168 2.190202 -0.779102 11
1.147789 2.145072 -0.776055 11
1.172061 2.030413 -0.688549 6
1.275828 2.097005 -0.821463 6
1.278017 1.922661 -0.664211 6
1.345518 1.903667 -0.693915 6
1.402416 1.857835 -0.691787 6
1.446628 1.775764 -0.647816 6
1.663387 1.532423 -0.577020 9
1.724669 1.489551 -0.580606 9
1.808274 1.528556 -0.674299 9
1.877403 1.518895 -0.713584 9
1.941663 1.491657 -0.733465 9
2.016962 1.513603 -0.805823 9
2.094025 1.550684 -0.893190 9
2.138563 1.433922 -0.817781 9
2.198899 1.389436 -0.819195 9
2.252792 1.305314 -0.780014 9
2.291844 1.119081 -0.637479 9
2.345508 1.004603 -0.570471 9
2.398696 0.870110 -0.484888 9
2.457316 0.758340 -0.423777 9
2.495222 0.435998 -0.156409 9
2.553193 0.246650 -0.024149 9
2.620175 0.118044 0.046513 9
2.689459 -0.012135 0.117018 9
-0.984908 3.312314 -0.216362 2
-0.885627 3.295659 -0.272043 2
-0.696280 3.355335 -0.463041 12
-0.653710 3.297076 -0.439462 12
-0.530689 3.308573 -0.538214 12
-0.480982 3.257713 -0.526577 12
-0.341700 3.289650 -0.655910 12
-0.261831 3.269643 -0.694473 12
-0.170133 3.262810 -0.753717 12
-0.127531 3.208622 -0.733836 12
0.004554 3.247071 -0.864002 12
0.040435 3.187274 -0.834069 12
0.100257 3.152925 -0.844887 12
0.300087 3.278489 -1.104399 2
0.436190 3.339501 -1.258348 6
0.506877 3.327607 -1.297758 6
0.558354 3.293417 -1.302698 2
0.617834 3.269738 -1.323115 2
0.650741 3.211726 -1.292608 6
0.715801 3.196327 -1.324681 6
0.697172 3.064337 -1.188529 2
0.765159 3.052223 -1.225717 12
0.765420 2.940018 -1.121421 12
0.815688 2.900418 -1.120355 12
0.856935 2.846190 -1.099224 12
0.889740 2.776799 -1.057940 12
0.935150 2.726755 -1.043639 12
0.989627 2.691838 -1.049868 12
1.019229 2.611386 -0.995951 12
1.036763 2.504822 -0.909096 11
1.052794 2.390162 -0.813610 11
1.095925 2.325015 -0.783529 11
1.142327 2.264629 -0.760195 11
1.159299 2.137630 -0.653823 11
1.235475 2.138865 -0.709064 6
1.294331 2.101929 -0.716391 6
1.332631 2.013963 -0.661514 6
1.379833 1.944517 -0.630212 6
1.415288 1.840437 -0.558248 6
1.673711 1.486395 -0.410910 9
1.768521 1.558442 -0.545261 9
1.826521 1.502961 -0.534499 9
1.907041 1.534997 -0.621352 9
1.974079 1.517628 -0.652527 9
2.044508 1.517379 -0.702066 9
2.101018 1.454241 -0.683029 9
2.177351 1.488678 -0.769094 9
2.245736 1.488766 -0.817450 9
2.280157 1.290174 -0.656268 9
2.338770 1.219637 -0.631734 9
2.370811 0.952398 -0.404722 9
2.432772 0.871103 -0.372463 9
2.485425 0.697163 -0.247089 9
2.545384 0.558784 -0.160059 9
2.605771 0.394585 -0.049190 9
2.645285 -0.084011 0.370089 9
-1.348646 3.155460 0.336574 6
-1.236109 3.139812 0.268669 2
-1.171363 3.088667 0.269521 2
-0.982789 3.139244 0.083118 12
-0.542844 3.408329 -0.494825 12
-0.468052 3.379434 -0.522333 12
-0.429465 3.319281 -0.493614 12
-0.293807 3.347901 -0.620243 12
-0.228085 3.314656 -0.636886 12
-0.142740 3.301385 -0.686833 12
-0.072612 3.274719 -0.712888 12
0.018358 3.270797 -0.775772 12
0.110538 3.270612 -0.843065 12
0.271984 3.349438 -1.036075 2
0.420674 3.421187 -1.213004 6
0.463471 3.375796 -1.201135 6
0.541689 3.372778 -1.255415 6
0.606268 3.354992 -1.285662 6
0.642512 3.302077 -1.261772 6
0.740719 3.330266 -1.360263 2
0.732284 3.216842 -1.246130 6
0.756270 3.144192 -1.194435 6
0.800458 3.098637 -1.183244 12
0.854953 3.068009 -1.193754 12
0.885161 3.000016 -1.150951 12
0.930933 2.954886 -1.141239 12
0.909451 2.797386 -0.975455 12
0.980075 2.789814 -1.019573 12
1.013784 2.718597 -0.976136 12
1.015117 2.585204 -0.849843 12
1.097012 2.598596 -0.922065 12
1.115373 2.489860 -0.831603 11
1.139111 2.386674 -0.750312 11
1.187648 2.331235 -0.732554 11
1.227902 2.255916 -0.689783 6
1.282121 2.209639 -0.684834 6
1.323683 2.132111 -0.640842 6
1.372997 2.070436 -0.617575 6
1.430279 2.027285 -0.617739 6
1.421911 1.804457 -0.398716 2
1.841134 1.460342 -0.371775 9
1.906533 1.426422 -0.386347 9
1.974974 1.405606 -0.415614 9
2.040243 1.371661 -0.430006 9
2.111314 1.366157 -0.475755 9
2.206437 1.492192 -0.664635 9
2.256017 1.382015 -0.594710 9
2.300682 1.227811 -0.479084 9
2.359358 1.145857 -0.442635 9
2.404399 0.952315 -0.289551 9
2.468110 0.877120 -0.263114 9
2.525210 0.730223 -0.163255 9
2.566569 0.387637 0.135282 9
2.632361 0.243538 0.226322 9
2.696634 0.037566 0.377738 9
-1.327801 3.295407 0.336431 2
-1.199946 3.290430 0.244805 2
-1.135166 3.240305 0.244387 2
-1.131181 3.142491 0.335910 2
-0.788622 3.317736 -0.091515 12
-0.699185 3.294698 -0.136553 12
-0.418026 3.439173 -0.487905 12
-0.332452 3.421279 -0.534928 12
-0.272305 3.381838 -0.541927 12
-0.161768 3.390515 -0.633369 12
-0.085436 3.369194 -0.670004 12
-0.017067 3.341328 -0.694275 12
-0.667097 2.570506 0.541197 12
0.133204 3.303131 -0.769861 12
0.310827 3.399083 -0.996102 2
0.355710 3.353038 -0.984965 2
0.516537 3.442276 -1.192032 6
0.558825 3.396619 -1.179256 6
0.611971 3.364014 -1.187255 6
0.672320 3.341007 -1.209937 6
0.721409 3.304023 -1.210571 2
0.760376 3.253208 -1.190149 2
0.747044 3.127619 -1.057864 12
0.839823 3.150988 -1.149751 6
0.859736 3.068557 -1.084216 12
0.625514 2.586999 -0.440354 12
0.953721 2.981420 -1.069123 12
0.993487 2.925050 -1.043659 12
1.009248 2.825824 -0.958504 12
1.069078 2.800838 -0.978495 12
1.083418 2.692414 -0.883227 12
1.110682 2.603440 -0.816499 12
1.177084 2.588452 -0.851013 12
1.204625 2.494692 -0.779734 11
1.242408 2.418390 -0.733058 11
1.287224 2.354550 -0.703726 6
1.332282 2.288960 -0.672821 6
1.373139 2.210655 -0.626335 6
1.431319 2.172428 -0.631803 6
1.457550 2.049614 -0.530890 6
1.936397 1.437622 -0.282433 9
2.016238 1.465203 -0.367823 9
2.075201 1.401827 -0.348704 9
2.144633 1.387216 -0.385019 9
2.216483 1.388436 -0.438584 9
2.296499 1.443285 -0.550678 9
2.341158 1.285222 -0.428052 9
2.405535 1.241831 -0.432267 9
2.450916 1.047645 -0.274624 9
2.498726 0.836835 -0.102380 9
2.561206 0.723290 -0.036215 9
2.611748 0.452045 0.193473 9
2.674783 0.263411 0.333056 9
-1.420758 3.354480 0.501795 6
-1.283928 3.352239 0.398073 6
-1.185000 3.325542 0.347837 2
-1.067845 3.314604 0.268032 2
-1.016749 3.254633 0.287711 2
-0.734613 3.381299 -0.055217 12
-0.494899 3.483808 -0.341482 12
-0.432067 3.443712 -0.350313 12
-0.334722 3.434739 -0.416470 12
-0.229364 3.435510 -0.498387 12
-0.131538 3.432149 -0.570361 12
-0.049152 3.416440 -0.618171 12
0.033911 3.403240 -0.668934 12
0.082265 3.356145 -0.659368 12
0.139926 3.318752 -0.666522 12
0.201127 3.285624 -0.680573 12
0.304425 3.300788 -0.774807 12
0.394138 3.303729 -0.846438 2
0.611564 3.463410 -1.171612 6
0.649006 3.412046 -1.149143 6
0.698015 3.374659 -1.149376 6
0.758731 3.352806 -1.173970 6
0.778202 3.275514 -1.111819 2
0.708929 3.070065 -0.854238 12
0.827067 3.127207 -1.001194 12
0.911614 3.140069 -1.078363 12
0.961637 3.102414 -1.078817 12
1.007415 3.057798 -1.069046 12
1.033736 2.980020 -1.011334 12
1.027153 2.842233 -0.868658 12
1.076383 2.797253 -0.860996 12
1.100505 2.704905 -0.786906 12
1.160506 2.677620 -0.804992 12
1.177399 2.564602 -0.704654 11
1.219705 2.498494 -0.670412 12
1.278073 2.464770 -0.680665 6
1.342071 2.443911 -0.707995 6
1.371302 2.342666 -0.628545 6
1.400756 2.236313 -0.544091 6
1.440168 2.149153 -0.486312 6
2.003482 1.278797 -0.032921 9
2.092191 1.343021 -0.163337 9
2.158554 1.304613 -0.173919 9
2.250457 1.409767 -0.347745 9
2.314828 1.369126 -0.354488 9
2.372194 1.279611 -0.306828 9
2.428709 1.171898 -0.240173 9
2.490285 1.088492 -0.201651 9
2.540191 0.884844 -0.033467 9
2.590337 0.635992 0.180097 9
2.653263 0.472781 0.298129 9
-1.314796 3.454492 0.473562 6
-1.236004 3.411968 0.453711 6
-1.188517 3.347469 0.480885 6
-1.092727 3.318987 0.433577 6
-0.966787 3.315786 0.336984 2
-0.941638 3.234863 0.398640 2
-0.347839 3.623853 -0.463682 13
-0.267723 3.601324 -0.504290 13
-0.265022 3.512055 -0.416238 13
-0.190647 3.485304 -0.447911 12
-0.082756 3.491252 -0.539038 12
-0.020500 3.456314 -0.552735 12
0.055853 3.436082 -0.592368 12
0.137033 3.422353 -0.642325 12
0.189508 3.380053 -0.640668 12
-0.427797 2.604144 0.631817 12
0.293146 3.294126 -0.634782 12
0.403428 3.319321 -0.746855 12
0.430827 3.249071 -0.696874 12
0.467973 3.189040 -0.664855 12
0.627279 3.284554 -0.886659 2
0.724223 3.306372 -0.984607 2
0.754921 3.241488 -0.942422 2
0.750826 3.125545 -0.820977 12
0.823039 3.115985 -0.867459 12
0.867238 3.065998 -0.850808 12
0.933841 3.050246 -0.886480 12
0.776481 2.672954 -0.378698 12
1.066312 3.022174 -0.960576 12
1.129923 3.006024 -0.993336 12
1.126104 2.869700 -0.850850 12
1.161963 2.800047 -0.807249 12
1.193992 2.720375 -0.750364 12
1.237613 2.660675 -0.722826 12
1.279404 2.595238 -0.687935 6
1.330341 2.547341 -0.678008 6
1.388195 2.514126 -0.688402 6
1.422800 2.426002 -0.624514 6
1.430661 2.267134 -0.467404 6
2.115264 1.308171 -0.000964 9
2.153523 1.110736 0.173719 9
2.269057 1.338720 -0.148301 9
2.341626 1.339090 -0.203236 9
2.407186 1.296465 -0.208493 9
2.466495 1.202859 -0.156406 9
2.522494 1.065778 -0.056918 9
2.579444 0.909961 0.061261 9
2.634923 0.700304 0.236168 9
-1.146797 3.402836 0.546309 6
-1.098464 3.338513 0.573084 6
-0.964979 3.339614 0.463437 2
-0.463395 3.638419 -0.251585 13
-0.235777 3.733972 -0.534756 3
-0.234396 3.646314 -0.445473 13
-0.114771 3.659768 -0.556259 13
-0.068499 3.610628 -0.542940 13
-0.058571 3.527297 -0.464811 13
0.004078 3.492337 -0.479238 13
0.092159 3.483321 -0.540973 12
0.164666 3.460608 -0.575881 12
0.217075 3.417974 -0.573864 12
0.274897 3.381302 -0.582314 12
0.317734 3.328134 -0.561509 12
0.384397 3.302025 -0.587881 12
0.438277 3.261606 -0.589039 12
0.513449 3.247726 -0.634801 12
0.580495 3.225241 -0.665023 12
0.736638 3.322113 -0.890791 2
0.691276 3.152035 -0.677171 12
0.763691 3.139900 -0.722246 12
0.827046 3.116356 -0.748114 12
0.902170 3.111719 -0.803027 12
0.973813 3.103976 -0.851852 12
1.032941 3.078002 -0.871596 12
0.846403 2.638871 -0.264016 12
1.107834 2.952681 -0.799681 12
1.156266 2.906945 -0.790035 12
1.174402 2.803492 -0.695871 12
1.222456 2.753254 -0.681058 6
1.285736 2.732816 -0.709440 6
1.329801 2.673023 -0.681303 6
1.375190 2.614123 -0.655068 6
1.413412 2.536785 -0.603755 6
1.432105 2.409081 -0.484099 6
1.410045 2.171373 -0.216750 11
1.406563 1.963716 0.004535 11
2.498068 1.180543 -0.010155 9
-0.584076 3.745751 -0.124542 13
-0.497163 3.722044 -0.172115 13
-0.240563 3.834684 -0.504333 3
-0.166902 3.807971 -0.537516 3
-0.114391 3.764644 -0.535518 3
-0.078609 3.706873 -0.504302 13
-0.049902 3.641935 -0.459558 13
0.010503 3.605202 -0.470797 13
0.043426 3.542647 -0.431883 13
0.116933 3.519151 -0.467786 13
0.186051 3.492544 -0.496677 12
0.279807 3.493086 -0.574595 12
0.326651 3.445358 -0.562528 12
0.365078 3.387819 -0.533021 12
0.417955 3.346085 -0.532107 12
0.512419 3.354336 -0.618439 12
0.557031 3.304046 -0.601456 12
0.585305 3.232165 -0.547992 12
0.670405 3.233535 -0.619051 12
0.699243 3.160610 -0.564755 12
0.732305 3.091394 -0.517779 12
0.818455 3.098075 -0.595099 12
0.883089 3.075330 -0.623344 12
0.966378 3.083109 -0.699335 12
0.775515 2.646988 -0.077281 12
0.846915 2.625137 -0.111698 12
1.167283 3.041526 -0.817511 12
1.182772 2.937429 -0.718290 6
1.230521 2.889054 -0.704849 6
1.273525 2.830372 -0.676423 6
1.324310 2.785748 -0.669282 6
1.360720 2.709777 -0.616787 6
1.398289 2.632954 -0.564215 6
1.453502 2.593356 -0.565768 6
1.403581 2.299480 -0.209213 11
1.404276 2.109911 -0.005406 11
1.454806 2.037738 0.032175 11
-0.590840 3.851468 -0.088513 13
-0.517193 3.817069 -0.114716 13
-0.269680 3.916356 -0.433006 3
-0.217211 3.871785 -0.429959 1
-0.147308 3.841555 -0.457112 3
-0.088721 3.802884 -0.465422 3
-0.022671 3.771167 -0.487480 3
0.009602 3.710088 -0.449016 3
0.086008 3.688798 -0.490925 13
0.138051 3.645776 -0.488556 13
0.190918 3.603650 -0.487752 13
0.214350 3.531644 -0.429552 13
0.256593 3.477573 -0.406603 13
0.342443 3.470235 -0.471102 12
0.394702 3.427556 -0.468767 12
0.466103 3.407097 -0.506616 12
0.492433 3.334025 -0.449184 12
0.576480 3.330423 -0.515813 12
0.596873 3.247775 -0.442752 12
0.649496 3.205017 -0.440117 12
0.695321 3.152809 -0.421371 12
0.760257 3.126944 -0.447279 12
0.834477 3.115767 -0.496895 12
0.920954 3.125321 -0.579313 2
1.006933 3.137625 -0.664227 12
1.098698 3.163120 -0.768312 12
1.131708 3.093549 -0.719270 12
1.201650 3.086537 -0.769395 12
1.220558 2.988379 -0.677090 6
1.286065 2.973940 -0.715189 6
1.326731 2.912072 -0.680539 6
1.364555 2.842175 -0.634609 6
1.379477 2.720244 -0.512447 6
1.454081 2.724377 -0.578072 6
1.364914 2.349624 -0.091659 11
1.376867 2.190993 0.073743 11
1.448274 2.172888 0.035603 11
-0.570377 3.975536 -0.096585 13
-0.506080 3.934621 -0.108416 13
-0.496771 3.854069 -0.028397 13
-0.283275 3.926023 -0.294681 3
-0.177600 3.921791 -0.382676 4
-0.093703 3.902845 -0.435308 3
-0.037347 3.862732 -0.440443 3
0.021765 3.825372 -0.450898 3
0.043654 3.755365 -0.392753 3
0.128643 3.741804 -0.451799 13
0.165003 3.684062 -0.419570 13
0.263379 3.686381 -0.507586 13
0.304356 3.633491 -0.484505 13
0.317834 3.551087 -0.404741 13
0.360739 3.497954 -0.382824 12
0.414096 3.455865 -0.382098 12
0.503237 3.455308 -0.458341 12
0.541161 3.396229 -0.425156 12
0.580104 3.337219 -0.392810 12
0.634080 3.296279 -0.393422 12
0.687961 3.255243 -0.393728 12
0.741405 3.213607 -0.392870 12
0.886332 3.302018 -0.615639 2
0.957459 3.290937 -0.663866 2
1.020923 3.270143 -0.694560 2
1.114424 3.298146 -0.805447 2
1.156238 3.246130 -0.782471 2
1.213304 3.218902 -0.800173 2
1.246935 3.150849 -0.752014 2
1.288151 3.094188 -0.722975 6
1.334529 3.045701 -0.707384 6
1.345965 2.926552 -0.582609 6
1.374158 2.835148 -0.503098 6
1.446576 2.834604 -0.563128 6
1.388100 2.541738 -0.183257 11
1.408932 2.412766 -0.054779 11
1.426776 2.267964 0.094222 11
1.398449 1.993789 0.428200 11
-0.666448 4.188265 -0.099905 13
-0.620035 4.135296 -0.083066 13
-0.521570 4.116345 -0.151096 13
-0.506967 4.042672 -0.082120 13
-0.493359 3.966661 -0.009494 13
-0.464382 3.900035 0.038911 13
-0.395100 3.862565 0.018490 3
-0.241044 3.891787 -0.152867 3
-0.114914 3.903929 -0.279807 3
-0.017547 3.896259 -0.358517 3
0.037568 3.854971 -0.361370 3
0.094912 3.815951 -0.368642 3
0.162803 3.787013 -0.396590 13
0.305277 3.829779 -0.572022 13
0.313938 3.747407 -0.486447 13
0.382234 3.722698 -0.519150 13
0.395696 3.641849 -0.439311 13
0.433736 3.584966 -0.408368 13
0.441205 3.492902 -0.310209 13
0.490047 3.445299 -0.299120 12
0.550602 3.411379 -0.313832 12
0.589286 3.350963 -0.278903 12
0.635881 3.299395 -0.260908 12
0.679789 3.243572 -0.235550 12
0.752873 3.226839 -0.280385 12
0.909061 3.330234 -0.535470 2
0.967786 3.300278 -0.552328 2
1.064745 3.329479 -0.670319 2
1.133542 3.319000 -0.718071 2
1.175717 3.266657 -0.694418 2
1.259660 3.284568 -0.787741 2
1.283978 3.200652 -0.712005 2
1.323245 3.140497 -0.676458 6
1.371938 3.096460 -0.667514 6
1.401309 3.012949 -0.596225 6
1.446670 2.958726 -0.572394 6
1.402525 2.707667 -0.244023 12
1.358021 2.436566 0.107996 11
1.393850 2.335346 0.194805 11
1.373774 2.088857 0.497777 11
-1.978527 5.978990 -0.682676 5
-0.607896 4.250584 -0.076713 13
-0.530273 4.217646 -0.111537 13
-0.509004 4.149383 -0.053637 13
-0.523120 4.056056 0.065825 13
-0.443885 4.024664 0.028213 13
-0.468986 3.919508 0.171679 13
-0.425956 3.861294 0.198568 13
-0.243133 3.910293 -0.026384 3
-0.113622 3.923650 -0.161094 7
-0.066753 3.873130 -0.146108 3
0.062247 3.892389 -0.286834 3
0.127569 3.860030 -0.309429 3
0.298849 3.925149 -0.541565 13
0.341539 3.876561 -0.524386 13
0.377191 3.820714 -0.492228 13
0.404468 3.755512 -0.441440 13
0.453070 3.710987 -0.433935 13
0.465847 3.627673 -0.348621 13
0.492929 3.557476 -0.291414 13
0.509028 3.472660 -0.207068 12
0.550654 3.415396 -0.177810 12
0.642263 3.418964 -0.264596 12
0.668129 3.341556 -0.197275 12
0.754189 3.341488 -0.274511 12
0.796390 3.284098 -0.245026 12
0.894120 3.304675 -0.356649 2
1.002402 3.345389 -0.501221 2
1.080123 3.345225 -0.570299 6
1.155241 3.343802 -0.635437 2
1.216797 3.322714 -0.665208 6
1.270230 3.288868 -0.672586 6
1.325926 3.259236 -0.686804 2
1.354846 3.180278 -0.618941 6
1.399330 3.127836 -0.596018 6
1.422697 3.031297 -0.502179 6
1.344180 2.714849 -0.058229 12
1.373931 2.611642 0.038220 12
1.396536 2.486052 0.167634 11
1.364963 2.221922 0.508965 11
-1.665917 6.112572 -0.985940 5
-1.024943 6.118842 -1.621814 5
-0.919379 6.080775 -1.684262 5
-0.823527 6.043408 -1.737806 5
-0.767462 6.002380 -1.748223 5
-0.537461 4.398285 -0.164967 13
-0.513469 4.334150 -0.113639 13
-0.517906 4.251359 -0.013326 13
-0.497208 4.182350 0.047148 13
-0.442965 4.134338 0.051370 13
-0.432289 4.056490 0.132035 13
-0.398943 3.992869 0.174704 13
-0.214474 4.039949 -0.055441 7
-0.125105 4.021164 -0.118076 7
-0.058226 3.986645 -0.140786 7
0.015405 3.958553 -0.177267 7
0.227923 4.049404 -0.484696 13
0.282148 4.011036 -0.490446 13
0.342874 3.978920 -0.509539 13
0.398265 3.942563 -0.518451 13
0.390784 3.845617 -0.396494 13
0.441158 3.802975 -0.392940 13
0.490661 3.759439 -0.387352 13
0.488949 3.660735 -0.268216 13
0.502478 3.575025 -0.178582 13
0.523044 3.494387 -0.101369 13
0.552474 3.421649 -0.041645 12
0.636042 3.413735 -0.109384 12
0.689999 3.370426 -0.107220 12
0.736759 3.317485 -0.086707 12
0.787861 3.269711 -0.076223 12
0.843607 3.228113 -0.077258 12
1.001985 3.338571 -0.355113 2
1.077518 3.333142 -0.417480 6
1.185831 3.382659 -0.575853 6
1.253465 3.371497 -0.623796 6
1.324079 3.367507 -0.682960 6
1.355223 3.295189 -0.623550 6
1.420435 3.283537 -0.668249 6
1.435580 3.176245 -0.551711 6
1.360495 2.879175 -0.123573 12
1.393390 2.788291 -0.042573 12
1.396577 2.626632 0.151225 12
1.443700 2.555471 0.195867 11
-1.730175 6.208831 -0.885401 5
-1.444838 6.174094 -1.135533 5
-0.913725 6.167182 -1.663998 5
-0.792197 6.130966 -1.746862 5
-0.707168 6.092924 -1.790754 5
-0.651387 6.052660 -1.802553 5
-0.595456 6.013144 -1.815188 5
-0.385112 4.586456 -0.387573 13
-0.490212 4.452853 -0.126324 13
-0.466366 4.389016 -0.074216 13
-0.472141 4.305992 0.029905 13
-0.461965 4.230670 0.109427 13
-0.440660 4.160862 0.171679 13
-0.413587 4.093608 0.225440 13
-0.369259 4.037372 0.249393 13
-0.125852 4.126512 -0.094426 7
-0.033429 4.111123 -0.165851 7
0.011159 4.060465 -0.148273 7
0.078687 4.028171 -0.174853 7
0.303478 4.129207 -0.514162 13
0.349679 4.085017 -0.505413 13
0.380556 4.026923 -0.464899 13
0.409097 3.965563 -0.418010 13
0.474175 3.938189 -0.447290 13
0.530630 3.903265 -0.458954 13
0.513198 3.792313 -0.307194 13
0.533274 3.716666 -0.234124 13
0.551109 3.636156 -0.152806 13
0.568010 3.551844 -0.065772 13
0.585418 3.465136 0.023896 12
0.645275 3.427696 0.013133 12
0.684560 3.364330 0.053829 12
0.738412 3.318788 0.059062 12
0.794977 3.276768 0.057591 12
0.844287 3.224393 0.075881 12
0.867371 3.132280 0.167962 12
0.936471 3.107220 0.134382 12
1.212152 3.414604 -0.502823 6
1.282265 3.407164 -0.558788 6
1.348795 3.395884 -0.606499 6
1.392971 3.346266 -0.585774 6
1.436140 3.293548 -0.560101 6
1.446902 3.175695 -0.423416 6
1.372544 2.876123 0.017829 12
1.399330 2.769389 0.126317 12
1.396478 2.589904 0.352804 6
1.424514 2.469491 0.477600 11
-1.448581 6.217081 -1.041767 5
-1.117062 6.189170 -1.354796 5
-0.733370 6.173240 -1.735138 5
-0.612485 6.138721 -1.821909 5
-0.539866 6.100940 -1.854813 5
-0.511188 6.058691 -1.836986 5
-0.449995 6.021086 -1.857939 5
-0.512176 4.620199 -0.153887 13
-0.312900 4.653081 -0.395305 13
-0.265273 4.607189 -0.388087 13
-0.191331 4.576780 -0.425979 13
-0.119571 4.546332 -0.461432 13
-0.104410 4.481556 -0.398017 13
-0.211500 4.335758 -0.112907 7
-0.168273 4.284144 -0.093338 7
-0.095371 4.253052 -0.128383 7
-0.011354 4.231251 -0.185723 7
0.054565 4.197690 -0.210367 7
0.079241 4.132937 -0.155364 7
0.297499 4.223029 -0.483473 13
0.350998 4.185170 -0.489889 13
0.376043 4.123060 -0.437938 13
0.437066 4.091825 -0.459630 13
0.467499 4.033011 -0.416720 13
0.516686 3.991054 -0.413051 13
0.531455 3.914828 -0.332694 13
0.547249 3.837197 -0.251404 13
0.584516 3.779970 -0.216434 13
0.607050 3.705343 -0.145111 13
0.632138 3.631292 -0.076806 13
0.582319 3.465739 0.179362 12
0.564961 3.331173 0.365287 12
0.652672 3.324398 0.288877 12
0.722993 3.297377 0.254990 12
0.760804 3.226799 0.307605 12
0.781258 3.129264 0.411175 12
0.851496 3.101571 0.378849 12
0.986805 3.175751 0.155437 12
1.192214 3.372030 -0.289516 2
1.308084 3.437729 -0.483224 6
1.320950 3.332461 -0.361606 2
1.420623 3.379023 -0.515236 6
1.327957 3.068424 -0.031976 12
1.411027 3.081118 -0.126391 12
1.349584 2.799849 0.290450 12
1.386578 2.708800 0.372182 6
-1.693391 6.189711 -0.608325 5
-1.456447 6.151108 -0.817393 5
-0.580495 6.177526 -1.781866 5
-0.468666 6.143515 -1.862313 5
-0.416952 6.104513 -1.872794 5
-0.373534 6.065082 -1.873781 5
-0.367337 6.020736 -1.829299 5
-0.356687 5.976573 -1.789607 5
-0.424171 4.766602 -0.272093 13
-0.279232 4.769197 -0.426353 13
-0.233056 4.723296 -0.417927 13
-0.168739 4.687556 -0.440683 13
-0.093589 4.658934 -0.483277 13
-0.049776 4.612964 -0.471701 13
-0.031200 4.551321 -0.414353 13
-0.158313 4.394632 -0.088035 7
-0.069120 4.374158 -0.154446 7
0.020188 4.355811 -0.223418 7
0.001614 4.262047 -0.086865 7
0.120373 4.267125 -0.215019 7
0.340912 4.354641 -0.550843 13
0.337206 4.272309 -0.443272 13
0.384181 4.229145 -0.436649 13
0.431629 4.186385 -0.430816 13
0.488614 4.152128 -0.445249 13
0.491139 4.068169 -0.341156 13
0.518236 4.004683 -0.287766 13
0.562267 3.956469 -0.270727 13
0.555822 3.855931 -0.135840 13
0.602196 3.807427 -0.120372 13
0.598555 3.703230 0.016802 13
0.599930 3.600222 0.147646 13
0.408536 3.263584 0.771370 2
0.568208 3.337985 0.516670 12
0.579778 3.232028 0.641830 12
0.625901 3.167371 0.679668 12
0.716199 3.162240 0.597116 12
0.928876 3.335806 0.162768 2
0.933975 3.217135 0.311687 2
1.021057 3.219411 0.223391 2
1.081703 3.182627 0.211959 2
1.134628 3.133216 0.224720 2
1.221368 3.142285 0.128587 12
1.308708 3.156672 0.025155 12
1.369316 3.124789 0.008249 12
1.436635 3.106833 -0.033130 12
1.376178 2.824597 0.394634 6
1.315311 2.518504 0.854287 11
-1.856445 6.167066 -0.249511 5
-1.375513 6.146726 -0.753647 5
-0.443207 6.180996 -1.816003 5
-0.355357 6.145656 -1.871172 5
-0.300819 6.107840 -1.886760 5
-0.267575 6.067907 -1.876365 5
-0.222381 6.029937 -1.881191 5
-0.223790 5.984977 -1.826590 5
-1.064850 5.792892 -0.679192 5
-0.311771 4.919074 -0.431476 13
-0.246436 4.882635 -0.455976 13
-0.195445 4.839890 -0.456974 13
-0.151275 4.793916 -0.446394 13
-0.068400 4.769126 -0.503658 13
-0.032434 4.719436 -0.479191 13
0.046144 4.694564 -0.531337 13
0.108045 4.661079 -0.554594 13
0.136905 4.607430 -0.516901 13
0.013032 4.452121 -0.187449 7
0.211353 4.509396 -0.470414 13
0.280818 4.482765 -0.509577 13
0.327635 4.440704 -0.504841 13
0.375335 4.399408 -0.501805 13
0.428093 4.362254 -0.509207 13
0.431119 4.284535 -0.411861 13
0.484485 4.247200 -0.419235 13
0.506922 4.182859 -0.359078 13
0.536716 4.123645 -0.313028 13
0.575079 4.071345 -0.284666 13
0.560227 3.965744 -0.131356 13
0.589997 3.901145 -0.077582 13
0.631268 3.847150 -0.049339 13
0.657487 3.775735 0.017490 13
0.384634 3.360100 0.844180 2
0.451792 3.319843 0.828516 2
0.508639 3.267479 0.839618 2
0.539876 3.181972 0.920875 2
0.604620 3.138038 0.913321 2
0.846608 3.339266 0.401401 2
0.929661 3.331882 0.327341 2
1.039892 3.367981 0.168316 2
1.090333 3.317471 0.184952 2
1.153422 3.286637 0.162910 2
1.210540 3.246531 0.159457 2
1.252788 3.180230 0.206078 2
1.312388 3.143463 0.196164 2
1.356119 3.076467 0.242723 12
1.401881 3.010986 0.285485 12
-2.040591 6.205293 0.077834 5
-1.875392 6.154341 -0.048666 5
-1.286459 6.143350 -0.700148 5
-0.324164 6.183279 -1.832806 5
-0.250588 6.147359 -1.873042 5
-0.200344 6.109771 -1.884805 5
-0.152981 6.072437 -1.893442 5
-0.125476 6.032679 -1.876625 5
-0.113448 5.990418 -1.839192 5
-1.000352 5.787441 -0.596176 5
-0.969809 5.735415 -0.567325 5
-0.357268 4.996100 -0.329662 13
-0.226914 4.987874 -0.463207 13
-0.166442 4.949907 -0.481354 13
-0.095029 4.918121 -0.519250 13
-0.068406 4.864437 -0.479473 13
-0.025578 4.818812 -0.467659 13
0.030472 4.780597 -0.479691 13
0.063525 4.729589 -0.449733 13
0.121459 4.693168 -0.465689 13
0.167713 4.650078 -0.459985 13
0.202087 4.599343 -0.431127 13
0.280111 4.577729 -0.487601 13
0.317479 4.529199 -0.464421 13
0.370800 4.491948 -0.473118 13
0.392787 4.431362 -0.416968 13
0.440042 4.389345 -0.412366 13
0.476363 4.338457 -0.384018 13
0.516565 4.290241 -0.363152 13
0.527025 4.215415 -0.274806 13
0.541188 4.141529 -0.191435 13
0.609727 4.116817 -0.231470 13
0.587773 4.004495 -0.057776 13
0.623715 3.945953 -0.017380 13
0.319803 3.292981 1.182504 2
0.477567 3.355398 0.932539 2
0.558464 3.331901 0.879643 2
0.578937 3.233008 0.992355 2
0.635860 3.178496 1.007118 2
0.708185 3.144718 0.977969 2
0.982461 3.402605 0.342613 2
1.019308 3.329781 0.403952 6
1.105345 3.331125 0.313559 2
1.184086 3.324252 0.242161 6
1.245727 3.291300 0.224264 2
1.314371 3.271360 0.181622 2
1.352623 3.196977 0.244956 2
1.375685 3.090003 0.368786 2
1.411591 3.002664 0.452847 6
-2.102781 6.254627 0.266132 5
-1.824549 6.208389 -0.001556 5
-1.805396 6.148291 0.048420 5
-1.792441 6.087255 0.107003 5
-0.248065 6.181727 -1.798752 5
-0.166457 6.147177 -1.851385 5
-0.103293 6.111739 -1.881359 5
-0.088377 6.070493 -1.848135 5
-0.041553 6.033897 -1.857372 5
-0.021204 5.993411 -1.830982 5
-0.855299 5.796862 -0.623235 5
-0.803329 5.750109 -0.625207 5
-0.783959 5.696977 -0.581335 5
-0.743715 5.648102 -0.566620 5
-0.724307 5.594349 -0.521515 5
-0.309933 5.047951 -0.296495 5
-0.191158 5.033996 -0.413284 13
-0.087452 5.016052 -0.507495 13
-0.045937 4.970356 -0.494576 13
-0.010095 4.921792 -0.471217 13
0.052489 4.887127 -0.496153 13
0.082169 4.835227 -0.460939 13
0.132907 4.794838 -0.464449 13
0.168077 4.745521 -0.438344 13
0.204999 4.696910 -0.414898 13
0.245431 4.650231 -0.397717 13
0.317585 4.624648 -0.444003 13
0.345532 4.569688 -0.401274 13
0.408926 4.539504 -0.431115 13
0.432473 4.480360 -0.377358 13
0.466538 4.428177 -0.344427 13
0.490309 4.366930 -0.287570 13
0.529713 4.317437 -0.263686 13
0.547990 4.248962 -0.190432 13
0.603835 4.212622 -0.202055 13
0.649153 4.166857 -0.188994 13
0.642582 4.070058 -0.048986 13
0.410085 3.403069 1.123285 6
0.496622 3.383087 1.057735 6
0.564891 3.342940 1.040123 6
0.631182 3.300913 1.027557 2
0.678589 3.234224 1.069837 2
0.658591 3.072636 1.316676 12
1.001720 3.425026 0.459630 2
1.082199 3.416459 0.386426 6
1.147307 3.386684 0.359474 6
1.222020 3.373585 0.299273 6
1.304033 3.375344 0.210797 6
1.328031 3.277584 0.323433 2
1.381772 3.229820 0.334831 6
1.422039 3.155043 0.398653 6
-1.966736 6.252049 0.288899 5
-1.761265 6.202237 0.104429 5
-1.769765 6.139804 0.191245 5
-1.741481 6.079634 0.231673 5
-0.135375 6.184329 -1.814163 5
-0.068937 6.148949 -1.849425 5
-0.010593 6.113606 -1.874874 5
0.043369 6.078524 -1.895220 5
0.067715 6.039534 -1.875182 5
0.086091 5.999477 -1.846488 5
-0.779684 5.794179 -0.556902 5
-0.700482 5.753085 -0.598751 5
-0.670470 5.702679 -0.570044 5
-0.615031 5.657995 -0.578563 5
-0.645599 5.592743 -0.458439 5
-0.636924 5.535692 -0.395096 5
-0.377119 5.248154 -0.325998 5
-0.375664 5.184797 -0.243985 5
-0.269301 5.161870 -0.338324 5
-0.184753 5.132288 -0.397991 5
-0.162580 5.077108 -0.350298 5
-0.069384 5.053668 -0.427735 5
0.027643 5.034167 -0.514651 13
0.064440 4.986954 -0.493900 13
0.073389 4.925066 -0.420718 13
0.118359 4.881275 -0.413555 13
0.151768 4.831065 -0.384025 13
0.230919 4.807341 -0.443154 13
0.255189 4.751716 -0.395157 13
0.297431 4.706608 -0.381983 13
0.350071 4.668313 -0.389841 13
0.374721 4.611155 -0.339381 13
0.417796 4.566121 -0.326464 13
0.444659 4.508883 -0.277886 13
0.491156 4.465753 -0.270970 13
0.515825 4.405069 -0.214573 13
0.546104 4.347694 -0.168876 13
0.599893 4.309622 -0.176461 13
0.644372 4.263533 -0.162040 13
0.653682 4.184209 -0.061128 13
0.664884 4.103848 0.039397 13
0.514155 3.409094 1.191217 6
0.536532 3.311341 1.305805 2
0.632790 3.304076 1.210318 2
1.167869 3.408627 0.477204 6
1.256098 3.416532 0.370615 6
1.311155 3.372022 0.375702 6
1.373528 3.340203 0.354891 6
1.410837 3.262173 0.428085 6
-1.951219 6.243296 0.464835 5
-1.842961 6.186433 0.402930 5
-1.809433 6.125334 0.438485 5
-1.755424 6.066083 0.446897 5
-0.013806 6.188418 -1.845745 5
0.020979 6.150272 -1.839905 5
0.089407 6.116909 -1.881206 5
0.125427 6.079936 -1.877938 5
0.164792 6.043802 -1.879630 5
0.174616 6.002847 -1.838716 5
0.218474 5.967920 -1.847030 5
0.286954 5.938569 -1.892480 5
-0.596931 5.700210 -0.501511 5
-0.516810 5.661521 -0.548462 5
-0.516592 5.604098 -0.473057 5
-0.525082 5.543203 -0.382176 5
-0.491538 5.492770 -0.356020 5
-0.463104 5.440661 -0.321133 5
-0.303742 5.308333 -0.336689 5
-0.261274 5.261258 -0.324407 5
-0.139560 5.245151 -0.449469 5
-0.138165 5.182981 -0.366570 5
-0.040442 5.160552 -0.453547 5
-0.029707 5.101422 -0.385468 5
0.033115 5.065483 -0.411443 5
0.052650 5.009255 -0.357338 13
0.149762 4.991751 -0.449215 13
0.176578 4.939181 -0.408303 13
0.226095 4.898561 -0.410766 13
0.272169 4.856277 -0.406535 13
0.260903 4.779503 -0.285744 13
0.337828 4.755516 -0.343140 13
0.333513 4.679986 -0.231752 13
0.386502 4.640945 -0.239113 13
0.427909 4.594110 -0.221534 13
0.499544 4.569340 -0.270438 13
0.505688 4.495827 -0.173051 13
0.523724 4.429372 -0.099329 13
0.594001 4.404413 -0.145504 13
0.563424 4.293957 0.048359 13
0.615796 4.252505 0.047228 13
0.672620 4.215390 0.035008 13
-1.826314 6.240982 0.500490 5
-1.811833 6.178273 0.562438 5
-1.743345 6.119498 0.551424 5
-1.696990 6.059403 0.570450 5
0.047055 6.186422 -1.796995 5
0.119854 6.153140 -1.845546 5
0.158409 6.116464 -1.846214 5
0.200116 6.080640 -1.851742 5
0.238627 6.044747 -1.852919 5
0.262930 6.006660 -1.833068 5
0.306286 5.972240 -1.841834 5
0.339414 5.936176 -1.835316 5
0.374232 5.900690 -1.831464 5
-0.428133 5.663273 -0.505041 5
-0.450843 5.600045 -0.391119 5
-0.411593 5.551861 -0.374892 5
-0.360189 5.507275 -0.378459 5
-0.342108 5.452906 -0.326717 5
-0.298686 5.406075 -0.316630 5
-0.145686 5.396978 -0.494744 5
-0.131257 5.341997 -0.436695 5
-0.133064 5.279956 -0.348382 5
-0.036029 5.255775 -0.435105 5
-0.007856 5.205011 -0.399084 5
0.066920 5.174219 -0.448393 5
0.101701 5.126479 -0.424182 5
0.071750 5.047405 -0.275671 5
0.186794 5.038058 -0.403968 13
0.236164 4.997519 -0.407003 13
0.261258 4.944041 -0.361549 13
0.280811 4.886596 -0.303346 13
0.322860 4.841423 -0.289896 13
0.340066 4.780756 -0.223599 13
0.375302 4.730370 -0.193741 13
0.411283 4.679981 -0.164471 13
0.462546 4.639801 -0.168193 13
0.490049 4.582589 -0.118146 13
0.530264 4.533937 -0.095583 13
0.573130 4.486981 -0.078370 13
0.614202 4.438271 -0.056124 13
0.603290 4.344632 0.094624 13
-1.726210 6.237739 0.567877 5
-1.705877 6.175716 0.622709 5
-1.702941 6.111762 0.703104 5
0.150559 6.230474 -1.864417 5
0.152965 6.189785 -1.813473 5
0.215040 6.156043 -1.849080 5
0.250437 6.119588 -1.846160 5
0.303573 6.086177 -1.870113 5
0.345480 6.051667 -1.877773 5
0.390384 6.018192 -1.890480 5
0.432781 5.984793 -1.899801 5
0.431349 5.942463 -1.839952 5
0.476844 5.910096 -1.854210 5
0.494239 5.871382 -1.823183 5
0.211679 5.753343 -1.295063 5
-0.326484 5.553314 -0.323265 5
-0.284429 5.506261 -0.311577 5
-0.244340 5.458731 -0.296366 5
-0.180322 5.419219 -0.322835 5
-0.033688 5.409619 -0.497151 5
-0.032377 5.350330 -0.414643 5
0.029609 5.313217 -0.440941 5
0.117280 5.287496 -0.515978 5
0.129230 5.231261 -0.450465 5
0.153471 5.179423 -0.406600 5
0.188701 5.132089 -0.382874 5
0.232886 5.088933 -0.376232 5
0.249257 5.031587 -0.313454 13
0.308920 4.996384 -0.337318 13
0.334633 4.942926 -0.291362 13
0.367502 4.892844 -0.259039 13
0.425817 4.857824 -0.280508 13
0.432947 4.790897 -0.190423 13
0.446288 4.726120 -0.110958 13
0.492503 4.682379 -0.103400 13
0.509333 4.617440 -0.027373 13
0.543410 4.563722 0.010820 13
0.569661 4.503070 0.069433 13
-1.638371 6.170787 0.737488 5
-1.614486 6.108458 0.789630 5
-1.566279 6.048212 0.806800 5
0.238021 6.191272 -1.802752 5
0.303534 6.158571 -1.845605 5
0.373464 6.127669 -1.896573 5
0.407468 6.092373 -1.893221 5
0.438334 6.056795 -1.885033 5
0.499099 6.027026 -1.924567 5
0.552844 5.996905 -1.953998 5
0.547436 5.954645 -1.887353 5
0.562307 5.916164 -1.852765 5
0.285554 5.803617 -1.325417 5
0.179148 5.726761 -1.074712 5
0.240636 5.693314 -1.108354 5
0.054144 5.585455 -0.706541 5
0.108090 5.547166 -0.722623 5
0.079178 5.481335 -0.589118 5
0.086698 5.426150 -0.518793 5
0.122650 5.380582 -0.499597 5
0.139902 5.327483 -0.444464 5
0.149729 5.270413 -0.373419 5
0.197370 5.228736 -0.374278 5
0.227474 5.179301 -0.340381 5
0.273762 5.137228 -0.338206 5
0.309468 5.090047 -0.314290 5
0.329752 5.034448 -0.257391 13
0.348592 4.977016 -0.195521 13
0.387412 4.929950 -0.174790 13
0.427543 4.883444 -0.156251 13
0.433973 4.815527 -0.061461 13
0.493465 4.780398 -0.084425 13
0.502251 4.711332 0.009792 13
0.523342 4.648912 0.078448 13
-1.675235 6.223256 0.920347 5
-1.588022 6.164900 0.880406 5
-1.530293 6.105207 0.883437 5
-1.489999 6.044218 0.912760 5
0.250594 6.184605 -1.682344 5
0.431925 6.166863 -1.907159 5
0.479510 6.133956 -1.926186 5
0.526494 6.101634 -1.944948 5
0.538089 6.063695 -1.906799 5
0.581467 6.031475 -1.920220 5
0.604597 5.995586 -1.900314 5
0.624730 5.958933 -1.874934 5
0.382767 5.858752 -1.398227 5
0.332156 5.798978 -1.241852 5
0.331327 5.750153 -1.169212 5
0.215438 5.666452 -0.888009 5
0.268904 5.630141 -0.907210 5
0.297717 5.586413 -0.881544 5
0.193354 5.496043 -0.605180 5
0.125051 5.413550 -0.389175 5
0.175796 5.373047 -0.397068 5
0.207453 5.325236 -0.367787 5
0.255522 5.284157 -0.370481 5
0.273696 5.229964 -0.312633 5
0.317379 5.186867 -0.305639 5
0.326691 5.126870 -0.226304 5
0.369169 5.082595 -0.215165 5
0.399449 5.031716 -0.177181 13
0.437415 4.984598 -0.154897 13
0.462522 4.929581 -0.102881 13
0.445725 4.847584 0.047131 13
-1.559235 6.222250 0.969476 5
-1.522612 6.160504 1.004752 5
-1.457282 6.101354 0.996017 5
-1.308995 6.051793 0.856221 5
0.372916 6.191279 -1.731903 5
0.546161 6.173954 -1.952687 5
0.598093 6.142747 -1.981036 5
0.614354 6.106453 -1.951153 5
0.638705 6.071369 -1.934216 5
0.625734 6.028889 -1.853331 5
0.673222 5.998090 -1.874866 5
0.693602 5.961750 -1.849623 5
0.417269 5.851869 -1.295983 5
0.268913 5.765360 -0.957324 5
0.299051 5.722886 -0.935717 5
0.319602 5.677430 -0.895790 5
0.377131 5.643279 -0.924565 5
0.260785 5.551307 -0.621238 5
0.244948 5.489373 -0.504149 5
0.212213 5.418976 -0.350082 5
0.244570 5.371574 -0.321898 5
0.322896 5.343133 -0.386705 5
0.284124 5.264820 -0.210839 5
0.346914 5.229994 -0.243364 5
0.352805 5.168549 -0.155012 5
0.392824 5.122810 -0.138133 5
0.362079 5.039233 0.036453 13
0.463923 5.026010 -0.082468 13
0.457589 4.952571 0.043270 13
-1.450010 6.221374 1.027673 5
-1.348109 6.165297 0.959871 5
-1.273941 6.108370 0.934429 5
-1.121473 6.061012 0.780813 5
0.472167 6.195751 -1.749633 5
0.528380 6.163336 -1.783699 5
0.585733 6.132042 -1.820795 5
0.659126 6.104470 -1.886585 5
0.683525 6.069316 -1.869186 5
0.692441 6.031002 -1.824143 5
0.734297 5.999330 -1.836863 5
0.734295 5.958323 -1.774141 5
0.302769 5.807268 -0.915297 5
0.359619 5.772114 -0.943480 5
0.315532 5.708684 -0.781228 5
0.266456 5.640855 -0.604546 5
0.208157 5.566836 -0.404483 5
0.249386 5.523566 -0.395906 5
0.209670 5.450823 -0.223858 0
0.218340 5.393585 -0.145543 5
0.325181 5.375064 -0.269319 5
0.366457 5.331282 -0.258402 5
0.309361 5.243126 -0.035242 5
0.376810 5.209615 -0.077403 5
0.445336 5.177840 -0.123487 5
0.392497 5.083883 0.104225 5
0.365869 4.999492 0.279613 13
-1.422674 6.215473 1.217094 5
-1.327609 6.158199 1.159089 5
-1.238840 6.101904 1.109662 5
-1.037094 6.059673 0.869016 5
0.568351 6.200377 -1.766150 5
0.621492 6.168319 -1.797272 5
0.685074 6.138782 -1.847668 5
0.690027 6.100279 -1.795682 5
0.724511 6.066725 -1.795456 5
0.767579 6.035231 -1.811017 5
0.793899 6.000565 -1.796163 5
0.787157 5.957928 -1.718892 5
-0.001239 5.711831 -0.149352 7
0.045509 5.667347 -0.148463 7
0.115570 5.630094 -0.193490 0
0.154628 5.584309 -0.178174 7
0.182095 5.534686 -0.138988 0
0.204684 5.482886 -0.088595 0
0.250709 5.439191 -0.085714 5
0.339225 5.412595 -0.173253 5
0.380224 5.368236 -0.160978 5
0.427422 5.326649 -0.161985 5
0.461568 5.279318 -0.133839 5
0.381484 5.175956 0.155639 5
-1.388625 6.210366 1.403193 5
-1.152522 6.164422 1.105985 5
-1.157392 6.100308 1.212769 5
0.577888 6.233842 -1.696068 5
0.642144 6.202634 -1.747188 5
0.729125 6.175950 -1.840408 5
0.748627 6.140352 -1.814381 5
0.759137 6.102977 -1.771243 5
0.793283 6.069696 -1.770962 5
0.848408 6.041125 -1.810406 5
0.870443 6.005990 -1.787720 5
0.871738 5.965587 -1.724104 5
0.900940 5.931643 -1.713757 5
0.162535 5.680126 -0.163413 0
0.193542 5.632127 -0.131998 7
0.222279 5.583126 -0.094980 0
0.255035 5.535110 -0.065305 0
0.354410 5.511037 -0.177194 5
0.438736 5.483724 -0.260180 5
0.437276 5.423506 -0.156348 5
0.453330 5.368974 -0.088365 5
0.420720 5.291299 0.093391 5
-1.158277 6.219691 1.259124 5
-1.101534 6.160781 1.261253 5
-1.070528 6.099755 1.308716 5
0.678118 6.239133 -1.723510 5
0.733303 6.207610 -1.761245 5
0.795690 6.178122 -1.813474 5
0.799817 6.140245 -1.758302 5
0.839306 6.108088 -1.768779 5
0.874832 6.075612 -1.772040 5
0.897034 6.040590 -1.749438 5
0.895112 5.999778 -1.678334 5
0.934716 5.968395 -1.688860 5
0.167454 5.718757 -0.047236 7
0.200004 5.670717 -0.017631 0
0.117505 5.586783 0.256092 0
0.293890 5.583451 -0.017627 0
0.400573 5.561290 -0.148251 5
0.475594 5.530210 -0.213011 5
0.501703 5.481414 -0.169502 5
0.518473 5.428136 -0.103024 5
-1.126118 6.215526 1.453309 5
-1.035036 6.158923 1.394609 5
-0.986933 6.099399 1.412676 5
0.737486 6.240099 -1.679781 5
0.808791 6.210991 -1.749503 5
0.861396 6.180554 -1.785658 5
0.888969 6.146817 -1.774476 5
0.906439 6.111285 -1.743184 5
0.941055 6.078949 -1.745274 5
0.991897 6.050504 -1.780414 5
0.950579 6.000896 -1.626959 5
0.993995 5.970613 -1.645956 5
0.987634 5.927125 -1.559839 5
0.245812 5.663611 0.117593 0
0.330395 5.631256 0.035993 0
0.481036 5.623155 -0.195901 5
0.507414 5.575091 -0.153585 5
0.572011 5.541109 -0.198128 5
0.589392 5.489169 -0.133243 5
0.630930 5.446566 -0.123854 5
-1.001840 6.154564 1.594830 5
-0.889242 6.101075 1.492630 5
-0.832259 6.043062 1.494120 5
-0.790867 5.983370 1.525866 5
0.906604 6.180204 -1.717943 5
0.931503 6.145933 -1.700879 5
0.986614 6.117366 -1.744976 5
1.002626 6.081726 -1.709564 5
1.041982 6.050993 -1.722201 5
1.042967 6.011344 -1.653316 5
1.042903 5.970419 -1.579973 5
1.063646 5.934309 -1.550184 5
0.206580 5.630521 0.450466 5
0.479688 5.657496 -0.060212 5
0.573946 5.632381 -0.173345 5
0.619162 5.591617 -0.174607 5
0.673880 5.554895 -0.198774 5
0.695521 5.505165 -0.142808 5
