ply
format ascii 1.0
element vertex 13219
property float x
property float y
property float z
property int scalar_Label
end_header
2.473969 0.707769 -0.971995 8
2.470932 0.632662 -0.992085 8
2.476532 0.561748 -0.991727 8
2.479503 0.488906 -0.998432 8
2.484983 0.417119 -0.999623 8
2.496751 0.349023 -0.985967 8
2.477919 0.259987 -1.048420 8
2.480456 0.184271 -1.058942 8
2.494549 0.116368 -1.041513 8
2.481302 0.027514 -1.092651 8
2.493685 -0.042702 -1.080827 8
2.498838 -0.119093 -1.087703 8
2.499242 -0.200210 -1.107228 8
2.529738 1.248653 -0.559158 8
2.467073 1.089836 -0.721664 8
2.579972 1.066940 -0.465416 8
2.488939 0.960198 -0.688411 8
2.487053 0.889607 -0.702701 8
2.485202 0.818457 -0.717494 8
2.510713 0.760669 -0.668257 8
2.471327 0.668859 -0.772951 8
2.458829 0.589566 -0.814851 8
2.443440 0.507329 -0.864341 8
2.468641 0.448511 -0.818022 8
2.513693 0.402996 -0.724761 8
2.541491 0.347671 -0.672916 8
2.463533 0.219979 -0.874735 8
2.562601 0.214463 -0.653083 8
2.595641 0.164291 -0.589872 8
2.386487 -0.072027 -1.111342 8
2.420169 -0.126454 -1.048686 8
2.542467 -0.106552 -0.771360 8
2.579017 -0.154178 -0.701735 8
2.474210 -0.325895 -0.977289 8
2.487539 -0.396698 -0.966025 8
2.479369 -0.488145 -1.008172 8
2.482448 -0.570298 -1.023582 8
2.453000 1.243901 -0.536612 8
2.429399 1.168142 -0.597332 8
2.519983 1.134169 -0.399062 8
2.478826 1.051072 -0.500704 8
2.507107 0.995222 -0.444814 8
2.430008 0.892821 -0.629817 8
2.434432 0.824934 -0.629497 8
2.502316 0.788440 -0.484384 8
2.472780 0.703738 -0.562742 8
2.506361 0.651647 -0.496878 8
2.473325 0.562457 -0.584624 8
2.483363 0.496786 -0.573899 8
2.514199 0.443961 -0.515612 8
2.496960 0.360818 -0.568934 8
2.531540 0.311087 -0.502795 8
2.516318 0.227488 -0.552723 8
2.533765 0.166107 -0.527291 8
2.490737 0.059213 -0.643606 8
2.517518 0.003731 -0.597553 8
2.484513 -0.099543 -0.692261 8
2.545431 -0.126979 -0.566888 8
2.572475 -0.181268 -0.521415 8
2.577609 -0.254586 -0.528180 8
2.418961 -0.479595 -0.924680 8
2.442229 -0.541949 -0.890762 8
2.468840 -0.600839 -0.849305 8
2.467511 -0.687594 -0.875270 8
2.479104 -0.762256 -0.870993 8
2.425570 1.321426 -0.398775 8
2.375384 1.238924 -0.515419 8
2.451848 1.197829 -0.353638 8
2.455377 1.132873 -0.352877 8
2.452349 1.065132 -0.367053 8
2.461251 1.001837 -0.355334 8
2.426114 0.919131 -0.441577 8
2.440485 0.857318 -0.418730 8
2.483400 0.809654 -0.332894 8
2.493181 0.746577 -0.320973 8
2.454588 0.657503 -0.417272 8
2.440206 0.579581 -0.460342 8
2.454595 0.517215 -0.439726 8
2.489969 0.467751 -0.372522 8
2.469778 0.384118 -0.430278 8
2.511975 0.340004 -0.348452 8
2.517330 0.272065 -0.349831 8
2.520370 0.202026 -0.356961 8
2.491160 0.107594 -0.437659 8
2.493853 0.035204 -0.446867 8
2.438779 -0.083556 -0.588090 8
2.518780 -0.095728 -0.422480 8
2.522622 -0.168816 -0.430739 8
2.528646 -0.240741 -0.434604 8
2.493948 -0.349982 -0.532722 8
2.486993 -0.436461 -0.568005 8
2.491246 -0.513702 -0.578169 8
2.525328 -0.562417 -0.519771 8
2.533376 -0.636762 -0.522243 8
2.516920 -0.737483 -0.582615 8
2.532367 -0.806150 -0.569244 8
2.457881 -0.974778 -0.768064 8
2.326674 1.376952 -0.420442 8
2.430149 1.340816 -0.204861 8
2.418577 1.272436 -0.235261 8
2.405006 1.202551 -0.270411 8
2.374744 1.125664 -0.341811 8
2.391707 1.065266 -0.312519 8
2.435066 1.016046 -0.226914 8
2.400510 0.934786 -0.309031 8
2.478948 0.902888 -0.148557 8
2.508305 0.850726 -0.093876 8
2.526275 0.793762 -0.064052 8
2.455293 0.690448 -0.226906 8
2.431270 0.609019 -0.289025 8
2.457630 0.554749 -0.242499 8
2.466544 0.490751 -0.234186 8
2.466053 0.420732 -0.246783 8
2.452673 0.341721 -0.288014 8
2.471107 0.282724 -0.260337 8
2.460287 0.203580 -0.297112 8
2.436480 0.113782 -0.363045 8
2.432261 0.036629 -0.386670 8
2.446116 -0.027582 -0.371051 8
2.435201 -0.111719 -0.410637 8
2.484383 -0.147684 -0.317742 8
2.492819 -0.216683 -0.315439 8
2.495617 -0.291138 -0.326221 8
2.442201 -0.417448 -0.463217 8
2.450140 -0.490380 -0.464060 8
2.504013 -0.519693 -0.362233 8
2.525379 -0.579321 -0.333649 8
2.514656 -0.671657 -0.378043 8
2.493086 -0.777243 -0.447937 8
2.507672 -0.846306 -0.436579 8
2.421578 -1.027729 -0.655824 8
2.502305 -1.025275 -0.494713 8
2.488180 -1.130586 -0.551403 8
2.397193 1.539152 -0.084483 8
2.401410 1.413385 -0.084330 8
2.381072 1.343771 -0.131407 8
2.394127 1.283399 -0.109590 8
2.429933 1.230895 -0.040824 8
2.411897 1.160507 -0.084357 8
2.394559 1.089245 -0.126915 8
2.366565 1.012581 -0.192187 8
2.436126 0.975521 -0.054312 8
2.452586 0.917543 -0.027512 8
2.459617 0.855471 -0.020784 8
2.432118 0.776311 -0.086829 8
2.469598 0.728825 -0.017047 8
2.462054 0.658376 -0.042141 8
2.469155 0.595264 -0.036885 8
2.403636 0.489475 -0.185237 8
2.373573 0.401557 -0.259601 8
2.400324 0.347513 -0.214387 8
2.351956 0.244762 -0.328801 8
2.347416 0.168822 -0.350962 8
2.334941 0.086327 -0.390580 8
2.338822 0.014405 -0.395932 8
2.361529 -0.043876 -0.361515 8
2.389850 -0.097438 -0.315391 8
2.374904 -0.185363 -0.362536 8
2.448126 -0.201413 -0.220441 8
2.394323 -0.323855 -0.352521 8
2.425074 -0.375094 -0.302672 8
2.475030 -0.408109 -0.211362 8
2.465670 -0.495314 -0.249253 8
2.483467 -0.557769 -0.228573 8
2.459252 -0.662290 -0.300356 8
2.522860 -0.679154 -0.180120 8
2.510423 -0.773868 -0.227342 8
2.449798 -0.922899 -0.382039 8
2.421183 -1.041163 -0.467326 8
2.451940 -1.094494 -0.421561 8
2.448770 -1.187339 -0.451937 8
2.459601 -1.264972 -0.451756 8
2.321633 1.535311 -0.068380 8
2.369959 1.483288 0.025092 8
2.361846 1.418279 0.004568 8
2.371947 1.357853 0.020403 8
2.385207 1.298563 0.042285 8
2.376057 1.232233 0.018560 8
2.390862 1.173556 0.042886 8
2.380601 1.105911 0.016143 8
2.390587 1.045416 0.030018 8
2.432693 0.998302 0.108731 8
2.418311 0.928001 0.072503 8
2.418933 0.863534 0.066333 8
2.444164 0.810507 0.109897 8
2.431547 0.739088 0.076005 8
2.400402 0.656855 0.003791 8
2.397460 0.588189 -0.011335 8
2.331349 0.482664 -0.156336 8
2.285144 0.385354 -0.261365 8
2.256741 0.296295 -0.330571 8
2.249425 0.218810 -0.357019 8
2.278090 0.164306 -0.309752 8
2.198306 0.035467 -0.486973 8
2.229587 -0.018483 -0.435254 8
2.270490 -0.064556 -0.363804 8
2.292122 -0.124166 -0.332606 8
2.249810 -0.234112 -0.435083 8
2.302661 -0.269392 -0.339593 8
2.321720 -0.331338 -0.314935 8
2.346651 -0.388140 -0.278306 8
2.396700 -0.422127 -0.189079 8
2.403570 -0.494257 -0.191053 8
2.442569 -0.536569 -0.125503 8
2.452040 -0.606659 -0.122792 8
2.435401 -0.703568 -0.176183 8
2.430265 -0.790704 -0.205844 8
2.408927 -0.896559 -0.270946 8
2.474140 -0.910514 -0.150937 8
2.486451 -0.981221 -0.144806 8
2.413224 -1.150982 -0.324341 8
2.434954 -1.214467 -0.299457 8
2.437686 -1.301149 -0.316413 8
2.261708 1.534917 -0.020714 8
2.305869 1.481669 0.062176 8
2.313430 1.420618 0.073082 8
2.455665 1.397164 0.347898 8
2.377397 1.313377 0.189851 8
2.348709 1.241919 0.128649 8
2.348092 1.178552 0.122220 8
2.359857 1.119344 0.139819 8
2.444801 1.088467 0.301329 8
2.451868 1.029250 0.309204 8
2.398890 0.944266 0.198169 8
2.396963 0.879550 0.187481 8
2.387183 0.810626 0.160873 8
2.380112 0.742166 0.139212 8
2.369691 0.671195 0.110487 8
2.226862 0.527909 -0.181925 8
2.259147 0.475969 -0.126912 8
2.162466 0.349569 -0.329304 8
2.189135 0.293045 -0.286354 8
2.150491 0.195932 -0.374353 8
2.124941 0.104907 -0.436825 8
2.105709 0.016250 -0.487261 8
2.133880 -0.040811 -0.442944 8
2.156297 -0.101468 -0.410490 8
2.177523 -0.162733 -0.380748 8
2.166306 -0.248924 -0.417006 8
2.203783 -0.297603 -0.355077 8
2.256873 -0.332421 -0.261573 8
2.250624 -0.415929 -0.289044 8
2.308558 -0.444479 -0.185962 8
2.352876 -0.483288 -0.110725 8
2.385313 -0.531810 -0.059968 8
2.386973 -0.609057 -0.072791 8
2.427221 -0.649369 -0.006476 8
2.443791 -0.712516 0.010693 8
2.429812 -0.807624 -0.035980 8
2.390746 -0.931498 -0.135707 8
2.450182 -0.950939 -0.030698 8
2.446766 -1.038946 -0.057327 8
2.381539 -1.199907 -0.214710 8
2.431607 -1.229578 -0.130319 8
2.393534 -1.364860 -0.232636 8
2.392667 -1.457667 -0.257163 8
2.268111 1.548522 0.152615 8
2.319360 1.498057 0.246989 8
2.393355 1.455234 0.384566 8
2.309909 1.372189 0.221473 8
2.310947 1.310300 0.219239 8
2.327270 1.253001 0.245915 8
2.333194 1.192607 0.252426 8
2.355606 1.138037 0.290216 8
2.369338 1.080810 0.311122 8
2.415428 1.036725 0.393851 8
2.416800 0.975460 0.390537 8
2.408348 0.909540 0.368007 8
2.393577 0.839934 0.332941 8
2.357255 0.758821 0.255919 8
2.383831 0.707536 0.299788 8
2.155437 0.522187 -0.149412 8
2.098339 0.420550 -0.268640 8
2.056627 0.324620 -0.358758 8
2.086091 0.268606 -0.311337 8
1.960881 0.117662 -0.564948 8
1.999924 0.065647 -0.499832 8
2.042812 0.017280 -0.427397 8
2.034543 -0.065001 -0.455115 8
2.048849 -0.132372 -0.439134 8
2.085106 -0.183718 -0.380432 8
2.083002 -0.263268 -0.397345 8
2.129347 -0.305806 -0.319290 8
2.108933 -0.400908 -0.373157 8
2.168461 -0.431336 -0.269488 8
2.215669 -0.470294 -0.190224 8
2.257759 -0.512346 -0.121202 8
2.261579 -0.588043 -0.128566 8
2.312506 -0.620485 -0.042284 8
2.374988 -0.640176 0.067147 8
2.430265 -0.664736 0.162237 8
2.400015 -0.774350 0.085101 8
2.390208 -0.865436 0.048364 8
2.381462 -0.957142 0.013086 8
2.418082 -1.000664 0.069316 8
2.414611 -1.088680 0.043658 8
2.452700 -1.130074 0.102343 8
2.379894 -1.302483 -0.066696 8
2.388482 -1.381503 -0.069792 8
2.381712 -1.480751 -0.105199 8
2.257852 1.558103 0.287704 8
2.324174 1.511802 0.407727 8
2.313041 1.448743 0.383771 8
2.193308 1.355870 0.157702 8
2.229636 1.302960 0.221237 8
2.294355 1.260038 0.337401 8
2.301075 1.200373 0.345441 8
2.322818 1.145949 0.381207 8
2.348595 1.093606 0.424273 8
2.391796 1.048822 0.499665 8
2.334359 0.964004 0.386799 8
2.362547 0.913511 0.433630 8
2.341152 0.841287 0.387380 8
2.364698 0.789122 0.425012 8
2.324156 0.705675 0.342085 8
2.042822 0.495148 -0.194100 8
2.003869 0.402887 -0.275696 8
1.976886 0.315098 -0.335299 8
1.919119 0.207545 -0.453555 8
1.896770 0.118286 -0.505555 10
1.907797 0.048358 -0.494882 8
1.948971 -0.002119 -0.427364 8
1.941935 -0.083953 -0.451617 8
1.932093 -0.168814 -0.481682 8
1.992832 -0.204031 -0.377644 8
1.994977 -0.280824 -0.385572 8
2.036879 -0.327805 -0.317816 8
2.043000 -0.401990 -0.318834 8
2.061860 -0.466369 -0.295776 8
2.129137 -0.490018 -0.179753 8
2.156599 -0.545766 -0.140509 8
2.132484 -0.647088 -0.201323 8
2.223736 -0.644870 -0.039041 8
2.286360 -0.665987 0.067930 8
2.324456 -0.708664 0.127192 8
2.383820 -0.729238 0.227910 8
2.402249 -0.789602 0.248500 8
2.393109 -0.879057 0.214578 8
2.335067 -1.022915 0.083623 8
2.362967 -1.076243 0.121353 8
2.390313 -1.129925 0.157740 8
2.384185 -1.222333 0.127283 8
2.340183 -1.361702 0.020557 8
2.371195 -1.413422 0.062826 8
2.383357 -1.488432 0.066991 8
2.184643 1.554422 0.303841 8
2.227114 1.502171 0.377725 8
2.250826 1.446828 0.417503 8
2.291364 1.396646 0.487509 8
2.352120 1.353582 0.593953 8
2.324978 1.286022 0.541017 8
2.286124 1.213325 0.466505 8
2.284866 1.151706 0.459841 8
2.378477 1.124268 0.625203 8
2.367604 1.060162 0.600650 8
2.316058 0.978816 0.501778 8
2.354376 0.933227 0.566121 8
2.313539 0.853535 0.485997 8
2.372886 0.818534 0.588294 8
2.354687 0.747763 0.548833 8
2.322643 0.668743 0.483665 8
1.903572 0.382615 -0.290966 10
1.863952 0.287432 -0.371872 10
1.861264 0.211138 -0.385496 10
1.883655 0.149045 -0.353369 10
1.833496 0.042513 -0.455148 10
1.880105 -0.005030 -0.379048 10
1.838488 -0.109584 -0.466109 8
1.892949 -0.150987 -0.375973 10
1.910089 -0.217067 -0.355102 8
1.904927 -0.299430 -0.375954 8
1.918176 -0.368977 -0.362995 8
1.984688 -0.397365 -0.251060 8
1.967811 -0.490256 -0.294859 8
2.046737 -0.505833 -0.159878 8
2.032158 -0.597923 -0.200134 8
2.117942 -0.603986 -0.052275 8
2.157677 -0.648165 0.009078 8
2.188995 -0.699135 0.054418 8
2.292345 -0.681139 0.235939 8
2.372192 -0.681792 0.373344 8
2.382772 -0.748734 0.379256 8
2.357140 -0.853458 0.315721 8
2.362919 -0.927552 0.311517 8
2.360271 -1.011652 0.290707 8
2.369575 -1.083865 0.292339 8
2.376381 -1.159693 0.288723 8
2.349480 -1.275847 0.219410 8
2.340750 -1.373214 0.184478 8
2.403589 -1.384746 0.288222 8
1.803388 6.024547 -0.596808 5
1.720628 6.016819 -0.733312 5
1.664454 5.978563 -0.820205 5
1.512174 6.035618 -1.085133 5
1.511235 5.937460 -1.069598 5
1.500336 2.962740 -0.754558 12
2.085390 1.545584 0.275109 8
2.299635 1.530153 0.649635 8
2.310314 1.474073 0.665676 8
2.293315 1.411038 0.632710 8
2.299457 1.353570 0.640284 8
2.282234 1.289140 0.606390 8
2.290876 1.232003 0.617891 8
2.309949 1.178460 0.647603 8
2.331271 1.126191 0.681094 8
2.314665 1.060149 0.647248 8
2.316590 1.000488 0.645934 8
2.339098 0.949165 0.680874 8
2.332176 0.885499 0.663380 8
2.340939 0.828367 0.673476 8
2.337908 0.765544 0.662353 8
2.340610 0.705045 0.661159 8
2.358971 0.652375 0.687624 8
1.812183 0.293744 -0.295147 10
1.863431 0.248227 -0.211581 10
1.856535 0.170320 -0.232194 10
1.794201 0.057906 -0.352563 10
1.867807 0.027479 -0.229563 10
1.850599 -0.059403 -0.269802 10
1.866805 -0.125296 -0.250329 10
1.844530 -0.217907 -0.300536 10
1.864735 -0.281836 -0.274507 10
1.850375 -0.371201 -0.311292 10
1.862264 -0.442036 -0.300974 8
1.933111 -0.466852 -0.183890 8
1.931141 -0.548160 -0.199238 8
1.934053 -0.626407 -0.206110 8
2.040545 -0.616678 -0.024131 8
2.031319 -0.704755 -0.053637 8
2.144944 -0.682954 0.141777 8
2.177986 -0.731552 0.189488 8
2.306537 -0.688164 0.413092 8
2.338316 -0.734299 0.458579 8
2.377402 -0.772484 0.517450 8
2.312484 -0.917307 0.383117 8
2.345103 -0.963218 0.429292 8
2.374778 -1.011764 0.469821 8
2.383711 -1.083059 0.471346 8
2.348889 -1.205188 0.390334 8
2.293330 -1.354938 0.269388 8
2.310247 -1.422216 0.284145 8
2.324745 -1.492954 0.293960 8
1.925906 6.191847 -0.250313 5
1.846067 6.187933 -0.378695 5
1.895277 6.036420 -0.271710 5
1.862907 5.978317 -0.313977 5
1.780399 5.973380 -0.447328 5
1.692042 5.971524 -0.591010 5
1.601168 5.968957 -0.738962 5
1.562304 5.911618 -0.793063 5
1.447367 5.926894 -0.983905 5
1.325260 5.944408 -1.187163 5
1.156249 5.999991 -1.473803 5
1.489733 3.097760 -0.607922 12
1.473105 3.028286 -0.633247 12
1.456464 2.958405 -0.658843 12
1.597332 2.859988 -0.414638 12
1.500818 2.804957 -0.577729 12
1.495223 2.733653 -0.585198 12
1.478644 2.663619 -0.611745 12
1.443622 2.594987 -0.670128 12
1.425223 2.523743 -0.700292 12
1.977557 1.535301 0.234940 8
2.208509 1.521712 0.628687 8
2.240249 1.469823 0.680572 8
2.252115 1.413889 0.698152 8
2.247089 1.353573 0.686499 8
2.257608 1.297391 0.701343 8
2.247523 1.234932 0.680526 8
2.207458 1.161868 0.607828 8
2.260206 1.119578 0.694745 8
2.286290 1.069162 0.735582 8
2.266000 1.001336 0.696204 8
2.321785 0.963615 0.787963 8
2.305556 0.896758 0.755125 8
2.313979 0.839996 0.764664 8
2.321257 0.782649 0.772003 8
2.283265 0.702954 0.700598 8
2.298534 0.648536 0.721279 8
1.846432 0.345474 -0.070740 10
1.819450 0.258314 -0.124972 10
1.817290 0.183711 -0.136368 10
1.794720 0.096272 -0.183705 10
1.813287 0.032614 -0.159586 10
1.837458 -0.027325 -0.125897 10
1.831341 -0.106874 -0.145493 10
1.803198 -0.202406 -0.204114 10
1.845041 -0.250667 -0.140216 10
1.819653 -0.346640 -0.194799 10
1.792135 -0.446145 -0.253647 10
1.886371 -0.453827 -0.097940 10
1.879049 -0.538710 -0.121749 10
1.865835 -0.629635 -0.156431 8
1.963453 -0.628881 0.005292 8
2.048890 -0.634972 0.145620 8
2.061801 -0.702396 0.156817 8
2.165975 -0.686807 0.330825 8
2.332521 -0.608571 0.616947 8
2.340249 -0.675998 0.618901 8
2.380408 -0.711981 0.678879 8
2.334350 -0.834403 0.583306 8
2.330242 -0.916657 0.562764 8
2.368862 -0.954675 0.619197 8
2.322549 -1.084705 0.521224 8
2.305944 -1.185170 0.476485 8
2.298900 -1.276855 0.448579 8
2.349389 -1.302560 0.525522 8
2.312359 -1.432293 0.441697 8
2.349089 -1.474536 0.492888 8
1.915253 6.219780 -0.102705 5
1.932471 6.104943 -0.055725 5
1.876764 6.074682 -0.138745 5
1.848709 6.012449 -0.172830 5
1.827510 5.942771 -0.195052 5
1.711838 5.972196 -0.383874 5
1.698157 5.892874 -0.393082 5
1.510732 5.987046 -0.707093 5
1.429708 5.969861 -0.834075 5
1.376041 5.924080 -0.913181 5
1.213274 5.977370 -1.182313 5
1.134855 5.948403 -1.304196 5
1.616229 3.053460 -0.230648 12
1.616624 2.983909 -0.227162 12
1.570483 2.923615 -0.301732 12
1.554435 2.856508 -0.326185 12
1.485952 2.797204 -0.438475 12
1.594667 2.710997 -0.254940 12
1.640089 2.636539 -0.177444 12
1.585406 2.574022 -0.267356 12
1.584057 2.505163 -0.268434 12
1.355121 2.451000 -0.649604 12
1.295211 2.380685 -0.748840 11
1.295355 2.306554 -0.748093 11
1.247818 2.232896 -0.827166 11
1.077069 2.156364 -1.112090 11
1.040309 1.998415 -1.174236 11
1.184201 1.928816 -0.934877 11
1.145968 1.772274 -1.001048 2
1.909835 1.533100 0.265710 8
2.145795 1.519551 0.658054 8
2.150740 1.461159 0.663909 8
2.159022 1.403594 0.675151 8
2.224113 1.361429 0.781370 8
2.230048 1.304454 0.788342 8
2.179677 1.230168 0.700675 8
2.181470 1.170726 0.700240 8
2.231943 1.127899 0.781354 8
2.240308 1.071364 0.791599 8
2.225953 1.006118 0.763433 8
2.244263 0.953176 0.789998 8
2.278146 0.907203 0.842634 8
2.307237 0.860084 0.887066 8
2.296923 0.795507 0.864850 8
2.273954 0.724017 0.820987 8
2.276261 0.663907 0.819570 8
2.266150 0.596961 0.796897 8
2.300973 0.553575 0.850118 8
2.277666 0.478351 0.804576 8
1.793519 0.132133 -0.024384 10
1.777076 0.048494 -0.059927 10
1.803254 -0.009748 -0.023233 10
1.808217 -0.081283 -0.022912 10
1.755998 -0.191569 -0.120561 10
1.804024 -0.235537 -0.047282 10
1.817727 -0.302625 -0.032888 10
1.787941 -0.401845 -0.093379 10
1.845333 -0.437161 -0.004520 10
1.861925 -0.502547 0.014078 10
1.835335 -0.602694 -0.042045 8
1.906918 -0.623886 0.070935 10
1.958732 -0.659454 0.149790 8
1.973121 -0.726181 0.163717 8
1.981269 -0.798782 0.166531 8
2.301442 -0.584726 0.712293 8
2.320651 -0.640482 0.734890 8
2.289111 -0.745482 0.668544 8
2.292574 -0.818244 0.662927 8
2.296978 -0.890927 0.658613 8
2.320152 -0.944840 0.686990 8
2.321867 -1.021693 0.677300 8
2.297503 -1.128298 0.621084 8
2.319085 -1.185694 0.645716 8
2.231177 -1.369503 0.475422 8
2.256942 -1.425223 0.506515 8
1.942622 6.109488 0.121911 5
1.926912 6.035444 0.109426 5
1.893403 5.981634 0.065970 5
1.831627 5.957904 -0.026221 5
1.720644 5.984072 -0.202712 5
1.656596 5.957677 -0.298491 5
1.648024 5.873788 -0.299530 5
1.361310 6.062352 -0.774673 5
1.164467 6.152503 -1.095470 5
1.114436 6.098179 -1.166317 5
1.041541 6.063407 -1.275989 5
0.983787 6.013113 -1.360047 5
0.909778 5.975270 -1.471600 5
1.079704 3.318902 -0.958629 2
1.428792 3.154186 -0.385222 12
1.634605 3.035295 -0.046415 12
1.544154 2.986256 -0.191414 12
1.566285 2.912586 -0.152935 12
1.649061 2.829442 -0.015847 12
1.625399 2.765922 -0.052511 12
1.585194 2.703935 -0.116316 12
1.592295 2.635035 -0.103257 12
1.626889 2.563763 -0.045648 12
1.608383 2.498173 -0.074725 12
1.280235 2.451619 -0.608052 11
1.268970 2.378881 -0.625696 11
1.243902 2.306157 -0.666035 11
1.258072 2.232198 -0.642742 11
1.268046 2.158723 -0.626508 11
1.301076 2.086226 -0.572981 11
1.282757 2.012574 -0.603256 11
1.183836 1.933100 -0.764974 6
1.148536 1.855161 -0.823386 6
1.123729 1.776900 -0.864971 6
1.905360 1.543006 0.399976 8
2.065484 1.513731 0.659019 8
2.081803 1.457415 0.683397 8
2.177634 1.421097 0.837426 8
2.281963 1.390381 1.005299 8
2.207769 1.312724 0.881385 8
2.196878 1.251197 0.860667 8
2.189341 1.190092 0.845226 8
2.179609 1.127693 0.825979 8
2.247869 1.092629 0.934304 8
2.249580 1.034721 0.933469 8
2.292413 0.992895 0.999921 8
2.284577 0.931300 0.983073 8
2.270427 0.866311 0.955626 8
2.231718 0.789235 0.887534 8
2.214089 0.720270 0.853827 8
2.246198 0.674803 0.901828 8
2.305975 0.644420 0.995366 8
2.207558 0.531452 0.827625 8
2.272801 0.504826 0.929900 8
2.274181 0.443651 0.926485 8
2.297334 0.394999 0.958927 8
1.762708 0.003160 0.065771 10
2.330244 0.290467 1.001145 8
1.772128 -0.139612 0.066227 10
1.784076 -0.206798 0.078118 10
1.785379 -0.281643 0.072015 10
1.797345 -0.349469 0.083437 10
1.819381 -0.410051 0.111462 10
1.815486 -0.490322 0.095844 10
1.836993 -0.551565 0.122523 10
1.809111 -0.652748 0.065976 10
1.882714 -0.671475 0.179837 8
1.886301 -0.747727 0.175689 8
2.313124 -0.452235 0.886473 8
2.307582 -0.528325 0.867570 8
2.286186 -0.620281 0.821426 8
2.308405 -0.672683 0.848953 8
2.305373 -0.749625 0.833297 8
2.292632 -0.837442 0.800711 8
2.327483 -0.878086 0.849093 8
2.297954 -0.985776 0.787013 8
2.242582 -1.123980 0.679933 8
2.233738 -1.214884 0.652162 8
2.255682 -1.272672 0.677078 8
2.264269 -1.346033 0.678659 8
2.247002 -1.450922 0.635029 8
2.288070 -1.487336 0.692313 8
1.904664 6.169907 0.212819 5
1.925847 6.053865 0.262157 5
1.896985 5.995907 0.226980 5
1.868494 5.937396 0.192241 5
1.775474 5.947011 0.049571 5
1.677788 5.958004 -0.100595 5
1.571899 5.973643 -0.264113 5
1.551931 5.900845 -0.284728 5
0.859948 6.052235 -1.365149 5
0.786693 6.011968 -1.473069 5
0.724724 5.960319 -1.562492 5
1.112957 3.369351 -0.738064 6
1.147444 3.283250 -0.679797 6
1.609222 3.095120 0.058651 12
1.591031 3.031652 0.032219 12
1.581798 2.965888 0.019865 12
1.617596 2.891519 0.078949 12
1.607961 2.826338 0.065552 12
1.568453 2.765506 0.004483 12
1.589231 2.695320 0.039059 12
1.560477 2.631751 -0.005276 12
1.561809 2.564309 -0.001995 12
1.592577 2.494643 0.047843 12
1.333357 2.444246 -0.363053 11
1.342360 2.372706 -0.348141 11
1.335169 2.301965 -0.359148 11
1.371306 2.230607 -0.301566 11
1.388292 2.160375 -0.274597 11
1.323341 2.088550 -0.377930 11
1.244923 2.013783 -0.502863 11
1.132981 1.934082 -0.681267 2
1.126488 1.858783 -0.692444 2
1.128003 1.783955 -0.691120 6
1.124607 1.708508 -0.697813 6
1.850147 1.543020 0.448850 8
1.990824 1.509219 0.670707 8
2.017074 1.454690 0.710406 8
2.164276 1.430243 0.942577 8
2.202476 1.382560 1.001121 8
2.247007 1.337833 1.069642 8
2.235373 1.277822 1.048491 8
2.227628 1.218376 1.033355 8
2.203914 1.153053 0.992531 8
2.223916 1.102012 1.021331 8
2.191281 1.031866 0.965837 8
2.237364 0.990938 1.036034 8
2.242859 0.934813 1.041169 8
2.222685 0.867565 1.005002 8
2.242747 0.817210 1.033124 8
2.276716 0.773751 1.083431 8
2.276042 0.714377 1.077991 8
2.272153 0.652952 1.067187 8
2.228108 0.569852 0.991544 8
2.243374 0.516915 1.011119 8
2.239561 0.453339 0.999770 8
2.249213 0.397009 1.009940 8
2.304469 0.368190 1.093651 8
2.280590 0.291558 1.049292 8
1.730962 -0.126630 0.152757 10
2.272731 0.160330 1.024367 8
2.289163 0.107623 1.044623 8
2.323921 0.068008 1.094528 8
2.322099 0.002503 1.084775 8
2.260357 -0.108839 0.977035 8
2.302948 -0.142733 1.039198 8
2.316902 -0.198280 1.054468 8
2.227002 -0.339002 0.899368 8
2.231193 -0.405354 0.897971 8
2.274860 -0.438199 0.961233 8
2.326088 -0.463159 1.036917 8
2.277546 -0.577478 0.948003 8
2.300367 -0.628275 0.976475 8
2.296469 -0.704524 0.960546 8
2.290459 -0.784000 0.940783 8
2.309243 -0.839784 0.961897 8
2.247327 -0.979009 0.848360 8
2.258921 -1.044666 0.856800 8
2.266465 -1.115255 0.858204 8
2.228421 -1.237223 0.782856 8
2.246637 -1.298494 0.801428 8
2.274305 -1.349072 0.835698 8
2.290011 -1.413706 0.849603 8
1.898349 6.102424 0.367300 5
1.867545 6.046891 0.329305 5
1.861656 5.963977 0.331760 5
1.809025 5.931804 0.257874 5
1.638965 6.020230 -0.006618 5
1.565362 6.003670 -0.114123 5
1.551238 5.925912 -0.125361 5
1.435574 5.946732 -0.300735 5
0.666094 6.045573 -1.467459 5
0.613565 5.984891 -1.540077 5
0.984108 3.464746 -0.777762 6
1.040787 3.370693 -0.686324 6
1.052357 3.290553 -0.665297 2
1.586135 3.086516 0.166855 12
1.550290 3.027544 0.113474 12
1.566276 2.956984 0.140421 12
1.600699 2.883771 0.195783 12
1.583114 2.820649 0.170242 12
1.549223 2.759495 0.119246 12
1.494909 2.699972 0.036428 12
1.608116 2.619519 0.213193 12
1.617464 2.553195 0.228720 12
1.486859 2.498344 0.027158 12
1.421889 2.434942 -0.072815 11
1.372407 2.368635 -0.148949 11
1.359671 2.299665 -0.168316 11
1.372901 2.230047 -0.147633 11
1.347274 2.160559 -0.187341 11
1.335863 2.090539 -0.205205 11
1.326555 2.020185 -0.219999 11
1.063385 1.933867 -0.628392 2
1.051763 1.858112 -0.647197 6
1.048903 1.782713 -0.652622 2
1.061531 1.708881 -0.634237 6
1.018168 1.627994 -0.702872 6
1.777636 1.539796 0.470389 8
1.828640 1.487058 0.547744 8
1.919272 1.444709 0.686531 8
2.060694 1.417533 0.904173 8
2.114979 1.372883 0.986392 8
2.136148 1.320890 1.017031 8
1.699921 1.135580 0.335916 8
2.196303 1.224072 1.105666 8
2.174976 1.160028 1.069756 8
2.183545 1.105329 1.080240 8
2.175301 1.044518 1.064358 8
2.174808 0.986089 1.060391 8
2.202886 0.938845 1.100867 8
2.192484 0.876100 1.081111 8
2.199060 0.820102 1.087710 8
2.241145 0.780309 1.149724 8
2.241568 0.721809 1.146419 8
2.216323 0.650164 1.102702 8
2.240778 0.602832 1.136719 8
2.271109 0.559176 1.179854 8
2.282115 0.505519 1.192519 8
2.224753 0.412472 1.097451 8
2.229136 0.353446 1.099272 8
2.272643 0.318181 1.162610 8
2.242616 0.237381 1.109815 8
2.184535 0.136398 1.012374 8
2.246086 0.113449 1.103819 8
2.260013 0.059223 1.119839 8
2.282362 0.011020 1.149064 8
2.276876 -0.057470 1.133953 8
2.222193 -0.164313 1.040340 8
2.285819 -0.181560 1.134721 8
2.246928 -0.279269 1.065619 8
2.266578 -0.331016 1.089631 8
2.277860 -0.389767 1.100107 8
2.274478 -0.461593 1.086893 8
2.267870 -0.537288 1.068231 8
2.215958 -0.655744 0.976423 8
2.251309 -0.695361 1.024632 8
2.257518 -0.762373 1.025741 8
2.277510 -0.816417 1.048890 8
2.302041 -0.865885 1.079229 8
2.235958 -1.009294 0.962357 8
2.275771 -1.044434 1.016978 8
2.238664 -1.162465 0.946193 8
2.246830 -1.233089 0.948772 8
2.253043 -1.306731 0.947881 8
1.862957 6.070246 0.469519 5
1.844428 6.001885 0.451197 5
1.807985 5.953052 0.404282 5
1.652252 6.028289 0.168642 5
1.539898 6.052858 0.002062 5
1.502275 5.998800 -0.046467 5
1.431460 5.976437 -0.147312 5
1.437319 5.879208 -0.127717 5
1.337882 5.880847 -0.273509 5
0.524001 6.095728 -1.492514 5
0.505604 6.006314 -1.510793 5
0.414562 5.973157 -1.642022 5
1.479599 3.302339 0.138006 6
0.982929 3.368185 -0.613036 6
1.566647 3.143768 0.275108 12
1.587711 3.072429 0.309274 12
1.600790 3.003782 0.331148 12
1.571824 2.944186 0.289143 12
1.566343 2.879476 0.282578 12
1.530851 2.819681 0.230410 12
1.564164 2.748664 0.282272 12
1.588066 2.680163 0.319708 12
1.523250 2.622587 0.222716 12
1.517467 2.557247 0.214918 12
1.490519 2.493438 0.174944 12
1.371241 2.434353 -0.004841 11
1.356511 2.366681 -0.026626 11
1.328647 2.298880 -0.068439 11
1.390724 2.229365 0.025611 11
1.345221 2.161073 -0.043206 11
1.348279 2.092459 -0.038746 11
1.350490 2.023890 -0.035734 11
1.022402 1.935376 -0.532505 11
0.981047 1.857756 -0.595784 6
1.001178 1.784472 -0.566231 2
0.911006 1.699383 -0.703767 6
0.906386 1.622152 -0.712048 6
1.743774 1.480984 0.549674 8
1.781213 1.426251 0.604607 8
1.904220 1.392751 0.789165 8
1.974185 1.350001 0.893260 8
2.023003 1.303808 0.965204 8
2.090830 1.264611 1.065923 8
2.167084 1.230186 1.179393 8
2.138793 1.164385 1.133966 8
1.777459 0.983408 0.581978 10
2.204566 1.073009 1.228671 8
2.088464 0.972329 1.049100 8
2.232698 0.970364 1.265693 8
2.128737 0.870373 1.104130 8
2.153871 0.822179 1.139096 8
2.199116 0.783663 1.204658 8
2.193633 0.722588 1.192679 8
2.155653 0.645012 1.130852 8
2.213840 0.614523 1.215898 8
2.237499 0.567612 1.248060 8
2.282717 0.532977 1.313165 8
2.248865 0.454855 1.256934 8
2.277763 0.411729 1.296791 8
2.281092 0.353769 1.297264 8
2.258060 0.278949 1.257016 8
2.257278 0.217055 1.250787 8
2.226122 0.134360 1.197540 8
2.232429 0.075539 1.201832 8
2.278154 0.044248 1.266878 8
2.284028 -0.014757 1.270238 8
2.264344 -0.093282 1.233826 8
2.240428 -0.176554 1.190574 8
2.224148 -0.255494 1.158878 8
2.255301 -0.297290 1.200690 8
2.281835 -0.342324 1.235230 8
2.303761 -0.390900 1.262481 8
2.239693 -0.514917 1.155252 8
2.250462 -0.575136 1.164597 8
2.217472 -0.676209 1.105172 8
2.211507 -0.754079 1.087761 8
2.203802 -0.834856 1.067332 8
2.217249 -0.895909 1.079927 8
2.212869 -0.975510 1.064195 8
2.259175 -1.003423 1.128310 8
2.261440 -1.077223 1.122654 8
2.223547 -1.195987 1.052985 8
2.208541 -1.292205 1.019183 8
1.847821 6.105416 0.589843 5
1.824254 6.043087 0.563581 5
1.828895 5.950547 0.580684 5
1.716080 5.982891 0.416535 5
1.397401 6.035195 -0.043780 5
1.353133 5.985817 -0.101922 5
1.367797 5.880639 -0.070104 5
1.326577 5.828095 -0.123888 5
1.232064 5.822062 -0.258945 5
0.392012 6.031604 -1.488442 5
0.332879 5.972751 -1.568700 5
1.358886 3.459545 0.093885 6
1.405716 3.306493 0.168566 6
1.360797 3.249804 0.104419 6
1.592625 3.122951 0.449889 12
1.573905 3.062369 0.424156 12
1.572552 2.997625 0.423990 12
1.542130 2.938741 0.380687 12
1.538725 2.874134 0.377213 12
1.529131 2.810573 0.364446 12
1.527524 2.745667 0.363347 12
1.536135 2.679529 0.377204 12
1.540244 2.614297 0.384262 12
1.403283 2.562522 0.182799 12
1.427822 2.493778 0.219770 12
1.325141 2.433522 0.068712 11
1.376458 2.363268 0.144936 11
1.361151 2.296502 0.122626 6
1.365166 2.229074 0.128701 6
1.352209 2.161646 0.109569 6
1.333562 2.093624 0.081888 6
1.368740 2.027234 0.133539 11
1.325197 1.957312 0.068795 6
1.265125 1.884584 -0.020520 2
1.215677 1.810730 -0.094315 2
1.367411 1.757386 0.128930 6
1.327151 1.684573 0.068411 6
0.906800 1.555132 -0.554015 10
0.960489 1.488012 -0.476137 10
0.919994 1.405674 -0.537646 10
1.701149 1.483368 0.615880 8
1.715982 1.423900 0.636191 8
1.827059 1.387030 0.798813 8
1.940582 1.354439 0.965034 8
1.973343 1.304105 1.011633 8
2.005631 1.254571 1.057437 8
2.078799 1.218267 1.163748 8
2.150537 1.183851 1.267903 8
2.177594 1.136685 1.305736 8
2.146880 1.069738 1.257720 8
2.159941 1.017727 1.274541 8
2.158388 0.960189 1.269533 8
2.195138 0.917944 1.321346 8
2.092537 0.817235 1.165737 8
2.186296 0.799849 1.302166 8
2.162643 0.731128 1.263701 8
2.132685 0.658124 1.215641 8
2.178265 0.621445 1.280088 8
1.926974 0.431824 0.901157 8
2.186922 0.507577 1.285555 8
2.188750 0.448850 1.284341 8
2.197863 0.393941 1.293885 8
2.236147 0.356301 1.347013 8
2.250588 0.304984 1.364328 8
2.214271 0.221482 1.305321 8
2.216941 0.161558 1.304636 8
2.245387 0.118594 1.342573 8
2.221279 0.039660 1.301284 8
2.257025 0.001999 1.349989 8
2.205620 -0.098987 1.267088 8
2.237359 -0.139787 1.309481 8
2.250136 -0.194678 1.323115 8
2.269882 -0.244142 1.347171 8
2.238866 -0.335143 1.294108 8
2.256863 -0.386920 1.315180 8
2.238726 -0.469919 1.281163 8
2.237393 -0.539613 1.272462 8
2.226577 -0.618816 1.249080 8
2.197617 -0.716285 1.197713 8
2.127093 -0.855684 1.082387 8
2.164166 -0.894024 1.131394 8
2.141547 -0.991425 1.088713 8
2.182226 -1.025972 1.143007 8
2.208342 -1.074902 1.174833 8
2.194735 -1.166346 1.145246 8
2.162525 -1.280061 1.086561 8
1.822003 6.152703 0.691583 5
1.790604 6.099261 0.653596 5
1.790224 6.012029 0.662127 5
1.777742 5.938826 0.652232 5
1.305859 5.965904 -0.009944 5
1.232412 5.942559 -0.110775 5
1.230389 5.853186 -0.105482 5
1.211268 5.779725 -0.125791 5
1.098979 5.785706 -0.284275 5
0.298008 6.041252 -1.435229 5
0.256149 5.968841 -1.488674 5
0.115105 5.967623 -1.688148 5
1.304466 3.457716 0.155433 6
1.356771 3.372300 0.233564 6
1.356254 3.303743 0.235091 6
1.345350 3.238153 0.221460 6
1.357358 3.166815 0.240815 6
1.562544 3.052087 0.539144 12
1.546199 2.991287 0.517164 12
1.525064 2.931042 0.488152 12
1.514318 2.868411 0.474025 12
1.513289 2.804016 0.473802 12
1.462385 2.746855 0.401479 12
1.464351 2.681435 0.405336 12
1.477595 2.614963 0.425332 12
1.550257 2.543547 0.530898 12
1.340542 2.495977 0.229067 12
1.369946 2.427388 0.271994 6
1.335772 2.362505 0.223105 11
1.382846 2.294470 0.291243 11
1.326866 2.228900 0.210657 11
1.356571 2.162179 0.253488 6
1.361076 2.095813 0.259853 6
1.350846 2.028957 0.244841 6
1.369964 1.963443 0.272019 6
1.336122 1.894520 0.222692 6
1.355004 1.829258 0.249271 6
1.344894 1.761383 0.233902 6
1.258208 1.683418 0.107914 6
1.257657 1.614720 0.106043 6
1.079838 1.517538 -0.151824 10
1.039117 1.438413 -0.212019 10
1.071021 1.371803 -0.167512 10
1.662548 1.424073 0.685225 8
1.724209 1.375590 0.772731 8
1.857454 1.346571 0.963634 8
1.885279 1.294283 1.002123 8
1.929387 1.247295 1.064072 8
1.964494 1.198939 1.112925 8
2.034072 1.162400 1.211600 8
2.053363 1.111361 1.237416 8
2.125023 1.079032 1.339016 8
2.143062 1.029285 1.362869 8
2.172327 0.984213 1.402913 8
2.180047 0.931220 1.411617 8
2.176252 0.873356 1.403494 8
2.189010 0.822290 1.419293 8
2.169601 0.756666 1.388228 8
2.111274 0.671505 1.300386 8
2.139402 0.626464 1.338156 8
2.112840 0.554090 1.296184 8
2.157405 0.518029 1.357713 8
2.127120 0.442123 1.310005 8
2.152912 0.396472 1.343968 8
2.153115 0.336321 1.340461 8
2.172131 0.287099 1.364329 8
2.161533 0.219595 1.344755 8
2.195586 0.179953 1.390426 8
2.220738 0.135197 1.422991 8
2.189597 0.052362 1.372841 8
2.184972 -0.013614 1.361412 8
2.230476 -0.044054 1.423553 8
2.196515 -0.132460 1.368660 8
2.209696 -0.186810 1.382994 8
2.225156 -0.239488 1.400569 8
2.174505 -0.345589 1.320344 8
2.157020 -0.427074 1.288830 8
2.151098 -0.500231 1.274202 8
2.174768 -0.548622 1.303257 8
2.161177 -0.630102 1.276880 8
2.192460 -0.671904 1.316990 8
2.195387 -0.739793 1.314806 8
2.202503 -0.804416 1.318681 8
2.225002 -0.854488 1.345358 8
2.232906 -0.919184 1.350095 8
2.181440 -1.045783 1.265700 8
2.164381 -1.139542 1.232471 8
1.788155 6.120970 0.788509 5
1.741107 6.085109 0.727808 5
1.776389 5.960767 0.787448 5
1.730324 5.923796 0.727948 5
1.193661 5.915493 -0.006631 5
1.149560 5.864098 -0.063087 5
1.139865 5.782340 -0.069910 5
1.152038 5.682904 -0.045365 5
0.963714 5.748459 -0.310028 5
0.935528 5.679875 -0.343764 5
0.306101 6.076359 -1.242276 5
0.253893 6.013164 -1.309885 5
0.261339 5.905150 -1.291960 5
0.272284 5.795943 -1.269269 5
1.306358 3.507635 0.293537 6
1.276957 3.447657 0.254259 6
1.308204 3.369220 0.300565 6
1.335653 3.293167 0.341351 6
1.333344 3.225993 0.339974 6
1.498072 3.118639 0.574224 12
1.474268 3.059412 0.542209 12
1.500583 2.989167 0.580794 12
1.507027 2.923781 0.591221 12
1.468534 2.866604 0.538174 12
1.458265 2.803845 0.524820 12
1.459797 2.739219 0.527990 12
1.501961 2.669720 0.588299 12
1.414324 2.615692 0.465602 12
1.435504 2.548949 0.496118 12
1.332669 2.492214 0.351828 11
1.317340 2.427077 0.330699 11
1.319830 2.360748 0.334552 6
1.293534 2.295252 0.297751 6
1.279253 2.228810 0.277755 11
1.293866 2.162142 0.298333 11
1.325304 2.096366 0.342493 11
1.309202 2.029643 0.319584 11
1.313991 1.963560 0.325982 11
1.275537 1.894365 0.271353 6
1.308576 1.830334 0.317311 6
1.296995 1.762517 0.300298 6
1.249760 1.689791 0.232922 6
1.218495 1.617629 0.187915 6
1.088716 1.528780 0.003906 10
1.022421 1.446508 -0.090794 10
1.048059 1.379405 -0.056020 10
1.042491 1.306494 -0.065372 10
1.783393 1.400846 0.978366 8
1.796353 1.344221 0.995203 8
1.824072 1.291655 1.032779 8
1.853656 1.240337 1.072907 8
1.903887 1.195848 1.142127 8
1.948315 1.151049 1.203090 8
1.966412 1.098928 1.226766 8
2.061457 1.073656 1.359197 8
2.056062 1.015107 1.349507 8
2.087920 0.970210 1.392445 8
2.117007 0.925041 1.431395 8
2.132542 0.874982 1.451073 8
2.137121 0.820427 1.455131 8
2.152859 0.770723 1.474919 8
2.165172 0.719638 1.489761 8
2.083193 0.622846 1.370575 8
2.079737 0.562262 1.362738 8
2.111081 0.519322 1.404272 8
2.088044 0.447723 1.368349 8
2.097541 0.393028 1.378596 8
2.131307 0.352258 1.423332 8
2.094801 0.270363 1.367779 8
2.122572 0.226170 1.403777 8
2.116478 0.161033 1.391325 8
2.138476 0.113512 1.418899 8
2.180104 0.079525 1.474487 8
2.159024 0.003138 1.440221 8
2.141314 -0.072259 1.410594 8
2.165960 -0.117917 1.441568 8
2.178366 -0.172428 1.454884 8
2.137901 -0.267994 1.392056 8
2.127436 -0.342068 1.372145 8
2.130290 -0.406421 1.371245 8
2.142883 -0.463240 1.384248 8
2.159363 -0.516947 1.402746 8
2.214485 -0.536742 1.477021 8
2.130077 -0.680692 1.349288 8
2.169220 -0.715114 1.400202 8
2.158339 -0.795972 1.378466 8
2.167929 -0.858396 1.386266 8
2.157809 -0.940854 1.365230 8
2.167823 -1.004321 1.373310 8
2.193711 -1.051838 1.404411 8
1.740941 6.105082 0.863731 5
1.644378 6.122037 0.733371 5
1.712805 5.963341 0.837843 5
1.665663 5.927023 0.777697 5
1.012417 5.923522 -0.099452 5
1.040456 5.808645 -0.053578 5
1.026566 5.730475 -0.066915 5
0.977758 5.680726 -0.129435 5
0.900576 5.652110 -0.231810 5
0.273067 5.939162 -1.099057 5
0.265572 5.844273 -1.103296 5
-0.099057 6.000780 -1.606949 5
-0.203567 5.966450 -1.746632 5
1.211677 3.380093 0.300389 6
1.266201 3.296195 0.377385 6
1.440892 3.183767 0.619909 12
1.432488 3.120982 0.609813 12
1.418325 3.059399 0.591684 12
1.431345 2.991971 0.610913 12
1.460157 2.922179 0.651784 12
1.466544 2.857351 0.661655 12
1.461691 2.794625 0.655948 12
1.470277 2.730006 0.668646 12
1.444417 2.670003 0.633827 12
1.444102 2.606548 0.634077 12
1.538779 2.534653 0.764948 12
1.316954 2.489144 0.460195 11
1.266091 2.426706 0.390615 11
1.263287 2.360701 0.387062 11
1.255440 2.294764 0.376470 11
1.251702 2.228560 0.371429 11
1.249950 2.162257 0.369019 11
1.220037 2.095202 0.327764 6
1.277954 2.030727 0.407241 11
1.225708 1.961822 0.335052 11
1.215475 1.894243 0.320560 6
1.246482 1.829962 0.362714 2
1.223349 1.760874 0.330262 6
1.242447 1.696103 0.355827 6
1.154366 1.616970 0.233748 6
1.027050 1.528726 0.057504 10
1.043774 1.460881 0.079449 10
1.017598 1.385350 0.042202 10
1.029018 1.316473 0.056624 10
1.656594 1.384177 0.920028 8
1.716942 1.337552 1.001902 8
1.724836 1.279387 1.011405 8
1.805180 1.240947 1.120739 8
1.839120 1.191613 1.166025 8
1.870065 1.142282 1.207116 8
1.883568 1.088141 1.224060 8
1.986914 1.064675 1.365006 8
2.008849 1.015476 1.393487 8
2.042474 0.971123 1.438057 8
2.060208 0.921438 1.460599 8
2.083533 0.874353 1.490803 8
2.124644 0.835340 1.545561 8
2.111411 0.773371 1.525021 8
2.143416 0.731443 1.567047 8
2.097737 0.653132 1.501330 8
2.098852 0.596051 1.500348 8
2.075179 0.525878 1.464866 8
2.087100 0.473398 1.478671 8
2.107502 0.425603 1.504177 8
2.095289 0.359562 1.484261 8
2.084941 0.293713 1.466810 8
2.087097 0.234587 1.466639 8
2.107216 0.186280 1.491392 8
2.114150 0.129734 1.497687 8
2.050715 0.026254 1.405672 8
2.054968 -0.034021 1.407940 8
2.116075 -0.054794 1.489570 8
2.117641 -0.116734 1.487920 8
2.152487 -0.154541 1.532752 8
2.134051 -0.232166 1.502864 8
2.109473 -0.315991 1.464182 8
2.092525 -0.395378 1.436015 8
2.110098 -0.447757 1.456192 8
2.120759 -0.505973 1.466551 8
2.140141 -0.556952 1.489085 8
2.136681 -0.628138 1.479322 8
2.112191 -0.719386 1.439709 8
2.102888 -0.798420 1.421330 8
2.118312 -0.855191 1.437753 8
2.083402 -0.961253 1.382754 8
2.113635 -1.004852 1.419875 8
1.683070 6.188176 0.916352 5
1.668208 6.117264 0.902125 5
1.650200 6.050181 0.883407 5
1.649743 5.965425 0.888859 5
0.916302 5.854796 -0.069242 5
0.920492 5.760950 -0.058063 5
0.928375 5.665325 -0.042003 5
0.819247 5.661022 -0.186126 5
0.819916 5.570937 -0.180141 5
0.260226 5.890937 -0.939324 5
0.196978 5.837137 -1.020249 5
0.217634 5.723812 -0.986841 5
-0.315855 5.984681 -1.708463 5
1.136455 3.384638 0.331071 6
1.202640 3.297593 0.421798 2
1.177262 3.235970 0.389068 2
1.390736 3.117694 0.677860 12
1.362511 3.059383 0.641068 12
1.362266 2.994687 0.641860 12
1.369992 2.928678 0.653289 12
1.382376 2.862291 0.670895 12
1.408981 2.794274 0.707536 12
1.460017 2.723906 0.776939 12
1.454181 2.662168 0.769758 12
1.472418 2.597825 0.794864 12
1.222101 2.557906 0.458813 12
1.249045 2.489944 0.495477 11
1.234763 2.425231 0.476629 11
1.241743 2.359254 0.486276 11
1.262029 2.293216 0.513719 11
1.259381 2.228034 0.510247 11
1.248557 2.162709 0.495698 11
1.237915 2.097034 0.481306 11
1.233690 2.031254 0.475451 11
1.222497 1.964910 0.460140 11
1.159359 1.894401 0.374906 2
1.166156 1.827978 0.383597 2
1.136133 1.757846 0.342690 2
1.021226 1.676405 0.187534 10
1.020832 1.606813 0.186261 10
0.998623 1.533742 0.155549 10
1.022422 1.467597 0.186630 10
0.979987 1.389776 0.128503 10
0.995951 1.322188 0.148855 10
1.027694 1.258376 0.190359 10
1.612202 1.325103 0.976050 8
1.654214 1.274624 1.031411 8
1.677562 1.220332 1.061575 8
1.735845 1.176526 1.138746 8
1.781882 1.130746 1.199372 8
1.815679 1.082378 1.243450 8
1.923988 1.059800 1.387972 8
1.950029 1.011723 1.421514 8
2.014843 0.978529 1.507332 8
1.991223 0.913208 1.473727 8
2.029686 0.871757 1.523876 8
2.040984 0.819931 1.537276 8
2.075763 0.778432 1.582350 8
2.097818 0.732034 1.610173 8
2.089979 0.671972 1.597487 8
2.101112 0.620558 1.610390 8
2.092540 0.559182 1.596531 8
2.064663 0.486987 1.556408 8
2.077724 0.435599 1.571668 8
2.098941 0.388833 1.597922 8
2.105036 0.333648 1.603588 8
2.114223 0.280079 1.613370 8
2.091248 0.206577 1.579354 8
2.000695 0.088858 1.453277 8
1.972777 0.008136 1.412191 8
1.982330 -0.049002 1.421987 8
2.063058 -0.057137 1.528716 8
2.039942 -0.136541 1.493844 8
2.109266 -0.149945 1.585014 8
2.088508 -0.228792 1.553146 8
2.098238 -0.285629 1.562810 8
2.092983 -0.354571 1.551874 8
2.095831 -0.417844 1.551908 8
2.096514 -0.483507 1.548861 8
2.098773 -0.548532 1.547859 8
2.116135 -0.601045 1.567481 8
2.092266 -0.690457 1.530333 8
2.043362 -0.804618 1.458532 8
2.105464 -0.817743 1.539397 8
2.019248 -0.971260 1.415738 8
1.699353 -1.358847 0.969016 8
1.616782 6.193195 0.964427 5
1.628851 6.093924 0.986168 5
1.612780 6.025467 0.969777 5
1.573901 5.980464 0.922561 5
1.520237 5.949432 0.855408 5
0.801904 5.800570 -0.063587 5
0.805749 5.707462 -0.053911 5
0.786325 5.633065 -0.075400 5
0.733799 5.583242 -0.141082 5
0.166535 5.902419 -0.892030 5
0.182207 5.792642 -0.866599 5
0.226195 5.665087 -0.803693 5
-0.420787 5.997600 -1.659052 5
0.641536 4.370095 -0.212444 13
0.622112 3.979173 -0.226373 13
0.618778 3.901663 -0.228720 13
0.600805 3.829485 -0.250452 13
0.595242 3.752980 -0.255916 13
0.605775 3.671592 -0.240273 13
0.750548 3.476143 -0.046453 12
1.095738 3.310417 0.409261 2
1.094995 3.241839 0.409535 2
1.352894 3.113617 0.749955 12
1.076003 3.109038 0.386818 2
1.311256 2.993751 0.697174 12
1.354326 2.921382 0.754680 12
1.380119 2.853435 0.789384 12
1.349731 2.794936 0.750164 12
1.328259 2.734388 0.722598 12
1.383000 2.664196 0.795110 12
1.359420 2.603924 0.764629 12
1.369506 2.540052 0.778312 12
1.250133 2.485807 0.621850 11
1.222554 2.422742 0.585917 11
1.196260 2.358799 0.551601 11
1.175690 2.293920 0.524731 11
1.242367 2.227720 0.612387 11
1.257165 2.163228 0.631825 11
1.220067 2.097965 0.583022 11
1.223114 2.033096 0.586875 11
1.073461 1.959820 0.390065 2
1.115589 1.895427 0.445100 2
1.054829 1.823335 0.364893 2
1.053273 1.755339 0.362384 2
1.042505 1.686104 0.347691 10
0.994075 1.611335 0.283422 10
0.988111 1.541306 0.274874 10
0.963394 1.467818 0.241592 10
0.986663 1.402164 0.271308 10
1.026142 1.340317 0.322267 10
1.044968 1.275114 0.346001 10
0.998855 1.195296 0.284239 10
1.003464 1.126329 0.289107 10
1.637168 1.223284 1.121788 8
1.629052 1.160849 1.109942 8
1.616502 1.096610 1.092181 8
1.755287 1.079094 1.273647 8
1.820005 1.041502 1.357570 8
1.905354 1.012941 1.468658 8
1.904192 0.955571 1.465708 8
1.947964 0.914943 1.521938 8
1.926644 0.849697 1.492274 8
1.961141 0.806503 1.536174 8
1.992968 0.763019 1.576511 8
2.030205 0.722719 1.623952 8
2.026724 0.664441 1.617568 8
2.057830 0.622365 1.656820 8
2.088545 0.580814 1.695517 8
2.090909 0.525305 1.696672 8
2.092265 0.468953 1.696421 8
2.076602 0.402841 1.673558 8
2.071696 0.341882 1.664848 8
2.091544 0.294873 1.688866 8
2.077592 0.227623 1.668004 8
2.068224 0.162253 1.653122 8
1.880372 -0.018813 1.401145 8
1.936904 -0.045579 1.473478 8
1.935450 -0.110268 1.468722 8
1.996857 -0.131587 1.547499 8
2.083575 -0.132946 1.659985 8
2.059676 -0.213247 1.625178 8
2.102720 -0.244350 1.679474 8
2.088779 -0.318717 1.657735 8
2.112647 -0.364133 1.686349 8
2.093076 -0.444796 1.656874 8
2.080290 -0.521270 1.636329 8
2.091200 -0.578652 1.647362 8
2.101464 -0.636905 1.657449 8
2.054104 -0.747416 1.590200 8
1.992846 -0.873571 1.504078 8
1.923610 -1.010751 1.406973 8
1.569198 6.178300 1.037214 5
1.583797 6.077363 1.060908 5
1.533688 6.043993 0.999523 5
1.478950 6.014107 0.932059 5
1.496890 5.912272 0.959809 5
0.720237 5.630794 -0.010480 5
0.704989 5.553570 -0.026717 5
0.619657 5.526256 -0.134029 5
0.580892 5.464426 -0.180899 5
0.178163 5.646148 -0.699832 5
0.178970 5.550458 -0.695265 5
0.508967 4.564798 -0.242383 13
0.596290 4.440701 -0.127372 13
0.562983 4.375364 -0.168145 13
0.578748 4.287730 -0.145692 13
0.581112 4.206782 -0.140615 13
0.557037 4.137133 -0.169696 13
0.652358 4.020435 -0.045020 13
0.655874 3.941670 -0.038738 13
0.670846 3.859303 -0.017788 13
0.680834 3.779490 -0.003343 13
0.690678 3.700393 0.010834 13
0.624539 3.645399 -0.072836 13
0.527087 3.597724 -0.196820 13
0.747599 3.459324 0.088092 12
0.791357 3.374306 0.145543 12
0.886861 3.278306 0.269422 12
1.231417 3.128758 0.713298 12
1.308766 3.047129 0.813567 12
1.338289 2.977534 0.852290 12
1.302478 2.920832 0.807004 12
1.328791 2.852917 0.841469 12
1.310521 2.792608 0.818604 12
1.298936 2.730958 0.804266 12
1.278877 2.670048 0.778989 12
1.292361 2.605194 0.796727 12
1.366346 2.535644 0.892082 12
1.283144 2.479543 0.785555 12
1.222517 2.419660 0.707961 11
1.206503 2.356183 0.687586 11
1.192625 2.292188 0.669893 11
1.240871 2.227294 0.731890 11
1.246166 2.163578 0.738687 11
1.266727 2.100380 0.765022 11
1.255746 2.036572 0.750804 11
1.170732 1.968338 0.641478 11
0.964416 1.888862 0.376341 10
1.012662 1.824761 0.437963 10
0.993996 1.755290 0.413609 2
0.987101 1.686524 0.404301 10
0.911748 1.608322 0.307006 10
0.970646 1.547615 0.382061 10
0.942000 1.474215 0.344610 10
0.935184 1.403699 0.335128 10
0.950179 1.337085 0.353602 10
0.969917 1.271775 0.378109 10
1.031638 1.216481 0.456517 10
0.986740 1.136916 0.397821 10
1.007308 1.072726 0.423212 10
1.559063 1.155752 1.131680 8
1.131375 0.969864 0.580494 10
1.712429 1.081290 1.326869 8
1.706981 1.020747 1.318745 8
1.716554 0.964901 1.329895 8
1.815946 0.941240 1.456640 8
1.813770 0.882564 1.452581 8
1.852677 0.839590 1.501389 8
1.881859 0.793649 1.537635 8
1.901264 0.744227 1.561239 8
1.955739 0.710609 1.630024 8
1.964122 0.657387 1.639337 8
1.980949 0.608118 1.659494 8
2.011501 0.565826 1.697322 8
2.018561 0.512245 1.704781 8
2.032464 0.462131 1.721023 8
2.036127 0.406529 1.723982 8
2.053332 0.358256 1.744392 8
2.045362 0.295564 1.732187 8
2.071792 0.252709 1.764430 8
2.061036 0.187442 1.748486 8
2.077987 0.138877 1.768355 8
2.070320 0.074376 1.756268 8
2.056677 0.005069 1.736348 8
2.100825 -0.025425 1.791326 8
2.062119 -0.113509 1.738724 8
2.067519 -0.171545 1.743285 8
2.076296 -0.227447 1.752168 8
2.051981 -0.308974 1.717945 8
2.077548 -0.352899 1.748523 8
2.081616 -0.413792 1.751062 8
2.074035 -0.484819 1.738344 8
2.026481 -0.590658 1.673399 8
1.995806 -0.684555 1.630306 8
1.917770 -0.822484 1.525211 8
1.832931 -0.970655 1.410978 8
1.475480 6.212156 1.049808 5
1.527326 6.073083 1.119757 5
1.486059 6.030551 1.070554 5
1.429894 6.001878 1.002309 5
1.417403 5.930064 0.989782 5
0.559512 5.698277 -0.065921 5
0.580019 5.593763 -0.037003 5
0.537587 5.534787 -0.087904 5
0.508903 5.465701 -0.121441 5
0.465637 5.405987 -0.173482 5
0.125490 5.536357 -0.601025 5
0.086680 5.466863 -0.647352 5
0.361268 5.031028 -0.292887 13
0.436446 4.902622 -0.195710 13
0.404287 4.835077 -0.234116 13
0.442949 4.730216 -0.183239 13
0.451578 4.642344 -0.170339 13
0.585316 4.494576 0.000185 13
0.592125 4.411328 0.010584 13
0.598462 4.329011 0.020312 13
0.560855 4.266492 -0.025376 13
0.591987 4.174406 0.015443 13
0.578336 4.101781 -0.000197 13
0.582259 4.022341 0.006223 13
0.591518 3.941451 0.019287 13
0.594524 3.863443 0.024417 13
0.604198 3.783641 0.037868 13
0.595884 3.710254 0.028632 13
0.586642 3.637201 0.018174 13
0.531883 3.577287 -0.049552 12
0.685493 3.459112 0.144532 12
0.796344 3.357063 0.284768 12
0.982394 3.240652 0.519371 12
1.236653 3.114980 0.839525 12
1.264682 3.044879 0.875416 12
1.275478 2.979172 0.889607 12
1.261538 2.918368 0.872686 12
1.273625 2.853048 0.888396 12
1.296293 2.786684 0.917337 12
1.303065 2.723235 0.926270 12
1.305865 2.660563 0.930168 12
1.210707 2.607902 0.811074 12
1.199845 2.545223 0.797735 12
1.200441 2.481484 0.798728 11
1.178258 2.419051 0.771087 11
1.152895 2.356101 0.739407 11
1.145539 2.291984 0.730276 11
1.168038 2.227429 0.758558 11
1.188537 2.163560 0.784280 11
1.170218 2.099418 0.761243 11
1.176623 2.035645 0.769183 11
1.105895 1.967874 0.680280 11
1.144579 1.905468 0.728624 11
0.937457 1.823337 0.468441 10
0.913474 1.753102 0.438027 10
0.929112 1.686624 0.457288 10
0.874390 1.611286 0.388180 10
0.921523 1.549092 0.446870 10
0.924408 1.481044 0.449966 10
0.981834 1.422653 0.521491 10
0.924121 1.343593 0.448393 10
0.932210 1.276330 0.457864 10
0.953668 1.212142 0.484076 10
0.880850 1.125716 0.391806 10
0.940089 1.070671 0.465376 10
0.996102 1.016391 0.534860 10
1.519347 1.098458 1.191563 8
1.071056 0.901145 0.627132 10
1.649354 1.018296 1.353211 8
1.637508 0.955105 1.337364 8
1.661464 0.903905 1.366498 8
1.758996 0.880370 1.488164 8
1.760990 0.822904 1.489611 8
1.795795 0.778398 1.532310 8
1.829156 0.734129 1.573164 8
1.860417 0.689735 1.611347 8
1.869697 0.636124 1.621809 8
1.864545 0.575720 1.614042 8
1.920356 0.544382 1.683069 8
1.924943 0.488831 1.687496 8
1.978575 0.458541 1.753740 8
1.971913 0.397335 1.743900 8
1.966669 0.336278 1.735791 8
1.987206 0.289353 1.760178 8
1.996889 0.236317 1.770821 8
1.997881 0.177893 1.770434 8
2.006601 0.123866 1.779764 8
2.026580 0.076905 1.803287 8
2.029759 0.019059 1.805517 8
2.014202 -0.051922 1.783977 8
2.010800 -0.115533 1.777753 8
2.018538 -0.171847 1.785577 8
1.987797 -0.256757 1.744574 8
2.011536 -0.302323 1.772563 8
1.992375 -0.380806 1.746083 8
1.952767 -0.476900 1.693550 8
1.948249 -0.546695 1.685470 8
1.899141 -0.654510 1.620640 8
1.851886 -0.763443 1.558024 8
1.771340 -0.904130 1.452897 8
1.435596 6.189672 1.131508 5
1.442849 6.097181 1.143324 5
1.432391 6.023540 1.133026 5
1.381419 5.989533 1.072300 5
1.335057 5.950064 1.017297 5
0.540715 5.572332 0.061910 5
0.517806 5.500270 0.035765 5
0.490481 5.431113 0.004121 5
0.479153 5.351300 -0.007815 5
0.442488 5.287877 -0.051075 5
0.401670 5.226421 -0.099493 5
0.303186 5.198731 -0.219066 5
0.423369 5.041218 -0.069011 5
0.470651 4.929625 -0.008965 13
0.445514 4.859856 -0.038252 13
0.395869 4.802792 -0.097773 13
0.453287 4.689754 -0.025458 13
0.524168 4.572536 0.063342 13
0.525996 4.491281 0.067039 13
0.587265 4.383117 0.143836 13
0.523260 4.333278 0.066404 13
0.512705 4.258849 0.054706 13
0.521254 4.176627 0.066460 13
0.599557 4.067449 0.163931 13
0.561166 4.005586 0.117848 13
0.524965 3.942065 0.074425 13
0.556551 3.854146 0.114280 13
0.552043 3.779572 0.109720 13
0.615782 3.683598 0.188962 13
0.544914 3.630395 0.102780 13
0.576968 3.545948 0.142990 12
0.761336 3.421821 0.370193 12
0.789912 3.343190 0.405994 12
1.031582 3.215034 0.703373 12
1.180227 3.115280 0.886441 12
1.252187 3.036174 0.975301 12
1.236880 2.976150 0.956995 12
1.235428 2.913374 0.955658 12
1.212681 2.854112 0.928152 12
1.195995 2.793403 0.908049 12
1.223247 2.726606 0.941823 12
-0.647459 2.877709 -1.353097 12
1.233094 2.600242 0.954459 12
1.208990 2.539844 0.925108 12
1.106775 2.484130 0.799900 11
1.089388 2.420838 0.778722 11
1.096066 2.356146 0.787028 11
1.096570 2.291829 0.787723 11
1.096682 2.227550 0.787897 11
1.110257 2.163384 0.804549 11
1.184463 2.101007 0.895539 11
1.091527 2.034512 0.781460 11
1.020827 1.966341 0.694616 11
0.920029 1.893908 0.570806 10
0.916062 1.826452 0.565742 10
0.861473 1.753789 0.498531 10
0.914177 1.691636 0.562913 10
0.882962 1.620117 0.524294 10
0.871532 1.550394 0.509907 10
0.903346 1.487125 0.548545 10
0.886932 1.416219 0.527960 10
0.893642 1.349070 0.535712 10
0.883405 1.278457 0.522622 10
0.864831 1.205490 0.499253 10
0.880890 1.139979 0.518359 10
0.874964 1.069185 0.510430 10
0.899533 1.006178 0.539908 10
0.922486 0.943240 0.567366 10
0.941506 0.879587 0.589956 10
1.567292 1.008165 1.357979 8
1.604107 0.960718 1.402482 8
1.604447 0.901490 1.402137 8
1.634989 0.853002 1.438877 8
1.686381 0.813145 1.501226 8
1.717926 0.766789 1.539158 8
1.758850 0.725027 1.588601 8
1.777878 0.674894 1.611092 8
1.788520 0.621323 1.623235 8
1.802325 0.569229 1.639239 8
1.841264 0.529275 1.686152 8
1.810499 0.455719 1.647220 8
1.853401 0.418497 1.698962 8
1.856584 0.361309 1.701757 8
1.887548 0.319006 1.738749 8
1.900742 0.267330 1.753818 8
1.905370 0.210700 1.758291 8
1.911092 0.154437 1.764076 8
1.939530 0.111907 1.797849 8
1.923625 0.041795 1.776873 8
1.948040 -0.003103 1.805620 8
1.933800 -0.073528 1.786602 8
1.912985 -0.149527 1.759404 8
1.925845 -0.203056 1.773759 8
1.906736 -0.279861 1.748553 8
1.895857 -0.351856 1.733460 8
1.886351 -0.423834 1.720004 8
1.846136 -0.520822 1.668476 8
1.817347 -0.610878 1.631002 8
1.767452 -0.720071 1.567295 8
1.679618 -0.863831 1.456453 8
1.603067 -1.002150 1.359444 8
1.446132 6.116918 1.272767 5
1.375923 6.103200 1.189624 5
1.355819 6.038996 1.167180 5
1.303790 6.005262 1.106053 5
1.284640 5.939887 1.084713 5
0.390382 5.539783 0.026545 5
0.374177 5.462178 0.008514 5
0.377879 5.371954 0.014430 5
0.411238 5.264052 0.056021 5
0.407109 5.180789 0.052406 5
0.370856 5.117012 0.010073 5
0.377952 5.027796 0.019896 13
0.440658 4.908537 0.096595 13
0.426881 4.833228 0.081198 13
0.439083 4.744466 0.097019 13
0.457248 4.653650 0.119968 13
0.460113 4.571449 0.124470 13
0.535210 4.455737 0.215778 13
0.519999 4.384145 0.198459 13
0.510806 4.309874 0.188341 13
0.493511 4.239177 0.168455 13
0.583072 4.124836 0.276929 13
0.559973 4.057845 0.249992 13
0.551581 3.984982 0.240694 13
0.597163 3.892827 0.296189 13
0.586308 3.821850 0.283862 13
0.600593 3.742623 0.301693 13
0.538424 3.688018 0.227692 13
0.520029 3.618792 0.206226 13
0.612954 3.518009 0.318358 12
0.638183 3.438344 0.349183 12
0.705181 3.349267 0.430099 12
0.754288 3.266683 0.489502 12
1.124013 3.115535 0.933588 12
1.189399 3.037963 1.012415 12
1.228234 2.967565 1.059349 12
1.195936 2.910839 1.020912 12
1.136606 2.857549 0.950024 12
1.211264 2.783418 1.039844 12
1.185391 2.724526 1.009042 12
1.194518 2.661006 1.020197 12
1.167544 2.601380 0.988025 12
1.120063 2.542716 0.931234 12
1.081760 2.482068 0.885426 11
1.049792 2.419990 0.847193 11
1.068463 2.355094 0.869665 11
1.044304 2.291754 0.840744 11
1.050267 2.227481 0.847923 11
1.100570 2.163727 0.908251 11
1.104181 2.100425 0.912555 11
1.098237 2.036855 0.905374 11
1.066259 1.971706 0.866942 11
0.850495 1.893126 0.608059 10
0.842646 1.825182 0.598505 10
0.833458 1.756798 0.587316 10
0.855996 1.691632 0.614153 10
0.806933 1.617887 0.555076 10
0.855671 1.556538 0.613286 10
0.837910 1.486019 0.591698 10
0.847245 1.419520 0.602587 10
0.840156 1.350054 0.593741 10
0.837963 1.281204 0.590741 10
0.812340 1.206970 0.559597 10
0.808191 1.136792 0.554187 10
0.816045 1.069276 0.563153 10
0.901218 1.022299 0.664892 10
0.831089 0.934098 0.580201 10
0.906207 0.886526 0.669831 10
0.957528 0.833606 0.730879 10
0.952516 0.763552 0.724267 10
1.005780 0.713068 0.787607 10
1.119420 0.685657 0.923448 10
1.594455 0.797134 1.493403 8
1.639216 0.755147 1.546566 8
1.652930 0.701651 1.562411 8
1.683212 0.655301 1.598145 8
1.698519 0.603026 1.615864 8
1.744851 0.565057 1.670857 8
1.737855 0.503075 1.661725 8
1.739911 0.444927 1.663447 8
1.795697 0.413627 1.729763 8
1.804847 0.359454 1.739976 8
1.809684 0.302866 1.744975 8
1.811003 0.244073 1.745713 8
1.804629 0.180487 1.737162 8
1.813022 0.124953 1.746357 8
1.830939 0.075032 1.766994 8
1.815224 0.004240 1.747103 8
1.828427 -0.049018 1.762008 8
1.833184 -0.107898 1.766712 8
1.820341 -0.179076 1.750173 8
1.821659 -0.241407 1.750665 8
1.807988 -0.314971 1.733048 8
1.766247 -0.410204 1.681524 8
1.749680 -0.488682 1.660314 8
1.729272 -0.571384 1.634419 8
1.702891 -0.660242 1.601261 8
1.630420 -0.788064 1.512376 8
1.379173 6.123649 1.317889 5
1.314936 6.103281 1.243239 5
1.316115 6.018824 1.245756 5
1.323128 5.929980 1.255123 5
1.216479 5.946263 1.130445 5
0.255495 5.673236 0.010935 0
0.265156 5.576749 0.023223 0
0.230778 5.510047 -0.016309 0
0.329140 5.358772 0.100221 5
0.347642 5.260848 0.122804 5
0.373946 5.159567 0.154526 5
0.398540 5.060834 0.184205 5
0.422881 4.963707 0.213553 13
0.411493 4.887592 0.200887 13
0.369791 4.827791 0.152583 13
0.404429 4.727844 0.193951 13
0.457417 4.620432 0.256839 13
0.489391 4.525404 0.295010 13
0.500777 4.441500 0.308973 13
0.563974 4.335130 0.383751 13
0.566598 4.257512 0.387371 13
0.531147 4.196306 0.346268 13
0.490524 4.136459 0.299079 13
0.521906 4.047924 0.336401 13
0.538333 3.966293 0.356143 13
0.575384 3.878221 0.400067 13
0.519281 3.823224 0.334642 13
0.501315 3.754471 0.313961 13
0.496406 3.681449 0.308584 13
0.467452 3.615606 0.274975 13
0.583299 3.509007 0.411239 12
0.563349 3.441789 0.388153 12
0.599306 3.360412 0.430638 12
0.701349 3.265057 0.550622 12
1.092008 3.110553 1.009126 12
1.158088 3.033376 1.086854 12
1.154460 2.971336 1.082800 12
1.132610 2.912456 1.057357 12
1.131514 2.849816 1.056242 12
1.121848 2.788480 1.045060 12
1.128947 2.724852 1.053524 12
1.178081 2.656855 1.111268 12
1.168535 2.596073 1.100180 12
1.034657 2.545229 0.943276 11
1.018191 2.482635 0.924045 11
0.986627 2.420390 0.887095 11
1.003201 2.355466 0.906578 11
1.003665 2.291423 0.907153 11
1.024959 2.227258 0.932139 11
1.042930 2.163706 0.953212 11
1.073419 2.100958 0.988949 11
1.073327 2.037964 0.988809 11
1.017815 1.972060 0.923667 11
0.817553 1.894804 0.688766 10
0.790920 1.825711 0.657452 10
0.788825 1.758123 0.654895 10
0.728030 1.683852 0.583483 10
0.754709 1.618717 0.614636 10
0.761606 1.551475 0.622573 10
0.797504 1.488845 0.664508 10
0.829415 1.426472 0.701752 10
0.805640 1.354539 0.673667 10
0.805548 1.286495 0.673342 10
0.774086 1.211484 0.636202 10
0.734775 1.133513 0.589833 10
0.781474 1.075363 0.644343 10
0.773893 1.004196 0.635162 10
0.781926 0.936893 0.644279 10
0.803086 0.873429 0.668782 10
0.919518 0.839699 0.805063 10
0.921452 0.772258 0.806983 10
0.927696 0.706055 0.813944 10
1.009978 0.666710 0.910128 10
1.060795 0.617981 0.969379 10
1.072834 0.555562 0.983102 10
1.095346 0.497398 1.009104 10
1.610206 0.645264 1.613131 8
1.588028 0.576316 1.586686 8
1.659439 0.548418 1.670118 8
1.654889 0.487088 1.664344 8
1.673706 0.436523 1.685995 8
1.674387 0.377161 1.686333 8
1.709642 0.335245 1.727268 8
1.691376 0.265646 1.705317 8
1.714818 0.217897 1.732348 8
1.718677 0.159440 1.736357 8
1.735328 0.108120 1.755384 8
1.714207 0.034278 1.729997 8
1.732647 -0.016379 1.751094 8
1.727804 -0.081644 1.744803 8
1.727873 -0.144387 1.744267 8
1.708360 -0.220750 1.720680 8
1.713445 -0.281467 1.726001 8
1.695436 -0.358837 1.704133 8
1.652519 -0.455444 1.652928 8
1.644502 -0.528376 1.642758 8
1.618723 -0.615728 1.611656 8
1.294897 6.147197 1.343486 5
1.223991 6.132165 1.262393 5
1.255186 6.019233 1.298606 5
1.253929 5.938422 1.297521 5
1.127297 5.971398 1.152407 5
0.132058 5.800170 0.013328 7
0.218350 5.650221 0.112695 0
0.272132 5.525519 0.174728 0
0.196816 5.486338 0.088575 0
0.301336 5.332882 0.208816 5
0.306555 5.244062 0.215076 5
0.272528 5.179276 0.176289 5
0.305624 5.075441 0.214524 5
0.275218 5.008735 0.179879 5
0.339717 4.890274 0.254126 13
0.380754 4.786816 0.301439 13
0.352629 4.720393 0.269389 13
0.397267 4.617782 0.320814 13
0.442050 4.517048 0.372394 13
0.457455 4.431738 0.390261 13
0.435484 4.363967 0.365241 13
0.447533 4.281376 0.379243 13
0.445378 4.205442 0.376944 13
0.455303 4.125054 0.388494 13
0.440932 4.054617 0.372168 13
0.421210 3.986058 0.349699 13
0.395153 3.919459 0.319959 13
0.416161 3.836647 0.344194 13
0.429344 3.757301 0.359447 13
0.445075 3.677888 0.377614 13
0.409539 3.614050 0.336979 13
0.562714 3.497760 0.512761 12
0.520455 3.436892 0.464401 12
0.514971 3.366031 0.458211 12
0.618454 3.270324 0.576977 12
1.049203 3.108010 1.071030 12
1.036789 3.046792 1.056866 12
1.020540 2.986072 1.038299 12
1.066456 2.914512 1.091015 12
1.079342 2.849543 1.105847 12
1.016537 2.795632 1.033880 12
1.036648 2.729642 1.056986 12
1.055568 2.664476 1.078722 12
1.053199 2.601983 1.076041 12
0.990084 2.544390 1.003701 12
0.985971 2.481122 0.999010 11
1.022376 2.415711 1.040775 11
0.991482 2.353871 1.005365 11
1.002124 2.290243 1.017579 11
1.005782 2.226996 1.021779 11
1.009329 2.163861 1.025845 11
1.026824 2.101130 1.045900 11
0.999648 2.037259 1.014729 11
0.976376 1.972762 0.988029 11
0.729494 1.892806 0.704921 10
0.714889 1.824267 0.688147 10
0.851612 1.769645 0.844889 2
0.714795 1.688883 0.687968 10
0.711584 1.620658 0.684242 10
0.719380 1.553765 0.693132 10
0.777431 1.494731 0.759644 10
0.749901 1.422818 0.728015 10
0.778660 1.360290 0.760928 10
0.738991 1.284862 0.715367 10
0.752360 1.219409 0.730621 10
0.749750 1.150517 0.727545 10
0.713144 1.073067 0.685477 10
0.746810 1.012474 0.723990 10
0.762019 0.947618 0.741332 10
0.752654 0.875882 0.730486 10
0.744114 0.803858 0.720580 10
0.801043 0.752206 0.785755 10
0.901198 0.716476 0.900505 10
0.887432 0.643661 0.884589 10
0.958855 0.601248 0.966379 10
0.980369 0.541718 0.990921 10
1.004487 0.483562 1.018444 10
1.032941 0.427607 1.050938 10
1.034132 0.360522 1.052152 10
1.085687 0.315459 1.111137 10
1.084484 0.247396 1.109595 10
1.576797 0.413724 1.674234 8
1.582104 0.355935 1.680168 8
1.596982 0.302802 1.697078 8
1.602321 0.244757 1.703039 8
1.601033 0.182894 1.701391 8
1.618920 0.131255 1.721740 8
1.641395 0.082407 1.747349 8
1.618920 0.007294 1.721371 8
1.641486 -0.041666 1.747074 8
1.639518 -0.105678 1.744617 8
1.617291 -0.183270 1.718902 8
1.601475 -0.257927 1.700536 8
1.593638 -0.328277 1.691320 8
1.576312 -0.406061 1.671203 8
1.237785 6.143788 1.400910 5
1.146392 6.147570 1.298267 5
1.170892 6.041290 1.325317 5
1.158782 5.970156 1.311407 5
1.065394 5.971606 1.206531 5
0.468047 5.691221 0.534744 5
0.424381 5.636174 0.485532 5
0.431791 5.545365 0.493531 5
0.409709 5.475248 0.468507 5
0.383863 5.407537 0.439271 5
0.310227 5.369914 0.356506 5
0.263209 5.314060 0.303560 5
0.266422 5.227160 0.306894 5
0.225261 5.166886 0.260520 5
0.269365 5.057564 0.309685 5
0.213305 5.005398 0.246629 5
0.298010 4.876838 0.341309 13
0.300153 4.794321 0.343486 13
0.328599 4.699215 0.375147 13
0.353703 4.607154 0.403073 13
0.317473 4.545185 0.362270 13
0.339860 4.455939 0.387167 13
0.316549 4.387870 0.360855 13
0.083813 4.407979 0.099820 7
0.061289 4.335734 0.074393 7
0.117474 4.232401 0.137196 7
0.107033 4.156255 0.125328 7
0.094683 4.080859 0.111326 7
0.122782 3.991477 0.142672 7
0.178061 3.894317 0.204497 3
0.369596 3.756210 0.419078 13
0.390499 3.675395 0.442387 13
0.372282 3.606645 0.421847 13
0.370870 3.533078 0.420152 12
0.533896 3.417737 0.602819 12
0.841829 3.272626 0.947961 6
0.937738 3.184695 1.055407 2
1.037736 3.098922 1.167445 12
1.014908 3.040365 1.141780 12
1.005678 2.978826 1.131366 12
0.984691 2.919124 1.107775 12
0.979721 2.856503 1.102145 12
0.975065 2.793816 1.096874 12
1.004464 2.726911 1.129793 12
0.994560 2.665228 1.118648 12
0.989863 2.602854 1.113346 12
0.985861 2.540363 1.108829 12
1.007926 2.476123 1.133545 11
0.955342 2.416351 1.074562 11
0.967748 2.352749 1.088458 11
0.955327 2.290073 1.074520 11
0.974449 2.226828 1.095956 11
0.957303 2.163879 1.076731 11
0.943034 2.100491 1.060737 11
0.966597 2.038040 1.087168 11
0.952829 1.974353 1.071745 11
0.864559 1.905378 0.972788 6
0.839289 1.838806 0.944479 6
0.846070 1.774451 0.952113 6
0.828459 1.707567 0.932404 6
0.633212 1.618209 0.713522 10
0.625313 1.548859 0.704714 10
0.668236 1.486898 0.752896 10
0.673039 1.419697 0.758341 10
0.660021 1.349257 0.743810 10
0.695104 1.287716 0.783215 10
0.689834 1.218526 0.777383 10
0.692597 1.150811 0.780563 10
0.659779 1.074425 0.743856 10
0.650038 1.002748 0.733029 10
0.707158 0.948623 0.797166 10
0.682263 0.872579 0.769361 10
0.703142 0.809277 0.792879 10
0.784110 0.765279 0.883763 10
0.835827 0.713789 0.941859 10
0.849493 0.650433 0.957302 10
0.837010 0.577761 0.943439 10
0.868513 0.520936 0.978888 10
0.897965 0.463949 1.012041 10
0.941603 0.413305 1.061099 10
0.932947 0.341571 1.051549 10
0.966194 0.287558 1.088969 10
1.007578 0.237900 1.135512 10
0.993767 0.163235 1.120201 10
1.026269 0.110208 1.156798 10
1.013281 0.034984 1.142422 10
0.998902 -0.041818 1.126495 10
0.980000 -0.121958 1.105507 10
1.014703 -0.173700 1.144592 10
0.956832 -0.277247 1.079956 10
0.942379 -0.357902 1.063978 10
0.894160 -0.459828 1.010178 10
0.847006 -0.563275 0.957585 10
0.784761 -0.678463 0.888097 10
0.490860 -0.947097 0.559128 10
0.536227 -0.999931 0.610223 10
1.108598 6.125386 1.378489 5
1.129170 6.023823 1.399831 5
1.021210 6.038892 1.281057 5
0.994718 5.979475 1.251114 5
0.732229 5.950322 0.961640 5
0.682890 5.905334 0.906780 5
0.675899 5.826297 0.898163 5
0.625523 5.780964 0.842192 5
0.584622 5.727570 0.796577 5
0.557054 5.663806 0.765539 5
0.445655 5.659402 0.642921 5
0.377942 5.621594 0.568027 5
0.361018 5.547863 0.548646 5
0.345982 5.473033 0.531350 5
0.243500 5.454522 0.418468 5
0.205887 5.392700 0.376510 5
0.161933 5.334152 0.327631 5
0.216549 5.216466 0.386577 5
0.168746 5.160141 0.333525 5
0.131741 5.096826 0.292297 5
0.239633 4.954237 0.409632 13
0.233619 4.875700 0.402366 13
0.267263 4.777253 0.438526 13
0.236881 4.712087 0.404633 13
0.220006 4.639990 0.385542 13
0.244366 4.548733 0.411614 13
0.141374 4.515749 0.298267 13
0.010719 4.491981 0.154626 13
-0.004918 4.416655 0.136944 7
-0.046092 4.351538 0.091311 7
0.002480 4.250893 0.143996 7
-0.087540 4.203578 0.044888 7
-0.024148 4.099279 0.113858 7
-0.029470 4.020693 0.107573 7
0.138098 3.885905 0.290748 3
0.149311 3.805107 0.302634 3
0.275202 3.690958 0.440215 13
0.228456 3.629432 0.388630 13
0.804402 3.400640 1.019537 6
0.847698 3.323329 1.066712 2
0.873183 3.251727 1.094382 2
0.974224 3.164227 1.204897 12
0.972106 3.101341 1.202351 12
0.958971 3.040695 1.187742 12
0.978697 2.973931 1.209173 12
0.966816 2.913089 1.195969 12
0.954229 2.852141 1.182004 12
0.955517 2.789063 1.183268 12
0.982907 2.722956 1.213166 12
0.948988 2.664306 1.175856 12
0.973442 2.599344 1.202566 12
0.939092 2.539777 1.164811 12
0.929896 2.477673 1.154653 11
0.888206 2.416980 1.108877 11
0.899116 2.353258 1.120796 11
0.902072 2.290046 1.124007 11
0.865368 2.227219 1.083742 11
0.921849 2.164015 1.145680 11
0.921530 2.101201 1.145344 11
0.906852 2.037849 1.129278 11
0.861377 1.972510 1.079456 2
0.849182 1.907970 1.066144 6
0.850527 1.844094 1.067695 6
0.853318 1.780327 1.070846 2
0.798046 1.710338 1.010347 6
0.708641 1.634524 0.912440 6
0.547482 1.546283 0.735879 10
0.615197 1.487704 0.810285 10
0.637832 1.423520 0.835279 10
0.586640 1.346613 0.779348 10
0.660278 1.292258 0.860288 10
0.615435 1.215194 0.811353 10
0.557765 1.133788 0.748380 10
0.572476 1.067692 0.764768 10
0.583455 1.000878 0.777081 10
0.625622 0.942487 0.823592 10
0.628565 0.874061 0.827129 10
0.626776 0.804073 0.825496 10
0.601086 0.726332 0.797690 10
0.723347 0.695806 0.932020 10
0.717969 0.625111 0.926501 10
0.708762 0.552593 0.916805 10
0.741949 0.495225 0.953569 10
0.793030 0.445453 1.009947 10
0.828378 0.390579 1.049100 10
0.828196 0.321621 1.049354 10
0.891598 0.279792 1.119255 10
0.859916 0.196956 1.085046 10
0.888656 0.140751 1.117017 10
0.891072 0.072425 1.120181 10
0.907887 0.010881 1.139126 10
0.896545 -0.064951 1.127268 10
0.885548 -0.141416 1.115810 10
0.852766 -0.230533 1.080537 10
0.825213 -0.318279 1.051013 10
0.800160 -0.405996 1.024254 10
0.764947 -0.501083 0.986411 10
0.726281 -0.599992 0.944823 10
0.679507 -0.705839 0.894404 10
0.697709 -0.772160 0.915063 10
0.180804 -1.191019 0.350786 10
1.055582 6.117814 1.441248 5
1.072882 6.019945 1.457845 5
1.001282 6.001998 1.380045 5
0.938485 5.974648 1.311592 5
0.859393 5.959580 1.225811 5
0.777156 5.945047 1.136670 5
0.708697 5.917240 1.062175 5
0.646954 5.882496 0.994825 5
0.627375 5.813856 0.972370 5
0.570476 5.773436 0.910200 5
0.538385 5.713551 0.874465 5
0.469969 5.679403 0.800042 5
0.376144 5.661450 0.698533 5
0.344850 5.598262 0.663688 5
0.273781 5.561257 0.586445 5
0.245930 5.494472 0.555311 5
0.111778 5.494773 0.410764 5
0.093717 5.419700 0.390106 5
0.036401 5.368264 0.327569 5
0.041779 5.278987 0.331995 5
0.039122 5.195075 0.327883 5
0.146406 5.051015 0.441271 5
0.021965 5.035139 0.307119 5
0.163806 4.877398 0.457565 13
0.150220 4.803049 0.441949 13
0.151707 4.721420 0.442482 13
0.147963 4.642807 0.437457 13
0.117475 4.576792 0.403860 13
0.066972 4.519150 0.348874 13
-0.056621 4.491612 0.215699 13
-0.169511 4.456339 0.093972 7
-0.415679 4.470935 -0.170410 13
-0.147663 4.282324 0.115599 7
-0.166151 4.207190 0.094980 7
-0.103210 4.103242 0.161584 7
-0.490193 4.153085 -0.253596 13
0.103184 3.876069 0.381181 3
0.143795 3.786769 0.424027 13
0.139396 3.712131 0.418695 13
0.122948 3.640992 0.400484 13
0.764799 3.396158 1.087687 6
0.823207 3.315489 1.149816 2
0.792962 3.257509 1.116971 2
0.821977 3.185803 1.147663 6
0.907164 3.103556 1.238597 12
0.938931 3.034143 1.272305 12
0.868148 2.983951 1.196104 12
0.924055 2.911251 1.255745 12
0.965059 2.842488 1.299440 12
0.914502 2.787307 1.244989 12
0.888654 2.727826 1.217053 12
0.866277 2.667338 1.192861 12
0.891314 2.601948 1.219538 12
0.810442 2.545561 1.132663 6
0.842450 2.479781 1.166865 11
0.855886 2.415873 1.181176 11
0.844754 2.353250 1.169163 11
0.859935 2.289784 1.185396 11
0.832182 2.227065 1.155606 11
0.862875 2.163982 1.188524 11
0.848020 2.100795 1.172617 11
0.817976 2.036636 1.140444 6
0.830444 1.973701 1.153890 2
0.814559 1.909279 1.136954 2
0.848012 1.848186 1.172954 6
0.799074 1.780418 1.120623 2
0.815416 1.718105 1.138321 6
0.757408 1.647241 1.076320 6
0.511099 1.549340 0.812446 10
0.523839 1.482803 0.826373 10
0.594255 1.425890 0.902161 10
0.575524 1.355063 0.882396 10
0.530638 1.278544 0.834623 10
0.516443 1.206889 0.819783 10
0.537016 1.142301 0.842237 10
0.515704 1.068291 0.819826 10
0.515883 0.998814 0.820478 10
0.548315 0.937623 0.855718 10
0.479510 0.848994 0.782512 10
0.536179 0.794838 0.843772 10
0.567950 0.734431 0.878377 10
0.599765 0.674703 0.913051 10
0.620517 0.611906 0.935896 10
0.600642 0.535141 0.915264 10
0.623265 0.473055 0.940167 10
0.658865 0.416275 0.978984 10
0.695612 0.360684 1.019049 10
0.717686 0.299814 1.043430 10
0.754970 0.245746 1.084107 10
0.770344 0.182753 1.101363 10
0.773742 0.114364 1.105833 10
0.759797 0.037473 1.091786 10
0.759423 -0.033639 1.092287 10
0.775495 -0.096905 1.110401 10
0.764863 -0.174004 1.099999 10
0.755734 -0.251102 1.091241 10
0.683567 -0.363765 1.015172 10
0.686707 -0.436486 1.019610 10
0.615454 -0.553089 0.944636 10
0.511616 -0.692129 0.834942 10
0.421530 -0.826676 0.740019 10
0.066548 -1.132588 0.362498 10
1.044792 6.154092 1.549790 5
0.990125 6.121701 1.490761 5
0.988090 6.041445 1.486198 5
0.976473 5.970342 1.471777 5
0.913585 5.943281 1.404298 5
0.792687 5.963026 1.276694 5
0.732792 5.929572 1.212283 5
0.675802 5.892484 1.150889 5
0.552985 5.905401 1.021181 5
0.533892 5.835912 0.999120 5
0.497183 5.779639 0.958804 5
0.503293 5.691793 0.963015 5
0.380453 5.696277 0.833226 5
0.297841 5.669495 0.745233 5
0.248607 5.618130 0.691960 5
-0.167091 5.447662 0.249200 5
-0.162853 5.357082 0.251754 5
-0.061920 5.213063 0.355225 5
-0.018052 5.103934 0.399278 5
-0.029337 5.025939 0.385852 5
0.070736 4.890972 0.488725 13
0.041319 4.824115 0.456490 13
0.087743 4.720265 0.503508 13
0.081761 4.642806 0.495846 13
0.090362 4.559041 0.503473 13
0.016007 4.512212 0.424437 13
-0.203199 4.524644 0.193965 13
-0.212088 4.445399 0.183384 7
-0.445438 4.454229 -0.061938 13
-0.502431 4.390070 -0.122804 13
-0.504242 4.304648 -0.125898 13
-0.536285 4.230060 -0.160583 13
-0.479647 4.125399 -0.102398 13
0.056554 3.870189 0.457955 3
0.049026 3.795966 0.449168 3
0.066026 3.714721 0.466112 13
0.064150 3.639427 0.463331 13
0.658734 3.409077 1.085463 6
0.778538 3.312795 1.210343 6
0.757211 3.252839 1.187400 6
0.739350 3.191709 1.168121 6
0.738350 3.126820 1.166546 6
0.736758 3.062179 1.164387 6
0.802129 2.985932 1.232465 12
0.832757 2.917258 1.264164 12
0.840251 2.852968 1.271646 12
0.839603 2.790085 1.270626 12
0.838610 2.727328 1.269279 12
0.857626 2.662543 1.288950 12
0.841774 2.601532 1.272089 12
0.816815 2.540847 1.245709 11
0.770446 2.480868 1.196905 11
0.798369 2.416021 1.226055 11
0.805647 2.352710 1.233587 11
0.780572 2.290305 1.207217 11
0.785363 2.227010 1.212209 11
0.810453 2.163995 1.238526 11
0.791783 2.100760 1.218977 11
0.762937 2.036633 1.188787 6
0.771682 1.973508 1.198064 2
0.753471 1.908898 1.179100 6
0.753635 1.845138 1.179444 6
0.762002 1.782066 1.188426 2
0.771356 1.719260 1.198477 6
0.692939 1.646217 1.116519 6
0.501323 1.555859 0.915908 10
0.473639 1.484065 0.887247 10
0.475771 1.416162 0.889886 10
0.450289 1.343352 0.863615 10
0.461236 1.276560 0.875573 10
0.438660 1.203103 0.852430 10
0.434207 1.132771 0.848324 10
0.444984 1.065653 0.860218 10
0.459767 0.999626 0.876344 10
0.504171 0.941521 0.923538 10
0.464856 0.861470 0.883064 10
0.444316 0.785475 0.862305 10
0.468402 0.722181 0.888325 10
0.499093 0.661420 0.921291 10
0.475518 0.583220 0.897480 10
0.477086 0.512772 0.900035 10
0.524356 0.458609 0.950456 10
0.548418 0.396775 0.976618 10
0.577463 0.337274 1.008023 10
0.599830 0.275578 1.032475 10
0.609765 0.208952 1.043960 10
0.637483 0.150018 1.074072 10
0.649158 0.084288 1.087448 10
0.642196 0.009808 1.081388 10
0.620346 -0.072484 1.059826 10
0.638579 -0.135927 1.080179 10
0.621236 -0.217520 1.063426 10
0.609906 -0.296940 1.053005 10
0.564253 -0.395899 1.006827 10
0.525702 -0.492827 0.968135 10
0.394936 -0.644676 0.833363 10
0.323821 -0.765929 0.760910 10
0.060480 -1.007088 0.488256 10
0.969845 6.166946 1.589288 5
0.952644 6.100424 1.568788 5
0.914021 6.052916 1.526749 5
0.903274 5.980979 1.512862 5
0.846245 5.948322 1.452317 5
0.725521 5.966711 1.327432 5
0.698544 5.906352 1.297234 5
0.657300 5.857054 1.252651 5
0.501003 5.895419 1.091654 5
0.440872 5.856988 1.027934 5
0.132385 5.650744 0.701536 5
-1.063418 6.032059 -0.524724 5
-0.196927 5.423404 0.354287 5
-0.215090 5.346411 0.333445 5
-0.227436 5.266242 0.318585 5
-0.363435 5.252786 0.177793 5
-0.322326 5.143179 0.217496 5
-0.034812 4.910500 0.508555 13
-0.109296 4.865131 0.430638 13
-0.019524 4.739740 0.520340 13
-0.039189 4.668032 0.498462 13
-0.049648 4.592085 0.486033 13
-0.096425 4.531931 0.436568 13
-0.209971 4.498617 0.318918 13
-0.371631 4.481679 0.152093 13
-0.426785 4.419181 0.094115 13
-0.500206 4.362266 0.017493 13
-0.512590 4.281767 0.003323 13
-0.568654 4.216270 -0.055475 13
-0.519134 4.114812 -0.006197 13
-0.068505 3.889081 0.453696 4
-0.007254 3.793379 0.515239 3
-0.012027 3.718571 0.509259 13
0.021166 3.633594 0.542213 13
0.617905 3.404895 1.152469 6
0.685260 3.321967 1.220652 2
0.705319 3.251965 1.240444 2
0.663227 3.196064 1.196598 2
0.682626 3.126807 1.215808 2
0.651020 3.067783 1.182788 2
0.733401 2.988326 1.266662 12
0.730702 2.924822 1.263368 12
0.750153 2.858158 1.282832 12
0.777016 2.791176 1.309944 12
0.746654 2.731751 1.278417 12
0.775539 2.665451 1.307696 12
0.739051 2.605886 1.269967 12
0.674588 2.547503 1.203581 12
0.719824 2.480601 1.249766 11
0.743061 2.416057 1.273429 11
0.686810 2.354925 1.215591 11
0.682050 2.291209 1.210620 11
0.729967 2.227015 1.259736 11
0.774024 2.164119 1.304935 11
0.744725 2.100916 1.274920 11
0.713462 2.036823 1.242933 11
0.677397 1.971610 1.206066 2
0.711101 1.909689 1.240817 6
0.712735 1.846218 1.242712 2
0.761240 1.786932 1.292727 2
0.638481 1.711208 1.167120 6
0.576780 1.639163 1.104197 6
0.362449 1.545303 0.884806 10
0.337713 1.472875 0.859914 10
0.361323 1.407316 0.884645 10
0.345261 1.335423 0.868747 10
0.356488 1.268031 0.880874 10
0.381531 1.203566 0.907208 10
0.366661 1.131057 0.892682 10
0.388865 1.066432 0.916197 10
0.370138 0.992288 0.897821 10
0.357242 0.918905 0.885475 10
0.353912 0.847528 0.882980 10
0.394246 0.788290 0.925246 10
0.365516 0.709242 0.896844 10
0.387294 0.644980 0.920202 10
0.372733 0.569125 0.906417 10
0.407831 0.509599 0.943496 10
0.424155 0.444073 0.961407 10
0.447571 0.381346 0.986615 10
0.491288 0.326830 1.032617 10
0.468893 0.246708 1.011085 10
0.503035 0.189111 1.047382 10
0.504828 0.118206 1.050673 10
0.502176 0.044989 1.049481 10
0.501609 -0.027746 1.050474 10
0.527762 -0.088184 1.078790 10
0.495186 -0.177128 1.047239 10
0.485271 -0.256029 1.038876 10
0.425879 -0.361543 0.980150 10
0.394617 -0.454253 0.950191 10
0.344317 -0.558983 0.900929 10
0.354763 -0.631248 0.913619 10
0.227643 -0.784210 0.786366 10
0.892625 6.099544 1.623582 5
0.896071 6.015568 1.623230 5
0.827190 5.993707 1.551875 5
0.702282 6.016559 1.425381 5
0.655073 5.972898 1.375296 5
0.571808 5.956951 1.289704 5
-0.320389 5.721663 0.373632 5
-0.364175 5.658377 0.327035 5
-0.296494 5.528247 0.391180 5
-0.353180 5.472729 0.331915 5
-0.352118 5.383616 0.330090 5
-1.273828 5.799412 -0.589438 5
-0.139369 4.929008 0.531337 13
-0.144064 4.848846 0.524301 13
-0.157511 4.773152 0.508615 13
-0.191665 4.706965 0.472345 13
-0.231862 4.642884 0.430098 13
-0.207586 4.550594 0.452243 13
-0.343102 4.525169 0.314949 13
-0.403699 4.466474 0.252459 13
-0.451697 4.401605 0.202592 13
-0.490847 4.332485 0.161611 13
-0.501721 4.252624 0.148949 13
-0.510926 4.172249 0.138025 13
-0.477514 4.078121 0.169799 13
-0.258488 3.927651 0.387376 3
-0.091269 3.799051 0.553291 3
-0.117024 3.729911 0.526184 3
-0.119962 3.654194 0.521980 13
-0.120717 3.578091 0.520026 13
0.056669 3.459433 0.696579 12
0.605762 3.261878 1.245676 2
0.615561 3.194262 1.254628 2
0.627460 3.126672 1.265743 2
0.677766 3.052481 1.315417 12
0.676539 2.988626 1.313497 12
0.659316 2.927383 1.295592 12
0.650617 2.864568 1.286285 12
0.662579 2.798951 1.297751 12
0.667086 2.734628 1.301795 12
0.669844 2.670696 1.304140 12
0.639636 2.609839 1.273466 12
0.677005 2.543166 1.310639 12
0.670170 2.480278 1.303518 11
0.686635 2.416141 1.319829 11
0.691995 2.352868 1.325049 11
0.679942 2.290123 1.312850 11
0.731233 2.226634 1.364266 11
0.684231 2.163877 1.317102 11
0.701223 2.101142 1.334205 11
0.698768 2.038193 1.331846 11
0.636086 1.972282 1.269110 2
0.636345 1.908481 1.269581 2
0.613017 1.842874 1.246441 2
0.628409 1.779998 1.262203 2
0.302262 1.682575 0.935411 10
0.284902 1.611925 0.918454 10
0.296381 1.544438 0.930481 10
0.299740 1.475993 0.934421 10
0.308697 1.408397 0.944031 10
0.296192 1.337250 0.932180 10
0.299949 1.268614 0.936693 10
0.289979 1.197201 0.927505 10
0.295734 1.128681 0.934139 10
0.273867 1.053890 0.913154 10
0.298184 0.989385 0.938502 10
0.288322 0.916668 0.929670 10
0.267008 0.840383 0.909437 10
0.266598 0.769165 0.910202 10
0.268662 0.698422 0.913505 10
0.283592 0.631470 0.929741 10
0.283063 0.559650 0.930571 10
0.296279 0.492188 0.945210 10
0.310728 0.425240 0.961139 10
0.327340 0.359189 0.979284 10
0.330889 0.288300 0.984434 10
0.365410 0.229460 1.020580 10
0.389631 0.167037 1.046486 10
0.380023 0.090548 1.038680 10
0.390060 0.022053 1.050547 10
0.356052 -0.066606 1.018552 10
0.364690 -0.136627 1.029164 10
0.379293 -0.203923 1.045784 10
0.333963 -0.301226 1.002771 10
0.287038 -0.401190 0.958282 10
0.218398 -0.514604 0.892303 10
0.180260 -0.613967 0.856804 10
0.106073 -0.735300 0.785583 10
-0.099513 -0.935390 0.583960 10
0.788359 6.137090 1.636173 5
0.815271 6.032684 1.657529 5
0.762234 5.996744 1.602458 5
0.739221 5.935247 1.576192 5
0.568211 5.991963 1.407943 5
-0.361382 5.792224 0.471720 5
-0.361692 5.702447 0.467668 5
-0.370411 5.618395 0.455578 5
-0.384084 5.537628 0.438781 5
-0.457752 5.491288 0.363873 5
-1.292857 5.865851 -0.450130 5
-1.627336 5.945332 -0.778745 5
-0.430497 4.615790 0.361112 13
-0.565827 4.587442 0.226687 13
-0.573083 4.505413 0.217241 13
-0.554460 4.413810 0.233148 13
-0.515533 4.315753 0.268991 13
-0.538936 4.240930 0.244048 13
-0.544079 4.159684 0.237024 13
-0.544934 4.077255 0.234276 13
-0.508143 3.983578 0.268434 13
-0.529553 3.908277 0.245756 13
-0.473950 3.811199 0.298519 13
-0.396340 3.710112 0.372939 13
-0.454389 3.645496 0.314645 13
-0.160867 3.496104 0.600740 12
-0.128069 3.413296 0.631631 12
0.481332 3.210645 1.227602 2
0.542412 3.132385 1.286502 2
0.605144 3.055650 1.347110 12
0.617067 2.989347 1.357991 12
0.611637 2.926193 1.351923 12
0.598417 2.864116 1.338276 12
0.610403 2.798563 1.349412 12
0.609992 2.734855 1.348453 12
0.595549 2.672641 1.333790 12
0.597413 2.608689 1.335185 12
0.555278 2.548112 1.293470 12
0.577822 2.482542 1.315282 11
0.587386 2.418237 1.324420 11
0.587181 2.354554 1.324033 11
0.605775 2.290513 1.342159 11
0.590659 2.227215 1.327261 11
0.582546 2.163562 1.319299 11
0.626905 2.100744 1.362896 11
0.588706 2.036328 1.325530 11
0.418789 1.964658 1.158964 2
0.561150 1.907280 1.298921 2
0.536662 1.841341 1.275204 2
0.509186 1.774423 1.248621 2
0.182845 1.676513 0.928896 10
0.209793 1.610153 0.955869 10
0.198097 1.539478 0.945001 10
0.204757 1.470977 0.952205 10
0.182165 1.397997 0.930793 10
0.194874 1.330229 0.944065 10
0.185856 1.258700 0.936105 10
0.188201 1.188997 0.939354 10
0.198346 1.120826 0.950314 10
0.209985 1.053087 0.962805 10
0.175705 0.974582 0.930387 10
0.200973 0.909876 0.956365 10
0.176994 0.832606 0.934193 10
0.176225 0.760911 0.934820 10
0.176121 0.689145 0.936172 10
0.163663 0.613330 0.925515 10
0.177117 0.545207 0.940276 10
0.194629 0.478538 0.959070 10
0.191062 0.404709 0.957332 10
0.204683 0.336713 0.972461 10
0.208971 0.265258 0.978545 10
0.228847 0.199697 0.999917 10
0.233665 0.128238 1.006662 10
0.244197 0.058958 1.019055 10
0.233633 -0.019580 1.010956 10
0.234166 -0.093828 1.013759 10
0.235799 -0.167961 1.017716 10
0.203410 -0.258787 0.988639 10
0.164195 -0.354395 0.953038 10
0.116363 -0.456031 0.909187 10
0.052178 -0.568169 0.849583 10
-0.034320 -0.694801 0.768469 10
-0.072572 -0.797832 0.734376 10
-0.240672 -0.976652 0.574461 10
0.713743 6.148108 1.678691 5
0.757476 6.029931 1.714444 5
0.704346 5.993806 1.659995 5
0.671549 5.940262 1.624564 5
0.522200 5.978245 1.480150 5
-0.444511 5.798901 0.525522 5
-0.415454 5.691234 0.548698 5
-0.402436 5.594658 0.556869 5
-0.476439 5.549465 0.482820 5
-0.544299 5.499169 0.414607 5
-1.581556 5.978732 -0.572362 5
-0.615542 3.831213 0.289831 13
-0.698803 3.689147 0.206622 13
-0.304642 3.514598 0.582456 12
-0.248659 3.425702 0.634647 12
-0.106679 3.320702 0.769349 12
0.397163 3.149612 1.250996 2
0.550867 3.055423 1.397304 12
0.533117 2.994120 1.379363 12
0.519227 2.931878 1.365189 12
0.540626 2.864444 1.384929 12
0.514181 2.803747 1.358854 12
0.526216 2.738086 1.369760 12
0.524154 2.674242 1.367215 12
0.515711 2.610972 1.358618 12
0.539898 2.545158 1.381405 12
0.504394 2.483616 1.346976 11
0.520045 2.418795 1.361715 11
0.506160 2.355408 1.348175 11
0.538646 2.290753 1.379217 11
0.501389 2.227440 1.343382 11
0.538556 2.163637 1.379060 11
0.524943 2.099805 1.366063 11
0.507117 2.035455 1.349093 11
0.390789 1.966022 1.237651 11
0.104866 1.883311 0.963521 10
0.095418 1.813160 0.954838 10
0.124845 1.746058 0.983539 10
0.088418 1.673095 0.949124 10
0.109673 1.605603 0.970135 10
0.116878 1.536805 0.977740 10
0.106595 1.465646 0.968648 10
0.110118 1.396210 0.972877 10
0.076250 1.320501 0.941335 10
0.071191 1.248932 0.937500 10
0.083701 1.180475 0.950585 10
0.085885 1.110050 0.953852 10
0.102463 1.042685 0.970987 10
0.120629 0.975953 0.989714 10
0.089024 0.897164 0.960865 10
0.093573 0.826763 0.966719 10
0.065628 0.747305 0.941563 10
0.089357 0.681787 0.965933 10
0.085067 0.608177 0.963583 10
0.077161 0.533034 0.957864 10
0.089669 0.464148 0.971742 10
0.080428 0.387815 0.964926 10
0.100450 0.321420 0.986142 10
0.100611 0.247859 0.988477 10
0.095130 0.171785 0.985521 10
0.093661 0.096816 0.986486 10
0.104447 0.026536 0.999220 10
0.111160 -0.045564 1.008159 10
0.096072 -0.127555 0.996433 10
0.071346 -0.214817 0.975649 10
0.061462 -0.296195 0.969099 10
0.010706 -0.398269 0.923822 10
-0.029222 -0.496854 0.888987 10
-0.125254 -0.626174 0.801055 10
-0.154400 -0.723219 0.776785 10
-0.164774 -0.811384 0.770451 10
0.557351 6.227958 1.647838 5
0.651859 6.066807 1.727958 5
0.632435 6.002238 1.704808 5
0.585842 5.959389 1.657011 5
0.464575 5.973829 1.541152 5
-0.507049 5.792620 0.599027 5
-0.455616 5.672035 0.641677 5
-0.535651 5.630784 0.563180 5
-0.557312 5.554374 0.538629 5
-1.622636 6.058553 -0.450886 5
-1.684436 5.988172 -0.513142 5
-0.310078 3.349380 0.694197 12
-0.183404 3.249806 0.811507 12
0.439224 3.065404 1.393859 12
0.462886 2.996503 1.414997 12
0.435187 2.936147 1.388061 12
0.439817 2.870701 1.391521 12
0.428995 2.807418 1.380567 12
0.428600 2.742780 1.379474 12
0.455074 2.675568 1.403677 12
0.440307 2.612656 1.389260 12
0.331381 2.556230 1.286543 12
0.460296 2.482924 1.407146 11
0.442234 2.419817 1.389874 11
0.442131 2.355680 1.389538 11
0.427600 2.291851 1.375736 11
0.451370 2.227403 1.397974 11
0.444578 2.163384 1.391597 11
0.435093 2.099128 1.382772 11
0.459086 2.035707 1.405456 11
0.069276 1.953860 1.039759 11
-0.014390 1.879830 0.961566 10
-0.010688 1.809866 0.965476 10
-0.020744 1.738762 0.956561 10
0.009571 1.671304 0.985620 10
0.029227 1.603370 1.004759 10
-0.000104 1.529734 0.978024 10
-0.016250 1.457038 0.963753 10
-0.010470 1.387122 0.970138 10
0.000296 1.318051 0.981286 10
-0.017187 1.244092 0.966039 10
-0.010740 1.174098 0.973315 10
-0.024836 1.099903 0.961433 10
-0.008202 1.031862 0.978432 10
-0.022532 0.956903 0.966522 10
-0.021911 0.885024 0.968706 10
-0.027119 0.811440 0.965529 10
-0.018698 0.741201 0.975198 10
-0.031102 0.664998 0.965485 10
0.003655 0.602334 0.999956 10
-0.005800 0.526507 0.993190 10
-0.021481 0.448108 0.980715 10
-0.060500 0.361032 0.946567 10
-0.046512 0.291371 0.962007 10
0.004567 0.235455 1.012124 10
-0.035206 0.145871 0.977616 10
-0.046389 0.066166 0.969883 10
-0.041665 -0.007681 0.977075 10
-0.046416 -0.085798 0.975551 10
-0.046358 -0.162328 0.978611 10
-0.094081 -0.260938 0.937374 10
-0.122023 -0.352088 0.914677 10
-0.148828 -0.443943 0.893180 10
-0.217570 -0.557887 0.832938 10
-0.349003 -0.706412 0.714799 10
-0.342239 -0.786556 0.724949 10
-0.416627 -0.910969 0.660114 10
0.553751 6.096469 1.750427 5
0.545022 6.022769 1.736594 5
0.508430 5.971412 1.698165 5
0.419804 5.959554 1.613552 5
-0.591151 5.799546 0.652959 5
-0.553153 5.687323 0.681862 5
-0.605548 5.629253 0.629534 5
-0.622625 5.550296 0.609119 5
-1.676027 6.040974 -0.346713 5
-1.767047 5.986446 -0.434524 5
0.021842 3.268932 1.115494 2
-0.302580 3.260318 0.816779 12
0.369557 3.067743 1.431424 12
0.366580 3.003064 1.427535 12
0.364788 2.938257 1.424821 12
0.346766 2.875739 1.407311 12
0.375136 2.807117 1.432445 12
0.374822 2.742507 1.431359 12
0.339013 2.681436 1.397789 12
0.361992 2.614538 1.418256 12
0.240337 2.558644 1.306052 11
0.364569 2.485261 1.419648 11
0.359494 2.421035 1.414634 11
0.369825 2.356212 1.423854 11
0.372675 2.291828 1.426295 11
0.358366 2.227644 1.413067 11
0.385890 2.163365 1.438341 11
0.355353 2.098666 1.410390 11
0.381321 2.034992 1.434409 11
0.202683 1.962665 1.270665 11
0.016550 1.885219 1.100154 2
-0.154628 1.803951 0.943495 10
-0.107905 1.736580 0.986966 10
-0.130897 1.663555 0.966546 10
-0.156339 1.589576 0.943982 10
-0.133147 1.520852 0.966142 10
-0.143101 1.448096 0.957991 10
-0.128477 1.378646 0.972481 10
-0.141708 1.304911 0.961528 10
-0.161863 1.229468 0.944335 10
-0.127535 1.163659 0.977177 10
-0.165456 1.083957 0.943918 10
-0.173679 1.009485 0.937980 10
-0.139467 0.944328 0.970997 10
-0.143210 0.870681 0.969363 10
-0.162700 0.792695 0.953430 10
-0.149355 0.722801 0.967642 10
-0.184909 0.639208 0.937253 10
-0.170732 0.569133 0.952437 10
-0.173488 0.493935 0.952254 10
-0.158999 0.423960 0.967923 10
-0.154730 0.350647 0.974365 10
-0.206733 0.257421 0.929606 10
-0.168901 0.195180 0.966878 10
-0.189907 0.111401 0.950636 10
-0.179368 0.039060 0.963245 10
-0.196272 -0.044487 0.950996 10
-0.183249 -0.116313 0.966090 10
-0.216218 -0.208126 0.939507 10
-0.250339 -0.301794 0.912039 10
-0.306161 -0.406890 0.865054 10
-0.361921 -0.513995 0.818326 10
-0.422099 -0.625336 0.767804 10
-0.571870 -0.784203 0.636412 10
-0.650824 -0.911101 0.569422 10
0.472676 6.111490 1.789492 5
0.467669 6.034700 1.778486 5
0.437692 5.977846 1.746040 5
0.336267 5.974922 1.651791 5
-0.630319 5.868752 0.753047 5
-0.626423 5.776798 0.750537 5
-0.678239 5.718317 0.699257 5
-0.749826 5.670235 0.630656 5
-1.772098 6.150765 -0.274889 5
-1.723086 6.020270 -0.237981 5
-1.778085 5.946834 -0.292553 5
-0.046051 3.340644 1.164450 2
0.019340 3.257256 1.221335 2
0.008928 3.189935 1.210450 2
0.002750 3.121760 1.203460 2
0.274720 3.008739 1.445929 12
0.264448 2.944736 1.435539 12
0.295757 2.874960 1.462540 12
0.298366 2.809609 1.463905 12
0.291140 2.745495 1.456546 12
0.300394 2.679689 1.464071 12
0.263193 2.618078 1.430001 12
0.218798 2.556082 1.389560 12
0.272672 2.487316 1.437436 11
0.279825 2.422081 1.443469 11
0.249481 2.358269 1.415931 11
0.282016 2.292491 1.444950 11
0.286858 2.227741 1.449202 11
0.260339 2.162919 1.425387 11
0.270789 2.098123 1.434869 11
0.281409 2.033587 1.444600 11
0.133915 1.962189 1.312459 11
-0.035659 1.885687 1.160616 2
-0.030653 1.817117 1.165628 2
-0.058808 1.745846 1.140977 2
-0.282878 1.654884 0.940613 10
-0.273636 1.583574 0.949773 10
-0.288270 1.509489 0.937621 10
-0.267805 1.439666 0.957065 10
-0.290607 1.363846 0.937813 10
-0.279909 1.292705 0.948714 10
-0.312790 1.214112 0.920665 10
-0.310989 1.141003 0.923818 10
-0.313471 1.066921 0.923248 10
-0.324633 0.990745 0.915022 10
-0.307143 0.920579 0.932562 10
-0.318112 0.843853 0.924744 10
-0.303541 0.773084 0.939890 10
-0.335973 0.689969 0.913127 10
-0.316243 0.620329 0.933113 10
-0.334931 0.539720 0.918894 10
-0.303473 0.473698 0.949571 10
-0.337459 0.387333 0.921956 10
-0.333287 0.312472 0.928519 10
-0.350783 0.229912 0.915894 10
-0.327579 0.161217 0.939658 10
-0.322790 0.085941 0.947133 10
-0.341357 0.001404 0.933959 10
-0.366080 -0.086472 0.915465 10
-0.382365 -0.171904 0.904628 10
-0.399511 -0.258547 0.893181 10
-0.428800 -0.351455 0.871125 10
-0.506181 -0.467585 0.806635 10
-0.552801 -0.571851 0.769632 10
-0.744184 -0.748158 0.604791 10
-1.892039 -1.408262 -0.404915 9
-1.865393 -1.498227 -0.375560 9
-1.840633 -1.589055 -0.347728 9
0.371146 6.142305 1.812488 5
0.386016 6.049558 1.817710 5
0.362331 5.987527 1.790666 5
0.278463 5.970515 1.712931 5
-0.735833 5.888511 0.789808 5
-0.694786 5.774172 0.818501 5
-0.822733 5.759715 0.702576 5
-1.800581 6.222731 -0.142937 5
-1.777894 6.106664 -0.130399 5
-1.772704 6.001315 -0.132666 5
-1.923212 5.978061 -0.268809 5
-0.041894 3.326872 1.275495 2
-0.009818 3.251090 1.301779 2
-0.007794 3.181861 1.301875 2
0.023373 3.107816 1.327625 2
0.181561 3.014470 1.464846 12
0.181866 2.948447 1.463827 12
0.183799 2.882328 1.464345 12
0.166497 2.818688 1.448099 12
0.186879 2.750625 1.465019 12
0.161099 2.687569 1.441542 12
0.158761 2.621992 1.438741 12
0.165760 2.555768 1.444243 12
0.180288 2.489345 1.456465 11
0.196765 2.423249 1.470507 11
0.174604 2.358833 1.450729 11
0.206315 2.292852 1.478364 11
0.166220 2.228147 1.443048 11
0.169116 2.162702 1.445591 11
0.180814 2.097493 1.455970 11
0.162248 2.031606 1.439880 11
0.011223 1.959333 1.307592 2
0.001927 1.891288 1.299870 2
0.009308 1.824128 1.306900 2
-0.009202 1.754959 1.291313 2
-0.024237 1.685585 1.278892 2
-0.552160 1.560288 0.816566 10
-0.571484 1.482911 0.800712 10
-0.535239 1.412362 0.833725 10
-0.557890 1.333993 0.815207 10
-0.557493 1.258585 0.817027 10
-0.594619 1.176583 0.786090 10
-0.560374 1.106682 0.817823 10
-0.585607 1.025721 0.797577 10
-0.628732 0.940154 0.761814 10
-0.596796 0.870086 0.791887 10
-0.614163 0.788962 0.778947 10
-0.639895 0.705078 0.758838 10
-0.613116 0.634106 0.784766 10
-0.581285 0.564990 0.815215 10
-0.566424 0.491547 0.830957 10
-0.545166 0.420167 0.852399 10
-0.550533 0.340661 0.850742 10
-0.523726 0.271312 0.877260 10
-0.497882 0.202046 0.903047 10
-0.517010 0.117147 0.889810 10
-0.466377 0.057176 0.937395 10
-0.491183 -0.030661 0.919507 10
-0.528100 -0.124331 0.891278 10
-0.518370 -0.200245 0.903713 10
-0.611357 -0.319829 0.827238 10
-0.610643 -0.401363 0.832205 10
-0.693677 -0.521126 0.764851 10
-0.748557 -0.630538 0.722121 10
-0.810158 -0.745175 0.673833 10
-1.834853 -1.337510 -0.205288 9
-1.807889 -1.425301 -0.175854 9
-1.749979 -1.496778 -0.119622 9
-1.737280 -1.591479 -0.102193 9
0.286484 6.077691 1.843409 5
0.265475 6.013062 1.818494 5
0.205670 5.977164 1.761797 5
-0.845741 6.001244 0.831794 5
-0.813371 5.890816 0.851621 5
-0.827309 5.809197 0.833032 5
-0.861653 5.739490 0.797535 5
-1.722077 6.130978 0.070191 5
-1.724180 6.031077 0.061118 5
-1.797156 5.969337 -0.007259 5
-1.963588 5.954377 -0.154132 5
-0.203613 3.418858 1.244441 6
-0.130602 3.332744 1.304814 6
-0.050342 3.247253 1.371572 2
-0.062590 3.180905 1.359285 2
-0.063086 3.112390 1.357182 2
0.074188 3.022288 1.473271 12
0.052712 2.958800 1.453462 12
0.098232 2.886022 1.491212 12
0.070398 2.823271 1.466182 12
0.063768 2.757641 1.459449 12
0.073407 2.690393 1.466792 12
0.071230 2.624426 1.464114 12
0.081960 2.557576 1.472630 12
0.070125 2.492325 1.461893 11
0.066372 2.426465 1.458207 11
0.070969 2.360282 1.461808 11
0.065960 2.294420 1.457276 11
0.055021 2.228484 1.447767 11
0.079770 2.162502 1.469020 11
0.070122 2.096489 1.460850 11
0.068053 2.030457 1.459304 11
-0.025513 1.960326 1.379315 2
-0.059854 1.891157 1.350304 2
-0.047812 1.824285 1.361234 2
-0.139128 1.749215 1.283569 6
-0.132805 1.680988 1.289838 6
-0.768035 1.544238 0.745813 10
-0.826460 1.460320 0.696910 10
-0.844969 1.380094 0.682399 10
-0.908968 1.292687 0.629037 10
-2.347732 0.986876 -0.602337 9
-1.662448 1.006062 -0.013024 9
-0.813266 1.072517 0.716400 10
-1.464773 0.866610 0.160714 10
-1.113110 0.853121 0.464065 10
-1.060852 0.782142 0.511214 10
-0.868199 0.745188 0.678499 10
-0.888606 0.660308 0.663708 10
-0.813877 0.599417 0.730333 10
-0.816658 0.519051 0.730875 10
-0.788873 0.447102 0.757642 10
-0.749779 0.378994 0.794170 10
-0.709192 0.312096 0.832076 10
-0.695848 0.237108 0.846890 10
-0.688794 0.160038 0.856487 10
-0.673608 0.085700 0.873139 10
-0.665751 0.008760 0.883699 10
-0.696494 -0.082928 0.861635 10
-0.701218 -0.165597 0.861838 10
-0.736868 -0.261310 0.835997 10
-0.769790 -0.357233 0.812680 10
-0.826926 -0.464936 0.769093 10
-0.935334 -0.597516 0.682433 10
-1.068668 -0.744993 0.575078 10
-1.824684 -1.191783 -0.057062 9
-1.821699 -1.289776 -0.048186 9
-1.878611 -1.418323 -0.089521 9
-1.846498 -1.503128 -0.055698 9
0.202446 6.093174 1.883358 5
0.176207 6.032158 1.854152 5
0.145349 5.974399 1.821371 5
0.033644 5.974147 1.723776 5
-0.932914 6.100461 0.895380 5
-0.839315 5.951800 0.963541 5
-0.853710 5.870790 0.944254 5
-0.938990 5.831155 0.867364 5
-1.691701 6.067818 0.237775 5
-1.794886 6.024065 0.145635 5
-1.935028 5.997397 0.023212 5
-0.284238 3.351843 1.281228 6
-0.122254 3.249543 1.414663 2
-0.112917 3.179127 1.420554 2
-0.120747 3.111981 1.412205 2
-0.070937 3.035790 1.452275 12
-0.050869 2.965235 1.467576 12
-0.040882 2.896614 1.474564 12
-0.037842 2.829167 1.475858 12
-0.041842 2.762633 1.471375 12
-0.033533 2.694933 1.477345 12
-0.054867 2.629908 1.458568 12
-0.054165 2.562909 1.458405 12
-0.039463 2.495197 1.470120 11
-0.053464 2.429143 1.457867 11
-0.042169 2.361989 1.466975 11
-0.020462 2.294945 1.484952 11
-0.043688 2.228735 1.465325 11
-0.025007 2.162212 1.481011 11
-0.037947 2.095560 1.470270 11
-0.069968 2.027979 1.443635 11
-0.112255 1.959131 1.408511 2
-0.113896 1.891471 1.407639 2
-0.127382 1.822916 1.396953 2
-0.288691 1.742025 1.262349 6
-0.235114 1.677093 1.308216 6
-1.864481 1.435429 -0.057493 9
-1.844785 1.347979 -0.039464 9
-1.797862 1.264458 0.001552 9
-1.823504 1.171578 -0.018103 9
-1.794087 1.086486 0.008555 9
-1.804889 0.995197 0.001682 10
-1.640678 0.935142 0.141510 9
-1.558993 0.863063 0.212331 10
-1.416171 0.805466 0.334399 10
-1.269428 0.752141 0.459799 10
-1.051583 0.718804 0.644656 10
-1.041648 0.639972 0.655835 10
-1.083217 0.547913 0.624173 10
-0.991611 0.490510 0.703810 10
-0.947153 0.421865 0.744204 10
-0.910953 0.351656 0.777832 10
-0.882461 0.279726 0.805162 10
-0.870693 0.202863 0.818706 10
-0.807769 0.143134 0.874926 10
-0.846213 0.049467 0.847025 10
-0.854328 -0.034587 0.844514 10
-0.862671 -0.119282 0.841992 10
-0.871996 -0.204937 0.838838 10
-0.935762 -0.313038 0.790805 10
-0.987768 -0.418362 0.752773 10
-1.094140 -0.548747 0.670090 10
-1.411285 -0.775441 0.413823 10
-1.868904 -1.075100 0.042494 9
-1.844373 -1.161853 0.069242 9
-1.881964 -1.278431 0.045060 9
-1.867855 -1.370957 0.063643 9
-1.861254 -1.467499 0.076258 9
0.084999 6.052055 1.889714 5
0.062132 5.988059 1.863265 5
-0.024428 5.969001 1.787123 5
-0.952984 6.066350 1.005589 5
-0.952324 5.975338 0.997787 5
-0.991267 5.908273 0.958776 5
-0.979102 5.811379 0.960527 5
-1.623900 6.083184 0.439365 5
-1.694143 6.023890 0.375114 5
-1.846007 6.006653 0.245749 5
-1.916199 5.943508 0.181601 5
-0.200677 3.252992 1.453218 2
-0.191739 3.182453 1.458477 2
-0.178978 3.111643 1.467013 2
-0.179294 3.043298 1.464986 12
-0.167628 2.973369 1.472914 12
-0.164992 2.905009 1.473587 12
-0.151038 2.835491 1.483675 12
-0.151361 2.767904 1.482200 12
-0.193510 2.704250 1.446551 12
-0.141077 2.632067 1.488622 12
-0.168893 2.566666 1.464993 12
-0.158720 2.498531 1.472669 11
-0.168126 2.431532 1.464412 11
-0.165157 2.363955 1.466446 11
-0.171439 2.296645 1.461020 11
-0.158176 2.229076 1.471774 11
-0.192819 2.161542 1.443334 11
-0.153709 2.094512 1.475575 11
-0.152272 2.027272 1.477023 11
-0.209006 1.957540 1.430858 2
-0.173232 1.891497 1.460759 2
-0.170699 1.824043 1.463511 2
-0.927684 1.695883 0.843269 6
-0.928351 1.618779 0.843796 6
-1.856961 1.444503 0.083511 9
-1.813992 1.360828 0.120327 9
-1.825710 1.271023 0.112480 9
-1.829383 1.181936 0.111409 9
-1.852011 1.089690 0.094994 9
-1.846965 1.001333 0.101431 9
-1.781636 0.923723 0.157379 9
-1.671045 0.856228 0.250485 10
-1.456252 0.812565 0.428877 10
-1.402724 0.739156 0.475489 10
-1.198595 0.701391 0.645226 10
-1.245722 0.607804 0.609859 10
-1.193800 0.537994 0.655509 10
-1.142216 0.469166 0.701002 10
-1.100465 0.398642 0.738602 10
-1.083549 0.321652 0.756109 10
-1.048491 0.250357 0.788527 10
-0.988198 0.187702 0.841588 10
-1.021898 0.095179 0.818408 10
-0.979843 0.027533 0.856922 10
-0.993505 -0.059240 0.850382 10
-1.047266 -0.161550 0.811562 10
-1.058152 -0.249194 0.807702 10
-1.152284 -0.370492 0.736748 10
-1.215507 -0.482007 0.691100 10
-1.439505 -0.663599 0.516055 10
-1.775318 -0.900379 0.251504 9
-1.828169 -1.019395 0.215536 9
-1.829702 -1.116567 0.221144 9
-1.822276 -1.210029 0.234173 9
-1.778246 -1.285879 0.276766 9
-1.866917 -1.427968 0.213220 9
-0.058325 6.109214 1.887197 5
-0.046840 6.019569 1.886714 5
-0.131274 5.997829 1.813382 5
-0.186304 5.954155 1.762466 5
-0.744456 5.980522 1.299067 5
-1.008876 6.054719 1.086425 5
-1.010315 5.965406 1.076534 5
-1.152538 5.958507 0.957880 5
-1.251880 5.923887 0.872344 5
-1.567490 6.006742 0.618792 5
-1.759613 6.014817 0.460775 5
-1.905836 5.994062 0.338307 5
-1.079148 3.407883 0.853199 6
-0.950030 3.305997 0.953979 2
-0.961637 3.230640 0.942414 2
-0.344815 3.059327 1.434095 12
-0.341219 2.989264 1.435217 12
-0.330842 2.918534 1.441923 12
-0.340914 2.850526 1.432394 12
-0.336678 2.780883 1.434477 12
-0.327500 2.710974 1.440672 12
-0.357651 2.644471 1.415474 12
-0.302546 2.571594 1.458803 12
-0.296798 2.502812 1.462693 11
-0.323770 2.435604 1.440474 11
-0.349284 2.367730 1.419566 11
-0.336720 2.298566 1.429358 11
-0.330277 2.229758 1.434384 11
-0.331381 2.161066 1.433497 11
-0.336575 2.092268 1.429474 11
-0.317962 2.024052 1.444701 11
-0.415568 1.951320 1.366815 2
-0.434574 1.880481 1.352155 2
-0.438414 1.810149 1.349813 2
-1.000256 1.695546 0.900094 6
-1.954409 1.531369 0.136155 9
-1.864308 1.451872 0.209881 9
-1.912520 1.358470 0.172909 9
-1.840052 1.279210 0.232831 9
-1.851280 1.189863 0.225873 9
-1.912031 1.092548 0.179464 9
-1.846981 1.014313 0.233952 9
-1.855142 0.924547 0.230027 9
-1.763218 0.853360 0.306314 9
-1.688548 0.780772 0.368930 10
-1.516219 0.730753 0.509660 10
-1.473866 0.655346 0.546681 10
-1.385179 0.591853 0.620803 10
-1.376473 0.510219 0.631266 10
-1.312858 0.443065 0.685644 10
-1.288802 0.366309 0.708645 10
-1.232834 0.299127 0.757187 10
-1.210720 0.222861 0.778939 10
-1.192134 0.145757 0.798048 10
-1.192284 0.062691 0.802455 10
-1.179194 -0.016186 0.817548 10
-1.182971 -0.101010 0.819455 10
-1.250805 -0.209713 0.770885 10
-1.286696 -0.308424 0.747867 10
-1.370016 -0.427029 0.687665 10
-1.582728 -0.600602 0.525777 10
-1.591508 -0.694902 0.525113 10
-1.885756 -0.912994 0.300096 9
-1.883646 -1.007592 0.308736 9
-1.890908 -1.106917 0.310249 9
-1.883264 -1.199918 0.323694 9
-1.894212 -1.302253 0.322811 9
-1.953295 -1.429414 0.284572 9
-0.184564 6.070379 1.891020 5
-0.210449 6.006726 1.862230 5
-0.277202 5.970514 1.803179 5
-0.392077 5.964733 1.708251 5
-0.686436 6.072063 1.479021 5
-0.730031 6.013341 1.436958 5
-0.818304 5.981550 1.361474 5
-0.964228 5.982607 1.242612 5
-1.094106 5.970719 1.135665 5
-1.235307 5.962306 1.020052 5
-1.417102 5.973325 0.873597 5
-1.604752 5.983120 0.722473 5
-1.803362 5.994202 0.562798 5
-1.058901 3.313066 0.982865 2
-1.097978 3.241686 0.949889 2
-1.177904 3.175661 0.885100 2
-0.556065 3.010506 1.369726 12
-0.543558 2.937670 1.377779 12
-0.577061 2.870506 1.349959 12
-0.549822 2.796407 1.369875 12
-0.538097 2.724449 1.377805 12
-0.495471 2.650430 1.410121 12
-0.532024 2.582741 1.380525 12
-0.515003 2.511325 1.393090 11
-0.535527 2.441942 1.376367 11
-0.513188 2.370810 1.393421 11
-0.516455 2.300701 1.390546 11
-0.528468 2.230581 1.380966 11
-0.509673 2.160362 1.395710 11
-0.524361 2.089987 1.384344 11
-0.517338 2.019896 1.390165 11
-0.991714 1.929687 1.018563 2
-1.060608 1.849973 0.965210 2
-1.037552 1.774637 0.984143 2
-0.972407 1.703092 1.036234 6
-2.257202 1.511165 0.030461 9
-1.885730 1.457673 0.323148 9
-2.433403 1.307856 -0.104096 9
-1.895112 1.282106 0.319483 9
-1.832335 1.203326 0.370757 9
-1.856425 1.112830 0.354224 9
-1.945047 1.011080 0.287438 9
-1.860089 0.937416 0.356599 9
-1.848058 0.851983 0.368917 9
-1.717966 0.790225 0.473612 10
-1.643368 0.719700 0.535082 10
-1.746175 0.611029 0.458323 10
-1.593730 0.559973 0.580802 10
-1.524570 0.491724 0.638453 10
-1.495169 0.414558 0.665283 10
-1.461332 0.339085 0.695725 10
-1.413876 0.268087 0.736905 10
-1.400244 0.187897 0.751965 10
-1.391334 0.106293 0.763544 10
-1.384609 0.023904 0.773618 10
-1.412424 -0.070249 0.757148 10
-1.434987 -0.163600 0.744988 10
-1.444421 -0.253117 0.743216 10
-1.553488 -0.380565 0.664785 10
-1.638048 -0.501691 0.605649 10
-1.792410 -0.653345 0.493147 10
-1.905312 -0.792274 0.413041 9
-1.902576 -0.885268 0.422199 9
-1.870133 -0.965592 0.454375 9
-1.949128 -1.095989 0.401370 9
-1.919074 -1.178157 0.432187 9
-1.917563 -1.273719 0.441388 9
-1.910049 -1.366813 0.455415 9
-0.316960 6.033835 1.892246 5
-0.381507 5.995236 1.835547 5
-0.481344 5.978408 1.753235 5
-0.605131 5.974613 1.653398 5
-0.746674 5.978986 1.540447 5
-0.867777 5.967517 1.442255 5
-0.981059 5.948601 1.349678 5
-1.147701 5.958166 1.217817 5
-1.388321 6.005732 1.031273 5
-1.479331 5.964371 0.954642 5
-1.597465 5.935778 0.857982 5
-1.815159 5.957038 0.687573 5
-1.183334 3.087843 0.994646 12
-1.150493 3.005725 1.017773 12
-1.228522 2.937058 0.956233 12
-1.299175 2.786787 0.899007 12
-1.268472 2.705400 0.921239 12
-1.264531 2.626567 0.923158 12
-1.378012 2.554173 0.835262 12
-1.072621 2.461682 1.068624 11
-1.081892 2.385856 1.060982 11
-1.025617 2.308665 1.103774 11
-1.004551 2.233038 1.119750 11
-1.043990 2.157558 1.089510 11
-0.985438 2.082882 1.134580 11
-1.069577 2.005341 1.070424 11
-1.193690 1.846528 0.976539 2
-2.409045 1.504904 0.048881 9
-2.095877 1.444270 0.290413 9
-1.911061 1.376487 0.433753 9
-1.913398 1.289584 0.433986 9
-1.932028 1.200267 0.421964 9
-1.990823 1.104374 0.379451 9
-1.879188 1.034401 0.467432 9
-1.900989 0.943833 0.453615 9
-1.895224 0.857679 0.461067 9
-1.915828 0.766274 0.448606 9
-1.865729 0.688993 0.490283 9
-1.807948 0.614425 0.537975 9
-1.763271 0.537981 0.575841 9
-1.746628 0.455496 0.592537 10
-1.643715 0.395473 0.675012 10
-1.655552 0.306660 0.670405 10
-1.583216 0.241118 0.729909 10
-1.580628 0.156484 0.736640 10
-1.598916 0.065201 0.727767 10
-1.585097 -0.016553 0.743434 10
-1.608394 -0.110627 0.731239 10
-1.615543 -0.200035 0.731495 10
-1.674853 -0.308634 0.692640 10
-1.789000 -0.439410 0.612797 10
-1.817616 -0.540677 0.597757 9
-1.900576 -0.664589 0.542163 9
-1.892274 -0.753725 0.555473 9
-1.898409 -0.849167 0.558190 9
-2.048548 -1.007804 0.453371 9
-1.920284 -1.046181 0.557228 9
-1.885415 -1.124724 0.591351 9
-1.882020 -1.217761 0.602196 9
-0.577479 6.079543 1.805060 5
-0.638801 6.035506 1.751216 5
-0.702879 5.992090 1.695472 5
-0.792350 5.963130 1.621719 5
-0.971016 5.986009 1.484350 5
-1.098958 5.974684 1.382919 5
-1.176864 5.931666 1.317185 5
-1.422766 5.981412 1.130941 5
-2.295746 1.432215 0.270550 9
-2.265528 1.345473 0.295138 9
-1.921593 1.298196 0.554499 9
-2.418007 1.144884 0.185795 9
-1.901592 1.129162 0.574277 9
-1.918339 1.040527 0.564504 9
-1.958040 0.947403 0.537831 9
-1.990167 0.854553 0.517057 9
-1.929527 0.778878 0.565676 9
-1.956562 0.686285 0.549151 9
-1.915727 0.607729 0.583392 10
-1.906790 0.522559 0.594085 9
-1.796936 0.461953 0.679990 9
-1.808666 0.372688 0.675701 9
-1.782938 0.292921 0.699439 9
-1.753116 0.214666 0.726401 9
-1.746463 0.130097 0.736389 10
-1.795787 0.028361 0.705185 10
-1.781087 -0.054604 0.721598 10
-1.814522 -0.153362 0.702687 10
-1.884042 -0.265600 0.657461 9
-1.908778 -0.364057 0.645574 9
-1.975321 -0.478813 0.603225 9
-1.908551 -0.545080 0.659176 9
-1.912905 -0.637912 0.663069 9
-1.861301 -0.708633 0.708216 9
-1.845867 -0.793544 0.727049 9
-2.256887 -1.061788 0.434599 9
-2.018277 -1.053469 0.617122 9
-1.908779 -1.098298 0.705353 9
-1.994113 -1.232059 0.651954 9
-2.281960 1.352623 0.413660 9
-2.101370 1.285639 0.547857 9
-2.067149 1.203113 0.575292 9
-1.906290 1.139759 0.695350 9
-1.886565 1.057775 0.712563 9
-2.224203 0.915487 0.469466 9
-2.014834 0.864310 0.625414 9
-1.927679 0.794290 0.692415 9
-1.910149 0.711866 0.708900 9
-1.977014 0.611344 0.664239 9
-2.027477 0.512775 0.631799 9
-1.981164 0.436093 0.669894 9
-1.964691 0.352737 0.686525 9
-2.342335 0.165117 0.417835 9
-2.339474 0.073526 0.425319 9
-1.919252 0.102368 0.734822 9
-1.953080 0.004342 0.715981 9
-1.969693 -0.089408 0.709856 9
-1.835372 -0.134732 0.812771 9
-1.920440 -0.251208 0.757791 9
-1.921179 -0.340582 0.763831 9
-1.936263 -0.435523 0.759826 9
-1.963147 -0.535626 0.747643 9
-1.983853 -0.634384 0.740194 9
-1.960130 -0.716288 0.764810 9
-1.870840 -0.770962 0.836440 9
-1.972312 -0.904893 0.772185 9
-1.972291 -0.997403 0.780646 9
-2.007612 -1.106288 0.764275 9
-2.294151 1.360132 0.533657 9
-2.240591 1.278310 0.574227 9
-2.250148 1.189225 0.569982 9
-2.154802 1.114950 0.640762 9
-1.976401 1.055726 0.770875 9
-1.899526 0.983474 0.828783 9
-1.974380 0.885622 0.778889 9
-1.990871 0.797009 0.770800 9
-1.930955 0.723338 0.817252 9
-1.930856 0.638038 0.821406 9
-2.063491 0.522467 0.731640 9
-2.001786 0.449869 0.780012 9
-1.985036 0.367254 0.796715 9
-1.927564 0.295470 0.842445 9
-1.955832 0.201309 0.827747 9
-1.935661 0.120061 0.847530 9
-1.943278 0.030741 0.847935 9
-1.953889 -0.059978 0.846494 9
-1.967764 -0.152307 0.843027 9
-1.957293 -0.237149 0.856941 9
-2.001153 -0.340884 0.832977 9
-1.914894 -0.399372 0.900517 9
-1.948911 -0.500706 0.884004 9
-2.026158 -0.619808 0.837628 9
-1.967680 -0.687518 0.886348 9
-1.942263 -0.767664 0.912189 9
-2.006144 -0.885128 0.876167 9
-2.195406 -1.058902 0.753560 9
-2.492497 -1.285929 0.557002 9
-2.491844 1.347395 0.522693 9
-2.466249 1.260809 0.543012 9
-2.332638 1.188898 0.638802 9
-2.338697 1.099958 0.637509 9
-2.123275 1.044966 0.790563 9
-2.047155 0.971664 0.846818 9
-2.017147 0.891773 0.871204 9
-1.994274 0.811062 0.890848 9
-1.948398 0.735324 0.926668 9
-1.999771 0.639803 0.895268 9
-1.993367 0.555836 0.904188 9
-1.987985 0.471568 0.912640 9
-1.943159 0.396968 0.948597 9
-1.973198 0.303775 0.933044 9
-1.990446 0.213097 0.926610 9
-2.082023 0.100723 0.869243 9
-2.186673 -0.017946 0.803285 9
-2.148580 -0.095612 0.835877 9
-2.006285 -0.139467 0.940196 9
-1.995984 -0.223866 0.954037 9
-2.029323 -0.323291 0.938251 9
-2.017482 -0.407827 0.953681 9
-2.017044 -0.496606 0.961576 9
-2.017326 -0.586009 0.969253 9
-2.001959 -0.669669 0.987854 9
-2.065357 -0.785122 0.953204 9
-2.314698 -0.979860 0.792919 9
-2.424988 -1.121649 0.727639 9
-2.449068 1.095743 0.688344 9
-2.332021 1.025033 0.771161 9
-2.277435 0.946584 0.811730 9
-2.203347 0.872655 0.865732 9
-2.125620 0.800940 0.922378 9
-2.018000 0.736776 0.999439 9
-1.993151 0.657501 1.020617 9
-2.024435 0.566155 1.004068 9
-2.000726 0.486715 1.024954 9
-1.988824 0.404715 1.038097 9
-2.016510 0.312607 1.024799 9
-2.024316 0.224948 1.025185 9
-2.018268 0.140734 1.035159 9
-2.331107 -0.036614 0.831243 9
-2.330874 -0.126599 0.838105 9
-2.135526 -0.155366 0.975922 9
-2.020896 -0.206219 1.059667 9
-2.033366 -0.297749 1.058583 9
-2.005700 -0.375815 1.084562 9
-2.034964 -0.474217 1.072862 9
-2.099112 -0.586750 1.038322 9
-2.226695 -0.725747 0.962125 9
-2.458436 -0.909794 0.817533 9
-2.546758 0.915746 0.756396 9
-2.405446 0.851245 0.853936 9
-2.333732 0.776885 0.905551 9
-2.230056 0.710266 0.978480 9
-2.175319 0.635640 1.019229 9
-2.139499 0.557919 1.047694 9
-2.066919 0.489303 1.100603 9
-2.024293 0.414877 1.133952 9
-2.043584 0.325489 1.126786 9
-2.055080 0.237492 1.125035 9
-2.026654 0.160043 1.149761 9
-2.032592 0.073080 1.152195 9
-2.036335 -0.013629 1.156348 9
-2.025415 -0.096131 1.170362 9
-2.029221 -0.183434 1.175025 9
-2.083828 -0.288168 1.146887 9
-2.167017 -0.404428 1.100559 9
-2.266740 -0.528924 1.043966 9
-2.397279 -0.667569 0.967919 9
-2.445714 0.683693 0.960209 9
-2.403931 0.604765 0.991976 9
-2.328445 0.533907 1.045663 9
-2.296477 0.454609 1.071540 9
-2.282389 0.371536 1.086165 9
-2.242600 0.295018 1.117536 9
-2.204452 0.218742 1.148072 9
-2.216060 0.129457 1.146987 9
-2.223113 0.040954 1.149116 9
-2.241339 -0.051298 1.144414 9
-2.277921 -0.149914 1.128339 9
-2.318756 -0.251029 1.109922 9
-2.352013 -0.350883 1.096697 9
-2.471614 -0.481491 1.029098 9
-2.550998 0.415099 1.032347 9
-2.499868 0.338850 1.070265 9
-2.462551 0.260094 1.099755 9
-2.509280 0.160101 1.076960 9
-2.469496 0.082273 1.108527 9
-2.488847 -0.011619 1.103475 9
-2.507101 -0.105897 1.099442 9
-2.535452 -0.203954 1.089476 9
-1.670838 6.011204 -1.019569 5
-1.701948 6.072481 -0.980759 5
-1.760711 6.141818 -0.923323 5
-1.686814 6.166659 -0.958287 5
-1.589276 6.185536 -1.009224 5
-1.536916 6.219804 -1.028875 5
-1.420334 6.236515 -1.092067 5
-1.004391 6.173214 -1.356962 5
-0.844814 6.186690 -1.446905 5
-0.546417 6.168425 -1.628860 5
-0.377919 6.187844 -1.722701 5
-1.771923 5.991518 -0.898530 5
-1.763487 6.038099 -0.887674 5
-1.861918 6.121576 -0.804158 5
-1.834188 6.159978 -0.807309 5
-1.844335 6.210905 -0.784998 5
-1.565455 6.171143 -0.956902 5
-1.519609 6.207449 -0.971595 5
-1.426139 6.230721 -1.017844 5
-0.996405 6.162714 -1.285570 5
-0.539450 6.096979 -1.568440 5
-0.426896 6.128740 -1.623657 5
-0.315211 6.162868 -1.677889 5
-0.154844 6.187861 -1.763174 5
-1.745083 5.975447 -0.850501 5
-1.833749 6.057279 -0.774674 5
-1.903986 6.130118 -0.712133 5
-1.859741 6.162307 -0.726256 5
-1.846586 6.205271 -0.719856 5
-1.643060 6.188537 -0.838302 5
-1.441756 6.176871 -0.954095 5
-0.340548 6.034765 -1.613283 5
-0.303377 6.087737 -1.618376 5
-0.252008 6.137676 -1.632563 5
-0.139090 6.174026 -1.685573 5
-1.705761 5.954699 -0.810678 5
-1.839351 6.053315 -0.707063 5
-1.886444 6.117981 -0.661030 5
-1.860131 6.156280 -0.663100 5
-1.815763 6.188924 -0.676859 5
-1.701172 6.200130 -0.735455 5
-0.203365 6.052481 -1.595754 5
-0.137816 6.099836 -1.617937 5
-0.074036 6.148680 -1.638944 5
0.033340 6.188802 -1.686574 5
-1.895486 6.067831 -0.608167 5
-1.882411 6.110620 -0.601585 5
-1.864409 6.151652 -0.598289 5
-1.827146 6.186409 -0.607213 5
-1.687138 6.189160 -0.680221 5
-1.570780 6.202020 -0.737840 5
-0.057378 6.005090 -1.599054 5
-0.063473 6.071601 -1.576867 5
0.001544 6.120739 -1.597749 5
0.070859 6.169966 -1.621119 5
0.256759 6.195333 -1.713681 5
-1.959092 6.085313 -0.507136 5
-1.909265 6.114233 -0.523648 5
-1.878347 6.150410 -0.528420 5
-1.850908 6.188087 -0.531100 5
-1.668411 6.176733 -0.628190 5
-1.529392 6.182582 -0.697972 5
0.006214 6.044393 -1.531875 5
0.030868 6.103688 -1.528262 5
0.124120 6.147544 -1.564780 5
0.257726 6.184350 -1.624441 5
-1.978605 6.086873 -0.435576 5
-1.965085 6.128273 -0.429768 5
-1.936061 6.164295 -0.433422 5
-1.881019 6.192013 -0.452645 5
-1.859556 6.231387 -0.451808 5
-1.423259 6.143157 -0.695827 5
0.060005 6.021060 -1.476714 5
0.069222 6.084486 -1.464083 5
0.136317 6.134466 -1.484579 5
0.298044 6.164906 -1.558458 5
0.504105 6.189334 -1.656627 5
-1.926863 6.015198 -0.421620 5
-1.991972 6.086291 -0.368942 5
-1.966219 6.123058 -0.370468 5
-1.905271 6.147933 -0.392655 5
-1.898742 6.191976 -0.382998 5
-1.908864 6.241158 -0.363899 5
-0.000784 5.961403 -1.374550 5
0.037052 6.017070 -1.378029 5
0.039976 6.081616 -1.362150 5
0.201359 6.109267 -1.434270 5
0.434185 6.124381 -1.545093 5
0.532346 6.172340 -1.581103 5
-2.009601 6.041355 -0.314436 5
-1.975060 6.074617 -0.320849 5
-1.922691 6.101933 -0.337489 5
-1.888362 6.136347 -0.343715 5
-1.917305 6.192340 -0.314064 5
-1.901320 6.232806 -0.310158 5
-1.372711 6.113855 -0.593698 5
-1.351369 6.158645 -0.591378 5
0.012686 5.948367 -1.297593 5
0.066301 5.999976 -1.309412 5
0.129330 6.050077 -1.326309 5
0.205397 6.098143 -1.350158 5
0.530962 6.092228 -1.507711 5
0.600210 6.147024 -1.526929 5
0.739894 6.188878 -1.583454 5
-2.018754 6.039616 -0.252012 5
-1.965540 6.065698 -0.268732 5
-1.957621 6.108923 -0.259998 5
-1.976732 6.161344 -0.236417 5
-1.948007 6.196895 -0.239605 5
-1.818288 6.200035 -0.298284 5
-1.376936 6.108421 -0.526497 5
0.014044 5.873065 -1.232073 5
-0.015959 5.946648 -1.198681 5
-0.056230 6.021774 -1.160296 5
0.183175 6.027052 -1.270093 5
0.191946 6.091211 -1.257673 5
0.650397 6.054805 -1.480401 5
0.663044 6.122663 -1.469206 5
0.742296 6.176995 -1.492658 5
-2.003468 5.982246 -0.217139 5
-1.970002 6.015701 -0.222379 5
-1.968149 6.061326 -0.210305 5
-2.021644 6.126558 -0.168310 5
-1.990427 6.160608 -0.172719 5
-1.967685 6.197885 -0.172577 5
-1.824111 6.196005 -0.237108 5
-1.143804 6.028532 -0.586288 5
0.059666 5.851138 -1.172828 5
-0.007081 5.935029 -1.120957 5
0.060588 5.982365 -1.139211 5
0.144237 6.026851 -1.165561 5
0.216531 6.075459 -1.185903 5
0.798719 6.010600 -1.465388 5
0.796773 6.083029 -1.446540 5
0.836873 6.146487 -1.449133 5
1.010110 6.184809 -1.518428 5
-1.957196 5.911591 -0.198989 5
-1.956537 5.958531 -0.186050 5
-2.009150 6.025613 -0.144755 5
-1.962308 6.053859 -0.157051 5
-1.937311 6.090734 -0.157677 5
-1.988363 6.154450 -0.118297 5
-1.985747 6.198442 -0.107541 5
-1.861440 6.202356 -0.160300 5
-1.265848 6.060085 -0.456339 5
0.011053 5.789992 -1.082215 5
-0.013374 5.862579 -1.052804 5
0.015321 5.919818 -1.050664 5
0.033673 5.979960 -1.043419 5
0.183403 6.007475 -1.102032 5
0.850988 6.060211 -1.381987 5
0.886281 6.125031 -1.381830 5
0.990898 6.176772 -1.415506 5
-1.947001 5.949667 -0.134525 5
-1.968824 6.004922 -0.110319 5
-1.965095 6.049666 -0.099719 5
-1.963584 6.094915 -0.088158 5
-1.973823 6.143954 -0.070766 5
-1.963666 6.185460 -0.064021 5
-1.815849 6.181639 -0.127103 5
-1.831884 6.232805 -0.107018 5
-0.007664 5.786666 -0.991197 5
0.033507 5.840380 -0.994954 5
0.048106 5.901805 -0.985665 5
0.032976 5.970892 -0.962006 5
0.257415 5.979360 -1.055194 5
0.979611 6.021149 -1.352458 5
0.959014 6.098700 -1.325186 5
1.060737 6.151468 -1.356176 5
-0.660798 3.370168 -1.349067 2
-1.964364 5.998103 -0.057064 5
-2.045957 6.074922 -0.003628 5
-1.997647 6.102060 -0.016026 5
-1.950857 6.130497 -0.027558 5
-1.951172 6.175741 -0.015664 5
-1.867281 6.192852 -0.045411 5
-1.825174 6.224849 -0.054397 5
-0.007816 5.777990 -0.910465 5
0.030750 5.832254 -0.912723 5
0.071180 5.886434 -0.915904 5
0.102252 5.943545 -0.914658 5
1.083925 5.987093 -1.309028 5
0.984808 6.082011 -1.245750 5
1.138387 6.124495 -1.299447 5
1.260128 6.175837 -1.338064 5
-2.126611 0.539849 -1.741641 9
-1.102316 3.115861 -1.181661 12
-1.001342 3.115577 -1.217407 12
-0.898153 3.115424 -1.254036 12
-0.814466 3.134361 -1.277749 6
-0.754743 3.175079 -1.286099 2
-0.844197 3.340573 -1.201515 6
-0.649853 3.269929 -1.293753 2
-0.272634 3.058543 -1.496388 12
-1.945399 5.985669 -0.011368 5
-1.993172 6.049955 0.024120 5
-2.012497 6.102315 0.045264 5
-1.981436 6.135999 0.041708 5
-1.985904 6.182225 0.055258 5
-1.898535 6.197580 0.024670 5
0.048627 5.686368 -0.873458 5
-0.062875 5.785720 -0.804686 5
0.050095 5.817896 -0.841650 5
0.089195 5.872469 -0.843920 5
0.127268 5.927757 -0.845738 5
1.176029 5.955496 -1.258148 5
1.109741 6.044529 -1.211001 5
1.038479 6.132757 -1.162194 5
1.290345 6.158138 -1.257530 5
-2.116617 -0.012484 -1.834026 9
-2.117228 0.179675 -1.765668 9
-2.142567 0.411687 -1.676170 9
-2.161420 0.622154 -1.596343 9
-2.221697 0.899911 -1.480775 9
-2.274096 1.152226 -1.376632 9
-2.212277 1.195960 -1.379737 9
-2.017843 1.014463 -1.501405 9
-1.967579 1.082201 -1.492958 9
-0.858446 2.488255 -1.376495 12
-1.131210 2.860660 -1.165226 12
-1.211976 3.034532 -1.082451 12
-1.211876 3.126833 -1.053213 12
-1.107060 3.120397 -1.091071 12
-1.020610 3.132901 -1.116804 12
-0.946345 3.157772 -1.134600 6
-0.922913 3.227907 -1.120856 6
-0.889977 3.289171 -1.113292 6
-0.827795 3.325664 -1.123685 6
-0.801731 3.392270 -1.112342 6
-0.787645 3.467845 -1.094190 6
-0.524935 3.348140 -1.223025 2
-0.063887 3.084087 -1.465682 12
0.083983 3.257968 -1.466166 2
0.141185 3.310641 -1.471016 2
-1.957811 5.985499 0.049395 5
-1.936035 6.023245 0.050779 5
-2.000906 6.092944 0.093128 5
-1.976557 6.129022 0.092945 5
-1.949624 6.164418 0.091525 5
-1.913162 6.196916 0.085662 5
-0.075787 5.716419 -0.736067 5
0.043309 5.745513 -0.774721 5
0.063481 5.805273 -0.768077 5
0.128284 5.852702 -0.781684 5
0.151591 5.912160 -0.776563 5
1.280516 5.920951 -1.211091 5
1.256831 6.002052 -1.183430 5
1.163797 6.096195 -1.126047 5
1.325918 6.139425 -1.179353 5
-2.121093 -0.179857 -1.778924 9
-2.073163 -0.079033 -1.757736 9
-2.140026 0.243880 -1.627994 9
-2.179721 0.500829 -1.528727 9
-2.230327 0.767497 -1.423170 9
-2.225836 0.922918 -1.371518 9
-2.241025 1.107741 -1.304322 9
-2.260056 1.292349 -1.236220 9
-2.111688 1.186697 -1.315346 9
-2.035469 1.207096 -1.330893 9
-1.842186 1.039242 -1.444475 9
-1.744324 1.031608 -1.476125 9
-0.935938 2.249614 -1.331138 11
-0.903450 2.323852 -1.318346 11
-1.316904 2.855256 -1.017360 12
-1.301257 2.935215 -0.997548 12
-1.346461 3.073810 -0.939679 12
-1.340552 3.159340 -0.915180 12
-1.239795 3.153646 -0.950260 12
-1.083613 3.098834 -1.018917 12
-1.073004 3.180257 -0.997597 12
-0.935845 3.148027 -1.053264 6
-0.904647 3.211331 -1.044581 2
-0.913324 3.308082 -1.012516 6
-0.847830 3.341131 -1.024742 6
-0.813231 3.400165 -1.018857 6
-0.744056 3.431291 -1.033151 6
-0.637647 3.434205 -1.068618 6
-0.448236 3.375732 -1.150701 2
-0.048675 3.164678 -1.349794 2
-0.100270 3.295752 -1.293820 2
-0.019098 3.328564 -1.312375 2
0.099849 3.336052 -1.351469 6
0.161270 3.385327 -1.358695 6
-1.912436 5.962742 0.082425 5
-2.008177 6.045607 0.138332 5
-1.989168 6.083534 0.140769 5
-1.946821 6.113203 0.132489 5
-1.965010 6.164409 0.151762 5
-1.922416 6.194546 0.143353 5
-0.096243 5.649744 -0.664625 5
-0.047707 5.699410 -0.670699 5
-0.001646 5.750450 -0.675639 5
0.113025 5.782235 -0.710765 5
0.180739 5.829181 -0.724954 5
0.189098 5.893047 -0.713180 5
1.290659 5.983343 -1.104910 5
1.258499 6.065522 -1.074542 5
1.253825 6.141373 -1.056035 5
1.395841 6.190144 -1.098767 5
-2.281232 -0.023500 -1.570762 9
-2.127263 -0.145158 -1.653436 9
-2.255101 0.306804 -1.468026 9
-2.235607 0.449930 -1.425957 9
-2.235717 0.625302 -1.367903 9
-2.230999 0.785045 -1.316496 9
-2.272454 1.022805 -1.226547 9
-2.298308 1.223450 -1.153333 9
-2.284171 1.347270 -1.116781 9
-2.193766 1.338231 -1.145558 9
-2.043773 1.233032 -1.222907 9
-1.923777 1.182844 -1.273843 9
-1.849325 1.208597 -1.287082 9
-1.735645 1.174642 -1.331182 9
-0.912380 2.116049 -1.283962 11
-1.216606 2.552559 -1.054955 12
-1.347078 2.791101 -0.941155 12
-1.363767 2.905010 -0.901302 12
-1.350344 2.985899 -0.881109 12
-1.413912 3.141250 -0.814059 12
-1.334882 3.154563 -0.835353 12
-1.207505 3.123546 -0.885525 12
-1.073571 3.089679 -0.938768 12
-1.028231 3.139527 -0.938663 12
-0.904487 3.119765 -0.984657 12
-0.908478 3.213969 -0.955680 2
-0.933447 3.324266 -0.915256 2
-0.834863 3.329103 -0.946171 6
-0.803442 3.390704 -0.938646 6
-0.687247 3.384159 -0.978880 6
-0.546288 3.360726 -1.032279 2
-0.431693 3.360746 -1.070331 2
-0.015788 3.137293 -1.272489 2
-0.037656 3.246879 -1.234133 2
-0.035196 3.336888 -1.209577 2
0.061168 3.359681 -1.235569 2
0.108826 3.417550 -1.235473 6
-1.906500 5.955431 0.134052 5
-1.967014 6.024954 0.172588 5
-1.951731 6.064629 0.176815 5
-1.960650 6.112962 0.191689 5
-1.977856 6.163606 0.210006 5
-1.905268 6.183392 0.188783 5
-0.145584 5.657693 -0.565905 5
0.012940 5.672203 -0.619321 5
0.078529 5.717840 -0.632190 5
0.113950 5.773253 -0.632046 5
1.228910 5.985153 -0.987114 5
1.284332 6.048703 -0.993283 5
1.293372 6.122036 -0.980603 5
1.304700 6.194785 -0.969005 5
-2.137960 -0.513672 -1.658456 9
-2.326577 0.094283 -1.412322 9
-2.304489 0.240356 -1.371262 9
-2.255059 0.326267 -1.356995 9
-2.286408 0.567398 -1.271307 9
-2.318738 0.800421 -1.188071 9
-2.269851 0.873238 -1.178219 9
-2.324232 1.131455 -1.081167 9
-2.298131 1.236930 -1.054908 9
-2.256971 1.313248 -1.042170 9
-2.229283 1.410527 -1.019175 9
-2.090119 1.321445 -1.086200 9
-2.049172 1.396346 -1.074195 9
-1.962232 1.397313 -1.098470 9
-1.749068 1.205856 -1.218833 9
-1.679397 1.240626 -1.227878 9
-0.855019 1.942006 -1.257144 2
-1.367396 2.615963 -0.901118 12
-1.527836 2.887890 -0.771636 12
-1.379121 2.826619 -0.835241 12
-1.383774 2.927147 -0.804246 12
-1.476550 3.114086 -0.720864 12
-1.382330 3.111110 -0.750888 12
-1.299059 3.120690 -0.773960 12
-1.206019 3.122558 -0.802411 12
-1.160953 3.170703 -0.802610 12
-0.999716 3.113537 -0.869626 12
-0.950536 3.160235 -0.871740 12
-0.867893 3.177990 -0.892779 12
-0.889767 3.286129 -0.855146 2
-0.829939 3.323790 -0.863515 2
-0.712393 3.314894 -0.903499 6
-0.648527 3.351467 -0.913673 6
-0.516576 3.335448 -0.960476 2
-0.088656 3.095614 -1.164813 12
-0.020568 3.138150 -1.175019 2
-0.033421 3.240814 -1.142585 2
-0.007708 3.313959 -1.130879 2
0.064880 3.353601 -1.143688 6
0.151234 3.384681 -1.163431 6
-1.942594 5.964736 0.203792 5
-1.956200 6.015859 0.220731 5
-1.926702 6.050275 0.218802 5
-1.945240 6.102284 0.237514 5
-1.948568 6.148210 0.249483 5
-1.875457 6.167972 0.228862 5
-0.012783 5.606560 -0.545922 5
0.015779 5.663059 -0.542753 5
0.146023 5.688914 -0.581980 5
1.327267 5.952606 -0.935230 5
1.346170 6.024482 -0.926321 5
1.354109 6.098525 -0.913219 5
1.356099 6.173477 -0.897952 5
1.491962 6.224780 -0.934820 5
-2.169546 -0.637357 -1.574887 9
-2.266195 -0.212579 -1.417587 9
-2.325180 0.112981 -1.301058 9
-2.275672 0.201707 -1.286495 9
-2.263999 0.363395 -1.239521 9
-2.332466 0.674889 -1.125218 9
-2.315668 0.811162 -1.087679 9
-2.264183 0.878453 -1.080722 9
-2.290631 1.085197 -1.010192 9
-2.264733 1.191629 -0.984582 9
-2.211124 1.247133 -0.982135 9
-2.253161 1.462845 -0.904976 9
-2.127299 1.394350 -0.960167 9
-2.031537 1.379099 -0.991059 9
-1.959317 1.403320 -1.003631 9
-1.914596 1.470527 -0.995730 9
-1.797595 1.428030 -1.041038 9
-0.910248 1.773753 -1.192341 6
-1.124968 2.136004 -1.024545 11
-1.422560 2.577878 -0.809519 12
-1.409777 2.664839 -0.788268 12
-1.486108 2.845438 -0.713884 12
-1.476115 2.930129 -0.692650 12
-1.538561 3.087560 -0.629199 12
-1.472398 3.111150 -0.642297 12
-1.383240 3.112968 -0.668546 12
-1.287648 3.110369 -0.698068 12
-1.205896 3.122854 -0.719266 12
-1.148157 3.158996 -0.726662 12
-1.092968 3.197945 -0.732596 12
-1.002928 3.206351 -0.757734 12
-0.867547 3.177005 -0.807281 12
-0.789266 3.199582 -0.825095 6
-0.780626 3.281455 -0.805298 2
-0.621895 3.239496 -0.865785 2
-0.593795 3.305957 -0.856407 2
-0.510586 3.328741 -0.876082 2
-0.230884 3.202218 -0.997360 12
-0.002224 3.121683 -1.090436 2
0.034906 3.187702 -1.084405 2
0.084904 3.244225 -1.085054 2
0.106766 3.320706 -1.071657 2
0.201673 3.346267 -1.094879 2
-1.930052 5.954914 0.251477 5
-1.952169 6.009382 0.271599 5
-1.920402 6.042876 0.268881 5
-1.968703 6.105640 0.299508 5
-1.889460 6.122355 0.276993 5
-1.899852 6.170844 0.291584 5
0.019049 5.588128 -0.481805 5
0.070653 5.637548 -0.487845 5
0.182638 5.669267 -0.518170 5
1.416934 5.921731 -0.878209 5
1.410669 5.999602 -0.859518 5
1.427237 6.072469 -0.849715 5
1.443808 6.145321 -0.840024 5
1.500772 6.211064 -0.845606 5
-2.259866 -0.630992 -1.436074 9
-2.266026 -0.398628 -1.364701 9
-2.227007 -0.273650 -1.337101 9
-2.326455 0.137005 -1.188847 9
-2.305980 0.283828 -1.150212 9
-2.327267 0.508300 -1.077799 9
-2.347257 0.721016 -1.009328 9
-2.335063 0.864255 -0.969943 9
-2.299849 0.959876 -0.950770 9
-2.202440 0.940602 -0.981953 9
-2.382446 1.412456 -0.795391 9
-2.313585 1.436204 -0.806569 9
-2.221078 1.420859 -0.835595 9
-2.180423 1.493060 -0.825250 9
-2.165176 1.604520 -0.796726 9
-2.030641 1.525657 -0.855846 9
-1.833056 1.355354 -0.958668 9
-1.782019 1.414134 -0.955413 9
-1.152472 2.059091 -0.946084 11
-1.531933 2.602305 -0.686124 12
-1.510554 2.678809 -0.670868 12
-1.546268 2.816328 -0.622381 12
-1.556617 2.922974 -0.589830 12
-1.446446 2.900907 -0.627676 12
-1.479202 3.028175 -0.583138 12
-1.417570 3.057277 -0.593022 12
-1.373414 3.104249 -0.593014 12
-1.289022 3.112377 -0.615432 12
-1.236010 3.151716 -0.620261 12
-1.150854 3.161627 -0.642589 12
-1.044866 3.154198 -0.675820 12
-0.979704 3.185323 -0.686705 12
-0.832708 3.146020 -0.740801 12
-0.751461 3.166424 -0.759505 12
-0.638870 3.161969 -0.794252 12
-0.631717 3.246037 -0.774118 2
-0.555095 3.273256 -0.789904 2
-0.468941 3.294114 -0.810318 2
-0.332464 3.277785 -0.855728 12
-0.117517 3.205563 -0.939522 12
-0.136443 3.310686 -0.906482 12
0.153071 3.191998 -1.025132 2
0.330290 3.159962 -1.087356 12
0.559057 3.096484 -1.173484 12
0.732941 3.075502 -1.232061 12
-0.269658 4.885816 -0.472700 13
-0.193293 4.919953 -0.488770 13
-0.235208 5.007945 -0.454723 13
-1.949122 5.957654 0.312072 5
-1.955523 6.005781 0.325179 5
-1.913172 6.035152 0.318341 5
-1.913190 6.080483 0.328654 5
-1.886410 6.116052 0.328104 5
-1.867594 6.154588 0.330724 5
-1.877330 6.202585 0.344591 5
0.051894 5.635293 -0.403179 5
1.485634 5.972417 -0.795643 5
1.348215 6.076473 -0.729180 5
1.451489 6.132023 -0.751361 5
1.529429 6.193882 -0.764072 5
-2.331802 -0.664345 -1.315490 9
-2.317859 -0.473413 -1.263623 9
-2.241577 -0.427946 -1.269287 9
-2.345614 0.003917 -1.118888 9
-2.335691 0.177373 -1.071386 9
-2.322168 0.336604 -1.028974 9
-2.312879 0.498165 -0.984930 9
-2.333185 0.710911 -0.918862 9
-2.334490 0.879257 -0.870393 9
-2.306102 0.986600 -0.846972 9
-2.245407 1.032513 -0.849382 9
-2.336331 1.344429 -0.737430 9
-2.301826 1.428409 -0.722486 9
-2.312667 1.586286 -0.675001 9
-2.221182 1.571058 -0.703025 9
-2.080050 1.478711 -0.765790 9
-1.992981 1.476862 -0.789065 9
-1.949548 1.543680 -0.781717 9
-1.810797 1.466629 -0.839823 9
-1.691214 1.422811 -0.883670 9
-1.223827 2.145755 -0.811100 11
-1.578371 2.658261 -0.574730 12
-1.580677 2.759702 -0.546738 12
-1.570524 2.845237 -0.526560 12
-1.544976 2.912652 -0.515603 12
-1.586407 3.049246 -0.467531 12
-1.062541 2.602419 -0.733334 11
-1.481315 3.122551 -0.477522 12
-1.350681 3.082820 -0.524861 12
-1.268317 3.093087 -0.545438 12
-1.130192 3.052146 -0.595370 12
-1.311695 3.310627 -0.476001 2
-1.027074 3.137931 -0.602287 12
-0.959255 3.166758 -0.614177 12
-0.868287 3.176299 -0.637789 12
-0.821762 3.225389 -0.638475 12
-0.769080 3.269431 -0.642318 12
-0.657089 3.265308 -0.675754 12
-0.616286 3.320506 -0.673462 12
-0.564111 3.366713 -0.676848 12
-0.545016 3.438621 -0.664152 12
-0.275423 3.321585 -0.772504 12
-0.181954 3.341323 -0.794898 12
0.079772 3.241547 -0.896767 12
0.252937 3.210907 -0.955377 12
0.586274 3.073826 -1.087827 12
0.678775 3.107775 -1.106745 12
0.879671 3.071642 -1.175191 12
-0.508198 4.365367 -0.445454 13
-0.534281 4.453232 -0.416450 13
-0.434487 4.468872 -0.442700 13
-0.488565 4.570639 -0.402094 13
-0.404965 4.596534 -0.421165 13
-0.384473 4.656739 -0.413103 13
-0.319387 4.694005 -0.424034 13
-0.369898 4.789518 -0.386288 13
-0.266675 4.808701 -0.413187 13
-0.353153 4.919089 -0.361181 13
-0.242527 4.936263 -0.390952 13
-0.217853 4.993844 -0.385226 13
-0.377501 5.131398 -0.304830 5
-0.127606 5.091595 -0.390508 5
-0.259211 5.213656 -0.322391 5
-0.509216 5.379183 -0.208129 5
-1.935763 5.993287 0.369150 5
-1.897242 6.024184 0.364186 5
-1.921589 6.078459 0.383785 5
-1.916651 6.121505 0.391792 5
-1.858199 6.146079 0.379113 5
-1.880487 6.198249 0.397457 5
-1.871288 6.239569 0.403613 5
1.550897 5.947122 -0.727095 5
1.423581 6.049916 -0.666057 5
1.459098 6.118800 -0.663146 5
1.616793 6.166165 -0.703072 5
1.598880 6.246142 -0.681306 5
-2.230189 -1.110527 -1.352463 9
-2.309159 -0.689598 -1.216287 9
-2.317873 -0.447833 -1.146927 9
-2.310965 -0.251189 -1.093965 9
-2.278998 -0.116411 -1.064321 9
-2.290385 0.103730 -1.000599 9
-2.333996 0.380099 -0.913564 9
-2.339600 0.569335 -0.859973 9
-2.377123 0.812747 -0.783696 9
-2.393949 1.007172 -0.726083 9
-2.359217 1.099258 -0.709417 9
-2.349465 1.233582 -0.675047 9
-2.335379 1.355769 -0.645157 9
-2.289680 1.419894 -0.639114 9
-2.281953 1.546339 -0.606623 9
-2.232272 1.600165 -0.604540 9
-2.102865 1.525827 -0.657498 9
-1.984427 1.473652 -0.701744 9
-1.910090 1.492941 -0.715510 9
-1.829908 1.504440 -0.732952 9
-1.729461 1.487603 -0.763300 9
-1.246475 2.064565 -0.736645 11
-1.554445 2.532837 -0.532032 12
-1.548751 2.627743 -0.508787 12
-1.602731 2.786997 -0.452866 12
-1.642930 2.926579 -0.405829 12
-1.598438 2.971847 -0.406115 12
-1.619854 3.086008 -0.370860 12
-1.534452 3.087829 -0.393562 12
-1.438427 3.080676 -0.421524 12
-1.352584 3.085637 -0.443677 12
-1.329017 3.152286 -0.433127 2
-1.317175 3.229190 -0.416823 2
-1.331049 3.328667 -0.387791 2
-1.234186 3.325593 -0.415286 2
-1.240672 3.416339 -0.390634 2
-0.901001 3.204099 -0.538103 12
-0.847272 3.246208 -0.542500 12
-0.756978 3.258145 -0.564686 12
-0.683341 3.285323 -0.578501 12
-0.664676 3.357559 -0.565830 12
-0.515819 3.326895 -0.615190 12
-0.507612 3.407721 -0.597610 12
-0.327994 3.358586 -0.660320 12
-0.372089 3.478455 -0.618563 12
-0.310476 3.519490 -0.626028 12
0.148295 3.281204 -0.814119 12
0.158339 3.365100 -0.796696 12
-0.575409 3.949913 -0.446577 13
-0.669395 4.089574 -0.386203 13
-0.636109 4.143292 -0.382894 13
-0.543323 4.159406 -0.405686 13
-0.488916 4.200854 -0.411499 13
-0.653319 4.374816 -0.323019 13
-0.679461 4.461836 -0.294989 13
-0.561902 4.464551 -0.328355 13
-0.550995 4.529543 -0.316339 13
-0.448742 4.543859 -0.342694 13
-0.440113 4.610210 -0.329835 13
-0.458275 4.689994 -0.306139 13
-0.367541 4.713027 -0.327327 13
-0.339415 4.768748 -0.322803 13
-0.433208 4.883515 -0.269197 13
-0.448687 4.958271 -0.247701 13
-0.399525 5.002260 -0.252208 5
-0.411967 5.074366 -0.232334 5
-0.340485 5.109007 -0.245640 5
-0.456033 5.223926 -0.185932 5
-0.456971 5.288349 -0.171361 5
-0.436797 5.343749 -0.165094 5
-1.966589 6.000403 0.432572 5
-1.923222 6.028986 0.425961 5
-1.867151 6.053565 0.414658 5
-1.883004 6.104491 0.430416 5
-1.877055 6.147250 0.437873 5
-1.845821 6.181442 0.435905 5
-1.818611 6.217295 0.435447 5
-1.858196 6.274058 0.459351 5
-0.200861 5.824425 -0.131623 7
-0.162238 5.874965 -0.132542 7
1.611788 5.922632 -0.656061 5
1.462770 6.030498 -0.589308 5
1.482671 6.102581 -0.580811 5
1.602062 6.156726 -0.606028 5
1.665070 6.222626 -0.611949 5
-2.350605 -0.794695 -1.123508 9
-2.358662 -0.548112 -1.055696 9
-2.340135 -0.372552 -1.013171 9
-2.283162 -0.288452 -1.004170 9
-2.195738 -0.271674 -1.020373 9
-2.116293 -0.237193 -1.030060 9
-2.075795 -0.123587 -1.009558 9
-2.364795 0.637000 -0.738971 9
-2.332723 0.743814 -0.718412 9
-2.445156 1.118862 -0.592311 9
-2.354382 1.104989 -0.617898 9
-2.397067 1.332547 -0.547669 9
-2.338698 1.374442 -0.550865 9
-2.380076 1.586579 -0.485142 9
-2.302305 1.591751 -0.502839 9
-2.226353 1.601325 -0.519005 9
-2.100226 1.532083 -0.568160 9
-1.987975 1.489265 -0.607074 9
-1.926221 1.527135 -0.612569 9
-1.840769 1.529753 -0.633171 9
-0.836337 1.333395 -0.937688 10
-1.657697 2.555042 -0.417239 12
-1.505010 2.479051 -0.475835 12
-1.542383 2.623629 -0.429785 12
-1.514398 2.691497 -0.420022 12
-1.614951 2.898456 -0.342036 12
-1.634503 3.012401 -0.308485 12
-1.630241 3.098608 -0.288137 12
-1.540963 3.095969 -0.312230 12
-1.447077 3.090566 -0.338280 12
-1.382405 3.115913 -0.349087 12
-1.397698 3.219155 -0.319614 6
-1.382427 3.291214 -0.305968 6
-1.359445 3.355074 -0.296440 6
-1.313543 3.397423 -0.298335 6
-1.143576 3.329707 -0.360236 6
-0.902640 3.204869 -0.455072 12
-0.898256 3.288763 -0.435945 12
-0.846553 3.331779 -0.439478 12
-0.756107 3.343415 -0.461073 12
-0.643058 3.338570 -0.492794 12
-0.609187 3.398199 -0.487716 12
-0.605065 3.480412 -0.469243 12
-0.474065 3.465985 -0.508315 12
-0.435715 3.522636 -0.505359 12
-0.622294 3.741337 -0.402765 13
-0.640133 3.834030 -0.376077 13
-0.604492 3.888109 -0.373178 13
-0.607734 3.968399 -0.353528 13
-0.577298 4.025260 -0.348673 13
-0.588760 4.109034 -0.326071 13
-0.633142 4.212268 -0.289929 13
-0.588268 4.258128 -0.291793 13
-0.587130 4.330711 -0.275444 13
-0.597673 4.409303 -0.254533 13
-0.587548 4.474811 -0.242422 13
-0.558019 4.528813 -0.238396 13
-0.545683 4.592225 -0.227495 13
-0.492039 4.632994 -0.233322 13
-0.457730 4.684501 -0.231374 13
-0.453856 4.751676 -0.217434 13
-0.487389 4.836843 -0.189021 13
-0.433540 4.878027 -0.195048 13
-0.394486 4.926864 -0.195266 13
-0.345585 4.971457 -0.199260 13
-0.398746 5.062370 -0.164274 5
-0.396984 5.127391 -0.150566 5
-0.354595 5.174600 -0.152319 5
-0.488239 5.294861 -0.088286 5
-0.381760 5.315153 -0.114196 5
-1.909161 5.973282 0.462303 5
-1.877107 6.006662 0.460307 5
-1.873424 6.050797 0.468663 5
-1.870933 6.095079 0.477349 5
-1.863064 6.137225 0.484004 5
-1.816807 6.166458 0.476903 5
-1.814878 6.210633 0.485605 5
-1.845605 6.264663 0.505696 5
-0.215179 5.820821 -0.054999 7
-0.102532 5.849701 -0.081431 7
-0.065526 5.901613 -0.081401 7
1.559369 5.999363 -0.531147 5
1.568899 6.074278 -0.519053 5
1.593433 6.146302 -0.511952 5
1.597487 6.222028 -0.498257 5
-2.313408 -0.854509 -1.036013 9
-2.364526 -0.508258 -0.935636 9
-2.269933 -0.505198 -0.956545 9
-2.203792 -0.438198 -0.954647 9
-2.110799 -0.429751 -0.973961 9
-2.052694 -0.347442 -0.966451 9
-1.952970 -0.351300 -0.990608 9
-2.408122 0.739914 -0.607302 9
-2.361905 0.816490 -0.598691 9
-2.390222 1.030902 -0.537749 9
-2.413798 1.228201 -0.482314 9
-2.364298 1.287343 -0.479074 9
-2.380828 1.460710 -0.431466 9
-2.349804 1.546700 -0.417204 9
-2.283772 1.572097 -0.426564 9
-2.251327 1.652744 -0.414101 9
-2.150011 1.621761 -0.446152 9
-2.067955 1.623828 -0.465373 9
-1.925485 1.535454 -0.521781 9
-1.851766 1.555130 -0.534720 9
-1.129584 0.629895 -0.939831 10
-1.048954 0.661768 -0.951549 10
-0.759425 1.244133 -0.879535 10
-1.330220 2.060808 -0.538369 11
-1.651872 2.551908 -0.338638 12
-1.588852 2.579609 -0.347671 12
-1.695060 2.799894 -0.267681 12
-1.660149 2.856224 -0.262841 12
-1.648833 2.937703 -0.246045 12
-1.656446 3.037837 -0.220035 12
-1.645400 3.116175 -0.204033 12
-1.510031 3.065736 -0.250465 12
-1.450701 3.095395 -0.258477 12
-1.425078 3.158811 -0.249906 6
-1.450933 3.271111 -0.216615 6
-1.361039 3.271393 -0.239578 6
-1.362663 3.358178 -0.218648 6
-1.309224 3.393383 -0.224100 6
-1.294494 3.463413 -0.211434 6
-1.101194 3.377048 -0.281650 6
-0.928907 3.314004 -0.341021 12
-0.826288 3.313704 -0.367729 12
-0.750871 3.337730 -0.381759 12
-0.704133 3.385855 -0.382782 12
0.411066 2.595467 -0.856836 11
-0.627961 3.495890 -0.377288 12
-0.530350 3.505955 -0.400570 12
-0.446900 3.528256 -0.417383 12
-0.590608 3.715751 -0.336701 13
-0.660701 3.845638 -0.288618 13
-0.678457 3.936092 -0.263378 13
-0.627448 3.978425 -0.267292 13
-0.594465 4.033115 -0.263691 13
-0.582010 4.101003 -0.251719 13
-0.632176 4.207855 -0.214396 13
-0.595669 4.258707 -0.212754 13
-0.649322 4.364153 -0.174922 13
-0.605186 4.409434 -0.176664 13
-0.562631 4.455956 -0.177760 13
-0.590325 4.542385 -0.151251 13
-0.494202 4.559075 -0.173408 13
-0.489240 4.626492 -0.159962 13
-0.565728 4.735983 -0.115421 13
-0.476235 4.757813 -0.134823 13
-0.476395 4.825936 -0.119996 13
-0.542131 4.925251 -0.080726 13
-0.488648 4.965724 -0.086500 13
-0.459177 5.017948 -0.083285 5
-0.399331 5.056593 -0.091281 5
-0.405266 5.124846 -0.075115 5
-0.402038 5.188451 -0.062485 5
-0.453293 5.274092 -0.030379 5
-0.393772 5.313427 -0.038341 5
-1.895717 5.963225 0.508823 5
-1.911411 6.014726 0.523896 5
-1.854102 6.038674 0.513184 5
-1.845896 6.081055 0.519735 5
-1.817971 6.116474 0.519394 5
-1.835164 6.167235 0.534580 5
-1.796530 6.199284 0.530529 5
-1.828796 6.253957 0.550594 5
-0.167477 5.798670 -0.000102 7
-0.131615 5.850038 0.000423 7
-0.077596 5.896725 -0.005063 7
0.696278 5.751218 -0.248222 5
0.956328 5.754129 -0.319568 5
1.029292 5.808330 -0.328948 5
0.945810 5.900627 -0.287480 5
1.113539 5.934081 -0.327355 5
1.201381 6.061126 -0.326746 5
1.580881 6.060218 -0.432328 5
1.489257 6.153582 -0.388698 5
1.695234 6.192969 -0.438342 5
-2.331309 -1.268118 -1.022195 9
-2.374946 -0.914329 -0.925620 9
-2.332365 -0.781540 -0.902527 9
-2.345714 -0.525488 -0.836806 9
-2.214090 -0.605081 -0.885771 9
-2.145778 -0.540719 -0.885388 9
-2.066935 -0.499982 -0.893210 9
-1.971620 -0.493320 -0.913129 9
-1.885284 -0.466871 -0.926259 9
-2.395430 0.732145 -0.518721 9
-2.341902 0.794434 -0.515799 9
-2.409266 1.081648 -0.430748 9
-2.406499 1.228930 -0.395717 9
-2.463133 1.476966 -0.322720 9
-2.410243 1.524391 -0.323464 9
-2.349715 1.558283 -0.329287 9
-2.267291 1.555858 -0.348979 9
-2.202175 1.583347 -0.357509 9
-2.113673 1.574101 -0.380355 9
-2.031033 1.576065 -0.399197 9
-1.990365 1.643512 -0.392595 9
-1.870953 1.592564 -0.432812 9
-1.760972 1.559274 -0.466651 9
-1.134595 0.793062 -0.796872 10
-1.072854 0.848929 -0.798218 10
-0.862642 0.701708 -0.883012 10
-0.716620 0.648569 -0.930329 10
-0.700948 0.770505 -0.905262 10
-0.714990 0.927716 -0.864838 10
-0.718698 1.067673 -0.831013 10
-0.862922 1.376976 -0.723718 10
-1.380997 2.126444 -0.423280 6
-1.651815 2.555564 -0.257523 12
-1.624852 2.624656 -0.247914 12
-1.632121 2.731507 -0.221256 12
-1.648241 2.845636 -0.190802 12
-1.648818 2.940003 -0.168766 12
-1.638308 3.020490 -0.152696 12
-1.598342 3.068694 -0.151336 12
-1.532845 3.090553 -0.162354 12
-1.445349 3.091205 -0.183700 12
-1.414335 3.149151 -0.178037 6
-1.415953 3.238030 -0.157287 6
-1.383038 3.292549 -0.152969 6
-1.363835 3.359386 -0.142492 6
-1.343761 3.424579 -0.132651 6
-1.246925 3.420782 -0.157596 6
-1.160108 3.427717 -0.177661 6
-0.964059 3.343101 -0.245711 2
-0.851631 3.333740 -0.275942 12
-0.786142 3.365209 -0.285286 12
-0.727149 3.402678 -0.291702 12
-0.729556 3.488936 -0.271818 12
-0.692655 3.543547 -0.268943 12
-0.617528 3.569257 -0.282191 13
-0.558331 3.607823 -0.288608 13
-0.630882 3.742096 -0.240533 13
-0.622577 3.815821 -0.226378 13
-0.625858 3.896664 -0.207760 13
-0.657584 3.995551 -0.177989 13
-0.625086 4.049924 -0.174380 13
-0.612143 4.116872 -0.163080 13
-0.604404 4.186489 -0.149914 13
-0.638758 4.281426 -0.120518 13
-0.646406 4.358305 -0.101926 13
-0.617738 4.412588 -0.097583 13
-0.570210 4.455878 -0.100503 13
-0.531992 4.504855 -0.099849 13
-0.585299 4.604503 -0.064790 13
-0.508412 4.631850 -0.078828 13
-0.535025 4.714813 -0.054312 13
-0.528923 4.779570 -0.042173 13
-0.502571 4.833632 -0.037591 13
-0.509375 4.903820 -0.021046 13
-0.470594 4.951499 -0.021123 13
-0.480051 5.021804 -0.003951 13
-0.445184 5.071262 -0.002725 5
-0.505230 5.162582 0.031932 5
-0.425940 5.192405 0.017396 5
-0.440699 5.262557 0.035746 5
-0.416126 5.315942 0.040303 5
-0.271205 5.322225 0.003607 5
-1.844515 5.984438 0.551849 5
-1.819624 6.020948 0.552753 5
-1.843351 6.075036 0.569979 5
-1.812583 6.109381 0.568836 5
-1.823433 6.158017 0.581506 5
-1.786591 6.190644 0.578355 5
-1.800708 6.239711 0.591911 5
-0.118543 5.776064 0.055143 7
-0.128173 5.841041 0.070616 7
-0.006730 5.868682 0.043978 7
0.688584 5.743882 -0.164709 5
0.717649 5.805996 -0.160180 5
0.798834 5.855387 -0.172011 5
0.840073 5.915600 -0.171182 5
0.875461 5.977634 -0.168495 5
1.120017 5.994699 -0.230128 5
1.323273 6.025021 -0.278276 5
1.226325 6.118064 -0.234585 5
1.615775 6.118407 -0.338114 5
1.664512 6.186224 -0.338124 5
-2.312640 -1.282734 -0.914579 9
-2.397262 -0.831004 -0.790303 9
-2.347546 -0.718109 -0.774680 9
-2.314822 -0.570407 -0.747262 9
-2.202072 -0.606848 -0.780444 9
-2.108261 -0.598301 -0.799023 9
-2.013506 -0.590169 -0.817961 9
-1.955436 -0.504832 -0.810882 9
-1.842358 -0.532218 -0.842244 9
-2.436309 0.829290 -0.394236 9
-2.365779 0.856290 -0.403634 9
-2.397968 1.075439 -0.345660 9
-2.423281 1.273452 -0.294162 9
-2.419130 1.411488 -0.263170 9
-2.392565 1.505856 -0.247334 9
-2.353905 1.577019 -0.239612 9
-2.272894 1.576284 -0.258036 9
-2.161481 1.527865 -0.294336 9
-2.082936 1.535431 -0.310380 9
-2.011496 1.555393 -0.322012 9
-1.995134 1.659864 -0.301808 9
-1.842311 1.558743 -0.359768 9
-1.771626 1.583136 -0.370346 9
-1.229683 0.937393 -0.641653 10
-1.090631 0.882130 -0.686141 10
-0.962080 0.845524 -0.724024 10
-0.858449 0.845791 -0.747847 10
-0.901930 1.040606 -0.693671 10
-0.950829 1.236462 -0.638058 10
-1.320132 1.828493 -0.418731 6
-1.331218 1.958025 -0.386957 11
-1.385694 2.136448 -0.334123 6
-1.357710 2.212224 -0.323633 6
-1.659167 2.667669 -0.151019 12
-1.669798 2.777166 -0.124021 12
-1.629112 2.827027 -0.122434 12
-1.649447 2.942984 -0.091792 12
-1.653597 3.038777 -0.069492 12
-1.613512 3.086246 -0.068412 12
-1.478236 3.036080 -0.111539 12
-1.424137 3.071096 -0.116612 12
-1.425934 3.161457 -0.096228 6
-1.372726 3.197007 -0.101049 6
-1.359981 3.271149 -0.087776 2
-1.351641 3.348225 -0.072846 6
-1.277701 3.364552 -0.086952 6
-1.231181 3.406427 -0.088942 6
-1.113022 3.386110 -0.121729 6
-1.035484 3.403163 -0.136656 2
-0.846780 3.328558 -0.198299 12
-0.817729 3.389701 -0.192052 12
-0.744813 3.415233 -0.204144 12
-0.686098 3.452962 -0.210208 12
-0.653445 3.511320 -0.205555 12
-0.607308 3.559262 -0.206453 12
-0.589305 3.628150 -0.196064 13
-0.606118 3.721519 -0.172004 13
-0.606991 3.801917 -0.154639 13
-0.577483 3.860118 -0.149457 13
-0.586872 3.944433 -0.129258 13
-0.603871 4.032444 -0.106452 13
-0.624843 4.121507 -0.082490 13
-0.628646 4.198090 -0.065413 13
-0.669298 4.296454 -0.034735 13
-0.649469 4.356104 -0.027106 13
-0.654957 4.430407 -0.010207 13
-0.597155 4.467054 -0.016826 13
-0.629527 4.555419 0.009568 13
-0.595359 4.605356 0.011481 13
-0.507529 4.626457 -0.005907 13
-0.523571 4.703752 0.014036 13
-0.496898 4.757944 0.018576 13
-0.516223 4.835139 0.039239 13
-0.482699 4.885327 0.041179 13
-0.490542 4.955369 0.057445 13
-0.439712 4.997340 0.053320 13
-0.440762 5.063352 0.066997 5
-0.484113 5.147326 0.094849 5
-0.387084 5.169597 0.075076 5
-0.421668 5.248354 0.099608 5
-0.340431 5.278896 0.085383 5
-0.362516 5.351370 0.105447 5
-1.851265 5.982101 0.605308 5
-1.847712 6.026311 0.613223 5
-1.835383 6.067097 0.618223 5
-1.815174 6.105077 0.620658 5
-1.834533 6.156478 0.635686 5
-1.779904 6.183067 0.627147 5
-1.814242 6.238499 0.646694 5
-0.064650 5.751868 0.109629 7
-0.006577 5.797532 0.103864 7
0.589902 5.692405 -0.067425 5
0.718245 5.726503 -0.093290 5
0.798092 5.775546 -0.104026 5
0.852876 5.832137 -0.107000 5
0.861442 5.900546 -0.096027 5
0.986353 5.942146 -0.119745 5
1.122516 5.983530 -0.146401 5
1.205410 6.038463 -0.156996 5
1.273212 6.097746 -0.162974 5
1.485039 6.131104 -0.210508 5
1.449759 6.212251 -0.186240 5
1.706496 6.243609 -0.245662 5
-2.419397 -0.986327 -0.711135 9
-2.351048 -0.913636 -0.709396 9
-2.341943 -0.703985 -0.664539 9
-2.236163 -0.724169 -0.691578 9
-2.173779 -0.644898 -0.687237 9
-2.092979 -0.607575 -0.696220 9
-1.984016 -0.629513 -0.724464 9
-1.891124 -0.615302 -0.741270 9
-1.806230 -0.583721 -0.752543 10
-2.441826 0.856729 -0.296017 9
-2.481207 1.092390 -0.235307 9
-2.399773 1.093573 -0.252691 9
-2.431444 1.302025 -0.199745 9
-2.397960 1.386764 -0.188323 9
-2.375451 1.488304 -0.170838 9
-2.325826 1.540897 -0.170095 9
-2.267347 1.578087 -0.174713 9
-2.150110 1.520038 -0.213182 9
-2.077093 1.536287 -0.225661 9
-2.007954 1.559526 -0.235789 9
-1.926707 1.565098 -0.252492 9
-1.844130 1.570175 -0.269633 9
-1.731890 1.533692 -0.302454 9
-1.241829 0.963370 -0.535562 10
-1.088117 0.886954 -0.586371 10
-0.993956 0.896878 -0.605179 10
-0.979811 1.015210 -0.582630 10
-1.469355 1.788981 -0.305381 6
-1.420401 1.843737 -0.304479 6
-1.399300 1.933023 -0.289899 6
-1.390894 2.036123 -0.269518 6
-1.396643 2.153931 -0.242816 6
-1.647908 2.558313 -0.099085 12
-1.693890 2.711074 -0.055853 12
-1.665729 2.775487 -0.048394 12
-1.643572 2.845685 -0.038366 12
-1.630205 2.924343 -0.024564 12
-1.666691 3.054696 0.011585 12
-1.614795 3.089271 0.007145 12
-1.527225 3.087660 -0.013168 12
-1.458290 3.106524 -0.024903 12
-1.366762 3.104180 -0.046339 12
-1.324867 3.151529 -0.045903 6
-1.294131 3.209345 -0.040723 6
-1.305360 3.305519 -0.017830 6
-1.248258 3.337728 -0.024181 2
-1.229982 3.404998 -0.014236 6
-1.048125 3.328985 -0.072183 2
-1.046171 3.411430 -0.055345 2
-0.843814 3.324958 -0.120288 12
-0.836942 3.404084 -0.105348 12
-0.772357 3.435737 -0.113738 12
-0.659911 3.430546 -0.140955 12
-0.639216 3.498307 -0.131693 12
-0.569398 3.528394 -0.141725 12
-0.506234 3.564324 -0.149028 13
-0.632577 3.737964 -0.083639 13
-0.635692 3.819357 -0.066130 13
-0.641637 3.901483 -0.047840 13
-0.599861 3.949991 -0.047678 13
-0.589679 4.019618 -0.035800 13
-0.598487 4.100835 -0.017121 13
-0.662305 4.215727 0.021347 13
-0.663268 4.288852 0.036466 13
-0.648083 4.351232 0.045562 13
-0.574042 4.378221 0.033550 13
-0.573371 4.448889 0.047692 13
-0.607453 4.538422 0.073837 13
-0.508643 4.552708 0.053307 13
-0.501240 4.618173 0.064713 13
-0.516049 4.694774 0.083595 13
-0.500001 4.754369 0.091711 13
-0.495637 4.819514 0.103684 13
-0.439418 4.858683 0.098104 13
-0.487999 4.948581 0.127554 13
-0.425614 4.985028 0.119904 13
-0.388467 5.033785 0.120685 5
-0.377301 5.094271 0.129960 5
-0.439561 5.185926 0.162903 5
-0.365319 5.218571 0.151550 5
-0.424346 5.306449 0.182918 5
-0.350359 5.340005 0.171745 5
-1.815674 5.963611 0.644972 5
-1.827154 6.013718 0.657482 5
-1.781982 6.042818 0.652279 5
-1.802098 6.095349 0.667292 5
-1.804150 6.140996 0.676605 5
-1.774141 6.175807 0.676090 5
-1.790857 6.225706 0.689712 5
-1.630542 6.221010 0.650163 5
0.453822 5.654190 0.038931 5
0.558727 5.692206 0.020865 5
0.730141 5.713933 -0.016396 5
0.787000 5.768878 -0.019703 5
0.872103 5.817529 -0.031066 5
0.937131 5.872412 -0.036429 5
1.086741 5.908802 -0.065780 5
1.176813 5.961028 -0.077776 5
1.219603 6.024665 -0.076215 5
1.371864 6.067033 -0.105194 5
1.577463 6.102113 -0.148498 5
1.674358 6.160497 -0.161144 5
1.662188 6.238922 -0.143650 5
-2.406700 -1.496236 -0.712104 9
-2.317058 -1.463510 -0.723658 9
-2.422443 -0.948519 -0.592401 9
-2.377978 -0.820115 -0.574345 9
-2.295755 -0.784950 -0.583952 9
-2.238488 -0.692910 -0.576341 9
-2.116535 -0.746959 -0.613202 9
-2.040483 -0.697195 -0.618535 9
-1.920131 -0.741062 -0.652975 9
-1.825145 -0.728710 -0.670253 9
-1.804925 -0.565475 -0.640009 10
-2.442808 0.875099 -0.201907 9
-2.456943 1.061451 -0.159629 9
-2.389487 1.089078 -0.168026 9
-2.403302 1.264531 -0.128169 9
-2.397929 1.399533 -0.100907 9
-2.418419 1.574795 -0.059733 9
-2.340936 1.577943 -0.075510 9
-2.249532 1.559523 -0.098796 9
-2.169343 1.561692 -0.115408 9
-2.046191 1.497434 -0.155111 9
-2.003491 1.562165 -0.150688 9
-1.916140 1.558189 -0.170195 9
-1.818558 1.540932 -0.194693 9
-1.352870 0.992231 -0.408973 10
-1.239862 0.969189 -0.438044 10
-1.163104 0.999449 -0.448259 10
-0.059470 -0.367264 -0.970048 10
-1.082065 1.158738 -0.432641 10
-1.392750 1.694969 -0.254322 6
-1.508764 1.962305 -0.173848 6
-1.456120 2.009332 -0.175525 6
-1.415542 2.071067 -0.171571 6
-1.408743 2.172743 -0.152062 6
-1.676001 2.595052 -0.006855 12
-1.617020 2.625559 -0.013424 12
-1.616806 2.723043 0.006577 12
-1.638997 2.843199 0.036103 12
-1.617920 2.913266 0.045866 12
-1.621182 3.008172 0.066023 12
-1.634452 3.111464 0.090066 12
-1.584962 3.148146 0.086694 12
-1.416665 3.065935 0.032916 12
-1.371061 3.109302 0.031714 12
-1.351409 3.177732 0.041308 12
-1.197959 3.118919 -0.004509 2
-1.220068 3.226717 0.022253 2
-1.223844 3.315466 0.041073 2
-1.149101 3.332753 0.028018 2
-1.084386 3.359954 0.019164 2
-0.877697 3.266797 -0.045516 12
-0.897396 3.368654 -0.020616 12
-0.834365 3.400633 -0.028206 12
-0.816429 3.469537 -0.018360 12
-0.692619 3.454435 -0.048997 12
-0.664940 3.516071 -0.042832 12
-0.588493 3.540514 -0.055027 12
-0.556530 3.598964 -0.050508 13
-0.679894 3.769541 0.011121 13
-0.668144 3.839502 0.022411 13
-0.620064 3.883511 0.020367 13
-0.615710 3.957525 0.034073 13
-0.704038 4.092153 0.080596 13
-0.659381 4.136832 0.079382 13
-0.632833 4.193314 0.084552 13
-0.638741 4.269767 0.100952 13
-0.597094 4.316237 0.100696 13
-0.661235 4.425806 0.136706 13
-0.596291 4.457830 0.128303 13
-0.603575 4.531736 0.144418 13
-0.553708 4.572969 0.141183 13
-0.545922 4.637493 0.152004 13
-0.509353 4.686248 0.153203 13
-0.510188 4.754482 0.166656 13
-0.434222 4.783341 0.154997 13
-0.487359 4.876739 0.185168 13
-0.385614 4.894066 0.165367 13
-0.394079 4.964593 0.180905 13
-0.364639 5.017064 0.184303 5
-0.349968 5.076149 0.192318 5
-0.387074 5.157254 0.216351 5
-0.258563 5.167603 0.188988 5
-0.336651 5.264429 0.225344 5
-0.327663 5.324481 0.234749 5
-1.790323 5.948992 0.688343 5
-1.771437 5.988008 0.691437 5
-1.805987 6.046387 0.710428 5
-1.795220 6.087784 0.715799 5
-1.770120 6.124229 0.716931 5
-1.738622 6.158806 0.716226 5
-1.775931 6.215561 0.735476 5
-1.761323 6.255315 0.739590 5
0.883553 5.733965 0.033852 5
1.141315 5.739765 -0.024413 5
1.139756 5.886193 0.003099 5
1.177056 5.950383 0.006367 5
1.287880 5.999470 -0.010132 5
1.597587 6.010567 -0.079530 5
1.562531 6.093348 -0.056233 5
1.579461 6.165709 -0.046875 5
1.654332 6.228239 -0.052723 5
1.696555 6.297209 -0.049884 5
-2.374481 -1.545758 -0.613536 9
-2.429413 -1.145733 -0.521775 9
-2.434799 -0.888202 -0.468777 9
-2.391526 -0.759414 -0.451589 9
-2.285701 -0.781349 -0.477452 9
-2.212758 -0.725586 -0.481031 9
-2.104429 -0.748877 -0.507724 9
-2.012572 -0.733542 -0.523327 9
-1.934193 -0.688712 -0.530284 9
-1.842366 -0.671577 -0.545570 10
-2.485039 0.810982 -0.116869 9
-2.380421 0.770035 -0.146467 9
-2.422924 1.012057 -0.089265 9
-2.443847 1.204355 -0.046466 9
-2.472574 1.403477 -0.000720 9
-2.427427 1.464407 0.002194 9
-2.379194 1.518832 0.003153 9
-2.284925 1.494648 -0.021086 9
-2.230729 1.539338 -0.023338 9
-2.150208 1.541177 -0.039588 9
-2.064867 1.536968 -0.058058 9
-2.001289 1.568237 -0.064981 9
-1.942174 1.606595 -0.069588 9
-1.808977 1.535389 -0.111359 9
-1.333170 0.972664 -0.321911 10
-1.232040 0.966642 -0.344117 10
-1.161177 1.004835 -0.351279 10
-1.072503 1.019201 -0.366895 10
-1.069854 1.149501 -0.341641 10
-1.056231 1.262154 -0.322192 10
-1.402967 1.832568 -0.136990 6
-1.370234 1.906870 -0.129157 6
-1.380064 2.032197 -0.102364 6
-1.686421 2.510591 0.056161 12
-1.626272 2.540090 0.049357 12
-1.623650 2.636480 0.067780 12
-1.607741 2.715714 0.080018 12
-1.576456 2.776464 0.085372 12
-1.616647 2.914147 0.120860 12
-1.608960 2.997115 0.135509 12
-1.177086 2.635868 -0.026378 6
-1.567805 3.131985 0.153232 12
-1.453601 3.104120 0.123643 12
-1.402357 3.140946 0.119994 12
-1.318469 3.146631 0.103338 12
-1.226490 3.146236 0.083765 12
-1.172317 3.182656 0.079364 12
-1.083159 3.187754 0.061424 12
-1.043555 3.238574 0.062882 12
-0.965647 3.255915 0.049677 12
-0.916908 3.299399 0.047732 12
-0.876417 3.350011 0.048907 12
-0.809928 3.379271 0.040390 12
-0.771526 3.431925 0.042370 12
-0.748680 3.496731 0.050000 12
-0.677536 3.523751 0.040002 12
-0.683235 3.609764 0.057788 12
-0.639766 3.658017 0.057764 13
-0.648010 3.743849 0.076024 13
-0.624099 3.805481 0.082726 13
-0.626812 3.885182 0.098588 13
-0.676669 3.995735 0.130464 13
-0.650539 4.053289 0.135856 13
-0.628661 4.113353 0.142624 13
-0.616528 4.179260 0.152588 13
-0.605441 4.245209 0.162767 13
-0.647971 4.343174 0.190577 13
-0.630888 4.403629 0.198385 13
-0.650016 4.484747 0.217912 13
-0.604067 4.527553 0.216107 13
-0.570629 4.577714 0.218380 13
-0.526457 4.622146 0.217233 13
-0.486145 4.668998 0.217361 13
-0.453198 4.719940 0.219838 13
-0.420841 4.771289 0.222503 13
-0.409967 4.833304 0.231814 13
-0.439038 4.914054 0.253289 13
-0.364553 4.945061 0.242947 13
-0.314848 4.988508 0.240298 5
-0.310389 5.052572 0.251318 5
-0.249648 5.091862 0.245460 5
-0.194178 5.134204 0.241302 5
-0.317582 5.250234 0.289770 5
-0.307365 5.309891 0.298649 5
-1.764525 5.934166 0.731948 5
-1.763640 5.980093 0.740278 5
-1.755709 6.023125 0.746525 5
-1.737051 6.062216 0.749691 5
-1.783653 6.123579 0.771197 5
-1.694259 6.138830 0.754504 5
-1.669961 6.176436 0.756130 5
-1.700868 6.231229 0.772962 5
-1.610768 6.249172 0.756575 5
1.719233 5.974516 -0.022334 5
1.557672 6.082754 0.032666 5
1.584111 6.153173 0.039600 5
1.722249 6.204625 0.018601 5
1.764588 6.274056 0.021828 5
-2.399641 -1.445906 -0.474447 9
-2.432776 -1.105645 -0.403016 9
-2.444848 -0.834113 -0.348863 9
-2.397836 -0.716533 -0.335741 9
-2.272341 -0.785579 -0.373710 9
-2.182125 -0.769263 -0.388455 9
-2.053404 -0.836573 -0.426761 9
-1.941166 -0.863079 -0.454050 9
-1.887050 -0.764711 -0.446068 9
-1.813807 -0.708176 -0.449853 10
-2.457251 0.772723 -0.040505 9
-2.520336 1.057939 0.026237 9
-2.451006 1.080440 0.016719 9
-2.434127 1.200528 0.036162 9
-2.429717 1.339206 0.061605 9
-2.448880 1.514746 0.098730 9
-2.326262 1.439387 0.059975 9
-2.306851 1.543012 0.075742 9
-2.180628 1.467576 0.036229 9
-2.127210 1.514454 0.034427 9
-2.075993 1.564414 0.033636 9
-1.994419 1.567038 0.017799 9
-1.875212 1.514405 -0.016040 9
-1.868671 1.632181 0.004912 9
-1.377699 1.046008 -0.204347 10
-1.278537 1.040979 -0.225206 10
-1.117825 0.952724 -0.274153 10
-1.174094 1.164708 -0.222850 10
-1.115995 1.217854 -0.224517 10
-1.379597 1.689890 -0.082495 6
-1.381807 1.811072 -0.059225 2
-1.324199 1.854396 -0.062682 2
-1.397683 2.058420 -0.009474 11
-1.662600 2.485920 0.124382 12
-1.645500 2.566316 0.136037 12
-1.633960 2.651611 0.149726 12
-1.633562 2.747799 0.167701 12
-1.604467 2.810081 0.173498 12
-1.585029 2.882070 0.183060 12
-1.631034 3.022550 0.218704 12
-1.632136 3.112342 0.235743 12
-1.525553 3.090166 0.209974 12
-1.476857 3.128568 0.207274 12
-1.361224 3.101413 0.178718 12
-1.230814 3.062843 0.145017 12
-1.161236 3.085013 0.135011 12
-1.144379 3.156930 0.144999 12
-1.064559 3.170760 0.131332 12
-1.004911 3.203851 0.125352 12
-0.943596 3.236087 0.118861 12
-0.909156 3.291923 0.122230 12
-0.880190 3.352075 0.127507 12
-0.813864 3.381167 0.119378 12
-0.762975 3.423496 0.116848 12
-0.730578 3.480707 0.120846 12
-0.645332 3.496910 0.106428 12
-0.595196 3.541062 0.104358 13
-0.687337 3.690781 0.150930 13
-0.663064 3.752142 0.157316 13
-0.669164 3.834636 0.173818 13
-0.684878 3.922515 0.193274 13
-0.640234 3.967832 0.192490 13
-0.584319 4.005912 0.188049 13
-0.616387 4.101860 0.212316 13
-0.599430 4.164697 0.220411 13
-0.609525 4.243914 0.237065 13
-0.577485 4.296268 0.240113 13
-0.591092 4.375798 0.257526 13
-0.555161 4.425257 0.259221 13
-0.500774 4.464336 0.255207 13
-0.514270 4.541772 0.272182 13
-0.442168 4.571588 0.262803 13
-0.398574 4.617605 0.262251 13
-0.484037 4.730774 0.300556 13
-0.438269 4.774798 0.299171 13
-0.418210 4.831930 0.305470 13
-0.354292 4.867811 0.298836 13
-0.379476 4.946309 0.318343 13
-0.271878 4.962988 0.299178 13
-0.274430 5.030549 0.312002 13
-0.143513 5.039727 0.286637 5
-0.210909 5.134817 0.317838 5
-0.221824 5.204654 0.332773 5
-0.132471 5.233819 0.319596 5
-0.140779 5.302204 0.333709 5
-1.740476 5.966424 0.784832 5
-1.763523 6.020886 0.799454 5
-1.701078 6.044350 0.790775 5
-1.741756 6.104067 0.809981 5
-1.720938 6.142240 0.812560 5
-1.628572 6.157692 0.796219 5
-1.624086 6.201968 0.803266 5
-1.615710 6.244882 0.809255 5
-1.543952 6.269482 0.798808 5
1.732064 5.960327 0.063849 5
1.602622 6.062588 0.108961 5
1.623816 6.134247 0.117331 5
1.762802 6.185599 0.097613 5
-2.399110 -1.413496 -0.355479 9
-2.455999 -1.016025 -0.273040 9
-2.462280 -0.762478 -0.226239 9
-2.374177 -0.745346 -0.240142 9
-2.267211 -0.770856 -0.265354 9
-2.158546 -0.796896 -0.290994 9
-2.075921 -0.762460 -0.300746 9
-1.989758 -0.735360 -0.312504 9
-1.847027 -0.825555 -0.356261 9
-2.496262 0.700876 0.043323 9
-2.513511 0.901281 0.082653 9
-2.479749 0.994982 0.092961 9
-2.390551 0.981132 0.073238 9
-2.428541 1.204281 0.120648 9
-2.465241 1.416432 0.165830 9
-2.408939 1.456692 0.162169 9
-2.336193 1.468410 0.150202 9
-2.267630 1.488240 0.140495 9
-2.164759 1.452348 0.114148 9
-2.111129 1.498904 0.112119 9
-2.033271 1.506942 0.098486 9
-1.973231 1.543741 0.093458 9
-1.864556 1.507328 0.065879 9
-1.408587 0.961702 -0.120280 10
-1.253644 0.875589 -0.165742 10
-1.218987 0.965099 -0.156419 10
-1.140593 0.992270 -0.166750 10
-1.160842 1.154069 -0.133838 10
-1.084734 1.183189 -0.143385 10
-1.025471 1.234994 -0.145606 10
-1.346080 1.771016 0.012583 2
-1.320384 1.854734 0.022582 2
-1.425863 2.097502 0.086510 11
-1.443545 2.227061 0.113127 11
-1.634548 2.557002 0.209254 12
-1.628908 2.649002 0.224615 12
-1.581399 2.691757 0.223029 12
-1.585951 2.792141 0.241862 12
-1.589797 2.889493 0.260012 12
-1.586140 2.976721 0.274890 12
-1.582297 3.062007 0.289382 12
-1.555000 3.121653 0.294728 12
-1.452642 3.105430 0.271916 12
-1.421679 3.161677 0.275934 12
-1.327151 3.156242 0.256565 12
-1.247567 3.166882 0.242971 12
-1.165828 3.176900 0.228843 12
-1.061212 3.167600 0.206810 12
-1.010753 3.208674 0.204307 12
-0.965192 3.254289 0.203565 12
-0.930606 3.309389 0.206649 12
-0.881646 3.352208 0.204739 12
-0.837773 3.399455 0.204606 12
-0.740677 3.404025 0.186490 12
-0.705909 3.459508 0.189592 12
-0.635132 3.487030 0.180689 12
-0.603795 3.545326 0.184954 12
-0.641062 3.654139 0.211592 13
-0.650759 3.740632 0.228875 13
-0.619462 3.796585 0.232721 13
-0.600095 3.860651 0.240334 13
-0.580445 3.924015 0.247765 13
-0.566531 3.990722 0.256906 13
-0.285430 3.882693 0.182810 3
-0.202447 3.907909 0.171082 3
-0.059236 3.896863 0.141143 7
-0.007529 3.944582 0.139514 7
0.040682 3.994813 0.139010 7
0.426631 3.848443 0.037603 13
0.446722 3.919853 0.046346 13
0.386224 4.035710 0.078724 13
-0.350463 4.516871 0.308090 13
-0.451809 4.640864 0.349890 13
-0.349365 4.655874 0.332515 13
-0.360195 4.730044 0.347775 13
-0.309235 4.772738 0.345369 13
-0.362012 4.865934 0.372199 13
-0.319072 4.912269 0.372000 13
-0.265197 4.953998 0.368842 13
-0.133399 4.961687 0.344407 13
-0.098119 5.013721 0.346706 13
-0.132386 5.095317 0.367844 5
-0.028017 5.118659 0.351536 5
-0.030941 5.186624 0.364121 5
0.026209 5.230699 0.360717 5
-1.648411 5.926811 0.811643 5
-1.734515 6.005258 0.842360 5
-1.667196 6.027159 0.833040 5
-1.674866 6.075907 0.843145 5
-1.718067 6.135942 0.862201 5
-1.664629 6.163713 0.856628 5
-1.566468 6.178471 0.839995 5
-1.586514 6.230417 0.853080 5
-1.581395 6.274381 0.859824 5
1.794738 5.935918 0.138346 5
1.643658 6.043100 0.186809 5
1.668288 6.114370 0.194499 5
1.676677 6.188662 0.205901 5
-2.413318 -1.343442 -0.228673 9
-2.444429 -1.014400 -0.167211 9
-2.432752 -0.805909 -0.134168 9
-2.385584 -0.690958 -0.123604 9
-2.271087 -0.735563 -0.152665 9
-2.187654 -0.706112 -0.163362 9
-2.081989 -0.724884 -0.186387 9
-1.950036 -0.796801 -0.223331 9
-2.481458 0.516100 0.098531 9
-2.536769 0.800749 0.157071 9
-2.484052 0.859529 0.157124 9
-2.455588 0.963979 0.169460 9
-2.385533 0.986730 0.160172 9
-2.452179 1.261763 0.219226 9
-2.470292 1.438458 0.252537 9
-2.401489 1.455924 0.242601 9
-2.310431 1.435945 0.222156 9
-2.247153 1.465106 0.215243 9
-2.114297 1.380304 0.175996 9
-2.029692 1.378357 0.159827 9
-1.977589 1.429243 0.158698 9
-1.935618 1.495211 0.162026 9
-1.544109 1.033913 0.010576 10
-1.385025 0.936275 -0.035734 10
-1.301188 0.953127 -0.048553 10
-1.191924 0.935259 -0.072010 10
-1.144739 1.005923 -0.068840 10
-1.103981 1.084338 -0.063149 10
-1.116447 1.232139 -0.035735 10
-1.142664 1.393768 -0.003401 10
-1.100732 1.463992 0.000693 10
-1.392698 1.950066 0.137745 11
-1.402465 2.073409 0.160519 11
-1.397553 2.176032 0.177037 11
-1.591185 2.509608 0.269844 12
-1.536321 2.545586 0.265726 12
-1.576510 2.689126 0.297622 12
-1.533522 2.736686 0.297695 12
-1.578082 2.879021 0.330208 12
-1.545556 2.935502 0.333755 12
-1.606951 3.089346 0.371370 12
-1.568541 3.136859 0.372301 12
-1.464927 3.118861 0.349942 12
-1.324033 3.066646 0.314819 12
-1.241555 3.074451 0.300795 12
-1.174163 3.097971 0.292259 12
-1.122660 3.137083 0.289340 12
-1.030431 3.139557 0.272604 12
-0.973288 3.174995 0.268016 12
-0.968006 3.256131 0.280868 12
-0.885598 3.270099 0.267928 12
-0.824654 3.303419 0.262283 12
-0.763935 3.337569 0.256826 12
-0.725596 3.390350 0.258710 12
-0.667493 3.427473 0.254252 12
-0.672044 3.513515 0.269790 12
-0.517359 3.477753 0.234954 13
-0.473718 3.527801 0.235401 13
-0.515921 3.640239 0.262451 13
-0.520815 3.723727 0.277631 13
-0.472524 3.768944 0.276400 13
-0.324389 3.746491 0.245072 3
-0.285349 3.799959 0.246976 3
-0.243252 3.851485 0.247984 3
-0.196439 3.900153 0.247632 3
-0.075540 3.902849 0.225675 3
0.010309 3.929283 0.214285 7
0.220056 3.883069 0.167486 3
0.440163 3.835455 0.118530 13
0.473828 3.899109 0.123201 13
0.447742 3.996012 0.144648 13
-0.283914 4.475720 0.362468 13
-0.256806 4.532168 0.367130 13
-0.299593 4.624845 0.390957 13
-0.213252 4.650250 0.379328 13
-0.270988 4.748339 0.406860 13
-0.263654 4.812929 0.416595 13
-0.289779 4.892763 0.435145 13
-0.245430 4.939026 0.434886 13
-0.177485 4.975185 0.428527 13
-0.030035 4.977782 0.401688 13
0.035296 5.017959 0.396510 5
0.099852 5.059377 0.391693 5
-1.642225 5.966413 0.870056 5
-1.661210 6.019810 0.882766 5
-1.645008 6.060339 0.886756 5
-1.699113 6.124306 0.907786 5
-1.678723 6.162778 0.910652 5
-1.612145 6.187005 0.902525 5
-1.563936 6.217888 0.898944 5
-1.586603 6.270061 0.912139 5
-1.392496 6.260913 0.874691 5
1.767910 5.929883 0.233652 5
1.656843 6.029015 0.271324 5
1.644531 6.107136 0.287124 5
1.647535 6.181989 0.299534 5
-2.400708 -1.605490 -0.161525 9
-2.514950 -1.049321 -0.052568 9
-2.476591 -0.903673 -0.036564 9
-2.460765 -0.709400 -0.008715 9
-2.409485 -0.607515 -0.001979 9
-2.336646 -0.558738 -0.007589 9
-2.219718 -0.609363 -0.037005 9
-2.071616 -0.723498 -0.082174 9
-1.977165 -0.715828 -0.098210 9
-2.576651 0.732315 0.241004 9
-2.586398 0.918481 0.272338 9
-2.485553 0.879016 0.247694 9
-2.441127 0.951742 0.251163 9
-2.480240 1.179817 0.294539 9
-2.457024 1.284405 0.306955 9
-2.429136 1.377398 0.316689 9
-2.351326 1.380184 0.303012 9
-2.277580 1.391398 0.291426 9
-2.174124 1.353902 0.266704 9
-2.129215 1.415669 0.268423 9
-2.037920 1.401986 0.249724 9
-1.934327 1.371244 0.226090 9
-1.930662 1.496938 0.245505 9
-1.478846 0.945411 0.075809 10
-1.397798 0.964341 0.064218 10
-1.299160 0.959000 0.045587 10
-1.206965 0.964853 0.029922 10
-1.170105 1.048823 0.036740 10
-1.099746 1.085948 0.030040 10
-1.133119 1.261010 0.064115 10
-1.062567 1.295948 0.057054 10
-1.143900 1.524691 0.108381 10
-1.403192 1.968112 0.226124 11
-1.318540 1.975365 0.212124 11
-1.361069 2.136448 0.245656 11
-1.412447 2.303337 0.281718 11
-1.369022 2.356315 0.282489 11
-1.546837 2.658527 0.362980 12
-1.576548 2.786833 0.388984 12
-1.563844 2.865813 0.399468 12
-1.557230 2.949847 0.411864 12
-1.544645 3.026050 0.421941 12
-1.519444 3.088064 0.427487 12
-1.434330 3.089333 0.412547 12
-1.376317 3.118859 0.407014 12
-1.269891 3.102354 0.385426 12
-1.191391 3.114604 0.373472 12
-1.123290 3.137790 0.365150 12
-0.986231 3.099343 0.334593 12
-0.966287 3.168400 0.342287 12
-0.916782 3.210879 0.340430 12
-0.849102 3.238071 0.332876 12
-0.822689 3.300688 0.338408 12
-0.805693 3.370518 0.346792 12
-0.770030 3.424539 0.349307 12
-0.655042 3.415885 0.327585 12
-0.629438 3.478635 0.333324 12
-0.556621 3.505211 0.324826 12
-0.476677 3.527531 0.314385 12
-0.429773 3.575069 0.313910 12
-0.492225 3.700581 0.345496 13
-0.398455 3.714353 0.331250 13
-0.331163 3.747811 0.324908 13
-0.291607 3.800634 0.326637 3
-0.252601 3.853887 0.328545 3
-0.166664 3.877219 0.317292 3
-0.004244 3.854113 0.284967 3
0.113918 3.861526 0.265454 3
0.292668 3.834917 0.229708 13
0.429657 3.836526 0.205957 13
0.498001 3.880021 0.201175 13
0.469722 3.978318 0.222400 13
0.370680 4.113576 0.262150 13
0.415693 4.168645 0.263405 13
-0.230317 4.583598 0.445272 13
-0.249992 4.663496 0.461985 13
-0.241122 4.728044 0.471167 13
-0.163133 4.758705 0.462645 13
-0.078236 4.787325 0.452588 13
-0.149146 4.888890 0.481897 13
-0.141767 4.953095 0.491323 13
-0.008413 4.961967 0.469547 13
0.176710 4.951393 0.435504 13
0.270514 4.982178 0.424306 13
-1.613049 5.997443 0.922555 5
-1.662132 6.060938 0.941774 5
-1.649559 6.102414 0.946573 5
-1.654444 6.149492 0.955357 5
-1.573574 6.169343 0.944653 5
-1.518047 6.198283 0.939894 5
-1.561744 6.257021 0.957412 5
-1.530992 6.293650 0.958269 5
-1.379718 6.298086 0.932763 5
1.656626 6.017593 0.358560 5
1.615487 6.101019 0.379924 5
1.614498 6.176150 0.392928 5
-2.507108 -1.289953 0.017326 9
-2.517403 -1.011490 0.060218 9
-2.501461 -0.811990 0.086791 9
-2.458317 -0.687387 0.097470 9
-2.445633 -0.495877 0.123494 9
-2.314724 -0.583684 0.087176 9
-2.246001 -0.526202 0.083444 9
-2.084881 -0.670787 0.033396 9
-2.502517 0.421160 0.269318 9
-2.600951 0.800696 0.343044 9
-2.530553 0.822762 0.333855 9
-2.542770 1.008029 0.363530 9
-2.499372 1.079229 0.366452 9
-2.485531 1.204161 0.382597 9
-2.463903 1.310623 0.394641 9
-2.424560 1.382062 0.398370 9
-2.326915 1.349782 0.376412 9
-2.228191 1.318673 0.354457 9
-2.152356 1.328846 0.342698 9
-2.100975 1.380225 0.341399 9
-2.022021 1.386863 0.328605 9
-1.945233 1.398254 0.316920 9
-1.883508 1.433922 0.311520 9
-1.457586 0.923169 0.160741 10
-1.365622 0.926245 0.145228 10
-1.329118 1.010840 0.151624 10
-1.214475 0.983725 0.127677 10
-1.149372 1.027972 0.123083 10
-1.126383 1.129254 0.134398 10
-1.068187 1.181727 0.132283 10
-1.079268 1.323894 0.155698 10
-1.153293 1.542307 0.201518 10
-1.379561 1.943585 0.301260 11
-1.399846 2.079224 0.325331 11
-1.373592 2.155561 0.332427 11
-1.387762 2.278067 0.353491 11
-1.556714 2.575509 0.427700 12
-1.571335 2.689018 0.447507 12
-1.517428 2.724021 0.443649 12
-1.504119 2.803319 0.453501 12
-1.575749 2.971442 0.491427 12
-1.547683 3.030850 0.495756 12
-1.537201 3.107562 0.505744 12
-1.480529 3.136706 0.500603 12
-1.404422 3.147313 0.489334 12
-1.264290 3.097582 0.457950 12
-1.199073 3.122225 0.450720 12
-1.141014 3.154311 0.445866 12
-1.049997 3.157058 0.430932 12
-0.968422 3.169931 0.419174 12
-0.868159 3.167884 0.401974 12
-0.804486 3.199097 0.396108 12
-0.833815 3.308927 0.418105 12
-0.744650 3.319103 0.404722 12
-0.691522 3.359849 0.402163 12
-0.594204 3.366146 0.386845 12
-0.617118 3.467131 0.406458 12
-0.534358 3.486143 0.395598 12
-0.453408 3.507827 0.385477 12
-0.375710 3.533133 0.376485 12
-0.318453 3.574132 0.373383 13
-0.325332 3.660352 0.388096 13
-0.265772 3.699927 0.384423 13
-0.268305 3.781593 0.397732 3
-0.235479 3.839016 0.401355 3
-0.219093 3.906848 0.409372 3
-0.110995 3.916734 0.393020 4
0.082220 3.876481 0.354632 3
0.351447 3.794956 0.297123 13
0.327673 3.891201 0.316375 13
0.306139 3.984577 0.334819 13
0.301097 4.067239 0.348849 13
0.348817 4.120039 0.349422 13
0.409410 4.166314 0.346848 13
-0.140052 4.531302 0.495863 13
-0.002874 4.532383 0.473466 13
-0.124041 4.664403 0.514626 13
-0.072419 4.709053 0.513339 13
-0.017484 4.752701 0.511363 13
-0.885951 5.732278 0.812788 5
-1.583701 6.028492 0.975159 5
-1.631860 6.091106 0.993300 5
-1.678181 6.151757 1.010830 5
-1.552248 6.157017 0.991201 5
-1.516978 6.192173 0.991272 5
-1.522293 6.239666 0.999994 5
-1.463723 6.268740 0.995294 5
-1.384088 6.293050 0.986393 5
1.604997 6.016486 0.455506 5
1.661837 6.080735 0.457104 5
1.557670 6.174733 0.489797 5
-2.448522 -1.156063 0.134284 9
-2.576073 -0.597684 0.232950 9
-2.527360 -0.493159 0.238782 9
-2.503056 -0.335113 0.256228 9
-2.494428 -0.147755 0.280451 9
-2.560139 0.197174 0.339229 9
-2.585091 0.437856 0.376653 9
-2.556990 0.555964 0.388077 9
-2.566115 0.746680 0.415948 9
-2.518017 0.814616 0.417068 9
-2.504399 0.948629 0.433261 9
-2.508238 1.111387 0.456446 9
-2.505328 1.255502 0.475923 9
-2.467124 1.329984 0.479751 9
-2.394091 1.340379 0.468777 9
-2.324455 1.357803 0.459384 9
-2.239118 1.349207 0.443733 9
-2.139583 1.318864 0.422674 9
-2.066977 1.335456 0.412743 9
-1.992148 1.349413 0.402096 9
-1.885201 1.314181 0.379185 9
-1.494915 0.848350 0.248346 10
-1.414116 0.867670 0.237535 10
-1.347754 0.909211 0.232293 10
-1.275921 0.943032 0.225080 10
-1.131445 0.875117 0.191440 10
-1.094922 0.960669 0.197470 10
-1.063282 1.051268 0.205055 10
-1.067492 1.187560 0.225087 10
-1.099101 1.355815 0.254218 10
-1.101305 1.481901 0.272528 10
-1.434720 2.017162 0.403729 11
-1.400635 2.084654 0.407766 11
-1.367482 2.152341 0.412010 11
-1.358290 2.247206 0.424098 11
-1.541467 2.561179 0.499107 12
-1.530631 2.646000 0.509536 12
-1.512539 2.721168 0.517416 12
-1.508819 2.810649 0.529724 12
-1.554089 2.950345 0.557266 12
-1.546034 3.030761 0.567607 12
-1.521389 3.092772 0.572617 12
-1.490677 3.147963 0.575680 12
-1.376745 3.121001 0.553385 12
-1.322892 3.154596 0.549619 12
-1.206695 3.129785 0.527320 12
-1.144862 3.157993 0.521531 12
-1.050798 3.157661 0.506416 12
-1.085660 3.273825 0.529069 2
-1.112009 3.379870 0.548895 2
-0.928627 3.304343 0.508516 2
-0.758082 3.244406 0.472509 12
-0.706068 3.286108 0.470422 12
-0.679369 3.348525 0.475452 12
-0.606995 3.374451 0.467843 12
-0.585766 3.440915 0.474391 12
-0.456994 3.425335 0.451723 12
-0.440354 3.495692 0.459628 12
-0.364244 3.522119 0.451604 12
-0.305798 3.562221 0.448438 13
-0.242237 3.599329 0.444043 13
-0.331323 3.741380 0.479452 13
-0.229410 3.752116 0.465113 3
-0.236636 3.836098 0.478970 3
-0.134940 3.849102 0.465059 3
-0.122274 3.919700 0.473827 1
0.083782 3.871113 0.434315 3
0.369135 3.779564 0.375924 13
0.388433 3.850637 0.383810 13
0.412026 3.918791 0.390609 13
1.317942 3.492280 0.184573 6
-1.527498 6.003600 1.014863 5
-1.607009 6.077365 1.038787 5
-1.637964 6.133253 1.052477 5
-1.591135 6.163641 1.050267 5
-1.485220 6.176733 1.036317 5
-1.459229 6.215282 1.038619 5
-1.357678 6.232675 1.026061 5
-1.361435 6.280671 1.034436 5
-1.306597 6.312932 1.031401 5
0.455667 5.915362 0.700069 5
1.671575 5.991787 0.529197 5
1.666127 6.068393 0.542708 5
1.629824 6.150164 0.561750 5
1.722323 6.208856 0.557595 5
-2.463780 -1.336589 0.221406 9
-2.561334 -0.837759 0.300903 9
-2.531589 -0.679330 0.315838 9
-2.597514 -0.297655 0.375257 9
-2.570907 -0.151072 0.389310 9
-2.568738 0.045262 0.413834 9
-2.526496 0.144264 0.419296 9
-2.563238 0.410814 0.459358 9
-2.567965 0.598228 0.484021 9
-2.515086 0.659582 0.483023 9
-2.509051 0.813619 0.501705 9
-2.558815 1.071238 0.542947 9
-2.529807 1.167637 0.550507 9
-2.504609 1.268233 0.559269 9
-2.416497 1.250932 0.542529 9
-2.363843 1.299219 0.540105 9
-2.321653 1.365154 0.541709 9
-2.185345 1.269281 0.507024 9
-2.119789 1.297172 0.499955 9
-2.038304 1.299490 0.487008 9
-1.976049 1.334030 0.481409 9
-1.901065 1.348865 0.471216 9
-1.495620 0.859602 0.341852 10
-1.376027 0.820348 0.317466 10
-1.293481 0.838850 0.306644 10
-1.235394 0.893549 0.304538 10
-1.154587 0.915958 0.294586 10
-1.097510 0.972016 0.292897 10
-1.095466 1.101935 0.309771 10
-1.113723 1.255363 0.333021 10
-1.033708 1.277291 0.323284 10
-1.036569 1.405410 0.340809 10
-1.385048 1.960206 0.469747 11
-1.383884 2.068674 0.484086 11
-1.345660 2.130335 0.486374 11
-1.372143 2.267126 0.508910 11
-1.506785 2.524533 0.564597 12
-1.417534 2.521504 0.550311 12
-1.484835 2.693119 0.583998 12
-1.465032 2.765474 0.590759 12
-1.440699 2.831892 0.596044 12
-1.457750 2.940494 0.613490 12
-1.461386 3.032886 0.626688 12
-1.463606 3.121963 0.639245 12
-1.338080 3.083913 0.614810 12
-1.251412 3.086421 0.601927 12
-1.166735 3.092448 0.589863 6
-1.167335 3.178905 0.601933 6
-1.160241 3.256816 0.611680 6
-1.084643 3.272565 0.602435 2
-1.131287 3.396100 0.626727 6
-0.990366 3.356292 0.599923 6
-0.922305 3.380942 0.593151 2
-0.702612 3.281952 0.546259 12
-0.640245 3.315486 0.541654 12
-0.583411 3.354069 0.538623 12
-0.528581 3.394709 0.536214 12
-0.462704 3.427425 0.531066 12
-0.334669 3.414782 0.510248 12
-0.351608 3.510254 0.526418 12
-0.264958 3.530229 0.516466 12
-0.190448 3.560073 0.509758 12
-0.164149 3.623895 0.515090 13
-0.141323 3.689692 0.521252 13
-0.165582 3.785902 0.538771 3
-0.105547 3.826361 0.535859 3
0.014134 3.830051 0.518890 3
0.401642 3.671626 0.439126 13
1.043523 3.369897 0.301290 6
1.136671 3.406349 0.293099 6
1.248339 3.433544 0.280891 6
1.284512 3.504949 0.286214 6
-1.461139 5.975041 1.053748 5
-1.621583 6.076910 1.092344 5
-1.588434 6.111615 1.093116 5
-1.549235 6.144808 1.092820 5
-1.489879 6.172370 1.088819 5
-1.427615 6.200039 1.084448 5
-1.298947 6.209819 1.067930 5
-1.243066 6.241986 1.065215 5
-1.222761 6.284434 1.069152 5
0.429613 5.913020 0.778202 5
0.489746 5.962870 0.777801 5
0.483291 6.029145 0.789389 5
1.659703 5.982831 0.617661 5
1.587617 6.072035 0.642265 5
1.580670 6.147578 0.655595 5
1.659364 6.207886 0.654539 5
-2.460573 -1.311685 0.332440 9
-2.526984 -0.894632 0.391600 9
-2.569779 -0.556864 0.437737 9
-2.521116 -0.454707 0.441540 9
-2.533999 -0.212626 0.471757 9
-2.533591 -0.011599 0.495071 9
-2.629189 0.393303 0.557882 9
-2.571335 0.448461 0.554903 9
-2.541591 0.561647 0.563325 9
-2.563188 0.776263 0.591994 9
-2.556442 0.925402 0.608441 9
-2.554701 1.078816 0.626239 9
-2.487303 1.101305 0.618102 9
-2.473593 1.224389 0.630486 9
-2.395040 1.225303 0.618098 9
-2.299023 1.196647 0.599465 9
-2.226885 1.212399 0.589944 9
-2.135565 1.196412 0.573648 9
-2.093209 1.264228 0.575127 9
-2.016399 1.274633 0.564358 9
-1.955798 1.312050 0.559413 9
-1.850187 1.279341 0.539043 9
-1.447469 0.796219 0.418121 10
-1.329841 0.761032 0.395679 10
-1.251612 0.786800 0.386772 10
-1.189076 0.835868 0.383167 10
-1.119570 0.875035 0.377330 10
-1.046219 0.909224 0.370343 10
-1.024970 1.014139 0.380034 10
-1.047909 1.175094 0.403391 10
-1.040067 1.291718 0.416653 10
-0.998609 1.362986 0.419265 10
-0.986039 1.469230 0.430617 10
-1.333832 2.012141 0.550520 11
-1.344971 2.133580 0.567406 11
-1.288823 2.173247 0.564043 11
-1.315633 2.308331 0.585057 11
-1.394441 2.498428 0.620760 12
-1.426664 2.631472 0.642395 12
-1.464474 2.767105 0.665221 12
-1.398027 2.788561 0.658227 12
-1.433942 2.917368 0.679978 12
-1.438019 3.010408 0.692533 12
-1.399641 3.059059 0.693235 12
-1.327977 3.074859 0.684904 12
-1.263377 3.098546 0.678653 12
-1.201277 3.125404 0.673212 6
-1.199051 3.208366 0.683734 2
-1.134880 3.233692 0.677870 2
-1.192161 3.367843 0.703695 6
-1.130562 3.394893 0.698498 6
-1.109090 3.456988 0.703676 6
-0.897081 3.358754 0.660608 2
-0.834320 3.388865 0.655764 2
-0.662420 3.331803 0.623924 12
-0.591778 3.358902 0.617644 12
-0.495066 3.366780 0.605161 12
-0.441991 3.409494 0.603524 12
-0.398164 3.459471 0.604200 12
-0.298511 3.468937 0.591641 12
-0.196673 3.478636 0.578850 12
-0.133410 3.517106 0.575380 12
0.086183 3.449354 0.535765 12
0.123721 3.508669 0.538795 12
0.260714 3.502723 0.519167 12
0.474728 3.450070 0.482535 12
0.524701 3.505236 0.483412 12
1.004990 3.296250 0.388664 2
1.050754 3.360271 0.391446 2
1.573245 3.144129 0.290047 12
-1.438255 5.961561 1.102045 5
-1.428669 6.006090 1.107589 5
-1.382887 6.038598 1.106606 5
-1.504231 6.124897 1.135647 5
-1.429001 6.147900 1.129429 5
-1.416747 6.190886 1.134497 5
-1.362544 6.221835 1.132289 5
-1.280028 6.245832 1.125363 5
-1.146004 6.257601 1.109896 5
0.426112 5.905026 0.851683 5
0.412292 5.972746 0.864147 5
0.459908 6.025437 0.866361 5
1.675701 5.968254 0.701096 5
1.515079 6.074792 0.738806 5
1.566480 6.138736 0.742536 5
1.570622 6.211645 0.753809 5
-2.525129 -1.111076 0.471949 9
-2.530657 -0.855206 0.499660 9
-2.573173 -0.520731 0.541654 9
-2.558442 -0.339183 0.558413 9
-2.627421 0.029158 0.608338 9
-2.588432 0.135595 0.613402 9
-2.595657 0.340248 0.636276 9
-2.581995 0.491353 0.650206 9
-2.560835 0.620894 0.660709 9
-2.550101 0.767075 0.674680 9
-2.541929 0.912953 0.689069 9
-2.530850 1.047836 0.701875 9
-2.454854 1.054384 0.690824 9
-2.380117 1.064532 0.680407 9
-2.350893 1.158506 0.686136 9
-2.268767 1.155855 0.673294 9
-2.163834 1.115295 0.652883 9
-2.120891 1.183407 0.653846 9
-2.038094 1.183962 0.641403 9
-1.972386 1.213896 0.634827 9
-1.836644 1.132805 0.605505 9
-1.489845 0.728261 0.508778 10
-1.390066 0.718895 0.492904 10
-1.341733 0.788514 0.493544 10
-1.221497 0.752038 0.471719 10
-1.188078 0.843168 0.477086 10
-1.089207 0.840711 0.462345 10
-1.008305 0.864926 0.453307 10
-0.965949 0.941955 0.455939 10
-0.973992 1.084287 0.473385 10
-0.920981 1.143981 0.472605 10
-0.960009 1.319812 0.498469 10
-0.957440 1.438979 0.511889 10
-1.292470 1.966259 0.620816 11
-1.309248 2.095003 0.638204 11
-1.317267 2.210233 0.652823 11
-1.241599 2.226731 0.644112 11
-1.299374 2.394420 0.671992 11
-1.473351 2.685523 0.730765 12
-1.438357 2.741086 0.732502 12
-1.400663 2.793309 0.733510 12
-1.386657 2.869834 0.740747 12
-1.382592 2.955239 0.750466 12
-1.388936 3.049455 0.762720 12
-1.361093 3.108198 0.766044 12
-1.319127 3.152783 0.765764 12
-1.232624 3.155338 0.754344 12
-1.202498 3.211674 0.757193 6
-1.212826 3.304282 0.770009 6
-1.184472 3.360658 0.773189 6
-1.116397 3.381966 0.766736 6
-1.105923 3.453489 0.774277 6
-1.028707 3.468068 0.765851 6
-0.630168 3.219789 0.681811 12
-0.557249 3.245531 0.675450 12
-0.529468 3.307928 0.679729 12
-0.488303 3.359542 0.680925 12
-0.407300 3.380951 0.673090 12
-0.282566 3.371098 0.655584 12
-0.172500 3.374475 0.641738 12
-0.093434 3.402045 0.635093 12
-0.008206 3.426446 0.627289 12
-0.015306 3.515355 0.639855 12
0.151431 3.486415 0.614680 12
0.486687 3.350471 0.553876 12
0.477947 3.443720 0.567375 12
0.944572 3.236739 0.480511 12
1.177495 3.185076 0.444099 12
1.573382 3.040430 0.374654 12
1.578741 3.135024 0.386770 12
-1.463971 5.965123 1.159081 5
-1.463431 6.012357 1.166038 5
-1.421400 6.045586 1.165982 5
-1.400100 6.086012 1.169507 5
-1.430851 6.142644 1.181698 5
-1.413485 6.183988 1.185893 5
-1.427413 6.234409 1.195209 5
-1.361256 6.262068 1.191603 5
-1.129994 6.246781 1.161931 5
0.377866 5.908546 0.931917 5
0.404556 5.965701 0.937618 5
0.444349 6.019978 0.941375 5
1.497747 5.993574 0.813661 5
1.491251 6.068266 0.826240 5
1.457064 6.147666 0.842856 5
1.557021 6.202496 0.839938 5
-2.543765 -1.030851 0.587711 9
-2.522396 -0.846151 0.601755 9
-2.606323 -0.412125 0.655948 9
-2.596973 -0.221620 0.672562 9
-2.616796 0.028208 0.699417 9
-2.588936 0.159165 0.707621 9
-2.527238 0.210699 0.703076 9
-2.623521 0.600152 0.755259 9
-2.548612 0.613948 0.745187 9
-2.531917 0.747486 0.755594 9
-2.550820 0.947142 0.777856 9
-2.466100 0.937418 0.764195 9
-2.434900 1.031371 0.768741 9
-2.349938 1.022809 0.755274 9
-2.248320 0.986003 0.736613 9
-2.211424 1.067177 0.739229 9
-2.143073 1.091838 0.731673 9
-2.076713 1.120403 0.724855 9
-2.012541 1.152976 0.718816 9
-1.922809 1.144310 0.704989 9
-1.565130 0.712194 0.609878 10
-1.436016 0.655290 0.585635 10
-1.306545 0.602034 0.561777 10
-1.257403 0.672521 0.562043 10
-1.193818 0.720898 0.558062 10
-1.091361 0.713615 0.542938 10
-1.001355 0.725955 0.531654 10
-0.943184 0.783388 0.529565 10
-0.935769 0.908674 0.541674 10
-0.901603 0.995664 0.546133 10
-0.861370 1.073301 0.548836 10
-0.988762 1.361930 0.596889 10
-1.260287 1.819919 0.682656 6
-1.185264 1.840363 0.674716 6
-1.259440 2.039678 0.706182 11
-1.248653 2.133690 0.714925 11
-1.235649 2.223268 0.722946 11
-1.219805 2.307943 0.730110 11
-1.424958 2.634703 0.793118 12
-1.371217 2.670738 0.790038 12
-1.399814 2.794352 0.807506 12
-1.306291 2.787936 0.794612 12
-1.355511 2.929000 0.816815 12
-1.374592 3.036213 0.831364 12
-1.326934 3.075543 0.829697 12
-1.301396 3.136327 0.833352 12
-1.272162 3.192993 0.836116 12
-1.169793 3.181538 0.821818 2
-1.159820 3.256081 0.829180 2
-1.165523 3.343457 0.840055 2
-1.142924 3.404535 0.844363 6
-1.077515 3.428401 0.839015 6
-0.906760 3.364785 0.810311 6
-0.892625 3.434264 0.816812 6
-0.480751 3.182315 0.736058 12
-0.503011 3.285247 0.751134 12
-0.334658 3.238553 0.724954 12
-0.316415 3.309736 0.731366 12
-0.195811 3.304082 0.716075 12
-0.132191 3.342361 0.713094 12
0.005515 3.328419 0.694836 12
0.049777 3.382678 0.696261 12
0.178227 3.379370 0.680541 12
0.245210 3.419814 0.677652 12
0.705080 3.202920 0.595968 12
0.933460 3.146511 0.561923 12
1.082352 3.145228 0.544282 12
1.299331 3.104878 0.513746 12
1.361637 3.162395 0.513882 12
-1.424469 5.993521 1.211839 5
-1.417274 6.038566 1.217612 5
-1.384217 6.075156 1.219382 5
-1.344175 6.109974 1.220173 5
-1.360754 6.162287 1.229696 5
-1.384530 6.216041 1.240246 5
-1.341648 6.250457 1.240781 5
-1.238136 6.269231 1.232503 5
0.345438 5.908145 1.008533 5
0.367875 5.965871 1.014899 5
0.399621 6.021516 1.020005 5
0.461241 6.070695 1.020991 5
1.479445 5.986363 0.899882 5
1.475230 6.060301 0.911846 5
1.359784 6.154687 0.938832 5
1.546436 6.192884 0.925137 5
-2.576980 -0.913709 0.706609 9
-2.536322 -0.781625 0.711442 9
-2.508384 -0.623894 0.720449 9
-2.577775 -0.241853 0.763214 9
-2.561013 -0.077120 0.774658 9
-2.546249 0.085337 0.786281 9
-2.530801 0.239751 0.797188 9
-2.511395 0.379671 0.806335 9
-2.539588 0.613671 0.830681 9
-2.531209 0.763531 0.842448 9
-2.488082 0.838794 0.842726 9
-2.419749 0.863189 0.834970 9
-2.364720 0.913245 0.831452 9
-2.299832 0.944336 0.824913 9
-2.196164 0.905434 0.806705 9
-2.145999 0.964529 0.804881 9
-2.092323 1.016562 0.801997 9
-2.030507 1.054171 0.796740 9
-1.935958 1.037602 0.782085 9
-1.485011 0.446119 0.665815 10
-1.415828 0.486677 0.660015 10
-1.336255 0.511243 0.651394 10
-1.262215 0.545040 0.644454 10
-1.163179 0.542114 0.630790 10
-1.069089 0.548398 0.618726 10
-1.074417 0.698242 0.633542 10
-0.996857 0.728021 0.626049 10
-0.931334 0.775005 0.621858 10
-0.817870 0.757670 0.605282 10
-0.902731 1.003943 0.640085 10
-0.884785 1.109823 0.648004 10
-0.789681 1.115906 0.636302 10
-1.194638 1.743465 0.749836 6
-1.241173 1.912864 0.772477 11
-1.235689 2.015466 0.781949 6
-1.258983 2.149466 0.798255 11
-1.270204 2.266202 0.811375 11
-1.246719 2.341179 0.816004 6
-1.222467 2.414157 0.820396 11
-1.325872 2.623996 0.854616 12
-1.328771 2.721004 0.864941 12
-1.336035 2.820527 0.876119 12
-1.262429 2.835496 0.868719 12
-1.342353 3.005083 0.896141 12
-1.296066 3.046125 0.894891 12
-1.287274 3.123344 0.902021 12
-1.191802 3.117552 0.890032 12
-1.112891 3.129020 0.881914 6
-1.196505 3.289244 0.909066 2
-1.157109 3.335627 0.909486 6
-1.123352 3.386892 0.911154 6
-0.909444 3.283824 0.874996 2
-0.888564 3.348486 0.879745 2
-0.830017 3.381522 0.876702 2
-0.777331 3.419884 0.874983 2
-0.389328 3.193607 0.805342 12
-0.324010 3.228255 0.801888 12
-0.329695 3.317559 0.812734 12
-0.184437 3.293101 0.793652 12
-0.025055 3.261480 0.772229 12
0.040953 3.300083 0.769404 12
0.054655 3.376030 0.776795 12
0.236886 3.335651 0.752013 12
0.444763 3.282079 0.722924 12
0.738997 3.176405 0.678277 12
0.630951 3.336693 0.709257 2
0.933036 3.234454 0.664311 12
1.176872 3.175176 0.630919 12
1.373976 3.149479 0.606708 12
1.494568 3.173020 0.596784 12
-1.370821 5.969560 1.256278 5
-1.360692 6.014111 1.261601 5
-1.349762 6.058298 1.266835 5
-1.319961 6.096530 1.269419 5
-1.329158 6.146816 1.277572 5
-1.264238 6.175102 1.275396 5
-1.269048 6.223974 1.283002 5
-1.092326 6.223536 1.265920 5
0.463964 5.868712 1.063936 5
0.486003 5.927603 1.070588 5
0.472087 5.995200 1.082039 5
0.503050 6.051926 1.087629 5
0.559202 6.103457 1.090093 5
1.397134 5.992598 0.993605 5
1.315225 6.081037 1.014930 5
1.327870 6.149686 1.024322 5
1.451806 6.198377 1.020172 5
-2.542834 -0.736126 0.816854 9
-2.527516 -0.549848 0.828305 9
-2.529966 -0.329668 0.844965 9
-2.532828 -0.118275 0.861116 9
-2.464575 -0.075577 0.854412 9
-2.529427 0.257792 0.888846 9
-2.514829 0.406844 0.898038 9
-2.519874 0.591114 0.912782 9
-2.503350 0.724330 0.920648 9
-2.443553 0.767038 0.915542 9
-2.349927 0.743848 0.900686 9
-2.304577 0.814602 0.899918 9
-2.238882 0.846143 0.893349 9
-2.171840 0.875434 0.886492 9
-2.104281 0.904125 0.879593 9
-2.033130 0.926972 0.871816 9
-1.497390 0.165839 0.738758 10
-1.451070 0.247954 0.739237 10
-1.408642 0.334708 0.740693 10
-1.313437 0.336115 0.728295 10
-1.264969 0.411739 0.728212 10
-1.175965 0.424595 0.717735 10
-1.083502 0.433667 0.706580 10
-1.001813 0.459951 0.698338 10
-0.948273 0.527218 0.697238 10
-0.934269 0.648927 0.705868 10
-0.851891 0.674119 0.697697 10
-0.787753 0.724710 0.694085 10
-0.818448 0.899915 0.713174 10
-0.771069 0.969566 0.713466 10
-0.762822 1.087857 0.722927 10
-1.178671 1.728652 0.830540 6
-1.284400 1.969835 0.864947 11
-1.235469 2.019295 0.863556 11
-1.175685 2.055905 0.859773 11
-1.171419 2.156415 0.868491 11
-1.188843 2.279169 0.881884 11
-1.262696 2.461100 0.907445 11
-1.348286 2.650470 0.935134 12
-1.284756 2.676340 0.930258 12
-1.188693 2.669110 0.918571 12
-1.180006 2.752905 0.925618 12
-1.215528 2.879425 0.941857 12
-1.278572 3.029825 0.963577 12
-1.063887 2.909141 0.927785 6
-1.165197 3.092820 0.957167 2
-1.094540 3.112165 0.951308 2
-1.024569 3.133144 0.945751 2
-1.130916 3.311978 0.975394 2
-1.077951 3.346711 0.973203 2
-0.952277 3.319659 0.956925 2
-0.899243 3.356410 0.955060 2
-0.788144 3.345812 0.942166 2
0.254370 2.586205 0.752493 11
-0.412015 3.209735 0.888282 12
-0.244823 3.164824 0.866075 12
-0.141975 3.172674 0.856265 12
-0.117990 3.241104 0.861197 12
-0.014254 3.250809 0.851638 12
0.109055 3.248363 0.838823 12
0.198784 3.271833 0.832344 12
0.372679 3.238940 0.811190 12
0.430134 3.288070 0.810964 2
0.489561 3.336359 0.810520 2
0.573452 3.369400 0.805995 2
0.744394 3.348711 0.786816 2
1.268712 3.113351 0.708322 12
1.352908 3.156743 0.705197 12
-1.210523 5.908745 1.287494 5
-1.364607 6.009715 1.314865 5
-1.308118 6.039041 1.314030 5
-1.301322 6.084779 1.319840 5
-1.259988 6.119924 1.321226 5
-1.291259 6.176813 1.331986 5
-1.237379 6.208820 1.331942 5
-0.977675 6.185893 1.306460 5
0.522507 5.909467 1.138744 5
0.515399 5.975704 1.149073 5
0.513518 6.040272 1.158779 5
0.523121 6.101965 1.167155 5
0.567555 6.156233 1.171559 5
1.226264 6.088048 1.106118 5
1.149409 6.172711 1.125398 5
1.399522 6.196540 1.108200 5
-2.537710 -0.497996 0.931490 9
-2.519448 -0.329055 0.939643 9
-2.507322 -0.153063 0.949209 9
-2.441093 -0.105382 0.942990 9
-2.541361 0.304715 0.983623 9
-2.550624 0.502658 0.997867 9
-2.512449 0.594143 0.998662 9
-2.448241 0.630109 0.992305 9
-2.384802 0.667486 0.986229 9
-2.313540 0.689606 0.978156 9
-2.232635 0.694122 0.967686 9
-2.157091 0.709928 0.958781 9
-2.098118 0.756516 0.954260 9
-2.059275 0.838142 0.954885 9
-1.260430 -0.053574 0.789348 10
-1.248075 0.087739 0.797950 10
-1.187325 0.148539 0.794742 10
-1.140787 0.230694 0.794959 10
-1.061438 0.261651 0.787445 10
-0.996249 0.314266 0.783371 10
-0.924248 0.356768 0.777804 10
-0.840510 0.382784 0.769669 10
-0.777777 0.439016 0.766447 10
-0.723196 0.506120 0.765125 10
-0.685054 0.594566 0.767491 10
-0.629377 0.658483 0.765980 10
-0.611921 0.771084 0.772844 10
-0.611507 0.902786 0.783286 10
-0.589069 1.004101 0.788861 10
-1.185713 1.854538 0.925475 2
-1.205091 1.987228 0.938506 11
-1.225343 2.117575 0.951522 11
-1.161502 2.148435 0.947014 11
-1.156182 2.245516 0.954582 11
-1.149236 2.338843 0.961731 11
-1.111347 2.396947 0.962594 11
-1.166169 2.552749 0.981925 12
-1.127319 2.607078 0.982509 12
-1.115369 2.688479 0.988391 12
-1.128957 2.794049 0.999172 12
-1.096566 2.852281 1.001001 12
-1.148548 2.991162 1.018906 12
-1.101627 3.033230 1.017917 12
-1.061847 3.082044 1.018345 12
-0.974781 3.087854 1.010077 12
-0.922311 3.126013 1.008377 2
-0.861564 3.157301 1.005276 2
-0.745100 3.141542 0.992257 12
-0.886107 3.344355 1.025579 2
-0.573024 3.167509 0.977933 12
-0.423033 3.131036 0.959859 12
-0.349474 3.158459 0.955502 12
-0.195418 3.124439 0.937431 12
-0.128869 3.160391 0.934744 12
-0.026464 3.170368 0.926135 12
0.092848 3.169810 0.914949 12
0.121233 3.236599 0.919209 12
0.310150 3.190458 0.897037 12
0.412896 3.207726 0.889469 12
0.413154 3.295671 0.898761 2
0.483054 3.336594 0.896840 2
0.579147 3.361428 0.890925 6
0.686877 3.380432 0.883425 2
1.244636 3.123061 0.806000 12
-1.206736 5.951142 1.348269 5
-1.251636 6.014874 1.360311 5
-1.249130 6.062460 1.366609 5
-1.287546 6.122207 1.377722 5
-1.201991 6.144539 1.374382 5
-1.173480 6.184482 1.377824 5
-0.959311 6.174171 1.360403 5
0.591675 5.883016 1.204003 5
0.532774 5.962373 1.219772 5
0.564498 6.019216 1.225692 5
0.611484 6.073003 1.230119 5
0.632508 6.132929 1.237416 5
0.816615 6.160073 1.228063 5
1.104155 6.170733 1.208821 5
1.216680 6.218660 1.207914 5
-2.557117 -0.215264 1.046841 9
-2.551725 -0.027669 1.056195 9
-2.545604 0.150442 1.065034 9
-2.519195 0.277182 1.068425 9
-2.473534 0.358480 1.066830 9
-2.417352 0.415687 1.062591 9
-2.364198 0.477897 1.059125 9
-2.295782 0.508694 1.051979 9
-2.238318 0.560781 1.047562 9
-2.156184 0.565676 1.037343 9
-2.091844 0.604716 1.031475 9
-2.024634 0.638498 1.025028 9
-0.937255 -0.072373 0.849231 10
-0.900960 0.029667 0.851542 10
-0.859320 0.121588 0.852681 10
-0.811698 0.203072 0.852551 10
-0.735513 0.242634 0.846482 10
-0.673466 0.302300 0.843467 10
-0.597814 0.343017 0.837747 10
-0.575832 0.455961 0.843048 10
-0.505731 0.503359 0.838612 10
-0.500240 0.634016 0.847166 10
-0.492879 0.759252 0.855238 10
-0.479636 0.874377 0.862059 10
-0.476105 0.998841 0.870690 10
-1.182748 1.964751 1.015757 11
-1.124272 2.003425 1.012513 11
-1.108976 2.091737 1.017532 11
-1.067565 2.149142 1.017624 11
-1.105695 2.293615 1.032531 11
-1.091427 2.377812 1.037594 11
-1.098245 2.482874 1.046473 11
-1.031925 2.509765 1.042038 12
-1.051901 2.625277 1.053206 12
-1.037305 2.703636 1.058104 12
-1.042928 2.800599 1.066546 12
-1.032472 2.880190 1.072103 12
-1.022879 2.959337 1.077785 12
-1.030434 3.053108 1.086383 12
-0.958526 3.072986 1.081397 12
-0.881439 3.089283 1.075706 12
-0.795717 3.099235 1.068754 12
-0.698744 3.101023 1.060146 12
-0.619821 3.119783 1.054741 12
-0.425149 3.044459 1.030702 12
-0.354229 3.073921 1.027131 12
-0.329285 3.140666 1.031069 12
-0.229984 3.149177 1.023271 2
-0.348699 3.325284 1.049919 2
-0.253775 3.337276 1.042987 2
-0.148963 3.343677 1.034771 2
0.096710 3.251112 1.005326 12
0.332344 3.171537 0.978062 12
0.471731 3.163677 0.965848 2
0.406517 3.296337 0.984358 2
0.481380 3.333658 0.982071 2
0.578500 3.357554 0.976729 2
0.626414 3.414106 0.978731 6
0.687400 3.462787 0.978979 6
-1.149138 5.975586 1.402831 5
-1.219709 6.047192 1.416938 5
-1.234892 6.100132 1.425015 5
-1.186279 6.133685 1.426417 5
-1.122008 6.163510 1.426366 5
-0.985760 6.174676 1.419218 5
0.733012 5.904523 1.272987 5
0.560897 6.010756 1.298868 5
0.632060 6.058927 1.301358 5
0.678230 6.113550 1.306408 5
0.860443 6.141140 1.299199 5
1.055370 6.169593 1.291415 5
1.123588 6.224880 1.295450 5
-2.376333 -0.011939 1.126454 9
-2.351428 0.119854 1.129205 9
-2.317370 0.228069 1.129817 9
-2.252895 0.271509 1.123696 9
-2.194085 0.325711 1.118892 9
-2.139172 0.386557 1.114989 9
-2.074773 0.428473 1.109115 9
-0.529166 -0.041094 0.907844 10
-0.503402 0.074401 0.911796 10
-0.446744 0.145240 0.909984 10
-0.396605 0.224063 0.909445 10
-0.371321 0.334436 0.913497 10
-0.334242 0.427419 0.915394 10
-0.332561 0.563452 0.923659 10
-0.316180 0.678135 0.929225 10
-0.275591 0.761140 0.930488 10
-0.308097 0.929854 0.944564 10
-1.094828 1.972871 1.089131 11
-0.226685 1.086933 0.947044 10
-1.089081 2.176311 1.102152 11
-1.036111 2.219796 1.100130 11
-1.033952 2.318185 1.106712 11
-1.002693 2.383822 1.108419 11
-0.982872 2.460610 1.112047 11
-0.990417 2.564130 1.120149 12
-0.964910 2.632497 1.122840 12
-0.985532 2.745252 1.132956 12
-0.956475 2.807768 1.135079 12
-0.958227 2.898747 1.142098 12
-0.938595 2.968283 1.145738 12
-0.976212 3.088912 1.158261 12
-0.882574 3.089933 1.150509 12
-0.754084 3.062292 1.137679 12
-0.663830 3.070288 1.130933 12
-0.564412 3.072174 1.123033 12
-0.489652 3.096224 1.119024 12
-0.339512 3.060446 1.104130 2
-0.344988 3.151283 1.112241 12
-0.354142 3.243497 1.120846 2
-0.302615 3.287988 1.120744 6
-0.302831 3.371409 1.128079 6
-0.216817 3.390582 1.123313 6
0.225145 3.156047 1.069346 12
0.349991 3.155793 1.060131 12
0.336027 3.253406 1.070135 2
0.409947 3.290235 1.068236 2
0.419864 3.370237 1.075071 2
0.545715 3.374465 1.066587 6
0.630053 3.407301 1.063861 6
0.701170 3.449525 1.063065 6
0.896523 3.417248 1.046501 6
-1.126626 6.011709 1.461798 5
-1.178847 6.076889 1.473130 5
-1.154228 6.117967 1.477223 5
-1.097825 6.150194 1.478506 5
-1.065297 6.189869 1.482117 5
-0.841649 6.179305 1.468925 5
0.542870 6.005706 1.373076 5
0.473381 6.085079 1.387827 5
0.559471 6.129367 1.389741 5
0.611289 6.182103 1.394687 5
0.738918 6.220808 1.393863 5
-2.044724 -0.128537 1.174575 9
-0.088351 -0.179639 0.960880 10
-0.104715 -0.007210 0.971333 10
-0.058889 0.080853 0.971571 10
-0.045938 0.209040 0.977173 10
-0.002361 0.296649 0.977858 10
0.065771 0.353338 0.974710 10
0.163266 0.375181 0.967073 10
0.252055 0.408526 0.961000 10
0.363370 0.417106 0.951626 10
0.423112 0.485389 0.950406 10
-0.897476 2.070168 1.159304 11
-0.933797 2.212600 1.171052 11
-0.914369 2.292489 1.174340 11
-0.903551 2.380086 1.178928 11
-0.891063 2.464471 1.183273 11
-0.883242 2.552131 1.188308 12
-0.880961 2.643711 1.194141 12
-0.882474 2.737284 1.200505 12
-0.865780 2.811959 1.204260 12
-0.880790 2.914941 1.212507 12
-0.835985 2.961561 1.212347 12
-0.853034 3.063281 1.220847 12
-0.769928 3.075519 1.215549 12
-0.648076 3.055951 1.205175 12
-0.568068 3.074153 1.200727 12
-0.485308 3.091313 1.196099 12
-0.413954 3.118986 1.193175 2
-0.432036 3.218427 1.202146 2
-0.344717 3.234163 1.197375 6
-0.346801 3.319395 1.204318 6
-0.303134 3.369198 1.205422 6
-0.257769 3.417875 1.206416 6
0.267859 3.122329 1.147455 12
0.422483 3.101494 1.135722 2
0.333241 3.251777 1.154273 2
0.421276 3.278807 1.151086 2
0.502684 3.311531 1.148914 2
0.636636 3.311377 1.140695 2
0.635467 3.399373 1.148723 6
-1.094109 6.044687 1.520110 5
-1.074056 6.087878 1.524798 5
-1.069856 6.135736 1.530834 5
-1.004014 6.166354 1.532078 5
-0.906690 6.189657 1.531105 5
0.463079 6.015301 1.451300 5
0.387172 6.095318 1.465432 5
0.329015 6.169700 1.478155 5
0.361440 6.223968 1.484529 5
0.619400 6.234297 1.475834 5
0.344488 -0.124926 1.032662 10
0.348847 0.016661 1.038861 10
0.378225 0.125445 1.041557 10
0.450244 0.182755 1.038389 10
0.522010 0.240467 1.035403 10
0.587279 0.305576 1.033454 10
0.675295 0.345571 1.028558 10
-0.818650 2.090953 1.236459 11
-0.812605 2.187019 1.241137 11
-0.809644 2.284486 1.246234 11
-0.822739 2.396442 1.253441 11
-0.776397 2.446668 1.252891 11
-0.792001 2.557496 1.260429 11
-0.789798 2.648871 1.265658 12
-0.758150 2.710872 1.267163 12
-0.753209 2.797066 1.272095 12
-0.744757 2.878662 1.276605 12
-0.746086 2.967725 1.282346 12
-0.744000 3.052279 1.287672 12
-0.676281 3.079260 1.285049 12
-0.579361 3.082552 1.279073 12
-0.436130 3.049463 1.267802 12
-0.444751 3.142305 1.274774 2
-0.441475 3.224132 1.280345 2
-0.440896 3.306883 1.286248 2
-0.328680 3.303373 1.279362 6
-0.322571 3.381283 1.284787 6
-0.236079 3.399346 1.281201 6
0.305191 3.092435 1.227189 12
0.485003 3.054136 1.214242 12
0.424991 3.185010 1.227879 2
0.517526 3.210037 1.224930 2
0.569008 3.263637 1.226596 2
0.639173 3.305427 1.226424 2
0.701688 3.352873 1.227234 2
-1.029895 6.018603 1.570451 5
-1.042766 6.072165 1.577569 5
-1.006003 6.110870 1.581301 5
-1.006858 6.160495 1.587687 5
-0.897743 6.180389 1.586887 5
-0.754561 6.193448 1.584223 5
0.340014 5.973605 1.522025 5
0.346584 6.033855 1.529914 5
0.278865 6.110847 1.542357 5
0.248878 6.177999 1.552445 5
0.309519 6.225454 1.557287 5
0.544218 6.239378 1.552566 5
0.589203 6.293358 1.558957 5
1.678609 -1.240473 0.997010 8
0.850219 -0.129363 1.103812 10
0.799301 0.072415 1.116002 10
0.890831 0.112629 1.111194 10
0.954158 0.184119 1.109908 10
-0.706588 2.077137 1.310550 11
-0.719793 2.193154 1.316844 11
-0.671438 2.244045 1.316046 11
-0.647612 2.319355 1.318162 11
-0.673076 2.441970 1.325931 11
-0.673512 2.537797 1.330863 11
-0.662048 2.620666 1.334491 12
-0.641477 2.693856 1.337159 12
-0.624835 2.769724 1.340319 12
-0.608839 2.845181 1.343606 12
-0.578058 2.906761 1.345358 12
-0.598257 3.011578 1.352628 12
-0.578189 3.080483 1.355631 12
-0.462194 3.069605 1.348661 12
-0.466504 3.158332 1.354415 2
-0.422264 3.207132 1.355203 2
-0.424324 3.292025 1.360813 2
-0.334075 3.305266 1.357154 2
-0.198973 3.286493 1.349235 2
-0.104593 3.300363 1.345634 2
0.330005 3.071497 1.309041 12
0.475867 3.057148 1.301259 12
0.622318 3.045327 1.293754 12
0.825940 2.997782 1.281181 12
0.879351 3.054119 1.283113 12
-0.895272 6.021550 1.624271 5
-0.897817 6.073006 1.630675 5
-0.928925 6.132093 1.638704 5
-0.901078 6.174406 1.643499 5
-0.756044 6.186661 1.642205 5
-0.442183 6.159531 1.632612 5
0.168885 6.067379 1.608925 5
0.165424 6.127875 1.617041 5
0.199512 6.179797 1.623417 5
0.320928 6.213845 1.625896 5
0.468066 6.244886 1.627609 5
1.573126 -1.112007 1.136790 8
1.621280 -1.003527 1.137114 8
1.833891 -1.080360 1.120633 8
1.603880 -0.665942 1.149821 8
1.577615 -0.483697 1.158043 8
1.343869 -0.086466 1.187210 10
-0.390176 1.853394 1.366181 2
-0.534772 2.106617 1.384750 11
-0.523835 2.197100 1.387823 11
-0.507992 2.281292 1.390480 11
-0.498101 2.369954 1.393784 11
-0.449561 2.420771 1.393435 11
-0.449262 2.516217 1.397806 11
-0.447370 2.608564 1.402071 12
-0.452768 2.705861 1.407067 12
-0.440611 2.786094 1.410469 12
-0.415014 2.853720 1.412699 12
-0.407960 2.936320 1.416705 12
-0.405312 3.021377 1.421164 12
-0.390998 3.095726 1.424629 12
-0.295264 3.104636 1.420960 2
-0.268054 3.168507 1.423504 2
-0.289169 3.268803 1.430329 2
-0.202970 3.287011 1.427956 2
0.210961 3.066318 1.397973 12
0.302121 3.088409 1.395887 12
0.459895 3.064988 1.388489 12
-0.860065 6.055332 1.685699 5
-0.824736 6.096113 1.690320 5
-0.803549 6.141154 1.695687 5
-0.716778 6.169269 1.698433 5
-0.603433 6.192204 1.700381 5
-0.377829 6.190149 1.698292 5
-0.049582 6.168653 1.692970 5
0.107920 6.191063 1.694788 5
0.358959 6.196591 1.693800 5
1.617849 -0.994350 1.263503 8
1.554162 -0.762873 1.273075 8
1.571906 -0.626714 1.275700 8
1.557890 -0.458834 1.281157 8
1.543133 -0.293805 1.286765 8
1.608703 -0.215527 1.285708 8
-0.216196 1.784338 1.442475 2
-0.240954 1.916185 1.448064 2
-0.274321 2.053535 1.454400 11
-0.221104 2.104576 1.453709 11
-0.186534 2.173273 1.454665 11
-0.189491 2.276111 1.458743 11
-0.159266 2.347001 1.460249 11
-0.144535 2.431045 1.463083 11
-0.129411 2.513618 1.465974 11
-0.099852 2.582749 1.467836 12
-0.069732 2.650851 1.469763 12
-0.014549 2.697769 1.469899 12
2.087819 1.088943 1.316562 8
2.182606 1.136837 1.315629 8
2.250962 1.206358 1.316870 8
-0.730467 6.062646 1.744631 5
-0.662402 6.095773 1.748716 5
-0.653516 6.145485 1.754817 5
-0.572443 6.176926 1.758908 5
-0.407138 6.189345 1.760929 5
-0.204704 6.196169 1.762450 5
0.070350 6.190600 1.762725 5
1.588003 -0.955117 1.391378 8
1.557948 -0.762443 1.396193 8
1.599674 -0.653011 1.396160 8
1.536768 -0.432494 1.403508 8
1.570193 -0.319237 1.404350 8
1.576976 -0.179987 1.407168 8
1.663528 -0.124369 1.404737 8
1.756636 -0.074722 1.402078 8
1.597497 0.222616 1.416429 8
1.626254 0.331091 1.418333 8
1.583193 0.505843 1.425094 8
1.561706 0.656760 1.430524 8
1.565855 0.781405 1.434395 8
1.593054 0.883487 1.436912 8
1.724695 0.893132 1.432965 8
1.790556 0.961464 1.433408 8
1.853507 1.032375 1.434223 8
2.035917 1.004797 1.427890 8
-0.532283 6.053013 1.805188 5
-0.560258 6.113627 1.812077 5
-0.541800 6.161647 1.818148 5
-0.387977 6.176830 1.822112 5
-0.179806 6.182111 1.825701 5
0.082953 6.179028 1.829123 5
1.606739 -0.656603 1.518433 8
1.580732 -0.476151 1.521565 8
1.560042 -0.305394 1.524580 8
1.576103 -0.176418 1.525841 8
1.710666 -0.170022 1.521151 8
1.830876 -0.146925 1.517446 8
1.584527 0.236668 1.532688 8
1.553912 0.401518 1.536977 8
1.569261 0.519534 1.539082 8
1.575361 0.644316 1.541805 8
1.649096 0.705685 1.541332 8
1.754733 0.738983 1.539502 8
1.830440 0.799847 1.539359 8
1.952239 0.821615 1.537212 8
2.089641 0.832179 1.534580 8
-0.352144 6.051108 1.870618 5
-0.351541 6.105625 1.877098 5
-0.220399 6.127928 1.882991 5
1.588352 -0.480715 1.642218 8
1.569083 -0.311802 1.643642 8
1.556602 -0.153572 1.645021 8
1.614000 -0.069586 1.644085 8
1.549729 0.135172 1.647704 8
1.574521 0.247815 1.648324 8
1.560454 0.396184 1.650506 8
1.608854 0.482785 1.650670 8
1.698293 0.530820 1.649607 8
1.828986 0.542253 1.647346 8
1.911947 0.598431 1.646964 8
1.997326 0.653108 1.646724 8
1.831882 -0.144257 1.757769 8
1.795771 0.032754 1.758940 8
1.839838 0.128919 1.758726 8
1.899386 0.209605 1.758426 8
1.962995 0.286232 1.758270 8
2.070309 0.323061 1.757488 8
0.000086 6.040779 -1.850022 5
-0.109165 6.031579 -1.849299 5
-0.218874 6.029155 -1.848641 5
-0.329021 6.030694 -1.848119 5
-0.442930 6.070756 -1.846846 5
0.660348 6.055868 -1.730740 5
0.551063 5.977547 -1.731153 5
0.441574 5.996442 -1.728324 5
0.332173 5.997036 -1.726374 5
0.224074 5.959340 -1.726039 5
0.115004 5.957079 -1.724648 5
0.004512 5.979832 -1.722567 5
-0.102077 5.933231 -1.723246 5
-0.213509 5.962604 -1.721369 5
-0.325505 5.990234 -1.719778 5
-0.433630 5.968512 -1.720224 5
-0.547407 6.004369 -1.718779 5
-0.654965 5.976447 -1.719906 5
-0.766229 5.981638 -1.720043 5
-0.887710 6.062395 -1.717636 5
0.882332 5.990226 -1.609504 5
0.772697 5.985986 -1.606882 5
0.663093 5.950016 -1.605959 5
0.553824 5.960070 -1.603108 5
0.443995 5.990900 -1.599489 5
0.334944 5.968363 -1.598594 5
0.225373 5.970681 -1.596741 5
0.118185 5.917507 -1.597740 5
0.004307 6.003524 -1.592332 5
-0.444543 6.084786 -1.585305 5
-0.552784 6.052447 -1.586608 5
-0.657050 5.988099 -1.589663 5
-0.767674 5.984478 -1.590023 5
-0.879390 5.987816 -1.590267 5
-0.990876 5.987120 -1.590922 5
-1.111981 6.048732 -1.588820 5
1.104177 5.949371 -1.488919 5
0.995439 5.977462 -1.484108 5
0.885939 5.992146 -1.480256 5
0.776177 6.005167 -1.476698 5
0.666281 6.059828 -1.470932 5
0.337109 5.962639 -1.469977 5
0.228809 5.922051 -1.470567 5
0.117477 5.964134 -1.466522 5
-0.780827 6.083886 -1.454091 5
-0.897815 6.117788 -1.452340 5
-1.002330 6.056273 -1.456435 5
-1.098617 5.945888 -1.463616 5
-1.219801 6.002710 -1.461138 5
1.334433 6.050572 -1.360141 5
1.220226 5.987138 -1.360833 5
1.107786 5.935303 -1.360972 5
1.000408 6.012684 -1.352523 5
0.890749 6.049734 -1.346990 5
0.232917 5.854082 -1.346656 5
0.118660 5.968943 -1.337018 5
0.010710 5.925967 -1.338577 5
-1.017356 6.150670 -1.318445 5
-1.124123 6.101904 -1.322365 5
-1.219333 5.984830 -1.331274 5
-1.330001 5.970258 -1.333178 5
-1.758460 0.112972 -1.785834 9
-1.780485 0.015024 -1.795125 9
-1.832821 -0.010133 -1.799943 9
-1.868214 -0.072734 -1.807147 9
-1.936643 -0.061945 -1.809968 9
-1.978907 -0.108034 -1.816337 9
-2.017699 -0.160223 -1.823138 9
-2.073098 -0.177710 -1.827976 9
1.453322 6.087609 -1.230651 5
1.335072 5.980229 -1.235336 5
1.223375 5.960081 -1.233401 5
1.118121 6.086026 -1.220112 5
1.006493 6.082602 -1.217203 5
0.415929 3.056731 -1.445993 12
0.342668 2.788815 -1.466236 12
0.271084 2.596094 -1.480606 12
0.203170 2.402145 -1.495258 11
0.133201 2.297048 -1.502868 11
0.062566 2.227085 -1.507769 11
-0.006690 2.155365 -1.512948 11
-0.083443 2.178201 -1.510559 11
-0.166019 2.252464 -1.504099 11
-0.260390 2.418177 -1.490300 11
-0.369134 2.674638 -1.469218 12
-1.232579 6.052578 -1.194627 5
-1.333058 5.972258 -1.201851 5
-1.446825 5.972602 -1.202691 5
-1.581025 6.078672 -1.195128 5
-1.596483 0.338169 -1.688805 9
-1.598114 0.174268 -1.703859 9
-1.608467 0.040256 -1.716620 9
-1.597143 -0.140885 -1.732923 9
-1.610430 -0.254711 -1.744127 9
-1.649980 -0.302560 -1.750425 9
-1.722721 -0.273738 -1.751128 9
-1.764120 -0.316771 -1.757241 9
-1.817832 -0.332213 -1.761416 9
-1.867144 -0.357260 -1.766384 9
-1.914039 -0.387180 -1.771790 9
-1.980100 -0.378347 -1.774535 9
-2.022670 -0.417068 -1.780751 9
-2.095600 -0.397012 -1.782957 9
1.447510 5.930090 -1.113684 5
1.338092 5.950210 -1.108254 5
1.230948 6.020468 -1.098477 5
1.125213 6.155216 -1.083014 5
0.585186 2.750981 -1.380168 12
0.510964 2.393563 -1.411283 11
0.441693 2.108121 -1.436042 11
0.371914 1.991162 -1.445519 11
0.298617 2.001816 -1.443388 11
0.236462 1.802019 -1.460781 2
0.167473 1.768098 -1.463012 2
0.094361 1.798048 -1.459452 2
0.002277 2.048539 -1.435578 11
-0.064462 1.972011 -1.442073 11
-0.142484 2.019028 -1.437236 11
-0.213089 1.990352 -1.439528 11
-0.293940 2.049272 -1.433806 11
-0.366464 2.034738 -1.435012 11
-0.429856 1.956088 -1.442283 11
-0.543507 2.219929 -1.417882 11
-1.226340 5.998646 -1.067495 5
-0.821462 2.950490 -1.350658 12
-1.442624 5.932317 -1.074776 5
-1.571928 6.012781 -1.068150 5
-1.708505 6.119661 -1.059271 5
-1.622080 0.571377 -1.594789 9
-1.606766 0.351874 -1.616519 9
-1.621421 0.221141 -1.630365 9
-1.650717 0.133317 -1.640449 9
-1.597078 -0.154091 -1.668006 9
-1.610337 -0.267853 -1.680325 9
-1.591496 -0.451346 -1.698675 9
-1.657965 -0.433454 -1.699639 9
-1.699847 -0.471767 -1.705529 9
-1.751433 -0.488374 -1.709642 9
-1.825005 -0.459083 -1.709970 9
-1.854818 -0.521944 -1.718167 9
-1.919603 -0.512955 -1.720420 9
-1.962450 -0.548348 -1.726464 9
-2.022709 -0.549970 -1.729809 9
-2.095611 -0.529029 -1.731432 9
1.565294 5.949734 -0.985899 5
1.449543 5.885987 -0.988577 5
1.339994 5.902017 -0.983414 5
0.746845 2.706729 -1.294564 12
0.665493 2.216404 -1.342903 11
0.591761 2.006265 -1.362815 11
0.518891 1.994802 -1.362491 11
0.445795 1.999848 -1.360577 11
0.380419 1.780159 -1.381948 2
0.311306 1.737694 -1.385182 2
0.238403 1.779139 -1.379849 2
0.168818 1.754835 -1.381417 6
0.095827 1.782160 -1.377737 2
0.024104 1.786645 -1.376524 2
-0.065825 1.985611 -1.355207 11
-0.141425 2.005617 -1.352568 11
-0.215071 2.003417 -1.352340 11
-0.283822 1.960032 -1.356504 11
-0.369467 2.050413 -1.346851 11
-0.434914 1.983834 -1.353642 11
-0.514455 2.018000 -1.350051 11
-0.586514 2.000106 -1.351987 11
-0.663704 2.013056 -1.350819 11
-0.746695 2.055436 -1.346697 11
-0.808005 1.978064 -1.355141 11
-0.937040 2.245472 -1.327851 11
-1.605435 0.698447 -1.506229 9
-1.629972 0.578927 -1.520253 9
-1.626446 0.390465 -1.541235 9
-1.628615 0.226135 -1.559775 9
-1.661348 0.146478 -1.569850 9
-1.728394 0.153832 -1.571316 9
-1.623623 -0.249133 -1.613524 9
-1.605963 -0.430408 -1.633641 9
-1.619584 -0.532872 -1.645961 9
-1.643387 -0.608835 -1.655696 9
-1.697826 -0.616331 -1.658798 9
-1.768592 -0.590318 -1.658748 9
-1.818256 -0.609739 -1.663196 9
-1.875221 -0.614743 -1.666344 9
-1.928008 -0.628733 -1.670445 9
-1.986171 -0.632928 -1.673708 9
-2.016738 -0.689391 -1.681985 9
-2.092319 -0.662520 -1.682519 9
1.683999 5.966313 -0.857728 5
1.570400 5.945192 -0.856270 5
1.455602 5.899166 -0.857762 5
1.353925 6.051067 -0.837254 5
0.917950 2.978349 -1.174482 12
0.819579 2.284740 -1.250809 11
0.739897 1.998862 -1.281347 11
0.666702 1.991833 -1.280434 11
0.593614 1.989071 -1.279137 11
0.520291 2.003910 -1.275932 11
0.447092 2.001479 -1.274791 11
0.380896 1.798049 -1.296737 2
0.309597 1.796351 -1.295740 2
0.242272 1.720504 -1.303341 6
0.176571 1.640879 -1.311491 6
0.105429 1.655246 -1.308950 6
0.024320 1.785256 -1.293194 2
-0.051675 1.831684 -1.287129 2
-0.138256 1.971584 -1.270380 11
-0.215153 1.999500 -1.266618 11
-0.286624 1.977079 -1.268757 11
-0.365990 2.016747 -1.263830 11
-0.432965 1.961874 -1.269912 11
-0.513257 2.000993 -1.265242 11
-0.542931 1.719272 -1.297717 2
-0.613859 1.710453 -1.298778 2
-0.694841 1.756997 -1.293542 2
-0.750071 1.662208 -1.304718 6
-0.857988 1.838399 -1.284721 2
-1.103438 2.650200 -1.191549 12
-1.632300 0.959047 -1.399846 9
-1.618981 0.722408 -1.428286 9
-1.591921 0.460932 -1.459500 9
-1.626847 0.377708 -1.470613 9
-1.631236 0.219285 -1.490207 9
-1.638452 0.075517 -1.508156 9
-1.701780 0.075189 -1.510109 9
-1.631622 -0.243084 -1.547499 9
-1.625858 -0.397061 -1.566547 9
-1.620842 -0.542559 -1.584631 9
-1.631213 -0.648025 -1.598285 9
-1.655835 -0.718810 -1.608139 9
-1.733269 -0.676870 -1.605716 9
-1.787531 -0.685223 -1.608887 9
-1.842984 -0.691868 -1.611957 9
-1.869822 -0.754901 -1.621188 9
-1.938958 -0.735766 -1.621640 9
-2.000413 -0.732832 -1.623936 9
-2.049272 -0.753972 -1.628888 9
-2.094811 -0.781166 -1.634555 9
1.693607 6.008232 -0.721854 5
1.578565 5.978357 -0.721785 5
1.468211 6.003992 -0.715048 5
1.358629 6.047979 -0.706175 5
1.060605 2.476306 -1.144328 11
0.994322 2.755799 -1.107500 12
0.889041 2.004327 -1.198603 11
0.815975 2.021706 -1.194547 11
0.742454 2.028187 -1.191932 11
0.668787 2.025902 -1.190500 11
0.595274 2.004501 -1.191550 11
0.522485 1.961930 -1.195351 11
0.448512 1.998324 -1.189352 11
0.381305 1.818160 -1.210634 2
0.312535 1.750455 -1.217920 2
0.244736 1.687748 -1.224683 6
0.177305 1.637109 -1.230030 6
0.107073 1.636858 -1.229116 6
0.027309 1.750428 -1.213908 2
-0.050777 1.820891 -1.204211 2
-0.191280 2.486760 -1.119248 11
-0.215297 1.996117 -1.180696 11
-0.293277 2.025707 -1.176402 11
-0.355375 1.928870 -1.188219 11
-0.432365 1.949483 -1.185244 11
-0.504825 1.936145 -1.186663 2
-0.547459 1.737897 -1.211629 2
-0.621295 1.743813 -1.210789 2
-0.688105 1.708926 -1.215214 6
-0.754285 1.673065 -1.219851 6
-0.835041 1.712080 -1.215078 6
-0.921544 1.773353 -1.207576 6
-1.621683 0.913753 -1.327214 9
-1.631573 0.743541 -1.349910 9
-1.619375 0.521924 -1.379032 9
-1.604552 0.304913 -1.407561 9
-1.577618 0.067812 -1.438561 9
-1.533546 -0.200195 -1.473349 9
-1.604205 -0.175730 -1.471902 9
-1.634506 -0.249216 -1.482633 9
-1.649621 -0.354995 -1.497374 9
-1.607849 -0.584257 -1.527276 9
-1.627537 -0.668449 -1.539354 9
-1.629411 -0.787568 -1.555711 9
-1.699937 -0.758874 -1.554087 9
-1.743856 -0.786696 -1.559414 9
-1.811555 -0.767032 -1.559067 9
-1.849632 -0.806775 -1.565969 9
-1.907849 -0.807599 -1.568254 9
-1.961604 -0.817709 -1.571734 9
-2.014520 -0.829962 -1.575548 9
-2.080049 -0.820435 -1.576860 9
-2.140445 -0.821303 -1.579498 9
1.814355 6.025796 -0.591707 5
1.695151 5.960927 -0.596597 5
1.581892 5.951462 -0.594235 5
1.473981 6.011864 -0.582627 5
1.159168 2.750425 -1.018240 12
1.039734 2.016448 -1.114899 11
0.967102 2.045708 -1.108893 11
0.890642 1.974558 -1.116553 11
0.819951 2.089948 -1.099028 11
0.744669 2.030986 -1.105224 11
0.670537 1.971862 -1.111554 11
0.597529 1.915291 -1.117643 11
0.523354 2.006293 -1.103690 11
0.449224 2.023801 -1.099832 11
0.382780 1.807634 -1.128040 2
0.312656 1.768135 -1.132188 2
0.244002 1.714334 -1.138392 2
0.171561 1.735327 -1.134415 6
0.103146 1.694575 -1.139002 6
0.028455 1.737815 -1.132118 2
-0.062517 1.946535 -1.102506 11
-0.135528 1.938831 -1.102765 11
-0.212972 1.970713 -1.097647 11
-0.289139 1.985710 -1.094935 11
-0.359024 1.949456 -1.099382 11
-0.414017 1.811684 -1.117943 2
-0.481724 1.774518 -1.122694 2
-0.550793 1.749050 -1.125911 2
-0.611157 1.674363 -1.136018 6
-0.690290 1.710223 -1.130917 6
-0.748394 1.630972 -1.141819 6
-0.823484 1.642783 -1.140206 6
-0.915676 1.733173 -1.127805 6
-1.040768 1.962741 -1.096243 11
-1.262427 2.588300 -1.010034 12
-1.663966 1.234436 -1.204103 9
-1.654139 0.993053 -1.238339 9
-1.637278 0.745244 -1.273454 9
-1.640229 0.564655 -1.299369 9
-1.606960 0.297626 -1.337091 9
-1.608627 0.134105 -1.360672 9
-1.574501 -0.110822 -1.395331 9
-1.632682 -0.119614 -1.397879 9
-1.543588 -0.476920 -1.447739 9
-1.589086 -0.507078 -1.453225 9
-1.589730 -0.637278 -1.472271 9
-1.608693 -0.721951 -1.485180 9
-1.627634 -0.803516 -1.497691 9
-1.667744 -0.838138 -1.503928 9
-1.705184 -0.877544 -1.510853 9
-1.764445 -0.872905 -1.511951 9
-1.807948 -0.899992 -1.517345 9
-1.886126 -0.861361 -1.514081 9
-1.921582 -0.904424 -1.521723 9
-1.979423 -0.906214 -1.523969 9
-2.045991 -0.893596 -1.524402 9
-2.098256 -0.907303 -1.528373 9
-2.147854 -0.926017 -1.533066 9
-2.164992 -0.998677 -1.544832 9
1.819678 6.017115 -0.460677 5
1.698674 5.935574 -0.468827 5
1.592509 6.013775 -0.453931 5
1.222598 2.452807 -0.969094 12
1.126968 2.177763 -1.006927 11
1.039992 1.964164 -1.036011 11
0.965466 1.942244 -1.037214 2
0.891339 1.918015 -1.038843 2
0.813471 1.714269 -1.066942 2
0.746553 2.009464 -1.021772 2
0.672869 2.057540 -1.012971 11
0.598839 1.996222 -1.020375 11
0.525895 1.940729 -1.027019 11
0.452582 1.942567 -1.025272 11
0.377896 1.982196 -1.017998 11
0.306948 1.918329 -1.026141 11
0.230317 1.982032 -1.015429 11
0.162890 1.879939 -1.029426 2
0.101441 1.721976 -1.051843 2
0.009356 1.969449 -1.013970 10
-0.060489 1.923519 -1.019857 11
-0.143287 2.011557 -1.005836 10
-0.214284 1.977743 -1.010067 10
-0.278819 1.895075 -1.021680 11
-0.439118 2.549927 -0.923103 12
-0.401736 1.716976 -1.047078 2
-0.475650 1.725607 -1.045286 2
-0.558411 1.786678 -1.035713 2
-0.614243 1.682241 -1.050996 6
-0.673028 1.604254 -1.062398 6
-0.755400 1.656374 -1.054381 6
-0.818960 1.608593 -1.061406 6
-0.915972 1.722238 -1.044312 6
-1.063321 2.051359 -0.994997 11
-1.117025 1.946210 -1.010844 11
-1.652519 1.185402 -1.129579 9
-1.679645 1.051919 -1.150353 9
-1.650758 0.768623 -1.193472 9
-1.650501 0.578441 -1.222733 9
-1.544636 0.119819 -1.291891 9
-1.548067 -0.034322 -1.315774 9
-1.587557 -0.091340 -1.325272 9
-1.655619 -0.077223 -1.324287 9
-1.580300 -0.402837 -1.373590 9
-1.610620 -0.470149 -1.384695 9
-1.594018 -0.639987 -1.410942 9
-1.617399 -0.715193 -1.423250 9
-1.636252 -0.797337 -1.436602 9
-1.633262 -0.921791 -1.456176 9
-1.665161 -0.970705 -1.464693 9
-1.718560 -0.975854 -1.466857 9
-1.760219 -1.004429 -1.472495 9
-1.806466 -1.024069 -1.476882 9
-1.900770 -0.955346 -1.468512 9
-1.977871 -0.921720 -1.465335 9
-2.029901 -0.934783 -1.468989 9
-2.085578 -0.942079 -1.471875 9
-2.133909 -0.962521 -1.476715 9
-2.185463 -0.977879 -1.480886 9
-2.189376 -1.070537 -1.496142 9
1.825380 6.012052 -0.328844 5
1.703799 5.927684 -0.338470 5
1.321345 2.651084 -0.848495 12
1.184029 1.871011 -0.968576 6
1.104891 1.773770 -0.981779 2
1.030504 1.728943 -0.986846 2
0.960739 1.769077 -0.978597 6
0.891597 1.849340 -0.964052 2
0.816475 1.743573 -0.978983 2
0.745483 1.781541 -0.971244 2
0.674881 2.062254 -0.925018 11
0.600237 2.068590 -0.922353 11
0.527244 1.954177 -0.938975 11
0.453249 1.970174 -0.934925 11
0.379587 1.966182 -0.934126 11
0.310405 1.860756 -0.949598 10
0.246033 1.702654 -0.973596 10
0.181257 1.598239 -0.989117 10
0.118685 1.490288 -1.005300 10
0.052816 1.446311 -1.011318 10
-0.015128 1.432808 -1.012519 10
-0.083266 1.422559 -1.013261 10
-0.155950 1.453390 -1.007464 10
-0.230931 1.496846 -0.999690 10
-0.331846 1.729134 -0.961573 10
-0.436473 1.953992 -0.924672 11
-0.485162 1.779502 -0.952151 2
-0.515240 1.510000 -0.995040 10
-0.621843 1.716359 -0.961279 2
-0.687868 1.675309 -0.967477 6
-0.751548 1.625003 -0.975237 6
-0.825040 1.627042 -0.974616 6
-0.964550 1.939229 -0.923980 11
-1.025949 1.869667 -0.935045 11
-1.127549 1.977981 -0.917452 11
-1.342400 2.542984 -0.826167 12
-1.481255 2.759842 -0.791184 12
-1.705967 1.329168 -1.024870 9
-1.352021 0.094784 -1.224280 10
-1.394411 0.039292 -1.233788 10
-1.437790 -0.011368 -1.242564 10
-1.489777 -0.037600 -1.247461 10
-1.536812 -0.076115 -1.254382 9
-1.497417 -0.328196 -1.295613 9
-1.560101 -0.321161 -1.295296 9
-1.623668 -0.313513 -1.294941 9
-1.700678 -0.276594 -1.289965 9
-1.616112 -0.603019 -1.343107 9
-1.615211 -0.732196 -1.364709 9
-1.588006 -0.911767 -1.394346 9
-1.604124 -0.994014 -1.408473 9
-1.643887 -1.025602 -1.414570 9
-1.705253 -1.014141 -1.413878 9
-1.753427 -1.029610 -1.417513 9
-1.793063 -1.061436 -1.423785 9
-1.826840 -1.103607 -1.431731 9
-1.907743 -1.060309 -1.426246 9
-1.953486 -1.081693 -1.431018 9
-1.992691 -1.114419 -1.437618 9
-2.027013 -1.154990 -1.445488 9
-2.081638 -1.161518 -1.448074 9
-2.178879 -1.100296 -1.440160 9
2.032255 0.114722 -1.213045 8
1.989958 0.185610 -1.199059 8
1.985259 0.431342 -1.156524 8
1.832710 6.022730 -0.194018 5
1.403497 2.619861 -0.761630 12
1.312058 2.490877 -0.780928 12
1.193407 1.953035 -0.869215 11
1.108364 1.779009 -0.896500 6
1.033034 1.721655 -0.904230 6
0.959485 1.677999 -0.909731 6
0.887389 1.650534 -0.912571 6
0.818142 1.716799 -0.899578 2
0.747125 1.748256 -0.892527 2
0.675119 1.699243 -0.899211 2
0.602651 1.940635 -0.856504 11
0.528366 1.983985 -0.847531 11
0.459906 1.752148 -0.885590 10
0.394819 1.552587 -0.918280 10
0.333198 1.361491 -0.949652 10
0.271490 1.240402 -0.969155 10
0.210250 1.148108 -0.983815 10
0.152116 1.036839 -1.001814 10
0.088504 1.016803 -1.004227 10
0.027633 0.970291 -1.011248 10
-0.036883 0.967118 -1.010876 10
-0.103373 0.980920 -1.007632 10
-0.172130 1.009913 -1.001817 10
-0.250198 1.103903 -0.984837 10
-0.334705 1.228966 -0.962525 10
-0.430588 1.411363 -0.930340 10
-0.480178 1.284098 -0.951671 10
-0.556380 1.325228 -0.943971 10
-0.681072 1.627167 -0.891220 10
-0.785250 1.789327 -0.862661 2
-0.857968 1.778263 -0.864115 2
-0.985398 2.024757 -0.821043 11
-1.067861 2.045110 -0.817164 11
-1.151022 2.065266 -0.813377 11
-1.349010 2.555142 -0.728285 12
-1.439044 2.577252 -0.724270 12
-0.885819 0.155050 -1.143817 10
-0.923290 0.071816 -1.158201 10
-0.960199 -0.008358 -1.172102 10
-1.011998 -0.033404 -1.176497 10
-1.080147 -0.004274 -1.171553 10
-1.118514 -0.072383 -1.183499 10
-1.172164 -0.090359 -1.186807 10
-1.218558 -0.129761 -1.193870 10
-1.249077 -0.213359 -1.208626 10
-1.309093 -0.210884 -1.208528 10
-1.371781 -0.202415 -1.207441 10
-1.413221 -0.251231 -1.216307 10
-1.472546 -0.252811 -1.217051 10
-1.525321 -0.271617 -1.220820 10
-1.554871 -0.346454 -1.234303 9
-2.264690 1.176791 -0.972210 9
-1.662464 -0.376936 -1.240827 9
-1.637301 -0.568297 -1.274487 9
-1.635800 -0.699776 -1.297840 9
-1.567630 -0.966746 -1.344495 9
-1.614957 -0.983478 -1.348136 9
-1.627009 -1.071417 -1.364035 9
-1.682369 -1.071096 -1.364825 9
-1.724210 -1.097739 -1.370279 9
-1.729611 -1.192476 -1.387414 9
-1.786661 -1.189306 -1.387839 9
-1.851367 -1.173582 -1.386175 9
-1.965050 -1.073841 -1.370262 9
-2.011042 -1.095420 -1.375080 9
-2.041533 -1.143094 -1.384372 9
-2.132407 -1.090840 -1.376754 9
-2.175329 -1.118802 -1.382796 9
-2.238666 -1.114636 -1.383452 9
2.308124 0.018490 -1.174587 8
2.226253 -0.060629 -1.185709 8
2.144626 -0.146000 -1.198035 8
2.078906 -0.178909 -1.201394 8
2.006461 -0.242103 -1.210091 8
1.984121 -0.105713 -1.184134 8
1.976908 0.106558 -1.144871 8
1.978380 0.376198 -1.095454 8
1.966548 0.607951 -1.052522 8
1.836367 5.997377 -0.064891 5
1.418500 2.735890 -0.646260 12
1.316584 2.498261 -0.686578 12
1.202317 2.027489 -0.769014 11
1.108304 1.728502 -0.820822 2
1.032683 1.660830 -0.831119 6
0.958961 1.604722 -0.839413 6
0.889584 1.641717 -0.830948 6
0.821904 1.775434 -0.805001 2
0.749557 1.768786 -0.804494 2
0.677313 1.754592 -0.805411 2
0.604866 1.844134 -0.787529 10
0.536065 1.558048 -0.838016 10
0.471944 1.308246 -0.882061 10
0.411237 1.100458 -0.918590 10
0.350591 0.983078 -0.938739 10
0.292743 0.855199 -0.960895 10
0.237435 0.725615 -0.983452 10
0.180921 0.646235 -0.996904 10
0.124955 0.577955 -1.008390 10
0.063840 0.578636 -1.007290 10
0.011701 0.490558 -1.022525 10
-0.053319 0.531476 -1.014128 10
-0.115127 0.538438 -1.012003 10
-0.188810 0.633097 -0.993781 10
-0.257194 0.676150 -0.985079 10
-0.330278 0.743351 -0.971958 10
-0.434434 0.992850 -0.925261 10
-0.491569 0.938934 -0.934516 10
-0.631383 1.343652 -0.859190 10
-0.459880 0.085362 -1.090871 10
-0.507012 0.032074 -1.100233 10
-0.560359 0.012079 -1.103489 10
-0.606407 -0.039891 -1.112698 10
-0.654454 -0.079754 -1.119711 10
-0.699455 -0.129801 -1.128652 10
-0.755291 -0.134081 -1.129166 10
-0.809766 -0.144210 -1.130802 10
-0.852094 -0.198865 -1.140718 10
-0.908399 -0.201485 -1.141042 10
-0.965055 -0.203766 -1.141341 10
-1.011452 -0.240439 -1.148048 10
-1.061845 -0.263080 -1.152195 10
-1.119731 -0.262408 -1.152063 10
-1.171524 -0.280833 -1.155507 10
-1.236504 -0.261410 -1.151981 10
-1.268935 -0.334599 -1.165642 10
-1.323443 -0.345037 -1.167723 10
-1.392585 -0.317652 -1.162842 10
-1.437670 -0.354036 -1.169805 10
-1.494044 -0.361587 -1.171470 10
-1.538013 -0.399627 -1.178815 9
-1.583151 -0.433990 -1.185516 9
-1.627428 -0.469604 -1.192485 9
-1.654175 -0.543376 -1.206539 9
-1.595010 -0.800327 -1.254440 9
-1.638048 -0.830014 -1.260398 9
-1.579398 -1.068491 -1.304894 9
-1.611753 -1.113792 -1.313775 9
-1.661225 -1.124399 -1.316295 9
-1.694920 -1.165705 -1.324502 9
-1.742051 -1.180993 -1.327954 9
-1.801147 -1.174738 -1.327484 9
-1.867871 -1.156162 -1.324796 9
-1.950273 -1.112076 -1.317478 9
-1.998831 -1.128764 -1.321356 9
-2.040796 -1.156805 -1.327350 9
-2.091587 -1.170291 -1.330718 9
-2.166324 -1.145987 -1.327225 9
-2.225858 -1.147602 -1.328518 9
2.434765 -0.165167 -1.148215 8
2.370682 -0.182513 -1.148978 8
2.289046 -0.259353 -1.160719 8
2.228375 -0.272030 -1.160772 8
2.153808 -0.335332 -1.170211 8
2.087883 -0.373127 -1.175034 8
2.038660 -0.351892 -1.169003 8
1.985674 -0.344747 -1.165610 8
1.977062 -0.156308 -1.128552 8
1.997495 0.171840 -1.065368 8
1.971851 0.322962 -1.035025 8
1.953511 0.521618 -0.995727 8
1.920488 0.666760 -0.966358 8
1.907365 0.928931 -0.914966 8
1.523132 2.908439 -0.519437 12
1.404944 2.545279 -0.586339 12
1.322316 2.519780 -0.588981 11
1.243419 2.536389 -0.583631 12
1.108856 1.688025 -0.744039 6
1.035358 1.656389 -0.748247 6
0.964293 1.664063 -0.744965 6
0.893107 1.671056 -0.741854 6
0.822865 1.719857 -0.730733 6
0.750170 1.667921 -0.739053 10
0.678544 1.623699 -0.745952 10
0.608597 1.394952 -0.788570 10
0.544056 1.099624 -0.844207 10
0.482336 0.926626 -0.876316 10
0.424529 0.736991 -0.911759 10
0.367913 0.604229 -0.936278 10
0.312502 0.496645 -0.955992 10
0.257671 0.412244 -0.971273 10
0.204346 0.328895 -0.986414 10
0.154067 0.227556 -1.005122 10
0.099357 0.194532 -1.010580 10
0.044013 0.173028 -1.013833 10
-0.005484 0.102301 -1.026737 10
-0.060034 0.083300 -1.029586 10
-0.109992 0.031435 -1.038899 10
-0.158838 -0.021993 -1.048564 10
-0.213440 -0.031620 -1.049698 10
-0.262638 -0.074370 -1.057355 10
-0.313431 -0.103880 -1.062458 10
-0.358338 -0.163403 -1.073487 10
-0.410646 -0.179235 -1.075983 10
-0.465255 -0.183131 -1.076168 10
-0.513863 -0.215845 -1.082047 10
-0.571846 -0.204546 -1.079310 10
-0.619353 -0.240127 -1.085822 10
-0.672132 -0.252079 -1.087721 10
-0.724307 -0.266440 -1.090126 10
-0.775244 -0.285364 -1.093463 10
-0.829557 -0.291589 -1.094330 10
-0.871371 -0.342142 -1.103965 10
-0.930015 -0.333275 -1.101923 10
-0.973083 -0.376816 -1.110244 10
-1.036788 -0.353447 -1.105405 10
-1.074949 -0.410454 -1.116448 10
-1.139182 -0.387966 -1.111844 10
-1.181379 -0.430874 -1.120173 10
-1.240391 -0.425633 -1.119034 10
-1.290541 -0.445568 -1.122895 10
-1.337911 -0.472651 -1.128199 10
-1.410864 -0.434382 -1.120637 10
-1.445251 -0.494367 -1.132499 10
-1.511723 -0.475219 -1.128776 10
-1.552646 -0.517788 -1.137266 9
-1.611978 -0.517371 -1.137306 9
-1.657817 -0.547927 -1.143489 9
-1.678809 -0.631633 -1.160188 9
-1.662755 -0.790189 -1.191673 9
-1.716353 -0.799119 -1.193679 9
-1.633042 -1.082826 -1.249872 9
-1.703419 -1.053672 -1.244423 9
-1.685057 -1.196287 -1.272841 9
-1.750053 -1.177902 -1.269573 9
-1.818187 -1.155650 -1.265581 9
-1.904179 -1.103628 -1.255772 9
-1.965150 -1.098534 -1.255233 9
-1.985585 -1.163747 -1.268544 9
-2.033831 -1.180874 -1.272434 9
-2.053151 -1.245474 -1.285672 9
-2.135481 -1.207909 -1.278895 9
-2.225014 -1.161771 -1.270487 9
-2.324114 -1.104046 -1.259862 9
2.449537 -0.315269 -1.113739 8
2.382729 -0.343521 -1.117036 8
2.305963 -0.405996 -1.127072 8
2.252112 -0.399496 -1.123715 8
2.178034 -0.461584 -1.133824 8
2.119478 -0.475185 -1.134502 8
2.063184 -0.482668 -1.134025 8
1.998747 -0.522383 -1.139937 8
1.973659 -0.412352 -1.116361 8
1.966185 -0.222173 -1.076895 8
2.001779 0.167082 -0.997901 8
1.953251 0.216296 -0.986138 8
1.917257 0.327558 -0.962046 8
1.924816 0.662134 -0.893462 8
1.876804 0.744123 -0.875060 8
1.859987 1.003571 -0.821203 8
1.484579 2.493127 -0.504584 12
1.411165 2.566746 -0.487497 12
1.282878 2.004532 -0.599236 11
1.214640 2.099175 -0.578057 11
1.131210 1.985742 -0.599133 11
1.042531 1.734051 -0.648422 6
0.968418 1.695240 -0.654527 6
0.897554 1.725864 -0.646534 2
0.819454 1.492064 -0.692527 10
0.748076 1.394919 -0.710742 10
0.676983 1.007981 -0.788309 10
0.611794 1.024829 -0.783402 10
0.550211 0.759298 -0.836398 10
0.492340 0.555725 -0.876826 10
0.439582 0.317922 -0.924396 10
0.388182 0.155429 -0.956609 10
0.335060 0.084268 -0.970118 10
0.282322 0.028236 -0.980565 10
0.230533 -0.026646 -0.990822 10
0.177175 -0.050469 -0.994716 10
0.122954 -0.060884 -0.995875 10
0.076826 -0.149134 -1.013150 10
0.021449 -0.140617 -1.010463 10
-0.030460 -0.162762 -1.014145 10
-0.081118 -0.191999 -1.019329 10
-0.133490 -0.206080 -1.021403 10
-0.182483 -0.241445 -1.027922 10
-0.231144 -0.275463 -1.034195 10
-0.283352 -0.285928 -1.035609 10
-0.335987 -0.293872 -1.036524 10
-0.389449 -0.297670 -1.036603 10
-0.438050 -0.326010 -1.041815 10
-0.487900 -0.346758 -1.045476 10
-0.533483 -0.385676 -1.052953 10
-0.587749 -0.385010 -1.052208 10
-0.640737 -0.390624 -1.052796 10
-0.693655 -0.397040 -1.053576 10
-0.745581 -0.407684 -1.055263 10
-0.797184 -0.419685 -1.057259 10
-0.855741 -0.407500 -1.054225 10
-0.903839 -0.432434 -1.058976 10
-0.954454 -0.448460 -1.061890 10
-1.009188 -0.451473 -1.062107 10
-1.061026 -0.464108 -1.064363 10
-1.118968 -0.458995 -1.062927 10
-1.164325 -0.491105 -1.069313 10
-1.216464 -0.503553 -1.071607 10
-1.258581 -0.543172 -1.079622 10
-1.325218 -0.517680 -1.074013 10
-1.373940 -0.540002 -1.078453 10
-1.441088 -0.516820 -1.073375 10
-1.483939 -0.554080 -1.081001 10
-1.539947 -0.559785 -1.082033 10
-1.572502 -0.619424 -1.094410 9
-1.631479 -0.618716 -1.094149 9
-1.674929 -0.652535 -1.101161 9
-1.654297 -0.820216 -1.136301 9
-1.711186 -0.822074 -1.136657 9
-1.760183 -0.840667 -1.140552 9
-1.657618 -1.154927 -1.206542 9
-1.632615 -1.307826 -1.238680 9
-1.757878 -1.175216 -1.210907 9
-1.781912 -1.233602 -1.223252 9
-1.845317 -1.220461 -1.220608 9
-1.932791 -1.167144 -1.209561 9
-1.975195 -1.193751 -1.215311 9
-2.021718 -1.213424 -1.219631 9
-2.044808 -1.271398 -1.232008 9
-2.098231 -1.279736 -1.234000 9
2.472888 -0.432915 -1.075429 8
2.412345 -0.443970 -1.075713 8
2.353622 -0.451315 -1.075271 8
2.266749 -0.548189 -1.093410 8
2.218226 -0.528825 -1.087534 8
2.154528 -0.559925 -1.092163 8
2.104425 -0.547134 -1.087705 8
2.036270 -0.599446 -1.096845 8
1.980619 -0.610046 -1.097336 8
1.968740 -0.451865 -1.062547 8
1.962364 -0.258954 -1.020402 8
1.998001 0.128062 -0.937417 8
1.945266 0.157450 -0.929391 8
1.921366 0.322504 -0.892814 8
1.863648 0.337914 -0.887715 8
1.886756 0.768690 -0.794933 8
1.839845 0.866470 -0.772332 8
1.821634 1.138777 -0.712749 8
1.618472 2.919019 -0.321435 12
1.486709 2.471167 -0.414874 12
1.416096 2.574132 -0.390737 12
1.286231 2.000139 -0.511587 11
1.209133 1.978099 -0.514391 11
1.132041 1.947953 -0.518978 11
1.061455 2.023605 -0.500870 11
0.977332 1.831473 -0.540379 2
0.900760 1.744196 -0.557420 2
0.810089 1.036687 -0.708286 10
0.729855 0.106184 -0.907643 10
0.672915 0.020784 -0.924811 10
0.617402 -0.000167 -0.928097 10
0.562372 -0.027045 -0.932696 10
0.508754 -0.092131 -0.945609 10
0.454532 -0.101724 -0.946530 10
0.400641 -0.115538 -0.948391 10
0.348298 -0.154259 -0.955692 10
0.295629 -0.176612 -0.959467 10
0.245807 -0.232906 -0.970661 10
0.193190 -0.242925 -0.971809 10
0.141453 -0.261245 -0.974791 10
0.088378 -0.263930 -0.974384 10
0.037916 -0.290297 -0.979172 10
-0.011484 -0.321992 -0.985152 10
-0.066160 -0.310060 -0.981613 10
-0.119838 -0.307762 -0.980197 10
-0.162926 -0.376104 -0.994284 10
-0.212976 -0.394164 -0.997380 10
-0.266759 -0.389464 -0.995502 10
-0.315964 -0.411261 -0.999462 10
-0.371412 -0.399411 -0.996048 10
-0.428569 -0.381304 -0.991272 10
-0.467939 -0.449174 -1.005434 10
-0.515292 -0.476126 -1.010619 10
-0.572994 -0.457495 -1.005780 10
-0.617274 -0.496280 -1.013618 10
-0.665180 -0.518652 -1.017860 10
-0.722632 -0.504294 -1.014013 10
-0.780844 -0.489259 -1.010030 10
-0.812166 -0.570106 -1.027258 10
-0.873546 -0.545076 -1.021101 10
-0.927371 -0.547297 -1.020985 10
-0.992729 -0.514192 -1.013065 10
-1.033638 -0.558423 -1.022287 10
-1.079915 -0.585078 -1.027640 10
-1.138038 -0.577387 -1.025399 10
-1.193911 -0.577385 -1.024878 10
-1.263857 -0.540753 -1.016243 10
-1.311548 -0.565097 -1.021158 10
-1.357410 -0.593718 -1.027046 10
-1.438303 -0.535847 -1.013732 10
-1.484926 -0.563969 -1.019545 10
-1.521120 -0.615873 -1.030670 10
-1.582118 -0.610036 -1.028972 10
-1.638982 -0.614676 -1.029623 10
-1.645889 -0.727407 -1.054360 9
-1.648713 -0.844138 -1.080020 9
-1.672509 -0.913389 -1.095135 9
-1.632483 -1.107481 -1.138097 9
-1.663568 -1.155086 -1.148445 9
-1.673512 -1.241613 -1.167493 9
-1.708473 -1.278747 -1.175551 9
-1.742817 -1.316307 -1.183725 9
-1.789604 -1.331144 -1.186848 9
-1.832129 -1.353711 -1.191714 9
-1.895776 -1.340540 -1.188622 9
-1.962537 -1.323815 -1.184754 9
-1.992037 -1.369234 -1.194775 9
-2.039029 -1.386032 -1.198425 9
-2.132440 -1.331131 -1.186085 9
2.427818 -0.579645 -1.043773 8
2.371680 -0.581943 -1.042525 8
2.317612 -0.579194 -1.040200 8
2.248311 -0.624725 -1.048484 8
2.184072 -0.658138 -1.054161 8
2.136885 -0.638055 -1.048118 8
2.072110 -0.678338 -1.055380 8
2.015356 -0.693884 -1.057234 8
1.965393 -0.686301 -1.054011 8
1.951377 -0.539491 -1.020010 8
1.931724 -0.404088 -0.988467 8
1.930183 -0.181303 -0.937482 8
1.895397 -0.086055 -0.914712 8
1.871990 0.069857 -0.878416 8
1.902474 0.502032 -0.780537 8
1.851864 0.563682 -0.765043 8
1.887053 1.093582 -0.645007 8
1.574176 2.491112 -0.317838 12
1.496442 2.521583 -0.308910 12
1.421175 2.582782 -0.293060 12
1.134740 0.178212 -0.834116 10
1.066085 0.031466 -0.865875 10
1.007490 -0.007019 -0.873219 10
0.949025 -0.057989 -0.883426 10
0.892653 -0.086274 -0.888529 10
0.837027 -0.110478 -0.892734 10
0.781473 -0.151565 -0.900804 10
0.726844 -0.186728 -0.907559 10
0.673045 -0.201518 -0.909706 10
0.619470 -0.197814 -0.907659 10
0.566076 -0.213492 -0.910047 10
0.513505 -0.251938 -0.917655 10
0.461068 -0.272473 -0.921199 10
0.408773 -0.287767 -0.923567 10
0.357391 -0.315482 -0.928799 10
0.306130 -0.337326 -0.932710 10
0.254824 -0.353515 -0.935346 10
0.202967 -0.360094 -0.935794 10
0.154067 -0.398079 -0.943475 10
0.104872 -0.426756 -0.949043 10
0.053537 -0.432299 -0.949308 10
0.004186 -0.454028 -0.953316 10
-0.049718 -0.439103 -0.948892 10
-0.097626 -0.469222 -0.954869 10
-0.145533 -0.496313 -0.960170 10
-0.190249 -0.540568 -0.969460 10
-0.244090 -0.527850 -0.965596 10
-0.301576 -0.497596 -0.957679 10
-0.350363 -0.516439 -0.961138 10
-0.402632 -0.517248 -0.960433 10
-0.459944 -0.495366 -0.954473 10
-0.502420 -0.542595 -0.964565 10
-0.552085 -0.555984 -0.966819 10
-0.606479 -0.549905 -0.964561 10
-0.654155 -0.571576 -0.968768 10
-0.698255 -0.605944 -0.975950 10
-0.771065 -0.534888 -0.958585 10
-0.804007 -0.608832 -0.975021 10
-0.872296 -0.559842 -0.962803 10
-0.923949 -0.569131 -0.964188 10
-0.963711 -0.616001 -0.974367 10
-1.019168 -0.613289 -0.972977 10
-1.069299 -0.627355 -0.975521 10
-1.136811 -0.592221 -0.966561 10
-1.203450 -0.562646 -0.958902 10
-1.260091 -0.562548 -0.958153 10
-1.295789 -0.617770 -0.970388 10
-1.341535 -0.645592 -0.976218 10
-1.393944 -0.656597 -0.978116 10
-1.451332 -0.656193 -0.977346 10
-1.495092 -0.688432 -0.984259 10
-1.539044 -0.719600 -0.990937 9
-1.616266 -0.677119 -0.980300 10
-1.682275 -0.661874 -0.976075 10
-1.576981 -1.006099 -1.056544 9
-1.647111 -0.977259 -1.049169 9
-1.652995 -1.078495 -1.072474 9
-1.613958 -1.263060 -1.115473 9
-1.768593 -1.073206 -1.070132 9
-1.723666 -1.262305 -1.114263 9
-1.749283 -1.316292 -1.126517 9
-1.774736 -1.369146 -1.138524 9
-1.823977 -1.379579 -1.140517 9
-1.867007 -1.401055 -1.145133 9
-1.923217 -1.400854 -1.144630 9
-2.038758 -1.305826 -1.121674 9
-2.049171 -1.382146 -1.139310 9
-2.151313 -1.314348 -1.122804 9
-2.189428 -1.347482 -1.130231 9
-2.233998 -1.370766 -1.135336 9
2.467662 -0.641758 -0.997433 8
2.400054 -0.676658 -1.003924 8
2.342063 -0.686885 -1.004760 8
2.282017 -0.704972 -1.007436 8
2.229389 -0.702290 -1.005334 8
2.175425 -0.704716 -1.004431 8
2.119874 -0.713594 -1.005044 8
2.060469 -0.737402 -1.009146 8
1.991143 -0.799494 -1.022185 8
1.961058 -0.721584 -1.002665 8
1.955805 -0.542253 -0.959465 8
1.952217 -0.342066 -0.911311 8
1.921420 -0.239837 -0.885959 8
1.882248 -0.166173 -0.867251 8
1.858859 -0.013813 -0.830081 8
1.858127 0.262258 -0.763827 8
1.804879 0.298684 -0.753716 8
1.824502 0.729258 -0.650944 8
1.843429 1.204486 -0.537454 8
1.474540 0.096628 -0.793812 10
1.406418 0.019313 -0.810656 10
1.344776 -0.019884 -0.818533 10
1.281963 -0.077093 -0.830707 10
1.223224 -0.107645 -0.836601 10
1.167587 -0.113206 -0.836590 10
1.110761 -0.135010 -0.840451 10
1.050622 -0.207361 -0.856355 10
0.997498 -0.196042 -0.852386 10
0.943574 -0.196082 -0.851129 10
0.888120 -0.230509 -0.858083 10
0.833653 -0.257624 -0.863317 10
0.779337 -0.300569 -0.872356 10
0.726331 -0.316514 -0.874965 10
0.673790 -0.310933 -0.872437 10
0.621242 -0.335005 -0.877021 10
0.568706 -0.324988 -0.873447 10
0.516936 -0.357252 -0.880028 10
0.464885 -0.362599 -0.880164 10
0.414913 -0.414670 -0.891546 10
0.362763 -0.407009 -0.888580 10
0.312526 -0.433076 -0.893744 10
0.261247 -0.438638 -0.893982 10
0.211656 -0.464166 -0.899047 10
0.159500 -0.457466 -0.896345 10
0.110580 -0.484480 -0.901798 10
0.065312 -0.540015 -0.914170 10
0.010799 -0.512104 -0.906361 10
-0.038547 -0.528238 -0.909222 10
-0.094344 -0.497885 -0.900819 10
-0.137495 -0.555113 -0.913673 10
-0.183091 -0.591190 -0.921416 10
-0.236175 -0.580758 -0.917868 10
-0.286008 -0.590136 -0.919142 10
-0.336267 -0.597257 -0.919875 10
-0.390478 -0.585236 -0.915948 10
-0.426572 -0.659835 -0.933156 10
-0.474579 -0.675487 -0.936004 10
-0.542531 -0.605868 -0.918022 10
-0.606199 -0.560563 -0.905964 10
-0.658049 -0.566085 -0.906334 10
-0.703882 -0.594713 -0.912369 10
-0.736737 -0.668944 -0.929600 10
-0.815084 -0.580632 -0.906982 10
-0.859111 -0.614569 -0.914351 10
-0.890464 -0.688097 -0.931465 10
-0.957582 -0.645952 -0.920163 10
-0.990981 -0.709397 -0.934835 10
-1.055391 -0.679126 -0.926450 10
-1.110569 -0.677881 -0.925212 10
-1.166926 -0.674484 -0.923445 10
-1.210216 -0.707101 -0.930569 10
-1.267838 -0.701782 -0.928335 10
-1.318043 -0.716417 -0.931035 10
-1.367658 -0.732708 -0.934151 10
-1.436256 -0.704062 -0.926148 10
-1.493668 -0.703848 -0.925181 10
-1.534365 -0.742307 -0.933806 10
-1.584876 -0.758329 -0.936878 10
-1.622420 -0.802298 -0.946897 10
-1.668120 -0.828149 -0.952431 9
-1.696383 -0.889214 -0.966733 9
-1.621816 -1.152165 -1.031308 9
-1.639107 -1.225929 -1.048856 9
-1.642764 -1.322984 -1.072238 9
-1.680550 -1.353582 -1.079076 9
-1.746529 -1.332963 -1.073141 9
-1.795989 -1.343384 -1.074952 9
-1.826482 -1.387022 -1.085071 9
-1.912547 -1.336183 -1.071567 9
-1.929029 -1.403202 -1.087554 9
-1.988915 -1.398437 -1.085578 9
-2.029042 -1.426082 -1.091725 9
-2.128494 -1.362073 -1.074883 9
-2.160355 -1.403933 -1.084601 9
-2.233588 -1.383956 -1.078794 9
2.448891 -0.711416 -0.952338 8
2.390936 -0.720747 -0.953270 8
2.323203 -0.760007 -0.961497 8
2.265531 -0.772786 -0.963309 8
2.210432 -0.779479 -0.963654 8
2.154644 -0.789839 -0.964909 8
2.103906 -0.785208 -0.962517 8
2.054389 -0.777031 -0.959265 8
1.982829 -0.847751 -0.975331 8
1.963979 -0.729831 -0.945220 8
1.958988 -0.549900 -0.899848 8
1.943632 -0.397399 -0.861130 8
1.906543 -0.323646 -0.841698 8
1.874424 -0.222431 -0.815483 8
1.838919 -0.128181 -0.790941 8
1.831617 0.110263 -0.730815 8
1.752923 0.010558 -0.754022 10
1.692167 -0.005278 -0.756571 10
1.616749 -0.106964 -0.780359 10
1.559932 -0.110540 -0.779924 10
1.496693 -0.156686 -0.790043 10
1.440302 -0.163505 -0.790439 10
1.378369 -0.213061 -0.801451 10
1.322995 -0.219615 -0.801810 10
1.268548 -0.220383 -0.800740 10
1.211491 -0.246927 -0.806090 10
1.154880 -0.275406 -0.811940 10
1.100003 -0.291415 -0.814699 10
1.046607 -0.293233 -0.813929 10
0.991663 -0.320029 -0.819403 10
0.937755 -0.338932 -0.822920 10
0.884444 -0.354145 -0.825526 10
0.830351 -0.400196 -0.835868 10
0.779341 -0.365613 -0.826018 10
0.726965 -0.373155 -0.826726 10
0.674468 -0.422770 -0.838009 10
0.622799 -0.423779 -0.837097 10
0.571633 -0.462160 -0.845591 10
0.520480 -0.468925 -0.846144 10
0.469363 -0.473513 -0.846152 10
0.419303 -0.501471 -0.852060 10
0.368307 -0.502071 -0.851075 10
0.321859 -0.575776 -0.868567 10
0.272107 -0.584808 -0.869734 10
0.218905 -0.550855 -0.860024 10
0.170078 -0.572285 -0.864333 10
0.120048 -0.578746 -0.864856 10
0.071941 -0.602013 -0.869648 10
0.019138 -0.584159 -0.864005 10
-0.013687 -0.720191 -0.897480 10
-0.060009 -0.743575 -0.902349 10
-0.126212 -0.634989 -0.873615 10
-0.180985 -0.610789 -0.866344 10
-0.219552 -0.683724 -0.883845 10
-0.272774 -0.669738 -0.879182 10
-0.327594 -0.649924 -0.873021 10
-0.387861 -0.606385 -0.860781 10
-0.396016 -0.810668 -0.911969 10
-0.441366 -0.831821 -0.916320 10
-0.490095 -0.837670 -0.916752 10
-0.551280 -0.793311 -0.904298 10
-0.630035 -0.685036 -0.875400 10
-0.677419 -0.703700 -0.879093 10
-0.725833 -0.718190 -0.881716 10
-0.795128 -0.660185 -0.865669 10
-0.834455 -0.707462 -0.876736 10
-0.890947 -0.697061 -0.872938 10
-0.946552 -0.691109 -0.870280 10
-0.997093 -0.701794 -0.871916 10
-1.040436 -0.733783 -0.879064 10
-1.084582 -0.762497 -0.885374 10
-1.147449 -0.739185 -0.878209 10
-1.213686 -0.709311 -0.869326 10
-1.270158 -0.707382 -0.867679 10
-1.328248 -0.702536 -0.865268 10
-1.388412 -0.693946 -0.861875 10
-1.410368 -0.777381 -0.882431 10
-1.491879 -0.720098 -0.866350 10
-1.538333 -0.745564 -0.871818 10
-1.595016 -0.748415 -0.871388 9
-1.663703 -0.726616 -0.864511 10
-1.695771 -0.783047 -0.878076 9
-1.672100 -0.950699 -0.920779 9
-1.661214 -1.086024 -0.955086 9
-1.658824 -1.199541 -0.983731 9
-1.627345 -1.363532 -1.025677 9
-1.680289 -1.365596 -1.025143 9
-1.751791 -1.335206 -1.016064 9
-1.798303 -1.351103 -1.019149 9
-1.850826 -1.356994 -1.019596 9
-1.914621 -1.344729 -1.015246 9
-1.935830 -1.403988 -1.029769 9
-1.989779 -1.409131 -1.030007 9
-2.065968 -1.380148 -1.021207 9
-2.108650 -1.405021 -1.026647 9
-2.160099 -1.416730 -1.028598 9
-2.233959 -1.395997 -1.021932 9
2.419685 -0.808944 -0.915728 8
2.353426 -0.843961 -0.923558 8
2.297709 -0.851823 -0.924468 8
2.232603 -0.889162 -0.932928 8
2.191665 -0.855608 -0.923254 8
2.142307 -0.847531 -0.920099 8
2.078303 -0.888163 -0.929439 8
2.031158 -0.875109 -0.925016 8
1.989789 -0.841532 -0.915317 8
1.968894 -0.730770 -0.885753 8
1.947889 -0.612409 -0.854187 8
1.925659 -0.489965 -0.821517 8
1.888075 -0.421901 -0.802819 8
1.878855 -0.224878 -0.750809 8
1.838581 -0.152138 -0.730817 8
1.784733 -0.138380 -0.726044 10
1.711086 -0.224220 -0.747038 10
1.659946 -0.200688 -0.739746 10
1.592936 -0.264880 -0.755183 10
1.541617 -0.244211 -0.748635 10
1.481189 -0.279858 -0.756700 10
1.421591 -0.315826 -0.764864 10
1.371251 -0.290554 -0.757117 10
1.312471 -0.328821 -0.765898 10
1.259869 -0.321834 -0.762906 10
1.204953 -0.336249 -0.765491 10
1.147596 -0.379927 -0.775718 10
1.093842 -0.393169 -0.778015 10
1.037933 -0.439012 -0.788837 10
0.987216 -0.421766 -0.783174 10
0.934419 -0.436153 -0.785784 10
0.881145 -0.467934 -0.792957 10
0.829337 -0.478155 -0.794487 10
0.776980 -0.517503 -0.803666 10
0.726927 -0.468086 -0.789538 10
0.675548 -0.469410 -0.788728 10
0.624300 -0.505552 -0.797080 10
0.573881 -0.550878 -0.807864 10
0.523696 -0.567816 -0.811182 10
0.473409 -0.572159 -0.811180 10
0.423053 -0.573733 -0.810445 10
0.373287 -0.586750 -0.812732 10
0.323033 -0.588746 -0.812105 10
0.276525 -0.642563 -0.825196 10
0.225071 -0.624490 -0.819256 10
0.177773 -0.656017 -0.826459 10
0.129078 -0.668686 -0.828665 10
0.076240 -0.643300 -0.820760 10
0.035645 -0.722531 -0.840661 10
-0.015363 -0.712395 -0.836805 10
-0.056765 -0.771668 -0.851431 10
-0.121251 -0.673492 -0.824094 10
-0.163924 -0.721793 -0.835798 10
-0.221412 -0.680100 -0.823479 10
-0.267807 -0.704235 -0.828733 10
-0.317262 -0.711000 -0.829343 10
-0.334158 -0.877049 -0.872617 10
-0.391233 -0.841215 -0.861837 10
-0.448067 -0.810660 -0.852449 10
-0.504674 -0.784696 -0.844270 10
-0.568922 -0.730871 -0.828580 10
-0.616313 -0.747983 -0.831944 10
-0.671718 -0.734750 -0.827134 10
-0.727992 -0.720365 -0.821998 10
-0.790427 -0.686693 -0.811639 10
-0.838320 -0.704911 -0.815271 10
-0.891791 -0.704883 -0.813968 10
-0.921622 -0.779347 -0.832818 10
-0.985879 -0.746381 -0.822589 10
-1.031945 -0.769450 -0.827530 10
-1.086586 -0.767898 -0.825787 10
-1.139362 -0.772533 -0.825712 10
-1.189345 -0.785302 -0.827841 10
-1.263319 -0.736595 -0.813224 10
-1.288327 -0.814099 -0.832971 10
-1.345725 -0.809593 -0.830370 10
-1.404202 -0.803810 -0.827403 10
-1.445829 -0.838120 -0.835384 10
-1.503635 -0.835443 -0.833244 10
-1.547460 -0.864436 -0.839768 9
-1.595425 -0.884211 -0.843764 9
-1.673921 -0.840800 -0.830403 9
-1.684068 -0.938697 -0.855853 9
-1.692299 -1.036692 -0.881373 9
-1.715187 -1.102858 -0.898167 9
-1.587901 -1.449068 -0.992250 9
-1.708813 -1.324804 -0.956583 9
-1.724834 -1.395263 -0.974669 9
-1.817781 -1.328789 -0.954870 9
-1.865595 -1.343604 -0.957543 9
-1.922487 -1.343608 -0.956097 9
-1.961828 -1.373409 -0.962912 9
-2.009061 -1.390335 -0.966146 9
-2.059820 -1.402078 -0.967927 9
-2.107689 -1.418834 -0.971094 9
-2.161725 -1.426709 -0.971772 9
-2.217001 -1.433530 -0.972139 9
-2.261698 -1.456411 -0.976985 9
2.446620 -0.898130 -0.879850 8
2.409116 -0.855536 -0.867552 8
2.345877 -0.882947 -0.873991 8
2.281173 -0.917322 -0.882306 8
2.232702 -0.906785 -0.878581 8
2.180591 -0.907680 -0.877919 8
2.136434 -0.884385 -0.870756 8
2.081982 -0.894232 -0.872491 8
2.022917 -0.921485 -0.878910 8
1.970784 -0.927269 -0.879556 8
1.925262 -0.910169 -0.874035 8
1.958671 -0.590902 -0.787026 8
1.920887 -0.529331 -0.769425 8
1.885478 -0.453513 -0.747949 8
1.847430 -0.383289 -0.727950 8
1.831916 -0.204838 -0.678651 8
1.751076 -0.321899 -0.709251 10
1.692928 -0.338134 -0.712586 10
1.633098 -0.366100 -0.719102 10
1.573476 -0.397167 -0.726464 10
1.520649 -0.392629 -0.724170 10
1.469974 -0.374897 -0.718284 10
1.419094 -0.357142 -0.712379 10
1.353596 -0.444040 -0.734932 10
1.303297 -0.426531 -0.729088 10
1.248449 -0.445783 -0.733248 10
1.194532 -0.460989 -0.736305 10
1.139569 -0.491122 -0.743437 10
1.086365 -0.509034 -0.747237 10
1.036823 -0.485157 -0.739615 10
0.983153 -0.516641 -0.747120 10
0.934783 -0.467448 -0.732546 10
0.879900 -0.536559 -0.750354 10
0.828341 -0.554447 -0.754140 10
0.776979 -0.579287 -0.759834 10
0.726638 -0.574799 -0.757477 10
0.675983 -0.602690 -0.764009 10
0.625855 -0.619289 -0.767439 10
0.575937 -0.627019 -0.768426 10
0.526174 -0.635531 -0.769624 10
0.474918 -0.593968 -0.757008 10
0.425598 -0.618110 -0.762498 10
0.382665 -0.755214 -0.799193 10
0.336022 -0.790213 -0.807715 10
0.280694 -0.696959 -0.780756 10
0.227760 -0.656119 -0.768258 10
0.180961 -0.691143 -0.776758 10
0.132244 -0.701556 -0.778438 10
0.079622 -0.676441 -0.770246 10
0.034483 -0.717148 -0.780324 10
-0.016759 -0.706754 -0.776197 10
-0.053238 -0.801700 -0.801383 10
-0.103170 -0.797360 -0.798936 10
-0.147679 -0.827564 -0.806111 10
-0.192148 -0.855338 -0.812612 10
-0.245667 -0.831821 -0.804780 10
-0.301881 -0.797860 -0.794001 10
-0.340658 -0.853276 -0.808218 10
-0.391971 -0.846077 -0.804901 10
-0.456116 -0.783660 -0.786076 10
-0.508206 -0.778692 -0.783335 10
-0.560528 -0.774145 -0.780696 10
-0.606927 -0.793912 -0.784881 10
-0.675959 -0.728670 -0.765117 10
-0.711951 -0.787846 -0.780382 10
-0.756508 -0.814022 -0.786351 10
-0.803484 -0.831226 -0.789784 10
-0.860849 -0.814823 -0.783705 10
-0.933533 -0.752970 -0.764729 10
-0.971204 -0.801219 -0.776909 10
-1.018586 -0.819158 -0.780499 10
-1.085729 -0.781386 -0.768255 10
-1.115144 -0.849773 -0.786161 10
-1.186384 -0.804465 -0.771718 10
-1.248568 -0.786056 -0.764895 10
-1.303780 -0.787104 -0.763592 10
-1.353941 -0.801367 -0.766045 10
-1.403684 -0.816868 -0.768840 10
-1.466107 -0.803492 -0.763353 10
-1.516288 -0.819206 -0.766176 10
-1.583532 -0.798052 -0.758402 9
-1.577827 -0.933660 -0.795654 9
-1.625099 -0.954068 -0.799821 9
-1.705240 -0.908290 -0.784904 9
-1.707127 -1.019660 -0.815277 9
-1.722279 -1.101314 -0.837122 9
-1.730811 -1.192577 -0.861785 9
-1.681653 -1.386198 -0.916149 9
-1.683313 -1.481105 -0.942000 9
-1.729544 -1.494846 -0.944321 9
-1.782374 -1.497703 -0.943460 9
-1.913644 -1.370473 -0.904673 9
-1.977177 -1.360474 -0.899957 9
-2.032080 -1.365761 -0.899670 9
-2.072540 -1.394475 -0.906213 9
-2.114082 -1.421400 -0.912226 9
-2.180762 -1.410644 -0.907171 9
-2.212132 -1.453207 -0.917749 9
-2.234263 -1.508381 -0.932047 9
2.437642 -0.939298 -0.831268 8
2.397843 -0.903786 -0.820628 8
2.366126 -0.844652 -0.803342 8
2.309061 -0.855298 -0.805614 8
2.259087 -0.846691 -0.802473 8
2.193867 -0.885085 -0.812527 8
2.130940 -0.919878 -0.821571 8
2.072072 -0.944847 -0.827853 8
2.014982 -0.966583 -0.833223 8
1.938690 -1.058550 -0.858369 8
1.924037 -0.933102 -0.822273 8
1.887721 -0.880903 -0.806778 8
1.839220 -0.873611 -0.803925 8
1.877702 -0.506446 -0.699475 8
1.856637 -0.364656 -0.658546 8
1.797252 -0.384203 -0.663155 10
1.744343 -0.375917 -0.659889 10
1.677089 -0.439620 -0.676979 10
1.616690 -0.475131 -0.686098 10
1.569288 -0.443191 -0.676107 10
1.510674 -0.474781 -0.684105 10
1.457838 -0.475046 -0.683216 10
1.403343 -0.487532 -0.685785 10
1.350466 -0.491167 -0.685833 10
1.298384 -0.490185 -0.684557 10
1.243984 -0.509687 -0.689096 10
1.191816 -0.513164 -0.689069 10
1.138762 -0.527426 -0.692103 10
1.088342 -0.515929 -0.687787 10
1.033320 -0.561750 -0.699806 10
0.981938 -0.568360 -0.700637 10
0.928930 -0.606529 -0.710474 10
0.879475 -0.587075 -0.703839 10
0.827476 -0.626057 -0.713903 10
0.778101 -0.599158 -0.705105 10
0.726805 -0.652295 -0.719219 10
0.676789 -0.678096 -0.725502 10
0.627171 -0.656059 -0.718052 10
0.577468 -0.663200 -0.718961 10
0.527866 -0.669188 -0.719526 10
0.479026 -0.695792 -0.726012 10
0.433071 -0.778515 -0.748657 10
0.386267 -0.814379 -0.757821 10
0.337627 -0.810272 -0.755458 10
0.291998 -0.849591 -0.765616 10
0.229769 -0.679537 -0.715279 10
0.182414 -0.707569 -0.722129 10
0.134289 -0.723518 -0.725478 10
0.095464 -0.819783 -0.752090 10
0.046029 -0.814961 -0.749421 10
-0.006358 -0.789618 -0.740778 10
-0.055480 -0.791519 -0.740019 10
-0.100593 -0.820131 -0.747011 10
-0.143709 -0.858248 -0.756767 10
-0.198803 -0.824057 -0.745461 10
-0.241733 -0.860464 -0.754706 10
-0.296913 -0.831095 -0.744751 10
-0.344387 -0.843122 -0.746857 10
-0.410780 -0.767256 -0.723241 10
-0.468955 -0.735643 -0.712518 10
-0.504934 -0.801494 -0.730325 10
-0.543762 -0.851148 -0.743398 10
-0.599210 -0.833253 -0.736640 10
-0.650822 -0.831989 -0.734740 10
-0.688187 -0.882745 -0.748131 10
-0.748878 -0.850320 -0.737018 10
-0.817773 -0.793937 -0.718793 10
-0.849487 -0.861606 -0.737150 10
-0.895924 -0.880076 -0.740980 10
-0.956321 -0.856503 -0.732350 10
-1.010217 -0.854255 -0.730001 10
-1.072433 -0.829785 -0.721030 10
-1.109953 -0.874978 -0.732716 10
-1.175234 -0.845218 -0.722109 10
-1.242702 -0.812599 -0.710601 10
-1.306795 -0.791260 -0.702405 10
-1.354347 -0.812145 -0.706775 10
-1.412462 -0.808081 -0.703671 10
-1.459994 -0.829498 -0.708164 10
-1.514717 -0.834817 -0.707817 10
-1.552376 -0.877940 -0.718795 9
-1.588269 -0.923659 -0.730556 9
-1.623143 -0.970245 -0.742586 9
-1.672640 -0.986199 -0.745386 9
-1.730237 -0.986560 -0.743457 9
-1.796063 -0.972226 -0.737051 9
-1.814466 -1.048262 -0.757967 9
-1.702253 -1.360189 -0.850472 9
-1.685602 -1.488456 -0.887435 9
-1.742098 -1.484478 -0.884247 9
-1.794433 -1.488771 -0.883540 9
-1.818745 -1.540550 -0.897298 9
-1.903240 -1.493084 -0.880725 9
-1.959500 -1.493686 -0.878788 9
-2.028271 -1.475818 -0.871147 9
-2.058970 -1.517844 -0.881854 9
-2.093995 -1.552714 -0.890362 9
-2.154197 -1.550411 -0.887401 9
-2.241396 -1.510658 -0.872823 9
2.519612 -0.884661 -0.755729 8
2.431203 -0.973669 -0.781342 8
2.395718 -0.927279 -0.767270 8
2.355887 -0.891012 -0.756141 8
2.316829 -0.851231 -0.743957 8
2.248186 -0.896962 -0.756840 8
2.150483 -1.035215 -0.796878 8
2.105629 -1.017613 -0.791163 8
2.042235 -1.060163 -0.803099 8
1.995612 -1.050101 -0.799568 8
1.945267 -1.053276 -0.799910 8
1.900665 -1.036700 -0.794428 8
1.886006 -0.906154 -0.755382 8
1.837225 -0.900426 -0.753038 8
1.876677 -0.531249 -0.643605 8
1.831713 -0.493468 -0.631726 8
1.772288 -0.518437 -0.638322 8
1.725602 -0.486532 -0.628129 10
1.673625 -0.478711 -0.625017 10
1.616966 -0.495676 -0.629207 10
1.559155 -0.522010 -0.636154 10
1.507115 -0.518532 -0.634276 10
1.448372 -0.557679 -0.644991 10
1.401605 -0.522896 -0.633815 10
1.338345 -0.602737 -0.656563 10
1.288506 -0.591953 -0.652462 10
1.226529 -0.682686 -0.678445 10
1.179421 -0.654231 -0.669075 10
1.132763 -0.616330 -0.656871 10
1.081186 -0.626494 -0.658917 10
1.030183 -0.632928 -0.659839 10
0.978723 -0.648988 -0.663611 10
0.928980 -0.642004 -0.660508 10
0.876452 -0.691226 -0.674132 10
0.824642 -0.748611 -0.690192 10
0.776666 -0.710733 -0.677832 10
0.727573 -0.694011 -0.671755 10
0.677867 -0.714440 -0.676753 10
0.628473 -0.691350 -0.668726 10
0.579337 -0.727569 -0.678420 10
0.530285 -0.735753 -0.679714 10
0.481090 -0.735253 -0.678389 10
0.433253 -0.767862 -0.686977 10
0.383625 -0.754675 -0.681810 10
0.337174 -0.797419 -0.693424 10
0.297973 -0.929005 -0.731760 10
0.247587 -0.894095 -0.720024 10
0.197469 -0.870544 -0.711671 10
0.150771 -0.885708 -0.714959 10
0.105838 -0.914626 -0.722386 10
0.057494 -0.911982 -0.720272 10
-0.000335 -0.839549 -0.697030 10
-0.043223 -0.882280 -0.708584 10
-0.090513 -0.891622 -0.710023 10
-0.142886 -0.869735 -0.701974 10
-0.203808 -0.802360 -0.680079 10
-0.239807 -0.878206 -0.701642 10
-0.291406 -0.867030 -0.696755 10
-0.341045 -0.867424 -0.695360 10
-0.377310 -0.930544 -0.713062 10
-0.439008 -0.876564 -0.695045 10
-0.484285 -0.897496 -0.699851 10
-0.543066 -0.863094 -0.687722 10
-0.589372 -0.880701 -0.691467 10
-0.641227 -0.877244 -0.688740 10
-0.696967 -0.861119 -0.682094 10
-0.746290 -0.869198 -0.682846 10
-0.794182 -0.882396 -0.685149 10
-0.845897 -0.883405 -0.683678 10
-0.904817 -0.863053 -0.675590 10
-0.958352 -0.861099 -0.673137 10
-0.998213 -0.899775 -0.683212 10
-1.069170 -0.849952 -0.665889 10
-1.098899 -0.916049 -0.684426 10
-1.155748 -0.907798 -0.679906 10
-1.238849 -0.833950 -0.654957 10
-1.279577 -0.870508 -0.664273 10
-1.335784 -0.868705 -0.661629 10
-1.334119 -1.003781 -0.701670 10
-1.415899 -0.942148 -0.680308 10
-1.506860 -0.864399 -0.653808 10
-1.545968 -0.903949 -0.663970 10
-1.600439 -0.910149 -0.663659 10
-1.616055 -0.996971 -0.688666 9
-1.706167 -0.931227 -0.665663 10
-1.730802 -0.997812 -0.684299 9
-1.727359 -1.115876 -0.719226 9
-1.759913 -1.162350 -0.731573 9
-1.659399 -1.449875 -0.820348 9
-2.090108 -0.780802 -0.605591 9
-1.737939 -1.503284 -0.832756 9
-1.797664 -1.494964 -0.827777 9
-1.873537 -1.461228 -0.814629 9
-1.883309 -1.537334 -0.836529 9
-1.936513 -1.542196 -0.835642 9
-2.031270 -1.483327 -0.814251 9
-2.062649 -1.524411 -0.824890 9
-2.101881 -1.553150 -0.831551 9
-2.164390 -1.547856 -0.827205 9
-2.214539 -1.561511 -0.828932 9
2.486472 -0.985912 -0.725355 8
2.429796 -0.994868 -0.727851 8
2.376191 -0.997179 -0.728291 8
2.326370 -0.990211 -0.725870 8
2.285062 -0.959614 -0.716192 8
2.202768 -1.048225 -0.742983 8
2.161349 -1.019851 -0.733941 8
2.122856 -0.981301 -0.721756 8
2.067916 -0.994394 -0.725364 8
1.999901 -1.053437 -0.743036 8
1.920953 -1.156104 -0.774071 8
1.904305 -1.041537 -0.738485 8
1.850494 -1.059010 -0.743361 8
1.874346 -0.773187 -0.655140 8
1.829160 -0.746964 -0.646532 8
1.818688 -0.570286 -0.591686 8
1.767236 -0.562166 -0.588562 10
1.720287 -0.533012 -0.578948 10
1.665707 -0.539727 -0.580332 10
1.612089 -0.543160 -0.580685 10
1.556636 -0.558156 -0.584574 10
1.498199 -0.593492 -0.594707 10
1.425173 -0.725524 -0.634619 10
1.385181 -0.656126 -0.612458 10
1.332793 -0.666339 -0.614805 10
1.279204 -0.688437 -0.620799 10
1.237111 -0.618814 -0.598459 10
1.188818 -0.594067 -0.589934 10
1.118002 -0.793088 -0.650544 10
1.074784 -0.727477 -0.629356 10
1.021797 -0.770232 -0.641657 10
0.977134 -0.705036 -0.620522 10
0.926560 -0.719520 -0.624027 10
0.877703 -0.705507 -0.618678 10
0.826794 -0.738786 -0.627974 10
0.776746 -0.766311 -0.635472 10
0.727590 -0.776347 -0.637525 10
0.678993 -0.743302 -0.626161 10
0.629871 -0.779245 -0.636226 10
0.581293 -0.800901 -0.641833 10
0.532956 -0.814587 -0.644941 10
0.482893 -0.766881 -0.628884 10
0.435388 -0.803247 -0.639020 10
0.393349 -0.930879 -0.677660 10
0.347988 -0.964901 -0.687072 10
0.297061 -0.913588 -0.669775 10
0.254113 -0.972173 -0.686843 10
0.205121 -0.953724 -0.679769 10
0.156050 -0.938997 -0.673827 10
0.109703 -0.951847 -0.676511 10
0.056451 -0.907487 -0.661191 10
0.002997 -0.869273 -0.647752 10
-0.038278 -0.922050 -0.662918 10
-0.092219 -0.886514 -0.650248 10
-0.149723 -0.834662 -0.632378 10
-0.195316 -0.857978 -0.638190 10
-0.249229 -0.834672 -0.629244 10
-0.280313 -0.931456 -0.658268 10
-0.331282 -0.922849 -0.653929 10
-0.382162 -0.916398 -0.650238 10
-0.439093 -0.884817 -0.638529 10
-0.486765 -0.895916 -0.640335 10
-0.531666 -0.918152 -0.645664 10
-0.570049 -0.964641 -0.658705 10
-0.631116 -0.924290 -0.644038 10
-0.681080 -0.927544 -0.643237 10
-0.745447 -0.882082 -0.626820 10
-0.788825 -0.910259 -0.633917 10
-0.855969 -0.861588 -0.616356 10
-0.917496 -0.834508 -0.605650 10
-0.938982 -0.929523 -0.634143 10
-0.976675 -0.972654 -0.645975 10
-1.058698 -0.890238 -0.617324 10
-1.124424 -0.857977 -0.604755 10
-1.174979 -0.868490 -0.605946 10
-1.228231 -0.872526 -0.605007 10
-1.277169 -0.888030 -0.607749 10
-1.296885 -0.974002 -0.633349 10
-1.358523 -0.958175 -0.625877 10
-1.432068 -0.917116 -0.610123 10
-1.494379 -0.904164 -0.603453 10
-1.560416 -0.884898 -0.594658 10
-1.598406 -0.926667 -0.605776 10
-1.633697 -0.972942 -0.618368 10
-1.668262 -1.019450 -0.631037 9
-1.709440 -1.051863 -0.639071 9
-1.768438 -1.049873 -0.635749 9
-1.733519 -1.223582 -0.690395 9
-1.723369 -1.345293 -0.727994 9
-1.674416 -1.531227 -0.786977 9
-1.712354 -1.559188 -0.793679 9
-1.793642 -1.513493 -0.775856 9
-1.861789 -1.492602 -0.766191 9
-1.901042 -1.520445 -0.772722 9
-1.966555 -1.506540 -0.765258 9
-2.023705 -1.507252 -0.762621 9
-2.056713 -1.545609 -0.772578 9
-2.128295 -1.526184 -0.763064 9
-2.190589 -1.522158 -0.758658 9
-2.222252 -1.562980 -0.769355 9
-2.277326 -1.570627 -0.768798 9
-2.386499 -1.505286 -0.743372 9
-2.413704 -1.553295 -0.756395 9
2.466925 -1.052452 -0.686100 8
2.412916 -1.055975 -0.687196 8
2.346276 -1.094305 -0.699360 8
2.319055 -1.027905 -0.678101 8
2.243004 -1.096423 -0.699835 8
2.192087 -1.096958 -0.699861 8
2.139723 -1.102861 -0.701572 8
2.093040 -1.092377 -0.698027 8
2.038428 -1.107754 -0.702704 8
1.976213 -1.150703 -0.716153 8
1.927771 -1.149896 -0.715614 8
1.895408 -1.091805 -0.696760 8
1.852093 -1.071147 -0.689823 8
1.877328 -0.780935 -0.596756 8
1.830132 -0.762709 -0.590511 8
1.820134 -0.584733 -0.533179 8
1.759689 -0.616859 -0.542950 8
1.722115 -0.545681 -0.519662 10
1.635824 -0.708956 -0.571332 10
1.602075 -0.617166 -0.541383 10
1.553103 -0.599725 -0.535185 10
1.507394 -0.562108 -0.522491 10
1.446677 -0.613992 -0.538434 10
1.393645 -0.622919 -0.540592 10
1.346658 -0.591042 -0.529638 10
1.292532 -0.610050 -0.534970 10
1.240026 -0.619782 -0.537302 10
1.185186 -0.653623 -0.547350 10
1.131937 -0.679377 -0.554780 10
1.078971 -0.708815 -0.563375 10
1.026015 -0.746671 -0.574659 10
0.978907 -0.711808 -0.562522 10
0.927550 -0.738185 -0.570064 10
0.878564 -0.727846 -0.565755 10
0.828190 -0.749019 -0.571575 10
0.776986 -0.815365 -0.591950 10
0.727902 -0.840441 -0.598998 10
0.679969 -0.789436 -0.581443 10
0.631124 -0.804377 -0.585159 10
0.582407 -0.805275 -0.584308 10
0.534683 -0.851391 -0.598070 10
0.488571 -0.919593 -0.618983 10
0.441675 -0.937296 -0.623520 10
0.396966 -0.990822 -0.639665 10
0.350244 -0.995559 -0.639957 10
0.296446 -0.902233 -0.608336 10
0.253716 -0.966539 -0.627931 10
0.201183 -0.912055 -0.608838 10
0.154210 -0.923164 -0.611066 10
0.107528 -0.935722 -0.613741 10
0.057292 -0.918285 -0.606594 10
0.010858 -0.932835 -0.609860 10
-0.043818 -0.888973 -0.593987 10
-0.090301 -0.904941 -0.597650 10
-0.131266 -0.953305 -0.611914 10
-0.182960 -0.935553 -0.604471 10
-0.221019 -0.994194 -0.622086 10
-0.274725 -0.967632 -0.611676 10
-0.323829 -0.966955 -0.609736 10
-0.375693 -0.954529 -0.603886 10
-0.439533 -0.891544 -0.581297 10
-0.489460 -0.893502 -0.580087 10
-0.513326 -1.000947 -0.613746 10
-0.562247 -1.003932 -0.612843 10
-0.635197 -0.918730 -0.582649 10
-0.697826 -0.877719 -0.567021 10
-0.739740 -0.911635 -0.576236 10
-0.788203 -0.922449 -0.577745 10
-0.832283 -0.947420 -0.583943 10
-0.874336 -0.977886 -0.591954 10
-0.917645 -1.003561 -0.598348 10
-0.984338 -0.961262 -0.581958 10
-1.050420 -0.924300 -0.567270 10
-1.113841 -0.897779 -0.556005 10
-1.198525 -0.818146 -0.526798 10
-1.226562 -0.888243 -0.547908 10
-1.279593 -0.893618 -0.547200 10
-1.316181 -0.939185 -0.560031 10
-1.373742 -0.934320 -0.555786 10
-1.441979 -0.906510 -0.543702 10
-1.492403 -0.920597 -0.545763 10
-1.539096 -0.943039 -0.550629 10
-1.594296 -0.947549 -0.549351 10
-1.637697 -0.977027 -0.556548 9
-1.685015 -0.998310 -0.560919 9
-1.755251 -0.975051 -0.549989 9
-1.784125 -1.032520 -0.566691 9
-1.801144 -1.110331 -0.590405 9
-1.688691 -1.419909 -0.694063 9
-1.741433 -1.424201 -0.692626 9
-1.755566 -1.496024 -0.714510 9
-1.778178 -1.551325 -0.730703 9
-1.848964 -1.525666 -0.718771 9
-1.926924 -1.490593 -0.703456 9
-1.981528 -1.494981 -0.701798 9
-2.040697 -1.493199 -0.697919 9
-2.092803 -1.503252 -0.698117 9
-2.157941 -1.494695 -0.691717 9
-2.191339 -1.533575 -0.701944 9
-2.244234 -1.544309 -0.702218 9
-2.362913 -1.464380 -0.670327 9
-2.398255 -1.502220 -0.680023 9
-2.420553 -1.557070 -0.695758 9
2.448304 -1.116310 -0.647239 8
2.376060 -1.168119 -0.664622 8
2.352616 -1.094764 -0.640425 8
2.309591 -1.071313 -0.632756 8
2.256852 -1.074731 -0.633969 8
2.201441 -1.087125 -0.638124 8
2.156183 -1.070780 -0.632706 8
2.074151 -1.168720 -0.665178 8
2.030769 -1.150014 -0.658908 8
1.986390 -1.134205 -0.653565 8
1.931069 -1.156072 -0.660692 8
1.897647 -1.101693 -0.642479 8
1.855782 -1.075486 -0.633580 8
1.821356 -1.018966 -0.614580 8
1.817789 -0.832724 -0.552461 8
1.789699 -0.735002 -0.519686 10
1.730665 -0.767040 -0.529971 10
1.685675 -0.737502 -0.519764 10
1.632887 -0.744275 -0.521586 10
1.586112 -0.721567 -0.513573 10
1.541124 -0.687432 -0.501719 10
1.490641 -0.682120 -0.499412 10
1.435727 -0.704553 -0.506303 10
1.383536 -0.713022 -0.508514 10
1.328665 -0.742732 -0.517768 10
1.279382 -0.735315 -0.514624 10
1.232639 -0.706505 -0.504311 10
1.177150 -0.752727 -0.518978 10
1.130163 -0.724291 -0.508715 10
1.079463 -0.731738 -0.510385 10
1.029982 -0.726762 -0.507874 10
0.976462 -0.779504 -0.524614 10
0.927647 -0.771904 -0.521163 10
0.876770 -0.804144 -0.531002 10
0.826183 -0.846721 -0.544279 10
0.777303 -0.861034 -0.548072 10
0.729017 -0.860145 -0.546740 10
0.680464 -0.889515 -0.555523 10
0.632444 -0.876995 -0.550223 10
0.584460 -0.889971 -0.553446 10
0.537558 -0.941398 -0.569564 10
0.489311 -0.918756 -0.560757 10
0.441215 -0.911456 -0.557067 10
0.395592 -0.955248 -0.570551 10
0.350591 -0.995598 -0.582862 10
0.305444 -1.023464 -0.590947 10
0.248878 -0.907179 -0.550322 10
0.204012 -0.943274 -0.561105 10
0.157979 -0.961780 -0.565921 10
0.112985 -0.986974 -0.572977 10
0.067158 -1.002123 -0.576605 10
0.012586 -0.950497 -0.557545 10
-0.038484 -0.931421 -0.549467 10
-0.077208 -0.995667 -0.569670 10
-0.121497 -1.018987 -0.575947 10
-0.168964 -1.022300 -0.575384 10
-0.223361 -0.988829 -0.562234 10
-0.267259 -1.013312 -0.568810 10
-0.312092 -1.031683 -0.573273 10
-0.354827 -1.058823 -0.580711 10
-0.403046 -1.060281 -0.579327 10
-0.478529 -0.948261 -0.538959 10
-0.513009 -1.011208 -0.558568 10
-0.555651 -1.038501 -0.565921 10
-0.617567 -0.993395 -0.548314 10
-0.664790 -1.004834 -0.550123 10
-0.712634 -1.014236 -0.551192 10
-0.775844 -0.973303 -0.534811 10
-0.817707 -1.004011 -0.543157 10
-0.859905 -1.032549 -0.550731 10
-0.922660 -0.999170 -0.536773 10
-0.975368 -0.997751 -0.533849 10
-1.039034 -0.966929 -0.520626 10
-1.127806 -0.871338 -0.484710 10
-1.174755 -0.891789 -0.489196 10
-1.214990 -0.929091 -0.499549 10
-1.232989 -1.020054 -0.528706 10
-1.313303 -0.957717 -0.504057 10
-1.409977 -0.861746 -0.467436 10
-1.451213 -0.897581 -0.477103 10
-1.505247 -0.904358 -0.476488 10
-1.524111 -0.987369 -0.502792 10
-1.596068 -0.956109 -0.488632 10
-1.654904 -0.954254 -0.484806 10
-1.718138 -0.944824 -0.478215 10
-1.754274 -0.989518 -0.490839 9
-1.822317 -0.972756 -0.481498 9
-1.783767 -1.154894 -0.543272 9
-1.755054 -1.311849 -0.596210 9
-1.717059 -1.478983 -0.652975 9
-1.736669 -1.540296 -0.671801 9
-1.792364 -1.539117 -0.668084 9
-1.878711 -1.488565 -0.646423 9
-1.925159 -1.505511 -0.649090 9
-1.995768 -1.484742 -0.637994 9
-2.042814 -1.502239 -0.640731 9
-2.099092 -1.506163 -0.638459 9
-2.156813 -1.508892 -0.635672 9
-2.197414 -1.537339 -0.642251 9
-2.263064 -1.530313 -0.635733 9
-2.322054 -1.533932 -0.633042 9
-2.401768 -1.510461 -0.620235 9
-2.398718 -1.599018 -0.648877 9
2.513699 -1.102246 -0.582250 8
2.454114 -1.119035 -0.588494 8
2.377509 -1.181418 -0.610423 8
2.343773 -1.135429 -0.594910 8
2.298623 -1.118619 -0.589425 8
2.249936 -1.111644 -0.587292 8
2.188151 -1.143166 -0.598391 8
2.120523 -1.195281 -0.616545 8
2.070657 -1.196875 -0.617238 8
2.014458 -1.219857 -0.625263 8
1.977232 -1.182313 -0.612384 8
1.942577 -1.133983 -0.595748 8
1.889710 -1.148151 -0.600615 8
1.853213 -1.103289 -0.585095 8
1.810133 -1.081199 -0.577383 8
1.804747 -0.905153 -0.516552 8
1.809219 -0.672298 -0.436080 8
1.745829 -0.719865 -0.452249 8
1.703355 -0.675646 -0.436724 10
1.636627 -0.746727 -0.460927 10
1.591328 -0.715794 -0.449898 10
1.541432 -0.707421 -0.446609 10
1.487272 -0.723722 -0.451795 10
1.438462 -0.710122 -0.446618 10
1.390581 -0.689534 -0.438982 10
1.333069 -0.734953 -0.454109 10
1.280070 -0.754112 -0.460129 10
1.228061 -0.769320 -0.464746 10
1.173993 -0.806914 -0.477071 10
1.127471 -0.778045 -0.466366 10
1.077517 -0.781627 -0.466846 10
1.021129 -0.867459 -0.495779 10
0.972809 -0.863840 -0.493699 10
0.924769 -0.855252 -0.489855 10
0.874981 -0.879417 -0.497332 10
0.825645 -0.905556 -0.505462 10
0.778495 -0.876034 -0.494230 10
0.730441 -0.863614 -0.488888 10
0.681717 -0.899260 -0.500218 10
0.633663 -0.890093 -0.495927 10
0.585504 -0.888679 -0.494291 10
0.537839 -0.912308 -0.501341 10
0.489546 -0.901806 -0.496458 10
0.443544 -0.951935 -0.512690 10
0.396519 -0.963668 -0.515496 10
0.349237 -0.968278 -0.515776 10
0.304035 -1.001152 -0.525907 10
0.255524 -0.986734 -0.519454 10
0.209261 -1.000552 -0.522846 10
0.164227 -1.024401 -0.529724 10
0.115419 -1.011524 -0.523678 10
0.063871 -0.979508 -0.510852 10
0.012397 -0.953852 -0.500198 10
-0.028670 -1.004842 -0.516476 10
-0.077186 -1.001744 -0.513676 10
-0.118908 -1.041067 -0.525801 10
-0.170595 -1.019854 -0.516520 10
-0.218183 -1.023947 -0.516128 10
-0.267003 -1.022230 -0.513634 10
-0.317056 -1.015633 -0.509362 10
-0.362794 -1.030396 -0.512617 10
-0.410277 -1.037057 -0.512957 10
-0.463589 -1.019649 -0.504688 10
-0.520587 -0.989900 -0.491954 10
-0.565548 -1.009720 -0.496829 10
-0.613559 -1.017653 -0.497423 10
-0.667148 -1.006156 -0.491021 10
-0.715438 -1.014517 -0.491667 10
-0.764298 -1.021347 -0.491719 10
-0.812054 -1.032147 -0.493148 10
-0.865971 -1.024298 -0.487822 10
-0.924387 -1.004614 -0.478162 10
-0.969584 -1.025029 -0.482899 10
-1.043507 -0.965458 -0.458676 10
-1.089262 -0.986256 -0.463432 10
-1.120942 -1.043497 -0.481372 10
-1.192791 -0.996724 -0.461517 10
-1.248632 -0.992982 -0.457206 10
-1.309728 -0.977916 -0.448692 10
-1.359473 -0.991067 -0.450402 10
-1.421797 -0.976120 -0.441775 10
-1.459843 -1.016404 -0.453314 10
-1.594386 -0.848963 -0.388503 10
-1.632372 -0.892667 -0.401120 10
-1.646122 -0.984560 -0.431505 9
-1.664392 -1.064015 -0.457352 9
-1.732266 -1.044698 -0.446650 9
-1.771096 -1.082232 -0.456945 9
-1.742862 -1.242675 -0.512954 9
-1.782562 -1.274418 -0.521151 9
-1.694913 -1.529634 -0.612846 9
-1.748454 -1.531714 -0.610068 9
-1.823848 -1.498037 -0.593786 9
-1.881406 -1.496177 -0.589337 9
-1.930509 -1.509024 -0.590350 9
-1.995667 -1.497177 -0.581957 9
-2.046823 -1.508425 -0.582211 9
-2.087201 -1.536477 -0.588786 9
-2.115510 -1.582187 -0.602055 9
-2.137545 -1.636108 -0.618462 9
-2.209595 -1.618399 -0.607425 9
-2.294424 -1.584907 -0.590182 9
-2.391136 -1.537877 -0.567541 9
2.454239 -1.135967 -0.534427 8
2.385418 -1.178267 -0.550204 8
2.323703 -1.205443 -0.560502 8
2.279796 -1.187007 -0.554409 8
2.225837 -1.196477 -0.558261 8
2.184666 -1.170591 -0.549409 8
2.133751 -1.173012 -0.550642 8
2.078966 -1.188503 -0.556502 8
2.036612 -1.166291 -0.548827 8
1.988489 -1.162517 -0.547703 8
1.914635 -1.247899 -0.578414 8
1.885911 -1.179593 -0.554119 8
1.830263 -1.206786 -0.563928 8
1.827080 -1.033964 -0.502177 8
1.808083 -0.910959 -0.458193 8
1.791840 -0.766139 -0.406360 10
1.739541 -0.768127 -0.406969 10
1.688916 -0.763533 -0.405177 10
1.635364 -0.773733 -0.408628 10
1.591963 -0.733804 -0.394100 10
1.527847 -0.802953 -0.418545 10
1.483456 -0.767696 -0.405592 10
1.428255 -0.795212 -0.415053 10
1.376495 -0.804902 -0.418091 10
1.335120 -0.743972 -0.395795 10
1.271984 -0.839424 -0.429457 10
1.219314 -0.865974 -0.438405 10
1.174027 -0.832064 -0.425642 10
1.123068 -0.848357 -0.430827 10
1.075609 -0.830733 -0.423802 10
1.026081 -0.835287 -0.424686 10
0.976073 -0.848954 -0.428798 10
0.921270 -0.947989 -0.463535 10
0.874375 -0.930067 -0.456226 10
0.825638 -0.950293 -0.462584 10
0.778265 -0.939271 -0.457661 10
0.730592 -0.933236 -0.454483 10
0.682892 -0.917948 -0.447923 10
0.634905 -0.924148 -0.449057 10
0.586589 -0.890299 -0.435700 10
0.537713 -0.863306 -0.424754 10
0.491808 -0.948729 -0.454357 10
0.445463 -0.982755 -0.465378 10
0.397798 -0.978827 -0.462639 10
0.350719 -0.986461 -0.464037 10
0.304834 -1.009296 -0.470902 10
0.265047 -1.101122 -0.502757 10
0.214663 -1.059450 -0.486158 10
0.169031 -1.073001 -0.489551 10
0.120461 -1.059052 -0.482902 10
0.067869 -1.015806 -0.465529 10
0.014937 -0.977574 -0.449902 10
-0.035829 -0.960705 -0.441989 10
-0.060506 -1.115360 -0.496655 10
-0.123418 -1.020210 -0.460061 10
-0.163696 -1.065968 -0.474914 10
-0.219770 -1.022709 -0.457132 10
-0.260253 -1.064152 -0.470336 10
-0.305250 -1.080509 -0.474309 10
-0.358328 -1.059129 -0.464363 10
-0.414346 -1.027798 -0.450678 10
-0.465580 -1.020154 -0.445641 10
-0.504280 -1.064156 -0.459610 10
-0.546129 -1.093380 -0.468101 10
-0.594303 -1.097935 -0.467431 10
-0.662223 -1.033283 -0.441046 10
-0.714243 -1.028481 -0.436755 10
-0.758450 -1.050582 -0.442402 10
-0.802017 -1.074103 -0.448542 10
-0.864977 -1.037731 -0.432303 10
-0.935447 -0.982556 -0.408930 10
-0.998029 -0.954466 -0.395561 10
-1.039302 -0.988096 -0.405227 10
-1.086815 -1.003916 -0.408180 10
-1.132775 -1.023824 -0.412620 10
-1.223421 -0.930760 -0.374442 10
-1.264834 -0.964764 -0.384038 10
-1.336210 -0.926501 -0.366271 10
-1.361953 -0.997097 -0.389627 10
-1.453738 -0.916081 -0.355440 10
-1.514295 -0.908930 -0.349155 10
-1.578815 -0.894759 -0.340101 10
-1.636307 -0.897029 -0.337222 10
-1.665554 -0.957575 -0.356571 10
-1.685637 -1.034338 -0.382155 9
-1.731623 -1.058461 -0.387538 9
-1.765406 -1.105488 -0.401701 9
-1.770875 -1.203411 -0.435516 9
-1.775220 -1.299843 -0.468838 9
-1.772608 -1.405082 -0.505665 9
-1.830834 -1.402367 -0.500600 9
-1.821473 -1.513973 -0.540023 9
-1.877684 -1.514348 -0.536081 9
-1.946829 -1.495070 -0.524340 9
-2.012979 -1.482395 -0.515056 9
-2.038834 -1.533050 -0.530606 9
-2.065495 -1.581420 -0.545259 9
-2.120082 -1.587892 -0.543309 9
-2.157081 -1.620435 -0.551630 9
-2.186061 -1.663996 -0.564310 9
-2.263892 -1.639669 -0.549838 9
-2.341845 -1.617313 -0.535982 9
2.457784 -1.270988 -0.523355 8
2.437374 -1.194860 -0.495915 8
2.420252 -1.106838 -0.464023 8
2.310291 -1.257623 -0.520836 8
2.295339 -1.162196 -0.486099 8
2.192960 -1.305259 -0.539873 8
2.157892 -1.264955 -0.525504 8
2.123756 -1.220116 -0.509408 8
2.075739 -1.215823 -0.508306 8
2.033392 -1.194109 -0.500692 8
1.980999 -1.204910 -0.505082 8
1.928699 -1.217146 -0.509950 8
1.873145 -1.242844 -0.519752 8
1.837880 -1.196412 -0.502776 8
1.790260 -1.194672 -0.502309 8
1.850132 -0.761049 -0.341807 8
1.781351 -0.830390 -0.367576 8
1.739888 -0.786927 -0.351506 10
1.681069 -0.820381 -0.363872 10
1.634726 -0.797643 -0.355369 10
1.579739 -0.817702 -0.362667 10
1.538589 -0.766113 -0.343367 10
1.484520 -0.783439 -0.349545 10
1.429503 -0.809746 -0.359000 10
1.386727 -0.760784 -0.340505 10
1.337718 -0.749265 -0.335832 10
1.271232 -0.868763 -0.379692 10
1.228560 -0.814635 -0.359116 10
1.176625 -0.834248 -0.365840 10
1.121847 -0.886784 -0.384737 10
1.076963 -0.843781 -0.368118 10
1.028325 -0.837152 -0.364949 10
0.976479 -0.874882 -0.378211 10
0.927684 -0.875965 -0.377809 10
0.878936 -0.877533 -0.377535 10
0.829479 -0.898577 -0.384459 10
0.780719 -0.911689 -0.388386 10
0.732013 -0.936753 -0.396720 10
0.683966 -0.947384 -0.399632 10
0.636147 -0.970082 -0.407000 10
0.588262 -0.944981 -0.396483 10
0.541459 -0.996065 -0.414361 10
0.494202 -1.000181 -0.414656 10
0.444471 -0.943655 -0.392215 10
0.401483 -1.040383 -0.427067 10
0.353539 -1.026207 -0.420368 10
0.308232 -1.053345 -0.429101 10
0.259359 -1.031447 -0.419393 10
0.212740 -1.039504 -0.420871 10
0.166443 -1.049952 -0.423200 10
0.117787 -1.038592 -0.417273 10
0.074822 -1.075925 -0.429629 10
0.029168 -1.088343 -0.432562 10
-0.015517 -1.106552 -0.437635 10
-0.061406 -1.115418 -0.439136 10
-0.106039 -1.131629 -0.443368 10
-0.160035 -1.093621 -0.427018 10
-0.206473 -1.101272 -0.427894 10
-0.250742 -1.119991 -0.432921 10
-0.308094 -1.074754 -0.413591 10
-0.364350 -1.039837 -0.398087 10
-0.408441 -1.062156 -0.404303 10
-0.445058 -1.114527 -0.421950 10
-0.497242 -1.101244 -0.414496 10
-0.546681 -1.100463 -0.411750 10
-0.596435 -1.099506 -0.408871 10
-0.671147 -1.011543 -0.372527 10
-0.698724 -1.091084 -0.400411 10
-0.753547 -1.076683 -0.392150 10
-0.810081 -1.058838 -0.382475 10
-0.868954 -1.036041 -0.370794 10
-0.923203 -1.029349 -0.365244 10
-0.976221 -1.027569 -0.361516 10
-1.014967 -1.066284 -0.373434 10
-1.090609 -1.004889 -0.346391 10
-1.139245 -1.018255 -0.348317 10
-1.211344 -0.972759 -0.327204 10
-1.263976 -0.978505 -0.325985 10
-1.327034 -0.960181 -0.315259 10
-1.391009 -0.941791 -0.304395 10
-1.450748 -0.934973 -0.297967 10
-1.489230 -0.976087 -0.310339 10
-1.578518 -0.907880 -0.279494 10
-1.624189 -0.934795 -0.286107 10
-1.670394 -0.960365 -0.292138 10
-1.676359 -1.065141 -0.329623 9
-1.757399 -1.021424 -0.308001 9
-1.786051 -1.079280 -0.326789 9
-1.657836 -1.422984 -0.460091 9
-1.745162 -1.365887 -0.433019 9
-1.787620 -1.390911 -0.438795 9
-1.801248 -1.465088 -0.464359 9
-1.824609 -1.520725 -0.482474 9
-1.851057 -1.569891 -0.497981 9
-1.968918 -1.472105 -0.453704 9
-1.998100 -1.518039 -0.467734 9
-2.030893 -1.557566 -0.479136 9
-2.081844 -1.569371 -0.479144 9
-2.127854 -1.588999 -0.482284 9
-2.165911 -1.620290 -0.490168 9
-2.198757 -1.658686 -0.500952 9
-2.256228 -1.662846 -0.497493 9
-2.400598 -1.551287 -0.445698 9
2.462805 -1.275783 -0.465866 8
2.445548 -1.191870 -0.434618 8
2.391064 -1.198229 -0.438119 8
2.330301 -1.222346 -0.448389 8
2.279090 -1.223246 -0.449652 8
2.197450 -1.309629 -0.483728 8
2.141563 -1.328797 -0.491871 8
2.095164 -1.322084 -0.490003 8
2.058483 -1.286060 -0.476818 8
2.023836 -1.241957 -0.460482 8
1.974945 -1.242399 -0.461197 8
1.927129 -1.240133 -0.460814 8
1.873257 -1.260090 -0.468899 8
1.852019 -1.162224 -0.431731 8
1.849716 -0.984354 -0.363840 8
1.820411 -0.900222 -0.331853 8
1.778821 -0.860926 -0.317005 8
1.739771 -0.807771 -0.296785 10
1.681742 -0.837713 -0.308361 10
1.631363 -0.834706 -0.307247 10
1.585007 -0.811836 -0.298458 10
1.540139 -0.779317 -0.285910 10
1.489905 -0.774530 -0.283932 10
1.435845 -0.793375 -0.290955 10
1.384496 -0.798163 -0.292530 10
1.329516 -0.829901 -0.304383 10
1.280522 -0.822639 -0.301222 10
1.220332 -0.906247 -0.332867 10
1.174942 -0.874662 -0.320260 10
1.125369 -0.878584 -0.321220 10
1.077073 -0.870441 -0.317491 10
1.020664 -0.960685 -0.351500 10
0.974707 -0.931293 -0.339499 10
0.928091 -0.903741 -0.328139 10
0.876667 -0.960784 -0.349254 10
0.830242 -0.924228 -0.334310 10
0.782453 -0.909001 -0.327508 10
0.733682 -0.928363 -0.333968 10
0.684913 -0.989150 -0.356349 10
0.637366 -0.994845 -0.357450 10
0.590213 -1.027105 -0.368750 10
0.542342 -0.994336 -0.354892 10
0.496721 -1.055993 -0.377457 10
0.450127 -1.064534 -0.379454 10
0.404004 -1.079603 -0.383925 10
0.353934 -1.026880 -0.362085 10
0.309913 -1.073686 -0.378744 10
0.261187 -1.052711 -0.369071 10
0.216984 -1.085942 -0.380379 10
0.167171 -1.059055 -0.368280 10
0.120818 -1.068385 -0.370194 10
0.075302 -1.083779 -0.374418 10
0.027613 -1.081501 -0.371702 10
-0.022669 -1.062532 -0.362407 10
-0.061402 -1.121343 -0.383430 10
-0.107636 -1.128369 -0.384182 10
-0.158300 -1.110327 -0.375058 10
-0.202842 -1.127949 -0.379841 10
-0.254635 -1.107872 -0.369774 10
-0.307500 -1.085589 -0.358754 10
-0.345631 -1.133686 -0.375352 10
-0.402034 -1.098641 -0.359159 10
-0.447977 -1.111137 -0.361627 10
-0.496494 -1.113231 -0.359928 10
-0.548598 -1.102389 -0.353041 10
-0.593781 -1.118671 -0.356824 10
-0.647337 -1.105159 -0.348725 10
-0.693970 -1.117039 -0.350634 10
-0.759965 -1.065803 -0.327344 10
-0.814152 -1.056300 -0.320563 10
-0.875389 -1.026974 -0.305769 10
-0.915009 -1.064107 -0.317461 10
-0.967054 -1.064476 -0.314382 10
-1.039543 -1.009500 -0.288987 10
-1.107065 -0.972162 -0.270526 10
-1.153545 -0.992544 -0.275199 10
-1.207933 -0.992880 -0.271717 10
-1.273212 -0.967653 -0.257797 10
-1.325550 -0.975560 -0.257187 10
-1.387776 -0.961286 -0.247480 10
-1.449980 -0.948890 -0.238419 10
-1.494390 -0.977048 -0.245794 10
-1.565350 -0.948392 -0.229876 10
-1.622455 -0.950974 -0.226613 10
-1.662660 -0.988619 -0.237663 9
-1.688372 -1.054003 -0.260106 9
-1.727618 -1.091306 -0.270976 9
-1.834609 -1.001068 -0.229013 10
-1.779954 -1.211665 -0.311603 9
-1.757943 -1.355218 -0.366631 9
-1.763887 -1.444462 -0.399202 9
-1.794423 -1.488798 -0.413077 9
-1.803499 -1.567896 -0.441521 9
-1.879781 -1.535177 -0.423007 9
-1.926272 -1.552355 -0.425346 9
-1.998877 -1.529231 -0.410561 9
-2.075257 -1.502457 -0.394048 9
-2.128554 -1.512311 -0.392929 9
-2.164105 -1.548726 -0.403044 9
-2.224096 -1.549881 -0.398027 9
-2.289403 -1.544711 -0.390160 9
-2.276146 -1.648297 -0.429016 9
2.470842 -1.273515 -0.405152 8
2.447085 -1.205316 -0.379258 8
2.376435 -1.252344 -0.399289 8
2.294310 -1.333037 -0.432639 8
2.237653 -1.351465 -0.441076 8
2.163137 -1.421389 -0.469935 8
2.144755 -1.336561 -0.437125 8
2.115184 -1.279979 -0.415517 8
2.054659 -1.314904 -0.430236 8
2.035667 -1.221998 -0.394090 8
1.982861 -1.233984 -0.399564 8
1.922350 -1.273996 -0.416095 8
1.864083 -1.310131 -0.431012 8
1.839284 -1.227173 -0.398609 8
1.849748 -1.003277 -0.310261 8
1.814202 -0.944564 -0.287391 8
1.785021 -0.854966 -0.252219 8
1.733815 -0.854126 -0.252175 8
1.685388 -0.841452 -0.247375 10
1.635151 -0.837176 -0.245836 10
1.573759 -0.890063 -0.266886 10
1.525463 -0.879665 -0.262788 10
1.475892 -0.876239 -0.261389 10
1.420271 -0.909942 -0.274641 10
1.375971 -0.876047 -0.261037 10
1.329058 -0.856298 -0.252973 10
1.280002 -0.850435 -0.250348 10
1.226280 -0.882339 -0.262634 10
1.171922 -0.926691 -0.279800 10
1.124753 -0.910976 -0.273079 10
1.074118 -0.930212 -0.280163 10
1.025718 -0.928011 -0.278679 10
0.974990 -0.958567 -0.290140 10
0.927939 -0.940503 -0.282231 10
0.877924 -0.974091 -0.294783 10
0.829176 -0.994528 -0.302055 10
0.781179 -1.005176 -0.305379 10
0.733434 -1.015167 -0.308383 10
0.686014 -1.014475 -0.307075 10
0.638586 -1.034255 -0.313862 10
0.591513 -1.049768 -0.318895 10
0.545731 -1.112909 -0.342878 10
0.498448 -1.086671 -0.331145 10
0.449998 -1.046065 -0.313592 10
0.406987 -1.127873 -0.344906 10
0.358675 -1.097693 -0.331387 10
0.310159 -1.074158 -0.320448 10
0.266007 -1.110216 -0.333319 10
0.220342 -1.122827 -0.336744 10
0.175369 -1.140469 -0.342133 10
0.124968 -1.108013 -0.327331 10
0.074278 -1.079540 -0.314040 10
0.031313 -1.113760 -0.325915 10
-0.016667 -1.109351 -0.322174 10
-0.062102 -1.122779 -0.325562 10
-0.110913 -1.115065 -0.320349 10
-0.158589 -1.115583 -0.318392 10
-0.202819 -1.135331 -0.324156 10
-0.261477 -1.080958 -0.299800 10
-0.315207 -1.056667 -0.287536 10
-0.363819 -1.059002 -0.286003 10
-0.407173 -1.084889 -0.293991 10
-0.458660 -1.075613 -0.287591 10
-0.501564 -1.102144 -0.295731 10
-0.541146 -1.140041 -0.308477 10
-0.595533 -1.121742 -0.298167 10
-0.651187 -1.101342 -0.286894 10
-0.692552 -1.131696 -0.296376 10
-0.755720 -1.089785 -0.276065 10
-0.812124 -1.073025 -0.265987 10
-0.854886 -1.099764 -0.273770 10
-0.907615 -1.096457 -0.269072 10
-0.960560 -1.093720 -0.264519 10
-1.041006 -1.016584 -0.228970 10
-1.108347 -0.980092 -0.210123 10
-1.149011 -1.015689 -0.221183 10
-1.190875 -1.047201 -0.230500 10
-1.255313 -1.022988 -0.216443 10
-1.313244 -1.016556 -0.209706 10
-1.385970 -0.977510 -0.189144 10
-1.491535 -0.868210 -0.138805 10
-1.519704 -0.934255 -0.162203 10
-1.576484 -0.937304 -0.158954 10
-1.622305 -0.963913 -0.165596 10
-1.709189 -0.907656 -0.136936 9
-1.728928 -0.987044 -0.165871 9
-1.692618 -1.170907 -0.239506 9
-1.827192 -1.027922 -0.173376 9
-1.852489 -1.092015 -0.195767 9
-1.838035 -1.224955 -0.247834 9
-1.883779 -1.248213 -0.252714 9
-1.772684 -1.537808 -0.372875 9
-1.822537 -1.548290 -0.372392 9
-1.872395 -1.559352 -0.372066 9
-1.916542 -1.580044 -0.375850 9
-1.975587 -1.577798 -0.369509 9
-2.052069 -1.550283 -0.351923 9
-2.087109 -1.586566 -0.362257 9
-2.136022 -1.602264 -0.363449 9
-2.188029 -1.614022 -0.362796 9
-2.282145 -1.567823 -0.336223 9
-2.348443 -1.562606 -0.327672 9
-2.395792 -1.584063 -0.330910 9
2.477004 -1.275863 -0.345726 8
2.429684 -1.265031 -0.342811 8
2.347659 -1.341742 -0.375944 8
2.285521 -1.372599 -0.390043 8
2.234297 -1.377200 -0.393230 8
2.205979 -1.319958 -0.370878 8
2.171145 -1.278452 -0.354957 8
2.108122 -1.317949 -0.372289 8
2.070263 -1.284621 -0.359602 8
2.020654 -1.286843 -0.361458 8
1.970134 -1.293139 -0.364914 8
1.918572 -1.304359 -0.370316 8
1.867090 -1.317096 -0.376266 8
1.813628 -1.339017 -0.385908 8
1.842405 -1.050315 -0.268156 8
1.804327 -1.003285 -0.249434 8
1.765254 -0.957111 -0.231000 8
1.728893 -0.895770 -0.206290 8
1.685525 -0.861349 -0.192541 8
1.644037 -0.815356 -0.173985 10
1.586778 -0.845111 -0.186372 10
1.532793 -0.861744 -0.193312 10
1.479297 -0.878583 -0.200263 10
1.433244 -0.853709 -0.190068 10
1.379903 -0.873302 -0.198005 10
1.329125 -0.879027 -0.200194 10
1.277392 -0.893703 -0.205979 10
1.227555 -0.896537 -0.206845 10
1.174004 -0.933518 -0.221628 10
1.125781 -0.927326 -0.218662 10
1.074212 -0.956709 -0.230203 10
1.023697 -0.981667 -0.239869 10
0.977693 -0.952262 -0.227181 10
0.929218 -0.953919 -0.227158 10
0.877077 -1.028288 -0.256906 10
0.831323 -0.986018 -0.238726 10
0.782145 -1.027214 -0.254744 10
0.734864 -1.018640 -0.250259 10
0.687581 -0.994309 -0.239223 10
0.639801 -0.945305 -0.217956 10
0.591747 -0.968634 -0.226373 10
0.544922 -1.029219 -0.250079 10
0.498038 -1.048246 -0.256619 10
0.453045 -1.104487 -0.278453 10
0.405162 -1.082911 -0.268127 10
0.359738 -1.109165 -0.277480 10
0.317801 -1.177046 -0.303994 10
0.264926 -1.096276 -0.268966 10
0.219664 -1.116293 -0.275559 10
0.179877 -1.186129 -0.302752 10
0.132188 -1.174585 -0.296156 10
0.084864 -1.168781 -0.291865 10
0.034054 -1.138876 -0.277474 10
-0.026443 -1.047464 -0.237375 10
-0.065352 -1.107894 -0.260407 10
-0.108402 -1.136648 -0.270204 10
-0.152709 -1.155747 -0.275920 10
-0.197051 -1.173385 -0.280970 10
-0.254793 -1.122425 -0.257229 10
-0.304477 -1.116144 -0.252095 10
-0.351514 -1.123433 -0.252573 10
-0.395571 -1.143876 -0.258513 10
-0.448488 -1.126690 -0.248548 10
-0.495588 -1.134963 -0.249219 10
-0.555990 -1.092949 -0.228574 10
-0.600120 -1.114556 -0.234709 10
-0.647202 -1.125079 -0.236089 10
-0.699158 -1.119319 -0.230486 10
-0.750314 -1.117524 -0.226472 10
-0.792513 -1.144880 -0.234784 10
-0.854310 -1.112000 -0.217342 10
-0.902743 -1.121372 -0.217820 10
-0.983056 -1.040874 -0.179727 10
-1.035311 -1.043354 -0.177014 10
-1.083262 -1.058112 -0.179485 10
-1.124663 -1.089854 -0.189197 10
-1.201509 -1.032146 -0.160247 10
-1.248080 -1.052263 -0.164757 10
-1.314774 -1.024823 -0.148579 10
-1.453633 -0.834494 -0.061460 10
-1.492321 -0.878990 -0.076123 10
-1.543021 -0.896140 -0.078820 10
-1.553107 -0.999328 -0.119079 10
-1.617717 -0.986038 -0.108346 10
-1.661597 -1.016116 -0.116530 9
-1.728647 -1.000470 -0.104501 9
-1.789693 -0.998166 -0.098205 9
-1.863230 -0.973846 -0.082018 9
-1.841618 -1.124735 -0.143485 9
-1.818209 -1.272838 -0.203942 9
-1.879098 -1.269088 -0.196790 9
-1.930415 -1.282823 -0.197328 9
-1.762560 -1.659632 -0.360924 9
-1.842958 -1.619157 -0.337311 9
-1.929202 -1.572289 -0.310563 9
-1.964888 -1.606726 -0.320419 9
-2.013492 -1.621214 -0.321156 9
-2.076231 -1.615258 -0.312458 9
-2.152651 -1.590858 -0.295146 9
-2.241161 -1.551490 -0.270724 9
-2.311214 -1.540530 -0.259120 9
-2.349922 -1.573771 -0.267771 9
-2.410063 -1.578319 -0.263037 9
2.475962 -1.295377 -0.293120 8
2.426490 -1.289909 -0.292572 8
2.354997 -1.340216 -0.315727 8
2.299948 -1.352147 -0.322406 8
2.242968 -1.370918 -0.331905 8
2.213577 -1.316157 -0.310025 8
2.155347 -1.340452 -0.321707 8
2.103403 -1.348923 -0.326570 8
2.059919 -1.333299 -0.321119 8
1.996669 -1.379458 -0.341810 8
1.939741 -1.409374 -0.355514 8
1.897316 -1.393561 -0.349747 8
1.857126 -1.369592 -0.340455 8
1.804306 -1.390608 -0.350147 8
1.845620 -1.057079 -0.209690 8
1.794845 -1.060143 -0.211678 8
1.754751 -1.020254 -0.195418 8
1.733068 -0.897846 -0.144196 8
1.688687 -0.867525 -0.131850 8
1.631445 -0.896494 -0.144492 10
1.582903 -0.885782 -0.140280 10
1.536754 -0.862102 -0.130512 10
1.481807 -0.886154 -0.140834 10
1.430217 -0.894112 -0.144279 10
1.384640 -0.865638 -0.132253 10
1.340405 -0.824803 -0.114926 10
1.291963 -0.809714 -0.108399 10
1.238217 -0.835583 -0.119101 10
1.170440 -0.989888 -0.184016 10
1.128381 -0.928609 -0.157741 10
1.072610 -1.001294 -0.188025 10
1.021403 -1.038208 -0.203121 10
0.974134 -1.032442 -0.200096 10
0.927108 -1.021804 -0.194933 10
0.881191 -0.986558 -0.179275 10
0.830618 -1.046540 -0.203866 10
0.782413 -1.071504 -0.213566 10
0.734947 -1.086869 -0.219134 10
0.688086 -1.076315 -0.213641 10
0.641030 -1.000046 -0.180178 10
0.593380 -1.022407 -0.188490 10
0.546677 -1.069394 -0.207203 10
0.500695 -1.109038 -0.222746 10
0.452774 -1.082292 -0.209987 10
0.407751 -1.123557 -0.226100 10
0.360323 -1.112887 -0.220030 10
0.313247 -1.111014 -0.217631 10
0.270732 -1.165736 -0.239317 10
0.222697 -1.149685 -0.230727 10
0.183344 -1.221698 -0.259715 10
0.135744 -1.208918 -0.252383 10
0.087374 -1.192967 -0.243606 10
0.029881 -1.112719 -0.207152 10
-0.018531 -1.107424 -0.202737 10
-0.061222 -1.140420 -0.214701 10
-0.102760 -1.177032 -0.228175 10
-0.151312 -1.170558 -0.223036 10
-0.194408 -1.194753 -0.231044 10
-0.252268 -1.142886 -0.206127 10
-0.290845 -1.189347 -0.223616 10
-0.342943 -1.170739 -0.212880 10
-0.398848 -1.138306 -0.196037 10
-0.439402 -1.173161 -0.208308 10
-0.504147 -1.110246 -0.177983 10
-0.553162 -1.113115 -0.176160 10
-0.590127 -1.160519 -0.193696 10
-0.647169 -1.134991 -0.179310 10
-0.706241 -1.105486 -0.163052 10
-0.763370 -1.085382 -0.150779 10
-0.808523 -1.105112 -0.155890 10
-0.864671 -1.091251 -0.146138 10
-0.927364 -1.060189 -0.128674 10
-0.993854 -1.021410 -0.107642 10
-1.040783 -1.039570 -0.111661 10
-1.075526 -1.089893 -0.129881 10
-1.146412 -1.045336 -0.105882 10
-1.189450 -1.073848 -0.114259 10
-1.255549 -1.045914 -0.097362 10
-1.366626 -0.914801 -0.034101 10
-1.418735 -0.926865 -0.034703 10
-1.483389 -0.911451 -0.022847 10
-1.513253 -0.973263 -0.045650 10
-1.563488 -0.989989 -0.048083 10
-1.650219 -0.932013 -0.016578 10
-1.692673 -0.966689 -0.026893 10
-1.748620 -0.974434 -0.024888 9
-1.836627 -0.921927 0.004750 9
-1.860426 -0.992316 -0.021610 9
-1.830416 -1.157995 -0.091757 9
-1.793294 -1.329574 -0.164906 9
-1.803396 -1.412675 -0.197509 9
-1.797555 -1.519950 -0.241394 9
-1.837380 -1.548102 -0.248675 9
-1.898293 -1.542060 -0.239958 9
-1.979922 -1.504715 -0.216441 9
-2.040518 -1.502537 -0.209152 9
-2.099347 -1.504234 -0.203524 9
-2.136736 -1.538615 -0.213173 9
-2.178437 -1.566440 -0.219662 9
-2.256775 -1.542483 -0.201453 9
-2.318640 -1.543475 -0.194895 9
-2.375750 -1.552044 -0.191791 9
-2.404840 -1.598590 -0.206794 9
2.415414 -1.333843 -0.250834 8
2.357656 -1.350530 -0.260097 8
2.303903 -1.358917 -0.265599 8
2.255501 -1.354621 -0.265427 8
2.202062 -1.364768 -0.271512 8
2.145868 -1.384301 -0.281620 8
2.097038 -1.384610 -0.283196 8
2.037132 -1.419274 -0.299743 8
1.997742 -1.393263 -0.289609 8
1.947807 -1.400393 -0.293912 8
1.888756 -1.439577 -0.312150 8
1.855740 -1.391911 -0.292317 8
1.795145 -1.441357 -0.314860 8
1.824455 -1.156095 -0.191110 8
1.789116 -1.101912 -0.168273 8
1.752446 -1.049282 -0.146048 8
1.726332 -0.947153 -0.102159 8
1.675002 -0.950046 -0.104018 8
1.624879 -0.948466 -0.103840 10
1.581675 -0.913023 -0.088815 10
1.528753 -0.925986 -0.094811 10
1.481180 -0.911460 -0.088740 10
1.431558 -0.908281 -0.087531 10
1.372083 -0.968394 -0.113820 10
1.324447 -0.957315 -0.109002 10
1.276880 -0.944959 -0.103546 10
1.231438 -0.914545 -0.090137 10
1.179466 -0.936353 -0.099406 10
1.131191 -0.928103 -0.095491 10
1.071064 -1.045022 -0.146070 10
1.021506 -1.065646 -0.154596 10
0.973600 -1.070518 -0.156175 10
0.928016 -1.040964 -0.142654 10
0.882453 -1.000256 -0.124176 10
0.833712 -1.015988 -0.130252 10
0.784552 -1.056230 -0.146962 10
0.736623 -1.078903 -0.155929 10
0.689186 -1.100685 -0.164437 10
0.642214 -1.101976 -0.163910 10
0.595127 -1.089330 -0.157203 10
0.549228 -1.149487 -0.182304 10
0.503382 -1.171291 -0.190548 10
0.454822 -1.116525 -0.165134 10
0.405246 -1.064957 -0.141009 10
0.360610 -1.111727 -0.159975 10
0.312156 -1.092894 -0.150046 10
0.263443 -1.076565 -0.141122 10
0.219447 -1.115501 -0.156448 10
0.174356 -1.136865 -0.163975 10
0.132066 -1.179755 -0.180939 10
0.087797 -1.200369 -0.188016 10
0.038833 -1.183870 -0.178614 10
-0.009631 -1.174076 -0.172081 10
-0.058126 -1.166291 -0.166343 10
-0.108542 -1.148872 -0.156235 10
-0.154272 -1.160838 -0.159080 10
-0.202175 -1.160801 -0.156509 10
-0.245990 -1.182212 -0.163406 10
-0.296771 -1.169109 -0.154839 10
-0.344763 -1.170843 -0.152794 10
-0.398454 -1.148699 -0.139976 10
-0.453125 -1.125430 -0.126530 10
-0.505497 -1.114170 -0.118347 10
-0.550465 -1.132790 -0.123484 10
-0.593941 -1.156266 -0.130736 10
-0.657944 -1.107247 -0.105226 10
-0.703439 -1.124997 -0.109707 10
-0.741865 -1.165274 -0.124310 10
-0.815386 -1.094164 -0.088367 10
-0.879320 -1.057787 -0.067977 10
-0.931925 -1.057813 -0.063985 10
-0.973818 -1.089005 -0.074096 10
-1.031865 -1.075156 -0.063568 10
-1.087720 -1.068962 -0.056405 10
-1.148735 -1.050931 -0.043680 10
-1.191910 -1.079351 -0.052165 10
-1.310263 -0.925637 0.023369 10
-1.348249 -0.970225 0.007734 10
-1.424520 -0.926093 0.033217 10
-1.454893 -0.987265 0.010048 10
-1.543218 -0.921142 0.046111 10
-1.587053 -0.953112 0.036703 10
-1.656757 -0.931574 0.052386 10
-1.717954 -0.929230 0.059265 10
-1.751555 -0.981821 0.040467 9
-1.870704 -0.870648 0.098897 10
-1.831022 -1.060056 0.015655 9
-1.844474 -1.145557 -0.018671 9
-1.774628 -1.375084 -0.121573 9
-1.828533 -1.381836 -0.118710 9
-1.791889 -1.541749 -0.188994 9
-1.864749 -1.515394 -0.170200 9
-1.915413 -1.526979 -0.169439 9
-2.001259 -1.483858 -0.142126 9
-2.023122 -1.542066 -0.163624 9
-2.070898 -1.559908 -0.165513 9
-2.127458 -1.565190 -0.161160 9
-2.192805 -1.558741 -0.150903 9
-2.256228 -1.556428 -0.142477 9
-2.319309 -1.555852 -0.134712 9
-2.360544 -1.585961 -0.141952 9
2.397616 -1.513186 -0.269201 8
2.368800 -1.463305 -0.248651 8
2.329398 -1.437702 -0.239091 8
2.290491 -1.410233 -0.228609 8
2.227789 -1.444768 -0.246187 8
2.186105 -1.425252 -0.239138 8
2.129561 -1.447151 -0.250767 8
2.103444 -1.383104 -0.223394 8
2.036418 -1.438436 -0.249951 8
2.004312 -1.390034 -0.229512 8
1.944788 -1.427378 -0.247726 8
1.899654 -1.420329 -0.245798 8
1.855495 -1.410252 -0.242421 8
1.788138 -1.484081 -0.276774 8
1.786405 -1.318005 -0.202947 8
1.786998 -1.129341 -0.118939 8
1.747459 -1.089256 -0.101779 8
1.711283 -1.031926 -0.076785 8
1.685187 -0.924550 -0.029214 10
1.633775 -0.926991 -0.030950 10
1.586558 -0.909751 -0.023747 10
1.532851 -0.925738 -0.031387 10
1.470697 -0.991789 -0.061424 10
1.416882 -1.017650 -0.073309 10
1.366109 -1.028673 -0.078440 10
1.321429 -1.000831 -0.066027 10
1.274913 -0.983062 -0.058051 10
1.230505 -0.946559 -0.041573 10
1.178122 -0.973369 -0.053444 10
1.126673 -0.997608 -0.064075 10
1.074788 -1.032788 -0.079538 10
1.029856 -0.995006 -0.062132 10
0.978750 -1.031258 -0.077911 10
0.932835 -0.998364 -0.062522 10
0.882954 -1.028497 -0.075387 10
0.835246 -1.023179 -0.072223 10
0.786550 -1.046225 -0.081740 10
0.737638 -1.102421 -0.106110 10
0.690595 -1.097393 -0.102833 10
0.643443 -1.101196 -0.103449 10
0.596269 -1.095174 -0.099550 10
0.549823 -1.132656 -0.115199 10
0.503205 -1.139652 -0.117015 10
0.456400 -1.139293 -0.115425 10
0.409404 -1.136210 -0.112517 10
0.360377 -1.102062 -0.095459 10
0.315904 -1.141872 -0.111795 10
0.269036 -1.143450 -0.110738 10
0.226887 -1.196287 -0.132859 10
0.175380 -1.148856 -0.109387 10
0.129928 -1.164164 -0.114314 10
0.079500 -1.137809 -0.100200 10
0.033340 -1.148046 -0.102646 10
-0.007910 -1.191368 -0.120105 10
-0.063038 -1.140951 -0.094702 10
-0.115103 -1.116199 -0.080888 10
-0.158233 -1.145590 -0.091743 10
-0.202854 -1.164632 -0.097794 10
-0.255207 -1.143726 -0.085431 10
-0.300182 -1.160995 -0.090496 10
-0.344298 -1.181367 -0.096915 10
-0.401179 -1.145695 -0.077420 10
-0.452630 -1.136515 -0.070010 10
-0.492112 -1.176209 -0.085090 10
-0.543505 -1.168564 -0.078194 10
-0.610639 -1.105459 -0.045446 10
-0.652402 -1.136521 -0.056266 10
-0.692557 -1.171583 -0.068891 10
-0.776051 -1.065181 -0.015468 10
-0.828180 -1.064911 -0.011355 10
-0.871735 -1.091410 -0.019663 10
-0.924289 -1.090985 -0.015269 10
-1.013647 -0.988166 0.037387 10
-1.059497 -1.011249 0.031045 10
-1.094143 -1.063462 0.011029 10
-1.148890 -1.062160 0.016355 10
-1.235296 -0.983440 0.058525 10
-1.283844 -1.001496 0.054997 10
-1.349309 -0.980004 0.070406 10
-1.402587 -0.988497 0.071682 10
-1.483145 -0.937252 0.101678 10
-1.560445 -0.896858 0.126733 10
-1.608215 -0.921607 0.120689 10
-1.683720 -0.889568 0.142134 10
-1.736430 -0.905654 0.140535 9
-1.797353 -0.906153 0.146614 9
-1.834577 -0.952624 0.130489 9
-1.867066 -1.006741 0.110669 9
-1.834546 -1.176537 0.034255 9
-1.821883 -1.304525 -0.021970 9
-1.753911 -1.522651 -0.122794 9
-1.753072 -1.619169 -0.164068 9
-1.844255 -1.561483 -0.129080 9
-1.925488 -1.523412 -0.103491 9
-1.993165 -1.509370 -0.089591 9
-2.035575 -1.535765 -0.095706 9
-2.106420 -1.519531 -0.080321 9
-2.155311 -1.537317 -0.081841 9
-2.207192 -1.551206 -0.081265 9
-2.269768 -1.550657 -0.073214 9
-2.373019 -1.495441 -0.037091 9
2.384642 -1.441895 -0.178710 8
2.311766 -1.498074 -0.207377 8
2.257334 -1.511619 -0.215907 8
2.234031 -1.445177 -0.186892 8
2.209781 -1.378013 -0.157500 8
2.166016 -1.362027 -0.151968 8
2.085625 -1.451835 -0.195707 8
2.044879 -1.430179 -0.187312 8
1.990339 -1.450623 -0.198444 8
1.950410 -1.426583 -0.188761 8
1.911413 -1.398548 -0.177141 8
1.849160 -1.449689 -0.202241 8
1.796892 -1.469920 -0.212860 8
1.762734 -1.424869 -0.193071 8
1.785619 -1.153848 -0.068374 8
1.742011 -1.130966 -0.058777 8
1.718600 -1.020552 -0.008519 8
1.690016 -0.923500 0.035602 10
1.643268 -0.903100 0.044287 10
1.589656 -0.915580 0.037840 10
1.536770 -0.926646 0.032150 10
1.479682 -0.963370 0.014685 10
1.429788 -0.963194 0.014398 10
1.381104 -0.956328 0.017302 10
1.328865 -0.973470 0.009194 10
1.272892 -1.021418 -0.013070 10
1.230550 -0.970766 0.010375 10
1.177611 -1.003072 -0.004465 10
1.125508 -1.034865 -0.018976 10
1.078000 -1.026339 -0.014740 10
1.029908 -1.023552 -0.013068 10
0.980755 -1.035210 -0.017989 10
0.927812 -1.111132 -0.052580 10
0.881666 -1.090216 -0.042244 10
0.833839 -1.099299 -0.045712 10
0.786152 -1.110867 -0.050244 10
0.738906 -1.114344 -0.050937 10
0.692047 -1.091682 -0.039414 10
0.644707 -1.079434 -0.032623 10
0.597179 -1.075079 -0.029400 10
0.550957 -1.142338 -0.059367 10
0.503658 -1.128210 -0.051431 10
0.456025 -1.113976 -0.043346 10
0.409002 -1.118368 -0.043832 10
0.358017 -1.057750 -0.013929 10
0.317583 -1.162162 -0.060870 10
0.269194 -1.144488 -0.050799 10
0.226070 -1.188275 -0.069342 10
0.174277 -1.140331 -0.044919 10
0.125807 -1.131242 -0.038552 10
0.079977 -1.145765 -0.043147 10
0.036830 -1.178738 -0.056318 10
-0.014920 -1.148846 -0.039893 10
-0.054362 -1.202506 -0.062635 10
-0.100195 -1.212010 -0.064546 10
-0.158366 -1.151959 -0.033573 10
-0.212933 -1.118749 -0.015097 10
-0.256245 -1.146421 -0.025261 10
-0.293055 -1.203049 -0.049067 10
-0.348104 -1.172645 -0.031580 10
-0.390950 -1.198537 -0.040677 10
-0.444667 -1.178341 -0.027787 10
-0.501676 -1.147882 -0.009868 10
-0.550267 -1.152610 -0.008581 10
-0.585251 -1.207074 -0.030964 10
-0.665639 -1.100549 0.023761 10
-0.721631 -1.084536 0.035367 10
-0.760077 -1.127154 0.018942 10
-0.814078 -1.119425 0.026803 10
-0.866569 -1.117733 0.031886 10
-0.916428 -1.124762 0.032881 10
-1.021032 -0.978877 0.108061 10
-1.048057 -1.053806 0.076476 10
-1.119338 -1.008750 0.103240 10
-1.170099 -1.019773 0.102893 10
-1.238986 -0.986346 0.124382 10
-1.283276 -1.014991 0.115683 10
-1.350538 -0.989468 0.133659 10
-1.410676 -0.982595 0.142662 10
-1.516201 -0.877042 0.200530 10
-1.585727 -0.855549 0.217231 10
-1.647207 -0.853138 0.224683 10
-1.698840 -0.872050 0.221699 10
-1.770870 -0.850678 0.238924 10
-1.821121 -0.873674 0.234188 9
-1.792256 -1.045959 0.154668 9
-1.858415 -1.036137 0.166441 9
-1.870855 -1.124428 0.128906 9
-1.868483 -1.235668 0.079656 9
-1.836867 -1.392928 0.006860 9
-1.790980 -1.567915 -0.075304 9
-1.885069 -1.507227 -0.037406 9
-1.920734 -1.543694 -0.048953 9
-1.972039 -1.555215 -0.047607 9
-2.036544 -1.547182 -0.036015 9
-2.085473 -1.563887 -0.037025 9
-2.157805 -1.546816 -0.020329 9
-2.212237 -1.557220 -0.017713 9
-2.290653 -1.534802 0.002278 9
-2.368851 -1.514818 0.021295 9
2.370442 -1.492704 -0.142458 8
2.358680 -1.399156 -0.099760 8
2.301499 -1.416157 -0.110435 8
2.268936 -1.370774 -0.090890 8
2.195218 -1.434549 -0.123869 8
2.139364 -1.453650 -0.135172 8
2.084650 -1.471682 -0.145835 8
2.040041 -1.461780 -0.142958 8
1.997142 -1.446824 -0.137560 8
1.932478 -1.501262 -0.165344 8
1.895756 -1.468042 -0.150985 8
1.856493 -1.441899 -0.139938 8
1.808558 -1.445628 -0.143100 8
1.755846 -1.468393 -0.155261 8
1.783088 -1.182827 -0.019976 8
1.735189 -1.178113 -0.018874 8
1.711887 -1.069205 0.032067 8
1.664736 -1.057085 0.036881 8
1.645256 -0.914852 0.103853 10
1.585482 -0.957526 0.082719 10
1.535559 -0.954561 0.083456 10
1.488372 -0.937076 0.091217 10
1.436676 -0.944882 0.087027 10
1.387290 -0.940209 0.088886 10
1.336868 -0.942806 0.087386 10
1.279774 -0.995116 0.062311 10
1.226419 -1.027750 0.046710 10
1.178528 -1.020496 0.050205 10
1.132357 -0.996554 0.061748 10
1.081396 -1.018335 0.051613 10
1.031228 -1.037143 0.042992 10
0.981994 -1.049694 0.037446 10
0.932394 -1.072999 0.026871 10
0.884617 -1.072420 0.027774 10
0.835435 -1.104995 0.012964 10
0.787881 -1.109692 0.011539 10
0.740660 -1.104891 0.014743 10
0.693491 -1.088284 0.023683 10
0.645986 -1.065610 0.035628 10
0.598536 -1.102068 0.019415 10
0.550464 -1.068413 0.036817 10
0.504017 -1.113263 0.016763 10
0.456868 -1.118416 0.015792 10
0.408371 -1.095847 0.028204 10
0.360875 -1.098172 0.028790 10
0.314613 -1.117838 0.021149 10
0.268553 -1.135820 0.014402 10
0.222867 -1.154638 0.007338 10
0.177788 -1.176361 -0.001041 10
0.121489 -1.096687 0.039522 10
0.085175 -1.191577 -0.003942 10
0.032438 -1.151219 0.017914 10
-0.013830 -1.161917 0.015233 10
-0.065421 -1.138114 0.029345 10
-0.100334 -1.217798 -0.006566 10
-0.140992 -1.256551 -0.022606 10
-0.214509 -1.118049 0.047547 10
-0.251491 -1.178153 0.021347 10
-0.301452 -1.171427 0.027743 10
-0.363205 -1.113131 0.059428 10
-0.393359 -1.196979 0.021834 10
-0.451638 -1.158848 0.043942 10
-0.497505 -1.173646 0.040272 10
-0.543468 -1.187783 0.037019 10
-0.605536 -1.143645 0.062536 10
-0.653774 -1.151824 0.062461 10
-0.713932 -1.120600 0.081954 10
-0.763154 -1.127758 0.082639 10
-0.820683 -1.109646 0.095966 10
-0.909547 -1.000043 0.154905 10
-0.964108 -0.997946 0.160687 10
-1.003651 -1.039003 0.145086 10
-1.057164 -1.040655 0.149234 10
-1.111679 -1.040606 0.154372 10
-1.200444 -0.954499 0.202868 10
-1.283145 -0.889516 0.241082 10
-1.334142 -0.905333 0.238837 10
-1.443518 -0.785477 0.305331 10
-1.493820 -0.807060 0.300573 10
-1.513307 -0.896403 0.261478 10
-1.573285 -0.895382 0.268372 10
-1.647752 -0.865344 0.290270 10
-1.716497 -0.849624 0.305088 9
-1.794294 -0.817959 0.328326 10
-1.813225 -0.902602 0.291889 9
-1.787412 -1.068406 0.213421 9
-1.831968 -1.098165 0.205170 9
-1.855909 -1.164563 0.177952 9
-1.879466 -1.229635 0.151396 9
-1.899412 -1.298972 0.122577 9
-1.846936 -1.487015 0.031358 9
-1.870558 -1.543590 0.008954 9
-1.939751 -1.526141 0.025687 9
-2.008145 -1.511825 0.041017 9
-2.106036 -1.454373 0.079582 9
-2.157252 -1.470072 0.079467 9
-2.255779 -1.417369 0.116217 9
-2.351173 -1.372593 0.149136 9
-2.370038 -1.437647 0.123063 9
-2.436744 -1.435897 0.133226 9
2.409119 -1.417302 -0.044080 8
2.340530 -1.460833 -0.068571 8
2.307222 -1.418807 -0.050327 8
2.252143 -1.431862 -0.059378 8
2.192197 -1.459790 -0.075674 8
2.133993 -1.485648 -0.090795 8
2.082069 -1.496158 -0.098175 8
2.037065 -1.487785 -0.096091 8
1.981547 -1.512032 -0.110023 8
1.945112 -1.478220 -0.095158 8
1.900543 -1.469638 -0.092660 8
1.849521 -1.483431 -0.101090 8
1.797344 -1.503352 -0.112421 8
1.777842 -1.404423 -0.065133 8
1.775056 -1.233080 0.017816 8
1.739317 -1.180718 0.042278 8
1.742431 -0.959758 0.149661 8
1.685278 -0.986059 0.135616 8
1.637398 -0.972715 0.141158 10
1.582762 -0.992163 0.130715 10
1.539310 -0.956651 0.147349 10
1.484637 -0.979685 0.135374 10
1.437215 -0.964148 0.142425 10
1.382278 -0.994436 0.127120 10
1.334664 -0.981014 0.133350 10
1.283904 -0.989166 0.129115 10
1.238519 -0.957680 0.144410 10
1.187339 -0.970793 0.137960 10
1.131184 -1.034014 0.107062 10
1.083022 -1.029096 0.109658 10
1.031505 -1.063039 0.093314 10
0.982073 -1.079718 0.085532 10
0.933865 -1.083872 0.083991 10
0.884813 -1.106154 0.073662 10
0.838640 -1.074204 0.090036 10
0.789191 -1.121727 0.067522 10
0.743113 -1.065585 0.095989 10
0.695118 -1.071184 0.094258 10
0.647219 -1.091483 0.085404 10
0.599837 -1.122919 0.071168 10
0.552302 -1.113022 0.077354 10
0.504788 -1.111660 0.079448 10
0.459420 -1.165095 0.054652 10
0.411359 -1.144319 0.066509 10
0.365266 -1.163609 0.058718 10
0.317933 -1.160884 0.061889 10
0.270271 -1.155747 0.066359 10
0.225389 -1.182540 0.055145 10
0.176359 -1.164716 0.066106 10
0.133816 -1.207863 0.046969 10
0.080858 -1.161188 0.072466 10
0.034047 -1.168069 0.071518 10
-0.009260 -1.198800 0.058811 10
-0.068519 -1.124657 0.098400 10
-0.101024 -1.220362 0.053512 10
-0.162279 -1.144446 0.094290 10
-0.212454 -1.136603 0.101256 10
-0.245359 -1.216734 0.064308 10
-0.290183 -1.233091 0.059334 10
-0.348510 -1.187991 0.085309 10
-0.403831 -1.160960 0.102386 10
-0.441131 -1.211056 0.080780 10
-0.508745 -1.139080 0.120801 10
-0.553998 -1.157929 0.115169 10
-0.590255 -1.208574 0.093532 10
-0.653737 -1.162085 0.121197 10
-0.731521 -1.072492 0.170984 10
-0.760601 -1.146512 0.137777 10
-0.853243 -1.019813 0.206954 10
-0.896901 -1.049012 0.196838 10
-0.961775 -1.016087 0.218627 10
-0.992995 -1.080201 0.190815 10
-1.045656 -1.083359 0.194369 10
-1.155859 -0.936821 0.275259 10
-1.230777 -0.889727 0.305253 10
-1.285218 -0.896897 0.307406 10
-1.387781 -0.789770 0.369071 10
-1.467364 -0.743188 0.399656 10
-1.519226 -0.762890 0.395936 10
-1.587865 -0.745848 0.411575 10
-1.694672 -0.649387 0.469125 10
-1.731385 -0.704911 0.447155 10
-1.787788 -0.718887 0.447141 10
-1.832622 -0.756178 0.434939 9
-1.902206 -0.745206 0.448443 9
-1.908379 -0.854921 0.397919 9
-1.872058 -1.038245 0.307918 9
-1.823710 -1.235416 0.210082 9
-1.889084 -1.226170 0.222736 9
-1.788610 -1.500773 0.082512 9
-1.853184 -1.489395 0.096273 9
-1.892812 -1.520157 0.087387 9
-1.973620 -1.485269 0.114370 9
-2.039180 -1.476730 0.127285 9
-2.097346 -1.480932 0.133455 9
-2.204471 -1.413461 0.179333 9
-2.258078 -1.427790 0.180465 9
-2.325618 -1.422920 0.192438 9
-2.449342 -1.341412 0.247425 9
-2.458076 -1.420992 0.212810 9
2.377061 -1.510555 -0.029383 8
2.343726 -1.470051 -0.011600 8
2.293862 -1.469663 -0.014288 8
2.234364 -1.495205 -0.030111 8
2.184029 -1.498793 -0.034561 8
2.137814 -1.492165 -0.033670 8
2.090131 -1.490222 -0.035053 8
2.047906 -1.472951 -0.028513 8
1.981796 -1.528435 -0.058876 8
1.944458 -1.497681 -0.045248 8
1.907036 -1.465804 -0.030963 8
1.866775 -1.442061 -0.020717 8
1.822689 -1.430916 -0.016762 8
1.769719 -1.452623 -0.029338 8
1.766446 -1.285340 0.053860 8
1.747821 -1.165879 0.112873 8
1.710733 -1.114107 0.137715 8
1.703068 -0.928065 0.230479 10
1.648253 -0.943273 0.221645 10
1.608410 -0.887760 0.248635 10
1.548960 -0.928443 0.227187 10
1.501861 -0.907252 0.237081 10
1.452482 -0.897669 0.241233 10
1.381406 -1.022645 0.177669 10
1.336222 -0.994041 0.191653 10
1.277400 -1.059799 0.158193 10
1.236837 -0.995646 0.190316 10
1.182378 -1.038501 0.168629 10
1.131375 -1.058650 0.158497 10
1.083963 -1.047099 0.164450 10
1.037815 -1.019010 0.178849 10
0.985465 -1.065937 0.155553 10
0.935686 -1.089587 0.144094 10
0.889536 -1.056867 0.161167 10
0.838983 -1.109355 0.135378 10
0.791624 -1.100596 0.140586 10
0.744037 -1.094646 0.144490 10
0.696695 -1.060191 0.162902 10
0.648411 -1.137380 0.125031 10
0.600906 -1.116378 0.136870 10
0.553399 -1.119265 0.136747 10
0.507887 -1.188309 0.103247 10
0.458973 -1.137271 0.130632 10
0.409712 -1.101504 0.150424 10
0.363469 -1.128194 0.138673 10
0.317675 -1.154169 0.127377 10
0.274410 -1.205031 0.103524 10
0.223600 -1.164113 0.126416 10
0.174694 -1.150842 0.135386 10
0.131616 -1.191890 0.116802 10
0.085955 -1.206175 0.111942 10
0.036614 -1.191996 0.121719 10
-0.012447 -1.182709 0.129128 10
-0.065232 -1.151912 0.147677 10
-0.104089 -1.208858 0.121408 10
-0.154826 -1.193414 0.132339 10
-0.204888 -1.184212 0.140204 10
-0.254234 -1.180496 0.145380 10
-0.292211 -1.231793 0.122328 10
-0.358528 -1.151691 0.167158 10
-0.410470 -1.141584 0.176050 10
-0.456453 -1.157675 0.171520 10
-0.497666 -1.191941 0.157663 10
-0.581576 -1.064524 0.227908 10
-0.618821 -1.115910 0.205428 10
-0.703391 -1.001006 0.269730 10
-0.746832 -1.032286 0.258001 10
-0.788633 -1.067518 0.244283 10
-0.864000 -0.997756 0.285730 10
-0.933331 -0.951793 0.314962 10
-0.982066 -0.969193 0.311063 10
-1.045960 -0.944322 0.329602 10
-1.131402 -0.864057 0.377680 10
-1.138269 -0.994873 0.314134 10
-1.262045 -0.823067 0.411355 10
-1.369987 -0.701419 0.482450 10
-1.449361 -0.656049 0.513283 10
-1.516947 -0.641705 0.527801 10
-1.547088 -0.713585 0.496229 10
-1.620509 -0.687997 0.517143 10
-1.686168 -0.681494 0.528021 10
-1.756611 -0.666613 0.543656 10
-1.834928 -0.637816 0.567102 9
-1.913110 -0.611982 0.589237 9
-1.922846 -0.719940 0.538555 9
-1.912069 -0.862151 0.468950 9
-1.925454 -0.954568 0.426455 9
-1.918088 -1.080682 0.365257 9
-1.892962 -1.232856 0.289390 9
-1.894031 -1.334611 0.241176 9
-1.882906 -1.453007 0.183511 9
-1.946244 -1.446540 0.195441 9
-1.990884 -1.471086 0.190204 9
-2.045601 -1.480087 0.193849 9
-2.091365 -1.503383 0.189599 9
-2.141158 -1.520858 0.188786 9
-2.300060 -1.380900 0.277893 9
-2.381069 -1.358437 0.300634 9
-2.408626 -1.412205 0.279921 9
2.375633 -1.530858 0.021805 8
2.333779 -1.511372 0.028874 8
2.294272 -1.485782 0.039267 8
2.229786 -1.524111 0.016117 8
2.194194 -1.488794 0.031864 8
2.148649 -1.479516 0.034026 8
2.099485 -1.480856 0.030739 8
2.055974 -1.466594 0.035753 8
2.015341 -1.443491 0.045503 8
1.968288 -1.439902 0.045156 8
1.904609 -1.491407 0.016160 8
1.864591 -1.467356 0.026755 8
1.816360 -1.471333 0.022839 8
1.750091 -1.542991 -0.016205 8
1.764941 -1.310066 0.103447 8
1.721935 -1.289412 0.112646 8
1.709926 -1.137563 0.190143 8
1.693889 -0.989615 0.265643 8
1.648181 -0.964915 0.277195 10
1.599036 -0.955321 0.281022 10
1.547559 -0.957650 0.278787 10
1.503081 -0.923062 0.295820 10
1.449259 -0.939285 0.286628 10
1.403058 -0.911526 0.300359 10
1.350768 -0.921139 0.294844 10
1.284501 -1.032918 0.236529 10
1.235328 -1.032147 0.236648 10
1.188528 -1.012211 0.246813 10
1.140192 -1.003514 0.251277 10
1.085972 -1.054233 0.225086 10
1.034694 -1.084462 0.209624 10
0.984292 -1.112561 0.195378 10
0.937044 -1.102638 0.200946 10
0.893089 -1.030053 0.239109 10
0.847460 -0.961547 0.275294 10
0.793750 -1.089519 0.209730 10
0.745745 -1.090086 0.210331 10
0.697398 -1.119263 0.196200 10
0.649783 -1.098421 0.208145 10
0.602335 -1.151284 0.181925 10
0.554467 -1.123572 0.197677 10
0.507063 -1.132344 0.194585 10
0.459405 -1.131037 0.196851 10
0.410575 -1.107983 0.210564 10
0.362094 -1.099499 0.216818 10
0.310873 -1.056282 0.241320 10
0.269554 -1.145213 0.196977 10
0.220912 -1.136052 0.203940 10
0.174372 -1.149943 0.198972 10
0.123775 -1.126689 0.213564 10
0.078666 -1.152176 0.202751 10
0.028560 -1.137783 0.212964 10
-0.016675 -1.159615 0.204283 10
-0.069091 -1.133783 0.220778 10
-0.116758 -1.140409 0.220334 10
-0.180014 -1.060171 0.265832 10
-0.226805 -1.076676 0.260472 10
-0.272871 -1.095937 0.253762 10
-0.331627 -1.054316 0.279411 10
-0.378666 -1.070278 0.274709 10
-0.429212 -1.070720 0.278366 10
-0.462629 -1.141891 0.244507 10
-0.519649 -1.115833 0.262510 10
-0.590873 -1.039894 0.307352 10
-0.641480 -1.044938 0.309142 10
-0.699889 -1.023726 0.325149 10
-0.799463 -0.868820 0.413180 10
-0.868141 -0.824844 0.441978 10
-0.913398 -0.857086 0.429918 10
-0.949635 -0.914942 0.404103 10
-1.025019 -0.857645 0.440705 10
-1.083534 -0.851980 0.449577 10
-1.151083 -0.823486 0.471059 10
-1.199907 -0.846587 0.464644 10
-1.327237 -0.671314 0.566827 10
-1.906571 -0.077658 0.931482 9
-1.967512 -0.098183 0.928762 9
-1.965384 -0.249327 0.853430 9
-1.940410 -0.439938 0.755786 9
-1.903521 -0.645474 0.649369 9
-1.921325 -0.737363 0.606379 9
-1.853066 -0.986391 0.474653 9
-1.897609 -1.019310 0.464548 9
-1.909617 -1.109573 0.421987 9
-1.827829 -1.359213 0.288504 9
-1.812052 -1.486621 0.224146 9
-2.116401 -1.080350 0.465697 9
-1.924676 -1.494603 0.236671 9
-1.978404 -1.504072 0.240082 9
-2.026596 -1.522791 0.238321 9
-2.086014 -1.524905 0.246387 9
-2.147681 -1.524772 0.256003 9
-2.302572 -1.391406 0.344102 9
-2.357200 -1.406446 0.345611 9
-2.514509 -1.373413 0.386769 9
2.406653 -1.474832 0.114626 8
2.352259 -1.483673 0.106317 8
2.278144 -1.543252 0.070663 8
2.246576 -1.497992 0.091999 8
2.189804 -1.517724 0.078274 8
2.142154 -1.514683 0.077011 8
2.097375 -1.504247 0.079868 8
2.062648 -1.464580 0.098591 8
2.007761 -1.484187 0.085512 8
1.973730 -1.440606 0.106545 8
1.923859 -1.446329 0.101193 8
1.854846 -1.518243 0.060476 8
1.800646 -1.544660 0.044338 8
1.771359 -1.482801 0.075613 8
1.742652 -1.414298 0.110514 8
1.738164 -1.243798 0.200013 8
1.704239 -1.181447 0.231737 8
1.690337 -1.026185 0.313153 8
1.629743 -1.071235 0.287718 8
1.617808 -0.885913 0.385305 10
1.555694 -0.937964 0.356391 10
1.509427 -0.911151 0.369659 10
1.450680 -0.953968 0.345960 10
1.403923 -0.929704 0.358128 10
1.357829 -0.898597 0.374064 10
1.303006 -0.925666 0.359158 10
1.247398 -0.964220 0.338275 10
1.198066 -0.958149 0.341273 10
1.147549 -0.962742 0.338724 10
1.101117 -0.927668 0.357412 10
1.050285 -0.935354 0.353473 10
0.998658 -0.956502 0.342497 10
0.948311 -0.966083 0.337803 10
0.899154 -0.958875 0.342173 10
0.847759 -0.999067 0.321427 10
0.798261 -1.009821 0.316478 10
0.749056 -1.018850 0.312570 10
0.698986 -1.109304 0.265371 10
0.651144 -1.078831 0.282756 10
0.602772 -1.063515 0.292193 10
0.554455 -1.069384 0.290451 10
0.507246 -1.109766 0.270389 10
0.458203 -1.083538 0.286039 10
0.409799 -1.081889 0.288683 10
0.358479 -1.034007 0.316212 10
0.314430 -1.102578 0.281501 10
0.268220 -1.128097 0.269947 10
0.225227 -1.183235 0.242593 10
0.177635 -1.183607 0.244741 10
0.128461 -1.171002 0.253998 10
0.075988 -1.135127 0.275929 10
0.027817 -1.137474 0.277427 10
-0.019346 -1.147261 0.275036 10
-0.075986 -1.096535 0.305472 10
-0.124104 -1.103825 0.304716 10
-0.178945 -1.073725 0.324348 10
-0.218439 -1.128603 0.298046 10
-0.256937 -1.183384 0.271851 10
-0.336404 -1.040621 0.353230 10
-0.393670 -1.012257 0.372627 10
-0.435065 -1.055167 0.353302 10
-0.473874 -1.105673 0.329891 10
-0.551852 -1.000425 0.391876 10
-0.596006 -1.031003 0.379661 10
-0.630347 -1.095169 0.349068 10
-0.737848 -0.904105 0.459125 10
-0.795570 -0.892967 0.470422 10
-0.899147 -0.737790 0.561592 10
-0.992263 -0.626834 0.628775 10
-1.046800 -0.638924 0.628042 10
-1.058994 -0.772497 0.559823 10
-1.148259 -0.685101 0.614765 10
-2.058325 0.078244 1.116272 9
-2.012762 -0.167250 0.985228 9
-1.945903 -0.444084 0.835589 9
-1.854287 -0.756479 0.664724 9
-1.886277 -0.818770 0.637602 9
-1.960113 -0.801417 0.656694 9
-1.888891 -1.049153 0.521790 9
-1.901738 -1.137410 0.479303 9
-1.931607 -1.193255 0.455697 9
-1.917197 -1.322318 0.389037 9
-1.988132 -1.305998 0.407894 9
-1.980755 -1.417598 0.351273 9
-2.025665 -1.443086 0.345619 9
-2.070285 -1.469039 0.339823 9
-2.110313 -1.501909 0.330014 9
-2.211449 -1.444727 0.374511 9
-2.386094 -1.285609 0.481174 9
-2.436186 -1.309725 0.477716 9
-2.508656 -1.303307 0.493043 9
2.347961 -1.511377 0.154450 8
2.308909 -1.483889 0.166195 8
2.227253 -1.564846 0.117690 8
2.189451 -1.535953 0.130515 8
2.133299 -1.556208 0.116164 8
2.085642 -1.554794 0.113997 8
2.054981 -1.504629 0.138958 8
2.013616 -1.484182 0.147561 8
1.944801 -1.549077 0.109143 8
1.895238 -1.557255 0.102232 8
1.852846 -1.542794 0.107943 8
1.797621 -1.573077 0.089134 8
1.785692 -1.448675 0.155587 8
1.807175 -1.187247 0.297380 8
1.762348 -1.167181 0.306508 8
1.718252 -1.143173 0.317923 8
1.667645 -1.146215 0.314622 8
1.635800 -1.064484 0.357932 8
1.621531 -0.890106 0.452089 10
1.566429 -0.905463 0.442389 8
1.532677 -0.808295 0.494432 10
1.478744 -0.815821 0.489291 10
1.403803 -0.954012 0.412825 10
1.363497 -0.885708 0.449460 10
1.299722 -0.973632 0.400806 10
1.245466 -1.004310 0.383597 10
1.201082 -0.959288 0.407902 10
1.153770 -0.933156 0.422014 10
1.101130 -0.956326 0.409318 10
1.053672 -0.927220 0.425325 10
1.002466 -0.939531 0.418833 10
0.952612 -0.936486 0.420869 10
0.902091 -0.945198 0.416612 10
0.849243 -1.010279 0.381659 10
0.798230 -1.063364 0.353382 10
0.749035 -1.088876 0.340307 10
0.700527 -1.104597 0.332711 10
0.652560 -1.049016 0.364292 10
0.603893 -1.055995 0.361752 10
0.555577 -1.074858 0.352823 10
0.508130 -1.110684 0.334708 10
0.459847 -1.107151 0.338307 10
0.411471 -1.104166 0.341740 10
0.364774 -1.130650 0.329105 10
0.313387 -1.084743 0.356416 10
0.263973 -1.075611 0.363650 10
0.220850 -1.137063 0.332116 10
0.179507 -1.203873 0.297695 10
0.126515 -1.157423 0.325899 10
0.077343 -1.150332 0.332528 10
0.022045 -1.100317 0.363067 10
-0.028172 -1.093147 0.370063 10
-0.081673 -1.067114 0.387678 10
-0.119814 -1.136357 0.352525 10
-0.163860 -1.165269 0.339856 10
-0.206285 -1.200292 0.323880 10
-0.287166 -1.041892 0.415945 10
-0.337382 -1.044935 0.418182 10
-0.382166 -1.072896 0.406617 10
-0.413073 -1.158173 0.363010 10
-0.543786 -0.831665 0.550717 10
-0.598850 -0.828237 0.557414 10
-0.638812 -0.882261 0.531896 10
-0.682094 -0.921100 0.515009 10
-0.777037 -0.780963 0.599497 10
-0.841587 -0.752665 0.621052 10
-0.938310 -0.625409 0.699087 10
-0.993217 -0.636312 0.698936 10
-2.044682 0.032947 1.180283 9
-2.017005 -0.174487 1.068111 9
-1.949032 -0.453129 0.913400 9
-1.855417 -0.768810 0.735976 9
-1.886383 -0.833062 0.707079 9
-1.922758 -0.885331 0.685330 9
-1.988916 -0.882434 0.696641 9
-1.904686 -1.146156 0.548108 9
-1.904209 -1.254330 0.492461 9
-2.028465 -1.148930 0.565780 9
-1.892610 -1.476632 0.376893 9
-2.076113 -1.278265 0.507352 9
-2.102624 -1.336128 0.482253 9
-2.156196 -1.351141 0.483467 9
-2.202812 -1.377114 0.478127 9
-2.305220 -1.321464 0.523483 9
-2.506912 -1.127303 0.655561 9
-2.533042 -1.188820 0.629301 9
2.359922 -1.500001 0.224951 8
2.306912 -1.506339 0.217485 8
2.263536 -1.489455 0.223472 8
2.190171 -1.551414 0.184562 8
2.141304 -1.551770 0.181040 8
2.094481 -1.547349 0.180392 8
2.049859 -1.537167 0.183163 8
1.995484 -1.556522 0.169289 8
1.960540 -1.517659 0.188620 8
1.891946 -1.585574 0.147528 8
1.853103 -1.559776 0.159718 8
1.823905 -1.499146 0.191720 8
1.768753 -1.528756 0.172803 8
1.743752 -1.447506 0.216645 8
1.754213 -1.219479 0.343351 8
1.691198 -1.275667 0.309787 8
1.676255 -1.129402 0.390456 8
1.630000 -1.112181 0.398514 8
1.612899 -0.953928 0.486053 8
1.557816 -0.971769 0.474622 10
1.513451 -0.935092 0.493991 10
1.460350 -0.944721 0.487474 10
1.408850 -0.946879 0.485303 10
1.357947 -0.946438 0.484738 10
1.305153 -0.960199 0.476347 10
1.259574 -0.922388 0.497045 10
1.206217 -0.943188 0.484994 10
1.151502 -0.981390 0.463325 10
1.102933 -0.966955 0.471331 10
1.057571 -0.913782 0.501213 10
1.008370 -0.896278 0.511227 10
0.956566 -0.912945 0.502212 10
0.906238 -0.910767 0.503914 10
0.854656 -0.935980 0.490382 10
0.801937 -1.009899 0.449633 10
0.750954 -1.078319 0.412088 10
0.702510 -1.069454 0.418082 10
0.654018 -1.016599 0.448951 10
0.604917 -1.033211 0.440914 10
0.556442 -1.065583 0.424136 10
0.508115 -1.080092 0.417536 10
0.458571 -1.056887 0.432319 10
0.411409 -1.091889 0.414435 10
0.361966 -1.078099 0.424198 10
0.312321 -1.066535 0.432858 10
0.259393 -1.019048 0.461979 10
0.207611 -0.995765 0.477598 10
0.178809 -1.199405 0.364854 10
0.114123 -1.052836 0.450590 10
0.065807 -1.062863 0.447761 10
0.016837 -1.067442 0.448162 10
-0.029196 -1.092235 0.437204 10
-0.089010 -1.027433 0.477403 10
-0.147599 -0.979218 0.508388 10
-0.198663 -0.979624 0.511828 10
-0.248903 -0.985277 0.512422 10
-0.312097 -0.927231 0.549662 10
-0.370720 -0.897646 0.570833 10
-0.424851 -0.892019 0.578453 10
-0.482335 -0.873712 0.593551 10
-0.600144 -0.613839 0.748169 10
-0.579548 -0.913621 0.580159 10
-2.022425 -0.322121 1.076998 9
-2.016610 -0.470104 0.997232 9
-1.881070 -0.857725 0.770765 9
-1.909171 -0.925013 0.739336 9
-1.878549 -1.096044 0.644081 9
-1.886852 -1.191570 0.594960 9
-1.875908 -1.316750 0.527310 9
-1.951839 -1.291642 0.552795 9
-2.053898 -1.226121 0.603885 9
-2.135954 -1.196796 0.632891 9
-2.217864 -1.170262 0.660572 9
-2.280996 -1.174840 0.669035 9
-2.357081 -1.161151 0.689364 9
-2.489318 -1.067407 0.761060 9
2.323871 -1.482098 0.296381 8
2.256906 -1.523967 0.267843 8
2.189488 -1.570647 0.236728 8
2.137714 -1.578976 0.228322 8
2.108555 -1.525554 0.256210 8
2.063674 -1.514881 0.259199 8
1.996913 -1.569899 0.224004 8
1.941333 -1.595150 0.206388 8
1.900394 -1.576087 0.214748 8
1.872163 -1.513992 0.248251 8
1.831899 -1.489664 0.259891 8
1.779771 -1.507178 0.247375 8
1.737855 -1.488570 0.255964 8
1.746877 -1.268404 0.381416 8
1.721377 -1.171127 0.435693 8
1.682166 -1.124675 0.460644 8
1.644582 -1.067089 0.492146 8
1.642540 -0.834296 0.624947 8
1.578344 -0.890490 0.590945 10
1.534887 -0.843391 0.616728 10
1.493007 -0.782453 0.650623 10
1.426652 -0.862805 0.603206 10
1.377244 -0.845577 0.612207 10
1.316912 -0.903032 0.578336 10
1.270606 -0.864936 0.599667 10
1.215232 -0.895674 0.581505 10
1.162650 -0.908207 0.573983 10
1.105276 -0.972400 0.536871 10
1.058890 -0.929845 0.561369 10
1.009983 -0.908749 0.573664 10
0.959022 -0.912325 0.571904 10
0.910020 -0.883816 0.588771 10
0.857558 -0.917960 0.569705 10
0.805149 -0.972228 0.539183 10
0.754522 -1.002446 0.522652 10
0.704557 -1.032693 0.506240 10
0.655422 -1.010869 0.519999 10
0.606138 -1.033691 0.508149 10
0.556008 -0.983129 0.538811 10
0.507499 -1.027773 0.514641 10
0.460222 -1.080327 0.486014 10
0.408759 -1.027780 0.518307 10
0.358710 -1.017949 0.526058 10
0.310323 -1.035221 0.518261 10
0.256155 -0.978738 0.553381 10
0.204063 -0.958574 0.567627 10
0.149456 -0.919359 0.593122 10
0.104576 -0.973245 0.564654 10
0.059671 -1.018600 0.541245 10
0.006284 -0.995570 0.557809 10
-0.047635 -0.973305 0.574118 10
-0.092780 -1.010473 0.555874 10
-0.144127 -1.007191 0.561414 10
-0.197413 -0.994532 0.572617 10
-0.284432 -0.808160 0.685985 10
-0.351560 -0.741385 0.729534 10
-0.360128 -0.956575 0.607343 10
-0.415594 -0.942903 0.619906 10
-2.027428 -0.464837 1.085897 9
-1.931095 -0.777902 0.900248 9
-1.971790 -0.824299 0.881465 9
-1.952027 -0.978274 0.794786 9
-1.926248 -1.136580 0.704953 9
-1.983515 -1.146474 0.709130 9
-1.976854 -1.263877 0.644860 9
-2.074374 -1.207090 0.692017 9
2.308721 -1.537102 0.329013 8
2.256922 -1.541603 0.322164 8
2.210550 -1.533189 0.323279 8
2.168285 -1.514119 0.330958 8
2.117303 -1.519005 0.324386 8
2.059750 -1.544098 0.305871 8
1.994351 -1.595285 0.271932 8
1.944325 -1.603630 0.263862 8
1.919793 -1.531831 0.303844 8
1.884323 -1.491804 0.324923 8
1.838539 -1.485189 0.326189 8
1.772057 -1.553524 0.282970 8
1.746532 -1.474754 0.327503 8
1.724051 -1.377927 0.382836 8
1.714129 -1.221479 0.473635 8
1.677912 -1.164014 0.505703 8
1.642956 -1.095995 0.544139 8
1.626698 -0.932684 0.639155 8
1.585849 -0.875769 0.671199 8
1.531602 -0.884497 0.664513 8
1.487945 -0.835439 0.692190 10
1.433096 -0.848393 0.683330 10
1.376949 -0.872578 0.668002 10
1.325255 -0.870520 0.668356 10
1.280368 -0.817986 0.698698 10
1.233584 -0.772647 0.724939 10
1.181794 -0.764440 0.729402 10
1.137853 -0.677435 0.780570 10
1.075188 -0.779169 0.720424 10
1.020735 -0.805735 0.704838 10
0.959303 -0.944068 0.623388 10
0.909976 -0.924471 0.635382 10
0.862055 -0.866700 0.670094 10
0.810263 -0.883150 0.661111 10
0.758772 -0.902680 0.650459 10
0.708710 -0.853443 0.680633 10
0.657634 -0.794159 0.716936 10
0.605775 -0.805709 0.711496 10
0.557409 -1.001164 0.597274 10
0.507956 -1.011975 0.592517 10
0.456200 -0.959087 0.625688 10
0.405865 -0.958334 0.628116 10
0.354798 -0.946746 0.637140 10
0.293398 -0.795202 0.729536 10
0.236121 -0.734453 0.768230 10
0.183104 -0.734538 0.770928 10
0.145138 -0.880310 0.686944 10
0.081015 -0.771847 0.754673 10
0.028324 -0.774055 0.756593 10
-0.175391 -0.830448 0.737422 10
-0.230425 -0.819928 0.747816 10
-1.973347 -0.954841 0.889338 9
-1.940888 -1.125385 0.789346 9
-2.006066 -1.122516 0.802190 9
2.294561 -1.589452 0.362421 8
2.252410 -1.570730 0.369687 8
2.218634 -1.530019 0.390693 8
2.170969 -1.524886 0.389832 8
2.116247 -1.539936 0.376700 8
2.070028 -1.532587 0.377558 8
2.035006 -1.492439 0.398737 8
1.985786 -1.493984 0.394428 8
1.941072 -1.482213 0.398455 8
1.880673 -1.522432 0.370797 8
1.845462 -1.480027 0.393900 8
1.794036 -1.493205 0.383149 8
1.750567 -1.478670 0.389493 8
1.708889 -1.456772 0.400472 8
1.719518 -1.219991 0.542520 8
1.692407 -1.122941 0.599421 8
1.639918 -1.131267 0.592293 8
1.639771 -0.893398 0.735013 10
1.594592 -0.855305 0.756343 10
1.535967 -0.884984 0.736668 10
1.485090 -0.875792 0.740778 10
1.441907 -0.820248 0.773174 10
1.379943 -0.878501 0.736709 10
1.344373 -0.764258 0.805008 10
1.291745 -0.759845 0.806878 10
1.241919 -0.732881 0.822585 10
1.194848 -0.677131 0.855898 10
1.141475 -0.672742 0.858265 10
1.076453 -0.797311 0.782694 10
1.023685 -0.802722 0.779473 10
0.973714 -0.770147 0.799433 10
0.920393 -0.784293 0.791260 10
0.863310 -0.885797 0.730317 10
0.812957 -0.863360 0.744638 10
0.761764 -0.855913 0.750045 10
0.710779 -0.824607 0.770093 10
0.659215 -0.770997 0.803860 10
0.606891 -0.776772 0.801774 10
0.554261 -0.758995 0.814162 10
0.499623 -0.684709 0.861079 10
0.446322 -0.686676 0.861852 10
0.390358 -0.635410 0.895199 10
0.338365 -0.668859 0.877170 10
0.281960 -0.631523 0.902437 10
0.227003 -0.622619 0.910577 10
0.189635 -0.805578 0.801735 10
0.138140 -0.815584 0.798581 10
2.317861 -1.550457 0.453208 8
2.293925 -1.484416 0.490556 8
2.239470 -1.494132 0.479882 8
2.199750 -1.466099 0.493334 8
2.132614 -1.512842 0.459622 8
2.079073 -1.524945 0.448065 8
2.029554 -1.526971 0.443067 8
1.983383 -1.519841 0.444019 8
1.930072 -1.535787 0.430622 8
1.891848 -1.504151 0.447316 8
1.851927 -1.476740 0.461486 8
1.806881 -1.466296 0.465156 8
1.749843 -1.500530 0.441009 8
1.708218 -1.478809 0.452074 8
1.664654 -1.463883 0.459034 8
1.679110 -1.201045 0.620944 8
1.659861 -1.063559 0.704551 8
1.666581 -0.790017 0.873036 10
1.605157 -0.826282 0.848446 8
1.555895 -0.803758 0.860676 8
1.527769 -0.661151 0.947810 10
1.478048 -0.629634 0.965939 10
1.416136 -0.672624 0.937913 10
1.371638 -0.603533 0.979760 10
1.298126 -0.739843 0.894135 10
1.246633 -0.723254 0.903724 10
1.192261 -0.730039 0.898973 10
1.136173 -0.756176 0.882387 10
1.087080 -0.712696 0.909217 10
1.036638 -0.675295 0.932452 10
0.983610 -0.664583 0.939294 10
0.931363 -0.637579 0.956440 10
0.869579 -0.799758 0.856245 10
0.817089 -0.805676 0.853285 10
0.713576 -0.750562 0.889519 10
0.660632 -0.793850 0.863853 10
2.254644 -1.473402 0.561331 8
2.209211 -1.459468 0.565809 8
2.159394 -1.457636 0.562604 8
2.105688 -1.467706 0.551883 8
2.059875 -1.456239 0.555306 8
2.002247 -1.480915 0.535554 8
1.947498 -1.499286 0.520101 8
1.903463 -1.484854 0.525996 8
1.861946 -1.461616 0.537718 8
1.806624 -1.486463 0.518682 8
1.760685 -1.479602 0.520218 8
1.717145 -1.463773 0.527673 8
1.662345 -1.492997 0.506416 8
1.682210 -1.209120 0.685818 8
1.681128 -0.990904 0.823092 8
1.649263 -0.895062 0.882115 8
1.621118 -0.771152 0.959171 8
1.569564 -0.756508 0.966569 8
1.568607 -0.459313 1.154419 8
1.567521 -0.124762 1.366094 8
1.562395 0.230045 1.590698 8
2.266094 -1.462677 0.637786 8
2.218095 -1.454695 0.638261 8
2.161166 -1.471594 0.622373 8
2.107642 -1.481003 0.611704 8
2.052471 -1.496868 0.596974 8
2.003567 -1.495831 0.593668 8
1.965017 -1.463095 0.611522 8
1.921175 -1.446082 0.619126 8
1.874784 -1.437334 0.621444 8
1.820098 -1.458150 0.604459 8
1.766624 -1.477222 0.588842 8
1.710486 -1.509187 0.564962 8
1.665110 -1.501669 0.567240 8
1.691521 -1.191192 0.768505 8
1.686547 -0.989578 0.898222 8
1.637626 -0.972876 0.906775 8
1.594544 -0.926562 0.934896 8
1.567303 -0.793201 1.020127 8
1.565820 -0.501635 1.208900 8
1.572857 -0.122447 1.454938 8
1.558599 0.174284 1.647093 8
2.238532 -1.419795 0.732497 8
2.174341 -1.454661 0.703778 8
2.160876 -1.350074 0.770323 8
2.110737 -1.346016 0.768504 8
2.016880 -1.474678 0.676785 8
1.960647 -1.496072 0.658251 8
1.907632 -1.509604 0.645283 8
1.864895 -1.490404 0.654670 8
1.819703 -1.479214 0.658814 8
1.763272 -1.509256 0.635322 8
1.708875 -1.535103 0.614896 8
1.668238 -1.509091 0.629603 8
1.663799 -1.329378 0.747830 8
1.687872 -1.006659 0.962120 8
1.634663 -1.009951 0.957376 8
1.591626 -0.964748 0.985376 8
1.570243 -0.802885 1.091747 8
1.561271 -0.553622 1.256748 8
1.574679 -0.141222 1.531013 8
1.558665 0.142935 1.719396 8
2.293676 -1.430460 0.802505 8
2.261531 -1.378788 0.833284 8
2.207887 -1.382960 0.825121 8
2.152827 -1.392395 0.813524 8
2.104540 -1.383851 0.814704 8
2.045991 -1.406528 0.794364 8
1.984536 -1.440940 0.766138 8
1.923469 -1.477719 0.736553 8
1.857237 -1.535765 0.692512 8
1.817039 -1.508322 0.707939 8
1.788187 -1.438030 0.753140 8
1.700337 -1.587489 0.646713 8
1.693527 -1.428321 0.753564 8
1.643942 -1.433637 0.747060 8
1.684853 -1.042997 1.013335 8
1.633636 -1.038053 1.014067 8
1.577547 -1.057350 0.998347 8
1.576026 -0.798157 1.174122 8
1.534520 -0.727173 1.220702 8
1.568399 -0.207567 1.575175 8
-2.087848 0.290407 -1.783384 9
-1.992649 0.273575 -1.806087 9
-1.940766 0.205777 -1.792725 9
-1.855273 0.178874 -1.808498 9
-1.799508 0.115465 -1.798942 9
-1.739166 0.057433 -1.793539 9
-1.686666 -0.011248 -1.781243 9
-1.627454 -0.071677 -1.775056 9
-1.589572 -0.161900 -1.749227 9
-1.595619 -0.315672 -1.681690 9
-1.618298 -0.497937 -1.596683 9
-1.630333 -0.670431 -1.519805 9
-1.667822 -0.886616 -1.416025 9
-1.621427 -0.981357 -1.392866 9
-2.069313 0.446329 -1.743149 9
-1.979971 0.422734 -1.761239 9
-1.897381 0.392362 -1.774344 9
-1.839215 0.333341 -1.766736 9
-1.767385 0.290884 -1.771430 9
-1.710350 0.230112 -1.763260 9
-1.649483 0.173846 -1.758696 9
-1.588804 0.117078 -1.754146 9
-1.655214 -0.111214 -1.630494 9
-1.624551 -0.213697 -1.596059 9
-1.648100 -0.394777 -1.508622 9
-1.597373 -0.474788 -1.491657 9
-1.587836 -0.616687 -1.433567 9
-1.614148 -0.816632 -1.337929 9
-1.664954 -1.061055 -1.214678 9
-1.687749 -1.270227 -1.117023 9
-2.110567 0.657286 -1.712116 9
-2.056634 0.593978 -1.699773 9
-1.964663 0.573384 -1.720421 9
-1.906519 0.514945 -1.712353 9
-1.823512 0.485661 -1.726528 9
-1.767967 0.424123 -1.716727 9
-1.689991 0.389850 -1.727469 9
-1.605460 0.364574 -1.744894 9
-1.612178 0.222664 -1.677602 9
-1.765312 -0.116362 -1.469651 9
-1.664684 -0.126152 -1.500646 9
-1.590400 -0.170349 -1.507070 9
-1.656777 -0.412364 -1.374593 9
-1.589979 -0.471164 -1.372399 9
-1.637296 -0.698383 -1.254045 9
-1.605335 -0.814168 -1.214456 9
-1.638260 -1.032908 -1.105785 9
-1.626657 -1.189127 -1.041494 9
-1.654213 -1.413408 -0.933063 9
-2.150376 0.746796 -1.625715 9
-2.053222 0.730094 -1.650067 9
-1.970218 0.699265 -1.663084 9
-1.897962 0.657194 -1.667310 9
-1.840552 0.598368 -1.658687 9
-1.758879 0.567933 -1.672295 9
-1.683563 0.530727 -1.680756 9
-1.630437 0.466718 -1.669029 9
-1.651342 0.308670 -1.587109 9
-1.631404 0.198549 -1.542498 9
-1.614472 0.081828 -1.494012 9
-1.584754 -0.020594 -1.457089 9
-1.625926 -0.223053 -1.348326 9
-2.273673 -1.287504 -0.619911 9
-1.657188 -0.575191 -1.174781 9
-1.689677 -0.784700 -1.066898 9
-1.688660 -0.950885 -0.991625 9
-1.624537 -1.024847 -0.982344 9
-1.698818 -1.318539 -0.821457 9
-1.728013 -1.550655 -0.705893 9
-2.088929 0.823701 -1.567615 9
-2.016315 0.780634 -1.571127 9
-1.925390 0.758285 -1.591558 9
-1.841485 0.729313 -1.606541 9
-1.757856 0.701035 -1.622047 9
-1.674821 0.673077 -1.637774 9
-1.608195 0.626319 -1.638750 9
-1.627705 0.473406 -1.557484 9
-1.639442 0.325737 -1.481842 9
-1.612455 0.223693 -1.442567 9
-1.588483 0.115388 -1.399466 9
-1.599740 -0.043007 -1.319704 9
-1.579354 -0.162621 -1.270459 9
-1.526873 -0.240053 -1.253524 9
-1.526865 -0.394398 -1.180781 9
-1.568130 -0.614463 -1.061757 9
-1.683028 -0.953688 -0.859057 9
-1.732227 -1.204772 -0.723116 9
-1.706319 -1.346228 -0.667601 9
-2.204839 1.071640 -1.537033 9
-2.226237 0.933053 -1.457914 9
-2.084390 0.959958 -1.521339 9
-1.980496 0.950219 -1.552899 9
-1.951684 0.861141 -1.517635 9
-1.869638 0.829328 -1.530728 9
-1.788281 0.797648 -1.543909 9
-1.690642 0.785673 -1.573175 9
-1.627870 0.734289 -1.570246 9
-1.649619 0.580889 -1.485640 9
-1.591710 0.521168 -1.477300 9
-1.590471 0.389581 -1.412569 9
-1.684489 0.131490 -1.250055 9
-1.530086 0.191693 -1.337805 9
-1.550192 0.021602 -1.246936 10
-1.458437 0.000437 -1.271667 10
-1.438808 -0.121154 -1.220181 10
-1.384892 -0.196481 -1.204632 10
-1.340753 -0.287390 -1.178049 10
-1.315229 -0.408358 -1.130017 10
-1.320424 -0.580277 -1.045764 10
-1.792454 -1.499048 -0.420148 9
-1.772017 -1.659246 -0.352315 9
-2.277396 1.131246 -1.425157 9
-2.192636 1.098543 -1.437893 9
-2.138968 1.035354 -1.423660 9
-2.021754 1.037475 -1.466936 9
-1.918296 1.027534 -1.499173 9
-1.865074 0.965246 -1.486039 9
-1.794943 0.921186 -1.488842 9
-1.725919 0.876241 -1.491037 9
-1.646369 0.843743 -1.503821 9
-1.601029 0.771745 -1.483787 9
-1.639538 0.597700 -1.380261 9
-1.604360 0.508947 -1.348358 9
-1.636220 0.333977 -1.247409 9
-1.599607 0.241686 -1.214794 9
-1.516285 0.209175 -1.230593 10
-1.454236 0.148861 -1.224449 10
-1.396102 0.082736 -1.214141 10
-1.322758 0.037416 -1.220455 10
-1.256533 -0.017929 -1.219247 10
-1.208361 -0.100231 -1.197785 10
-1.136967 -0.148852 -1.202511 10
-1.101509 -0.253202 -1.165634 10
-1.075220 -0.374794 -1.116868 10
-1.175235 -0.705770 -0.914593 10
-2.314548 1.111393 -1.281310 9
-2.107163 1.197878 -1.404077 9
-2.051929 1.137128 -1.391562 9
-2.000104 1.072558 -1.375984 9
-1.904343 1.053831 -1.401593 9
-1.774110 1.073811 -1.461036 9
-1.709012 1.025264 -1.459742 9
-1.638017 0.983505 -1.464529 9
-1.624050 0.876481 -1.413371 9
-1.631735 0.741418 -1.339413 9
-1.647173 0.593208 -1.255827 9
-1.781285 0.294360 -1.047800 9
-1.570536 0.418900 -1.194904 9
-1.500112 0.370709 -1.197636 9
-1.426143 0.327372 -1.204537 10
-1.372834 0.256528 -1.189332 10
-1.307427 0.201477 -1.187326 10
-1.252623 0.131237 -1.173555 10
-1.169065 0.101701 -1.192417 10
-1.091317 0.064553 -1.205312 10
-1.031882 0.000207 -1.197206 10
-0.987152 -0.087746 -1.171396 10
-0.928169 -0.154892 -1.162220 10
-0.898941 -0.271551 -1.116086 10
-0.865108 -0.383911 -1.074300 10
-0.858998 -0.547103 -0.995767 10
-0.868151 -0.743049 -0.894764 10
-2.187836 1.249724 -1.283850 9
-2.144011 1.176489 -1.259741 9
-2.005794 1.197437 -1.323618 9
-1.903555 1.184759 -1.355552 9
-1.838308 1.135003 -1.353253 9
-1.780783 1.077083 -1.343768 9
-1.674880 1.072148 -1.382075 9
-1.623979 1.007479 -1.366840 9
-1.580475 0.933702 -1.344033 9
-1.706109 0.659851 -1.147221 9
-1.645277 0.600269 -1.139370 9
-1.585578 0.538985 -1.130410 9
-1.514807 0.491251 -1.133353 10
-1.462837 0.419490 -1.116227 10
-1.375888 0.392955 -1.137441 10
-1.283292 0.375235 -1.165854 10
-1.198742 0.347974 -1.186212 10
-1.165166 0.249663 -1.148611 10
-1.092928 0.205073 -1.155325 10
-1.016182 0.167436 -1.167788 10
-0.952839 0.109992 -1.164610 10
-0.885331 0.058626 -1.166584 10
-0.858299 -0.057530 -1.118246 10
-0.781297 -0.095264 -1.131782 10
-0.718315 -0.155994 -1.127773 10
-0.664030 -0.232359 -1.112279 10
-0.648031 -0.377876 -1.045195 10
-0.608357 -0.485607 -1.007901 10
-0.629023 -0.708882 -0.885844 10
-0.504375 -0.663760 -0.963824 10
-0.471029 -0.792874 -0.913728 10
-2.248262 1.323666 -1.181960 9
-2.156887 1.295563 -1.201179 9
-2.082758 1.251780 -1.205084 9
-1.985188 1.232039 -1.231918 9
-1.919550 1.181104 -1.228961 9
-1.788887 1.198572 -1.290138 9
-1.695371 1.179389 -1.316406 9
-1.696588 1.057696 -1.248230 9
-1.765640 0.856609 -1.109168 9
-1.679208 0.827359 -1.127738 9
-1.656180 0.724683 -1.080516 9
-1.575986 0.688457 -1.093212 9
-1.531029 0.609637 -1.068472 10
-1.419006 0.614056 -1.116876 10
-1.391714 0.511905 -1.072654 10
-1.309247 0.480167 -1.089703 10
-1.219534 0.459159 -1.115812 10
-1.164456 0.391668 -1.102619 10
-1.083836 0.359537 -1.119412 10
-1.004987 0.325707 -1.134788 10
-0.942780 0.267905 -1.130525 10
-0.872677 0.221699 -1.136056 10
-0.798101 0.182606 -1.147527 10
-0.751095 0.099836 -1.124200 10
-0.691253 0.036365 -1.116883 10
-0.629116 -0.024051 -1.112421 10
-0.584468 -0.115357 -1.084303 10
-0.504593 -0.146523 -1.103479 10
-0.483251 -0.283394 -1.041708 10
-0.424900 -0.355949 -1.030212 10
-0.391501 -0.477831 -0.982139 10
-0.398471 -0.683562 -0.872650 10
-0.339049 -0.763518 -0.858571 10
-2.314982 1.393941 -1.074305 9
-2.226814 1.361051 -1.089912 9
-2.114506 1.352345 -1.129357 9
-2.019130 1.329227 -1.153959 9
-1.947619 1.283684 -1.156318 9
-1.869284 1.245541 -1.165903 9
-1.797334 1.201442 -1.169727 9
-1.708684 1.175676 -1.191024 9
-1.645896 1.122822 -1.186590 9
-1.706217 0.931877 -1.053613 9
-1.653903 0.863759 -1.036692 9
-1.647911 0.740551 -0.969787 9
-1.548972 0.725764 -1.002688 10
-1.493774 0.658986 -0.988423 10
-1.339986 0.715675 -1.084748 10
-1.296153 0.635811 -1.058870 10
-1.262503 0.541129 -1.020679 10
-1.171263 0.522180 -1.049190 10
-1.077931 0.507675 -1.081283 10
-1.025582 0.436800 -1.064939 10
-0.932500 0.424061 -1.098359 10
-0.864421 0.375912 -1.101757 10
-0.804225 0.315760 -1.095390 10
-0.737641 0.265008 -1.097178 10
-0.684333 0.192814 -1.081695 10
-0.599538 0.171184 -1.107796 10
-0.538265 0.111174 -1.102910 10
-0.491079 0.026061 -1.078421 10
-0.407011 0.004516 -1.104939 10
-0.360129 -0.083631 -1.079152 10
-0.316128 -0.179492 -1.048166 10
-0.261609 -0.257838 -1.031573 10
-0.210980 -0.345731 -1.008350 10
-0.165136 -0.445796 -0.976694 10
-0.144625 -0.602182 -0.903681 10
-0.092483 -0.696772 -0.878349 10
-2.210380 1.507805 -1.060372 9
-2.200675 1.402880 -1.001915 9
-2.091797 1.390301 -1.038823 9
-1.945378 1.416373 -1.114156 9
-1.906862 1.338483 -1.084130 9
-1.810823 1.318258 -1.111932 9
-1.752165 1.260540 -1.102507 9
-1.663273 1.234958 -1.124650 9
-1.613047 1.168352 -1.106965 9
-1.704515 0.942417 -0.937527 9
-1.730382 0.783532 -0.834788 10
-1.578763 0.827901 -0.924762 9
-1.567944 0.707867 -0.860445 10
-1.460761 0.703116 -0.903698 10
-1.351893 0.702808 -0.950444 10
-1.284650 0.651357 -0.950277 10
-1.212905 0.605862 -0.955676 10
-1.121000 0.587907 -0.985703 10
-1.032091 0.567416 -1.013209 10
-0.977590 0.499555 -0.999080 10
-0.887468 0.482602 -1.029559 10
-0.807471 0.452176 -1.048204 10
-0.730103 0.418657 -1.064166 10
-0.690991 0.325909 -1.030133 10
-0.598577 0.316559 -1.066775 10
-0.528517 0.272316 -1.074138 10
-0.470688 0.207505 -1.064762 10
-0.400729 0.162809 -1.072272 10
-0.342180 0.097826 -1.063578 10
-0.275239 0.047191 -1.066873 10
-0.214089 -0.014637 -1.061563 10
-0.152518 -0.076580 -1.056611 10
-0.123737 -0.204830 -1.000300 10
-0.051115 -0.248025 -1.011223 10
-0.012699 -0.363308 -0.966980 10
0.028936 -0.475824 -0.926004 10
0.048064 -0.642853 -0.844984 10
0.073991 -0.801755 -0.771866 10
-2.279919 1.463066 -0.880786 9
-2.169689 1.449258 -0.918383 9
-2.062952 1.434155 -0.953954 9
-2.027423 1.351702 -0.919161 9
-1.846965 1.412294 -1.031833 9
-1.769137 1.373752 -1.041744 9
-1.708599 1.317909 -1.034158 9
-1.682018 1.225720 -0.990591 9
-1.740289 1.039018 -0.854604 9
-1.693122 0.963907 -0.830464 9
-1.673784 0.855959 -0.775075 9
-1.563794 0.851677 -0.820459 10
-1.488700 0.807918 -0.827606 10
-1.388667 0.795264 -0.864153 10
-1.310448 0.757111 -0.876394 10
-1.243972 0.704510 -0.875228 10
-1.164868 0.668538 -0.889564 10
-1.074837 0.648105 -0.918012 10
-0.986589 0.626707 -0.945318 10
-0.887911 0.621564 -0.986919 10
-0.829441 0.560099 -0.978106 10
-0.752179 0.526055 -0.993799 10
-0.679011 0.486484 -1.004667 10
-0.618511 0.427452 -0.998812 10
-0.546913 0.385712 -1.008145 10
-0.470307 0.352549 -1.024888 10
-0.403562 0.303369 -1.028165 10
-0.317007 0.288587 -1.060391 10
-0.253923 0.233453 -1.059008 10
-0.190001 0.179319 -1.058798 10
-0.134777 0.108213 -1.045129 10
-0.092802 0.009817 -1.010049 10
-0.019267 -0.028487 -1.023940 10
0.027705 -0.121184 -0.994875 10
0.093939 -0.175901 -0.996515 10
0.153061 -0.246824 -0.985900 10
0.189100 -0.371449 -0.934410 10
0.229284 -0.491534 -0.887692 10
0.176371 -0.839744 -0.669103 10
0.313596 -0.737038 -0.793926 10
-2.272319 1.488810 -0.773199 9
-2.113413 1.519068 -0.860081 9
-2.020133 1.491280 -0.883071 9
-1.930588 1.461219 -0.903254 9
-1.861174 1.412385 -0.903380 9
-1.712153 1.444749 -0.988116 9
-1.737584 1.299755 -0.888450 9
-1.696396 1.221367 -0.858802 9
-1.766840 1.020116 -0.705525 9
-1.730928 0.930564 -0.667190 10
-1.636564 0.906174 -0.694409 9
-1.519864 0.909405 -0.748452 10
-1.460134 0.847130 -0.737814 10
-1.356541 0.838284 -0.779146 10
-1.285405 0.790780 -0.782912 10
-1.208292 0.751220 -0.794336 10
-1.126286 0.718735 -0.812406 10
-0.981879 0.771633 -0.909900 10
-0.924525 0.708987 -0.899204 10
-0.860694 0.654894 -0.896752 10
-0.753369 0.663983 -0.951883 10
-0.690797 0.609125 -0.948802 10
-0.618598 0.568692 -0.958883 10
-0.561703 0.504554 -0.948112 10
-0.473101 0.490762 -0.981884 10
-0.408922 0.438236 -0.981731 10
-0.337190 0.398249 -0.992660 10
-0.256014 0.375123 -1.018083 10
-0.190515 0.325051 -1.020587 10
-0.116067 0.291243 -1.037001 10
-0.064872 0.213852 -1.017237 10
0.007735 0.176426 -1.031077 10
0.067896 0.114339 -1.024881 10
0.118721 0.031811 -1.002593 10
0.180898 -0.028847 -0.998613 10
0.240974 -0.095202 -0.990545 10
0.302191 -0.160435 -0.983889 10
0.347279 -0.264857 -0.947086 10
0.394094 -0.369129 -0.911445 10
0.415489 -0.540940 -0.824908 10
0.437064 -0.721029 -0.733990 10
0.459366 -0.908655 -0.639402 10
-2.313904 1.586250 -0.688209 9
-2.210249 1.563823 -0.719502 9
-2.066417 1.580171 -0.793219 9
-2.007376 1.519960 -0.781365 9
-1.903923 1.502512 -0.816314 9
-1.828722 1.458942 -0.822493 9
-1.739094 1.430559 -0.844819 9
-1.690075 1.361300 -0.823617 9
-1.770514 1.153751 -0.658247 9
-1.747245 1.051687 -0.605433 9
-1.683426 0.992561 -0.597806 9
-1.580964 0.977365 -0.635116 10
-1.535836 0.897079 -0.606314 10
-1.424304 0.895057 -0.656292 10
-1.294895 0.917529 -0.729726 10
-1.241825 0.847765 -0.711637 10
-1.157705 0.817137 -0.732045 10
-1.081747 0.776799 -0.742935 10
-0.961712 0.796687 -0.811231 10
-0.866454 0.785770 -0.849415 10
-0.791125 0.748480 -0.862447 10
-0.659703 0.793691 -0.952011 10
-0.614994 0.713904 -0.925288 10
-0.545020 0.671262 -0.933131 10
-0.467837 0.640244 -0.951590 10
-0.400789 0.593666 -0.956053 10
-0.334939 0.545092 -0.958937 10
-0.246136 0.535599 -0.996434 10
-0.167964 0.509440 -1.019031 10
-0.096188 0.472794 -1.032467 10
-0.028621 0.428779 -1.039659 10
0.026363 0.360744 -1.026633 10
0.075054 0.278922 -1.002543 10
0.148674 0.245252 -1.019409 10
0.194068 0.153348 -0.988125 10
0.254244 0.090183 -0.981318 10
0.304810 0.004467 -0.956650 10
0.370732 -0.048920 -0.958856 10
0.434630 -0.107799 -0.957022 10
0.499386 -0.165706 -0.956389 10
0.527669 -0.316496 -0.883188 10
0.585281 -0.398465 -0.865286 10
0.619884 -0.545254 -0.798070 10
0.579080 -0.910020 -0.565582 10
-2.371885 1.555687 -0.512339 9
-2.181349 1.608877 -0.632721 9
-2.115246 1.553118 -0.626671 9
-2.045958 1.500459 -0.624256 9
-1.926554 1.496341 -0.676035 9
-1.793781 1.507971 -0.744204 9
-1.725044 1.458138 -0.743919 9
-1.777698 1.282880 -0.608005 9
-1.737443 1.200301 -0.574120 9
-1.706770 1.106006 -0.528553 9
-1.662670 1.024761 -0.497684 9
-1.577742 0.988797 -0.514652 10
-1.475583 0.973910 -0.553161 10
-1.408986 0.918444 -0.549646 10
-1.249148 0.977240 -0.661955 10
-1.188223 0.917338 -0.653364 10
-1.113554 0.874758 -0.662306 10
-1.009294 0.871731 -0.710187 10
-0.959025 0.798051 -0.688499 10
-0.733620 0.966429 -0.901270 10
-0.626595 0.977439 -0.959741 10
-0.596566 0.878982 -0.913509 10
-0.506191 0.868360 -0.950918 10
-0.447475 0.810937 -0.944277 10
-0.377898 0.770104 -0.953318 10
-0.297943 0.746417 -0.978144 10
-0.229290 0.705093 -0.986788 10
-0.150157 0.681950 -1.011899 10
-0.095398 0.617083 -0.999649 10
-0.033624 0.563762 -0.998100 10
0.038370 0.528954 -1.013091 10
0.100998 0.476707 -1.012980 10
0.163932 0.424532 -1.013247 10
0.205972 0.329317 -0.977105 10
0.271610 0.280341 -0.981037 10
0.321360 0.196643 -0.956127 10
0.370901 0.109863 -0.929441 10
0.446403 0.079907 -0.950412 10
0.512169 0.027609 -0.953145 10
0.553867 -0.084490 -0.907783 10
0.630600 -0.112526 -0.931098 10
0.669849 -0.238097 -0.876784 10
0.728151 -0.317921 -0.859930 10
0.769979 -0.447048 -0.805236 10
0.788095 -0.652160 -0.693014 10
-2.360824 1.586079 -0.404220 9
-2.203178 1.608629 -0.492185 9
-2.097970 1.587175 -0.526983 9
-2.058748 1.505636 -0.491720 9
-1.922242 1.516415 -0.562654 9
-1.805762 1.510824 -0.613672 9
-1.747936 1.448590 -0.600309 9
-1.748168 1.326079 -0.520477 9
-1.819031 1.125556 -0.356701 9
-1.762149 1.056407 -0.338949 9
-1.697416 0.995380 -0.330378 10
-0.867050 1.805535 -1.250276 6
-0.768057 1.805634 -1.297870 2
-0.709986 1.759173 -1.296007 2
-1.306261 0.910896 -0.464177 10
-1.187514 0.920449 -0.527877 10
-1.056086 0.949530 -0.610395 10
-0.873139 1.050818 -0.764240 10
-0.806535 1.002325 -0.766051 10
-0.660586 1.064161 -0.877040 10
-0.553808 1.075923 -0.937171 10
-0.493241 1.023187 -0.933833 10
-0.439780 0.959466 -0.920204 10
-0.336598 0.971520 -0.979242 10
-0.268431 0.931261 -0.988052 10
-0.199286 0.892877 -0.998697 10
-0.122415 0.867781 -1.021724 10
-0.082521 0.780204 -0.987158 10
-0.008630 0.750263 -1.005983 10
0.053693 0.700089 -1.006477 10
0.106614 0.631933 -0.991147 10
0.158935 0.561145 -0.974042 10
0.215208 0.496527 -0.962966 10
0.277690 0.443270 -0.962304 10
0.332962 0.374149 -0.948263 10
0.392047 0.311617 -0.940446 10
0.438541 0.219519 -0.907996 10
0.516893 0.197911 -0.935816 10
0.576700 0.133245 -0.927580 10
0.645094 0.088207 -0.936102 10
0.685551 -0.028648 -0.885954 10
0.749182 -0.089515 -0.882597 10
0.821460 -0.128138 -0.897639 10
0.869800 -0.234849 -0.858432 10
0.911466 -0.366418 -0.800644 10
0.958958 -0.487307 -0.752692 10
1.007772 -0.610530 -0.704220 10
1.056199 -0.741993 -0.650710 10
-2.358500 1.609076 -0.285688 9
-2.271289 1.567597 -0.299285 9
-2.060850 1.639469 -0.448057 9
-2.016231 1.562834 -0.418051 9
-1.903148 1.550848 -0.464341 9
-1.879315 1.453548 -0.410879 9
-1.738726 1.471646 -0.490841 9
-1.726100 1.361631 -0.423844 9
-0.876184 2.132840 -1.348254 11
-0.834351 2.070864 -1.327624 11
-0.762574 2.041334 -1.343205 11
-0.749925 1.945462 -1.286216 2
-0.710473 1.878321 -1.261453 2
-0.629445 1.859788 -1.289256 2
-0.556381 1.832904 -1.307795 2
-0.536551 1.740128 -1.256966 2
-0.866925 1.193896 -0.735930 10
-0.687445 1.295385 -0.891699 10
-0.662892 1.194738 -0.838552 10
-0.581503 1.170376 -0.863650 10
-0.537571 1.093790 -0.836181 10
-0.402219 1.149611 -0.940765 10
-0.308081 1.148948 -0.988119 10
-0.250066 1.094912 -0.982833 10
-0.178370 1.062112 -0.998356 10
-0.109371 1.025580 -1.010256 10
-0.032067 1.003414 -1.035797 10
0.015562 0.931302 -1.014197 10
0.068289 0.866587 -1.000121 10
0.129131 0.815436 -0.999075 10
0.191310 0.766315 -1.000176 10
0.242987 0.696482 -0.982760 10
0.294394 0.624441 -0.963954 10
0.338861 0.536286 -0.931425 10
0.394069 0.468002 -0.917324 10
0.459233 0.419801 -0.921373 10
0.502856 0.322526 -0.883103 10
0.574177 0.286151 -0.898224 10
0.633618 0.221445 -0.889283 10
0.699774 0.171827 -0.893614 10
0.766505 0.123040 -0.898942 10
0.829874 0.064619 -0.896561 10
0.880242 -0.031257 -0.863778 10
0.946490 -0.085709 -0.865781 10
1.010504 -0.148036 -0.861797 10
1.066020 -0.238671 -0.835608 10
1.113622 -0.359217 -0.786536 10
1.146449 -0.536580 -0.693996 10
1.204244 -0.638178 -0.662733 10
1.897589 -0.963926 -0.852497 8
1.965182 -1.057233 -0.833682 8
-2.319988 1.544554 -0.122965 9
-2.180724 1.549100 -0.194353 9
-1.961683 1.631205 -0.358179 9
-1.884387 1.585079 -0.364779 9
-1.758589 1.586980 -0.428231 9
-0.931351 2.295063 -1.319542 11
-0.846091 2.278857 -1.350897 11
-0.796461 2.226676 -1.340272 11
-0.734963 2.187028 -1.344184 11
-0.632639 2.192905 -1.399397 11
-0.556858 2.171280 -1.422891 11
-0.502407 2.126028 -1.419892 11
-0.412978 2.122473 -1.462673 11
-0.341239 2.099355 -1.483522 11
-0.304124 2.033827 -1.458557 11
-0.219415 2.028417 -1.498097 11
-0.507771 1.532053 -1.020027 10
-0.545415 1.351796 -0.880827 10
-0.461206 1.334035 -0.912305 10
-0.378270 1.316015 -0.943103 10
-0.283984 1.316173 -0.991948 10
-0.224995 1.265626 -0.989127 10
-0.138698 1.257055 -1.028349 10
-0.100792 1.173480 -0.993060 10
-0.028614 1.143747 -1.011265 10
0.037366 1.104389 -1.020040 10
0.089424 1.041174 -1.005983 10
0.155624 1.001962 -1.015259 10
0.198591 0.920377 -0.984659 10
0.261909 0.874861 -0.988577 10
0.314697 0.808669 -0.973541 10
0.351514 0.708968 -0.928284 10
0.409488 0.649367 -0.920610 10
0.465694 0.584852 -0.908940 10
0.519041 0.512543 -0.890818 10
0.578131 0.451234 -0.883085 10
0.633193 0.379080 -0.866293 10
0.685122 0.297146 -0.841621 10
0.757889 0.264720 -0.860471 10
0.826417 0.221795 -0.870375 10
0.890909 0.167729 -0.871030 10
0.962721 0.133056 -0.888365 10
1.010973 0.030137 -0.848908 10
1.073371 -0.035091 -0.841685 10
1.137760 -0.096251 -0.838338 10
1.193462 -0.187846 -0.810767 10
1.255602 -0.262077 -0.798094 10
1.298888 -0.406984 -0.729709 10
1.330463 -0.605628 -0.620491 10
1.403910 -0.655660 -0.630168 10
1.867168 -0.869321 -0.759814 8
2.033110 -0.392637 -1.159441 8
2.090339 -0.516358 -1.114127 8
2.138924 -0.711182 -1.018729 8
2.166521 -1.082346 -0.799162 8
-2.310932 1.573160 -0.007387 9
-2.250688 1.505037 0.009944 9
-1.955025 1.655029 -0.243891 9
-1.879643 1.606104 -0.247911 9
-0.992550 2.349178 -1.214307 11
-0.882443 2.355843 -1.274871 11
-0.799881 2.337038 -1.303886 11
-0.694230 2.343931 -1.362593 11
-0.604801 2.336053 -1.402923 11
-0.527751 2.316420 -1.428922 11
-0.462959 2.284187 -1.440068 11
-0.388413 2.263909 -1.464580 11
-0.318564 2.239247 -1.483779 11
-0.274550 2.183961 -1.468737 11
-0.201465 2.164500 -1.493417 11
-0.149927 2.118511 -1.488883 11
-0.076139 2.101718 -1.515992 11
-0.015927 2.067837 -1.524482 11
0.013651 1.991683 -1.488281 11
0.012794 1.870094 -1.405347 2
0.125245 1.910587 -1.492167 2
0.168787 1.851546 -1.475292 2
0.211956 1.790879 -1.457242 2
-0.005992 1.312613 -1.018603 10
0.042697 1.246801 -1.000277 10
0.110904 1.212617 -1.013811 10
0.164390 1.153387 -1.002749 10
0.212132 1.082911 -0.981183 10
0.263848 1.018065 -0.965670 10
0.302145 0.926402 -0.925078 10
0.366388 0.882380 -0.930555 10
0.434277 0.845564 -0.942965 10
0.454853 0.710697 -0.864289 10
0.500190 0.622906 -0.830669 10
0.567792 0.581393 -0.840208 10
0.607343 0.475620 -0.791726 10
0.687608 0.461815 -0.826937 10
0.743480 0.390112 -0.810375 10
0.813246 0.351411 -0.823541 10
0.882123 0.310452 -0.834859 10
0.953559 0.276353 -0.852287 10
1.014979 0.214255 -0.845742 10
1.085063 0.175799 -0.859817 10
1.143119 0.100488 -0.842947 10
1.202350 0.025797 -0.827293 10
1.264555 -0.042198 -0.817878 10
1.334112 -0.087393 -0.827793 10
1.388839 -0.187183 -0.793499 10
1.455942 -0.245920 -0.793406 10
1.490766 -0.435583 -0.688983 10
2.031941 -0.152813 -1.188745 8
2.101002 -0.192481 -1.203427 8
2.157555 -0.313209 -1.157932 8
2.219410 -0.411502 -1.130362 8
2.274504 -0.571405 -1.058718 8
2.322660 -0.810851 -0.931203 8
-1.028095 2.627068 -1.279611 12
-0.966498 2.586759 -1.282773 12
-0.848182 2.600608 -1.353982 12
-0.811086 2.538635 -1.329264 12
-0.751714 2.498085 -1.331449 11
-0.664095 2.486711 -1.369141 11
-0.590154 2.462775 -1.390917 11
-0.506196 2.450709 -1.426434 11
-0.422728 2.439789 -1.462613 11
-0.365763 2.400606 -1.465070 11
-0.286356 2.387693 -1.497932 11
-0.218175 2.362988 -1.516699 11
-0.177047 2.306159 -1.498739 11
-0.131261 2.254395 -1.486907 11
-0.064641 2.228929 -1.504644 11
-0.010006 2.188485 -1.505650 11
0.048565 2.153425 -1.512622 11
0.100592 2.109557 -1.510069 11
0.141646 2.049794 -1.490690 11
0.203297 2.019257 -1.502791 11
0.222381 1.924883 -1.447790 2
0.290157 1.903127 -1.469504 2
0.326326 1.831867 -1.439971 2
0.116667 1.354533 -0.996563 10
0.191477 1.333126 -1.022699 10
0.234335 1.257304 -0.994025 10
0.287866 1.198607 -0.983101 10
0.332692 1.122806 -0.955769 10
0.379203 1.048115 -0.930252 10
0.410385 0.941255 -0.874348 10
0.477965 0.903976 -0.886362 10
0.521318 0.816309 -0.850594 10
0.564535 0.725292 -0.812591 10
0.613551 0.643865 -0.784499 10
0.670144 0.577150 -0.770807 10
0.734657 0.527525 -0.773331 10
0.810683 0.505685 -0.801369 10
0.868598 0.438787 -0.788690 10
0.929881 0.378793 -0.782737 10
1.003366 0.350830 -0.805573 10
1.061867 0.280816 -0.791508 10
1.126074 0.225245 -0.790614 10
1.202373 0.205706 -0.821157 10
1.272039 0.166261 -0.834565 10
1.324310 0.067958 -0.798326 10
1.396983 0.035972 -0.818772 10
1.455441 -0.048030 -0.796029 10
1.518340 -0.119512 -0.784441 10
1.582745 -0.188480 -0.775560 10
1.628561 -0.340400 -0.700106 10
1.694667 -0.413653 -0.689610 10
1.722076 -0.675615 -0.529614 10
1.793957 -0.740244 -0.528599 10
2.028461 0.064475 -1.207838 8
2.085250 -0.036500 -1.173756 8
2.156534 -0.058572 -1.201374 8
2.219215 -0.136130 -1.186771 8
2.277917 -0.249754 -1.145734 8
2.346021 -0.305195 -1.149469 8
2.407613 -0.420743 -1.109145 8
2.463293 -0.609436 -1.016392 8
-1.352422 2.554607 -0.942582 12
-1.062540 2.708053 -1.207780 12
-1.013268 2.655998 -1.195989 12
-0.957014 2.610193 -1.192557 12
-0.787906 2.671119 -1.326726 12
-0.722540 2.637133 -1.336934 12
-0.647435 2.613463 -1.359911 12
-0.544118 2.619701 -1.419700 12
-0.460843 2.607646 -1.455648 12
-0.418741 2.553097 -1.438968 12
-0.368959 2.506442 -1.432203 11
-0.289382 2.493281 -1.465675 11
-0.208649 2.483043 -1.501972 11
-0.152618 2.445127 -1.505160 11
-0.109769 2.391334 -1.489934 11
-0.040081 2.370542 -1.512989 11
0.011460 2.327503 -1.510377 11
0.067471 2.290262 -1.514441 11
0.102013 2.224059 -1.486235 11
0.153697 2.180351 -1.483528 11
0.214617 2.149691 -1.495267 11
0.247713 2.078557 -1.463068 11
0.324634 2.072029 -1.500941 11
0.340659 1.972515 -1.439414 2
0.372387 1.894683 -1.402024 2
0.188238 1.458645 -0.991816 10
0.249352 1.415570 -0.995520 10
0.288333 1.333749 -0.959680 10
0.317695 1.232184 -0.904672 10
0.371028 1.171431 -0.891921 10
0.441637 1.142544 -0.911381 10
0.486288 1.063219 -0.880934 10
0.521047 0.961286 -0.829166 10
0.581171 0.908710 -0.826445 10
0.627565 0.825522 -0.794628 10
0.662714 0.714187 -0.736856 10
0.727440 0.666684 -0.740655 10
0.800845 0.639555 -0.763753 10
0.854434 0.563976 -0.741833 10
0.919240 0.514720 -0.744816 10
0.995814 0.496256 -0.776131 10
1.051953 0.422472 -0.757290 10
1.110352 0.352415 -0.742469 10
1.189947 0.343602 -0.782602 10
1.263018 0.316739 -0.806535 10
1.319751 0.237269 -0.784578 10
1.386530 0.188331 -0.789775 10
1.449571 0.124857 -0.782836 10
1.511019 0.052784 -0.769132 10
1.579126 0.003294 -0.775098 10
1.641237 -0.072466 -0.759483 10
1.707086 -0.136321 -0.754432 10
1.769864 -0.217609 -0.735645 10
1.874776 -0.098971 -0.880071 8
2.013668 0.214507 -1.179331 8
2.080035 0.173131 -1.190587 8
2.150103 0.152074 -1.218186 8
2.209864 0.067084 -1.195649 8
2.274625 0.007532 -1.193768 8
2.340514 -0.048780 -1.194919 8
2.397948 -0.178402 -1.140603 8
2.469071 -0.206524 -1.164574 8
2.480760 -0.820352 -0.749520 8
-1.325880 2.789275 -1.011518 12
-1.111828 2.870813 -1.188122 12
-1.087012 2.798523 -1.147719 12
-0.856459 2.904318 -1.351529 12
-0.799802 2.862672 -1.351394 12
-0.755590 2.809874 -1.336305 12
-0.689926 2.776929 -1.347719 12
-0.590202 2.777561 -1.402677 12
-0.513735 2.757561 -1.429758 12
-0.433787 2.742395 -1.462408 12
-0.374997 2.706675 -1.468385 12
-0.314469 2.673230 -1.477085 12
-0.267388 2.625523 -1.467983 12
-0.174626 2.629071 -1.521823 12
-0.140580 2.567095 -1.495231 12
-0.087818 2.526284 -1.494603 11
-0.016351 2.508341 -1.521180 11
0.039959 2.472666 -1.526461 11
0.085379 2.423254 -1.515738 11
0.132251 2.375270 -1.506959 11
0.179855 2.327854 -1.499094 11
0.239822 2.297283 -1.510501 11
0.277819 2.235696 -1.487127 11
0.318725 2.177145 -1.467685 11
0.354212 2.109271 -1.438521 11
0.402169 2.059200 -1.429388 11
0.462225 2.027917 -1.440789 11
0.240424 1.531029 -0.955879 10
0.301024 1.487684 -0.959070 10
0.340977 1.408031 -0.924412 10
0.390222 1.342841 -0.905584 10
0.449363 1.294615 -0.904734 10
0.485474 1.201678 -0.858626 10
0.526788 1.115730 -0.820633 10
0.582117 1.055552 -0.809318 10
0.632526 0.983678 -0.786880 10
0.684522 0.913159 -0.766437 10
0.717484 0.797508 -0.702747 10
0.787708 0.763802 -0.719450 10
0.837651 0.681378 -0.689620 10
0.895669 0.616122 -0.676876 10
0.993640 0.653119 -0.760613 10
1.028002 0.523737 -0.688472 10
1.101924 0.498508 -0.713937 10
1.166540 0.447097 -0.715379 10
1.239220 0.419147 -0.738395 10
1.303852 0.366420 -0.739132 10
1.374597 0.332592 -0.757041 10
1.441743 0.286515 -0.764218 10
1.510468 0.245232 -0.775852 10
1.562926 0.141366 -0.733456 10
1.638407 0.122759 -0.765444 10
1.704328 0.065561 -0.764442 10
1.769494 0.002488 -0.758934 10
1.863740 0.073018 -0.865726 8
2.002142 0.376796 -1.164498 8
2.067199 0.333770 -1.173451 8
2.133926 0.298517 -1.189024 8
2.194408 0.224541 -1.173511 8
2.261498 0.187038 -1.187926 8
2.321710 0.099467 -1.162849 8
2.386759 0.038813 -1.159867 8
2.451199 -0.033156 -1.148624 8
2.461073 -0.624011 -0.737374 8
2.524528 -0.787242 -0.661294 8
-1.108187 3.073392 -1.229635 12
-1.096174 2.993515 -1.175453 12
-0.944892 3.026698 -1.284683 12
-0.842032 3.023281 -1.339274 12
-0.779357 2.987324 -1.346888 12
-0.719461 2.949457 -1.351590 12
-0.649754 2.920994 -1.368974 12
-0.532600 2.937940 -1.447308 12
-0.496071 2.880569 -1.424451 12
-0.413933 2.867558 -1.460719 12
-0.360540 2.827048 -1.460206 12
-0.297480 2.796755 -1.472903 12
-0.222028 2.780382 -1.503128 12
-0.165868 2.744254 -1.507715 12
-0.128867 2.686875 -1.485615 12
-0.039987 2.688632 -1.537275 12
-0.012059 2.620367 -1.502045 12
0.052022 2.594697 -1.519278 12
0.076836 2.520675 -1.478139 11
0.136334 2.489439 -1.488771 11
0.197102 2.460386 -1.501837 11
0.232497 2.397461 -1.475255 11
0.284669 2.356666 -1.474827 11
0.332388 2.309399 -1.467115 11
0.384740 2.268514 -1.466888 11
0.419046 2.200086 -1.435921 11
0.459505 2.139544 -1.414431 11
0.515646 2.102960 -1.419825 11
0.563562 2.052844 -1.410530 11
0.359129 1.570952 -0.935835 10
0.390835 1.477612 -0.885372 10
0.461741 1.452179 -0.907928 10
0.503122 1.372472 -0.873343 10
0.559293 1.318840 -0.866702 10
0.585215 1.204044 -0.797426 10
0.624398 1.111648 -0.752497 10
0.706652 1.107461 -0.797804 10
0.726261 0.967822 -0.706846 10
0.753224 0.837975 -0.627509 10
0.838363 0.838995 -0.678630 10
0.875745 0.726236 -0.618182 10
0.937312 0.669362 -0.613112 10
1.007544 0.633977 -0.629024 10
1.070721 0.579591 -0.626933 10
1.144713 0.554710 -0.652965 10
1.221099 0.538029 -0.686521 10
1.282033 0.475421 -0.677380 10
1.350969 0.436376 -0.690341 10
1.425645 0.416457 -0.720805 10
1.492131 0.369208 -0.726508 10
1.550152 0.289569 -0.703593 10
1.619369 0.248932 -0.715965 10
1.693465 0.227636 -0.745476 10
1.759736 0.174109 -0.746877 10
1.817323 0.078864 -0.712746 8
1.984055 0.502440 -1.122562 8
2.050144 0.467729 -1.137825 8
2.111199 0.404984 -1.129729 8
2.177193 0.366543 -1.142416 8
2.241655 0.317195 -1.146336 8
2.306850 0.269634 -1.152100 8
2.368705 0.194294 -1.135740 8
2.433480 0.133769 -1.132032 8
2.502324 0.102773 -1.152366 8
2.501596 -0.614557 -0.631850 8
-1.293962 3.040607 -0.984541 12
-1.127399 3.078287 -1.108505 12
-1.052276 3.047756 -1.127541 12
-0.823916 3.143781 -1.332140 12
-0.772737 3.098507 -1.326254 12
-0.699120 3.072680 -1.348312 12
-0.593688 3.076147 -1.411291 12
-0.549163 3.026804 -1.398678 12
-0.451766 3.026616 -1.454381 12
-0.382915 3.001414 -1.474490 12
-0.321776 2.969607 -1.485153 12
-0.270993 2.927941 -1.482345 12
-0.194754 2.912758 -1.514633 12
-0.152902 2.862393 -1.500137 12
-0.072188 2.854103 -1.540442 12
-0.038817 2.794407 -1.514033 12
0.016671 2.759231 -1.519283 12
0.062736 2.713195 -1.510831 12
0.113733 2.672869 -1.509680 12
0.152603 2.617362 -1.489953 12
0.219432 2.596968 -1.513377 12
0.249933 2.529620 -1.479886 11
0.293582 2.478574 -1.466565 11
0.332399 2.420108 -1.444844 11
0.397097 2.397755 -1.465820 11
0.424298 2.320880 -1.423441 11
0.478160 2.282367 -1.425927 11
0.516110 2.218909 -1.400199 11
0.558937 2.161816 -1.382244 11
0.609230 2.115994 -1.377309 11
0.653566 2.059476 -1.360830 11
0.465113 1.590505 -0.894649 10
0.504946 1.510433 -0.857857 10
0.548712 1.435248 -0.827176 10
0.589433 1.351913 -0.788616 10
0.651507 1.308564 -0.793022 10
0.689894 1.215943 -0.746240 10
0.742808 1.150858 -0.728967 10
0.798341 1.089834 -0.716405 10
0.813568 0.934788 -0.609027 10
0.879075 0.890960 -0.615560 10
0.914644 0.773006 -0.548470 10
0.974606 0.711544 -0.538595 10
1.068671 0.739045 -0.616168 10
1.120212 0.654299 -0.583913 10
1.192238 0.624695 -0.605497 10
1.274399 0.626189 -0.656623 10
1.329414 0.546161 -0.630278 10
1.408708 0.541604 -0.675305 10
1.471555 0.483791 -0.670538 10
1.537259 0.434122 -0.673697 10
1.604319 0.388160 -0.680547 10
1.676844 0.362680 -0.706142 10
1.738600 0.293368 -0.692472 10
1.817455 0.295292 -0.742603 8
1.925137 0.435540 -0.913836 8
2.029425 0.580365 -1.086468 8
2.097582 0.558054 -1.112161 8
2.157770 0.492070 -1.100434 8
2.223892 0.456601 -1.115225 8
2.286894 0.399939 -1.112365 8
2.352717 0.358544 -1.122725 8
2.417677 0.308248 -1.126003 8
2.483583 0.261604 -1.132677 8
2.509636 -0.160782 -0.834748 8
2.549476 -0.533364 -0.582653 8
-1.256991 3.179432 -0.996509 12
-1.197091 3.135017 -0.996177 12
-1.153138 3.078631 -0.977122 12
-0.926046 3.167231 -1.179910 6
-0.819316 3.165261 -1.240749 2
-0.694231 3.181133 -1.326499 2
-0.662520 3.120146 -1.296923 2
-0.627415 3.061341 -1.271123 12
-0.505769 3.080266 -1.357466 12
-0.417508 3.071597 -1.402522 12
-0.322621 3.071192 -1.458044 12
-0.239009 3.062058 -1.500126 12
-0.200883 3.008902 -1.480872 12
-0.140566 2.978129 -1.492348 12
-0.074140 2.954465 -1.513071 12
-0.032902 2.904271 -1.498167 12
0.026851 2.874358 -1.510172 12
0.066264 2.821604 -1.492308 12
0.120049 2.785204 -1.495823 12
0.175195 2.750680 -1.501676 12
0.219809 2.703287 -1.491279 12
0.264180 2.655147 -1.480217 12
0.315239 2.615363 -1.479721 12
0.336485 2.534992 -1.429872 12
0.405510 2.519100 -1.458839 11
0.439229 2.453713 -1.428237 11
0.476701 2.392313 -1.403049 11
0.524325 2.345042 -1.394990 11
0.586407 2.319947 -1.412896 11
0.612087 2.236716 -1.363871 11
0.647306 2.166604 -1.330827 11
0.687316 2.102718 -1.305561 11
0.756892 2.089614 -1.337535 11
0.545583 1.564085 -0.803223 10
0.600712 1.510275 -0.795112 10
0.648092 1.440475 -0.770018 10
0.689301 1.356262 -0.730119 10
0.735237 1.278903 -0.698460 10
0.793219 1.224935 -0.692257 10
0.843529 1.152841 -0.667474 10
0.863882 1.009121 -0.569276 10
0.912435 0.925343 -0.534572 10
0.978997 0.883048 -0.542912 10
1.021736 0.778988 -0.489192 10
1.097540 0.758599 -0.520212 10
1.165117 0.716729 -0.529735 10
1.233168 0.675952 -0.540468 10
1.314279 0.674578 -0.589598 10
1.380331 0.628666 -0.595308 10
1.448462 0.588814 -0.607032 10
1.527842 0.587669 -0.655497 10
1.583242 0.502646 -0.624838 10
1.650559 0.458144 -0.632725 10
1.722944 0.433044 -0.658712 10
1.792418 0.396622 -0.674289 8
1.940304 0.712138 -1.008393 8
2.006306 0.679785 -1.025061 8
2.077001 0.671047 -1.062811 8
2.143317 0.641576 -1.082026 8
2.204523 0.582616 -1.075550 8
2.267026 0.527280 -1.072735 8
2.330796 0.476243 -1.074080 8
2.399037 0.454073 -1.100385 8
2.465166 0.416171 -1.113408 8
2.481032 -0.068120 -0.753659 8
2.549959 -0.134090 -0.747181 8
-1.491676 3.123612 -0.691406 12
-1.321708 3.154632 -0.818122 12
-1.270534 3.101576 -0.805824 12
-0.919438 3.278730 -1.159227 6
-0.792755 3.291432 -1.245406 2
-0.647472 3.322533 -1.357644 2
-0.623681 3.256743 -1.318890 2
-0.597150 3.192187 -1.282831 2
-0.548936 3.145642 -1.274365 2
-0.514839 3.086297 -1.247163 12
-0.442996 3.061175 -1.270264 12
-0.323115 3.082888 -1.360004 12
-0.230897 3.081150 -1.414282 12
-0.151457 3.068847 -1.452422 12
-0.057835 3.072844 -1.512256 12
-0.011130 3.029592 -1.505904 12
0.020946 2.970276 -1.477889 12
0.086361 2.947279 -1.499189 12
0.136322 2.907477 -1.497731 12
0.185248 2.866475 -1.494739 12
0.231832 2.822564 -1.488054 12
0.278631 2.778682 -1.481575 12
0.320745 2.728519 -1.467288 12
0.379767 2.700090 -1.480683 12
0.419180 2.645581 -1.461393 12
0.470575 2.606921 -1.462091 12
0.478737 2.505922 -1.386812 11
0.546678 2.489917 -1.415760 11
0.594943 2.445170 -1.409866 11
0.619323 2.362389 -1.359166 11
0.660726 2.304464 -1.338706 11
0.699086 2.240187 -1.311392 11
0.744440 2.186293 -1.296671 11
0.790758 2.133057 -1.283121 11
0.828005 2.062108 -1.250003 11
0.790368 1.846808 -1.056423 2
0.850359 1.811072 -1.065347 2
0.852869 1.658942 -0.946698 6
0.792571 1.367186 -0.678821 10
0.828928 1.267433 -0.622685 10
0.881320 1.199418 -0.601640 10
0.903235 1.058285 -0.503988 10
0.950826 0.971625 -0.465374 10
1.001515 0.889142 -0.432053 10
1.047210 0.790263 -0.382757 10
1.120528 0.761553 -0.406089 10
1.200273 0.751878 -0.448506 10
1.290431 0.775334 -0.523600 10
1.355980 0.728515 -0.528004 10
1.424532 0.690473 -0.541266 10
1.502935 0.685432 -0.586748 10
1.572768 0.653198 -0.605516 10
1.647271 0.638579 -0.641141 10
1.706771 0.567666 -0.623121 10
1.771711 0.515134 -0.623047 10
1.904842 0.756272 -0.896843 8
1.990992 0.814163 -0.997038 8
2.056886 0.784361 -1.015601 8
2.114395 0.711080 -0.994779 8
2.185274 0.706187 -1.036183 8
2.248324 0.658240 -1.038889 8
2.308780 0.590660 -1.024607 8
2.377482 0.574177 -1.055722 8
2.441694 0.525677 -1.058927 8
2.477044 0.230972 -0.850738 8
2.507401 -0.168726 -0.557145 8
2.580072 -0.216994 -0.566173 8
-1.570022 3.092921 -0.491146 12
-1.471505 3.069415 -0.532210 12
-1.295740 3.105014 -0.669499 12
-0.835954 3.362319 -1.164061 6
-0.754996 3.339794 -1.195298 6
-0.679812 3.314002 -1.220340 2
-0.604176 3.289751 -1.246975 2
-0.563855 3.236660 -1.228192 2
-0.494964 3.208146 -1.247261 2
-0.487796 3.125106 -1.183529 2
-0.462220 3.056967 -1.143436 12
-0.372947 3.048000 -1.191264 12
-0.272109 3.052310 -1.257171 12
-0.145984 3.084651 -1.361728 12
-0.084932 3.054192 -1.374630 12
0.024994 3.076109 -1.460711 12
0.106113 3.070245 -1.506257 12
0.151991 3.026932 -1.499370 12
0.196610 2.981991 -1.490415 12
0.247887 2.944631 -1.491832 12
0.293651 2.900696 -1.484497 12
0.316863 2.828305 -1.439961 12
0.374649 2.798457 -1.451686 12
0.425322 2.759730 -1.451786 12
0.465306 2.706444 -1.433405 12
0.500693 2.645835 -1.406236 12
0.557838 2.615297 -1.417175 12
0.564947 2.510832 -1.336745 11
0.619772 2.475398 -1.342341 11
0.663323 2.422325 -1.326589 11
0.714102 2.380055 -1.324187 11
0.745138 2.304348 -1.282296 11
0.800223 2.267828 -1.287357 11
0.826251 2.179409 -1.232100 11
0.865598 2.112194 -1.202463 11
0.906328 2.045597 -1.174247 11
0.900398 1.884991 -1.040508 2
0.936717 1.802016 -0.996343 2
0.998515 1.769611 -1.009253 2
1.062555 1.742444 -1.027868 2
0.901969 1.207122 -0.493376 10
0.937016 1.094338 -0.424509 10
0.983209 1.003175 -0.380242 10
1.038437 0.930900 -0.357028 10
1.101575 0.876856 -0.353619 10
1.169859 0.835726 -0.363966 10
1.252927 0.836666 -0.417737 10
1.329516 0.821704 -0.454600 10
1.389790 0.757958 -0.441759 10
1.454455 0.706065 -0.441336 10
1.533957 0.703385 -0.490128 10
1.602250 0.663883 -0.502123 10
1.670335 0.623206 -0.513093 10
1.745149 0.608647 -0.549473 10
1.905417 0.954240 -0.930821 8
1.962926 0.888624 -0.915070 8
2.032361 0.874923 -0.948836 8
2.086659 0.787697 -0.913728 8
2.161175 0.800858 -0.972489 8
2.220961 0.735882 -0.958928 8
2.285942 0.697548 -0.970208 8
2.356180 0.692858 -1.011998 8
2.418701 0.636353 -1.007178 8
2.482938 0.588112 -1.010167 8
2.502992 0.146247 -0.668109 8
-1.624952 3.079772 -0.314013 12
-1.477315 3.089337 -0.415061 12
-1.314964 3.113485 -0.537684 12
-0.781768 3.423219 -1.134143 6
-0.691600 3.408102 -1.178338 6
-0.652900 3.353553 -1.156985 6
-0.556094 3.346420 -1.212146 2
-0.502213 3.305137 -1.211582 2
-0.451216 3.261583 -1.207328 2
-0.474541 3.151632 -1.100475 2
-0.387759 3.139306 -1.145092 2
-0.346955 3.085373 -1.125806 12
-0.303244 3.033755 -1.110336 12
-0.187008 3.054181 -1.201124 12
0.012142 3.163370 -1.418734 2
0.082780 3.145469 -1.448632 2
0.156288 3.131988 -1.484079 2
0.186602 3.071830 -1.453148 12
0.255446 3.054740 -1.482685 12
0.295665 3.005158 -1.466945 12
0.354798 2.977952 -1.481934 12
0.385275 2.915628 -1.449437 12
0.440942 2.884315 -1.458865 12
0.457037 2.801061 -1.399832 12
0.502480 2.755130 -1.390635 12
0.551883 2.714306 -1.388250 12
0.599824 2.671204 -1.383072 12
0.637575 2.612609 -1.358529 12
0.653173 2.518731 -1.290517 11
0.717505 2.498450 -1.314901 11
0.743960 2.417452 -1.264617 11
0.782255 2.353597 -1.236194 11
0.830374 2.305094 -1.226855 11
0.888036 2.272965 -1.237267 11
0.922094 2.197381 -1.196499 11
0.955714 2.118316 -1.152601 11
0.992235 2.042071 -1.112944 11
1.051802 2.010316 -1.125037 11
1.073013 1.897402 -1.045208 2
1.099719 1.790999 -0.974353 2
1.171976 1.783365 -1.014723 2
0.973936 1.137580 -0.352269 10
1.026544 1.061322 -0.323227 10
1.075133 0.971885 -0.280724 10
1.117503 0.861835 -0.217189 10
1.220313 0.913492 -0.326585 10
1.298413 0.901504 -0.367382 10
1.355950 0.829740 -0.345466 10
1.439232 0.836156 -0.404923 10
1.493099 0.749436 -0.368351 10
1.586329 0.794325 -0.466146 10
1.661935 0.783235 -0.506277 10
1.729485 0.743806 -0.517799 10
1.870400 1.000634 -0.821790 8
1.946587 1.013980 -0.882594 8
2.008784 0.969353 -0.886454 8
2.066539 0.901640 -0.868401 8
2.138702 0.903089 -0.916878 8
2.200922 0.854346 -0.917480 8
2.270265 0.844919 -0.955218 8
2.331330 0.785841 -0.946619 8
2.399774 0.772777 -0.980848 8
2.463851 0.729502 -0.987341 8
2.496429 0.420022 -0.753694 8
2.551961 0.260679 -0.658966 8
2.614899 0.146063 -0.606030 8
-1.628692 3.103035 -0.195917 12
-1.487162 3.106854 -0.290701 12
-1.293487 3.152338 -0.454954 2
-0.836812 3.401665 -0.964046 6
-0.693197 3.425786 -1.077662 6
-0.610014 3.405895 -1.114497 2
-0.538267 3.378177 -1.137253 2
-0.447311 3.367694 -1.187227 2
-0.503998 3.231326 -1.033860 2
-0.448117 3.190055 -1.034820 2
-0.405424 3.136975 -1.017158 12
-0.293498 3.148667 -1.099793 12
-0.230124 3.116582 -1.113544 12
0.045929 3.296935 -1.446842 2
0.121196 3.284438 -1.485092 2
0.177691 3.253782 -1.495669 2
0.209555 3.196992 -1.467959 2
0.265323 3.165851 -1.477698 2
0.298442 3.109244 -1.451009 2
0.352718 3.076578 -1.458525 12
0.390585 3.024377 -1.438733 12
0.451288 2.999909 -1.457469 12
0.482533 2.938404 -1.425485 12
0.521105 2.885213 -1.405383 12
0.567495 2.841774 -1.398707 12
0.607972 2.789701 -1.380850 12
0.642689 2.728418 -1.351419 12
0.678325 2.667041 -1.322536 12
0.721562 2.615861 -1.307316 12
0.763978 2.562509 -1.289738 12
0.797322 2.493274 -1.252751 11
0.845338 2.446740 -1.244683 11
0.889597 2.393019 -1.228076 11
0.929949 2.331122 -1.201990 11
0.959780 2.247908 -1.150934 11
0.995849 2.173499 -1.111471 11
1.056934 2.146299 -1.128516 11
1.078030 2.037205 -1.049844 2
1.091841 1.907235 -0.948703 6
1.162733 1.896898 -0.986579 6
0.987840 1.323076 -0.385006 10
1.060037 1.298169 -0.411447 10
1.031298 1.023771 -0.159979 10
1.091345 0.959725 -0.145308 10
1.166880 0.935361 -0.174502 10
1.248568 0.929571 -0.223523 10
1.302775 0.846255 -0.188771 10
1.400783 0.892907 -0.293044 10
1.469900 0.854964 -0.306627 10
1.544158 0.834202 -0.338185 10
1.627619 0.847475 -0.404674 10
1.682004 0.758079 -0.365050 10
1.830097 1.028993 -0.692442 8
1.924834 1.114173 -0.827339 8
1.985917 1.066166 -0.827265 8
2.051341 1.036274 -0.845423 8
2.113663 0.991217 -0.848725 8
2.178037 0.955033 -0.860923 8
2.241687 0.913884 -0.868469 8
2.308934 0.892966 -0.895546 8
2.372898 0.851716 -0.903275 8
2.429484 0.754973 -0.859203 8
2.498851 0.746168 -0.898021 8
2.522599 0.340999 -0.571383 8
-1.350705 3.320113 -0.431642 2
-1.258884 3.293099 -0.468962 2
-1.211918 3.235056 -0.449414 2
-1.140461 3.195060 -0.461909 2
-1.005043 3.205048 -0.560554 12
-0.679808 3.368939 -0.919689 6
-0.494567 3.431159 -1.097074 2
-0.485972 3.351671 -1.033398 2
-0.453356 3.290954 -1.002087 2
-0.464296 3.190780 -0.907409 12
-0.310873 3.237375 -1.050074 12
-0.275939 3.178153 -1.021657 12
-0.190076 3.167236 -1.069259 12
0.051043 3.312319 -1.356197 2
0.125536 3.298153 -1.393432 2
0.195030 3.280290 -1.424131 2
0.274391 3.274393 -1.471844 2
0.299930 3.210630 -1.433307 2
0.333952 3.155143 -1.407645 2
0.379385 3.112142 -1.400478 2
0.423919 3.067823 -1.391577 12
0.487213 3.046593 -1.415302 12
0.542494 3.016098 -1.425633 12
0.553111 2.926936 -1.355123 12
0.619534 2.910769 -1.385387 12
0.637296 2.827540 -1.324837 12
0.703592 2.811799 -1.355417 12
0.738637 2.750733 -1.325716 12
0.771877 2.685368 -1.291087 12
0.810587 2.626886 -1.266113 12
0.838552 2.549374 -1.217427 12
0.892920 2.513942 -1.222991 11
0.932991 2.453562 -1.197323 11
0.959909 2.367764 -1.140782 11
0.991439 2.287212 -1.091902 11
1.045823 2.247839 -1.094113 11
1.095748 2.199311 -1.085403 11
1.088686 2.031518 -0.934941 11
1.140483 1.980761 -0.925582 11
1.161671 1.860554 -0.835411 6
1.022661 1.362391 -0.309670 10
1.064475 1.263844 -0.252174 10
1.074402 1.080641 -0.099813 10
1.130407 1.005860 -0.072509 10
1.200090 0.965345 -0.084147 10
1.267616 0.918648 -0.088991 10
1.355554 0.931803 -0.159505 10
1.441580 0.943827 -0.227771 10
1.514327 0.917476 -0.253834 10
1.586799 0.891256 -0.279845 10
1.657458 0.859601 -0.299942 10
1.722431 0.806948 -0.298016 10
1.869878 1.080969 -0.634962 8
1.951267 1.112395 -0.717047 8
2.017960 1.085901 -0.739021 8
2.081214 1.043733 -0.745105 8
2.143922 0.997322 -0.747158 8
2.212010 0.977964 -0.776313 8
2.282764 0.975893 -0.822273 8
2.341449 0.901964 -0.797808 8
2.410009 0.888192 -0.832178 8
2.472228 0.829516 -0.823357 8
2.500633 0.483463 -0.542607 8
2.539401 0.160810 -0.289163 8
-1.319454 3.366623 -0.361111 6
-1.252773 3.321592 -0.366393 6
-1.134751 3.314155 -0.440149 2
-1.061437 3.276231 -0.456293 2
-0.998998 3.230858 -0.458399 2
-0.892789 3.220324 -0.521367 12
-0.733637 3.255064 -0.660740 12
-0.501736 3.355394 -0.908110 2
-0.560989 3.214729 -0.742446 12
-0.453588 3.215660 -0.816461 12
-0.325678 3.238025 -0.923547 12
-0.250079 3.215524 -0.955033 12
-0.053153 3.310965 -1.174243 2
0.070566 3.342135 -1.286330 6
0.161336 3.344057 -1.349919 6
0.206610 3.300847 -1.342315 6
0.292975 3.301773 -1.402026 2
0.352127 3.274915 -1.418452 2
0.373527 3.205674 -1.371412 2
0.406480 3.148227 -1.342754 2
0.430741 3.079157 -1.297828 12
0.524779 3.095318 -1.376356 12
0.584198 3.070320 -1.394644 12
0.621606 3.016971 -1.372692 12
0.660924 2.965261 -1.353506 12
0.703140 2.916745 -1.339145 12
0.731469 2.847380 -1.296762 12
0.788986 2.819655 -1.311351 12
0.820628 2.752569 -1.273267 12
0.842393 2.667775 -1.212692 12
0.890189 2.622675 -1.205204 12
0.936254 2.574078 -1.193429 12
0.980682 2.521784 -1.177253 11
0.996535 2.416455 -1.094396 11
1.042630 2.363189 -1.078504 11
1.087414 2.306170 -1.058384 11
1.118471 2.219962 -1.002934 11
1.113016 2.053744 -0.851392 11
1.182955 2.041281 -0.888098 11
1.232852 1.985536 -0.872625 11
1.052519 1.389882 -0.219739 10
1.073821 1.239898 -0.100941 10
1.082876 1.049913 0.061787 10
1.132331 0.953889 0.113350 10
1.228274 0.980948 0.023695 10
1.273819 0.869252 0.091853 10
1.392808 0.971532 -0.080449 10
1.463264 0.934561 -0.095772 10
1.560697 0.986662 -0.208736 10
1.603460 0.858405 -0.123979 10
1.696559 0.904065 -0.228265 10
1.812116 1.045077 -0.432681 8
1.922235 1.184115 -0.631628 8
1.987189 1.149216 -0.645065 8
2.049430 1.101575 -0.645326 8
2.124020 1.112104 -0.705750 8
2.191718 1.092506 -0.734684 8
2.248173 1.011499 -0.701346 8
2.312760 0.971651 -0.710164 8
2.381502 0.957393 -0.744577 8
2.447364 0.925271 -0.761146 8
2.510248 0.869030 -0.754247 8
-1.287657 3.413602 -0.290855 6
-1.234834 3.358683 -0.277870 6
-1.139544 3.334149 -0.322167 2
-1.034063 3.318893 -0.382013 2
-0.997041 3.253900 -0.348811 2
-0.811688 3.304149 -0.523990 12
-0.649849 3.341512 -0.671020 12
-0.578746 3.308839 -0.690990 12
-0.487845 3.293991 -0.740990 12
-0.433979 3.248575 -0.737322 12
-0.289763 3.284923 -0.871098 12
-0.214254 3.262239 -0.903205 12
-0.166078 3.214719 -0.893633 12
0.123232 3.404710 -1.268433 6
0.204342 3.397254 -1.318283 6
0.263588 3.368945 -1.333897 6
0.282963 3.298469 -1.283318 2
0.375570 3.307272 -1.355968 2
0.395913 3.236576 -1.305854 2
0.332881 3.066057 -1.106730 12
0.457154 3.114254 -1.237304 12
0.495935 3.061246 -1.216134 12
0.583189 3.069662 -1.284672 12
0.658219 3.064804 -1.332597 12
0.708276 3.027908 -1.333940 12
0.733209 2.955663 -1.285584 12
0.764509 2.890440 -1.248053 12
0.813087 2.849321 -1.244507 12
0.861108 2.807076 -1.239541 12
0.896021 2.743521 -1.206034 12
0.936115 2.686725 -1.182286 12
0.968482 2.615371 -1.139893 12
1.003487 2.546278 -1.101393 11
1.033435 2.465675 -1.048884 11
1.082536 2.418142 -1.039825 11
1.111049 2.329491 -0.978978 11
1.132384 2.222432 -0.896362 6
1.182461 2.170571 -0.884027 11
1.204273 2.055789 -0.794701 11
1.043885 1.521567 -0.196501 10
1.063617 1.372691 -0.074667 10
1.115648 1.294227 -0.039443 10
1.102383 1.045669 0.196165 10
1.140204 0.915453 0.288428 10
1.261995 1.011030 0.116591 10
1.329872 0.962191 0.113827 10
1.417356 0.972174 0.043845 10
1.490863 0.942307 0.019895 10
1.584205 0.979729 -0.079144 10
1.647233 0.918132 -0.066885 10
1.772065 1.083344 -0.304228 8
1.881515 1.210875 -0.496539 8
1.965359 1.251122 -0.591518 8
2.029741 1.214614 -0.603033 8
2.096592 1.189121 -0.626293 8
2.160086 1.147635 -0.632642 8
2.229619 1.137108 -0.671389 8
2.300942 1.140051 -0.723647 8
2.361552 1.081292 -0.712237 8
2.424658 1.034332 -0.713305 8
2.480188 0.927225 -0.654302 8
2.529838 0.754927 -0.531810 8
-1.167554 3.430066 -0.255108 6
-1.104759 3.382766 -0.256296 6
-1.018065 3.353359 -0.291186 2
-0.920359 3.333702 -0.342991 12
-0.768758 3.357895 -0.474069 12
-0.621577 3.383094 -0.602893 12
-0.527313 3.369191 -0.657515 12
-0.505518 3.295874 -0.605083 12
-0.413166 3.282694 -0.658971 12
-0.267455 3.319583 -0.797521 12
-0.168489 3.318163 -0.867028 12
-0.144692 3.247673 -0.818584 12
0.089678 3.382470 -1.111451 2
0.220218 3.422949 -1.242415 6
0.248754 3.362102 -1.206272 6
0.292121 3.315954 -1.194376 2
0.362072 3.298848 -1.228461 2
0.281578 3.111869 -0.997101 12
0.383897 3.130394 -1.087408 12
0.441974 3.099089 -1.099760 12
0.500672 3.069103 -1.113766 12
0.591704 3.081255 -1.190039 12
0.666179 3.074686 -1.237061 12
0.744847 3.075847 -1.294254 12
0.785604 3.026041 -1.276953 12
0.819035 2.964754 -1.243724 12
0.866565 2.923055 -1.238769 12
0.889374 2.842684 -1.180170 12
0.924692 2.779444 -1.146420 12
0.971083 2.732748 -1.135952 12
1.009166 2.671124 -1.105646 12
1.045346 2.604369 -1.069189 12
1.091245 2.553282 -1.054231 12
1.112197 2.453725 -0.976339 11
1.152457 2.387543 -0.943269 6
1.183229 2.299750 -0.883291 11
1.225952 2.233353 -0.851738 11
1.227132 2.073194 -0.703226 11
1.037850 1.467640 -0.004077 10
1.056786 1.311589 0.128033 10
1.021579 1.011855 0.432610 10
1.114094 1.020030 0.359356 10
1.202129 1.020548 0.296443 10
1.279715 0.995419 0.264889 10
1.360493 0.981135 0.220974 10
1.435762 0.952314 0.194549 10
1.511512 0.926093 0.165378 10
1.600482 0.946164 0.083658 10
1.685357 0.957744 0.012783 8
1.869661 1.350898 -0.484629 8
1.930936 1.301326 -0.481681 8
2.002387 1.292939 -0.524362 8
2.071373 1.276518 -0.557782 8
2.134912 1.235962 -0.564797 8
2.195221 1.177464 -0.552760 8
2.266617 1.176292 -0.602065 8
2.329843 1.130932 -0.604319 8
2.398427 1.117776 -0.640411 8
2.466436 1.103597 -0.675124 8
2.502979 0.845891 -0.460171 8
-1.226973 3.414477 -0.058532 6
-1.192620 3.344963 -0.018090 6
-1.034230 3.364716 -0.153265 2
-0.926229 3.351290 -0.219970 12
-0.703228 3.429047 -0.457465 12
-0.644056 3.384424 -0.458693 12
-0.512076 3.399765 -0.570158 12
-0.435932 3.371903 -0.599666 12
-0.309980 3.388562 -0.707894 12
-0.232139 3.366011 -0.743624 12
-0.137393 3.360483 -0.807864 12
-0.086749 3.315472 -0.802290 12
-0.059054 3.247991 -0.758547 12
0.044957 3.256061 -0.842396 12
0.105002 3.221646 -0.853682 12
0.186326 3.210551 -0.902665 12
0.277149 3.211877 -0.970372 12
0.316528 3.157406 -0.947399 12
0.387504 3.139144 -0.981920 12
0.440575 3.100682 -0.984120 12
0.500661 3.071089 -0.999854 12
0.604530 3.098396 -1.101663 12
0.686234 3.100579 -1.163359 12
0.743270 3.071645 -1.177414 12
0.836052 3.093726 -1.266080 12
0.862587 3.023169 -1.218212 12
0.886814 2.946902 -1.163195 12
0.942556 2.916988 -1.175269 12
0.971510 2.844480 -1.127224 12
1.010198 2.785671 -1.099292 12
1.039408 2.709005 -1.047416 12
1.079170 2.648266 -1.018371 12
1.122714 2.592739 -0.997018 12
1.170615 2.544115 -0.985388 12
1.204096 2.465986 -0.935108 12
1.226393 2.361668 -0.851691 11
1.268945 2.295283 -0.819145 11
1.259460 2.111110 -0.636392 11
1.291088 2.009835 -0.562557 11
1.131035 1.443030 0.094733 10
1.119413 0.975925 0.549487 10
1.180911 0.900060 0.577574 10
1.293270 0.966113 0.433310 10
1.380800 0.968251 0.368107 10
1.455308 0.933793 0.347324 10
1.546747 0.955568 0.260594 10
1.655014 1.041995 0.099939 8
1.819150 1.345963 -0.309002 8
1.905339 1.387975 -0.411209 8
1.975245 1.372483 -0.446655 8
2.029095 1.289474 -0.405922 8
2.108272 1.317013 -0.489145 8
2.162160 1.227738 -0.442380 8
2.234949 1.230336 -0.497085 8
2.305912 1.227781 -0.545515 8
2.372440 1.202391 -0.568876 8
2.438275 1.173136 -0.588009 8
2.487102 1.017518 -0.473948 8
-1.526723 3.136389 0.579154 12
-1.015420 3.401937 -0.062897 2
-1.261176 3.124694 0.390114 12
-0.697406 3.454163 -0.353125 12
-0.570920 3.461918 -0.455926 12
-0.480701 3.443706 -0.506263 12
-0.365008 3.448762 -0.598241 12
-0.263964 3.444407 -0.670048 12
-0.205292 3.404910 -0.675925 12
-0.110701 3.398805 -0.741103 12
-0.043975 3.368758 -0.762106 12
0.014478 3.331552 -0.769918 12
0.047055 3.268787 -0.733480 12
0.160794 3.288923 -0.838317 12
0.207112 3.241032 -0.826539 12
0.313940 3.259406 -0.924405 12
0.346284 3.197053 -0.888036 12
0.401194 3.159791 -0.892901 12
0.485704 3.158495 -0.954831 12
0.497793 3.069574 -0.877368 12
0.613138 3.110132 -1.002977 12
0.709268 3.130411 -1.094466 12
0.773229 3.110520 -1.122802 12
0.826863 3.077228 -1.130349 12
0.905509 3.080707 -1.192325 12
0.932489 3.009002 -1.142507 12
0.982425 2.970688 -1.142293 12
1.020084 2.912461 -1.113489 12
1.053124 2.844998 -1.072204 12
1.102282 2.803140 -1.067841 12
1.147266 2.753398 -1.052647 12
1.146792 2.618445 -0.920485 12
1.196327 2.572180 -0.911984 12
1.258573 2.550460 -0.936841 12
1.253588 2.390743 -0.777022 11
1.308736 2.350533 -0.778475 11
1.261756 2.081722 -0.480857 11
1.194506 1.746709 -0.103470 2
1.319938 0.972397 0.562204 10
1.405180 0.965703 0.506124 10
1.492085 0.967717 0.440341 10
1.583191 0.988144 0.353482 10
1.783078 1.398159 -0.194928 8
1.874007 1.453121 -0.315413 8
1.923738 1.356378 -0.256956 8
1.998571 1.356782 -0.312077 8
2.073746 1.363075 -0.373179 8
2.129664 1.283237 -0.335689 8
2.193966 1.239206 -0.339399 8
2.271386 1.265173 -0.421305 8
2.344164 1.273000 -0.481986 8
2.389427 1.110257 -0.355208 8
2.478059 1.228258 -0.535458 8
2.501808 0.871757 -0.202779 8
-0.841052 3.459537 -0.111369 12
-0.682380 3.486652 -0.260793 12
-0.497016 3.539668 -0.456339 12
-0.389235 3.536350 -0.536300 12
-0.267863 3.547183 -0.640674 12
-0.257410 3.466240 -0.568735 12
-0.187820 3.435595 -0.592067 12
-0.041577 3.475997 -0.744693 12
0.005606 3.428412 -0.733897 12
0.004658 3.333885 -0.639522 12
0.108487 3.341167 -0.726550 12
0.187841 3.326403 -0.772861 12
0.247669 3.292647 -0.785287 12
0.322350 3.275769 -0.825811 12
0.367418 3.226962 -0.811871 12
0.431452 3.199865 -0.833980 12
0.484333 3.160244 -0.835050 12
0.555225 3.143111 -0.872216 12
0.623200 3.123749 -0.904882 12
0.686820 3.099957 -0.929762 12
0.735103 3.056197 -0.922997 12
0.868132 3.131945 -1.099900 2
0.901064 3.069071 -1.062284 12
0.970991 3.060334 -1.106781 12
1.023358 3.026093 -1.112422 12
1.051557 2.952935 -1.060800 12
1.098350 2.908268 -1.051701 12
1.155503 2.880930 -1.067727 12
1.192582 2.818160 -1.033073 12
1.198829 2.695979 -0.915619 12
1.250596 2.655175 -0.913952 12
1.297355 2.603932 -0.898004 12
1.316749 2.494459 -0.803052 12
1.283016 2.264032 -0.546853 11
1.294034 2.118586 -0.409454 11
1.227936 1.783102 -0.023513 2
1.270949 1.689164 0.038297 6
1.314065 1.590693 0.104636 6
1.346290 0.705661 0.968517 10
1.514825 0.955519 0.591649 10
1.702747 1.302304 0.103031 8
1.800368 1.367901 -0.035697 8
1.873393 1.351956 -0.074109 8
1.954901 1.372449 -0.155393 8
2.043925 1.432034 -0.281499 8
2.117258 1.432473 -0.336428 8
2.195029 1.459205 -0.421030 8
2.244594 1.346781 -0.344726 8
2.309115 1.306063 -0.351561 8
2.378183 1.291615 -0.388127 8
2.441726 1.243068 -0.386248 8
2.472211 0.946927 -0.110788 8
-0.559142 3.688930 -0.423341 13
-0.485376 3.656931 -0.449642 13
-0.463218 3.585797 -0.395553 12
-0.413232 3.535626 -0.384567 12
-0.270509 3.562273 -0.524394 12
-0.193813 3.537162 -0.559691 12
-0.124174 3.507196 -0.584440 12
-0.053834 3.478891 -0.611357 12
0.029747 3.464101 -0.662326 12
0.051349 3.391251 -0.605598 12
0.165642 3.409111 -0.713700 12
0.223948 3.373271 -0.723244 12
0.260305 3.314596 -0.692303 12
0.342554 3.305191 -0.747359 12
0.393888 3.262967 -0.744756 12
0.445140 3.220633 -0.741912 12
0.495646 3.177358 -0.737464 12
0.582225 3.178792 -0.806678 12
0.750493 3.287839 -1.049267 2
0.834476 3.294968 -1.122127 2
0.859810 3.224765 -1.070334 2
0.903360 3.178132 -1.056722 2
0.945776 3.129202 -1.039823 2
1.000414 3.097951 -1.050422 12
1.057007 3.070143 -1.065999 12
1.104360 3.027956 -1.059645 12
1.135736 2.958498 -1.012955 12
1.182650 2.913623 -1.003393 12
1.246361 2.898359 -1.037077 12
1.241190 2.755722 -0.887022 12
1.282797 2.695722 -0.857685 12
1.334093 2.653363 -0.853841 12
1.309635 2.451566 -0.628093 12
1.315901 2.303315 -0.480852 11
1.346450 2.200959 -0.399307 11
1.337266 1.998920 -0.184859 11
1.309408 1.736360 0.106127 6
1.371940 1.687098 0.108827 6
1.502081 0.824560 0.896439 8
1.751606 1.380860 0.134141 8
1.851868 1.459412 -0.022881 8
1.920343 1.428504 -0.043000 8
1.992600 1.413644 -0.082441 8
2.076520 1.452400 -0.185869 8
2.148803 1.446650 -0.234568 8
2.210291 1.390619 -0.223227 8
2.283437 1.393939 -0.281783 8
2.341294 1.313479 -0.242379 8
2.412169 1.307252 -0.289238 8
2.434134 0.963491 0.048804 8
-0.638244 3.826526 -0.364204 13
-0.527829 3.818747 -0.446214 13
-0.466740 3.777864 -0.453986 13
-0.426823 3.721628 -0.428673 13
-0.352611 3.691449 -0.457961 13
-0.307570 3.639137 -0.440689 13
-0.276781 3.574795 -0.399376 13
-0.126241 3.611226 -0.559000 13
-0.099613 3.544272 -0.511461 13
-0.017452 3.526255 -0.559337 12
0.050649 3.496880 -0.584024 12
0.096126 3.446708 -0.568841 12
0.170568 3.424985 -0.606411 12
0.231422 3.390769 -0.620004 12
0.322137 3.388778 -0.690989 12
0.338508 3.308198 -0.620519 12
0.391348 3.266293 -0.619452 12
0.470924 3.255570 -0.672183 12
0.548862 3.244930 -0.723610 12
0.685985 3.309829 -0.901003 2
0.792203 3.342060 -1.019562 2
0.851009 3.316183 -1.039585 2
0.916688 3.300534 -1.075693 2
0.930299 3.212575 -0.994737 2
0.985548 3.182137 -1.006948 2
1.035721 3.144460 -1.007484 2
1.072726 3.086033 -0.975788 12
1.119332 3.041642 -0.966325 12
1.188155 3.034091 -1.012969 12
1.220166 2.964318 -0.965220 12
1.246786 2.882198 -0.900198 12
1.269826 2.789783 -0.821481 12
1.311465 2.729286 -0.790845 12
1.353900 2.668431 -0.760386 12
1.409446 2.633220 -0.767094 12
1.345695 2.335610 -0.404321 11
1.374462 2.227918 -0.313683 11
1.378263 2.054395 -0.134175 11
1.363101 1.821402 0.122816 6
1.736295 1.510740 0.159606 8
1.811359 1.498524 0.114353 8
1.886675 1.490069 0.065026 8
1.958435 1.470868 0.029876 8
2.021216 1.415908 0.039490 8
2.109746 1.473817 -0.089822 8
2.187658 1.493723 -0.170741 8
2.243900 1.409454 -0.124879 8
2.308643 1.364287 -0.126766 8
2.376476 1.335574 -0.148322 8
2.425367 1.181460 -0.022752 8
-0.611042 3.951992 -0.379698 13
-0.520292 3.930062 -0.432723 13
-0.461317 3.887808 -0.437795 13
-0.398496 3.848776 -0.449366 13
-0.378253 3.778686 -0.392710 13
-0.297148 3.753945 -0.434353 13
-0.203863 3.740397 -0.497819 13
-0.138194 3.706434 -0.516719 13
-0.034539 3.705408 -0.601814 3
-0.001014 3.646096 -0.567097 13
0.008234 3.564007 -0.488103 4
0.083723 3.541123 -0.526477 13
0.180429 3.540048 -0.605391 12
0.200258 3.465633 -0.543002 12
0.281630 3.452171 -0.595943 12
0.341179 3.417639 -0.608443 12
0.404966 3.388285 -0.629840 12
0.429015 3.315064 -0.571839 12
0.481077 3.272372 -0.569238 12
0.581318 3.287523 -0.667656 12
0.680026 3.304568 -0.766744 2
0.780984 3.328377 -0.874797 2
0.867358 3.337143 -0.954788 2
0.917731 3.299765 -0.956029 2
0.993287 3.298138 -1.015921 2
1.049747 3.270960 -1.032858 2
1.070466 3.190116 -0.963221 2
1.111881 3.138661 -0.941778 12
1.166590 3.107791 -0.953090 12
1.208202 3.055152 -0.930370 12
1.256431 3.012854 -0.924012 12
1.256185 2.881766 -0.783110 12
1.297550 2.821967 -0.752250 12
1.338279 2.759024 -0.717412 12
1.397377 2.731444 -0.735284 12
1.439796 2.669008 -0.702174 12
1.459277 2.553400 -0.593351 12
1.356858 2.148905 -0.075733 11
1.363316 1.974790 0.106716 11
1.749195 1.467627 0.347767 8
1.836812 1.495344 0.248678 8
1.912061 1.483779 0.201922 8
1.991965 1.494117 0.127913 8
2.071214 1.507663 0.051054 8
2.156093 1.553875 -0.065475 8
2.225170 1.533619 -0.097568 8
2.286408 1.473418 -0.080175 8
2.352370 1.435815 -0.090844 8
2.375008 1.123386 0.230100 8
2.445180 1.085462 0.216712 8
-0.643469 4.118280 -0.389827 13
-0.574295 4.081329 -0.410012 13
-0.495578 4.051455 -0.445843 13
-0.483964 3.978009 -0.377385 13
-0.398364 3.954090 -0.425275 13
-0.356190 3.900817 -0.404400 13
-0.367741 3.807550 -0.294540 13
-0.318857 3.757405 -0.282549 3
-0.154888 3.797838 -0.466108 3
-0.066075 3.782946 -0.525898 3
0.017377 3.765624 -0.578397 3
0.035022 3.693054 -0.515194 13
0.092899 3.654734 -0.523068 13
0.174609 3.638913 -0.575392 13
0.183051 3.554965 -0.491769 13
0.268536 3.544427 -0.552802 12
0.311232 3.492490 -0.532654 12
0.369952 3.456860 -0.543635 12
0.430364 3.423569 -0.558481 12
0.466922 3.364106 -0.524671 12
0.557782 3.366540 -0.603806 12
0.613141 3.329369 -0.609868 12
0.651341 3.271190 -0.578528 12
0.798496 3.351572 -0.789567 6
0.903492 3.384338 -0.913227 6
0.943948 3.333482 -0.891470 6
1.012083 3.321019 -0.934704 6
1.090953 3.326111 -1.006002 2
1.101684 3.230398 -0.910090 2
1.116427 3.136684 -0.819606 6
1.153184 3.074775 -0.782179 12
1.241777 3.098984 -0.882123 12
1.238108 2.965208 -0.732120 12
1.301277 2.946171 -0.763334 12
1.357205 2.914702 -0.774803 12
1.412779 2.882856 -0.785468 12
1.428100 2.768394 -0.671965 12
1.452217 2.666132 -0.579022 12
1.448736 2.496398 -0.388975 12
1.523448 2.497435 -0.451167 12
1.696387 1.475985 0.538238 8
1.800365 1.553047 0.369134 8
1.876100 1.540346 0.322341 8
1.946500 1.509885 0.299638 8
2.023372 1.506931 0.241368 8
2.097502 1.496292 0.193936 8
2.173571 1.498320 0.131021 8
2.246561 1.490156 0.081990 8
2.317574 1.475164 0.042232 8
2.402792 1.548655 -0.106954 8
2.398597 1.053415 0.446608 8
-0.599991 4.170723 -0.344838 13
-0.499264 4.153301 -0.414909 13
-0.423103 4.122399 -0.448494 13
-0.432468 4.036070 -0.346092 13
-0.470331 3.927630 -0.194324 13
-0.511224 3.813017 -0.033018 13
-0.417752 3.792452 -0.092644 13
-0.223031 3.850558 -0.327265 3
-0.081181 3.874524 -0.477929 3
-0.014170 3.842769 -0.501698 3
0.094830 3.847032 -0.601705 3
0.128031 3.789199 -0.566973 3
0.147750 3.718461 -0.506128 3
0.206438 3.681857 -0.516813 13
0.210731 3.594024 -0.423414 13
0.299368 3.586188 -0.491729 12
0.323590 3.515360 -0.434233 12
0.429632 3.528579 -0.540745 12
0.440761 3.442654 -0.454921 12
0.514665 3.424179 -0.498197 12
0.575659 3.392378 -0.515390 12
0.624719 3.346970 -0.507028 12
0.676151 3.304236 -0.503572 12
0.814137 3.372380 -0.698082 6
0.941281 3.433729 -0.875591 6
0.992734 3.398180 -0.879839 6
1.062695 3.389095 -0.929418 6
1.112453 3.352261 -0.930561 6
1.125001 3.258585 -0.836167 6
1.144883 3.172282 -0.756174 6
1.174388 3.098055 -0.697801 12
1.233951 3.072217 -0.719181 12
1.286801 3.035328 -0.722338 12
1.347890 3.013542 -0.749343 12
1.395569 2.967217 -0.737284 12
1.447895 2.929246 -0.738441 12
1.450474 2.787844 -0.581007 12
1.467767 2.669174 -0.461457 12
1.481999 2.536326 -0.323208 12
1.556637 2.537193 -0.386452 12
1.694544 1.382169 0.808837 8
1.783546 1.399941 0.715604 8
1.873117 1.426780 0.611749 8
1.979133 1.527291 0.410854 8
2.050434 1.499024 0.384853 8
2.137260 1.542313 0.264958 8
2.211798 1.537352 0.210085 8
2.280082 1.504040 0.192689 8
2.334893 1.393555 0.274195 8
2.366600 1.124167 0.555463 8
-0.546388 4.306304 -0.401327 13
-0.443708 4.289860 -0.476375 13
-0.433944 4.218865 -0.406407 13
-0.411473 4.154347 -0.355025 13
-0.500619 4.015496 -0.119677 13
-0.522305 3.916205 0.010685 13
-0.502586 3.842627 0.075074 13
-0.305265 3.896498 -0.163152 3
-0.197374 3.890371 -0.253463 3
-0.038576 3.926676 -0.437033 3
0.032384 3.898162 -0.468736 4
0.106171 3.873176 -0.506813 3
0.177434 3.847399 -0.541606 3
0.195919 3.776114 -0.477720 3
0.225068 3.712775 -0.432205 13
0.256767 3.650570 -0.390116 12
0.305881 3.604207 -0.381343 12
0.349555 3.552196 -0.361197 12
0.407588 3.514662 -0.370099 12
0.488418 3.502209 -0.427581 12
0.524193 3.441460 -0.390103 12
0.593029 3.417712 -0.423854 12
0.653847 3.385657 -0.440926 12
0.696344 3.331587 -0.416600 12
0.765858 3.311261 -0.454457 12
0.941018 3.432618 -0.746990 6
1.019463 3.432584 -0.815648 6
1.071369 3.397500 -0.820794 6
1.111049 3.344530 -0.794620 2
1.169174 3.318604 -0.815458 6
1.122953 3.127801 -0.555873 12
1.177938 3.092062 -0.562445 12
1.263349 3.108549 -0.655398 12
1.338189 3.110442 -0.722259 12
1.385040 3.063608 -0.708625 12
1.438508 3.028585 -0.714202 12
1.499055 3.007768 -0.742154 12
1.493999 2.851036 -0.556533 12
1.499595 2.706906 -0.394488 12
1.556309 2.669498 -0.399570 12
1.607703 2.619261 -0.385118 12
1.724234 1.389489 0.945753 8
1.798234 1.351465 0.928116 8
1.876460 1.329764 0.888102 8
1.997778 1.485712 0.605300 8
2.069685 1.453566 0.583046 8
2.150985 1.465907 0.501271 8
2.246883 1.559268 0.313036 8
2.315966 1.527662 0.292957 8
2.376439 1.445158 0.339550 8
-1.253100 6.029636 -1.483830 5
-1.144825 5.988880 -1.543929 5
-0.638395 4.435029 -0.318231 13
-0.503416 4.432711 -0.441839 13
-0.476562 4.373016 -0.399467 13
-0.418326 4.330886 -0.406107 13
-0.354045 4.292924 -0.422955 13
-0.375570 4.201925 -0.299562 13
-0.541460 4.014146 0.068267 13
-0.519114 3.943119 0.128473 13
-0.481009 3.881696 0.163268 13
-0.464567 3.803997 0.236885 13
-0.218759 3.895338 -0.094930 7
-0.103900 3.895638 -0.201294 3
0.055750 3.935000 -0.393655 4
0.122601 3.903821 -0.419309 3
0.176589 3.862663 -0.421500 3
0.235777 3.826356 -0.433911 3
0.262030 3.760600 -0.381979 13
0.304913 3.709052 -0.361552 13
0.352069 3.661174 -0.349131 13
0.395366 3.609144 -0.328227 13
0.444253 3.562380 -0.318381 12
0.512453 3.536232 -0.349914 12
0.564768 3.493542 -0.347626 12
0.614959 3.448400 -0.340407 12
0.658150 3.394696 -0.316720 12
0.709457 3.350212 -0.310984 12
0.746112 3.286764 -0.269715 12
0.797102 3.240774 -0.261632 12
0.860022 3.210864 -0.282963 12
0.957277 3.230737 -0.393332 12
1.022589 3.207850 -0.424756 12
1.046559 3.122777 -0.346002 12
1.106790 3.091940 -0.363246 12
1.191650 3.102476 -0.450995 12
1.272042 3.109181 -0.530114 12
1.348906 3.113113 -0.602696 12
1.407424 3.086220 -0.622504 12
1.463479 3.055300 -0.635237 12
1.485281 2.955600 -0.536278 12
1.519878 2.877255 -0.473707 12
1.538931 2.760907 -0.352316 12
1.590519 2.712002 -0.339234 12
1.600138 2.560875 -0.168021 12
1.636185 2.465285 -0.085639 12
1.990902 1.332486 0.961829 8
2.112521 1.507698 0.649336 8
2.187880 1.492741 0.603603 8
2.246598 1.394517 0.671718 8
2.326310 1.404036 0.593378 8
-1.421709 6.162500 -1.333418 5
-1.454830 6.106910 -1.241299 5
-1.003196 6.091728 -1.668368 5
-0.906250 6.051696 -1.720377 5
-0.872418 6.006392 -1.704623 5
-0.434111 4.497918 -0.440635 13
-0.406662 4.439360 -0.399398 13
-0.481482 4.321067 -0.190944 13
-0.491279 4.236546 -0.083668 13
-0.516140 4.140176 0.051922 13
-0.532870 4.045723 0.177695 13
-0.476099 3.997095 0.180225 13
-0.188101 4.025029 -0.126269 7
-0.094592 4.008606 -0.195766 7
-0.054353 3.953703 -0.169501 7
-0.016528 3.896374 -0.137935 7
0.092559 3.896689 -0.241323 3
0.171445 3.874722 -0.289809 3
0.263583 3.866039 -0.366283 3
0.267431 3.779841 -0.267998 3
0.345738 3.760597 -0.318666 13
0.394905 3.714838 -0.310445 13
0.443081 3.667963 -0.299811 13
0.483850 3.613171 -0.272688 13
0.533490 3.567125 -0.264079 12
0.548524 3.482351 -0.176958 12
0.642928 3.486124 -0.269037 12
0.703152 3.452434 -0.284511 12
0.749060 3.401647 -0.266123 12
0.776586 3.326655 -0.201609 12
0.833491 3.288231 -0.207854 12
0.903571 3.268175 -0.248106 12
0.974483 3.250874 -0.292270 12
1.001754 3.170653 -0.220581 12
1.050310 3.120088 -0.203908 12
1.116625 3.097073 -0.236494 12
1.254298 3.193840 -0.478474 12
1.303749 3.149114 -0.469184 12
1.360487 3.116861 -0.481427 12
1.271739 2.812785 -0.032820 6
1.501753 3.107654 -0.597535 12
1.504547 2.969142 -0.431847 12
1.550967 2.914134 -0.406562 12
1.607697 2.880242 -0.416013 12
1.615340 2.732505 -0.242965 12
1.632374 2.596870 -0.092849 12
2.122243 1.408895 0.932451 8
2.203649 1.412319 0.858211 8
2.304427 1.526937 0.631037 8
-1.243730 6.215168 -1.436861 5
-1.033904 6.177709 -1.607953 5
-0.891551 6.139294 -1.709727 5
-0.792576 6.099751 -1.766334 5
-0.688298 6.062476 -1.830631 5
-0.659638 6.018556 -1.811193 5
-0.454269 4.588252 -0.382830 13
-0.349019 4.571048 -0.466469 13
-0.279707 4.536586 -0.494170 13
-0.290364 4.457622 -0.390417 13
-0.488967 4.265256 0.032462 13
-0.479314 4.189782 0.112487 13
-0.465723 4.115021 0.187993 13
-0.180520 4.136362 -0.116351 7
-0.097590 4.111558 -0.167622 7
-0.032406 4.075454 -0.187893 7
0.015218 4.026861 -0.175928 7
0.057418 3.973910 -0.153276 7
0.090165 3.912850 -0.111522 7
0.199707 3.915398 -0.220579 3
0.247621 3.867728 -0.209281 3
0.292150 3.816851 -0.190659 3
0.308523 3.739294 -0.112435 13
0.444576 3.775087 -0.286547 13
0.485338 3.721266 -0.260196 13
0.545226 3.686526 -0.275197 13
0.608800 3.656353 -0.299107 13
0.579871 3.524328 -0.110321 12
0.648185 3.497768 -0.142801 12
0.699476 3.452120 -0.135568 12
0.762042 3.420191 -0.155654 12
0.831124 3.397373 -0.192904 12
0.870576 3.336609 -0.155380 12
0.943727 3.320819 -0.204746 12
0.981923 3.256957 -0.161865 12
1.028651 3.203965 -0.140209 12
1.077122 3.152679 -0.122109 12
1.165930 3.165164 -0.220316 12
1.203620 3.096617 -0.170451 12
1.257278 3.053347 -0.166559 12
1.404826 3.179282 -0.459375 12
1.440182 3.107879 -0.403274 12
1.494852 3.071359 -0.408168 12
1.536122 3.007339 -0.366346 12
1.576498 2.938856 -0.317969 12
1.593941 2.815974 -0.180622 12
1.644271 2.761970 -0.159038 12
2.226781 1.359901 1.081265 8
-1.095065 6.263963 -1.513600 5
-0.951138 6.222433 -1.617133 5
-0.838397 6.181532 -1.688821 5
-0.724741 6.142748 -1.763648 5
-0.643989 6.103052 -1.803156 5
-0.578642 6.063092 -1.826231 5
-0.548441 6.020030 -1.809223 5
-0.476908 4.678152 -0.320403 13
-0.348216 4.670702 -0.442163 13
-0.350954 4.598213 -0.352289 13
-0.249235 4.580315 -0.433754 13
-0.148890 4.564028 -0.515580 13
-0.181468 4.472612 -0.372113 13
-0.145235 4.264631 -0.155963 7
-0.117589 4.202543 -0.107983 7
-0.027257 4.183321 -0.174997 7
0.034119 4.145193 -0.189699 7
0.056126 4.078127 -0.129388 7
0.097206 4.024455 -0.104357 7
0.139832 3.971544 -0.081602 7
0.173062 3.910335 -0.039077 7
0.222192 3.861839 -0.027830 3
0.238163 3.783468 0.053419 3
0.356073 3.797457 -0.080354 13
0.521926 3.861880 -0.323837 13
0.544463 3.791362 -0.258223 13
0.594370 3.747108 -0.252024 13
0.611817 3.668051 -0.170382 13
0.604779 3.559227 -0.027391 12
0.674705 3.533989 -0.063952 12
0.701123 3.458292 0.005319 12
0.762193 3.422950 -0.009549 12
0.834425 3.402473 -0.053728 12
0.880555 3.348969 -0.030875 12
0.902184 3.260789 0.059545 12
1.022581 3.310474 -0.118984 2
1.067352 3.254757 -0.091430 2
1.086913 3.158832 0.011371 2
1.163423 3.150027 -0.050469 2
1.228376 3.124438 -0.079795 12
1.318239 3.143409 -0.189218 12
1.380178 3.116540 -0.213661 12
1.400899 3.012543 -0.100713 12
1.509997 3.077420 -0.286199 12
1.556886 3.022984 -0.260722 12
1.619486 3.000801 -0.290989 12
1.625718 2.852415 -0.106969 12
1.651166 2.738660 0.015006 12
-1.443786 6.185243 -0.922403 5
-0.657869 6.185104 -1.761064 5
-0.587970 6.144449 -1.789558 5
-0.509534 6.105674 -1.829127 5
-0.458756 6.065259 -1.837160 5
-0.398629 6.026579 -1.856980 5
-0.410637 5.979288 -1.789879 5
-1.277811 5.807729 -0.668610 5
-0.466637 4.783921 -0.309861 13
-0.466861 4.713515 -0.223609 13
-0.267746 4.739527 -0.463301 13
-0.254028 4.676742 -0.400518 13
-0.178924 4.645455 -0.440184 13
-0.129557 4.601223 -0.436928 13
-0.076810 4.559167 -0.439664 13
-0.003418 4.529824 -0.479339 13
-0.085267 4.405453 -0.240200 7
-0.103764 4.315943 -0.109675 7
-0.024928 4.288315 -0.156483 7
0.042327 4.254185 -0.183028 7
0.074303 4.195678 -0.142576 7
0.114177 4.142194 -0.116316 7
0.151332 4.086116 -0.083798 7
0.176842 4.020021 -0.026541 7
0.191930 3.943849 0.054286 7
0.213907 3.871448 0.123546 3
0.465203 4.001575 -0.296628 13
0.483641 3.929479 -0.223731 13
0.574802 3.924912 -0.310103 13
0.598975 3.856730 -0.247570 13
0.580353 3.742677 -0.083162 13
0.487640 3.544414 0.263614 12
0.581887 3.541392 0.173028 12
0.634944 3.494311 0.180407 12
0.701859 3.463518 0.153245 12
0.768089 3.432886 0.126780 12
0.794483 3.352243 0.204579 12
0.879310 3.346388 0.128143 2
0.973427 3.356241 0.022437 2
1.000473 3.273965 0.102365 2
1.073545 3.257065 0.052486 2
1.184228 3.300448 -0.112331 2
1.209225 3.212377 -0.022219 6
1.277729 3.193378 -0.064246 6
1.317412 3.125612 -0.014461 6
1.368057 3.075371 0.002037 12
1.472854 3.127340 -0.167163 12
1.513423 3.059464 -0.117449 12
1.600094 3.084756 -0.233851 12
1.654506 3.045533 -0.234547 12
1.645748 2.861647 0.015170 12
-1.849185 6.211203 -0.360529 5
-1.512142 6.171497 -0.684893 5
-0.532851 6.185419 -1.775667 5
-0.452061 6.146654 -1.819470 5
-0.382687 6.108152 -1.850879 5
-0.355057 6.066198 -1.832318 5
-0.309403 6.026492 -1.835961 5
-0.311220 5.980905 -1.780527 5
-0.506962 4.867297 -0.217690 13
-0.371612 4.857813 -0.351525 13
-0.308826 4.818157 -0.369490 13
-0.217874 4.792912 -0.435489 13
-0.150375 4.757770 -0.463716 13
-0.101808 4.713709 -0.460246 13
-0.038685 4.677827 -0.482421 13
0.027245 4.644394 -0.510466 13
0.047481 4.585004 -0.456742 13
0.082325 4.533491 -0.428336 13
-0.011067 4.399896 -0.159107 7
0.046360 4.359245 -0.168050 7
0.080754 4.303299 -0.132843 7
0.111698 4.244215 -0.089741 7
0.156043 4.194107 -0.072061 7
0.111162 4.075403 0.127993 7
-0.000238 3.898494 0.473186 3
0.083419 3.872716 0.418934 3
0.458430 4.097627 -0.264362 13
0.514050 4.059836 -0.273277 13
0.569028 4.021889 -0.281097 13
0.614979 3.975735 -0.268625 13
0.635667 3.904382 -0.196852 13
0.625088 3.798863 -0.047843 13
0.669815 3.747432 -0.026523 13
0.533309 3.495630 0.444538 12
0.536070 3.387417 0.584069 12
0.701958 3.468137 0.307954 12
0.737537 3.397987 0.364241 12
0.789274 3.346527 0.379613 12
0.839582 3.292609 0.399938 12
0.966635 3.343948 0.203198 2
1.043591 3.330871 0.142856 6
1.131542 3.336552 0.046731 6
1.211082 3.332977 -0.028379 2
1.249030 3.265066 0.024214 6
1.306895 3.228365 0.015466 6
1.353295 3.171701 0.045064 6
1.408277 3.129243 0.047355 12
1.479953 3.118478 -0.009135 12
1.560885 3.128785 -0.102807 12
1.570457 2.993675 0.069363 12
1.624154 2.946236 0.080552 12
1.516714 2.525747 0.751878 12
-1.801031 6.204016 -0.242909 5
-1.775885 6.145278 -0.202451 5
-0.447207 6.183318 -1.746696 5
-0.330173 6.148231 -1.837312 5
-0.260232 6.110764 -1.871800 5
-0.234638 6.069470 -1.851548 5
-0.176282 6.032274 -1.872920 5
-0.186101 5.986531 -1.807074 5
-1.088043 5.804985 -0.573409 5
-1.062588 5.751088 -0.537049 5
-1.041886 5.696097 -0.493780 5
-0.364229 4.959927 -0.336450 13
-0.218240 4.956271 -0.493344 13
-0.196444 4.900030 -0.445670 13
-0.105630 4.875819 -0.514896 13
-0.105372 4.808706 -0.429075 13
-0.015542 4.786107 -0.498816 13
0.022793 4.737827 -0.478642 13
0.083790 4.702034 -0.499230 13
0.109930 4.646759 -0.456173 13
0.168904 4.610556 -0.473549 13
0.188807 4.550497 -0.416991 13
0.198634 4.482669 -0.339081 13
0.136131 4.363986 -0.115750 7
0.128437 4.278283 0.005091 7
0.168824 4.224766 0.031793 7
0.475369 4.212683 -0.282644 13
0.520637 4.166762 -0.270261 13
0.559604 4.115114 -0.243273 13
0.586743 4.052035 -0.188171 13
0.626815 3.999710 -0.160979 13
0.623723 3.904255 -0.029917 13
0.562178 3.745199 0.248688 13
0.488628 3.339927 0.871959 2
0.581255 3.329741 0.788478 2
0.679485 3.329402 0.686086 2
0.702690 3.236743 0.787493 2
0.754056 3.177852 0.813991 2
0.935540 3.297913 0.462218 12
1.081314 3.380017 0.199419 6
1.164450 3.378571 0.115567 6
1.249340 3.383164 0.021913 6
1.301372 3.338120 0.030168 2
1.344387 3.277290 0.069534 6
1.393438 3.225227 0.090963 6
1.380849 3.058039 0.333525 12
1.481213 3.097440 0.177598 12
1.475361 2.929359 0.415083 12
1.610596 3.047857 0.115474 12
-1.794637 6.194847 -0.071623 5
-1.735815 6.137477 -0.071255 5
-0.321109 6.184664 -1.770000 5
-0.246280 6.146953 -1.811344 5
-0.170316 6.110620 -1.855469 5
-0.121660 6.072461 -1.865509 5
-0.083705 6.033545 -1.862023 5
-0.067721 5.991856 -1.829495 5
-0.906398 5.817641 -0.644442 5
-0.929992 5.756989 -0.542335 5
-0.945297 5.696242 -0.449443 5
-0.864492 5.652969 -0.489056 5
-0.392880 5.047395 -0.261633 5
-0.307856 5.015513 -0.317204 5
-0.179954 5.003581 -0.447264 13
-0.105238 4.971220 -0.489967 13
-0.072758 4.920480 -0.460441 13
0.024533 4.900931 -0.545028 13
0.037640 4.840956 -0.480934 13
0.094325 4.802818 -0.494625 13
0.127157 4.752164 -0.464612 13
0.174548 4.709421 -0.461234 13
0.192327 4.649198 -0.401083 13
0.243918 4.608739 -0.404959 13
0.262933 4.547610 -0.344484 13
0.156693 4.401134 -0.029420 7
0.341005 4.449295 -0.299601 13
0.439984 4.365241 -0.296176 13
0.477351 4.313997 -0.268174 13
0.524881 4.270426 -0.261562 13
0.562963 4.218901 -0.233457 13
0.583207 4.151151 -0.163353 13
0.624223 4.100382 -0.138990 13
0.648099 4.032890 -0.072704 13
0.601611 3.894676 0.167722 13
0.616553 3.811596 0.265692 13
0.468169 3.323646 1.100160 2
0.622510 3.383623 0.850735 2
0.691653 3.347433 0.826691 2
0.773690 3.328609 0.764978 2
0.808673 3.249419 0.837950 6
0.865472 3.197714 0.849621 6
0.971926 3.217094 0.709479 12
1.224410 3.461142 0.100433 6
1.274222 3.412387 0.116243 6
1.328254 3.369750 0.119292 6
1.390835 3.341407 0.093538 6
1.347682 3.125865 0.442289 12
1.407604 3.085999 0.436105 12
1.463628 3.038586 0.444913 12
1.575608 3.104562 0.235731 12
-1.879964 6.180778 0.221123 5
-1.742466 6.126735 0.123008 5
-0.217080 6.184812 -1.769528 5
-0.118064 6.150097 -1.844906 5
-0.080833 6.110830 -1.840718 5
-0.031418 6.073320 -1.853031 5
0.021903 6.036963 -1.871228 5
0.032361 5.995160 -1.831325 5
-0.831284 5.814477 -0.575822 5
-0.775939 5.767308 -0.582141 5
-0.759886 5.713406 -0.532937 5
-0.713127 5.665143 -0.527120 5
-0.812366 5.585700 -0.307895 5
-0.281019 5.123905 -0.334391 5
-0.221051 5.083024 -0.350520 5
-0.153842 5.045891 -0.379839 5
-0.131968 4.989934 -0.330760 5
0.001514 4.984254 -0.478998 13
0.056417 4.944761 -0.489976 13
0.093815 4.897106 -0.469329 13
0.102516 4.834339 -0.394674 13
0.177949 4.806298 -0.444168 13
0.208852 4.754567 -0.409671 13
0.253932 4.710622 -0.401892 13
0.273608 4.651189 -0.343396 13
0.324862 4.610691 -0.346908 13
0.378510 4.572123 -0.355549 13
0.423053 4.527740 -0.345477 13
0.467741 4.483430 -0.335403 13
0.511675 4.438511 -0.323357 13
0.555373 4.393296 -0.310361 13
0.565370 4.320808 -0.220879 13
0.578119 4.248321 -0.134249 13
0.585252 4.168684 -0.030999 13
0.635198 4.124868 -0.025928 13
0.591225 3.993030 0.208645 13
0.664153 3.437988 0.912813 6
0.731793 3.399922 0.892439 2
0.774286 3.330444 0.944881 2
0.855101 3.310094 0.885379 6
0.889827 3.228039 0.964973 2
0.944508 3.171751 0.986174 2
1.025371 3.153980 0.923900 12
1.329984 3.489922 0.110463 6
1.351132 3.394623 0.225081 6
1.412570 3.363293 0.204270 6
1.360205 3.129006 0.599277 12
1.428198 3.102010 0.565777 12
1.515666 3.114532 0.454542 12
1.596146 3.117801 0.364467 12
-1.832596 6.173847 0.354834 5
-1.758623 6.115323 0.337133 5
-0.101715 6.186333 -1.787317 5
-0.042790 6.148846 -1.812389 5
0.021315 6.112809 -1.845429 5
0.056413 6.074313 -1.839529 5
0.090850 6.035995 -1.832821 5
0.116392 5.996604 -1.813613 5
-0.745435 5.813346 -0.522148 5
-0.722842 5.760733 -0.481791 5
-0.680880 5.711472 -0.469186 5
-0.660970 5.657876 -0.423694 5
-0.646007 5.602716 -0.369826 5
-0.642766 5.544134 -0.296874 5
-0.558818 5.504817 -0.347375 5
-0.471315 5.467926 -0.405116 5
-0.495525 5.400918 -0.286715 5
-0.479157 5.344047 -0.230825 5
-0.426197 5.298030 -0.233554 5
-0.357477 5.257752 -0.262784 5
-0.226455 5.240470 -0.398087 5
-0.251988 5.168406 -0.269847 5
-0.136733 5.148762 -0.382319 5
-0.080607 5.107787 -0.394214 5
-0.029399 5.065315 -0.397859 5
0.014301 5.019895 -0.388161 5
0.088602 4.988922 -0.434727 13
0.153550 4.954751 -0.465398 13
0.192015 4.908051 -0.446810 13
0.217228 4.854138 -0.402123 13
0.275546 4.817876 -0.421131 13
0.287716 4.755579 -0.348679 13
0.327850 4.708689 -0.330674 13
0.363201 4.658605 -0.302236 13
0.400814 4.609545 -0.277626 13
0.466499 4.579244 -0.312284 13
0.514734 4.537688 -0.310204 13
0.554335 4.489927 -0.288904 13
0.586630 4.436204 -0.250281 13
0.564627 4.338316 -0.084971 13
0.584894 4.271141 -0.012525 13
0.603961 4.201085 0.065742 13
0.594802 4.103671 0.216334 13
0.687148 3.470391 1.029113 6
0.739884 3.413092 1.053175 6
0.820184 3.390218 0.996020 6
0.863864 3.320626 1.049025 2
0.934024 3.150510 1.220886 12
1.013125 3.126824 1.167692 12
1.160852 3.068377 1.090390 12
1.249173 3.066241 0.996147 12
1.387662 3.158357 0.707089 12
1.487036 3.189535 0.551885 12
-1.816867 6.228840 0.453523 5
-1.707329 6.171656 0.387842 5
-1.655969 6.112248 0.398933 5
0.000197 6.187249 -1.790902 5
0.064049 6.150986 -1.824757 5
0.134589 6.116503 -1.869129 5
0.152782 6.076785 -1.840362 5
0.178939 6.037972 -1.822592 5
0.212081 6.000235 -1.814809 5
-0.713742 5.803616 -0.388821 5
-0.668087 5.754577 -0.381348 5
-0.629720 5.704424 -0.362911 5
-0.572073 5.658409 -0.373927 5
-0.508314 5.614436 -0.395044 5
-0.463800 5.566671 -0.386597 5
-0.422604 5.518301 -0.372864 5
-0.423390 5.458566 -0.290832 5
-0.396531 5.405581 -0.252261 5
-0.283607 5.378670 -0.356539 5
-0.248665 5.328985 -0.331957 5
-0.187136 5.288276 -0.352555 5
-0.117831 5.251182 -0.387515 5
-0.067782 5.207886 -0.389639 5
-0.012237 5.167178 -0.401876 5
0.047420 5.128798 -0.422155 5
0.090568 5.083955 -0.412654 5
0.121270 5.033506 -0.379596 5
0.154472 4.983825 -0.350403 5
0.232203 4.956145 -0.406835 13
0.272613 4.910486 -0.391598 13
0.288984 4.851593 -0.327733 13
0.302239 4.789685 -0.255448 13
0.368327 4.757789 -0.290379 13
0.403787 4.707985 -0.261939 13
0.435711 4.655445 -0.224946 13
0.472928 4.605787 -0.198236 13
0.544859 4.580037 -0.247899 13
0.562544 4.516176 -0.176328 13
0.626374 4.485718 -0.208741 13
0.601225 4.385961 -0.032598 13
0.560102 4.268475 0.189000 13
0.931049 3.408923 1.034416 6
-1.769550 6.222785 0.593487 5
-1.690869 6.163531 0.568359 5
-1.633547 6.103817 0.572023 5
0.077449 6.186514 -1.762916 5
0.128153 6.149393 -1.779751 5
0.228332 6.118557 -1.868996 5
0.240505 6.078648 -1.831536 5
0.282318 6.042550 -1.837427 5
0.295655 6.002502 -1.800797 5
0.016253 5.912399 -1.316608 5
0.026231 5.866629 -1.267356 5
-0.524557 5.708251 -0.338192 5
-0.001091 5.763106 -1.090454 5
-0.450060 5.608734 -0.297872 5
-0.439626 5.552383 -0.233492 5
-0.372616 5.510054 -0.261188 5
-0.278778 5.476210 -0.334925 5
-0.258705 5.422341 -0.285425 5
0.033850 5.453596 -0.705207 5
0.071480 5.409136 -0.690839 5
-0.038171 5.313036 -0.414387 5
0.016312 5.272116 -0.425997 5
0.031564 5.216531 -0.366263 5
0.051717 5.162000 -0.313966 5
0.120108 5.127344 -0.351307 5
0.155460 5.078981 -0.326571 5
0.184164 5.027251 -0.288209 5
0.258970 4.997677 -0.340057 13
0.294604 4.949397 -0.314828 13
0.327180 4.899176 -0.282581 13
0.344572 4.839943 -0.217688 13
0.409362 4.807260 -0.251050 13
0.422508 4.744021 -0.174274 13
0.459026 4.694088 -0.146090 13
0.480804 4.633895 -0.083955 13
0.504846 4.573948 -0.024673 13
0.570440 4.542734 -0.059552 13
0.597167 4.483395 -0.003837 13
0.580536 4.388822 0.158686 13
0.554557 4.282465 0.350811 13
-1.661234 6.219983 0.651765 5
-1.621113 6.158845 0.679720 5
-1.562535 6.099166 0.681398 5
0.181904 6.188540 -1.775868 5
0.230112 6.151956 -1.790794 5
0.290601 6.117440 -1.824706 5
0.343038 6.082880 -1.847521 5
0.328579 6.039460 -1.768471 5
0.390071 6.006932 -1.805661 5
0.230942 5.937145 -1.496388 5
0.189024 5.883863 -1.366189 5
0.098707 5.818516 -1.154318 5
0.132250 5.776648 -1.140078 5
0.148995 5.730889 -1.097701 5
-0.050791 5.629937 -0.689053 5
0.026115 5.595746 -0.742392 5
0.083935 5.557521 -0.764335 5
0.116396 5.512379 -0.742452 5
-0.002471 5.418393 -0.449747 5
0.013720 5.364708 -0.393371 5
0.098511 5.334846 -0.461717 5
0.139947 5.290345 -0.451297 5
0.156342 5.235978 -0.393179 5
0.174879 5.181585 -0.337494 5
0.221124 5.138481 -0.334419 5
0.251337 5.088231 -0.299459 5
0.290300 5.041735 -0.281150 5
0.333419 4.997222 -0.270868 13
0.390334 4.960058 -0.289173 13
0.421369 4.909282 -0.253121 13
0.441338 4.851541 -0.191903 13
0.458859 4.791135 -0.123148 13
0.443970 4.708929 0.020789 13
0.493444 4.665742 0.022966 13
0.470879 4.573387 0.192939 13
0.512547 4.522875 0.217042 13
0.514577 4.442455 0.338023 13
-1.555191 6.217584 0.712321 5
-1.501370 6.157698 0.720127 5
-1.460712 6.097249 0.747313 5
0.261489 6.188816 -1.755207 5
0.324712 6.154256 -1.794283 5
0.358606 6.117306 -1.789315 5
0.399992 6.081607 -1.796145 5
0.410676 6.041849 -1.754705 5
0.460121 6.007939 -1.774600 5
0.230010 5.925077 -1.340222 5
0.272901 5.886988 -1.344567 5
0.308826 5.847874 -1.337577 5
0.272811 5.792768 -1.208571 5
0.231400 5.734183 -1.066825 5
0.153026 5.663603 -0.856725 5
0.146933 5.609138 -0.768635 5
0.202792 5.571432 -0.789374 5
0.125763 5.493114 -0.568751 5
0.166965 5.449647 -0.560326 5
0.144152 5.384026 -0.431596 5
0.146306 5.325266 -0.346642 5
0.183389 5.278611 -0.326799 5
0.200917 5.223878 -0.267985 5
0.262355 5.187056 -0.295161 5
0.297943 5.139479 -0.270817 5
0.304631 5.078005 -0.186069 5
0.328822 5.023631 -0.135302 5
0.352889 4.968345 -0.082599 13
0.439392 4.946064 -0.163815 13
0.440231 4.877247 -0.058471 13
0.497868 4.839971 -0.077259 13
0.481913 4.757729 0.072016 13
0.566051 4.583360 0.234343 13
-1.576755 6.272816 0.873677 5
-1.482449 6.213996 0.821853 5
-1.428608 6.154077 0.829597 5
-1.379718 6.094207 0.844779 5
0.359343 6.191178 -1.764520 5
0.397820 6.154739 -1.767093 5
0.446845 6.119971 -1.786746 5
0.487184 6.084724 -1.793089 5
0.517842 6.048465 -1.783946 5
0.544196 6.011644 -1.767593 5
0.251912 5.916940 -1.215088 5
0.231470 5.865831 -1.110932 5
0.260134 5.823585 -1.088938 5
0.276473 5.778424 -1.044882 5
0.216269 5.713833 -0.863567 5
0.223512 5.663893 -0.798863 5
0.184818 5.600065 -0.648279 5
0.176465 5.542707 -0.549747 5
0.143964 5.476027 -0.402814 5
0.181486 5.430371 -0.385664 5
0.220480 5.385227 -0.370978 5
0.197790 5.316851 -0.234044 5
0.253485 5.277117 -0.250234 5
0.304141 5.235930 -0.256771 5
0.315809 5.178029 -0.182742 5
0.332878 5.121336 -0.117703 5
0.375031 5.075700 -0.104325 5
0.377012 5.009612 -0.002872 5
0.428392 4.967884 -0.007593 13
0.444066 4.906600 0.068202 13
0.480940 4.856229 0.097946 13
-1.422520 6.272879 0.863402 5
-1.359103 6.213531 0.855743 5
-1.345221 6.151592 0.924930 5
-1.274724 6.093549 0.906000 5
0.400372 6.188636 -1.686238 5
0.489647 6.157647 -1.771397 5
0.526283 6.122013 -1.772372 5
0.558130 6.086059 -1.765560 5
0.572810 6.047653 -1.729701 5
0.595864 6.010325 -1.707375 5
0.293252 5.912381 -1.118387 5
0.267826 5.859751 -1.001620 5
0.176487 5.790855 -0.763798 5
0.196159 5.743946 -0.720656 5
0.211720 5.695522 -0.668837 5
0.218841 5.644161 -0.599865 5
0.156985 5.571883 -0.398150 5
0.123706 5.504771 -0.245435 0
0.114859 5.442953 -0.135893 0
0.153635 5.395759 -0.117611 7
0.234332 5.363874 -0.183437 5
0.287216 5.322912 -0.194480 5
0.347870 5.285663 -0.222168 5
0.354477 5.226094 -0.136361 5
0.368382 5.168308 -0.063436 5
0.406582 5.120791 -0.041302 5
0.455134 5.078244 -0.041524 5
0.407149 4.985495 0.177333 13
-1.327354 6.271215 0.940668 5
-1.241169 6.213382 0.895855 5
-1.218288 6.152572 0.951657 5
-1.100717 6.099152 0.853893 5
0.496464 6.191682 -1.696838 5
0.557294 6.158335 -1.738245 5
0.596095 6.123264 -1.743479 5
0.621475 6.086701 -1.725877 5
0.658696 6.052001 -1.728645 5
0.670579 6.013259 -1.686715 5
0.208725 5.884031 -0.791844 5
0.210771 5.834421 -0.717539 5
0.223116 5.786081 -0.660284 5
0.007465 5.682068 -0.173272 7
0.103923 5.649947 -0.266784 0
0.118610 5.597329 -0.205034 0
0.189170 5.560391 -0.251309 0
0.221256 5.512591 -0.222368 0
0.174879 5.438329 -0.033553 0
0.299801 5.421364 -0.191633 5
0.315166 5.366807 -0.125604 5
0.385545 5.333029 -0.174551 5
0.372900 5.265847 -0.045540 5
0.423680 5.224231 -0.051780 5
-1.272651 6.330266 0.990554 5
-1.233196 6.270060 1.020027 5
-1.210922 6.208950 1.078219 5
-1.079241 6.155047 0.955401 5
-0.922647 6.105938 0.786949 5
0.562147 6.192204 -1.658978 5
0.636652 6.160733 -1.725980 5
0.664749 6.124751 -1.713384 5
0.696191 6.089344 -1.706547 5
0.727706 6.054133 -1.699791 5
0.744273 6.016446 -1.665557 5
0.757442 5.977773 -1.624132 5
0.009670 5.777827 -0.144682 7
0.068345 5.735345 -0.166804 7
0.104693 5.688142 -0.146301 7
0.163044 5.646745 -0.168766 0
0.217891 5.605136 -0.185022 0
0.250073 5.557324 -0.155723 0
0.303992 5.516290 -0.170584 5
0.393736 5.488151 -0.261387 5
0.372505 5.421805 -0.117953 5
0.436203 5.385574 -0.154437 5
0.396306 5.308263 0.036862 5
0.355673 5.227022 0.236401 5
-1.232668 6.265464 1.257005 5
-1.067773 6.211356 1.076392 5
-1.040452 6.151042 1.127468 5
-0.994548 6.091989 1.147253 5
0.622324 6.192539 -1.611640 5
0.702163 6.161953 -1.690829 5
0.737473 6.127167 -1.691399 5
0.760191 6.090826 -1.668888 5
0.798512 6.056959 -1.675053 5
0.810585 6.018730 -1.631676 5
0.831450 5.981756 -1.604067 5
0.128472 5.788134 -0.159877 7
0.145035 5.736761 -0.100665 7
0.130302 5.676760 0.023364 7
0.187098 5.634196 0.004670 7
0.124180 5.557584 0.234368 0
0.367161 5.571803 -0.175370 5
0.449546 5.541181 -0.253515 5
0.465866 5.489193 -0.189993 5
0.520089 5.450388 -0.208585 5
0.469654 5.370948 0.008672 5
-0.961250 6.150398 1.234802 5
-0.907974 6.091980 1.241837 5
-0.835252 6.035975 1.213262 5
0.767268 6.163505 -1.655253 5
0.814912 6.130643 -1.679519 5
0.840903 6.095217 -1.663254 5
0.860702 6.058754 -1.634618 5
0.903079 6.026262 -1.649642 5
0.903614 5.985822 -1.581665 5
0.141537 5.775893 0.034504 7
0.164188 5.667302 0.184678 0
0.230702 5.626775 0.145950 0
0.443040 5.630680 -0.209094 5
0.495648 5.590877 -0.225249 5
0.550336 5.552400 -0.246643 5
0.583789 5.506995 -0.220589 5
-0.886391 6.149984 1.352996 5
-0.812103 6.093370 1.321105 5
-0.751827 6.036326 1.314635 5
0.843658 6.166819 -1.641608 5
0.884560 6.133501 -1.654357 5
0.902108 6.097074 -1.621383 5
0.926187 6.061485 -1.600624 5
0.964998 6.028607 -1.609356 5
0.990603 5.993417 -1.591093 5
0.222568 5.664183 0.301324 5
0.252674 5.613142 0.342097 5
0.550406 5.643210 -0.216402 5
0.592255 5.600763 -0.209958 5
0.608429 5.549581 -0.143704 5
0.634408 5.501049 -0.098301 5
