ply
format ascii 1.0
element vertex 12149
property float x
property float y
property float z
property int scalar_Label
end_header
1.753568 6.058360 -0.775331 5
1.704807 6.012475 -0.849743 5
1.592957 6.030279 -1.044608 5
1.840162 6.078547 -0.449470 5
1.812131 6.013657 -0.483957 5
1.769429 5.964251 -0.546037 5
1.686381 5.955695 -0.683176 5
1.576990 5.970670 -0.868871 5
1.484183 5.965001 -1.023471 5
1.360248 5.985666 -1.235175 5
1.849390 6.085774 -0.259770 5
1.846804 5.994440 -0.247802 5
1.770390 5.983160 -0.370135 5
1.691504 5.971770 -0.496751 5
1.584391 5.986236 -0.674082 5
1.467616 6.006060 -0.868386 5
1.382377 5.990883 -1.005617 5
1.289004 5.980364 -1.157238 5
1.201554 5.961092 -1.298053 5
1.073432 5.974965 -1.511251 5
0.976163 5.957207 -1.669104 5
1.937793 6.189724 0.032166 5
1.882012 6.066566 -0.034962 5
1.838289 6.022293 -0.096886 5
1.812549 5.957795 -0.127173 5
1.712871 5.970671 -0.287870 5
1.100946 6.185865 -1.299303 5
1.056064 6.124432 -1.362270 5
1.015156 6.058572 -1.418502 5
1.007400 5.963097 -1.417436 5
0.934247 5.924013 -1.529986 5
1.318614 3.214781 -0.639761 2
1.319956 3.139594 -0.634219 2
1.415716 3.044604 -0.470994 12
1.428907 2.969447 -0.446227 12
1.409094 2.900773 -0.476897 12
1.436416 2.824143 -0.429032 12
1.424977 2.754049 -0.446194 12
1.418279 2.683103 -0.455671 12
1.424060 2.610765 -0.444557 12
1.211765 2.556818 -0.797725 12
1.415922 2.468287 -0.455951 11
1.447711 2.395279 -0.402169 11
1.428000 2.324910 -0.434579 11
1.426225 2.253677 -0.437299 11
1.423097 2.182376 -0.442518 11
1.432672 2.111302 -0.426782 11
1.423226 2.039677 -0.443032 11
1.317148 1.961430 -0.620810 2
1.321067 1.888324 -0.615267 2
1.313124 1.814074 -0.629777 2
0.146823 0.536521 -2.622350 8
0.313765 0.495309 -2.347962 8
0.350663 0.412610 -2.292098 8
0.370032 0.324114 -2.265975 8
0.357093 0.222811 -2.294541 8
0.354549 0.124856 -2.305982 8
0.381750 -0.058170 -2.275472 8
0.381345 -0.156572 -2.284369 8
0.389956 -0.251122 -2.278390 8
0.394059 -0.348380 -2.280393 8
1.981520 6.153116 0.267946 5
1.966766 6.078601 0.257239 5
1.946586 6.010869 0.236836 5
1.904165 5.968019 0.177854 5
1.834178 5.954007 0.071421 5
1.821423 5.877455 0.063233 5
0.927345 6.066011 -1.362798 5
0.922438 5.968158 -1.357679 5
0.822996 5.950099 -1.512149 5
1.313612 3.273730 -0.485144 2
1.290837 3.205361 -0.519093 2
1.287785 3.131910 -0.521060 2
1.468059 3.020198 -0.224206 12
1.464239 2.950490 -0.228009 12
1.451322 2.882402 -0.246862 12
1.478241 2.807861 -0.201012 12
1.480065 2.737869 -0.196290 12
1.491974 2.666888 -0.175367 12
1.485099 2.598328 -0.185257 12
1.155878 2.555899 -0.720165 12
1.470677 2.460772 -0.206779 11
1.477935 2.391048 -0.194312 11
1.485621 2.321619 -0.181368 11
1.455254 2.252839 -0.230572 11
1.482085 2.183486 -0.186905 11
1.484376 2.114430 -0.183393 11
1.474715 2.044889 -0.199552 11
1.311309 1.965206 -0.466203 2
1.320711 1.893624 -0.451805 2
1.348300 1.824115 -0.408014 2
-0.047199 1.098621 -2.696009 8
0.021818 1.015762 -2.587077 8
0.096340 0.936497 -2.469372 8
0.158367 0.760577 -2.376758 8
0.260501 0.695288 -2.214534 8
0.266106 0.602444 -2.210377 8
0.292892 0.516585 -2.171840 8
0.277466 0.416144 -2.202724 8
0.302575 0.329956 -2.167499 8
0.281227 0.225779 -2.208769 8
0.255792 0.020851 -2.264090 8
0.113888 -0.142029 -2.504830 8
0.292060 -0.159140 -2.219306 8
0.302467 -0.252851 -2.210081 8
0.295889 -0.355568 -2.229196 8
0.307084 -0.449764 -2.219334 8
0.312779 -0.547306 -2.218886 8
1.936949 6.129328 0.359748 5
1.972077 5.998901 0.432310 5
1.883633 6.008882 0.296937 5
1.832483 5.975155 0.224248 5
1.750434 5.972802 0.099949 5
1.703157 5.931662 0.033784 5
0.789853 6.116399 -1.388775 5
0.827200 5.981943 -1.315015 5
0.817293 5.889065 -1.319291 5
0.579756 5.978240 -1.696337 5
1.219146 3.356204 -0.478277 6
1.523020 3.202241 0.009086 2
1.242367 3.201319 -0.435081 2
1.492583 3.071405 -0.034022 12
1.495489 3.001754 -0.027014 12
1.507642 2.930667 -0.005504 12
1.494950 2.864420 -0.023715 12
1.487122 2.797138 -0.034383 12
1.480125 2.729607 -0.043923 12
1.487529 2.660283 -0.030777 12
1.495894 2.591239 -0.016308 12
1.480727 2.524476 -0.039417 11
1.483029 2.456157 -0.034974 11
1.486925 2.387908 -0.028197 11
1.498239 2.319642 -0.009839 11
1.494696 2.251937 -0.015269 11
1.484390 2.184054 -0.031633 11
1.488734 2.116186 -0.024933 11
1.489922 2.048308 -0.023438 11
1.220070 1.963518 -0.452575 2
1.228216 1.891342 -0.440477 2
1.288712 1.824513 -0.345428 2
1.160866 1.737899 -0.549799 6
1.156923 1.663182 -0.557564 6
0.058819 1.138317 -2.313038 8
0.159033 1.065722 -2.156797 8
0.162039 0.972917 -2.155507 8
0.170269 0.881267 -2.146168 8
0.116326 0.772236 -2.236203 8
0.185366 0.697425 -2.130469 8
0.207187 0.609858 -2.100252 8
0.196849 0.511932 -2.121629 8
0.191154 0.414821 -2.135897 8
0.149470 0.303651 -2.208012 8
0.196746 0.225162 -2.138187 8
0.205777 0.132276 -2.129788 8
0.173192 0.021349 -2.188355 8
0.175351 -0.075848 -2.191595 8
0.197113 -0.164418 -2.163681 8
0.198270 -0.262807 -2.169124 8
0.176690 -0.373320 -2.211447 8
0.192077 -0.465954 -2.194662 8
0.192815 -0.566703 -2.201763 8
0.221823 -0.652206 -2.163604 8
2.179895 0.391963 0.988991 9
2.233284 0.361054 1.069599 9
2.283740 0.329961 1.145443 9
2.334902 0.300861 1.222414 9
2.383108 0.271359 1.294578 9
2.407035 0.226593 1.327287 9
2.412353 0.169050 1.329611 9
2.431359 0.121139 1.354035 9
2.417144 0.048415 1.324129 9
2.422321 -0.010554 1.325604 9
2.354471 -0.128154 1.207384 9
1.897270 6.191847 0.444379 5
1.888879 6.110693 0.443262 5
1.933899 5.970932 0.529060 5
1.818407 6.009697 0.352581 5
1.811610 5.928224 0.353309 5
1.738504 5.916562 0.246101 5
1.625077 5.943393 0.073699 5
1.610631 5.867950 0.061686 5
0.781252 6.055786 -1.204078 5
0.732307 5.995200 -1.271072 5
0.735294 5.891782 -1.255336 5
0.474933 5.995826 -1.659472 5
0.377469 5.965629 -1.803654 5
1.126897 3.363622 -0.462758 6
1.463427 3.202067 0.063294 2
1.144313 3.209289 -0.429971 2
1.468157 3.063429 0.075531 12
1.485456 2.991530 0.104549 12
1.484591 2.923799 0.105175 12
1.500830 2.853350 0.132156 12
1.488516 2.787901 0.114655 12
1.509008 2.717831 0.147855 12
1.494534 2.652600 0.126651 12
1.486077 2.586383 0.114603 12
1.496775 2.518445 0.132072 11
1.500926 2.451358 0.139211 11
1.499938 2.384699 0.138209 11
1.485755 2.318393 0.116585 11
1.492258 2.251432 0.126838 11
1.485726 2.184593 0.116717 11
1.476817 2.117454 0.102735 11
1.548135 2.053498 0.212893 2
1.486817 1.983858 0.117346 2
1.185811 1.893070 -0.349891 2
1.096077 1.812025 -0.489946 2
1.097258 1.738106 -0.489289 2
1.083042 1.662081 -0.512706 6
0.005537 1.238636 -2.190312 8
0.051157 1.153651 -2.122220 8
0.082258 1.066828 -2.076879 8
-0.219710 0.901371 -2.549241 8
0.065881 0.875489 -2.108984 8
0.059008 0.779251 -2.123393 8
0.064285 0.685962 -2.119170 8
0.111567 0.605538 -2.049814 8
0.074079 0.498534 -2.112670 8
0.066556 0.400135 -2.129164 8
0.067764 0.304194 -2.132326 8
0.082340 0.212948 -2.114901 8
0.082494 0.115919 -2.120241 8
0.099960 0.025655 -2.098808 8
0.142449 -0.053497 -2.038487 8
0.117232 -0.162742 -2.084307 8
0.081498 -0.278601 -2.146952 8
2.080006 0.615920 0.978945 9
2.145170 0.587427 1.076674 9
2.220625 0.566547 1.190568 9
2.287282 0.543278 1.290674 9
2.334913 0.511223 1.360866 9
2.339911 0.455194 1.363871 9
2.345054 0.398971 1.366938 9
2.343590 0.338250 1.359404 9
2.363633 0.291063 1.385667 9
2.355143 0.224837 1.366657 9
2.375834 0.178057 1.393651 9
2.354757 0.101533 1.354265 9
2.175939 -0.093225 1.064006 9
2.275027 -0.084669 1.214829 9
2.366401 -0.078567 1.353580 9
2.379727 -0.131998 1.368019 9
2.376651 -0.199116 1.356093 9
2.371957 -0.268482 1.341332 9
2.395530 -0.314172 1.371618 9
1.919903 6.092309 0.639366 5
1.874559 6.055168 0.578414 5
1.885378 5.955539 0.606570 5
1.778523 5.983609 0.447909 5
1.725284 5.951587 0.374357 5
1.605984 5.985576 0.196535 5
1.595465 5.906658 0.190455 5
1.493745 5.917087 0.040690 5
0.651884 6.098299 -1.214210 5
0.701601 5.956033 -1.126568 5
0.678516 5.874656 -1.152559 5
0.392166 5.996051 -1.587189 5
0.324159 5.942853 -1.682682 5
0.182988 5.941099 -1.891446 5
1.505075 3.243699 0.268113 2
1.433660 3.194415 0.162210 2
1.457773 3.120399 0.201064 2
1.461468 3.051888 0.208775 12
1.459882 2.984764 0.208315 12
1.502935 2.909637 0.275304 12
1.479531 2.847128 0.241458 12
1.487341 2.779356 0.254723 12
1.532273 2.707170 0.324005 12
1.550282 2.639692 0.352360 12
1.484243 2.580935 0.253381 12
1.463939 2.516417 0.223462 11
1.461246 2.450200 0.220028 11
1.438221 2.384825 0.185681 11
1.444379 2.317936 0.195316 11
1.444666 2.251334 0.195911 11
1.481904 2.185070 0.252228 11
1.462422 2.118614 0.222605 11
1.487955 2.053406 0.260904 2
1.464144 1.986057 0.224410 2
1.447278 1.918369 0.198257 2
1.450609 1.851948 0.202493 2
-0.124270 1.324812 -2.187116 8
-0.037459 1.245818 -2.057904 8
-0.014943 1.156790 -2.026258 8
-0.312276 0.899894 -2.482685 8
-0.057313 0.865069 -2.099288 8
-0.023124 0.779266 -2.050824 8
0.000054 0.691155 -2.019268 8
0.031959 0.606168 -1.974662 8
0.071693 0.524465 -1.918348 8
0.077756 0.432258 -1.913407 8
0.043707 0.325382 -1.969720 8
0.069353 0.239383 -1.935470 8
0.027237 0.126948 -2.004633 8
0.020732 0.027222 -2.019854 8
0.017565 -0.071852 -2.030254 8
2.047282 0.747603 1.061935 9
2.124862 0.723212 1.176684 9
2.205953 0.703072 1.296822 9
2.288290 0.686242 1.418907 9
2.295320 0.632398 1.425732 9
2.273772 0.562772 1.388620 9
2.289933 0.513238 1.409130 9
2.307025 0.464426 1.430951 9
2.317263 0.411662 1.442122 9
2.287929 0.334057 1.392269 9
2.286377 0.272706 1.384940 9
2.306638 0.225284 1.411062 9
2.289982 0.152795 1.380085 9
2.052078 -0.144878 1.000805 9
2.159289 -0.132804 1.160592 9
2.255436 -0.125398 1.303434 9
2.318311 -0.140903 1.394779 9
2.321319 -0.203063 1.393058 9
2.332916 -0.258639 1.404524 9
2.328375 -0.328279 1.390652 9
2.311020 -0.410164 1.356520 9
2.315368 -0.474057 1.356045 9
2.330232 -0.528858 1.371844 9
1.850193 6.100553 0.683042 5
1.838211 6.026097 0.674619 5
1.839708 5.937839 0.686768 5
1.790962 5.903685 0.621222 5
1.561551 6.053767 0.277836 5
1.535889 5.989807 0.248150 5
1.477531 5.957832 0.168195 5
1.441778 5.902708 0.122832 5
1.355852 5.893848 0.000704 5
0.628516 6.052565 -1.059965 5
0.652097 5.933394 -1.015037 5
0.637802 5.845783 -1.027799 5
0.587993 5.785500 -1.094460 5
0.226782 5.953468 -1.631272 5
0.044771 5.979252 -1.896918 5
1.360753 3.335621 0.189986 2
1.414827 3.252176 0.272468 2
1.409231 3.185713 0.266391 2
1.424411 3.114479 0.290915 2
1.417865 3.048635 0.283128 12
1.448945 2.975359 0.330847 12
1.443238 2.909937 0.323998 12
1.453306 2.841922 0.340325 12
1.475121 2.772696 0.373859 12
1.474108 2.707268 0.373504 12
1.490210 2.640023 0.398290 12
1.431365 2.580451 0.312221 12
1.280193 2.526028 0.089669 12
1.413692 2.449558 0.287415 11
1.428946 2.382723 0.310373 11
1.414346 2.317207 0.289102 11
1.390852 2.251294 0.254556 11
1.409870 2.184950 0.282637 11
1.395667 2.118398 0.261521 11
1.455556 2.054492 0.349667 2
1.429974 1.987495 0.311459 2
1.457328 1.923629 0.351284 2
1.446601 1.857059 0.334726 2
1.420513 1.788337 0.295324 2
0.436283 1.596077 -1.159980 6
-0.319802 1.403045 -2.278844 8
-0.131122 1.337133 -2.001822 8
-0.122756 1.245149 -1.991486 8
-0.100370 1.155982 -1.960615 8
-0.194160 1.042477 -2.101811 8
-0.091354 0.970926 -1.952354 8
-0.076020 0.880894 -1.932503 8
-0.074959 0.787279 -1.933986 8
-0.137131 0.675417 -2.029372 8
-0.008638 0.618460 -1.842428 10
-0.036116 0.515890 -1.886832 8
0.022245 0.440846 -1.804130 10
0.147683 0.391233 -1.621983 10
0.268451 0.343920 -1.446788 10
0.362626 0.290102 -1.311125 10
1.995441 0.867974 1.112544 9
2.077877 0.843014 1.232103 9
2.180927 0.829900 1.382375 9
2.226318 0.793494 1.446802 9
2.218559 0.732782 1.431934 9
2.238762 0.685408 1.458635 9
2.224671 0.620583 1.434026 9
2.228574 0.564506 1.436133 9
2.238943 0.511755 1.447775 9
2.231749 0.448828 1.433000 9
2.251556 0.401256 1.458516 9
2.255062 0.343937 1.459481 9
2.237657 0.272973 1.428907 9
2.237012 0.211779 1.423309 9
2.258628 0.165047 1.451037 9
1.984367 -0.154767 1.027504 9
2.107749 -0.132200 1.208008 9
2.176846 -0.146288 1.306723 9
2.272531 -0.137464 1.445736 9
2.264316 -0.208339 1.427513 9
2.279918 -0.260713 1.445204 9
2.277493 -0.328329 1.435382 9
2.270043 -0.401150 1.417710 9
2.287112 -0.453337 1.437156 9
2.264701 -0.541472 1.396246 9
2.273964 -0.601940 1.403415 9
2.288473 -0.657845 1.418440 9
1.788017 6.188831 0.728947 5
1.789856 6.098336 0.741042 5
1.810776 5.988610 0.781538 5
1.772067 5.944154 0.732177 5
1.740214 5.891956 0.693021 5
1.472766 5.987208 0.310087 5
1.411703 5.957319 0.227515 5
1.451792 5.830793 0.295599 5
1.363735 5.824630 0.172689 5
1.264872 5.825265 0.033848 5
0.642147 5.880561 -0.847866 5
0.629970 5.792844 -0.857973 5
0.589441 5.726742 -0.910036 5
0.056433 6.016785 -1.686648 5
0.030437 5.929094 -1.716832 5
1.412929 3.371710 0.402100 6
1.398208 3.241133 0.385136 2
1.440800 3.163589 0.448660 6
1.441901 3.097184 0.452057 12
1.421131 3.035632 0.423729 12
1.394817 2.974635 0.387280 12
1.393915 2.908424 0.387403 12
1.446739 2.833755 0.464944 12
1.464025 2.766095 0.491035 12
1.432316 2.705320 0.446299 12
1.445193 2.638719 0.465770 12
1.454359 2.572991 0.479752 12
1.312073 2.519088 0.275180 6
1.384579 2.447861 0.380264 11
1.381991 2.382269 0.376918 11
1.389327 2.316378 0.387753 11
1.383852 2.250864 0.379988 6
1.401524 2.185367 0.405469 6
1.400726 2.119991 0.404189 6
1.358382 2.052823 0.342874 2
1.415349 1.990028 0.424636 2
1.396111 1.923340 0.396379 2
1.429532 1.860799 0.443943 6
1.403116 1.792770 0.405071 2
0.966472 1.672060 -0.225819 10
1.389523 1.659341 0.383524 6
0.971935 1.526442 -0.220371 10
0.980074 1.454498 -0.210055 10
0.955508 1.376317 -0.247109 10
0.975040 1.306403 -0.220631 10
0.971301 1.231640 -0.227909 10
0.960387 1.154762 -0.245710 10
0.963446 1.080926 -0.243471 10
0.969509 1.007769 -0.237034 10
0.944917 0.925439 -0.275102 10
0.981098 0.861048 -0.225380 10
0.972366 0.782699 -0.240812 10
0.959123 0.702129 -0.262951 10
1.837746 0.947974 1.007609 9
1.943688 0.927376 1.158650 9
2.080694 0.922734 1.354807 9
2.156492 0.896944 1.462190 9
2.131488 0.829365 1.423127 9
2.178820 0.793565 1.489057 9
2.169710 0.732340 1.472843 9
2.204005 0.691817 1.519671 9
2.158370 0.611287 1.450001 9
2.182302 0.565544 1.481525 9
2.191769 0.512338 1.491864 9
2.189215 0.452229 1.484541 9
2.184609 0.390367 1.474076 9
2.184318 0.330471 1.469773 9
2.203151 0.282033 1.493324 9
2.204215 0.222359 1.490746 9
2.173622 0.141165 1.441600 9
1.982105 -0.051916 1.155985 9
2.227268 0.054332 1.511336 9
2.067406 -0.123609 1.271484 9
2.150690 -0.127547 1.389020 9
2.202138 -0.153090 1.459728 9
2.191786 -0.225766 1.439232 9
2.202683 -0.282406 1.449932 9
2.216002 -0.337290 1.464081 9
2.196575 -0.420187 1.429597 9
2.202842 -0.482286 1.432970 9
2.219306 -0.535788 1.451327 9
2.233815 -0.591173 1.466655 9
2.214758 -0.678274 1.431864 9
2.221824 -0.741999 1.435753 9
1.725291 6.100965 0.792306 5
1.745615 5.992661 0.830064 5
1.700617 5.954374 0.772140 5
1.656986 5.913748 0.716175 5
1.249026 5.957909 0.153429 5
1.309117 5.814190 0.247845 5
1.195783 5.826685 0.091020 5
1.104591 5.816312 -0.033642 5
1.116303 5.716979 -0.009740 5
0.535293 5.904564 -0.825591 5
0.609239 5.751460 -0.712333 5
0.512220 5.727674 -0.844877 5
-0.101433 6.069352 -1.718126 5
-0.096309 5.958600 -1.703556 5
1.280290 3.601031 0.340821 6
1.375006 3.500618 0.477143 6
1.351385 3.440411 0.445981 6
1.370899 3.367058 0.475661 6
1.376520 3.298465 0.485576 6
1.347023 3.239386 0.445786 2
1.361544 3.168910 0.468026 6
1.388996 3.096238 0.508377 12
1.396162 3.028906 0.519974 12
1.409886 2.960746 0.540697 12
1.458739 2.887095 0.610822 12
1.463338 2.822199 0.618423 12
1.495188 2.753756 0.664314 12
1.420892 2.699675 0.560506 6
1.383372 2.639276 0.508431 12
1.424884 2.570535 0.567590 12
1.352592 2.511717 0.466321 6
1.385904 2.444460 0.513696 6
1.371136 2.380343 0.493236 6
1.373542 2.315348 0.496850 6
1.318148 2.250932 0.418953 11
1.356346 2.185466 0.472746 6
1.366390 2.120557 0.486779 6
1.362050 2.055364 0.480439 6
1.376534 1.991080 0.500499 6
1.376911 1.926175 0.500575 6
1.370769 1.860624 0.491357 6
1.407224 1.799372 0.542036 6
1.370807 1.730187 0.489931 6
1.336658 1.660001 0.440892 6
1.309552 1.589661 0.401647 6
1.005719 1.470065 -0.027885 10
1.003920 1.397812 -0.031798 10
0.989271 1.322644 -0.053968 10
0.985701 1.249268 -0.060646 10
0.982922 1.175742 -0.066342 10
0.995992 1.105981 -0.049796 10
1.000335 1.034005 -0.045695 10
0.992724 0.958408 -0.058613 10
1.011925 0.890563 -0.033778 10
1.755393 1.059790 1.014959 9
1.819964 1.020766 1.104173 9
1.829863 0.963935 1.115987 9
1.906737 0.932535 1.222521 9
2.106917 0.952408 1.503706 9
2.102039 0.894107 1.494464 9
2.121915 0.846008 1.520206 9
2.134880 0.795179 1.536065 9
2.139938 0.740774 1.540611 9
2.117078 0.672636 1.505399 9
2.130710 0.621678 1.521900 9
2.135789 0.566360 1.526146 9
2.157903 0.520029 1.554530 9
2.163080 0.464625 1.558718 9
2.156689 0.402290 1.546309 9
2.144062 0.335536 1.524869 9
2.164948 0.288458 1.551119 9
2.183232 0.240031 1.573573 9
2.114405 0.134815 1.471379 9
2.137331 0.088191 1.500200 9
2.156780 0.039494 1.523963 9
2.155806 -0.023577 1.518358 9
2.151187 -0.089957 1.507382 9
2.194434 -0.121085 1.565016 9
2.140208 -0.226522 1.482454 9
2.190295 -0.251982 1.549754 9
2.184819 -0.321356 1.536981 9
2.153865 -0.412986 1.487277 9
2.152348 -0.481425 1.479834 9
2.151529 -0.550092 1.473233 9
2.170905 -0.601398 1.495704 9
2.153426 -0.686714 1.464642 9
2.158793 -0.752064 1.466506 9
2.168500 -0.813865 1.474519 9
2.175458 -0.878872 1.478387 9
2.147402 -0.980044 1.431055 9
1.703746 6.057717 0.904698 5
1.670892 6.006710 0.864962 5
1.629617 5.963938 0.813186 5
1.591947 5.916807 0.766480 5
1.220292 5.922937 0.267080 5
1.181785 5.868698 0.219233 5
1.133410 5.822385 0.157412 5
1.099794 5.762576 0.116316 5
1.065524 5.702885 0.074214 5
1.062419 5.617726 0.075788 5
0.492507 5.782698 -0.705520 5
0.504935 5.678229 -0.682185 5
0.422338 5.641876 -0.791900 5
-0.224506 5.988319 -1.689710 5
-0.342869 5.960119 -1.848696 5
1.320114 3.499703 0.531978 6
1.306105 3.436541 0.514601 6
1.314319 3.366774 0.527787 6
1.334446 3.294310 0.557289 6
1.346116 3.224917 0.575005 6
1.296614 3.170700 0.508289 6
1.333220 3.095984 0.560162 6
1.441560 3.007990 0.710736 12
1.391325 2.953611 0.642716 12
1.401590 2.887344 0.657942 12
1.390798 2.824834 0.644069 12
1.398121 2.759587 0.655037 12
1.451773 2.689029 0.729673 12
1.433734 2.627935 0.705524 12
1.378452 2.569681 0.630034 12
1.377146 2.505737 0.628728 12
1.371315 2.442072 0.621100 6
1.332073 2.379627 0.567406 11
1.314430 2.315410 0.543333 6
1.327957 2.250385 0.562041 11
1.353213 2.185903 0.596788 6
1.317320 2.120743 0.547308 6
1.308017 2.055476 0.534310 6
1.333734 1.991867 0.569393 6
1.326518 1.926631 0.559065 6
1.325314 1.861636 0.556909 6
1.317962 1.795871 0.546191 6
1.326883 1.731765 0.557769 6
1.347117 1.669415 0.584823 6
1.311651 1.598961 0.535093 6
1.096551 1.496356 0.237865 10
1.069945 1.421979 0.200047 10
1.014202 1.340580 0.121960 10
0.991963 1.264555 0.089897 10
1.103394 1.219394 0.241955 10
1.031460 1.131020 0.141164 10
1.003771 1.052007 0.101226 10
1.044763 0.991602 0.155901 10
1.759889 1.138015 1.140864 9
1.748309 1.074301 1.123137 9
1.909498 1.068524 1.343911 9
1.930420 1.018017 1.370961 9
2.120145 1.030984 1.631264 9
2.074809 0.958382 1.566652 9
2.073067 0.901705 1.562199 9
2.083654 0.849907 1.574716 9
2.056551 0.781460 1.534955 9
2.044598 0.718701 1.516052 9
2.057648 0.667127 1.531693 9
2.046020 0.603398 1.513022 9
2.087806 0.566338 1.568365 9
2.102009 0.515702 1.585368 9
2.123351 0.469099 1.612212 9
2.124049 0.411102 1.610284 9
2.090030 0.332285 1.559943 9
2.126130 0.294246 1.607065 9
2.124078 0.233229 1.600985 9
2.060176 0.131796 1.508538 9
2.135709 0.119876 1.610434 9
2.114915 0.044572 1.577838 9
2.091700 -0.033801 1.541691 9
2.063754 -0.117088 1.498747 9
2.092370 -0.160148 1.534814 9
2.117177 -0.205600 1.565488 9
2.092573 -0.289341 1.526777 9
2.084992 -0.361104 1.511773 9
2.062188 -0.446419 1.475211 9
2.096688 -0.485055 1.519078 9
2.118216 -0.534220 1.544631 9
2.131764 -0.590324 1.558851 9
2.110075 -0.678655 1.523222 9
2.123257 -0.736336 1.536654 9
2.109695 -0.819773 1.512132 9
2.080367 -0.920091 1.465065 9
2.098077 -0.975750 1.484455 9
1.693035 6.089566 1.022529 5
1.658595 6.040841 0.980961 5
1.643323 5.972004 0.965860 5
1.602920 5.928838 0.915897 5
1.530901 5.915974 0.822237 5
1.063713 5.913509 0.207520 5
1.053526 5.833252 0.199095 5
1.037467 5.758447 0.182481 5
0.987465 5.711450 0.119250 5
0.971291 5.636636 0.102279 5
0.852855 5.640804 -0.054646 5
0.306841 5.863426 -0.790211 5
0.442812 5.669384 -0.599443 5
0.406914 5.600335 -0.643400 5
-0.338300 6.007574 -1.653631 5
-0.403229 5.942977 -1.736596 5
1.173354 3.528021 0.462494 6
1.272584 3.429280 0.597984 6
1.269417 3.363214 0.595319 6
1.299056 3.288516 0.636755 6
1.253692 3.233868 0.577068 6
1.225154 3.174000 0.539972 6
1.400893 3.068820 0.777788 12
1.381713 3.008936 0.753079 12
1.379132 2.945516 0.750630 12
1.345899 2.887360 0.706856 12
1.303125 2.829729 0.650176 12
1.335375 2.760574 0.694329 12
1.338015 2.696154 0.698564 12
1.360383 2.629859 0.729239 12
1.370569 2.565452 0.743443 12
1.224564 2.512745 0.547579 6
1.307120 2.442547 0.658911 11
1.263824 2.380107 0.600968 11
1.263477 2.315275 0.600676 11
1.265184 2.250436 0.603056 11
1.270950 2.185692 0.610807 11
1.247784 2.120429 0.579581 6
1.276399 2.056480 0.617872 6
1.251409 1.990402 0.584019 6
1.302631 1.928983 0.652531 6
1.250833 1.860042 0.582460 6
1.228138 1.792396 0.551420 6
1.257987 1.730269 0.590945 6
1.256210 1.664673 0.587856 6
1.238970 1.596533 0.563879 6
1.227310 1.528645 0.547311 6
1.025830 1.425001 0.275229 10
1.081212 1.366479 0.348649 10
1.044932 1.289576 0.298617 10
1.024079 1.214901 0.269237 10
1.029362 1.145885 0.274947 10
1.030162 1.075607 0.274523 10
1.029284 1.004628 0.271741 10
1.938965 1.207256 1.496195 9
1.874678 1.130737 1.408100 9
1.982702 1.109423 1.552275 9
2.034167 1.071632 1.620156 9
2.014074 1.008986 1.591426 9
2.019529 0.955223 1.597091 9
2.023688 0.900837 1.600929 9
2.060437 0.859959 1.648731 9
1.994333 0.775131 1.557442 9
2.020540 0.729586 1.590844 9
2.045883 0.684203 1.623024 9
2.028248 0.618332 1.596966 9
2.039278 0.565989 1.609622 9
2.042135 0.509361 1.611131 9
2.064722 0.463133 1.639307 9
2.039991 0.390769 1.603224 9
2.034632 0.328281 1.593310 9
2.016449 0.257479 1.565871 9
2.051023 0.218011 1.610018 9
2.072716 0.171162 1.636607 9
2.052498 0.097239 1.606089 9
2.100529 0.067898 1.668397 9
2.038622 -0.036162 1.580835 9
2.060225 -0.083831 1.606964 9
2.062893 -0.145081 1.607178 9
2.051753 -0.217196 1.588424 9
2.096138 -0.247647 1.645460 9
2.008920 -0.380931 1.522373 9
2.047318 -0.416660 1.571030 9
2.054803 -0.477216 1.577276 9
2.051538 -0.547353 1.568667 9
2.078252 -0.592235 1.601104 9
2.099584 -0.641585 1.626083 9
2.060539 -0.746093 1.567891 9
2.069850 -0.807828 1.576080 9
2.100607 -0.849465 1.613737 9
2.041690 -0.978639 1.527524 9
2.035737 -1.058236 1.514200 9
1.610155 6.113011 1.046065 5
1.621901 6.015901 1.067177 5
1.582819 5.971811 1.019644 5
1.561187 5.909839 0.995552 5
1.495198 5.890811 0.911746 5
0.967018 5.938662 0.227774 5
0.930816 5.879782 0.184133 5
0.947820 5.776893 0.211519 5
0.926163 5.706484 0.187116 5
0.898385 5.640889 0.154458 5
0.856444 5.585824 0.102841 5
0.729498 5.592761 -0.062067 5
0.374621 5.665149 -0.525920 5
0.407121 5.549489 -0.478470 5
-0.435812 6.015576 -1.594347 5
-0.487190 5.941634 -1.657939 5
0.504116 3.798372 -0.291546 3
1.113816 3.528273 0.513233 6
1.161162 3.445360 0.577056 6
1.172641 3.374318 0.593553 6
1.195588 3.300876 0.625054 6
1.168528 3.240798 0.590665 6
1.131012 3.182480 0.542459 6
1.371506 3.063323 0.859825 12
1.365532 3.001182 0.852908 12
1.349596 2.940838 0.832822 12
1.353615 2.876805 0.838900 12
1.317803 2.819053 0.792551 12
1.324308 2.754571 0.801753 12
1.286167 2.695724 0.752213 12
1.315332 2.628823 0.791044 12
1.359326 2.561643 0.849276 12
1.338033 2.500590 0.821661 12
1.303146 2.439675 0.776121 11
1.277404 2.377337 0.742524 11
1.237821 2.314546 0.690675 11
1.208929 2.250436 0.652800 11
1.215832 2.185701 0.661867 11
1.222737 2.121178 0.670862 11
1.201254 2.055729 0.642496 11
1.099966 1.985138 0.509218 2
1.175886 1.923926 0.608650 6
1.147616 1.855976 0.571135 6
1.139860 1.789166 0.560492 6
1.161608 1.725532 0.588540 6
1.144597 1.657254 0.565582 6
1.051439 1.576820 0.442460 10
1.025223 1.504448 0.407223 10
1.058915 1.442048 0.450659 10
1.006032 1.363328 0.380187 10
1.027459 1.298716 0.407343 10
0.978726 1.218366 0.342137 10
0.989240 1.150892 0.354775 10
1.585736 1.238156 1.138491 9
1.681602 1.204378 1.263509 9
1.897413 1.209092 1.546446 9
1.881835 1.148238 1.524723 9
1.943877 1.112219 1.605176 9
1.959840 1.062061 1.624887 9
1.979741 1.013609 1.649733 9
1.898837 0.927290 1.541604 9
1.953187 0.891586 1.611743 9
1.933754 0.826922 1.584502 9
1.991490 0.794498 1.659038 9
1.972011 0.729170 1.631592 9
1.935731 0.655028 1.581856 9
1.974083 0.615250 1.630645 9
1.985244 0.562856 1.643450 9
1.969640 0.496632 1.620786 9
1.979516 0.443082 1.631748 9
1.979056 0.383756 1.628959 9
2.002649 0.337700 1.657955 9
2.006143 0.280218 1.660261 9
2.017100 0.226926 1.672389 9
2.030422 0.175033 1.687589 9
1.961426 0.070160 1.593419 9
1.986494 0.024483 1.624031 9
2.030811 -0.007688 1.680188 9
2.042450 -0.061614 1.692856 9
2.028157 -0.134318 1.670934 9
2.004055 -0.215415 1.635827 9
2.049101 -0.245656 1.692760 9
2.023646 -0.329602 1.655629 9
2.025831 -0.393174 1.655252 9
2.004021 -0.476973 1.622719 9
1.998995 -0.548308 1.612477 9
2.005967 -0.610291 1.618177 9
1.969341 -0.711109 1.565386 9
2.002577 -0.751343 1.606055 9
2.025153 -0.800827 1.632383 9
1.965479 -0.927810 1.548188 9
2.047850 -0.921139 1.654671 9
1.984314 -1.055858 1.564913 9
2.033547 -1.080464 1.626753 9
1.588132 6.157422 1.146468 5
1.541759 6.120751 1.090025 5
1.540178 6.037621 1.092348 5
1.508431 5.985521 1.054996 5
1.479008 5.930849 1.020640 5
1.392191 5.930490 0.911098 5
0.830711 5.816980 0.206085 5
0.840382 5.720984 0.222470 5
0.835778 5.637207 0.220162 5
0.740709 5.621672 0.100161 5
0.716317 5.551916 0.072014 5
0.384096 5.607561 -0.352273 5
0.307020 5.567524 -0.448755 5
0.344351 5.450797 -0.396950 5
-0.609345 5.964637 -1.629197 5
0.451468 5.203778 -0.251783 5
0.403530 4.883945 -0.302308 13
0.532675 4.730143 -0.132812 13
0.352065 4.653821 -0.361101 13
0.417252 4.537929 -0.274590 13
0.536100 3.843997 -0.105898 3
0.488944 3.781419 -0.165038 3
1.087964 3.518148 0.607158 6
0.530622 3.612867 -0.108539 13
0.439097 3.561111 -0.224931 4
0.969412 3.344855 0.458208 6
0.733951 3.332889 0.156564 12
0.753463 3.255427 0.182684 12
1.299885 3.066960 0.885861 12
1.307405 3.001894 0.896310 12
1.319167 2.936466 0.912144 12
1.316429 2.873948 0.909285 12
1.318640 2.810742 0.912724 12
1.291525 2.751634 0.878437 12
1.269805 2.691150 0.851025 12
1.288639 2.625956 0.875632 12
1.310568 2.561171 0.904148 12
1.187907 2.507318 0.746961 11
1.225064 2.440940 0.794911 11
1.250370 2.376233 0.827580 11
1.223364 2.313576 0.793031 11
1.189570 2.250148 0.749709 11
1.175785 2.185827 0.732012 11
1.175134 2.121376 0.731116 11
1.181736 2.057168 0.739468 11
1.185472 1.992976 0.744080 11
0.955451 1.912408 0.448511 10
0.985191 1.846920 0.486372 10
0.990504 1.779803 0.492809 10
0.997705 1.712984 0.501604 10
1.076872 1.655868 0.602762 6
0.998720 1.577704 0.501812 10
0.988758 1.508172 0.488369 10
0.970797 1.436733 0.464580 10
0.984455 1.370771 0.481346 10
1.000009 1.305469 0.500487 10
0.963088 1.228495 0.452120 10
1.581012 1.310049 1.245506 9
1.647427 1.267680 1.329996 9
1.738454 1.234045 1.446115 9
1.866154 1.213865 1.609397 9
1.890450 1.165682 1.639655 9
1.868468 1.103023 1.610315 9
1.880917 1.051161 1.625227 9
1.558943 0.879800 1.209486 9
1.628945 0.844262 1.298305 9
1.671075 0.799847 1.351204 9
1.932219 0.845786 1.686321 9
1.928290 0.787676 1.679874 9
1.932027 0.732501 1.683251 9
1.896248 0.659018 1.635595 9
1.906407 0.605799 1.647124 9
1.928692 0.558535 1.674255 9
1.887615 0.479372 1.619516 9
1.960358 0.458375 1.711723 9
1.968576 0.404377 1.720542 9
1.964370 0.343264 1.713240 9
1.950271 0.275828 1.693068 9
1.958216 0.220614 1.701343 9
1.958017 0.160197 1.699012 9
1.947740 0.092894 1.683554 9
1.958124 0.038185 1.694792 9
1.975968 -0.011663 1.715646 9
1.996313 -0.059668 1.739696 9
1.975606 -0.136553 1.710403 9
1.947527 -0.220170 1.671424 9
1.960218 -0.275030 1.685318 9
1.960816 -0.339295 1.683423 9
2.029211 -0.350927 1.769681 9
2.058739 -0.391834 1.805355 9
1.996234 -0.508212 1.721061 9
1.945126 -0.618183 1.651431 9
1.923542 -0.705419 1.620146 9
1.971534 -0.732635 1.679592 9
1.969743 -0.803843 1.673974 9
1.777596 -1.052761 1.419275 9
1.993244 -0.923283 1.697885 9
1.969661 -1.017903 1.663439 9
1.951635 -1.108955 1.636122 9
1.960357 -1.174588 1.643762 9
1.519527 6.165747 1.189743 5
1.496589 6.104590 1.164022 5
1.508485 6.008704 1.182744 5
1.451197 5.982099 1.113024 5
1.422243 5.926967 1.079457 5
0.671039 5.710780 0.155831 5
0.734628 5.575863 0.239377 5
0.635849 5.560568 0.117040 5
0.618256 5.485708 0.097548 5
0.516770 5.467998 -0.028202 5
0.461787 5.416580 -0.095083 5
0.404466 5.365420 -0.164947 5
0.338152 5.318546 -0.246202 5
0.392003 5.197068 -0.175624 5
0.384334 5.114458 -0.182892 5
0.407296 4.929184 -0.149302 13
0.440382 4.826488 -0.105378 13
0.441373 4.742204 -0.102043 13
0.456922 4.651206 -0.080427 13
0.441849 4.576147 -0.097497 13
0.410091 4.508918 -0.135652 13
0.227075 4.509456 -0.364410 13
0.102571 4.478909 -0.519416 13
0.057281 4.411558 -0.574671 13
0.060275 4.323775 -0.569193 13
0.072888 4.232835 -0.551682 13
0.050272 4.155746 -0.578576 13
-0.005959 4.090195 -0.647810 13
0.465491 3.845546 -0.053471 3
0.505505 3.754785 -0.001909 3
0.513543 3.675373 0.009370 13
0.466106 3.612529 -0.049140 13
0.440398 3.542540 -0.080387 13
0.698278 3.399204 0.244630 12
0.660424 3.335530 0.197967 12
0.761327 3.239653 0.325549 12
1.100710 3.097225 0.752546 12
1.270119 2.998565 0.965937 12
1.243243 2.940326 0.932772 12
1.257956 2.874637 0.951778 12
1.245380 2.813551 0.936474 12
1.236008 2.751773 0.925146 12
1.265513 2.685309 0.962567 12
1.293704 2.619987 0.998284 12
1.174682 2.568114 0.849199 12
1.136761 2.507000 0.801856 11
1.136998 2.442714 0.802350 11
1.162884 2.377491 0.834982 11
1.145016 2.314112 0.812659 11
1.178642 2.249803 0.854903 11
1.109456 2.185746 0.768087 11
1.078319 2.120428 0.728966 11
1.119414 2.056915 0.780433 11
1.010277 1.986528 0.643331 11
0.954400 1.916422 0.573005 10
0.939134 1.847976 0.553589 10
0.886982 1.775282 0.487823 10
0.903711 1.708861 0.508453 10
0.959847 1.648033 0.578497 10
0.913675 1.573804 0.520070 10
0.942176 1.510139 0.555326 10
0.972612 1.447562 0.592967 10
0.915635 1.368846 0.520797 10
0.915507 1.300075 0.519949 10
0.940224 1.236705 0.550256 10
0.893181 1.156624 0.490368 10
1.547009 1.254768 1.311013 9
1.743976 1.248897 1.557756 9
1.830422 1.217199 1.665628 9
1.775901 1.145126 1.596284 9
1.889097 1.124845 1.737746 9
1.867504 1.062595 1.709710 9
1.868110 1.007236 1.709539 9
1.827358 0.936372 1.657289 9
1.657293 0.814053 1.442231 9
1.830838 0.823971 1.659547 9
1.837129 0.769317 1.666336 9
1.849627 0.717258 1.680898 9
1.937293 0.699248 1.790116 9
1.882570 0.617123 1.719914 9
1.913093 0.574185 1.757079 9
1.867861 0.493853 1.698693 9
1.864706 0.433456 1.693294 9
1.876313 0.380474 1.706465 9
1.911463 0.340527 1.749311 9
1.904353 0.277217 1.738773 9
1.895573 0.212228 1.726065 9
1.919194 0.166135 1.754236 9
1.877250 0.079430 1.699488 9
1.879286 0.018996 1.700261 9
1.859023 -0.056630 1.672763 9
1.929158 -0.072107 1.759609 9
1.926316 -0.136493 1.754057 9
1.906804 -0.213506 1.727319 9
1.847776 -0.320916 1.650404 9
1.916257 -0.334963 1.735061 9
1.862198 -0.441862 1.664251 9
1.893326 -0.483940 1.701451 9
1.922775 -0.526855 1.736491 9
1.965083 -0.558605 1.787847 9
1.957192 -0.632203 1.775354 9
1.898143 -0.751537 1.697679 9
1.702712 -0.995946 1.446190 9
1.766630 -1.012136 1.524733 9
1.868618 -0.990923 1.651834 9
1.903499 -1.030484 1.693413 9
1.860184 -1.145949 1.635143 9
1.856125 -1.224984 1.626859 9
1.450683 6.174125 1.233123 5
1.425482 6.115097 1.204524 5
1.465736 5.991638 1.257297 5
1.428864 5.945236 1.214062 5
1.300101 5.984848 1.056632 5
0.545440 5.753152 0.145877 5
0.516158 5.685410 0.111955 5
0.555245 5.569119 0.162489 5
0.523479 5.503824 0.125385 5
0.468689 5.453567 0.059810 5
0.439930 5.385120 0.026355 5
0.412774 5.315362 -0.005163 5
0.401631 5.235486 -0.016966 5
0.424065 5.135814 0.012589 5
0.399983 5.064621 -0.015287 5
0.457624 4.947166 0.057527 13
0.435329 4.875999 0.031739 13
0.408216 4.807210 -0.000027 13
0.453641 4.700901 0.057506 13
0.476171 4.608020 0.086764 13
0.412142 4.557862 0.009398 13
0.300647 4.528008 -0.126403 13
0.202586 4.488965 -0.245666 13
0.071751 4.461235 -0.405249 13
0.026920 4.394191 -0.459041 13
-0.005649 4.321284 -0.497788 13
0.004273 4.231604 -0.484336 13
-0.016422 4.153818 -0.508577 13
0.003417 4.061659 -0.483049 13
0.427803 3.836143 0.039520 3
0.468814 3.745733 0.090859 13
0.479447 3.666065 0.104817 13
0.461449 3.595182 0.083559 13
0.553970 3.494289 0.197984 12
0.609828 3.405846 0.267314 12
0.708285 3.309264 0.388884 12
0.765335 3.225170 0.459549 12
1.226188 3.059617 1.025824 12
1.229953 2.995885 1.030928 12
1.242462 2.930890 1.046723 12
1.179332 2.878549 0.969656 12
1.182820 2.814742 0.974310 12
1.212238 2.747800 1.010741 12
1.223147 2.683981 1.024421 12
1.207535 2.623215 1.005524 12
1.090696 2.570531 0.862406 12
1.098736 2.505796 0.872458 11
1.087038 2.442414 0.858259 11
1.112525 2.377307 0.889638 11
1.157575 2.312560 0.944975 11
1.141443 2.249668 0.925223 11
1.104800 2.186136 0.880274 11
1.158645 2.123547 0.946287 11
1.113957 2.058830 0.891395 11
1.093586 1.994017 0.866292 11
0.893244 1.916209 0.620369 10
0.886178 1.848422 0.611502 10
0.909981 1.783402 0.640466 10
0.868769 1.711591 0.589625 10
0.849638 1.641281 0.565831 10
0.841694 1.571891 0.555721 10
0.848349 1.504469 0.563484 10
0.856765 1.437418 0.573370 10
0.890795 1.375366 0.614652 10
0.849782 1.298691 0.563787 10
0.876601 1.235629 0.596143 10
1.713786 1.365819 1.623399 9
1.719418 1.311294 1.629788 9
1.774370 1.270026 1.696713 9
1.811795 1.225299 1.742095 9
1.760632 1.154932 1.678633 9
1.753927 1.096790 1.669738 9
1.765052 1.044127 1.682715 9
1.808027 1.002664 1.734804 9
1.797636 0.942888 1.721279 9
1.747824 0.867521 1.659247 9
1.788417 0.826104 1.708323 9
1.807291 0.776748 1.730670 9
1.843651 0.735205 1.774500 9
1.852824 0.682425 1.784859 9
1.830106 0.614882 1.755938 9
1.796175 0.540869 1.713160 9
1.831939 0.499895 1.756141 9
1.825557 0.438153 1.747196 9
1.839487 0.386557 1.763231 9
1.810087 0.311350 1.725837 9
1.831459 0.263330 1.750967 9
1.828218 0.201309 1.745722 9
1.837131 0.145993 1.755422 9
1.848558 0.092067 1.768186 9
1.757715 -0.026768 1.654700 9
1.844033 -0.033895 1.759809 9
1.844615 -0.095871 1.759062 9
1.850798 -0.154517 1.765189 9
1.827776 -0.234131 1.735180 9
1.891734 -0.252127 1.812637 9
1.847460 -0.348824 1.756244 9
1.856351 -0.407272 1.765538 9
1.851624 -0.476674 1.757934 9
1.880395 -0.520098 1.791754 9
1.854299 -0.608109 1.757577 9
1.871331 -0.661628 1.776772 9
1.850188 -0.748043 1.748591 9
1.807339 -0.855178 1.693400 9
1.775416 -0.955016 1.651660 9
1.818354 -0.988051 1.702785 9
1.800707 -1.077235 1.678626 9
1.813936 -1.138321 1.692761 9
1.824801 -1.202096 1.703909 9
1.793778 -1.308497 1.662875 9
1.406672 6.157164 1.307034 5
1.367427 6.112403 1.261417 5
1.400932 5.996524 1.303898 5
1.356947 5.956570 1.252477 5
0.471175 5.667894 0.202807 5
0.401674 5.628276 0.120570 5
0.413505 5.531771 0.136365 5
0.440915 5.426174 0.170880 5
0.421585 5.352327 0.149022 5
0.366154 5.301075 0.083647 5
0.405588 5.190944 0.132497 5
0.405812 5.105995 0.134076 5
0.391931 5.029779 0.118634 13
0.461040 4.907576 0.203030 13
0.455058 4.828785 0.197002 13
0.456508 4.746481 0.199878 13
0.455251 4.666142 0.199457 13
0.504965 4.561375 0.260291 13
0.555881 4.458187 0.322513 13
0.508404 4.402006 0.266397 13
0.502880 4.326292 0.260687 13
0.511716 4.244762 0.272200 13
0.481606 4.179801 0.236878 13
0.540208 4.079578 0.308109 13
0.567761 3.993265 0.341987 13
0.565764 3.918813 0.340332 13
0.537301 3.853736 0.306861 13
0.522419 3.783644 0.289671 13
0.499295 3.715974 0.262559 13
0.520360 3.634784 0.288465 13
0.491549 3.568545 0.254466 13
0.443281 3.506847 0.197086 13
0.545253 3.406358 0.319997 12
0.558095 3.330158 0.335892 12
0.657191 3.235665 0.455256 12
0.883381 3.118495 0.727064 12
1.174604 2.996149 1.076831 12
1.149838 2.937636 1.047432 12
1.125837 2.878390 1.018927 12
1.115402 2.816604 1.006673 12
1.154528 2.748279 1.053842 12
1.182020 2.682554 1.087026 12
1.192722 2.619390 1.100043 12
1.104750 2.564785 0.994685 12
1.054797 2.505026 0.934904 11
1.072131 2.440283 0.955801 11
1.132468 2.374489 1.028242 11
1.136207 2.311813 1.032778 11
1.071085 2.249785 0.954705 11
1.054938 2.186176 0.935339 11
1.112279 2.123730 1.004081 11
1.037262 2.058019 0.914061 11
0.849407 1.984090 0.688682 10
0.813524 1.914742 0.645534 10
0.811524 1.847057 0.642995 10
0.843869 1.782597 0.681622 10
0.796321 1.710012 0.624394 10
0.815854 1.644475 0.647597 10
0.824680 1.577885 0.657932 10
0.846069 1.513424 0.683308 10
0.824703 1.442060 0.657367 10
0.844349 1.377630 0.680597 10
0.827487 1.306190 0.660000 10
1.546102 1.395286 1.521903 9
1.603934 1.351247 1.590946 9
1.645807 1.304825 1.640822 9
1.735767 1.272275 1.748400 9
1.764288 1.225061 1.782225 9
1.762168 1.169449 1.779247 9
1.763863 1.114751 1.780827 9
1.724346 1.046375 1.732895 9
1.753204 1.000006 1.767041 9
1.802531 0.961655 1.825753 9
1.800085 0.905184 1.822265 9
1.765666 0.835859 1.780340 9
1.770796 0.781251 1.785898 9
1.774208 0.725782 1.789366 9
1.819535 0.688536 1.843188 9
1.780894 0.614165 1.796062 9
1.761873 0.547456 1.772483 9
1.761284 0.488776 1.771033 9
1.782116 0.440532 1.795320 9
1.768184 0.374449 1.777768 9
1.781746 0.322317 1.793261 9
1.797961 0.271704 1.811924 9
1.779122 0.201131 1.788372 9
1.725105 0.108704 1.722427 9
1.756322 0.065722 1.759064 9
1.776748 0.016598 1.782687 9
1.780387 -0.043094 1.786067 9
1.759080 -0.119647 1.759355 9
1.757355 -0.184216 1.756201 9
1.763361 -0.244023 1.762332 9
1.794190 -0.286450 1.798371 9
1.793186 -0.351673 1.795993 9
1.788893 -0.420017 1.789610 9
1.763405 -0.505484 1.757604 9
1.783284 -0.556768 1.780321 9
1.808054 -0.604024 1.808920 9
1.797079 -0.680613 1.794315 9
1.754761 -0.784911 1.741782 9
1.806291 -0.810267 1.802633 9
1.725139 -0.952039 1.703021 9
1.724106 -1.025210 1.700227 9
1.741031 -1.082615 1.719121 9
1.723725 -1.172661 1.696543 9
1.730766 -1.240741 1.703389 9
1.736299 -1.310956 1.708369 9
1.347640 6.155728 1.362068 5
1.312315 6.106957 1.321533 5
1.319472 6.017197 1.331097 5
1.252544 5.997942 1.253258 5
0.154553 5.842264 -0.027468 7
0.186573 5.728043 0.011168 7
0.313665 5.552189 0.161583 5
0.335630 5.450043 0.188297 5
0.316650 5.375341 0.166833 5
0.352187 5.267083 0.209441 5
0.309136 5.207813 0.159633 5
0.314537 5.119524 0.166759 5
0.399741 4.986950 0.267643 13
0.389793 4.910027 0.256668 13
0.400210 4.822523 0.269600 13
0.409992 4.736249 0.281760 13
0.411662 4.654878 0.284365 13
0.457107 4.552965 0.338361 13
0.515460 4.447011 0.407482 13
0.518768 4.368172 0.411930 13
0.497963 4.300342 0.388044 13
0.486605 4.228329 0.375231 13
0.507908 4.143240 0.400743 13
0.507491 4.067604 0.400733 13
0.505598 3.992875 0.398972 13
0.511099 3.915824 0.405868 13
0.491944 3.847643 0.383808 13
0.499533 3.770541 0.393116 13
0.506170 3.694277 0.401285 13
0.496635 3.623242 0.390458 13
0.452590 3.561759 0.339125 13
0.447358 3.489024 0.333314 12
0.578004 3.382854 0.486887 12
0.590620 3.308215 0.501967 12
0.573762 3.240549 0.482455 12
0.868795 3.109793 0.828762 12
1.111599 2.997837 1.113761 12
1.093181 2.938057 1.092345 12
1.126180 2.869831 1.131217 12
1.117048 2.808670 1.120661 12
1.055898 2.753918 1.049086 12
1.128440 2.682554 1.134282 12
1.145319 2.618811 1.154183 12
1.120539 2.559047 1.125215 12
1.024704 2.503354 1.012910 11
1.011003 2.440606 0.996906 11
0.996556 2.377521 0.980013 11
1.022755 2.313134 1.010765 11
1.013852 2.249803 1.000342 11
0.992128 2.186118 0.974868 11
0.960589 2.121565 0.937869 11
0.972778 2.057680 0.952130 11
0.877331 1.988539 0.840157 11
0.776304 1.916148 0.721622 10
0.775690 1.848893 0.720820 10
0.779567 1.781983 0.725267 10
0.748537 1.711217 0.688762 10
0.778683 1.647155 0.723982 10
0.804767 1.583310 0.754423 10
0.783831 1.512779 0.729703 10
0.801878 1.448158 0.750687 10
0.786349 1.377678 0.732273 10
1.292807 1.411634 1.326109 9
1.397284 1.373731 1.448453 9
1.616202 1.365321 1.705040 9
1.664071 1.321184 1.760977 9
1.652061 1.262643 1.746656 9
1.659745 1.209007 1.755425 9
1.689222 1.161786 1.789751 9
1.738154 1.121254 1.846896 9
1.703025 1.054824 1.805389 9
1.682084 0.991884 1.780513 9
1.696620 0.940627 1.797256 9
1.712074 0.889907 1.815065 9
1.711605 0.833259 1.814170 9
1.357470 0.634208 1.398078 10
1.706705 0.717409 1.807682 9
1.702484 0.658144 1.802336 9
1.734030 0.614511 1.838972 9
1.736345 0.557942 1.841270 9
1.706110 0.485406 1.805323 9
1.716742 0.431897 1.817356 9
1.704839 0.366753 1.802901 9
1.711936 0.310924 1.810750 9
1.767878 0.281707 1.875977 9
1.298682 -0.042833 1.324067 10
1.290521 -0.115336 1.313872 10
1.316819 -0.167980 1.344160 10
1.270043 -0.265287 1.288525 10
1.313050 -0.307865 1.338424 10
1.309334 -0.379935 1.333369 10
1.346173 -0.425599 1.375990 9
1.711465 -0.245063 1.804982 9
1.724188 -0.300424 1.819275 9
1.706234 -0.378075 1.797453 9
1.692173 -0.454100 1.780187 9
1.734892 -0.488160 1.829730 9
1.763697 -0.532104 1.862888 9
1.742655 -0.615342 1.837339 9
1.690840 -0.725164 1.775511 9
1.731655 -0.760351 1.822759 9
1.737017 -0.824987 1.828228 9
1.698051 -0.928913 1.781435 9
1.701422 -0.997336 1.784502 9
1.676700 -1.092117 1.754424 9
1.684863 -1.158037 1.763087 9
1.715068 -1.203466 1.797726 9
1.690973 -1.301519 1.768290 9
1.671412 -1.397008 1.744161 9
1.267796 6.174783 1.393053 5
1.242499 6.115823 1.364364 5
1.274284 6.003165 1.401250 5
1.191739 5.997989 1.306779 5
0.098870 5.830534 0.055914 7
0.187260 5.678968 0.157690 0
0.174478 5.598010 0.143321 0
0.248748 5.461453 0.228858 0
0.296503 5.344748 0.283946 5
0.274651 5.272680 0.259138 5
0.281192 5.183750 0.266907 5
0.274741 5.103141 0.259758 5
0.241939 5.037623 0.222365 5
0.320869 4.911169 0.313171 13
0.343059 4.817649 0.338859 13
0.346362 4.734999 0.342868 13
0.362963 4.646438 0.362125 13
0.451988 4.524454 0.464463 13
0.393271 4.473738 0.397295 13
0.402714 4.391351 0.408314 13
0.425148 4.304146 0.434230 13
0.435526 4.223041 0.446306 13
0.416034 4.154509 0.424113 13
0.445508 4.067100 0.458080 13
0.447377 3.991064 0.460375 13
0.476380 3.905940 0.493785 13
0.464622 3.835681 0.480436 13
0.416873 3.776870 0.425803 13
0.419336 3.701637 0.428754 13
0.418512 3.627716 0.427929 13
0.399034 3.559149 0.405704 13
0.359212 3.495513 0.360143 13
0.557746 3.372869 0.587923 12
0.582483 3.296132 0.616383 12
0.674880 3.205889 0.722426 12
0.861406 3.099888 0.936403 12
1.082438 2.993265 1.189936 12
1.048559 2.936437 1.151147 12
1.099107 2.865721 1.209167 12
1.105782 2.802740 1.216871 12
1.085897 2.743378 1.194115 12
1.072946 2.682766 1.179304 12
1.044065 2.623378 1.146223 12
0.895900 2.572828 0.976359 12
0.898123 2.508085 0.978934 11
0.962861 2.440257 1.053186 11
0.921333 2.378257 1.005585 11
0.942974 2.313683 1.030409 11
0.967005 2.249744 1.057969 11
0.958087 2.186273 1.047743 11
0.950784 2.122570 1.039364 11
0.917732 2.057694 1.001455 11
0.744133 1.984617 0.802383 10
0.744120 1.917848 0.802346 10
0.740711 1.850750 0.798411 10
0.746676 1.784375 0.805218 10
0.745724 1.717334 0.804088 10
0.736002 1.649077 0.792897 10
0.748523 1.583528 0.807205 10
0.726087 1.512839 0.781423 10
0.748650 1.448958 0.807237 10
0.762126 1.383930 0.822624 10
1.367759 1.436814 1.517061 9
1.560969 1.419480 1.738561 9
1.583198 1.368683 1.763985 9
1.648907 1.328978 1.839269 9
1.603972 1.262463 1.787661 9
1.636305 1.215559 1.824660 9
1.614121 1.153692 1.799134 9
1.640300 1.105650 1.829068 9
1.630084 1.046568 1.817257 9
1.586691 0.975845 1.767388 9
1.682461 0.952251 1.877128 9
1.664941 0.889960 1.856925 9
1.652403 0.828762 1.842430 9
1.656261 0.773400 1.846736 9
1.612314 0.698163 1.796201 9
1.610615 0.639321 1.794122 9
1.656874 0.601394 1.847053 9
1.674893 0.551624 1.867585 9
1.667301 0.489904 1.858732 9
1.184239 0.193675 1.304368 9
1.179005 0.124222 1.298188 9
1.209787 0.073054 1.333325 10
1.226516 0.014844 1.352333 10
1.205670 -0.064228 1.328219 10
1.230807 -0.118072 1.356864 10
1.215527 -0.195461 1.339123 10
1.239085 -0.250274 1.365946 10
1.225190 -0.328230 1.349779 10
1.213388 -0.405874 1.336007 10
1.236349 -0.461577 1.362127 10
1.416556 -0.410614 1.568737 9
1.410703 -0.483162 1.561782 9
1.548300 -0.454325 1.719495 9
1.651326 -0.446430 1.837529 9
1.666509 -0.501185 1.854717 9
1.665950 -0.568091 1.853826 9
1.652196 -0.646033 1.837776 9
1.669334 -0.700329 1.857190 9
1.645277 -0.788577 1.829293 9
1.660443 -0.845443 1.846429 9
1.661878 -0.914301 1.847789 9
1.661460 -0.985510 1.847013 9
1.586302 -1.124828 1.760373 9
1.606982 -1.179772 1.783810 9
1.652956 -1.210969 1.836302 9
1.662244 -1.276437 1.846643 9
1.608215 -1.404584 1.784219 9
1.625982 -1.463970 1.804281 9
1.239072 6.143851 1.482393 5
1.189733 6.108294 1.426813 5
1.226551 5.991909 1.467654 5
1.218460 5.918668 1.458248 5
0.059685 5.807829 0.156816 7
0.101090 5.689242 0.202883 0
0.124646 5.584459 0.228971 0
0.223500 5.433515 0.339422 5
0.241144 5.336696 0.358914 5
0.194003 5.279997 0.305834 5
0.212910 5.183858 0.326757 5
0.223519 5.093673 0.338394 5
0.246220 4.997787 0.363588 13
0.235553 4.921035 0.351402 13
0.281591 4.815143 0.402766 13
0.286417 4.731938 0.407958 13
0.325739 4.632652 0.451817 13
0.349562 4.542388 0.478316 13
0.326039 4.474832 0.451760 13
0.414090 4.358107 0.550262 13
0.371284 4.299848 0.502109 13
0.383759 4.218172 0.515922 13
0.384743 4.141775 0.516863 13
0.389231 4.064467 0.521737 13
0.379775 3.992686 0.510988 13
0.389599 3.914300 0.521858 13
0.346701 3.853954 0.473633 13
0.356462 3.776025 0.484444 13
0.353046 3.702645 0.480490 13
0.336053 3.633315 0.461321 13
0.328836 3.561104 0.453119 13
0.306618 3.492763 0.428103 12
0.495995 3.373116 0.640323 12
0.711348 3.253438 0.881679 2
0.788898 3.169384 0.968545 2
0.979747 3.065564 1.182452 12
1.033367 2.992423 1.242505 12
0.982133 2.938497 1.185000 12
1.013497 2.870628 1.220112 12
1.051175 2.802927 1.262308 12
1.057509 2.740292 1.269366 12
1.049021 2.679546 1.259809 12
1.043160 2.618392 1.253202 12
0.974767 2.562117 1.176484 12
0.893739 2.504745 1.085603 11
0.892498 2.441041 1.084191 11
0.902701 2.376929 1.095616 11
0.906476 2.313280 1.099839 11
0.864289 2.250090 1.052530 11
0.860572 2.185965 1.048361 11
0.906051 2.122793 1.099363 11
0.869517 2.057954 1.058407 11
0.801625 1.990443 0.982295 2
0.805665 1.925606 0.986846 2
0.772804 1.857896 0.950026 2
0.788952 1.793778 0.968163 2
0.696400 1.718247 0.864424 10
0.707504 1.652697 0.876917 10
0.668510 1.580468 0.833242 10
0.634807 1.507790 0.795507 10
0.664454 1.444569 0.828808 10
1.262850 1.485318 1.499805 9
1.492711 1.471168 1.757587 9
1.508699 1.418524 1.775576 9
1.539102 1.369455 1.809730 9
1.532433 1.312210 1.802323 9
1.595101 1.272301 1.872658 9
1.630186 1.226623 1.912071 9
1.540895 1.146337 1.812051 9
1.559379 1.095524 1.832863 9
1.571427 1.043024 1.846463 9
1.576212 0.988263 1.851925 9
1.603342 0.941131 1.882442 9
1.598417 0.883014 1.877028 9
1.601985 0.827682 1.881140 9
1.589932 0.766073 1.867747 9
1.589023 0.708344 1.866851 9
1.562730 0.639565 1.837509 9
1.555145 0.577851 1.829142 9
1.599298 0.539050 1.878765 9
1.684842 0.520744 1.974778 9
1.125100 0.191521 1.347637 9
1.120581 0.122477 1.342747 9
1.157682 0.074404 1.384501 10
1.163834 0.010569 1.391579 10
1.175033 -0.050744 1.404318 10
1.128435 -0.144907 1.352305 10
1.170363 -0.189482 1.399486 10
1.182570 -0.250997 1.413372 10
1.169366 -0.328296 1.398796 10
1.179051 -0.392085 1.409869 10
1.199778 -0.448923 1.433318 10
1.162432 -0.544412 1.391722 10
1.200826 -0.589905 1.434971 10
1.293901 -0.596259 1.539467 9
1.597848 -0.448074 1.880122 9
1.583083 -0.524955 1.863828 9
1.595393 -0.582516 1.877861 9
1.600492 -0.645859 1.883825 9
1.606582 -0.708893 1.890906 9
1.532824 -0.837159 1.808594 9
1.564926 -0.881041 1.844815 9
1.588398 -0.931781 1.871378 9
1.263911 -1.284402 1.508451 9
1.546619 -1.111597 1.825211 9
1.585811 -1.149451 1.869388 9
1.551644 -1.254582 1.831471 9
1.592306 -1.291112 1.877304 9
1.572715 -1.385161 1.855719 9
1.522416 -1.511264 1.799790 9
1.126375 6.193824 1.478372 5
1.099180 6.136229 1.447627 5
1.164194 5.994327 1.517425 5
1.077115 5.991842 1.421434 5
0.217711 5.652444 0.471487 5
0.287166 5.519881 0.546530 5
0.225118 5.474795 0.477849 5
0.134597 5.446104 0.378038 5
0.122968 5.367070 0.364502 5
0.166645 5.255578 0.411482 5
0.119341 5.198508 0.358972 5
0.133453 5.106167 0.373666 5
0.119707 5.030002 0.357905 13
0.206885 4.900795 0.452611 13
0.172007 4.837278 0.413773 13
0.192073 4.745979 0.435092 13
0.160933 4.680359 0.400382 13
0.297588 4.536468 0.549396 13
0.269183 4.471245 0.517728 13
0.290297 4.384167 0.540302 13
0.296120 4.304540 0.546154 13
0.273599 4.236882 0.520984 13
0.252932 4.168209 0.497860 13
0.243525 4.095100 0.487087 13
0.240495 4.019794 0.483319 13
0.277868 3.930956 0.523836 13
0.257192 3.862497 0.500774 13
0.285292 3.778549 0.531175 13
0.300440 3.699569 0.547407 13
0.264544 3.635688 0.507718 13
0.157469 3.590004 0.390030 13
0.818838 3.347672 1.114617 6
0.403635 3.380625 0.659236 12
0.779346 3.225372 1.070815 2
0.808080 3.153542 1.102081 6
1.008149 3.049519 1.321199 12
1.000026 2.988780 1.312102 12
0.918834 2.939989 1.222909 12
0.959886 2.870601 1.267753 12
0.984122 2.804801 1.294179 12
0.959000 2.745807 1.266501 12
0.950191 2.684438 1.256724 12
0.964691 2.620735 1.272520 12
0.854282 2.567335 1.151363 12
0.790825 2.507820 1.081702 6
0.856214 2.440103 1.153345 11
0.829015 2.377599 1.123474 11
0.812893 2.314109 1.105764 11
0.806287 2.250109 1.098505 11
0.842738 2.186233 1.138477 11
0.841122 2.122577 1.136720 11
0.854093 2.059379 1.150974 11
0.866510 1.996494 1.164636 11
0.827362 1.930611 1.121767 6
0.756068 1.861029 1.043667 6
0.880244 1.807502 1.179922 6
0.644537 1.718865 0.921573 10
0.740046 1.663650 1.026423 6
0.604069 1.579602 0.877472 10
0.608122 1.512582 0.882076 10
0.588357 1.441625 0.860582 10
1.236904 1.489769 1.571799 9
1.475969 1.477213 1.834065 9
1.142837 1.352271 1.469056 9
1.507914 1.373086 1.869464 9
1.470284 1.308763 1.828425 9
1.508995 1.262420 1.871081 9
1.538499 1.214579 1.903655 9
1.572950 1.168814 1.941660 9
1.453636 1.078298 1.811167 9
1.475772 1.028055 1.835707 9
1.533104 0.989727 1.898822 9
1.549492 0.938914 1.917084 9
1.555274 0.884574 1.923736 9
1.497520 0.806564 1.860801 9
1.499738 0.749713 1.863583 9
1.566395 0.718533 1.936959 9
1.536021 0.648637 1.904070 9
1.522505 0.584793 1.889663 9
1.548075 0.537721 1.918072 9
1.063933 0.254844 1.388432 9
1.053013 0.183220 1.376974 9
1.071383 0.125348 1.397598 9
1.095800 0.070728 1.424854 10
1.094420 0.002864 1.423892 10
1.116381 -0.052820 1.448489 10
1.086615 -0.137178 1.416505 9
1.082693 -0.208115 1.412821 10
1.119926 -0.255325 1.454173 10
1.126143 -0.320690 1.461613 10
1.116295 -0.396423 1.451505 10
1.149016 -0.445715 1.487962 10
1.146693 -0.517555 1.486122 10
1.118626 -0.607462 1.456164 10
1.266951 -0.576686 1.619000 9
1.320525 -0.608706 1.678277 9
1.512814 -0.538490 1.889092 9
1.510100 -0.607529 1.886865 9
1.581429 -0.620760 1.965519 9
1.619785 -0.657847 2.008163 9
1.615793 -0.728071 2.004587 9
1.547410 -0.851810 1.930758 9
1.493246 -0.966897 1.872497 9
1.455814 -1.070444 1.832540 9
1.486853 -1.116303 1.867305 9
1.499561 -1.178165 1.882092 9
1.514194 -1.238607 1.898996 9
1.528423 -1.299706 1.915479 9
1.529540 -1.373612 1.917694 9
1.485298 -1.492512 1.870521 9
1.049182 6.126051 1.513235 5
1.060333 6.034020 1.523306 5
1.040260 5.970849 1.500259 5
0.936530 5.979949 1.388322 5
0.227691 5.685924 0.617644 5
0.218161 5.606270 0.606011 5
0.203380 5.530425 0.588811 5
0.117784 5.499632 0.496075 5
0.089516 5.431317 0.464529 5
0.048959 5.370113 0.419890 5
0.040840 5.289283 0.409911 5
0.048050 5.200110 0.416344 5
0.063476 5.107237 0.431598 5
-0.009325 5.062717 0.352616 5
0.095968 4.923836 0.463996 13
0.089345 4.845254 0.455814 13
0.095071 4.760947 0.460871 13
0.106583 4.674579 0.472155 13
0.220200 4.542319 0.592695 13
0.227544 4.461010 0.599620 13
0.232892 4.381210 0.604445 13
0.259784 4.293115 0.632362 13
0.258397 4.217446 0.630053 13
0.220966 4.155869 0.589190 13
0.230838 4.076189 0.598995 13
0.239138 3.997706 0.607150 13
0.210994 3.932078 0.576311 13
0.183409 3.865754 0.546095 13
0.240350 3.772941 0.606447 13
0.187842 3.714123 0.549589 13
0.179148 3.641858 0.539693 13
0.750253 3.416807 1.151099 6
0.803048 3.337644 1.207213 6
0.716443 3.292911 1.113967 6
0.832830 3.201187 1.238299 6
0.770676 3.149726 1.171302 6
0.935768 3.053155 1.347922 12
0.941482 2.989687 1.353731 12
0.953027 2.925571 1.365817 12
0.955851 2.863207 1.368580 12
0.919458 2.806306 1.329317 12
0.924383 2.743512 1.334380 12
0.881787 2.685985 1.288508 12
0.901341 2.621631 1.309307 12
0.857929 2.562789 1.262606 12
0.751686 2.506770 1.148546 6
0.763501 2.441972 1.161116 6
0.822362 2.375888 1.224167 6
0.835148 2.312468 1.237831 6
0.801298 2.249753 1.201502 6
0.812059 2.186405 1.213043 6
0.798464 2.122839 1.198488 6
0.784366 2.058855 1.183418 6
0.785389 1.995191 1.184589 6
0.758586 1.929750 1.155945 6
0.825668 1.870789 1.228009 6
0.797610 1.804932 1.198069 6
0.776999 1.738997 1.176141 6
0.790046 1.676435 1.190332 6
0.819873 1.616401 1.222538 6
0.543314 1.511596 0.926266 10
0.566994 1.447667 0.951945 10
1.184439 1.489418 1.614194 9
1.376442 1.467268 1.820315 9
1.412918 1.418490 1.859721 9
1.422484 1.364692 1.870301 9
1.445102 1.314077 1.894890 9
1.463521 1.262906 1.914997 9
1.437035 1.200261 1.887006 9
1.471907 1.153725 1.924784 9
1.476662 1.099195 1.930312 9
1.481914 1.044753 1.936396 9
1.512272 0.998335 1.969391 9
1.486829 0.933790 1.942642 9
1.499669 0.881717 1.956918 9
1.442351 0.804056 1.896099 9
1.482745 0.761704 1.939921 9
1.454841 0.693201 1.910655 9
1.464410 0.638997 1.921524 9
1.524357 0.606293 1.986321 9
1.013871 0.322831 1.440856 9
0.978772 0.240906 1.404099 9
0.985705 0.177403 1.412337 9
0.999406 0.117024 1.427839 10
1.030438 0.065402 1.461893 10
1.055299 0.011121 1.489368 10
1.018379 -0.075918 1.450844 10
1.013229 -0.147057 1.446311 10
1.019185 -0.212529 1.453674 9
1.035723 -0.272119 1.472369 10
1.060053 -0.327001 1.499406 10
1.045060 -0.405864 1.484492 10
1.073736 -0.458105 1.516221 10
1.077541 -0.526119 1.521434 10
1.070583 -0.601758 1.515200 10
1.053444 -0.685192 1.498150 10
1.063365 -0.750863 1.509993 10
1.263496 -0.680232 1.724574 9
1.430671 -0.627534 1.903956 9
1.476468 -0.661028 1.953990 9
1.442843 -0.754768 1.919468 9
1.497267 -0.780918 1.978723 9
1.526305 -0.826270 2.010965 9
1.437511 -0.968492 1.917890 9
1.468567 -1.013602 1.952356 9
1.436257 -1.112952 1.919484 9
1.445291 -1.177868 1.930609 9
1.450898 -1.246335 1.938128 9
1.476853 -1.296711 1.967288 9
1.464277 -1.383119 1.955578 9
1.473827 -1.449693 1.967396 9
0.969787 6.142776 1.547903 5
0.967151 6.063087 1.542718 5
0.957796 5.990039 1.530641 5
0.872530 5.982069 1.439982 5
0.249231 5.710490 0.772979 5
0.223390 5.642894 0.744036 5
0.181553 5.585672 0.698483 5
0.144809 5.524491 0.658258 5
0.004156 5.527726 0.509826 5
-0.018636 5.455284 0.484164 5
-0.119361 5.428939 0.377308 5
-0.105220 5.333770 0.390212 5
-0.038612 5.210263 0.457906 5
-0.115615 5.167696 0.375863 5
-0.134266 5.092410 0.354725 5
0.001546 4.937800 0.494884 13
-0.013492 4.863052 0.477651 13
-0.019431 4.783959 0.469964 13
-0.003212 4.694825 0.485476 13
0.086734 4.573344 0.578096 13
0.102388 4.487487 0.593152 13
0.095373 4.412089 0.584562 13
0.063181 4.347128 0.549686 13
0.099216 4.254877 0.586209 13
0.094971 4.179255 0.580652 13
0.174006 4.073716 0.662285 13
0.141839 4.009477 0.627607 13
0.136437 3.935715 0.620979 13
0.124655 3.864137 0.607714 13
0.125167 3.788783 0.607361 13
0.112510 3.717534 0.593260 13
0.750204 3.467552 1.260430 6
0.740161 3.404768 1.249240 6
0.725581 3.343024 1.233330 6
0.755396 3.270777 1.263976 6
0.794474 3.197554 1.304372 6
0.773787 3.137763 1.282172 2
0.878151 3.053904 1.391087 12
0.883507 2.990466 1.396263 12
0.849170 2.933698 1.359860 12
0.850618 2.870837 1.361007 12
0.851359 2.808225 1.361446 12
0.876383 2.742856 1.387384 12
0.818517 2.686954 1.326431 12
0.877747 2.618898 1.388313 12
0.800606 2.563025 1.307206 6
0.822621 2.498838 1.330127 6
0.775979 2.438664 1.281070 6
0.784526 2.375304 1.289932 6
0.756789 2.312967 1.260770 6
0.779519 2.249523 1.284579 6
0.739733 2.186282 1.242845 6
0.735925 2.122679 1.238885 6
0.748028 2.059507 1.251649 6
0.778669 1.997550 1.283891 6
0.809591 1.936427 1.316460 6
0.781096 1.871561 1.286743 6
0.804791 1.810570 1.311798 6
0.782171 1.745325 1.288315 6
0.796907 1.683796 1.304041 6
0.719428 1.610351 1.223104 6
0.699604 1.543085 1.202666 6
0.451663 1.438456 0.943100 10
1.212427 1.503154 1.741085 9
1.368968 1.474975 1.905583 9
1.371258 1.419747 1.908404 9
1.380202 1.365890 1.918228 9
1.437041 1.323233 1.978271 9
1.417536 1.263261 1.958339 9
1.412542 1.206338 1.953647 9
1.408976 1.149482 1.950482 9
1.308273 1.064249 1.845617 9
1.454390 1.050829 1.999277 9
1.454084 0.994857 1.999617 9
1.446842 0.936347 1.992728 9
1.405238 0.865456 1.949912 9
1.401532 0.806817 1.946801 9
1.409969 0.752386 1.956431 9
1.452488 0.711285 2.001741 9
1.416602 0.639289 1.965071 9
1.424349 0.584321 1.974074 9
0.949737 0.318634 1.478894 9
0.913818 0.236466 1.442446 9
0.939081 0.181409 1.469982 9
0.951417 0.120501 1.484042 10
0.949199 0.052323 1.482940 10
0.950253 -0.014660 1.485297 10
0.950253 -0.082602 1.486596 10
0.942670 -0.155124 1.480027 9
0.949890 -0.220053 1.488948 10
0.989737 -0.266426 1.531928 10
1.008311 -0.324625 1.552754 10
0.974509 -0.414621 1.519035 10
1.007191 -0.464691 1.554641 10
0.984550 -0.549727 1.532664 10
1.053791 -0.575618 1.606392 10
0.982363 -0.694699 1.533750 10
1.063226 -0.711465 1.619610 9
1.133852 -0.733366 1.694812 9
1.317730 -0.671299 1.887701 9
1.460038 -0.634408 2.037296 9
1.391343 -0.753646 1.967718 9
1.431591 -0.791180 2.011322 9
1.399620 -0.885429 1.980020 9
1.383783 -0.968384 1.965530 9
1.411603 -1.016306 1.996357 9
1.374003 -1.119579 1.959442 9
1.392257 -1.176477 1.980451 9
1.373956 -1.265930 1.963672 9
1.364285 -1.349069 1.955897 9
1.366225 -1.498920 1.962549 9
0.915337 6.136690 1.608788 5
0.901494 6.067208 1.591721 5
0.901305 5.986400 1.588492 5
0.824304 5.970859 1.507798 5
0.278098 5.898977 0.937935 5
0.279970 5.812197 0.937045 5
0.277075 5.729569 0.931400 5
0.173219 5.716480 0.823368 5
0.153216 5.644816 0.800447 5
0.071849 5.613047 0.715243 5
0.029488 5.554605 0.669678 5
-0.273200 5.566580 0.356924 5
-0.318592 5.504303 0.308281 5
-0.243616 5.372724 0.382222 5
-0.242752 5.285142 0.380815 5
-0.246945 5.200902 0.374326 5
-0.308236 5.146929 0.309705 5
-0.077267 4.943471 0.543120 13
-0.134784 4.889448 0.482502 13
-0.186992 4.831644 0.427327 13
-0.239207 4.772751 0.372174 13
-0.220832 4.681260 0.389130 13
0.072793 4.472068 0.687296 13
0.055936 4.401338 0.668489 13
0.046597 4.327489 0.657415 13
0.054831 4.246952 0.664359 13
0.007457 4.187723 0.614507 13
0.065118 4.089902 0.672114 13
0.051981 4.018388 0.657380 13
0.075064 3.934912 0.679758 13
0.044270 3.869340 0.647059 13
0.084380 3.781913 0.686988 13
0.052443 3.716488 0.653218 13
0.698977 3.466312 1.314315 6
0.701841 3.400267 1.316400 6
0.721766 3.330364 1.336012 6
0.694153 3.272100 1.306968 6
0.729980 3.199613 1.342973 6
0.700147 3.141488 1.311736 6
0.740114 3.069648 1.352088 12
0.811649 2.993618 1.424857 12
0.802533 2.932531 1.414996 12
0.751437 2.877401 1.362130 12
0.766454 2.812296 1.377097 12
0.746852 2.751769 1.356605 12
0.736693 2.689814 1.345840 12
0.781886 2.622700 1.391892 12
0.793091 2.559479 1.403129 12
0.721474 2.501759 1.329449 6
0.735885 2.437966 1.344059 6
0.713343 2.375879 1.320804 6
0.757109 2.311829 1.365617 6
0.756441 2.249307 1.364889 6
0.699154 2.186381 1.306116 6
0.714747 2.123378 1.322157 6
0.691191 2.059441 1.298078 6
0.731517 1.997906 1.339579 6
0.729868 1.934844 1.338059 6
0.694976 1.869169 1.302484 6
0.743639 1.809957 1.352661 6
0.717767 1.744312 1.326428 6
0.775506 1.687673 1.385992 6
0.717262 1.617337 1.326650 6
0.699358 1.551131 1.308727 6
0.922469 1.522608 1.537966 9
1.081287 1.489066 1.701286 9
1.373556 1.484757 2.001404 9
1.335149 1.422097 1.962567 9
1.340520 1.367627 1.968643 9
1.339398 1.311674 1.968103 9
1.320944 1.251320 1.949848 9
1.302184 1.190196 1.931325 9
1.321826 1.138781 1.952178 9
1.328541 1.084043 1.959828 9
1.363260 1.037694 1.996185 9
1.370515 0.983501 2.004458 9
1.371077 0.927096 2.005921 9
1.342035 0.860320 1.977140 9
1.355328 0.807599 1.991715 9
1.388551 0.762430 2.026705 9
1.390850 0.706004 2.030108 9
1.379171 0.643758 2.019268 9
0.840397 0.361395 1.469957 9
0.873079 0.309160 1.504689 9
0.845691 0.230742 1.478116 9
0.884679 0.181750 1.519366 9
0.890228 0.117624 1.526520 10
0.892560 0.051691 1.530442 10
0.913369 -0.005215 1.553257 10
0.914295 -0.072289 1.555845 10
0.851818 -0.173874 1.493883 10
0.913871 -0.208944 1.558863 10
0.920675 -0.273985 1.567600 10
0.951183 -0.325433 1.600512 10
0.913577 -0.417343 1.564168 10
0.938098 -0.472648 1.591087 10
0.948994 -0.536327 1.604196 10
0.939459 -0.613476 1.596601 10
0.971150 -0.664059 1.630937 10
0.952459 -0.748571 1.614174 9
1.071366 -0.738107 1.737063 9
1.248238 -0.682758 1.918653 9
1.326908 -0.694016 2.000612 9
1.373673 -0.727140 2.050236 9
1.354525 -0.809875 2.033161 9
1.379805 -0.859051 2.061111 9
1.379370 -0.928652 2.063101 9
1.349341 -1.023248 2.035263 9
1.314101 -1.124012 2.002273 9
1.347351 -1.168119 2.038498 9
1.296316 -1.285550 1.989775 9
1.329357 -1.330521 2.025903 9
1.267163 -1.462002 1.966183 9
0.787300 6.195584 1.597223 5
0.874672 6.037634 1.679240 5
0.851278 5.977339 1.652606 5
0.743291 5.987018 1.542797 5
0.443825 5.895509 1.233614 5
0.309074 5.912467 1.097139 5
0.237224 5.880116 1.022740 5
0.251076 5.785541 1.033093 5
0.210008 5.730063 0.989208 5
0.108692 5.714527 0.885703 5
0.079667 5.648858 0.853794 5
-0.078392 5.665658 0.694014 5
-0.471152 5.641412 0.294999 5
-0.425117 5.524169 0.337719 5
-0.465828 5.457752 0.294341 5
-1.480588 5.922978 -0.717780 5
-0.058559 3.957564 0.666289 13
-0.344950 3.890306 0.376850 3
-0.310289 3.800849 0.410165 3
0.651383 3.464111 1.371746 6
0.641929 3.401344 1.361255 6
0.592463 3.348122 1.310736 6
0.633668 3.273206 1.351097 6
0.650584 3.204774 1.367190 6
0.605468 3.149287 1.321172 6
0.668091 3.072823 1.383193 12
0.729335 2.998470 1.443905 12
0.726947 2.935928 1.440885 12
0.720736 2.873990 1.434084 12
0.694882 2.814536 1.407634 12
0.669572 2.754411 1.381777 12
0.666637 2.691397 1.378412 12
0.643732 2.630150 1.355067 12
0.695264 2.562774 1.406450 12
0.622110 2.504497 1.332793 6
0.650190 2.439453 1.360756 6
0.593476 2.378095 1.303691 6
0.653646 2.312835 1.363962 6
0.641797 2.249718 1.352019 6
0.615063 2.186183 1.325194 6
0.661554 2.123409 1.371897 6
0.635603 2.059420 1.345962 6
0.649095 1.996577 1.359657 6
0.688697 1.935664 1.399602 6
0.659199 1.870608 1.370267 6
0.635338 1.805189 1.346646 6
0.624095 1.740338 1.335738 6
0.650815 1.679498 1.362963 6
0.674520 1.618908 1.387212 6
0.260403 1.496141 0.972457 10
1.257162 1.583403 1.972525 9
1.267689 1.529551 1.983632 9
1.307693 1.481314 2.024332 9
1.286901 1.421994 2.004133 9
1.291342 1.367319 2.009274 9
1.290983 1.311536 2.009651 9
1.310770 1.260426 2.030257 9
1.288656 1.199058 2.008940 9
1.286526 1.142252 2.007690 9
1.281322 1.084334 2.003413 9
1.337596 1.044288 2.060715 9
1.331016 0.986116 2.055150 9
1.268412 0.909353 1.993601 9
1.278961 0.855371 2.005288 9
1.303367 0.806348 2.030873 9
1.351131 0.766364 2.079839 9
1.341097 0.705414 2.071082 9
0.824184 0.442826 1.556157 9
0.797242 0.366383 1.530817 9
0.798923 0.301010 1.534122 9
0.824960 0.246074 1.561786 9
0.792869 0.165068 1.531524 9
0.855503 0.127299 1.595777 10
0.838204 0.052212 1.580396 10
0.872807 0.002184 1.616786 10
0.836952 -0.083550 1.583068 10
0.848421 -0.145675 1.596540 10
0.847429 -0.214704 1.597676 10
0.810478 -0.304435 1.563133 10
0.870529 -0.339773 1.625078 10
0.855776 -0.418102 1.612746 10
0.857695 -0.487254 1.617049 10
0.846180 -0.565270 1.608096 10
0.882984 -0.613227 1.647135 10
0.865114 -0.696497 1.632033 10
0.958120 -0.706242 1.726820 9
1.040630 -0.720771 1.811184 9
1.113830 -0.739750 1.886312 9
1.253595 -0.708739 2.027207 9
1.328455 -0.721685 2.103889 9
1.308511 -0.804510 2.086979 9
1.343978 -0.845733 2.124823 9
1.329636 -0.925833 2.113609 9
1.311764 -1.009969 2.099020 9
1.314826 -1.078119 2.105139 9
1.224978 -1.225411 2.019995 9
1.298035 -1.236070 2.095108 9
1.330555 -1.280583 2.130401 9
1.256954 -1.420210 2.061668 9
0.833103 6.101636 1.755406 5
0.816688 6.035327 1.735359 5
0.793996 5.974503 1.709382 5
0.758318 5.924291 1.671020 5
0.609739 5.963807 1.524338 5
0.397548 5.964864 1.312227 5
0.365421 5.905846 1.277255 5
0.272056 5.891252 1.183358 5
0.259387 5.816670 1.167209 5
0.183714 5.786347 1.090368 5
0.100620 5.759313 1.006356 5
0.046757 5.710840 0.950573 5
-0.431963 5.575385 0.469111 5
-0.575513 5.568501 0.326395 5
-1.569601 6.029818 -0.641986 5
-1.652459 5.969617 -0.726358 5
-0.059714 3.415718 0.775567 12
0.513984 3.221796 1.336574 6
0.488126 3.161331 1.310280 6
0.647325 3.066560 1.465444 12
0.478019 3.031719 1.298655 6
0.696279 2.932264 1.511913 12
0.706268 2.868349 1.521044 12
0.692996 2.807791 1.507423 12
0.668833 2.748219 1.483176 12
0.630025 2.689559 1.444617 12
0.633797 2.626203 1.447890 12
0.692135 2.558978 1.504768 12
0.512999 2.507757 1.328680 12
0.477132 2.445014 1.293231 11
0.528802 2.378401 1.343750 11
0.524395 2.314336 1.339301 11
0.564900 2.249865 1.378992 6
0.464064 2.185539 1.280028 11
0.415735 2.119555 1.232659 11
0.479358 2.056019 1.295227 6
0.482964 1.991343 1.298954 11
0.535792 1.929705 1.351046 6
0.502335 1.863058 1.318528 6
0.500783 1.798242 1.317381 6
0.575134 1.740981 1.390765 6
0.245469 1.639388 1.067869 10
0.537586 1.608393 1.354989 6
0.575725 1.549250 1.393018 6
0.929903 1.540069 1.740999 9
1.239024 1.532800 2.044757 9
1.224275 1.474760 2.030996 9
1.253319 1.424781 2.060216 9
1.223042 1.363020 2.031352 9
1.275307 1.318733 2.083420 9
1.257376 1.259078 2.066768 9
1.189402 1.186202 2.001180 9
1.232138 1.140601 2.044060 9
1.280351 1.097531 2.092336 9
1.277129 1.040554 2.090318 9
1.302622 0.992095 2.116447 9
1.217340 0.908605 2.034306 9
1.227192 0.854349 2.045266 9
1.256979 0.807094 2.075758 9
1.262127 0.751489 2.082225 9
1.262094 0.693820 2.083690 9
0.751677 0.435862 1.587086 9
0.738544 0.364964 1.576099 9
0.729730 0.295178 1.569407 9
0.729026 0.228325 1.570698 9
0.737541 0.165244 1.581046 10
0.795735 0.125133 1.639839 10
0.789860 0.055639 1.636289 10
0.758370 -0.027088 1.607901 10
0.794983 -0.076473 1.645841 10
0.755649 -0.165012 1.610014 10
0.746139 -0.239088 1.603275 10
0.773753 -0.293310 1.632662 10
0.799668 -0.348124 1.660451 10
0.844122 -0.391763 1.706265 10
0.799539 -0.488064 1.665842 10
0.787550 -0.566166 1.657118 10
0.790039 -0.636020 1.662504 10
0.806375 -0.697364 1.681364 10
0.878528 -0.721640 1.754221 9
1.000676 -0.710110 1.875332 9
1.119456 -0.697535 1.993106 9
1.131332 -0.757981 2.007737 9
1.273195 -0.723658 2.147640 9
1.276789 -0.788548 2.154338 9
1.176130 -0.933631 2.060875 9
1.177140 -1.003342 2.065349 9
1.195604 -1.059755 2.086669 9
1.229381 -1.103727 2.122738 9
1.232694 -1.172630 2.129660 9
1.026201 -1.420824 1.935877 9
1.095595 -1.437296 2.006374 9
1.158067 -1.458217 2.070230 9
0.781454 6.093730 1.817665 5
0.734399 6.053421 1.768858 5
0.705489 5.997352 1.737018 5
0.703431 5.919452 1.730339 5
0.576654 5.940569 1.607096 5
0.395316 6.000213 1.432627 5
0.394952 5.917973 1.427600 5
0.296396 5.908918 1.330549 5
0.234716 5.870741 1.268081 5
0.225799 5.794076 1.255238 5
0.167808 5.751625 1.196317 5
-0.527894 5.678698 0.514442 5
-0.580057 5.619280 0.460991 5
-0.614069 5.548675 0.424781 5
-1.685285 6.046126 -0.594405 5
-1.740989 5.970612 -0.651699 5
-0.376676 3.394731 0.587153 12
-0.124149 3.268986 0.827894 12
0.614010 3.062690 1.534339 12
0.626074 2.997562 1.544998 12
0.588358 2.940520 1.507998 12
0.586924 2.877505 1.505854 12
0.579806 2.815278 1.498328 12
0.577768 2.752382 1.495744 12
0.641515 2.682953 1.556352 12
0.615022 2.623104 1.530447 12
0.625009 2.559945 1.539618 12
0.464972 2.507281 1.385675 12
0.365530 2.447584 1.289942 11
0.353272 2.382381 1.277958 11
0.449841 2.314709 1.370510 11
0.405911 2.250554 1.328269 11
0.387814 2.185408 1.310897 11
0.369503 2.119771 1.293393 11
0.381347 2.054634 1.304907 11
0.407458 1.990449 1.330186 11
0.253090 1.916124 1.182316 10
0.155873 1.841821 1.089389 10
0.173100 1.774763 1.106376 10
0.128952 1.701968 1.064545 10
0.123354 1.632272 1.059785 10
0.143254 1.565559 1.079563 10
0.754883 1.582083 1.666944 9
1.009117 1.560093 1.911482 9
1.187564 1.532183 2.083335 9
1.162189 1.472219 2.059807 9
1.191051 1.421959 2.088331 9
1.028745 1.332716 1.933740 9
0.881341 1.242221 1.793565 9
0.870407 1.179560 1.784222 9
1.163091 1.191766 2.065629 9
1.174531 1.138167 2.077763 9
1.213989 1.092421 2.116764 9
1.211933 1.035563 2.116098 9
1.220248 0.981593 2.125417 9
1.217269 0.924066 2.124001 9
1.204673 0.863055 2.113467 9
1.193299 0.801885 2.104178 9
0.690968 0.563926 1.626286 9
0.666981 0.489995 1.605324 9
0.700744 0.437451 1.639541 9
0.657821 0.354774 1.600703 9
0.651922 0.285941 1.597264 9
0.685217 0.233461 1.631240 9
0.674890 0.162201 1.623745 10
0.738061 0.124022 1.686265 10
0.717269 0.047539 1.668971 10
0.739617 -0.008871 1.692778 10
0.717223 -0.087534 1.674157 10
0.707432 -0.160747 1.667613 10
0.701225 -0.232773 1.664569 10
0.720219 -0.291622 1.685509 10
0.707415 -0.368267 1.676400 10
0.735935 -0.421874 1.706514 10
0.739974 -0.489638 1.713530 10
0.734901 -0.563339 1.712026 10
0.708851 -0.650833 1.690819 10
0.768145 -0.685011 1.750277 10
0.845810 -0.705812 1.827062 9
0.902704 -0.738679 1.884258 9
0.956526 -0.772413 1.938572 9
1.161276 -0.698611 2.134806 9
1.145104 -0.778050 2.123258 9
1.157818 -0.837309 2.138950 9
1.118592 -0.935950 2.106026 9
1.123829 -1.002255 2.114925 9
1.154040 -1.049362 2.147289 9
1.175786 -1.102936 2.171790 9
1.093725 -1.241861 2.099451 9
1.057765 -1.345643 2.070388 9
1.101641 -1.382965 2.115882 9
1.131456 -1.431821 2.148319 9
0.568211 6.222728 1.733068 5
0.670583 6.055629 1.820372 5
0.642452 5.998830 1.789350 5
0.594449 5.957649 1.740304 5
0.503912 5.948699 1.652503 5
0.460374 5.901689 1.607553 5
0.309265 5.934081 1.464321 5
0.213139 5.922189 1.371229 5
0.138827 5.892357 1.298064 5
0.131593 5.814158 1.286407 5
-0.609301 5.683677 0.570916 5
-0.688025 5.639090 0.493602 5
-0.857782 5.643395 0.332127 5
-1.741718 6.029872 -0.490374 5
-1.762260 5.936085 -0.514378 5
0.455321 3.145863 1.486108 12
0.537167 3.066647 1.561706 12
0.531396 3.004197 1.555274 12
0.531871 2.940773 1.554777 12
0.521540 2.878971 1.544225 12
0.496587 2.818830 1.520033 12
0.516782 2.753074 1.538272 12
0.442790 2.697230 1.468212 12
0.474207 2.630499 1.497141 12
0.538489 2.562285 1.557003 12
0.387727 2.508538 1.415097 12
0.284667 2.448676 1.318028 11
0.270633 2.383215 1.304608 11
0.330859 2.315948 1.360986 11
0.290199 2.250942 1.322731 11
0.290032 2.185139 1.322574 11
0.343878 2.120391 1.373209 11
0.339572 2.055132 1.369327 11
0.396897 1.992568 1.423384 11
0.090551 1.909967 1.136141 10
0.096087 1.841807 1.141763 10
0.031086 1.767703 1.081270 10
0.003909 1.695547 1.056369 10
0.019580 1.627383 1.071767 10
0.065000 1.563262 1.115155 10
0.619996 1.570731 1.636572 9
0.985507 1.564082 1.980183 9
1.151250 1.534092 2.136430 9
1.116975 1.472759 2.105192 9
1.088060 1.411418 2.079062 9
1.150272 1.367849 2.138394 9
1.070599 1.294832 2.064873 9
0.967100 1.214004 1.969159 9
1.126099 1.194603 2.119286 9
1.101682 1.131868 2.097764 9
1.153015 1.088922 2.147186 9
1.113017 1.021072 2.111251 9
1.135533 0.970662 2.133848 9
1.138144 0.914427 2.137906 9
1.147439 0.860234 2.148280 9
1.119419 0.793353 2.123892 9
1.112697 0.733013 2.119476 9
1.090114 0.666390 2.100355 9
0.614665 0.425594 1.659246 9
0.594447 0.351747 1.642759 9
0.582896 0.280574 1.634453 9
0.593220 0.218040 1.646607 9
0.618360 0.161964 1.672621 10
0.647463 0.108049 1.702383 10
0.632389 0.033930 1.691178 10
0.650752 -0.024873 1.711120 10
0.646556 -0.094749 1.710215 10
0.651556 -0.160451 1.717936 10
0.615753 -0.247913 1.687962 10
0.640843 -0.303909 1.714493 10
0.663727 -0.360839 1.739051 10
0.688611 -0.416407 1.765528 10
0.682426 -0.489928 1.763391 10
0.668696 -0.568676 1.754411 10
0.676373 -0.635149 1.765292 9
0.705883 -0.688104 1.796374 9
0.817741 -0.687301 1.903262 9
0.945906 -0.672714 2.025051 9
0.971485 -0.724378 2.052542 9
1.094501 -0.707989 2.169454 9
0.597000 -1.130042 1.717792 9
1.106891 -0.835190 2.189091 9
1.040749 -0.953255 2.132942 9
1.073384 -0.998939 2.167234 9
1.118771 -1.034264 2.213205 9
1.057455 -1.153540 2.162014 9
1.053308 -1.229174 2.163090 9
1.033192 -1.318906 2.149799 9
1.010424 -1.412319 2.134281 9
1.029334 -1.471286 2.156718 9
0.509551 6.219095 1.792480 5
0.488402 6.154526 1.767475 5
0.513737 6.052797 1.783779 5
0.446092 6.025649 1.717776 5
0.434680 5.953824 1.701743 5
0.336080 5.947888 1.608241 5
0.254584 5.926884 1.529903 5
0.143352 5.925340 1.425001 5
0.088285 5.881449 1.370183 5
-0.778479 5.830783 0.554243 5
-0.756632 5.726639 0.568635 5
-0.809748 5.666094 0.515607 5
-1.687998 6.058061 -0.282243 5
-1.743515 5.984694 -0.337967 5
-1.852154 5.937992 -0.441648 5
0.418867 3.142158 1.553436 12
0.389239 3.083017 1.525047 12
0.367586 3.021932 1.504044 12
0.402487 2.951928 1.534984 12
0.374428 2.891566 1.508279 12
0.400974 2.823821 1.531750 12
0.426342 2.756995 1.554236 12
0.402283 2.695738 1.531459 12
0.405384 2.631633 1.533692 12
0.374216 2.570123 1.504557 12
0.393533 2.504904 1.521851 12
0.222159 2.448903 1.364161 11
0.167041 2.384707 1.313283 11
0.167917 2.318013 1.313904 11
0.211105 2.251083 1.353468 11
0.286663 2.185490 1.422847 11
0.287963 2.120408 1.424130 11
0.220602 2.053115 1.362461 11
0.354743 1.993208 1.485887 11
-0.121621 1.901054 1.048921 10
0.010524 1.839959 1.170708 10
-0.059961 1.765121 1.106581 10
-0.046810 1.696534 1.119320 10
-0.051331 1.626255 1.115938 10
-0.094629 1.550968 1.077079 10
-0.065096 1.484406 1.105135 10
0.678861 1.525576 1.788428 9
0.893727 1.499916 1.986418 9
0.997156 1.460161 2.082251 9
1.003791 1.404683 2.089419 9
1.050914 1.357454 2.133753 9
1.047877 1.300509 2.132204 9
1.044788 1.243327 2.130690 9
1.012230 1.178763 2.102291 9
1.065895 1.135220 2.152870 9
1.117357 1.092345 2.201478 9
1.113400 1.035009 2.199474 9
1.120589 0.980675 2.207738 9
1.113419 0.921889 2.202966 9
1.040764 0.841530 2.138512 9
1.049541 0.786402 2.148499 9
1.087622 0.741552 2.185283 9
0.549069 0.487419 1.696630 9
0.544926 0.420238 1.695356 9
0.529715 0.348306 1.684113 9
0.494783 0.267633 1.655049 9
0.526802 0.213774 1.686991 9
0.557947 0.160098 1.718204 10
0.571134 0.098903 1.733180 10
0.581840 0.036575 1.745993 10
0.585846 -0.029015 1.752825 10
0.568803 -0.105215 1.740693 10
0.587305 -0.164337 1.760866 10
0.554195 -0.250185 1.734449 10
0.625111 -0.281796 1.802187 10
0.546517 -0.393932 1.734957 10
0.586832 -0.441742 1.775219 10
0.609388 -0.499116 1.799529 10
0.602846 -0.573600 1.797724 10
0.612664 -0.638815 1.810766 10
0.709631 -0.649798 1.902206 9
0.795867 -0.665207 1.983956 9
0.841967 -0.704806 2.029683 9
0.950405 -0.701665 2.131262 9
1.054157 -0.698891 2.228552 9
0.995555 -0.807529 2.180705 9
1.019957 -0.858934 2.207173 9
0.980741 -0.956923 2.177019 9
1.034829 -0.986685 2.230128 9
1.040758 -1.052292 2.240437 9
1.047063 -1.118060 2.251202 9
1.008027 -1.220621 2.221899 9
0.939180 -1.349588 2.166451 9
1.005884 -1.368396 2.231124 9
0.887136 -1.543776 2.132120 9
0.424145 6.237486 1.828927 5
0.420631 6.158343 1.819002 5
0.396909 6.095857 1.791792 5
0.390826 6.019694 1.779946 5
0.328882 5.986430 1.719866 5
0.285333 5.938236 1.675752 5
0.222464 5.903380 1.614912 5
-0.855809 5.924273 0.623956 5
-0.862965 5.836468 0.611711 5
-0.897175 5.764578 0.575829 5
-0.971678 5.714770 0.504580 5
-1.728329 6.033772 -0.167797 5
-1.772873 5.955056 -0.213133 5
-0.164417 3.383821 1.133585 6
-0.125346 3.304443 1.166866 6
-0.253717 3.257604 1.050258 6
0.327187 3.084037 1.569363 12
0.305570 3.022839 1.548724 12
0.308659 2.957544 1.550328 12
0.305901 2.893233 1.546787 12
0.301640 2.829138 1.541996 12
0.307388 2.763932 1.546282 12
0.314829 2.698796 1.552186 12
0.341098 2.632351 1.575090 12
0.025586 2.590806 1.291279 12
0.142123 2.516215 1.395397 11
0.158531 2.449169 1.409732 11
0.145835 2.383515 1.398033 11
0.134669 2.317531 1.387808 11
0.145552 2.251133 1.397482 11
0.126183 2.184825 1.380088 11
0.141183 2.118677 1.393658 11
0.189436 2.053967 1.437185 11
0.151669 1.986604 1.403571 11
-0.215384 1.899197 1.074427 2
-0.124480 1.834669 1.156564 6
-0.122854 1.764962 1.158652 6
-0.138934 1.693520 1.144955 6
-0.267494 1.609282 1.030441 10
-0.193090 1.546449 1.098162 10
-0.234647 1.469757 1.061954 10
-0.192551 1.404269 1.100884 10
0.962227 1.519073 2.137405 9
0.922507 1.455735 2.102906 9
0.974269 1.408371 2.150479 9
0.967755 1.350561 2.145914 9
1.014866 1.303888 2.189454 9
0.995276 1.243199 2.173352 9
0.975170 1.181720 2.156890 9
0.999463 1.130775 2.180236 9
1.027642 1.081335 2.207128 9
1.084248 1.040407 2.259485 9
1.084783 0.984384 2.261808 9
1.015853 0.906917 2.202219 9
0.999714 0.844262 2.189881 9
1.027220 0.795486 2.216565 9
0.979098 0.721017 2.175926 9
0.799541 0.597671 2.018388 9
0.505115 0.426241 1.758923 9
0.442421 0.336253 1.706001 9
0.448941 0.272006 1.714779 9
0.455272 0.207541 1.723494 9
0.506332 0.162106 1.772008 10
0.520354 0.101347 1.787723 10
0.539729 0.043075 1.808277 10
0.527379 -0.029963 1.800831 10
0.525326 -0.098733 1.802630 10
0.515883 -0.171647 1.798019 10
0.466033 -0.266007 1.757867 9
0.533057 -0.300474 1.821020 10
0.518241 -0.377867 1.812060 10
0.537093 -0.437373 1.832893 10
0.564739 -0.491757 1.861555 10
0.548671 -0.571469 1.851890 10
0.565391 -0.632414 1.871162 9
0.660004 -0.645291 1.958814 9
0.790023 -0.633436 2.077407 9
0.918063 -0.619422 2.194131 9
0.925191 -0.682171 2.205106 9
0.958765 -0.727290 2.239266 9
0.949325 -0.801773 2.236012 9
0.963056 -0.860669 2.253075 9
0.941514 -0.945319 2.239599 9
0.900006 -1.046076 2.208999 9
0.876103 -1.135455 2.193898 9
0.846903 -1.230367 2.174428 9
0.853570 -1.298545 2.186165 9
0.889341 -1.343693 2.223135 9
0.903576 -1.406115 2.241626 9
0.891325 -1.491077 2.237477 9
0.303003 6.119794 1.821789 5
0.353952 5.999700 1.857559 5
0.224530 6.017009 1.741388 5
0.163611 5.980707 1.682965 5
0.151746 5.908014 1.666104 5
-0.917628 5.916245 0.701933 5
-0.946493 5.841347 0.670747 5
-0.991127 5.775150 0.626152 5
-1.654295 6.049046 0.050131 5
-1.749774 5.999810 -0.038601 5
-1.837602 5.944474 -0.120723 5
-0.243670 3.531478 1.177636 6
-0.142396 3.436671 1.264142 6
-0.166063 3.371042 1.241478 6
-0.166829 3.300442 1.238969 6
-0.131881 3.223375 1.267864 6
0.104762 3.112628 1.473638 12
0.199651 3.030700 1.555402 12
0.240228 2.959291 1.589704 12
0.238276 2.894722 1.586833 12
0.240005 2.829760 1.587297 12
0.241661 2.764943 1.587804 12
0.238420 2.700717 1.584121 12
0.277006 2.633026 1.617255 12
0.288101 2.568301 1.626371 12
0.063921 2.517363 1.429030 11
0.054886 2.451202 1.420663 11
0.055163 2.384551 1.420581 11
0.041700 2.318194 1.408542 11
0.035913 2.251460 1.403351 11
0.035772 2.184621 1.403227 11
0.043574 2.117924 1.410187 11
0.064972 2.051843 1.429194 11
0.037829 1.984122 1.405686 11
0.018439 1.916119 1.389097 11
-0.136132 1.838129 1.253952 6
-0.095597 1.772268 1.290207 6
-0.121245 1.701061 1.268481 6
-0.181263 1.625406 1.216719 6
-0.137252 1.560707 1.256353 6
-0.296702 1.398119 1.118922 10
0.860513 1.510697 2.134683 9
0.916117 1.463187 2.184613 9
0.883678 1.400695 2.157481 9
0.938073 1.354438 2.206502 9
0.976099 1.306002 2.241254 9
1.005333 1.256443 2.268381 9
0.983687 1.195440 2.251081 9
0.926232 1.124762 2.202588 9
1.009663 1.089481 2.277343 9
1.015357 1.034740 2.284233 9
1.046291 0.987269 2.313244 9
1.018860 0.922760 2.291407 9
0.933648 0.839070 2.219320 9
0.901223 0.770276 2.193417 9
0.907301 0.713578 2.201181 9
0.865684 0.639826 2.167538 9
0.449741 0.426409 1.808555 9
0.377880 0.333249 1.749185 9
0.352287 0.256186 1.730202 9
0.393738 0.205613 1.769542 10
0.456026 0.164684 1.827010 10
0.427627 0.085435 1.805962 10
0.435611 0.021484 1.816568 10
0.438480 -0.044990 1.822864 10
0.473734 -0.096225 1.857258 10
0.466390 -0.167885 1.854963 10
0.381096 -0.279742 1.785611 10
0.426707 -0.326095 1.829279 10
0.447504 -0.384886 1.851652 10
0.462640 -0.446642 1.869260 10
0.484117 -0.504831 1.892420 10
0.579030 -0.520262 1.978637 9
0.569979 -0.595227 1.975776 9
0.608669 -0.641845 2.013906 9
0.744720 -0.626997 2.135255 9
0.848620 -0.629140 2.229019 9
0.881819 -0.674955 2.262460 9
0.891674 -0.735928 2.276106 9
0.830150 -0.846076 2.229242 9
0.871176 -0.886787 2.269661 9
0.857232 -0.966200 2.263572 9
0.863621 -1.031749 2.274867 9
0.802018 -1.148610 2.228903 9
0.741421 -1.267317 2.184119 9
0.797773 -1.297322 2.238072 9
0.825092 -1.349321 2.267645 9
0.802133 -1.442039 2.255157 9
0.786395 -1.530249 2.248958 9
0.182193 6.163734 1.831374 5
0.184777 6.079976 1.825706 5
0.205414 5.983680 1.835096 5
0.083070 5.992193 1.726914 5
0.006600 5.965097 1.656446 5
-1.159361 6.014027 0.629402 5
-1.061343 5.863942 0.704296 5
-1.116763 5.803055 0.651076 5
-1.679769 6.017521 0.172229 5
-1.788465 5.975666 0.073926 5
-0.242013 3.516383 1.288068 6
-0.169972 3.429152 1.347447 6
-0.184607 3.362037 1.332840 6
-0.184348 3.291802 1.331100 6
-0.181235 3.221212 1.331931 6
-0.218085 3.157658 1.298653 6
0.081144 3.040343 1.553500 12
0.042669 2.979686 1.519127 12
0.123845 2.902346 1.587455 12
0.190884 2.828853 1.643812 12
0.104247 2.773580 1.568467 12
0.079760 2.710340 1.546537 12
0.165460 2.637550 1.619285 12
0.248578 2.567160 1.689954 12
0.067103 2.513875 1.533600 12
-0.006375 2.451319 1.470051 11
-0.016125 2.384950 1.461329 11
-0.049091 2.318798 1.432786 11
-0.103856 2.251969 1.385640 11
-0.066672 2.184347 1.417571 11
-0.042835 2.117402 1.438159 11
-0.076880 2.049224 1.409160 11
-0.137822 1.978983 1.357190 11
-0.153597 1.909729 1.344126 6
-0.167345 1.840172 1.332924 6
-0.161570 1.771809 1.338604 6
-0.185324 1.700740 1.319064 6
-0.174221 1.632723 1.329558 6
-0.213627 1.558860 1.296847 6
0.779967 1.505865 2.152398 9
0.828692 1.456696 2.195448 9
0.837460 1.401339 2.204351 9
0.862900 1.349348 2.227623 9
0.912790 1.302978 2.271901 9
0.826914 1.227685 2.200119 9
0.822528 1.169129 2.198177 9
0.893749 1.128993 2.260950 9
0.901413 1.073997 2.269483 9
0.921549 1.022433 2.288761 9
0.946847 0.972687 2.312528 9
0.885246 0.897410 2.262288 9
0.893268 0.842061 2.271540 9
0.905772 0.788170 2.284709 9
0.931151 0.738748 2.308928 9
0.920578 0.677115 2.302657 9
0.430705 0.439903 1.889315 10
0.328486 0.336109 1.805822 9
0.265280 0.244573 1.755689 9
0.335334 0.205065 1.818711 10
0.408547 0.168455 1.884436 10
0.362460 0.081886 1.849261 10
0.390115 0.026633 1.876615 10
0.390310 -0.040850 1.880873 10
0.376262 -0.115446 1.873256 10
0.394820 -0.174904 1.893275 10
0.401156 -0.240371 1.903114 9
0.367991 -0.326450 1.879877 10
0.375812 -0.392158 1.891265 10
0.387560 -0.455943 1.906078 9
0.458498 -0.486769 1.970597 9
0.504347 -0.530394 2.014127 9
0.606525 -0.540051 2.104770 9
0.704905 -0.549489 2.192166 9
0.790031 -0.564695 2.268442 9
0.859539 -0.587737 2.331671 9
0.797002 -0.694627 2.285182 9
0.844980 -0.730748 2.330675 9
0.847466 -0.796752 2.338523 9
0.806425 -0.893367 2.310531 9
0.805600 -0.963337 2.316010 9
0.751308 -1.072602 2.277595 9
0.750178 -1.144872 2.283239 9
0.708672 -1.248295 2.255903 9
0.753066 -1.287453 2.299278 9
0.738690 -1.372117 2.294618 9
0.110138 6.169300 1.882637 5
0.072819 6.115441 1.844455 5
0.090435 6.021021 1.850400 5
0.048632 5.970306 1.808890 5
-1.202093 6.087653 0.734023 5
-1.187343 5.985212 0.738277 5
-1.182425 5.889399 0.734757 5
-1.171090 5.790798 0.736709 5
-1.701631 5.984655 0.295381 5
-0.249634 3.433165 1.386223 6
-0.257651 3.364435 1.377283 6
-0.215929 3.286040 1.410096 6
-0.227205 3.218450 1.398704 6
-0.043022 3.117803 1.551142 12
-0.047176 3.051276 1.546028 12
-0.033518 2.982215 1.555970 12
-0.061288 2.919025 1.531313 12
0.002221 2.844448 1.583318 12
-0.007023 2.779244 1.574450 12
0.011737 2.711279 1.589199 12
0.043021 2.642841 1.614588 12
-0.026182 2.582114 1.555770 12
-0.123939 2.521314 1.473090 12
-0.214152 2.457798 1.396849 11
-0.212617 2.389223 1.397753 11
-0.222919 2.320933 1.388846 6
-0.240172 2.252444 1.374232 6
-0.192260 2.183936 1.414462 6
-0.240012 2.114831 1.374494 11
-0.194663 2.047417 1.412827 11
-0.164066 1.980463 1.438897 6
-0.228229 1.908936 1.385546 6
-0.166890 1.844348 1.437672 6
-0.224466 1.771623 1.390120 6
-0.228414 1.702401 1.387710 6
-0.223820 1.633909 1.392596 6
-0.426914 1.540886 1.223441 6
0.735044 1.449326 2.202797 9
0.597103 1.366852 2.088816 9
0.858863 1.358176 2.309534 9
0.804779 1.290830 2.265973 9
0.756531 1.223256 2.227445 9
0.800836 1.175753 2.266410 9
0.815000 1.121856 2.280273 9
0.818244 1.065349 2.285121 9
0.839023 1.013489 2.304705 9
0.859205 0.961813 2.323884 9
0.851826 0.902314 2.320194 9
0.843256 0.842059 2.315634 9
0.801686 0.770754 2.283747 9
0.780617 0.705010 2.269071 9
0.834016 0.664397 2.316401 9
0.771026 0.582919 2.267179 9
0.481190 0.414617 2.030054 9
0.221804 0.250166 1.818711 9
0.292633 0.210895 1.881233 10
0.344376 0.165297 1.928003 10
0.330515 0.092704 1.920632 10
0.335843 0.027870 1.929263 10
0.334838 -0.040047 1.932807 10
0.313159 -0.118038 1.919475 10
0.338197 -0.174466 1.944759 10
0.430197 -0.197372 2.025159 9
0.365804 -0.297876 1.977195 9
0.362508 -0.368573 1.979586 10
0.514568 -0.356201 2.109296 9
0.461009 -0.453502 2.070761 9
0.560371 -0.466149 2.157325 9
0.715423 -0.444062 2.289211 9
0.664428 -0.540602 2.253183 9
0.719593 -0.574357 2.303711 9
0.770098 -0.609889 2.350478 9
0.774198 -0.674082 2.359683 9
0.767324 -0.745834 2.360163 9
0.735931 -0.834712 2.341031 9
0.739753 -0.900983 2.350539 9
0.692212 -1.003610 2.318884 9
0.676501 -1.085521 2.313109 9
0.637248 -1.185702 2.288691 9
0.669386 -1.234487 2.321693 9
0.654789 -1.318486 2.317470 9
-0.000992 6.121777 1.895259 5
-0.016553 6.051528 1.874411 5
-0.063220 6.003447 1.829394 5
-0.064956 5.923580 1.819679 5
-1.228821 6.057654 0.843067 5
-1.244119 5.973452 0.822711 5
-1.326362 5.926911 0.749237 5
-1.596910 5.981421 0.525616 5
-0.384974 3.520572 1.383098 6
-0.348073 3.441111 1.410697 6
-0.365102 3.373759 1.394382 6
-0.276692 3.285954 1.464447 6
-0.296018 3.219802 1.446556 6
-0.130743 3.122561 1.579926 12
-0.110146 3.051866 1.595051 12
-0.052470 2.976548 1.640703 12
-0.108830 2.917519 1.593059 12
-0.164005 2.857055 1.546494 12
-0.217947 2.795189 1.501049 12
-0.230100 2.728217 1.489996 12
-0.238947 2.660754 1.481788 12
-0.281920 2.595444 1.445711 12
-0.300144 2.527760 1.430071 6
-0.338257 2.460528 1.398239 6
-0.313274 2.390454 1.418333 6
-0.281976 2.320902 1.443752 6
-0.306437 2.252477 1.423534 6
-0.362034 2.183264 1.377892 11
-0.333555 2.114230 1.401409 6
-0.321601 2.045373 1.411497 6
-0.326980 1.976040 1.407496 6
-0.290994 1.908828 1.437581 6
-0.357121 1.835553 1.384003 6
-0.332352 1.767861 1.405156 6
-0.300562 1.701364 1.432200 6
-0.331631 1.629001 1.407822 6
-0.359099 1.556208 1.386549 6
0.782572 1.521825 2.326206 9
0.721526 1.455493 2.277680 9
0.703447 1.395224 2.264472 9
0.676736 1.332733 2.244333 9
0.661814 1.271851 2.233972 9
0.659139 1.213111 2.233750 9
0.675029 1.158412 2.248813 9
0.716917 1.110244 2.285203 9
0.748201 1.060273 2.313022 9
0.760231 1.005784 2.325233 9
0.788429 0.955945 2.350723 9
0.802102 0.902389 2.364479 9
0.767158 0.834142 2.338792 9
0.780308 0.780098 2.352364 9
0.767411 0.717553 2.344890 9
0.757408 0.655446 2.339908 9
0.738168 0.589547 2.327579 9
0.805257 0.554850 2.385335 9
0.789103 0.489758 2.375755 9
0.470829 0.304227 2.122094 9
0.455996 0.234291 2.114150 9
0.254626 0.084774 1.955893 10
0.291577 0.033527 1.990186 10
0.292576 -0.033237 1.995627 9
0.283446 -0.105016 1.993078 9
0.296145 -0.167001 2.008230 9
0.405411 -0.181665 2.100956 9
0.341934 -0.280796 2.055266 9
0.461755 -0.287147 2.156474 9
0.474741 -0.347395 2.172252 9
0.559287 -0.368644 2.245233 9
0.678007 -0.368815 2.345392 9
0.611248 -0.472514 2.297947 9
0.702978 -0.485334 2.376650 9
0.658794 -0.577871 2.347563 9
0.662844 -0.642390 2.356924 9
0.697801 -0.687756 2.390859 9
0.662753 -0.777830 2.369672 9
0.687957 -0.829626 2.396182 9
0.651416 -0.922929 2.374293 9
0.628451 -1.008492 2.363341 9
0.592462 -1.104508 2.342457 9
0.595838 -1.173815 2.352620 9
0.595898 -1.246067 2.360384 9
0.563753 -1.343161 2.343308 9
-0.143906 6.178063 1.894351 5
-0.127332 6.083829 1.897632 5
-0.129202 6.003635 1.887142 5
-0.163687 5.946298 1.851962 5
-0.349734 5.989776 1.700872 5
-1.247190 6.115947 0.965872 5
-1.233899 6.015610 0.967332 5
-1.315647 5.970177 0.895363 5
-1.476979 5.967092 0.761603 5
-1.684194 5.984869 0.591983 5
-0.477241 3.240992 1.405147 2
-0.535645 3.179443 1.356314 2
-0.474505 3.098365 1.403296 2
-0.148978 2.981848 1.662205 12
-0.446679 2.953159 1.422157 12
-0.275796 2.863066 1.557622 12
-0.278958 2.795254 1.553795 12
-0.305940 2.729620 1.531011 12
-0.312371 2.661773 1.524846 12
-0.347697 2.595765 1.495643 12
-0.491665 2.534893 1.379413 11
-0.517352 2.465529 1.358208 11
-0.473935 2.393474 1.392601 6
-0.538098 2.324461 1.340813 11
-0.398213 2.252663 1.452929 6
-0.485728 2.182888 1.382693 11
-0.537285 2.111636 1.341465 11
-0.467075 2.042817 1.398106 2
-0.461340 1.972937 1.403152 2
-0.364898 1.908125 1.481118 6
-0.406614 1.836376 1.448382 6
0.624820 1.390256 2.286629 9
0.685557 1.344051 2.337007 9
0.647648 1.279315 2.308638 9
0.627243 1.217257 2.294405 9
0.687372 1.172802 2.344595 9
0.697215 1.117670 2.354742 9
0.611879 1.038678 2.289138 9
0.673849 0.996291 2.341093 9
0.674861 0.938414 2.344585 9
0.743094 0.899828 2.401672 9
0.678522 0.822669 2.353260 9
0.696567 0.769667 2.370666 9
0.678037 0.704937 2.359164 9
0.723998 0.661453 2.398940 9
0.684089 0.588600 2.370785 9
0.702513 0.535826 2.388975 9
0.694046 0.473088 2.386021 9
0.456045 0.319911 2.202018 9
0.468116 0.261520 2.215772 9
0.358388 0.152223 2.133717 9
0.345719 0.081588 2.128379 9
0.407222 0.043267 2.181505 9
0.353993 -0.046288 2.144629 9
0.426501 -0.078355 2.206567 9
0.420868 -0.146709 2.207356 9
0.471326 -0.187634 2.252159 9
0.524070 -0.226396 2.298797 9
0.475953 -0.317115 2.266882 9
0.596258 -0.318712 2.366291 9
0.633940 -0.363100 2.401390 9
0.645628 -0.421598 2.416404 9
0.650400 -0.484216 2.426204 9
0.643801 -0.553911 2.427374 9
0.626082 -0.631028 2.420160 9
0.614370 -0.705373 2.417802 9
0.599237 -0.782727 2.413030 9
0.608423 -0.845142 2.427145 9
0.581678 -0.931798 2.413915 9
0.548166 -1.024396 2.395794 9
0.507345 -1.123643 2.372406 9
0.533559 -1.176935 2.400350 9
0.541385 -1.243409 2.414456 9
0.518694 -1.332922 2.405639 9
-0.239926 6.116451 1.921713 5
-0.267555 6.053507 1.891570 5
-0.297978 5.992282 1.859499 5
-0.371652 5.959337 1.795307 5
-0.539883 5.985894 1.660431 5
-1.048070 6.132272 1.260926 5
-1.054430 6.046298 1.246725 5
-1.118526 5.994741 1.189251 5
-1.226784 5.967368 1.098505 5
-1.390419 5.968629 0.965827 5
-1.602737 5.992587 0.796078 5
-0.608759 3.252975 1.407336 2
-0.630083 3.184456 1.388421 2
-0.542367 3.099106 1.454969 2
-0.485623 3.020305 1.497494 2
-0.662963 2.972618 1.356919 2
-0.731674 2.908305 1.301495 12
-0.724239 2.834630 1.305862 12
-0.722933 2.761773 1.305593 12
-0.359561 2.660700 1.589323 12
-0.711312 2.615772 1.312607 12
-0.927899 2.555107 1.141948 12
-0.684319 2.469902 1.332331 11
-0.691047 2.398120 1.326573 11
-0.710538 2.326430 1.310962 11
-0.689810 2.254044 1.327063 11
-0.701225 2.181969 1.318108 11
-0.710984 2.109644 1.310613 11
-0.619777 2.040105 1.382479 2
-0.654346 1.967442 1.355839 2
0.654475 1.404397 2.394770 9
0.609544 1.339264 2.361556 9
0.591719 1.278320 2.349675 9
0.583495 1.218843 2.345434 9
0.617030 1.168386 2.373902 9
0.669359 1.123052 2.417116 9
0.644016 1.059526 2.399915 9
0.618242 0.995096 2.382542 9
0.679641 0.953711 2.433123 9
0.657397 0.889741 2.418774 9
0.669565 0.835303 2.431306 9
0.635452 0.766569 2.408061 9
0.665668 0.717599 2.434856 9
0.691064 0.667554 2.458014 9
0.597815 0.576502 2.389517 9
0.638857 0.531440 2.425063 9
0.651559 0.476561 2.438817 9
0.609479 0.400522 2.410468 9
0.566349 0.322710 2.381535 9
0.606349 0.277871 2.416761 9
0.631388 0.227402 2.440572 9
0.595045 0.150310 2.417410 9
0.568887 0.076563 2.402281 9
0.505223 -0.015672 2.358682 9
0.498772 -0.082517 2.359082 9
0.452496 -0.169503 2.329294 9
0.618866 -0.150486 2.461699 9
0.583249 -0.232296 2.440320 9
-0.000574 -0.607754 2.003138 9
0.558860 -0.374362 2.433840 9
0.630605 -0.399441 2.494398 9
0.587415 -0.488984 2.468169 9
0.568950 -0.565610 2.460873 9
0.579175 -0.625915 2.475393 9
0.495658 -0.744201 2.419705 9
0.537722 -0.786109 2.458537 9
0.472208 -0.896725 2.417017 9
0.508364 -0.942669 2.451746 9
0.487454 -1.026572 2.444088 9
0.435782 -1.132827 2.413865 9
0.477567 -1.175399 2.453273 9
0.480105 -1.245517 2.463745 9
-0.358752 6.069903 1.933338 5
-0.452729 6.050627 1.855269 5
-0.503232 6.000929 1.808725 5
-0.630713 5.999492 1.706197 5
-0.773093 6.004337 1.592629 5
-0.895988 5.993899 1.493119 5
-0.997587 5.967940 1.409098 5
-1.174190 5.983375 1.269928 5
-1.299229 5.965241 1.168454 5
-0.702537 1.968105 1.424598 2
0.552206 1.338080 2.401614 9
0.528505 1.275949 2.385675 9
0.503997 1.212946 2.369282 9
0.542833 1.163257 2.401320 9
0.551901 1.107404 2.410791 9
0.530419 1.044099 2.397150 9
0.531111 0.985835 2.400534 9
0.549018 0.932077 2.417139 9
0.589093 0.884855 2.450688 9
0.550093 0.815076 2.424369 9
0.573667 0.763396 2.445655 9
0.579275 0.706343 2.453456 9
0.572213 0.644999 2.451819 9
0.547537 0.577173 2.437042 9
0.583793 0.530302 2.468422 9
0.618309 0.483459 2.498581 9
0.623136 0.425862 2.506489 9
0.539141 0.332954 2.447786 9
0.573942 0.286193 2.478573 9
0.559988 0.219484 2.472906 9
0.567411 0.161412 2.483430 9
0.558231 0.095799 2.481694 9
-0.036826 -0.240285 2.042875 9
0.532787 -0.040459 2.473506 9
0.558138 -0.091047 2.498040 9
0.465933 -0.200128 2.435367 9
0.484330 -0.255217 2.455117 9
0.001012 -0.574647 2.103623 9
0.538044 -0.355909 2.507521 9
0.627952 -0.370812 2.580390 9
0.478903 -0.519368 2.477300 9
0.514057 -0.565298 2.510151 9
0.478806 -0.652624 2.491476 9
0.468009 -0.726482 2.490997 9
0.479755 -0.787056 2.507212 9
0.254681 -0.998801 2.351099 9
0.390814 -0.981973 2.458438 9
0.417329 -1.034811 2.486062 9
0.348201 -1.152534 2.444638 9
-0.536868 6.144189 1.915272 5
-0.580406 6.089578 1.873934 5
-0.574072 6.002221 1.868014 5
-0.662361 5.975283 1.795240 5
-0.788196 5.969608 1.695728 5
-0.943697 5.978895 1.574916 5
-1.108260 5.989807 1.447399 5
0.443927 1.327620 2.404267 9
0.382749 1.257547 2.360939 9
0.483672 1.219492 2.438561 9
0.508741 1.167086 2.459766 9
0.542095 1.117059 2.487252 9
0.477431 1.043817 2.442002 9
0.479781 0.985982 2.446742 9
0.502082 0.933379 2.466430 9
0.494822 0.872866 2.464329 9
0.486382 0.811647 2.461516 9
0.495388 0.755338 2.471776 9
0.523273 0.705030 2.496129 9
0.493743 0.636301 2.478211 9
0.551209 0.596335 2.524644 9
0.491814 0.516200 2.485074 9
0.511835 0.463451 2.504185 9
0.469935 0.387484 2.477936 9
0.526098 0.348611 2.523871 9
0.437223 0.252249 2.463607 9
0.477567 0.207240 2.498225 9
0.439601 0.129311 2.475727 9
0.480815 0.085158 2.511235 9
-0.107502 -0.245035 2.088418 9
0.500985 -0.030068 2.537232 9
0.423658 -0.129874 2.487023 9
0.440705 -0.185363 2.505564 9
0.443253 -0.248124 2.513761 9
0.448994 -0.309523 2.524445 9
0.465530 -0.365379 2.543082 9
0.435131 -0.446898 2.528118 9
0.424085 -0.518777 2.527326 9
0.466639 -0.560557 2.565148 9
0.460879 -0.630045 2.568522 9
0.411990 -0.726115 2.541373 9
0.429752 -0.782921 2.562000 9
0.198113 -0.996890 2.405812 9
0.284298 -1.013084 2.475612 9
0.333693 -1.051588 2.519363 9
0.321176 -1.130865 2.519564 9
-0.711328 6.045573 1.882094 5
-0.719006 5.967005 1.866100 5
0.381583 1.267529 2.445115 9
0.448364 1.222874 2.496232 9
0.481162 1.172298 2.522726 9
0.490689 1.117036 2.532430 9
0.382216 1.033426 2.456631 9
0.040055 0.887958 2.211662 9
0.315509 0.897723 2.414771 9
0.313850 0.837186 2.417091 9
0.413665 0.805757 2.492947 9
0.338058 0.723716 2.442111 9
0.391183 0.679977 2.484436 9
0.430112 0.632701 2.516608 9
0.438238 0.575755 2.526709 9
0.423334 0.510718 2.520406 9
0.432274 0.453722 2.531418 9
0.433086 0.393656 2.536755 9
0.450653 0.339848 2.554259 9
0.412067 0.263760 2.531757 9
0.433495 0.211184 2.552351 9
0.392113 0.132165 2.528313 9
0.378202 0.063829 2.524097 9
0.381412 0.002546 2.532260 9
0.355933 -0.072265 2.520258 9
0.403260 -0.113390 2.560043 9
0.372408 -0.191871 2.544662 9
0.360571 -0.261956 2.542967 9
0.367361 -0.323114 2.554611 9
0.337021 -0.404090 2.540358 9
0.325195 -0.476227 2.539373 9
0.326894 -0.541575 2.548089 9
0.274559 -0.638004 2.519307 9
0.260529 -0.713984 2.517574 9
0.249042 -0.789276 2.517872 9
0.339246 -0.803395 2.588890 9
0.317968 -0.884951 2.582776 9
0.294751 -0.968813 2.575629 9
0.279824 -1.048425 2.574498 9
0.381518 1.219834 2.531336 9
0.381067 1.161882 2.533785 9
0.364164 1.100053 2.524724 9
0.329191 1.033372 2.503038 9
0.295872 0.966122 2.482734 9
0.184601 0.877484 2.407499 9
0.272615 0.840630 2.473418 9
0.355078 0.804107 2.535457 9
0.336610 0.739297 2.526370 9
0.327679 0.676802 2.524200 9
0.355118 0.625601 2.547800 9
0.370150 0.570703 2.562809 9
0.397749 0.520302 2.586781 9
0.316048 0.431149 2.534300 9
0.410340 0.405022 2.605282 9
0.319789 0.310139 2.547128 9
0.259815 0.224854 2.510676 9
0.315024 0.184798 2.554749 9
0.331618 0.129599 2.572040 9
0.305180 0.055895 2.559617 9
0.321349 0.000208 2.576967 9
0.331599 -0.058095 2.590377 9
0.311133 -0.130923 2.582758 9
0.340415 -0.180544 2.609661 9
0.350748 -0.239165 2.623658 9
0.274706 -0.341880 2.578575 9
0.142819 -0.476115 2.495694 9
0.156511 -0.536213 2.512858 9
0.230737 -0.563139 2.571453 9
0.253677 -0.617335 2.595166 9
0.243727 -0.690263 2.596722 9
0.196003 -0.786128 2.572982 9
0.171087 -0.869994 2.565028 9
0.195651 -0.924532 2.590700 9
0.223979 -0.976510 2.619050 9
0.332610 1.046696 2.588935 9
0.333720 0.988740 2.593081 9
0.319426 0.926657 2.586758 9
-0.261340 0.710490 2.189888 9
0.289985 0.800729 2.574105 9
0.130308 0.694235 2.468319 9
0.213659 0.658286 2.530021 9
0.267750 0.614796 2.571673 9
0.340018 0.578399 2.625869 9
0.187897 0.466632 2.526503 9
0.255472 0.428899 2.577795 9
0.227259 0.357423 2.563760 9
0.265249 0.310105 2.595087 9
0.260160 0.246602 2.597213 9
0.313226 0.206175 2.639040 9
0.278369 0.130219 2.621325 9
0.307016 0.080310 2.646868 9
0.262323 -0.001498 2.622994 9
0.272382 -0.059915 2.636351 9
0.241288 -0.137561 2.622195 9
0.219060 -0.212078 2.614284 9
0.343231 -0.215608 2.704739 9
0.125540 -0.388556 2.566486 9
0.136698 -0.449209 2.581758 9
0.143501 -0.512261 2.594321 9
0.163598 -0.568315 2.615914 9
0.143199 -0.646749 2.610853 9
0.153642 -0.708591 2.626465 9
0.120403 -0.796007 2.613500 9
0.117476 -0.866705 2.620809 9
0.208724 0.971062 2.590984 9
0.170115 0.901962 2.568697 9
0.247248 0.862843 2.624564 9
0.227469 0.798223 2.615328 9
0.217253 0.735747 2.612728 9
0.199710 0.670618 2.605416 9
0.180138 0.604236 2.596962 9
0.175590 0.542097 2.598781 9
0.152501 0.473347 2.588417 9
0.119090 0.400198 2.571410 9
0.133060 0.343207 2.586212 9
0.111606 0.273024 2.577637 9
0.195602 0.242878 2.639276 9
0.160651 0.167027 2.622140 9
0.131890 0.092598 2.609383 9
0.123045 0.025620 2.610045 9
0.121663 -0.038618 2.615853 9
0.138944 -0.094829 2.634142 9
0.125982 -0.164856 2.632764 9
0.065830 -0.257857 2.600760 9
0.087242 -0.313092 2.622405 9
0.074386 -0.385212 2.621890 9
0.088062 -0.444462 2.638884 9
0.074450 -0.518025 2.638376 9
0.041153 -0.602882 2.625418 9
0.039497 -0.671610 2.633216 9
0.071558 -0.721831 2.662950 9
0.022335 -0.818411 2.640679 9
0.139693 0.967393 2.628548 9
0.107554 0.899887 2.611290 9
0.161588 0.854350 2.650870 9
0.182686 0.800766 2.668943 9
0.156030 0.733712 2.655884 9
0.125575 0.664711 2.640576 9
0.098599 0.595889 2.627789 9
0.121653 0.542422 2.647887 9
0.115207 0.479388 2.648921 9
0.058962 0.398691 2.617785 9
0.074543 0.342218 2.633600 9
0.095673 0.287932 2.653182 9
0.072452 0.216920 2.644230 9
0.059325 0.149078 2.642060 9
-0.290051 -0.056167 2.423438 9
0.127250 0.051085 2.699027 9
-0.137428 -0.125857 2.536022 9
-0.040522 -0.149250 2.605539 9
0.038620 -0.178681 2.663661 9
0.026129 -0.249363 2.663356 9
0.001660 -0.326440 2.655699 9
0.028705 -0.379083 2.681037 9
0.005710 -0.456689 2.674852 9
-0.032437 -0.543086 2.659414 9
-0.017697 -0.602766 2.677648 9
-0.030847 -0.677615 2.678565 9
0.050980 0.779519 2.667128 9
0.050631 0.719196 2.671525 9
0.014161 0.647950 2.653074 9
0.013120 0.586602 2.657465 9
0.016867 0.526560 2.665107 9
-0.007392 0.457101 2.655160 9
-0.038815 0.384396 2.640930 9
-0.026390 0.326300 2.654732 9
-0.013677 0.268363 2.668901 9
-0.016019 0.204776 2.673761 9
-0.227647 0.059124 2.547130 9
-0.256565 -0.018285 2.536013 9
-0.236172 -0.076232 2.556109 9
-0.154057 -0.107664 2.614984 9
-0.105211 -0.152012 2.653105 9
-0.047315 -0.191410 2.696955 9
-0.058784 -0.261821 2.697789 9
-0.031903 -0.314620 2.722654 9
-0.073056 -0.400253 2.705632 9
-0.047084 -0.453705 2.730358 9
-0.095265 -0.544851 2.709666 9
-0.073424 0.638644 2.682706 9
-0.064956 0.579875 2.693213 9
-0.058306 0.520524 2.702788 9
-0.062026 0.457713 2.706140 9
-0.086693 0.387480 2.696768 9
-0.105991 0.318338 2.690981 9
-0.086619 0.262554 2.709268 9
-0.101473 0.194151 2.706699 9
-0.082621 0.138174 2.725061 9
-0.142605 0.050985 2.695359 9
-0.156352 -0.018934 2.694278 9
-0.115210 -0.066303 2.726908 9
-0.122344 -0.133927 2.730317 9
-0.128908 -0.201768 2.734331 9
-0.157332 -0.280087 2.725385 9
-0.141506 -0.338619 2.743466 9
-0.136582 0.327716 2.757950 9
-0.176098 0.251059 2.740766 9
-0.180208 0.186379 2.745104 9
-0.166584 0.128137 2.760278 9
-0.170552 0.063023 2.765165 9
-0.180025 -0.004683 2.767025 9
-1.373241 5.985047 -1.262202 5
-1.471931 6.072960 -1.175281 5
-1.461515 6.122963 -1.164841 5
-1.407901 6.159403 -1.184325 5
-1.414622 6.214694 -1.162528 5
-1.285547 6.230510 -1.233349 5
-0.754252 6.138290 -1.575288 5
-0.649988 6.170463 -1.626778 5
-0.516841 6.197334 -1.697197 5
-0.450088 6.242824 -1.722895 5
-0.352576 6.282374 -1.768848 5
-1.649720 5.969525 -1.033830 5
-1.564403 6.044293 -1.057198 5
-1.746086 6.157783 -0.916701 5
-1.643119 6.174461 -0.969922 5
-1.568309 6.201950 -1.003788 5
-1.289425 6.169593 -1.173519 5
-1.246015 6.211233 -1.185327 5
-1.019897 6.202916 -1.317686 5
-0.783738 6.196741 -1.455362 5
-0.247122 6.119260 -1.787873 5
-0.231330 6.179916 -1.778857 5
-0.221398 6.241884 -1.766307 5
-1.709283 5.985345 -0.923808 5
-1.681546 6.026921 -0.925406 5
-1.734019 6.096706 -0.873675 5
-1.783780 6.163895 -0.824461 5
-1.669327 6.176121 -0.884073 5
-1.563079 6.193224 -0.937758 5
-1.309970 6.168135 -1.086600 5
-1.205111 6.191530 -1.137920 5
-0.860435 6.150169 -1.343281 5
-0.613517 6.142420 -1.483945 5
-0.306129 6.124429 -1.661799 5
-0.119883 6.142594 -1.761144 5
-0.086866 6.200274 -1.762975 5
-1.773577 6.003195 -0.813483 5
-1.734750 6.039818 -0.822497 5
-1.875059 6.139709 -0.715024 5
-1.802520 6.163793 -0.746529 5
-1.648001 6.162426 -0.830480 5
-1.639432 6.210260 -0.820302 5
-1.478216 6.211626 -0.907377 5
-1.265291 6.201272 -1.026289 5
-0.447289 6.088707 -1.505817 5
-0.073279 6.054796 -1.720181 5
-0.150166 6.139899 -1.653459 5
-0.053176 6.182014 -1.694599 5
0.097953 6.213782 -1.768616 5
-1.757595 5.991126 -0.757605 5
-1.889139 6.089773 -0.657519 5
-1.895768 6.140874 -0.637999 5
-1.768540 6.145905 -0.703266 5
-1.680847 6.166526 -0.743082 5
-1.690221 6.219534 -0.722006 5
-1.499878 6.211068 -0.825144 5
0.025397 5.951677 -1.710628 5
-0.050251 6.038861 -1.645255 5
0.089411 6.070540 -1.710684 5
0.008405 6.157162 -1.643058 5
0.158551 6.189433 -1.714361 5
-1.849159 5.969671 -0.650362 5
-1.796342 5.999741 -0.667742 5
-1.928412 6.098197 -0.569857 5
-1.948471 6.153481 -0.542584 5
-1.781943 6.144172 -0.630577 5
-1.702926 6.167258 -0.664092 5
-1.422423 6.127737 -0.819921 5
-1.070755 6.072546 -1.017146 5
-1.014360 6.112141 -1.034620 5
0.161833 5.973665 -1.682614 5
0.139217 6.047850 -1.650097 5
0.177685 6.106542 -1.653828 5
0.255207 6.156803 -1.680407 5
0.431787 6.186949 -1.764266 5
-1.949432 5.954057 -0.540271 5
-1.877291 5.974969 -0.569345 5
-1.924655 6.042470 -0.525120 5
-1.955394 6.102297 -0.491620 5
-1.973944 6.156651 -0.465971 5
-1.770384 6.133992 -0.574045 5
-1.740743 6.173348 -0.577152 5
-1.575206 6.169587 -0.660955 5
-1.128065 6.082567 -0.910051 5
0.203819 5.952524 -1.616573 5
0.250005 6.009791 -1.624102 5
0.280843 6.071345 -1.622912 5
0.304472 6.134820 -1.617764 5
0.438875 6.174260 -1.675391 5
0.713497 6.187209 -1.811390 5
-1.956024 5.951329 -0.474527 5
-1.934695 5.991896 -0.472382 5
-1.934156 6.040448 -0.457961 5
-1.984196 6.107211 -0.413842 5
-1.934541 6.136849 -0.429029 5
-1.788809 6.134178 -0.500349 5
-1.761038 6.173794 -0.502282 5
-1.103144 6.011367 -0.868793 5
-1.255888 6.114678 -0.764940 5
-1.068092 6.112581 -0.857121 5
0.399847 6.032087 -1.598848 5
0.485706 6.082334 -1.627786 5
0.468689 6.156676 -1.599883 5
0.668500 6.184959 -1.691182 5
-1.983674 5.957229 -0.397302 5
-1.964922 5.998342 -0.393752 5
-1.982663 6.053402 -0.369129 5
-1.953313 6.090209 -0.372069 5
-1.963054 6.141293 -0.352619 5
-1.837994 6.145127 -0.410364 5
-1.731430 6.157695 -0.457017 5
-1.084298 5.997995 -0.807946 5
-1.052222 6.044158 -0.810182 5
-1.010870 6.087866 -0.817650 5
0.525797 5.990858 -1.576138 5
0.552569 6.055943 -1.571949 5
0.604194 6.115700 -1.581244 5
0.617066 6.184350 -1.569868 5
-1.955637 5.989319 -0.339197 5
-1.949341 6.035209 -0.328717 5
-1.942804 6.080741 -0.318572 5
-1.903989 6.114430 -0.326664 5
-1.836807 6.138787 -0.350492 5
-1.747789 6.157005 -0.386170 5
-1.065261 5.984584 -0.747432 5
-0.845057 5.972007 -0.852170 5
0.630254 5.954596 -1.539490 5
0.642462 6.024054 -1.527306 5
0.633684 6.098048 -1.504387 5
0.740845 6.146832 -1.542059 5
-0.863696 1.742968 -2.184756 8
-1.886180 5.956475 -0.318374 5
-1.940121 6.026248 -0.274671 5
-1.926710 6.069224 -0.268460 5
-1.928650 6.117646 -0.254032 5
-1.852637 6.138443 -0.282021 5
-1.777880 6.161058 -0.309066 5
-0.997808 5.955433 -0.713010 5
-0.861386 5.969500 -0.770144 5
0.684526 5.930490 -1.475076 5
0.688411 6.002343 -1.458644 5
0.628714 6.088162 -1.410149 5
0.621219 6.161112 -1.388659 5
0.818681 6.191862 -1.470607 5
-1.279328 1.485789 -2.022021 8
-1.300108 1.643148 -1.955162 8
-1.161889 1.597736 -2.021598 8
-1.114297 1.666983 -2.012713 8
-1.007823 1.665185 -2.051795 8
-0.816419 1.566414 -2.157931 8
-0.695314 1.554502 -2.206483 8
-0.610016 1.585536 -2.226289 8
-0.421598 1.504571 -2.325370 8
-1.889303 5.952370 -0.256949 5
-1.867200 5.992750 -0.255143 5
-1.894777 6.051800 -0.226934 5
-1.893903 6.099489 -0.214206 5
-1.911327 6.153212 -0.192052 5
-1.857481 6.182021 -0.207533 5
-0.941006 5.929642 -0.671844 5
-0.930112 5.983653 -0.662224 5
0.509573 5.963249 -1.295454 5
0.492452 6.038027 -1.269325 5
0.628770 6.077265 -1.319464 5
0.673270 6.138873 -1.323963 5
1.005137 6.142164 -1.469147 5
-1.598427 1.522893 -1.791874 8
-1.492906 1.511408 -1.832091 8
-1.436280 1.567463 -1.830753 8
-1.349498 1.583976 -1.854557 8
-1.264037 1.603567 -1.876955 8
-1.223130 1.679936 -1.863266 8
-1.077698 1.627813 -1.933135 8
-0.993647 1.653295 -1.953448 8
-0.856759 1.618213 -2.014505 8
-0.716390 1.582876 -2.077076 8
-0.628762 1.610361 -2.098507 8
-0.516754 1.612332 -2.137976 8
-1.816303 5.967636 -0.222600 5
-1.915171 6.053974 -0.157935 5
-1.912371 6.100626 -0.146534 5
-1.911717 6.147706 -0.134223 5
-1.850322 6.173775 -0.153051 5
-0.873771 5.900332 -0.635060 5
-0.768861 5.925183 -0.672716 5
-0.643922 5.945873 -0.720015 5
0.561133 5.868486 -1.249425 5
0.442885 5.969610 -1.174210 5
0.456962 6.036093 -1.163897 5
0.589769 6.075388 -1.210881 5
0.692261 6.123757 -1.242921 5
1.047222 6.121784 -1.394835 5
1.052718 6.195509 -1.379777 5
-1.754960 1.056448 -1.807785 8
-1.864483 1.369504 -1.657626 8
-1.798617 1.410534 -1.664054 8
-1.727497 1.444108 -1.675085 8
-1.660409 1.483915 -1.682697 8
-1.554696 1.470423 -1.722520 8
-1.482723 1.505326 -1.733863 8
-1.399928 1.526417 -1.753951 8
-1.315539 1.546612 -1.775068 8
-1.232223 1.569415 -1.795066 8
-1.185226 1.638565 -1.786460 8
-1.080629 1.636797 -1.822751 8
-0.966322 1.625698 -1.865831 8
-0.850125 1.615064 -1.909574 8
-0.723351 1.595037 -1.960437 8
-0.625664 1.610677 -1.988954 8
-0.345861 1.428530 -2.149809 8
-0.225179 1.427003 -2.192681 8
-0.871672 3.059808 -1.409358 12
-0.827022 3.115465 -1.407368 12
-0.656822 3.064237 -1.486720 12
-0.551414 3.071408 -1.523274 12
-0.760506 3.426897 -1.330632 6
-0.713308 3.478448 -1.331690 6
-1.835834 5.969791 -0.153425 5
-1.913684 6.048019 -0.101127 5
-1.916607 6.096677 -0.087089 5
-1.912363 6.142347 -0.076840 5
-1.887893 6.180835 -0.076778 5
-0.844395 5.883389 -0.578443 5
-0.787100 5.923473 -0.591556 5
0.481175 5.808333 -1.139852 5
0.494899 5.875720 -1.128953 5
0.392500 5.972180 -1.063339 5
0.487860 6.018396 -1.091489 5
0.696301 6.040297 -1.172255 5
1.147412 6.013156 -1.365034 5
1.152298 6.088254 -1.349422 5
1.112463 6.171906 -1.313467 5
-2.184466 1.163553 -1.530216 8
-2.119812 1.205822 -1.534966 8
-2.030963 1.208801 -1.561473 8
-1.963448 1.247384 -1.568752 8
-1.932555 1.342896 -1.544404 8
-1.842544 1.346554 -1.571510 8
-1.780191 1.392951 -1.574862 8
-1.713855 1.433509 -1.581705 8
-1.633155 1.453938 -1.600397 8
-1.562686 1.489653 -1.610590 8
-1.484945 1.515993 -1.626577 8
-1.433051 1.577515 -1.622053 8
-1.322508 1.562369 -1.663495 8
-1.295637 1.656198 -1.639892 8
-1.139216 1.587139 -1.715393 8
-1.061830 1.619273 -1.730071 8
-0.989556 1.658316 -1.740846 8
-0.861083 1.632387 -1.792760 8
-0.751016 1.630778 -1.830388 8
-0.634011 1.623749 -1.872365 8
-0.533266 1.637124 -1.902116 8
-0.240807 1.446792 -2.065778 8
-0.900408 2.793122 -1.392470 12
-0.881639 2.874872 -1.372503 12
-0.829353 2.925059 -1.374732 12
-0.678001 2.887454 -1.440491 12
-0.696276 3.001096 -1.397575 12
-0.781487 3.169260 -1.313516 6
-0.797194 3.274785 -1.274402 6
-0.812061 3.377468 -1.236632 6
-0.750499 3.417094 -1.246418 6
-0.712535 3.475764 -1.241841 6
-0.659781 3.522951 -1.246357 6
-0.620386 3.580465 -1.242947 6
-1.857650 5.972939 -0.084242 5
-1.895525 6.035813 -0.053000 5
-1.880082 6.077873 -0.048170 5
-1.919120 6.139207 -0.017055 5
-1.851273 6.162624 -0.037809 5
-0.740577 5.841771 -0.557297 5
-0.758217 5.906812 -0.533989 5
0.352474 5.833935 -0.992666 5
0.343703 5.905688 -0.971859 5
0.351205 5.972701 -0.958813 5
0.499767 6.005297 -1.010383 5
1.181309 5.994122 -1.285571 5
1.185993 6.069472 -1.270020 5
1.118631 6.158889 -1.222504 5
-2.048999 0.622180 -1.660066 8
-2.185028 1.023838 -1.478842 8
-2.153593 1.124464 -1.453114 8
-2.049025 1.101128 -1.492755 8
-1.994075 1.161121 -1.488569 8
-1.934026 1.212254 -1.489155 8
-1.878721 1.270366 -1.486030 8
-1.836250 1.347235 -1.472647 8
-1.774781 1.394573 -1.475428 8
-1.705739 1.430845 -1.484501 8
-1.644334 1.478307 -1.487519 8
-1.537906 1.463424 -1.526026 8
-1.479476 1.516152 -1.526619 8
-1.408229 1.551685 -1.537237 8
-1.307894 1.550055 -1.569786 8
-1.236369 1.587113 -1.580284 8
-1.154768 1.612201 -1.598177 8
-1.018008 1.571309 -1.656027 8
-1.007620 1.684681 -1.621808 8
-0.819734 1.588689 -1.714857 8
-0.763872 1.649531 -1.713151 8
-0.630329 1.623329 -1.765725 8
-0.425500 1.522511 -1.866407 8
-0.220652 1.428191 -1.965141 8
-0.975606 2.664107 -1.313739 12
-1.113056 2.898070 -1.192600 12
-1.136713 3.016966 -1.146839 12
-0.940781 2.929774 -1.241339 12
-0.961348 3.044565 -1.198201 12
-0.849282 3.039040 -1.238527 12
-0.816590 3.104924 -1.229308 6
-0.774402 3.162213 -1.226187 6
-0.786055 3.264223 -1.190656 6
-0.856337 3.412052 -1.120707 6
-0.749833 3.414760 -1.157226 6
-0.739850 3.495053 -1.136326 6
-0.740769 3.582581 -1.109523 6
-0.608739 3.569179 -1.160326 6
-1.809362 5.948787 -0.049817 5
-1.889483 6.028202 0.000883 5
-1.928456 6.090208 0.031435 5
-1.886118 6.121995 0.023320 5
-1.912655 6.178089 0.047475 5
-1.770286 6.177022 -0.007189 5
-0.603951 5.849852 -0.534195 5
0.360279 5.752423 -0.928009 5
0.337639 5.828522 -0.901099 5
0.291288 5.909974 -0.863910 5
0.500529 5.924896 -0.941159 5
0.550632 5.982755 -0.947013 5
1.209262 6.052890 -1.186030 5
1.209323 6.128973 -1.168864 5
1.273632 6.192453 -1.179629 5
-2.232487 0.801353 -1.440001 8
-2.185914 0.880929 -1.426445 8
-2.161913 0.997808 -1.393821 8
-2.147145 1.126776 -1.354552 8
-2.064042 1.138657 -1.374995 8
-1.976700 1.145046 -1.398677 8
-1.916206 1.195472 -1.399758 8
-1.842095 1.224550 -1.412183 8
-1.787090 1.283122 -1.409183 8
-1.740580 1.353608 -1.399802 8
-1.711799 1.448568 -1.377077 8
-1.649593 1.494171 -1.380979 8
-1.569877 1.515588 -1.398344 8
-1.469141 1.509663 -1.431287 8
-1.398342 1.545604 -1.441423 8
-1.311648 1.561484 -1.463175 8
-1.219955 1.572421 -1.488235 8
-1.118075 1.572349 -1.520194 8
-1.067548 1.636770 -1.515322 8
-1.032759 1.719367 -1.499775 8
-0.869798 1.651452 -1.573290 8
-0.678161 1.555835 -1.664936 8
-0.505447 1.487545 -1.741979 8
-0.438409 1.539948 -1.746950 8
0.157069 1.026658 -2.101254 8
-1.135653 2.723192 -1.149175 12
-1.169429 2.856202 -1.096791 12
-1.192345 2.975344 -1.052401 12
-1.159670 3.039106 -1.043577 12
-1.109550 3.086153 -1.045793 12
-0.913932 3.001433 -1.136840 12
-0.861413 3.049368 -1.139836 12
-0.831118 3.116827 -1.129592 6
-0.744791 3.135999 -1.152894 6
-0.777741 3.256025 -1.105769 6
-0.761597 3.333238 -1.088199 6
-0.715991 3.385942 -1.088062 6
-0.712049 3.471286 -1.064176 6
-0.618358 3.486636 -1.091751 6
0.009238 3.103781 -1.419504 12
0.222315 3.426354 -1.400364 6
0.221100 3.519431 -1.373508 6
-1.891440 6.023665 0.058127 5
-1.913011 6.079192 0.079869 5
-1.871995 6.111483 0.072729 5
-1.848849 6.150520 0.073758 5
-1.829186 6.190888 0.076320 5
-0.578199 5.833994 -0.473226 5
0.230845 5.711803 -0.802722 5
0.268051 5.769776 -0.802840 5
0.271016 5.837637 -0.788003 5
0.412956 5.868004 -0.833851 5
0.534530 5.906263 -0.870389 5
1.236153 6.035562 -1.103781 5
1.247781 6.109443 -1.091700 5
1.336563 6.168379 -1.112047 5
-2.307866 0.619743 -1.376982 8
-2.235580 0.655477 -1.385409 8
-2.200924 0.759735 -1.360826 8
-2.148128 0.828811 -1.353063 8
-2.107934 0.918365 -1.335143 8
-2.066446 1.003492 -1.319175 8
-2.069596 1.160310 -1.267156 8
-1.957774 1.126426 -1.310434 8
-1.915479 1.205598 -1.297031 8
-1.844514 1.238972 -1.306919 8
-1.793191 1.302400 -1.301499 8
-1.754401 1.383454 -1.286856 8
-1.657822 1.379623 -1.316630 8
-1.601676 1.434933 -1.315630 8
-1.556404 1.504849 -1.306863 8
-1.479517 1.531084 -1.321574 8
-1.361546 1.503921 -1.365687 8
-1.274138 1.519465 -1.387213 8
-1.213938 1.570863 -1.389330 8
-1.028938 1.467521 -1.478157 8
-0.977560 1.532755 -1.473515 8
-0.871477 1.532453 -1.506244 8
-0.174307 0.846622 -1.934417 8
-0.145941 0.953468 -1.910180 8
0.111998 0.941695 -1.994302 8
-0.747940 2.112963 -1.366255 6
-1.195259 2.684307 -1.051314 12
-1.230992 2.820475 -0.998796 12
-1.306465 2.992257 -0.923002 12
-1.271910 3.052852 -0.915883 12
-1.235227 3.110949 -0.910307 12
-1.142583 3.116874 -0.938403 12
-1.046421 3.121400 -0.968164 12
-0.883687 3.068709 -1.036528 12
-0.798814 3.088021 -1.058496 6
-0.816386 3.195956 -1.021180 2
-0.781064 3.257536 -1.014827 2
-0.685812 3.269857 -1.042587 6
-0.656704 3.336783 -1.032875 6
-0.632241 3.406830 -1.020847 6
-0.579407 3.454518 -1.024753 6
0.024407 3.089597 -1.329781 12
0.162196 3.084478 -1.377270 6
0.210912 3.146170 -1.376200 6
0.160405 3.277589 -1.322347 6
0.180747 3.357402 -1.306917 6
0.184280 3.447773 -1.283001 6
0.235245 3.505800 -1.284234 6
0.313680 3.546433 -1.299716 6
-1.882859 6.015158 0.110101 5
-1.867719 6.057139 0.114940 5
-1.850961 6.098503 0.118979 5
-1.836933 6.140824 0.124146 5
-1.822693 6.183031 0.129136 5
0.174438 5.651465 -0.712062 5
0.240935 5.699845 -0.724615 5
0.282336 5.756526 -0.726327 5
0.359063 5.803790 -0.743040 5
0.460028 5.845786 -0.769808 5
0.663742 5.863072 -0.839390 5
1.310400 6.008073 -1.041033 5
1.290307 6.089055 -1.015982 5
1.339345 6.155847 -1.019250 5
-2.374872 0.412674 -1.322712 8
-2.334897 0.514108 -1.301047 8
-2.274429 0.573484 -1.298517 8
-2.225592 0.653485 -1.286361 8
-2.186682 0.749552 -1.266496 8
-2.132750 0.816420 -1.260167 8
-2.075157 0.875750 -1.257363 8
-2.067239 1.018027 -1.214652 8
-2.040495 1.124674 -1.188556 8
-1.965853 1.151254 -1.201210 8
-1.895196 1.184816 -1.210671 8
-1.840795 1.243810 -1.207689 8
-1.785652 1.301009 -1.205600 8
-1.739638 1.371068 -1.197019 8
-1.628912 1.346879 -1.236394 8
-1.499953 1.300018 -1.288167 8
-1.352238 1.231318 -1.352237 8
-1.403930 1.436473 -1.274144 8
-1.288979 1.415063 -1.314379 8
-0.995564 1.166054 -1.476726 8
-0.891048 1.168504 -1.506860 8
-0.762751 1.143609 -1.552475 8
-0.590254 1.068403 -1.626601 8
-0.430737 1.014013 -1.690705 8
-0.784063 1.805626 -1.347193 6
-0.798457 1.939750 -1.302945 6
-0.742007 1.994808 -1.303849 6
-1.261167 2.653052 -0.950640 12
-1.266066 2.758690 -0.918066 12
-1.263296 2.854307 -0.890903 12
-1.265064 2.952492 -0.861694 12
-1.260915 3.042959 -0.836674 12
-1.174913 3.054375 -0.860166 12
-1.056289 3.037138 -0.902231 12
-0.980147 3.061173 -0.919212 12
-0.841992 3.031255 -0.971265 12
-0.863507 3.143565 -0.932452 2
-0.821471 3.199306 -0.929945 2
-0.787643 3.261775 -0.923035 2
-0.655679 3.243726 -0.970194 2
-0.485849 3.198401 -1.037217 2
-0.482816 3.287843 -1.013226 6
-0.287934 3.228910 -1.092310 2
0.070485 3.052245 -1.256852 12
0.153629 3.087652 -1.274011 6
0.116159 3.210831 -1.228080 6
0.137277 3.290246 -1.213284 6
0.149785 3.374847 -1.194389 6
0.145286 3.469923 -1.167215 6
0.193676 3.528810 -1.167252 6
0.360071 3.512035 -1.226485 6
0.386587 3.586734 -1.215331 6
-1.835165 5.991693 0.144825 5
-1.869630 6.052537 0.171186 5
-1.868656 6.099444 0.181972 5
-1.840268 6.136453 0.180903 5
-1.855980 6.188601 0.198538 5
0.157232 5.648241 -0.623511 5
0.244351 5.689954 -0.644141 5
0.278970 5.748465 -0.642810 5
0.371015 5.791146 -0.665137 5
0.639001 5.787879 -0.759157 5
1.348152 6.065472 -0.945975 5
1.381600 6.135694 -0.942637 5
1.504528 6.189715 -0.974269 5
-2.398046 0.101875 -1.309631 8
-2.377956 0.252753 -1.268095 8
-2.354860 0.391969 -1.231080 8
-2.306578 0.477191 -1.217517 8
-2.252417 0.548997 -1.209768 8
-2.192016 0.607696 -1.207832 8
-2.151803 0.701994 -1.189677 8
-2.116342 0.802146 -1.168566 8
-2.046224 0.839823 -1.176031 8
-1.999740 0.917456 -1.165010 8
-1.946197 0.981856 -1.160054 8
-1.935106 1.113496 -1.123178 8
-1.885297 1.180328 -1.116686 8
-1.799348 1.190592 -1.137375 8
-1.744177 1.248563 -1.135264 8
-1.696784 1.317370 -1.127843 8
-1.598118 1.311448 -1.157274 8
-1.270338 0.985542 -1.346829 10
-1.181972 1.005068 -1.365996 8
-1.091328 1.022816 -1.386456 8
-1.054892 1.113419 -1.370025 8
-0.900817 1.050566 -1.432660 8
-0.790561 1.047888 -1.465122 10
-0.653380 1.014244 -1.514555 10
-0.518841 0.987465 -1.561337 10
-0.372124 0.949666 -1.614997 10
-0.037907 0.697952 -1.785640 10
-0.678754 1.568545 -1.345831 6
-0.837780 1.868938 -1.212373 6
-0.796425 1.940534 -1.203971 6
-1.280637 2.573431 -0.879142 12
-1.355873 2.754261 -0.805114 12
-1.358831 2.855538 -0.775390 12
-1.314496 2.907103 -0.774020 12
-1.386664 3.073246 -0.705377 12
-1.370827 3.149692 -0.688609 12
-1.214216 3.091938 -0.752144 12
-1.043118 3.025089 -0.822709 12
-1.015003 3.092633 -0.812441 12
-0.923795 3.103470 -0.837261 12
-0.814977 3.100655 -0.871344 2
-0.767642 3.152483 -0.871602 2
-0.739281 3.220197 -0.861762 2
-0.655470 3.242035 -0.881681 12
-0.556562 3.253137 -0.909298 2
-0.428067 3.242901 -0.951989 2
-0.327416 3.256787 -0.979599 2
-0.037102 3.130181 -1.104314 12
0.131927 3.100509 -1.165206 12
0.191918 3.153082 -1.170046 6
0.202038 3.241159 -1.149875 6
0.227208 3.317805 -1.137586 6
0.229363 3.409351 -1.114206 6
0.312140 3.446611 -1.130731 6
0.371172 3.500314 -1.135527 6
-1.859802 6.043609 0.222016 5
-1.861736 6.091588 0.233801 5
-1.883158 6.145961 0.253483 5
-1.829227 6.174003 0.241944 5
-1.764580 6.199415 0.226164 5
0.156442 5.639951 -0.542722 5
0.213465 5.690570 -0.550395 5
0.349646 5.718755 -0.589710 5
1.412218 6.040505 -0.877601 5
1.426531 6.114971 -0.866697 5
1.513503 6.175821 -0.883357 5
-2.400756 -0.276894 -1.316698 8
-2.389601 -0.093507 -1.264520 8
-2.371448 0.067714 -1.220875 8
-2.335786 0.186937 -1.194370 8
-2.295977 0.293870 -1.172707 8
-2.265621 0.415798 -1.144252 8
-2.222499 0.509532 -1.127590 8
-2.175995 0.594424 -1.114538 8
-2.127287 0.673219 -1.103973 8
-2.097523 0.783577 -1.079221 8
-2.027107 0.820813 -1.086837 8
-1.957708 0.859958 -1.093728 8
-1.968346 1.030620 -1.040865 8
-1.933130 1.121940 -1.023570 8
-1.861710 1.154303 -1.033296 8
-1.731248 1.096593 -1.085256 8
-1.712896 1.211493 -1.056861 8
-1.507360 1.048730 -1.159848 8
-1.355702 0.972308 -1.223298 8
-1.266395 0.988773 -1.243014 8
-1.232526 1.082815 -1.225303 8
-1.077208 1.011600 -1.288584 8
-0.968032 1.006262 -1.320360 10
-0.846867 0.987860 -1.359305 10
-0.762367 1.018705 -1.374129 10
-0.672641 1.044047 -1.392090 10
-0.493522 0.962410 -1.465530 10
-0.277257 0.842402 -1.560377 10
-0.797043 1.584233 -1.204798 6
-0.786523 1.695026 -1.176766 6
-1.122683 2.189659 -0.942815 11
-1.118519 2.294957 -0.914708 11
-1.325373 2.623576 -0.764156 12
-1.468383 2.874015 -0.653712 12
-1.333916 2.831588 -0.704278 12
-1.324890 2.918850 -0.682931 12
-1.375543 3.063274 -0.628662 12
-1.260632 3.044098 -0.667436 12
-1.171752 3.052234 -0.691250 12
-1.074938 3.054683 -0.719023 12
-1.336241 3.383753 -0.553226 6
-1.375527 3.504247 -0.509214 6
-1.300504 3.522321 -0.526606 6
-1.065217 3.405052 -0.627846 6
-0.662502 3.154896 -0.814418 2
-0.653449 3.238877 -0.794876 2
-0.573965 3.265280 -0.811735 2
-0.411317 3.227705 -0.870503 12
-0.275759 3.214813 -0.914736 12
-0.173576 3.229931 -0.941674 12
-0.081440 3.254269 -0.963269 12
0.233439 3.119904 -1.093680 2
0.259911 3.196875 -1.081913 6
0.214821 3.322535 -1.035910 6
0.315546 3.347285 -1.060415 6
0.282390 3.461914 -1.021086 6
-0.176322 4.253898 -0.680797 13
-0.145972 4.315003 -0.675192 13
-0.196367 4.420166 -0.633653 13
-0.182360 4.488730 -0.621292 13
-0.110191 4.526519 -0.634734 13
-0.382423 5.355999 -0.352212 5
-0.378826 5.419918 -0.338669 5
-1.832055 6.027999 0.265416 5
-1.854533 6.083654 0.285275 5
-1.818089 6.117746 0.281288 5
-1.826427 6.167508 0.295160 5
-1.727127 6.181402 0.266313 5
0.170773 5.626936 -0.468512 5
0.273486 5.663528 -0.493556 5
0.343657 5.711521 -0.505668 5
1.477552 6.015158 -0.808780 5
1.487029 6.091101 -0.796046 5
1.532650 6.160076 -0.796644 5
-2.169101 -0.991902 -1.471407 8
-2.326726 -0.415608 -1.265941 8
-2.341777 -0.173249 -1.192270 8
-2.313080 -0.032782 -1.158941 8
-2.307990 0.150600 -1.107478 8
-2.265271 0.252077 -1.089068 8
-2.226516 0.358165 -1.068439 8
-2.186385 0.458432 -1.049922 8
-2.148434 0.559826 -1.030629 8
-2.093781 0.628283 -1.025076 8
-2.061685 0.735079 -1.002944 8
-2.005642 0.797750 -0.999585 8
-1.948701 0.857953 -0.997252 8
-1.862350 0.869160 -1.016479 8
-1.812569 0.940357 -1.009376 8
-1.638410 0.815587 -1.089973 8
-1.506214 0.762540 -1.139537 8
-1.411512 0.769982 -1.162395 8
-1.392026 0.889342 -1.134222 8
-1.294105 0.893208 -1.159128 10
-1.174486 0.868550 -1.197838 10
-1.129638 0.949678 -1.187343 10
-1.046169 0.977618 -1.202012 10
-0.941818 0.979057 -1.229711 10
-0.871914 1.026963 -1.235425 10
-0.755812 1.016814 -1.269688 10
-0.660185 1.034585 -1.290846 10
-0.528215 1.009924 -1.333601 10
-0.369380 0.956743 -1.391576 10
-0.837751 1.635726 -1.078690 6
-0.783081 1.694929 -1.077754 6
-1.202426 2.281586 -0.803548 11
-1.386132 2.589569 -0.669760 12
-1.441782 2.750230 -0.611202 12
-1.436755 2.842787 -0.587872 12
-1.489363 2.992596 -0.533225 12
-1.471151 3.067080 -0.518563 12
-1.344712 3.033897 -0.562987 12
-1.379804 3.159715 -0.519868 6
-1.364019 3.234296 -0.504729 6
-1.380879 3.337984 -0.472755 6
-1.355976 3.401517 -0.463259 6
-1.387397 3.514413 -0.424879 6
-1.311879 3.531590 -0.442079 6
-1.242225 3.554992 -0.456058 6
-0.663688 3.154644 -0.726026 12
-0.626755 3.215562 -0.721065 2
-0.564665 3.256072 -0.728700 12
-0.406243 3.221667 -0.783509 12
-0.411681 3.316771 -0.757775 12
-0.422796 3.414533 -0.729797 12
-0.134289 3.290221 -0.845602 12
0.013726 3.274732 -0.892935 12
0.279674 3.179397 -0.995022 2
0.313977 3.250445 -0.987440 2
0.464421 3.242877 -1.033787 2
0.570084 3.267976 -1.058887 2
-0.200284 3.942407 -0.664244 13
-0.158490 3.998244 -0.663077 13
-0.127907 4.060959 -0.656971 13
-0.270057 4.225140 -0.574663 13
-0.460605 4.412266 -0.472386 13
-0.249611 4.367953 -0.546457 13
-0.332161 4.489235 -0.492610 13
-0.372822 4.585067 -0.457540 13
-0.209234 4.572454 -0.509993 13
-0.187469 4.635421 -0.501741 13
-0.206380 4.718325 -0.476544 13
-0.241030 4.807590 -0.445156 13
-0.330797 4.921204 -0.391398 13
-0.201342 4.931361 -0.428536 13
-0.177320 4.991067 -0.422122 13
-0.008056 4.987627 -0.474711 13
-0.384164 5.349864 -0.276995 5
-0.385012 5.415353 -0.262008 5
-1.824052 6.019763 0.316884 5
-1.833908 6.070861 0.331302 5
-1.829517 6.116340 0.340016 5
-1.804808 6.154633 0.340806 5
-1.754178 6.184590 0.331680 5
0.138931 5.628646 -0.376990 5
0.280160 5.652779 -0.415630 5
1.581682 5.981520 -0.752845 5
1.528696 6.070894 -0.717877 5
1.547783 6.145119 -0.708719 5
-2.012833 -1.317045 -1.481812 8
-2.241637 -0.577923 -1.221337 8
-2.287285 -0.266940 -1.124038 8
-2.284932 -0.069903 -1.070052 8
-2.253313 0.059736 -1.041931 8
-2.248684 0.238319 -0.993786 8
-2.199362 0.323771 -0.982376 8
-2.167586 0.440074 -0.958241 8
-2.088034 0.464889 -0.971146 8
-2.056993 0.577544 -0.948008 8
-1.934508 0.526557 -0.992534 8
-1.766264 0.401503 -1.068830 8
-1.722850 0.493024 -1.054829 8
-1.645065 0.526215 -1.065450 8
-1.577215 0.575822 -1.069192 8
-1.543089 0.677976 -1.050225 10
-1.463889 0.708776 -1.062125 10
-1.383779 0.738914 -1.074525 10
-1.351471 0.839730 -1.055725 10
-1.261847 0.856253 -1.074412 10
-1.195430 0.906650 -1.078116 10
-1.151124 0.987323 -1.068083 10
-1.023713 0.955175 -1.109849 10
-0.960606 1.010984 -1.111519 10
-0.834748 0.985895 -1.151185 10
-0.715310 0.972113 -1.186262 10
-0.643111 1.019396 -1.192854 10
-0.510338 0.993796 -1.234754 10
-0.395472 0.992716 -1.265557 10
-0.219339 0.922977 -1.330748 10
-1.216866 2.191355 -0.733070 11
-1.389518 2.492816 -0.608319 12
-1.430191 2.640180 -0.559134 12
-1.403968 2.712054 -0.547606 12
-1.348304 2.752116 -0.552326 12
-1.436767 2.940213 -0.479924 12
-1.427868 3.024843 -0.460633 12
-1.409153 3.098281 -0.446953 2
-1.381694 3.162210 -0.438162 6
-1.335956 3.208183 -0.439022 2
-1.355845 3.314944 -0.406489 6
-1.375556 3.419143 -0.374723 6
-1.417840 3.541082 -0.332315 6
-1.329317 3.546142 -0.355590 6
-1.272793 3.580179 -0.362784 6
-1.196200 3.598013 -0.379680 6
-0.587756 3.182182 -0.653041 12
-0.543712 3.237542 -0.651659 12
-0.524613 3.312448 -0.638524 12
-0.450990 3.344675 -0.651311 12
-0.305329 3.323726 -0.697531 12
-0.274370 3.390442 -0.689981 12
-0.049135 3.316843 -0.771720 12
0.063169 3.328469 -0.800790 12
0.403154 3.185146 -0.932194 2
0.505665 3.210939 -0.955218 2
-0.188371 3.764198 -0.624100 13
-0.423519 3.999763 -0.500441 13
-0.411393 4.071394 -0.486862 13
-0.500997 4.205102 -0.429375 13
-0.478734 4.267844 -0.420964 13
-0.545823 4.382897 -0.374513 13
-0.476577 4.416722 -0.386612 13
-0.474557 4.489320 -0.370244 13
-0.410992 4.527331 -0.379857 13
-0.355819 4.570674 -0.385863 13
-0.254727 4.590637 -0.410710 13
-0.318126 4.696261 -0.367944 13
-0.324345 4.771063 -0.349014 13
-0.339799 4.849434 -0.326637 13
-0.376944 4.936934 -0.295897 13
-0.349754 4.993247 -0.291166 13
-0.158269 4.976047 -0.351368 13
-0.315179 5.114495 -0.274142 5
-0.311543 5.180566 -0.260489 5
-0.264287 5.228168 -0.263890 5
-0.378303 5.340746 -0.205286 5
-0.400275 5.414375 -0.182586 5
-1.766379 5.992851 0.349339 5
-1.786573 6.048307 0.367419 5
-1.857336 6.120798 0.404187 5
-1.793603 6.145304 0.390495 5
-1.761325 6.181305 0.388604 5
0.181240 5.606791 -0.314059 5
0.364801 5.618002 -0.366527 5
1.532192 6.058338 -0.626258 5
1.544653 6.133693 -0.614858 5
1.679598 6.186785 -0.644982 5
-1.977997 -1.367217 -1.382227 8
-2.072858 -0.922642 -1.241363 8
-2.233449 -0.358839 -1.053316 8
-2.244238 -0.133023 -0.990737 8
-2.226699 0.026055 -0.952701 8
-2.199281 0.159702 -0.923846 8
-2.175060 0.294918 -0.893892 8
-2.057382 0.249895 -0.934110 8
-1.884127 0.107004 -1.013635 8
-1.796828 0.126803 -1.029589 8
-1.741008 0.202780 -1.023212 8
-1.682022 0.271888 -1.019492 8
-1.637566 0.364158 -1.006234 10
-1.603905 0.471935 -0.986354 8
-1.517258 0.492384 -1.002390 10
-1.512329 0.641489 -0.964812 10
-1.444956 0.690806 -0.968730 10
-1.341569 0.686253 -0.995657 10
-1.295415 0.767553 -0.986162 10
-1.219903 0.805486 -0.995298 10
-1.149158 0.850561 -1.001477 10
-1.103590 0.930308 -0.992477 10
-1.017639 0.954689 -1.007970 10
-0.911012 0.953038 -1.035449 10
-0.818660 0.971951 -1.054126 10
-0.720113 0.984469 -1.076095 10
-0.620050 0.996810 -1.098579 10
-0.544070 1.039960 -1.107153 10
-1.334961 2.108803 -0.633260 11
-1.316799 2.199058 -0.615188 11
-1.474860 2.487602 -0.501664 12
-1.386381 2.492254 -0.523474 12
-1.383134 2.591453 -0.499491 12
-1.424537 2.736215 -0.452542 12
-1.406207 2.814569 -0.437832 12
-1.483005 2.989136 -0.374323 12
-1.383044 2.981071 -0.402631 6
-1.413766 3.103765 -0.364222 6
-1.386590 3.167596 -0.355692 2
-1.383355 3.253352 -0.335489 2
-1.332924 3.293861 -0.338979 6
-1.319909 3.368559 -0.324208 6
-1.245314 3.387445 -0.339541 6
-1.300470 3.520423 -0.292488 6
-1.191607 3.510107 -0.324211 6
-1.167675 3.573092 -0.315453 6
-0.682885 3.258510 -0.521879 12
-0.532622 3.226913 -0.570075 12
-0.624423 3.388770 -0.506511 12
-0.561884 3.427625 -0.514232 12
-0.446173 3.427134 -0.545834 12
-0.361538 3.451858 -0.563058 12
-0.267838 3.471376 -0.584055 12
-0.024918 3.387218 -0.670365 12
-0.393007 3.730952 -0.488793 13
-0.485425 3.876245 -0.429440 13
-0.480073 3.953073 -0.413026 13
-0.548916 4.076912 -0.365292 13
-0.513237 4.131677 -0.362494 13
-0.541876 4.226178 -0.332786 13
-0.552261 4.307879 -0.311146 13
-0.533394 4.371091 -0.301930 13
-0.474835 4.411028 -0.309137 13
-0.487575 4.491802 -0.287238 13
-0.460745 4.549623 -0.281653 13
-0.484889 4.634672 -0.255723 13
-0.397855 4.660073 -0.274422 13
-0.402609 4.733817 -0.256588 13
-0.425901 4.815912 -0.231741 13
-0.424505 4.884700 -0.216864 13
-0.377662 4.931315 -0.219771 13
-0.338883 4.982115 -0.219538 13
-0.230688 5.002058 -0.245775 13
-0.360165 5.127701 -0.181636 5
-0.376762 5.201689 -0.160826 5
-0.318427 5.243761 -0.168280 5
-0.378428 5.334060 -0.131722 5
-0.388522 5.402969 -0.114035 5
-0.345402 5.451009 -0.116048 5
-1.764066 6.034760 0.413420 5
-1.780012 6.088063 0.429292 5
-1.764813 6.129942 0.433793 5
-1.767976 6.177913 0.444793 5
-1.672025 6.193644 0.420571 5
-0.107855 5.755871 -0.119780 7
-0.026187 5.795565 -0.135006 7
0.023353 5.845877 -0.138854 7
1.605552 6.031648 -0.558235 5
1.610113 6.109124 -0.544194 5
1.654133 6.179135 -0.543139 5
-2.019911 -1.012610 -1.160991 8
-2.131035 -0.553632 -1.018241 8
-2.177400 -0.250094 -0.930172 8
-2.182050 -0.044001 -0.876664 8
-1.975793 -0.261503 -0.980003 8
-1.760541 -0.483671 -1.086701 8
-1.866732 -0.090340 -0.962176 8
-1.854847 0.070269 -0.924365 8
-1.774829 0.103597 -0.934849 8
-1.640480 0.042559 -0.982059 10
-1.635645 0.207277 -0.941765 10
-1.597941 0.311800 -0.924499 10
-1.539149 0.379318 -0.921627 10
-1.502741 0.481540 -0.904773 10
-1.474794 0.594489 -0.883275 10
-1.405557 0.641632 -0.888222 10
-1.377716 0.750486 -0.867862 10
-1.286604 0.764424 -0.886508 10
-1.204247 0.792318 -0.899633 10
-1.100927 0.791819 -0.924971 10
-1.062615 0.882345 -0.911989 10
-0.985055 0.918654 -0.922073 10
-0.897912 0.943014 -0.937527 10
-0.823044 0.984272 -0.945875 10
-0.710376 0.978474 -0.975173 10
-0.608215 0.988046 -0.998179 10
-1.390545 2.066445 -0.540561 6
-1.340561 2.119557 -0.540102 11
-1.398055 2.296862 -0.482676 6
-1.386952 2.391111 -0.462627 6
-1.484756 2.604482 -0.386477 12
-1.462977 2.680936 -0.373530 12
-1.437555 2.752281 -0.362789 12
-1.421881 2.832810 -0.347432 12
-1.473457 2.980865 -0.298899 12
-1.503017 3.102744 -0.262275 2
-1.488001 3.177726 -0.248243 2
-1.446057 3.225576 -0.247595 2
-1.346247 3.218692 -0.274797 2
-1.273605 3.239092 -0.288628 2
-1.359784 3.404590 -0.227433 6
-1.257550 3.397938 -0.255365 6
-1.191095 3.424604 -0.266289 6
-1.102213 3.433013 -0.287346 6
-1.098146 3.513914 -0.269535 6
-0.658970 3.237490 -0.448062 12
-0.674533 3.338917 -0.420483 12
0.322019 2.643941 -0.841484 12
-0.550283 3.416525 -0.435048 12
-0.428573 3.411434 -0.468134 12
-0.327882 3.424348 -0.491629 12
-0.300745 3.492141 -0.483278 12
-0.498060 3.717949 -0.379785 13
-0.571223 3.850776 -0.330279 13
-0.502201 3.884140 -0.340992 13
-0.536228 3.986578 -0.308841 13
-0.574942 4.089980 -0.275284 13
-0.467109 4.098526 -0.302061 13
-0.463305 4.173461 -0.286316 13
-0.478797 4.259186 -0.263069 13
-0.494468 4.343640 -0.240112 13
-0.496284 4.418753 -0.222990 13
-0.483111 4.484482 -0.212015 13
-0.512200 4.572978 -0.184729 13
-0.444130 4.607657 -0.195444 13
-0.469665 4.692409 -0.170042 13
-0.362835 4.707988 -0.195484 13
-0.420215 4.807482 -0.158383 13
-0.388920 4.861654 -0.155139 13
-0.460501 4.964673 -0.113537 13
-0.387586 4.998513 -0.126061 13
-0.399632 5.071677 -0.107133 5
-0.355921 5.119511 -0.108830 5
-0.415806 5.211865 -0.072897 5
-0.506066 5.314767 -0.026499 5
-0.442553 5.353151 -0.035752 5
-0.427465 5.411373 -0.027648 5
-0.249328 5.407635 -0.077192 5
-1.774399 6.033258 0.471156 5
-1.796491 6.088564 0.488702 5
-1.768520 6.125747 0.488713 5
-1.724341 6.157800 0.483174 5
-1.658561 6.183531 0.470356 5
-0.152733 5.761851 -0.030593 7
-0.147898 5.823912 -0.019287 7
-0.061294 5.861977 -0.035461 7
-0.088488 5.933242 -0.013554 7
1.614664 6.017966 -0.468596 5
1.612363 6.096721 -0.452567 5
1.673785 6.163336 -0.456675 5
-1.917245 -1.210397 -1.116425 8
-1.943608 -0.927675 -1.041464 8
-1.910694 -0.779589 -1.012797 8
-1.952552 -0.486153 -0.931858 8
-1.712500 -0.758890 -1.052751 8
-1.188715 -1.560095 -1.366729 8
-1.718797 -0.349189 -0.951891 8
-1.607531 -0.364609 -0.981136 8
-1.634690 -0.130314 -0.918238 10
-1.625857 0.032563 -0.880949 10
-1.609171 0.176709 -0.850056 10
-1.541385 0.231383 -0.852610 10
-1.500085 0.328739 -0.838812 10
-1.491164 0.475330 -0.805717 10
-1.422606 0.524779 -0.809893 10
-1.373656 0.603949 -0.802428 10
-1.317965 0.671718 -0.799330 10
-1.239514 0.705486 -0.809759 10
-1.181397 0.768870 -0.808401 10
-1.150818 0.870080 -0.791600 10
-1.050802 0.874279 -0.814341 10
-0.938422 0.863859 -0.843544 10
-0.884308 0.932301 -0.840283 10
-1.312238 1.618323 -0.576221 6
-1.348141 1.785827 -0.528198 6
-1.386914 1.951972 -0.479860 2
-1.428954 2.117222 -0.431000 6
-1.408502 2.203881 -0.415662 11
-1.364252 2.261392 -0.412940 11
-1.364412 2.368815 -0.387871 6
-1.469326 2.590162 -0.310908 12
-1.452603 2.672124 -0.295964 12
-1.446017 2.763458 -0.276425 12
-1.476756 2.891991 -0.239210 12
-1.537299 3.047748 -0.188461 2
-1.472701 3.073515 -0.198405 12
-1.463940 3.154978 -0.181866 2
-1.438299 3.218747 -0.173590 2
-1.357271 3.229493 -0.191167 2
-1.306662 3.269813 -0.194514 2
-1.339634 3.386193 -0.159866 6
-1.193762 3.340885 -0.206424 6
-1.110641 3.353940 -0.224183 6
-0.797009 3.171820 -0.343601 12
-0.754317 3.225507 -0.342191 12
-0.700771 3.270259 -0.345557 12
-0.727473 3.379687 -0.314334 12
-0.642657 3.399233 -0.331300 12
-0.537748 3.404713 -0.356514 12
-0.463605 3.435373 -0.368413 12
-0.380307 3.460296 -0.383949 13
-0.549888 3.669051 -0.294823 13
-0.497397 3.714449 -0.298128 13
-0.494871 3.794793 -0.281095 13
-0.562543 3.921559 -0.236058 13
-0.462087 3.933919 -0.258968 13
-0.036786 3.737740 -0.410382 13
-0.204904 3.928481 -0.325885 13
1.036640 3.240397 -0.793203 2
1.077103 3.312916 -0.787897 2
-0.449391 4.533438 -0.132713 13
-0.429006 4.594405 -0.124985 13
-0.431581 4.667166 -0.108857 13
-0.402510 4.722855 -0.104590 13
-0.453049 4.818342 -0.071312 13
-0.491089 4.905739 -0.043030 13
-0.415292 4.937401 -0.056096 13
-0.434968 5.014446 -0.034853 13
-0.249886 4.998060 -0.086517 13
-0.458655 5.158285 0.001278 5
-0.482760 5.234084 0.023284 5
-0.478282 5.296864 0.035080 5
-0.375222 5.319430 0.012741 5
-0.340023 5.370419 0.013978 5
-0.249528 5.400663 -0.003581 0
-1.738876 6.014910 0.512788 5
-1.757948 6.069480 0.528888 5
-1.739714 6.110344 0.532363 5
-1.749742 6.160730 0.545170 5
-1.674182 6.182837 0.529696 5
-0.151425 5.753555 0.041917 7
-0.139168 5.813268 0.050603 7
-0.056997 5.852482 0.036690 7
0.025907 5.892862 0.022769 7
1.663051 5.996222 -0.391313 5
1.628000 6.081760 -0.365523 5
1.689282 6.148321 -0.369056 5
-1.435563 -0.660355 -0.977385 10
-1.568041 -0.232535 -0.848813 10
-1.572480 -0.044865 -0.804476 10
-1.558531 0.105114 -0.773021 10
-1.520695 0.210741 -0.757219 10
-1.488610 0.323052 -0.738633 10
-1.432873 0.394902 -0.734749 10
-1.370107 0.454742 -0.735267 10
-1.359978 0.593996 -0.705678 10
-1.302681 0.659207 -0.703826 10
-1.180640 0.629514 -0.738487 10
-1.196741 0.799798 -0.695978 10
-1.092064 0.796684 -0.720708 10
-1.035072 0.860836 -0.719234 10
-0.991885 0.942859 -0.710576 10
-0.911758 0.975274 -0.721739 10
-1.375457 1.705268 -0.449316 6
-1.416404 1.876900 -0.401067 2
-1.382287 1.951174 -0.392255 2
-1.432709 2.126150 -0.341140 6
-1.445970 2.252095 -0.309756 11
-1.396817 2.302674 -0.309909 11
-1.351508 2.357440 -0.308267 11
-1.476177 2.600571 -0.224681 12
-1.459213 2.681778 -0.210563 12
-1.475274 2.796777 -0.181181 12
-1.489285 2.906875 -0.153413 12
-1.490104 3.000900 -0.132371 12
-1.452775 3.054718 -0.129309 12
-1.410876 3.103715 -0.128436 2
-1.407385 3.189601 -0.110335 2
-1.331313 3.205365 -0.124996 2
-1.298337 3.262236 -0.120383 2
-1.260115 3.313958 -0.118193 2
-1.142271 3.294752 -0.150623 2
-0.916941 3.184654 -0.228717 12
-0.865561 3.229382 -0.231330 12
-0.795462 3.258723 -0.241835 12
-0.708690 3.275319 -0.259165 12
-0.687113 3.345667 -0.249162 12
-0.643581 3.398059 -0.248388 12
-0.564270 3.422959 -0.262246 12
-0.512223 3.469598 -0.264859 12
-0.455426 3.513059 -0.269350 13
-0.528722 3.650977 -0.222013 13
-0.504030 3.716128 -0.214134 13
-0.457718 3.765874 -0.214853 13
-0.452701 3.843811 -0.199531 13
-0.156365 3.727718 -0.296683 13
-0.196354 3.837118 -0.263760 3
-0.091524 3.852452 -0.286267 3
-0.031462 3.897428 -0.291577 3
-0.153023 4.053126 -0.228993 7
0.284639 3.873133 -0.374538 3
-0.080829 4.247418 -0.206265 7
-0.456020 4.603887 -0.039458 13
-0.450074 4.671670 -0.026933 13
-0.435066 4.734178 -0.017784 13
-0.399439 4.785987 -0.015996 13
-0.451889 4.880997 0.016524 13
-0.445105 4.945797 0.028074 13
-0.473311 5.026324 0.051519 13
-0.415371 5.066590 0.045236 13
-0.408934 5.130274 0.056533 5
-0.417912 5.200095 0.072889 5
-0.419628 5.266090 0.086618 5
-0.436962 5.337790 0.105372 5
-0.377522 5.378377 0.098592 5
-0.433176 5.463690 0.129613 5
-1.740539 6.010261 0.567083 5
-1.735233 6.056006 0.574836 5
-1.730703 6.101776 0.582761 5
-1.684337 6.133228 0.577290 5
-1.674469 6.177235 0.583466 5
-0.056396 5.715858 0.084585 7
-0.097759 5.792737 0.110076 7
-0.059884 5.845125 0.110727 7
0.058558 5.875232 0.086632 7
1.677541 5.981448 -0.303457 5
1.624556 6.070591 -0.273084 5
1.760717 6.122848 -0.297811 5
-1.474057 -0.572231 -0.835544 10
-1.509999 -0.319134 -0.771848 10
-1.520660 -0.119368 -0.725471 10
-1.510691 0.038460 -0.692885 10
-1.488379 0.170825 -0.668647 10
-1.480511 0.322778 -0.636981 10
-1.412650 0.375009 -0.640429 10
-1.349810 0.434784 -0.641161 10
-1.300774 0.514960 -0.634424 10
-1.288799 0.648753 -0.607814 10
-1.197834 0.664179 -0.624588 10
-1.190077 0.799299 -0.596839 10
-1.072949 0.778592 -0.627382 10
-1.063120 0.907032 -0.601632 10
-0.946978 0.890369 -0.631160 10
-0.887663 0.950749 -0.631318 10
-1.510958 1.884525 -0.289507 2
-1.501686 1.989111 -0.268963 2
-1.432455 2.017654 -0.278352 2
-1.412658 2.106387 -0.263670 11
-1.368258 2.164403 -0.261185 11
-1.487723 2.411281 -0.181121 11
-1.477305 2.503085 -0.163767 11
-1.470948 2.597549 -0.144958 12
-1.478393 2.705073 -0.120254 12
-1.517297 2.843654 -0.081797 12
-1.483520 2.902634 -0.076905 12
-1.515725 3.028595 -0.042730 12
-1.470382 3.073570 -0.043524 12
-1.396553 3.090551 -0.056808 12
-1.316241 3.102430 -0.072692 2
-1.404912 3.275246 -0.015781 2
-1.243684 3.211789 -0.066236 2
-1.173617 3.235390 -0.077386 2
-1.120830 3.275319 -0.081150 2
-0.882343 3.153877 -0.161713 12
-0.880566 3.241283 -0.143793 12
-0.807403 3.267550 -0.155230 12
-0.731040 3.292213 -0.167778 12
-0.702560 3.356413 -0.161000 12
-0.627746 3.383725 -0.172704 12
-0.554810 3.413540 -0.183485 12
-0.528360 3.479391 -0.175993 13
-0.442095 3.500607 -0.191733 13
-0.510661 3.635143 -0.147921 13
-0.494291 3.706249 -0.137092 13
-0.424026 3.739329 -0.146744 13
-0.238902 3.695474 -0.199166 13
-0.334330 3.841998 -0.146733 3
-0.259548 3.874195 -0.157729 3
-0.159530 3.891431 -0.177751 7
-0.080029 3.923162 -0.190022 3
-0.161404 4.053713 -0.144294 7
-0.176069 4.141458 -0.123036 7
-0.117716 4.185512 -0.127916 7
-0.152026 4.282692 -0.100173 7
-0.238619 4.406996 -0.054611 13
-0.405320 4.571461 0.017989 13
-0.457295 4.670296 0.050155 13
-0.423599 4.722938 0.052685 13
-0.398757 4.780133 0.058199 13
-0.408240 4.854031 0.075182 13
-0.381513 4.909712 0.079883 13
-0.425076 4.998057 0.107798 13
-0.366969 5.038640 0.101958 5
-0.402543 5.121295 0.126778 5
-0.420199 5.194801 0.145480 5
-0.382221 5.244084 0.146075 5
-0.437639 5.331567 0.176502 5
-0.410857 5.384824 0.180498 5
-0.929111 5.646675 0.355927 5
-1.002945 5.731255 0.390118 5
-1.707092 6.040554 0.619362 5
-1.708665 6.088674 0.629061 5
-1.693669 6.130814 0.633595 5
-1.641284 6.160738 0.626751 5
-1.590239 6.191904 0.620445 5
-0.078232 5.778806 0.176710 7
-0.078900 5.842562 0.189068 7
0.630234 5.704986 -0.008344 5
0.763780 5.738950 -0.034131 5
0.921281 5.769063 -0.066472 5
1.720448 6.039714 -0.209016 5
1.730951 6.116340 -0.197279 5
1.753376 6.190708 -0.188892 5
-1.439444 -0.617227 -0.740225 10
-1.358325 -0.571401 -0.747740 10
-1.468628 -0.194026 -0.645066 10
-1.468018 -0.019274 -0.608504 10
-1.456360 0.131470 -0.579359 10
-1.421558 0.240163 -0.563988 10
-1.384506 0.342580 -0.550443 10
-1.320587 0.401010 -0.551868 10
-1.279892 0.494137 -0.541111 10
-1.241567 0.588848 -0.529549 10
-1.175220 0.640951 -0.532914 10
-1.124358 0.714901 -0.528435 10
-1.043158 0.745653 -0.539503 10
-0.997768 0.825943 -0.532593 10
-0.943526 0.893207 -0.530331 10
-1.553819 1.827353 -0.204769 2
-1.502324 1.879079 -0.205196 2
-1.488803 1.978112 -0.187636 2
-1.476749 2.076779 -0.169862 11
-1.480406 2.192202 -0.145244 11
-1.475774 2.295055 -0.125048 11
-1.471887 2.396478 -0.105011 11
-1.477119 2.505989 -0.081349 11
-1.473736 2.603401 -0.062081 12
-1.493783 2.724210 -0.032915 12
-1.474282 2.799908 -0.021678 12
-1.481737 2.902540 0.000955 12
-1.462706 2.975805 0.011746 12
-1.481731 3.086129 0.038441 12
-1.384349 3.079470 0.015646 12
-1.188657 2.980177 -0.047694 12
-1.175882 3.059381 -0.034417 2
-1.125102 3.102186 -0.036950 2
-0.981786 3.061293 -0.076941 12
-0.931219 3.106420 -0.079009 12
-0.925542 3.190851 -0.063206 12
-0.859727 3.222604 -0.071410 12
-0.825022 3.281139 -0.067329 12
-0.684186 3.252425 -0.104441 12
-0.654192 3.315953 -0.098360 12
-0.667636 3.413213 -0.075854 12
-0.550799 3.408325 -0.102914 12
-0.499794 3.455490 -0.104881 12
-0.469014 3.517895 -0.099307 13
-0.457187 3.593692 -0.086846 13
-0.507246 3.712450 -0.051989 13
-0.443996 3.749968 -0.058726 13
-0.414070 3.810825 -0.053374 3
-0.494375 3.944633 -0.008817 3
-0.316181 3.907120 -0.056336 3
-0.229410 3.931723 -0.071024 7
-0.137268 3.954385 -0.087332 7
-0.191075 4.067280 -0.052977 7
-0.143083 4.117238 -0.054005 7
-0.144353 4.196144 -0.038245 7
-0.194873 4.302034 -0.006087 7
-0.178967 4.368887 0.003375 7
-0.420505 4.574630 0.098253 13
-0.409817 4.640066 0.108571 13
-0.413253 4.712286 0.123389 13
-0.364192 4.757264 0.120970 13
-0.423520 4.855922 0.153567 13
-0.379094 4.902788 0.152519 13
-0.371671 4.967313 0.163281 13
-0.388118 5.042199 0.181454 5
-0.407964 5.117559 0.200470 5
-0.369749 5.166861 0.201211 5
-0.326082 5.214191 0.200306 5
-0.336091 5.283800 0.215902 5
-0.442970 5.390906 0.260779 5
-0.716849 5.559117 0.355480 5
-1.001367 5.724556 0.452065 5
-1.701162 6.033082 0.670905 5
-1.689767 6.076646 0.676543 5
-1.671554 6.117800 0.680144 5
-1.640710 6.154875 0.680060 5
-1.601367 6.189602 0.677566 5
0.048031 5.732206 0.212769 7
0.485329 5.667932 0.100222 5
0.555725 5.716999 0.093219 5
0.645804 5.761753 0.080857 5
0.770725 5.798836 0.059020 5
0.879887 5.842131 0.041941 5
0.907839 5.906988 0.047542 5
0.966068 5.965028 0.044877 5
1.058940 6.016242 0.032937 5
1.740701 5.944752 -0.137460 5
1.699233 6.032112 -0.111812 5
1.696863 6.110815 -0.096806 5
1.750730 6.178988 -0.096742 5
-1.330360 -0.603919 -0.647902 10
-1.398008 -0.300592 -0.573365 10
-1.404682 -0.111770 -0.534277 10
-1.409843 0.068242 -0.497285 10
-1.355613 0.146475 -0.492872 10
-1.335585 0.277374 -0.470922 10
-1.295209 0.373220 -0.460185 10
-1.259077 0.473418 -0.447728 10
-1.222440 0.570650 -0.435988 10
-1.145120 0.606893 -0.444833 10
-1.136880 0.741617 -0.419798 10
-1.093665 0.824229 -0.412398 10
-1.024099 0.869643 -0.417881 10
-0.968903 0.934381 -0.416564 10
-1.019350 1.136313 -0.366080 10
-1.465240 1.837267 -0.134358 2
-1.459055 1.945995 -0.114173 2
-1.473574 2.077570 -0.085165 11
-1.499257 2.219106 -0.051874 11
-1.480685 2.304691 -0.038908 11
-1.496532 2.428380 -0.011235 11
-1.485274 2.518303 0.004083 11
-1.491909 2.626279 0.026692 12
-1.464255 2.694526 0.034265 12
-1.498322 2.827572 0.067535 12
-1.464887 2.886712 0.072067 12
-1.484767 2.999831 0.098404 12
-1.457537 3.063041 0.105007 12
-1.387811 3.083781 0.094306 12
-1.290885 3.079305 0.072907 12
-1.231524 3.112303 0.066757 12
-1.056300 3.038651 0.015241 12
-0.930147 3.014329 -0.016278 12
-0.884546 3.064545 -0.016212 12
-0.882445 3.152671 0.000448 12
-0.881387 3.240202 0.017194 12
-0.721458 3.193374 -0.025952 12
-0.687927 3.254091 -0.021355 12
-0.681884 3.336552 -0.006709 12
-0.617503 3.371918 -0.013633 12
-0.501459 3.368186 -0.039160 12
-0.480097 3.438274 -0.030231 12
-0.440989 3.494607 -0.027766 13
-0.418099 3.562618 -0.019602 13
-0.520616 3.718977 0.032393 3
-0.558139 3.825991 0.060961 3
-0.495610 3.862822 0.054585 3
-0.392912 3.873685 0.034592 3
-0.296969 3.890820 0.017231 3
-0.222620 3.923360 0.007438 7
-0.155324 3.961335 0.000182 7
-0.208675 4.073573 0.033041 7
-0.119656 4.098679 0.018615 7
-0.131911 4.184124 0.037482 7
-0.185476 4.291792 0.069462 7
-0.116487 4.329132 0.061627 7
-0.327315 4.519103 0.143137 13
-0.403802 4.631723 0.180955 13
-0.401065 4.700693 0.193373 13
-0.399797 4.769729 0.206104 13
-0.290047 4.784743 0.185143 13
-0.320883 4.869148 0.207688 13
-0.343344 4.948203 0.227395 13
-0.302734 4.997353 0.227789 13
-0.358625 5.089602 0.257191 5
-0.319429 5.138898 0.257886 5
-0.349300 5.217500 0.279049 5
-0.320226 5.270785 0.282655 5
-0.285627 5.321997 0.284656 5
-0.719120 5.553669 0.422100 5
-0.756655 5.627041 0.443893 5
-1.664402 6.014452 0.713521 5
-1.703691 6.076126 0.733501 5
-1.697468 6.121095 0.740454 5
-1.632259 6.146448 0.730903 5
-1.567139 6.172928 0.721567 5
0.066064 5.718571 0.281297 7
0.487573 5.658458 0.178167 5
0.477214 5.730410 0.193632 5
0.778158 5.716050 0.125209 5
0.724594 5.801457 0.152547 5
0.847566 5.840474 0.132772 5
0.899499 5.898980 0.132079 5
1.048129 5.935638 0.106220 5
1.238540 5.965697 0.069993 5
1.246670 6.038063 0.081353 5
1.437184 6.073352 0.046012 5
1.691740 6.099894 -0.004966 5
1.760851 6.165016 -0.008343 5
-1.284243 -0.481229 -0.521929 10
-1.372418 -0.151602 -0.441841 10
-1.365414 0.008616 -0.412883 10
-1.328372 0.115443 -0.400057 10
-1.295223 0.225820 -0.385796 10
-1.254800 0.322269 -0.375640 10
-1.227011 0.435720 -0.359752 10
-1.160380 0.489012 -0.363038 10
-1.106965 0.561226 -0.360112 10
-1.095460 0.691828 -0.337759 10
0.215282 -0.982494 -0.917126 10
-0.979972 0.817524 -0.337251 10
-1.083555 1.094160 -0.264252 10
-1.079859 1.221800 -0.240943 10
-1.052708 1.316335 -0.228606 10
-1.371060 1.841077 -0.065653 2
-1.489084 2.101224 0.007098 11
-1.492890 2.215668 0.029387 11
-1.505268 2.337434 0.054770 11
-1.469619 2.400773 0.059462 11
-1.482135 2.517820 0.083965 11
-1.474930 2.610183 0.099835 12
-1.493818 2.729008 0.125938 12
-1.487651 2.818264 0.141414 12
-1.478796 2.902971 0.155482 12
-1.459929 2.975880 0.165300 12
-1.465747 3.072436 0.184540 12
-1.372015 3.069166 0.164896 12
-1.255598 3.045968 0.136909 12
-1.132744 3.019441 0.106982 12
-1.033130 3.017342 0.086328 12
-1.009779 3.086420 0.094454 12
-0.963578 3.134407 0.093987 12
-0.850859 3.124511 0.069179 12
-0.777990 3.151038 0.059261 12
-0.729310 3.198793 0.058212 12
-0.652389 3.223562 0.047117 12
-0.643927 3.304440 0.060408 12
-0.644421 3.391243 0.076616 12
-0.589452 3.433911 0.073293 12
-0.461622 3.421978 0.044943 12
-0.462030 3.507603 0.060881 13
-0.444006 3.578602 0.070329 13
-0.593230 3.767558 0.135824 3
-0.512034 3.790883 0.123499 3
-0.506250 3.866744 0.136319 3
-0.504374 3.944283 0.150239 3
-0.254210 3.859186 0.083231 3
-0.157266 3.877709 0.066746 7
-0.235406 4.006979 0.106585 7
-0.126247 4.018973 0.086368 7
-0.116058 4.091921 0.097681 7
-0.112265 4.167915 0.110857 7
-0.164243 4.274825 0.141165 7
-0.124694 4.328595 0.142887 7
-0.351576 4.527215 0.225977 13
-0.380163 4.614051 0.247760 13
-0.354011 4.671059 0.252800 13
-0.373232 4.750893 0.271352 13
-0.317696 4.792700 0.267539 13
-0.338600 4.871891 0.286300 13
-0.393442 4.965784 0.314732 13
-0.285318 4.983361 0.295622 13
-0.144470 4.988352 0.267455 13
-0.248548 5.101964 0.309609 5
-0.248423 5.168687 0.321708 5
-0.263183 5.240921 0.337873 5
-0.259999 5.305119 0.348861 5
-0.637636 5.515915 0.465145 5
-0.856938 5.658283 0.536282 5
-1.597109 5.984655 0.748455 5
-1.645731 6.050332 0.770390 5
-1.664150 6.104261 0.783943 5
-1.616817 6.135718 0.779821 5
-1.607878 6.180146 0.785980 5
-1.490086 6.190846 0.763509 5
0.695025 5.587888 0.202252 5
0.702419 5.656851 0.213121 5
0.771312 5.708523 0.208125 5
0.795558 5.773108 0.214692 5
0.836292 5.833580 0.217091 5
0.895584 5.889963 0.214897 5
0.977723 5.941837 0.207144 5
1.125844 5.980241 0.183280 5
1.271007 6.021970 0.160612 5
1.381606 6.073371 0.146833 5
1.476425 6.129744 0.137205 5
1.763112 6.152513 0.081740 5
1.897867 6.207102 0.063477 5
-1.121419 -0.745680 -0.490599 10
-1.314735 -0.234129 -0.361402 10
-1.315546 -0.059810 -0.329969 10
-1.288084 0.063456 -0.313172 10
-1.258834 0.180631 -0.297819 10
-1.229476 0.294659 -0.283056 10
-1.190712 0.391700 -0.273165 10
-1.151691 0.486306 -0.263765 10
-1.076070 0.526120 -0.271284 10
0.140346 -1.047089 -0.789006 10
-1.063334 0.798764 -0.224898 10
-1.027928 0.890381 -0.215352 10
-1.016991 1.012799 -0.195547 10
-1.024599 1.156408 -0.168354 10
-1.064139 1.336947 -0.128356 10
-1.059608 1.457161 -0.107716 10
-1.484954 2.100772 0.090055 11
-1.483482 2.208565 0.109058 11
-1.494688 2.328769 0.132739 11
-1.470591 2.405315 0.141749 11
-1.487228 2.526619 0.166676 11
-1.475618 2.613646 0.179979 12
-1.483444 2.720107 0.200531 12
-1.476686 2.808638 0.215040 12
-1.476960 2.902791 0.231917 12
-1.484768 3.002711 0.251286 12
-1.445128 3.052931 0.252543 12
-1.354137 3.052505 0.234760 12
-1.249479 3.040723 0.212286 12
-1.164587 3.049889 0.197396 12
-1.086606 3.066953 0.185257 12
-1.041736 3.115275 0.185139 12
-1.013231 3.178166 0.190805 12
-0.918009 3.182381 0.173005 12
-0.867190 3.226319 0.170935 12
-0.771995 3.233376 0.153640 12
-0.677171 3.242494 0.136780 12
-0.666886 3.321270 0.148810 12
0.328713 2.623148 -0.169681 12
-0.623758 3.458301 0.164803 12
-0.517238 3.461668 0.144624 12
-0.465413 3.507563 0.142681 13
-0.553171 3.654982 0.186038 13
-0.510151 3.705716 0.186667 13
-0.524583 3.796505 0.205631 3
-0.459524 3.831667 0.199181 3
-0.510258 3.944736 0.229187 3
-0.354193 3.920537 0.194408 4
-0.225020 3.916861 0.168524 3
-0.113243 3.926614 0.148421 7
-0.086371 3.990229 0.154466 7
-0.101761 4.078799 0.173197 7
-0.034974 4.118085 0.167117 7
-0.058740 4.209822 0.188040 7
-0.071490 4.293904 0.205447 7
-0.056039 4.361450 0.214404 7
-0.306893 4.570001 0.300432 13
-0.361755 4.669777 0.328846 13
-0.384256 4.751055 0.347648 13
-0.305997 4.781318 0.337700 13
-0.268278 4.832321 0.339352 13
-0.231847 4.884163 0.341402 13
-0.210896 4.943297 0.347768 13
-0.162784 4.990190 0.346649 13
0.062317 4.960863 0.297399 13
-0.208566 5.145418 0.383065 5
-0.141709 5.184524 0.376889 5
-0.103337 5.235961 0.378466 5
-0.100987 5.301676 0.389617 5
-1.220642 5.788867 0.694952 5
-1.342270 5.886289 0.735978 5
-1.601668 6.029333 0.812042 5
-1.624620 6.085240 0.826405 5
-1.618063 6.130510 0.833107 5
-1.569825 6.162219 0.829248 5
-1.502227 6.188651 0.820662 5
1.236481 5.796001 0.214679 5
1.254155 5.866387 0.223597 5
1.208715 5.951005 0.247391 5
1.344532 5.995252 0.228539 5
1.392110 6.060043 0.230598 5
1.548113 6.104302 0.207782 5
1.575256 6.175238 0.214921 5
1.818411 6.208614 0.173093 5
-1.190593 -0.610595 -0.341429 10
-1.222564 -0.374344 -0.295422 10
-1.245547 -0.161122 -0.254994 10
-1.265598 0.040191 -0.217128 10
-1.213549 0.121549 -0.213082 10
-1.204186 0.267135 -0.190157 10
-1.156462 0.350845 -0.184893 10
-1.107557 0.431334 -0.180392 10
-1.050974 0.499430 -0.179424 10
-1.118012 0.741365 -0.125852 10
-1.054048 0.794149 -0.128852 10
-0.996093 0.854931 -0.129367 10
-1.018039 1.021306 -0.097029 10
-1.004097 1.136307 -0.080111 10
-0.980560 1.236462 -0.067500 10
-0.987089 1.372134 -0.043241 10
-1.492705 2.114828 0.177279 11
-1.473937 2.201287 0.188466 11
-1.476669 2.311359 0.207680 11
-1.499454 2.441950 0.234126 11
-1.451596 2.489426 0.233273 11
-1.464371 2.603886 0.255117 12
-1.458135 2.695004 0.269452 12
-1.485115 2.819630 0.295680 12
-1.468131 2.895312 0.305393 12
-1.443881 2.962359 0.312286 12
-1.460661 3.069645 0.333674 12
-1.370676 3.069645 0.316920 12
-1.249687 3.041567 0.289616 12
-1.166629 3.052201 0.275970 12
-1.147102 3.123055 0.284409 12
-1.036280 3.110199 0.261601 12
-0.975532 3.144271 0.256110 12
-0.904799 3.170239 0.247384 12
-0.841615 3.203599 0.241326 12
-0.786490 3.244384 0.238036 12
-0.660341 3.227308 0.211677 12
-0.644302 3.301508 0.221360 12
-0.583276 3.339403 0.216492 12
-0.549080 3.398613 0.220250 12
-0.450971 3.409262 0.203849 12
-0.388054 3.447739 0.198740 12
-0.434998 3.566575 0.227763 4
-0.452520 3.661878 0.247306 4
-0.542216 3.805692 0.288542 3
-0.473539 3.837914 0.281310 3
-0.415543 3.878160 0.277435 3
-0.305625 3.885135 0.258239 3
-0.184544 3.887043 0.236109 3
-0.068198 3.894250 0.215768 7
0.001305 3.932251 0.209390 7
-0.108587 4.078295 0.254779 7
-0.252711 4.607870 0.372288 13
-0.224829 4.664850 0.376905 13
-0.220822 4.733597 0.387966 13
-0.210985 4.798919 0.397363 13
-0.214703 4.870167 0.410291 13
-0.180259 4.923170 0.413023 13
-0.133910 4.971034 0.412673 13
-0.040458 4.998889 0.400169 13
0.135648 4.993355 0.366633 13
0.033428 5.105802 0.404889 5
-0.079710 5.219674 0.445415 5
-1.262317 5.798863 0.763859 5
-1.239131 5.842856 0.767149 5
-1.584186 6.017685 0.861074 5
-1.602365 6.072085 0.873811 5
-1.619902 6.125529 0.886266 5
-1.541941 6.147495 0.875643 5
-1.527046 6.190462 0.880302 5
0.097154 5.749647 0.504055 5
1.370911 5.828113 0.282268 5
1.362199 5.905521 0.297264 5
1.442354 5.963087 0.292417 5
1.493741 6.027883 0.294139 5
1.537087 6.094959 0.297744 5
1.654426 6.148775 0.285393 5
1.796289 6.200309 0.268123 5
-1.094821 -0.573737 -0.241957 10
-1.207992 -0.208936 -0.163292 10
-1.215774 -0.026900 -0.132839 10
-1.182628 0.085148 -0.120943 10
-1.164034 0.216822 -0.103269 10
-1.147058 0.347407 -0.085462 10
-1.086976 0.411126 -0.086109 10
-1.061297 0.523791 -0.072709 10
-1.017007 0.607584 -0.067270 10
-0.981100 0.701554 -0.058678 10
-1.001160 0.869465 -0.028156 10
-0.982848 0.981722 -0.013441 10
-0.992935 1.128347 0.011902 10
-0.983321 1.246017 0.029073 10
-0.988081 1.378903 0.051281 10
-1.477203 2.100423 0.254930 11
-1.476839 2.208908 0.272320 11
-1.476109 2.314451 0.289183 11
-1.463109 2.403482 0.301202 11
-1.483940 2.528939 0.325150 11
-1.452043 2.592928 0.329778 12
-1.475037 2.715672 0.353697 12
-1.438411 2.772009 0.356268 12
-1.418785 2.845613 0.364670 12
-1.459977 2.980233 0.393783 12
-1.434460 3.044550 0.399654 12
-1.371698 3.071539 0.392867 12
-1.296585 3.087353 0.382082 12
-1.196492 3.080768 0.363238 12
-1.149872 3.125744 0.362266 12
-0.984362 3.062982 0.322712 12
-0.926834 3.100593 0.318631 12
-0.850423 3.122218 0.308614 12
-0.777194 3.147688 0.299797 12
-0.766775 3.226758 0.310840 12
-0.696770 3.255829 0.303203 12
-0.618864 3.279445 0.293290 12
-0.547494 3.309361 0.285571 12
-0.553718 3.400126 0.301509 12
-0.441309 3.399635 0.281598 12
-0.341029 3.410337 0.265669 12
-0.385756 3.528101 0.292850 13
-0.447467 3.655371 0.324593 13
-0.365092 3.679339 0.314027 3
-0.430251 3.805138 0.346158 3
-0.407092 3.869035 0.352591 3
-0.292130 3.872590 0.332972 3
-0.149338 3.860556 0.305907 3
-0.020463 3.860160 0.283214 3
0.019917 3.916399 0.285406 3
0.212779 3.881545 0.245824 3
-0.061480 4.428877 0.384463 13
-0.182598 4.566041 0.428414 13
-0.179657 4.636397 0.439587 13
-0.119580 4.677771 0.435967 13
-0.095396 4.737248 0.441640 13
-0.125721 4.822304 0.461103 13
-0.126195 4.892245 0.472846 13
-0.055832 4.929824 0.466839 13
0.003599 4.973190 0.463717 13
0.079599 5.010298 0.456670 13
-1.537371 5.995567 0.903442 5
-1.564398 6.053474 0.917885 5
-1.593392 6.111099 0.932630 5
-1.556717 6.146521 0.932226 5
-1.488655 6.172599 0.924799 5
0.290836 5.683037 0.532996 5
1.728432 5.967736 0.331905 5
1.623194 6.066443 0.366971 5
1.642928 6.139173 0.375962 5
1.873114 6.174503 0.342118 5
-0.971137 -0.765661 -0.181691 10
-1.140167 -0.306181 -0.083406 10
-1.149209 -0.120622 -0.054046 10
-1.153669 0.051888 -0.027415 10
-1.120160 0.160910 -0.016896 10
-1.076099 0.251551 -0.010950 10
-1.093080 0.430140 0.018844 10
-1.021519 0.475969 0.013325 10
-1.008283 0.604118 0.030334 10
-1.006727 0.745171 0.051333 10
-0.997721 0.872435 0.068987 10
-0.989042 0.996995 0.086310 10
-0.981128 1.119537 0.103483 10
-0.994284 1.265956 0.127921 10
-0.988055 1.384367 0.144802 10
-1.433976 2.052165 0.322737 11
-1.449680 2.180521 0.344935 11
-1.439529 2.275264 0.357608 11
-1.463122 2.406859 0.381688 11
-1.448343 2.491798 0.392114 11
-1.405118 2.543731 0.392664 12
-1.449143 2.689937 0.422517 12
-1.448301 2.784540 0.436851 12
-1.414990 2.843386 0.440202 12
-1.428867 2.949882 0.458897 12
-1.416387 3.027598 0.468716 12
-1.388511 3.088928 0.473424 12
-1.265771 3.058325 0.447930 12
-1.296680 3.175692 0.471254 2
-1.323404 3.286420 0.492863 2
-1.259271 3.312211 0.486028 2
-1.153325 3.301617 0.466529 2
-1.091973 3.332151 0.460931 6
-0.801455 3.167538 0.386518 12
-0.711699 3.179512 0.373297 12
-0.635177 3.203906 0.364249 12
-0.529136 3.205650 0.346740 12
-0.582010 3.334730 0.375739 12
-0.454389 3.321331 0.352290 12
-0.435822 3.393172 0.360427 12
-0.352864 3.416553 0.350236 12
-0.304969 3.466678 0.350111 13
-0.328849 3.568080 0.370024 13
-0.300588 3.631264 0.375261 13
-0.354057 3.749878 0.402847 3
-0.306790 3.798577 0.402676 3
-0.305290 3.877467 0.414894 3
-0.153176 3.859015 0.386736 3
0.038221 3.819168 0.348695 3
0.273254 3.756821 0.299874 13
0.367994 3.783813 0.288487 13
0.466291 3.810242 0.276443 13
0.384933 3.941107 0.310746 13
0.276393 4.084100 0.351493 13
0.302417 4.149834 0.357712 13
-0.110798 4.449855 0.473854 13
-0.171901 4.555080 0.500792 13
-0.106655 4.593718 0.496263 13
-0.032574 4.628839 0.489733 13
-0.040065 4.704559 0.503163 13
0.285825 4.621922 0.436327 13
0.139387 4.763849 0.483288 13
-0.089401 4.938554 0.549074 13
-1.569240 6.049622 0.972078 5
-1.581160 6.101416 0.982536 5
-1.553324 6.139708 0.984309 5
-1.491107 6.167484 0.978764 5
-1.406694 6.189548 0.968678 5
0.095509 5.798142 0.659667 5
1.817123 5.858603 0.390345 5
1.728677 5.956130 0.421023 5
1.713506 6.036869 0.437034 5
1.579771 6.139451 0.475938 5
1.808049 6.173993 0.444801 5
-1.035575 -0.642704 -0.040922 10
-1.030249 -0.471912 -0.017956 10
-1.100825 -0.185016 0.034072 10
-1.114631 0.002921 0.062728 10
-1.086914 0.121396 0.074705 10
-1.056168 0.232406 0.085160 10
-1.019232 0.331753 0.092972 10
-1.014743 0.475652 0.112509 10
-1.006172 0.609929 0.130042 10
-0.988786 0.728601 0.143935 10
-0.982093 0.858908 0.161281 10
-0.976362 0.987238 0.178538 10
-0.950374 1.086159 0.188300 10
-0.987127 1.262814 0.219505 10
-0.950449 1.343016 0.224901 10
-1.433928 2.056649 0.406264 11
-1.423498 2.153328 0.418383 11
-1.438030 2.277242 0.438518 11
-1.423422 2.364576 0.448667 11
-1.429585 2.473659 0.465357 11
-1.386882 2.526266 0.465979 11
-1.418919 2.659528 0.490419 12
-1.400161 2.735429 0.498346 12
-1.393366 2.822590 0.509868 12
-1.372626 2.893887 0.516857 12
-1.410289 3.022637 0.541653 12
-1.364414 3.066155 0.540595 12
-1.332495 3.123169 0.543775 2
-1.340586 3.217491 0.558862 2
-1.326281 3.289201 0.567069 2
-1.241779 3.296224 0.554565 2
-1.205210 3.347397 0.556240 6
-1.184324 3.412068 0.562431 6
-1.100909 3.422601 0.550689 6
-0.728332 3.192325 0.457338 12
-0.629137 3.197577 0.442352 12
-0.593479 3.255813 0.445340 12
-0.551860 3.309123 0.446676 12
-0.510623 3.362712 0.448141 12
-0.473440 3.419360 0.450728 12
-0.307261 3.380172 0.418651 12
-0.287903 3.451505 0.426300 12
-0.230604 3.495181 0.423852 13
-0.189220 3.550454 0.425676 13
-0.176211 3.625141 0.434906 13
-0.186972 3.714964 0.450175 13
-0.138658 3.764737 0.450160 13
-0.010679 3.763787 0.430025 13
0.095063 3.779264 0.415885 13
0.151521 3.826813 0.414340 13
0.147489 3.911147 0.427856 13
0.062514 4.041858 0.461081 13
0.005891 4.153145 0.486950 13
-0.000020 4.233651 0.500250 13
-0.004145 4.312165 0.512992 13
-0.103550 4.440694 0.548220 13
-0.058795 4.490637 0.549040 13
-0.123733 4.596850 0.575539 13
0.054018 4.579967 0.545520 13
0.162631 4.600251 0.531961 13
-1.501388 6.020524 1.010845 5
-1.489496 6.064965 1.016168 5
-1.476117 6.108841 1.021191 5
-1.494291 6.162628 1.032619 5
-1.424836 6.189017 1.026348 5
0.042286 5.805618 0.741906 5
0.039253 5.869622 0.752752 5
1.635157 5.964384 0.527229 5
1.610610 6.045950 0.544409 5
1.637199 6.116908 0.552158 5
1.713072 6.179150 0.551067 5
-0.879787 -0.887439 0.012551 10
-0.936298 -0.611069 0.057647 10
-1.031906 -0.282012 0.115988 10
-1.040543 -0.100668 0.141040 10
-1.068096 0.104015 0.172239 10
-1.028667 0.201947 0.178721 10
-1.016225 0.337398 0.194502 10
-0.992833 0.453585 0.206038 10
-0.975670 0.575796 0.219405 10
-0.972233 0.713950 0.237106 10
-0.962829 0.840478 0.252361 10
-0.959757 0.972288 0.269361 10
-0.948405 1.090095 0.283231 10
-0.955603 1.228734 0.302842 10
-0.937750 1.332694 0.313918 10
-1.402320 2.022633 0.479210 11
-1.409020 2.140144 0.496028 11
-1.397441 2.233408 0.506763 11
-1.385639 2.324537 0.517209 11
-1.397887 2.440958 0.534847 11
-1.361487 2.500904 0.537322 11
-1.408282 2.650340 0.564856 12
-1.367174 2.702435 0.565600 12
-1.382463 2.812960 0.583038 12
-1.352219 2.874491 0.586808 12
-1.352805 2.966248 0.599482 12
-1.391056 3.093176 0.622785 12
-1.323997 3.115610 0.615641 2
-1.293238 3.173181 0.618912 2
-1.311840 3.275961 0.635979 2
-1.228400 3.283969 0.624439 2
-1.237798 3.376026 0.638682 6
-1.197338 3.422831 0.639109 6
-1.106465 3.426533 0.625937 6
-0.714382 3.179521 0.532317 12
-0.665402 3.226004 0.531511 12
-0.590427 3.251760 0.523921 12
-0.559508 3.313332 0.528015 12
-0.465511 3.325772 0.515765 12
-0.396190 3.358546 0.510113 12
-0.380380 3.431907 0.518232 12
-0.277296 3.441026 0.504258 12
-0.198575 3.469370 0.496679 13
-0.149033 3.519203 0.496534 13
-0.096104 3.566998 0.495629 13
-0.108575 3.658929 0.510763 13
-0.118664 3.747848 0.525144 13
-0.062201 3.792758 0.523404 13
-0.064579 3.875105 0.535766 13
-0.043825 3.942186 0.542550 13
-0.083011 4.044840 0.563325 13
-0.053242 4.105029 0.567850 13
-0.033956 4.171111 0.574800 13
-0.080045 4.273494 0.596637 13
-0.063220 4.339348 0.603975 13
-0.052888 4.408284 0.612744 13
-0.034504 4.472472 0.619674 13
0.032978 4.511265 0.615759 13
0.259598 4.471628 0.577205 13
-1.455010 5.998770 1.055261 5
-1.454264 6.047382 1.062764 5
-1.455200 6.096221 1.070562 5
-1.466429 6.147971 1.080291 5
-1.368292 6.165705 1.069281 5
-0.017798 5.815291 0.823924 5
0.038670 5.861606 0.823351 5
1.607972 5.958836 0.619428 5
1.655243 6.025464 0.623674 5
1.666675 6.099615 0.634179 5
1.662171 6.176586 0.647403 5
-0.856162 -0.727297 0.141557 10
-0.974845 -0.359837 0.204340 10
-1.002081 -0.148422 0.234113 10
-0.989954 -0.003897 0.249738 10
-0.993675 0.160347 0.270260 10
-0.965564 0.273264 0.279683 10
-0.938406 0.384946 0.289154 10
-0.945811 0.542617 0.309595 10
-0.948645 0.689630 0.328081 10
-0.932321 0.806916 0.340045 10
-0.915768 0.921197 0.351652 10
-0.927971 1.070111 0.371942 10
-0.909956 1.176789 0.382483 10
-1.350883 1.851529 0.532752 2
-1.328755 1.937547 0.540192 2
-1.375557 2.104296 0.568079 11
-1.388069 2.226166 0.585265 11
-1.370596 2.310635 0.593328 11
-1.359967 2.401283 0.603227 11
-1.370354 2.513363 0.618983 11
-1.355492 2.595542 0.627263 12
-1.369352 2.706769 0.643501 12
-1.357356 2.788550 0.652228 12
-1.336393 2.859774 0.658332 12
-1.349797 2.964386 0.673770 12
-1.339355 3.043320 0.682472 12
-1.299032 3.092210 0.682998 2
-1.307674 3.187166 0.696610 2
-1.317555 3.281368 0.710339 2
-1.246089 3.299896 0.702539 2
-1.185160 3.328855 0.697653 6
-1.105471 3.342136 0.688063 6
-1.010528 3.343693 0.674793 6
-0.685159 3.153915 0.603510 12
-0.603046 3.173416 0.594519 12
-0.561703 3.227033 0.595874 12
-0.463028 3.235348 0.583134 12
-0.417838 3.286825 0.583743 12
-0.397892 3.357538 0.590520 12
-0.295272 3.366170 0.577394 12
-0.255110 3.422119 0.579433 12
-0.110896 3.403859 0.556946 12
-0.037205 3.437890 0.551425 12
-0.066102 3.543040 0.569885 13
0.033269 3.560323 0.558600 13
-0.059325 3.705153 0.591389 13
-0.040883 3.775071 0.598593 13
-0.047595 3.860260 0.611406 13
-0.055394 3.944932 0.624335 13
-0.004008 3.992849 0.624088 13
-0.041825 4.093633 0.643447 13
0.000896 4.146217 0.645114 13
-0.015954 4.232503 0.659661 13
-0.000001 4.299487 0.667071 13
0.021355 4.363150 0.673319 13
0.056566 4.419283 0.676664 13
-1.417654 6.029261 1.109774 5
-1.434736 6.083714 1.120337 5
-1.443434 6.134808 1.129321 5
-1.406298 6.171315 1.130133 5
-1.332149 6.197321 1.124547 5
0.017958 5.859379 0.897212 5
0.180045 5.876970 0.878996 5
0.251838 5.921532 0.876702 5
1.565229 5.956739 0.713259 5
1.481781 6.049434 0.738807 5
1.664358 6.088445 0.721672 5
1.632838 6.170241 0.738901 5
-0.817931 -0.775056 0.242116 10
-0.852795 -0.540809 0.273297 10
-0.941317 -0.230783 0.320977 10
-0.944004 -0.062458 0.340157 10
-0.949676 0.105393 0.359789 10
-0.931251 0.233163 0.371428 10
-0.911529 0.355883 0.382368 10
-0.914079 0.506866 0.399826 10
-0.915391 0.652066 0.416506 10
-0.908340 0.782186 0.430314 10
-0.882056 0.883741 0.438132 10
-0.913019 1.057231 0.462512 10
-0.884273 1.150207 0.469104 10
-1.335619 1.837557 0.613122 2
-1.331965 1.946027 0.625199 2
-1.347391 2.074806 0.642400 11
-1.344499 2.178914 0.654176 11
-1.325735 2.262537 0.661360 11
-1.328859 2.369302 0.674391 11
-1.324063 2.464969 0.685050 11
-1.319463 2.558913 0.695580 12
-1.300260 2.635507 0.702061 12
-1.314756 2.745959 0.717301 12
-1.320030 2.844513 0.729887 12
-1.301689 2.917410 0.736181 12
-1.303473 3.008996 0.747537 12
-1.266496 3.061528 0.748904 12
-1.247836 3.131081 0.754883 2
-1.274886 3.242014 0.772167 2
-1.249945 3.303276 0.776367 2
-1.170616 3.315565 0.767243 2
-1.057464 3.299675 0.750134 2
-0.732938 3.105478 0.682619 12
-0.664833 3.135760 0.677374 12
-0.570542 3.145340 0.666101 12
-0.495150 3.171816 0.659506 12
-0.444110 3.218565 0.658739 12
-0.337404 3.222491 0.645258 12
-0.338536 3.310221 0.656655 12
-0.283801 3.355104 0.655310 12
-0.230747 3.401617 0.654442 12
-0.024644 3.339287 0.619685 12
0.036511 3.383102 0.617518 12
0.169243 3.378503 0.599855 12
0.181010 3.457602 0.608760 12
0.367674 3.421111 0.580090 12
-0.042589 3.772160 0.678968 13
0.021129 3.812874 0.676309 13
1.053708 3.258222 0.471253 6
0.155470 3.892314 0.669997 13
1.098506 3.417613 0.487111 6
1.146645 3.481741 0.489779 6
1.221221 3.531187 0.487192 6
-1.416640 6.023190 1.163555 5
-1.398830 6.066078 1.167832 5
-1.400815 6.115338 1.175457 5
-1.376300 6.156058 1.178677 5
-1.294964 6.180054 1.172649 5
0.049802 5.842119 0.961852 5
0.105107 5.889304 0.962512 5
0.214210 5.922922 0.954777 5
0.251847 5.976771 0.958633 5
1.568071 5.944963 0.798968 5
1.397515 6.055603 0.836381 5
1.437289 6.121318 0.842125 5
1.555450 6.172951 0.836520 5
-0.733286 -0.717185 0.347656 10
-0.851461 -0.358134 0.401039 10
-0.889391 -0.134059 0.429306 10
-0.891059 0.028787 0.446235 10
-0.892961 0.187338 0.462828 10
-0.883495 0.325213 0.475759 10
-0.868846 0.452274 0.486913 10
-0.855287 0.577733 0.498122 10
-0.849889 0.711153 0.511362 10
-0.827625 0.819049 0.519662 10
-0.828168 0.954114 0.534027 10
-0.843462 1.104512 0.552101 10
-1.314352 1.816147 0.692016 2
-1.276301 1.882880 0.694038 2
-1.298321 2.020424 0.711830 11
-1.314899 2.148046 0.727877 11
-1.306604 2.243983 0.737218 11
-1.284969 2.322982 0.742992 11
-1.290349 2.430478 0.755522 11
-1.289032 2.528361 0.766165 11
-1.238508 2.572077 0.764410 12
-1.262234 2.693075 0.781004 12
-1.290513 2.815844 0.798440 12
-1.253543 2.870413 0.799821 12
-1.244893 2.952422 0.808001 12
-1.246576 3.042989 0.818531 12
-1.180633 3.068057 0.813002 12
-1.105390 3.085338 0.805450 2
-1.126390 3.191072 0.820330 2
-1.082775 3.237068 0.820194 2
-1.040461 3.284251 0.820412 2
-0.782596 3.147084 0.772161 12
-0.675610 3.143685 0.758482 12
-0.564088 3.138672 0.744105 12
-0.496181 3.171041 0.739610 12
-0.397014 3.179511 0.728472 12
-0.344419 3.225828 0.727638 12
-0.243603 3.235861 0.716599 12
-0.204079 3.293272 0.718811 12
-0.094809 3.299782 0.706432 12
-0.112607 3.399031 0.720797 12
0.022071 3.389907 0.703554 12
0.112753 3.413635 0.695701 12
0.286736 3.382901 0.671199 12
0.433831 3.373573 0.652629 12
1.056846 3.061126 0.539691 6
1.144874 3.101317 0.534471 6
1.111702 3.217360 0.553192 6
1.121423 3.305514 0.563396 6
1.153821 3.379443 0.569192 6
1.164668 3.465562 0.579132 6
1.318422 3.470362 0.562033 6
-1.311847 5.981649 1.200771 5
-1.388757 6.056922 1.220080 5
-1.363644 6.097519 1.223297 5
-1.378358 6.150674 1.232706 5
-1.327237 6.183500 1.232044 5
0.022824 5.841790 1.035904 5
0.070603 5.890604 1.038065 5
0.105133 5.943603 1.042324 5
0.206905 5.979623 1.036873 5
1.483804 5.952138 0.896688 5
1.387678 6.046625 0.921526 5
1.391095 6.119224 0.932474 5
1.541934 6.163961 0.923531 5
-0.716589 -0.730035 0.455588 10
-0.751928 -0.500134 0.481592 10
-0.828848 -0.214486 0.518500 10
-0.849269 -0.022596 0.539124 10
-0.834632 0.112410 0.549793 10
-0.841602 0.274815 0.566011 10
-0.816095 0.387279 0.573264 10
-0.812898 0.527824 0.586219 10
-0.813243 0.669533 0.599829 10
-0.792318 0.779635 0.607693 10
-0.799330 0.923424 0.622527 10
-0.778440 1.028274 0.630038 10
-0.770767 1.147390 0.640720 10
-1.282332 1.894788 0.779764 2
-1.251329 1.968585 0.783137 2
-1.258610 2.086029 0.795767 11
-1.249216 2.181615 0.804174 11
-1.246542 2.282842 0.814054 11
-1.232136 2.369024 0.821011 11
-1.256038 2.495062 0.836839 11
-1.216562 2.550874 0.837719 12
-1.211383 2.641961 0.846502 12
-1.234893 2.760580 0.861701 12
-1.199252 2.817293 0.863323 12
-1.221649 2.930514 0.877942 12
-1.205867 3.004459 0.883888 12
-1.186947 3.074382 0.889090 12
-1.106568 3.086551 0.880873 12
-1.024000 3.098063 0.872385 12
-0.930424 3.101168 0.861752 12
-0.854556 3.121467 0.855123 12
-0.735907 3.106284 0.839686 12
-0.612141 3.089337 0.823523 12
-0.516631 3.098281 0.813552 12
-0.429612 3.115763 0.805569 12
-0.395864 3.176752 0.808614 12
-0.263382 3.160954 0.791835 12
-0.234002 3.226233 0.795988 12
-0.186131 3.277353 0.796506 12
-0.095499 3.297468 0.788733 12
0.019033 3.301959 0.776553 12
0.191445 3.268066 0.753549 12
0.165691 3.373813 0.768855 12
0.365888 3.325926 0.741280 12
0.599236 3.260701 0.708093 12
1.013804 3.084115 0.641950 12
1.215349 3.051920 0.616322 6
1.278648 3.109237 0.616510 12
1.230997 3.234024 0.636900 6
-1.343113 6.035929 1.267271 5
-1.342824 6.084881 1.274223 5
-1.352654 6.136669 1.282611 5
-1.309920 6.172133 1.283583 5
-1.191762 6.186300 1.274202 5
0.023541 5.895534 1.114372 5
0.051538 5.949650 1.119632 5
0.213752 5.969193 1.106941 5
0.252377 6.022505 1.111174 5
1.321347 5.976696 1.002316 5
1.330709 6.047543 1.012225 5
1.269185 6.132349 1.031061 5
1.660404 6.130108 0.993701 5
-0.614964 -0.699717 0.556073 10
-0.765151 -0.299486 0.608830 10
-0.793797 -0.094186 0.629706 10
-0.777548 0.039472 0.638890 10
-0.778392 0.194135 0.652122 10
-0.752856 0.307772 0.658605 10
-0.740390 0.436788 0.668142 10
-0.716043 0.546770 0.674636 10
-0.694001 0.657459 0.681564 10
-0.712786 0.818421 0.698020 10
-0.694868 0.928729 0.705593 10
-0.672567 1.031312 0.712029 10
-0.685644 1.174867 0.726495 10
-0.689061 1.303361 0.738524 10
-1.196895 2.017753 0.864057 11
-1.194317 2.122166 0.873333 11
-1.205539 2.239846 0.885528 11
-1.195283 2.331146 0.892831 11
-1.181858 2.417305 0.899355 11
-1.170056 2.503667 0.906156 11
-1.162570 2.592995 0.913802 12
-1.182856 2.708995 0.927234 12
-1.166628 2.785851 0.932825 12
-1.162138 2.873058 0.940809 12
-1.137884 2.939711 0.944639 12
-1.137007 3.027650 0.953231 12
-1.093699 3.074769 0.953150 12
-1.025278 3.099100 0.948099 12
-0.932869 3.102975 0.938437 12
-0.824887 3.094967 0.925946 12
-0.685512 3.062300 0.907619 12
-0.604015 3.081402 0.900891 12
-0.532522 3.109988 0.896281 12
-0.417678 3.104522 0.883594 12
-0.373518 3.157235 0.884538 12
-0.275070 3.167906 0.875416 12
-0.248170 3.234665 0.879796 12
-0.175130 3.266599 0.875730 12
-0.030928 3.247538 0.858894 12
0.093468 3.245666 0.846032 12
0.188444 3.266807 0.838765 12
0.265640 3.301679 0.834889 12
0.491075 3.237924 0.805189 2
0.584394 3.266266 0.799119 2
1.014303 3.079115 0.735284 12
1.140165 3.094328 0.724659 12
1.421397 3.015824 0.688083 12
-1.300432 6.015822 1.315808 5
-1.313571 6.069479 1.324405 5
-1.322353 6.121173 1.332398 5
-1.282206 6.157595 1.334065 5
-1.186402 6.178323 1.328768 5
0.019033 5.888641 1.184079 5
0.015107 5.951212 1.193416 5
0.131245 5.982058 1.187995 5
0.199491 6.026942 1.188749 5
0.163929 6.097843 1.202171 5
1.334975 5.962971 1.083471 5
1.240342 6.055678 1.105309 5
1.201242 6.135056 1.120561 5
1.267492 6.193296 1.123874 5
-0.583133 -0.736065 0.660702 10
-0.650252 -0.461819 0.689207 10
-0.748387 -0.150668 0.724363 10
-0.712089 -0.045464 0.727838 10
-0.715028 0.113423 0.740208 10
-0.711607 0.259116 0.750910 10
-0.677716 0.359389 0.754598 10
-0.656479 0.474680 0.761040 10
-0.643216 0.597934 0.769135 10
-0.633673 0.723174 0.777916 10
-0.613782 0.832489 0.784331 10
-0.596477 0.942775 0.791214 10
-0.569020 1.038495 0.795858 10
-0.590367 1.190601 0.810699 10
-0.582855 1.305200 0.819315 10
-1.136366 2.059289 0.943434 11
-1.144608 2.174531 0.954018 11
-1.168442 2.304319 0.967616 11
-1.124414 2.357680 0.967408 11
-1.124244 2.457228 0.975976 11
-1.097013 2.526667 0.979114 11
-1.128342 2.654913 0.993692 12
-1.105238 2.725676 0.997534 12
-1.127714 2.840210 1.010116 12
-1.105862 2.909554 1.014110 12
-1.086113 2.980026 1.018496 12
-1.078870 3.061175 1.025210 12
-0.998322 3.074521 1.018299 12
-0.885953 3.060861 1.005741 12
-0.780541 3.055653 0.994746 12
-0.689286 3.064661 0.986579 12
-0.635788 3.106954 0.985389 12
-0.543203 3.117420 0.977381 2
-0.560873 3.218455 0.988969 2
-0.474078 3.234943 0.982262 2
-0.425335 3.282348 0.982335 2
-0.117295 3.132849 0.938172 12
-0.051894 3.172213 0.936016 12
-0.014288 3.232556 0.938678 12
0.098393 3.239045 0.928912 12
0.249971 3.220321 0.913026 12
0.397362 3.207616 0.898235 2
0.451032 3.260937 0.899017 2
0.648165 3.220069 0.876901 2
0.710966 3.270135 0.876683 2
1.189809 3.058018 0.811096 12
1.382041 3.034790 0.791593 12
-1.258193 6.045537 1.372025 5
-1.253486 6.093507 1.378208 5
-1.273039 6.148621 1.387259 5
-1.195481 6.174576 1.385022 5
-1.059763 6.185408 1.376373 5
0.116169 5.915446 1.250704 5
0.102850 5.980988 1.260988 5
0.104341 6.042194 1.269624 5
0.114240 6.101080 1.277375 5
1.209572 6.051481 1.189985 5
1.165796 6.131428 1.205036 5
1.249765 6.185688 1.207067 5
-0.498129 -0.854455 0.754581 10
-0.516833 -0.651707 0.769817 10
-0.662196 -0.267429 0.811691 10
-0.662812 -0.106705 0.822323 10
-0.680996 0.074604 0.836440 10
-0.660050 0.196198 0.842231 10
-0.641075 0.317696 0.848346 10
-0.606953 0.416165 0.851306 10
-0.559364 0.495141 0.851538 10
-0.522448 0.586800 0.853930 10
-0.517164 0.716827 0.862566 10
-0.482447 0.807475 0.865332 10
-0.479670 0.935390 0.874293 10
-0.463980 1.045078 0.880663 10
-0.481476 1.191290 0.893300 10
-1.076818 1.994658 1.014920 11
-1.064614 2.087904 1.020714 11
-1.083014 2.213067 1.032142 11
-1.044627 2.273997 1.032981 11
-1.071908 2.403915 1.045842 11
-1.058632 2.488597 1.051209 11
-1.055531 2.582226 1.058371 12
-1.055034 2.676702 1.065938 12
-1.043149 2.758235 1.071437 12
-1.029403 2.836685 1.076587 12
-1.003404 2.902408 1.079601 12
-1.034911 3.020638 1.092500 12
-1.004428 3.079939 1.094713 12
-0.874407 3.050217 1.080196 12
-0.802791 3.074455 1.075771 12
-0.693236 3.067178 1.065231 12
-0.694805 3.155393 1.073200 2
-0.673073 3.222979 1.077332 2
-0.638101 3.279227 1.079352 2
-0.498383 3.252370 1.064705 2
-0.388493 3.251724 1.055144 2
-0.246584 3.228824 1.040840 2
-0.021614 3.147030 1.013995 12
-0.318400 3.451947 1.068113 6
-0.321518 3.536646 1.076547 6
0.286068 3.191619 0.992611 2
0.296813 3.273074 0.999753 2
0.401017 3.290723 0.993031 2
0.590879 3.253634 0.973983 2
0.631812 3.316799 0.977125 2
1.237015 3.023191 0.898982 12
1.286239 3.088758 0.901906 12
-1.216148 6.025807 1.422289 5
-1.223246 6.077844 1.429661 5
-1.235941 6.131124 1.437622 5
-1.180352 6.163739 1.438449 5
-1.080118 6.184532 1.434861 5
0.032229 5.930055 1.328957 5
0.052486 5.985800 1.335408 5
0.105158 6.033417 1.338749 5
0.128326 6.088959 1.345135 5
1.079405 5.998588 1.272919 5
1.115950 6.060797 1.279665 5
1.074811 6.139218 1.293654 5
1.158755 6.192330 1.296318 5
-0.501832 -0.662202 0.878366 10
-0.568779 -0.394570 0.900632 10
-0.616667 -0.163260 0.918901 10
-0.619102 -0.003698 0.928294 10
-0.607376 0.131860 0.934906 10
-0.593688 0.261428 0.941079 10
-0.549302 0.346901 0.941537 10
-0.515829 0.445378 0.944023 10
-0.471526 0.528153 0.944558 10
0.863557 -1.016168 0.713685 10
-0.417892 0.733504 0.951976 10
-0.381281 0.821490 0.953950 10
-0.453687 1.037666 0.975003 10
-0.481868 1.196093 0.988098 10
-0.417253 1.244464 0.985098 10
-1.024020 2.045529 1.096553 11
-1.015264 2.141337 1.102248 11
-1.005264 2.233981 1.107704 11
-1.002222 2.332286 1.114291 11
-0.989292 2.418418 1.119208 11
-0.998594 2.525739 1.127741 11
-0.964863 2.587832 1.129243 12
-0.969143 2.686634 1.136890 12
-0.958800 2.769463 1.142160 12
-0.974497 2.875531 1.151524 12
-0.956076 2.947842 1.155479 12
-0.920835 3.003973 1.156847 12
-0.885916 3.060091 1.158328 12
-0.835625 3.102504 1.157536 12
-0.706667 3.077815 1.144991 12
-0.712847 3.169452 1.152956 2
-0.694461 3.239275 1.157242 2
-0.697381 3.325555 1.164680 2
-0.420004 3.188515 1.131329 6
-0.442735 3.291787 1.141934 6
-0.428293 3.364803 1.147153 6
-0.437939 3.455001 1.155799 6
-0.443688 3.540878 1.163857 6
-0.338907 3.546236 1.156542 6
0.240582 3.220172 1.084212 2
0.320123 3.253443 1.081480 2
0.367754 3.309288 1.083248 2
0.498556 3.310409 1.074020 6
0.493766 3.401648 1.083062 6
0.595966 3.423941 1.078071 6
0.622992 3.494476 1.083089 6
-1.170585 6.055017 1.479597 5
-1.130990 6.092772 1.482383 5
-1.135762 6.144160 1.489413 5
-1.053859 6.170420 1.488543 5
0.168579 5.884304 1.385376 5
0.074181 5.971676 1.402196 5
0.158494 6.011268 1.403218 5
0.190741 6.064984 1.408975 5
0.215140 6.120881 1.415522 5
0.914849 6.025244 1.366169 5
0.840023 6.109554 1.381979 5
1.029439 6.137953 1.376457 5
1.135049 6.186141 1.378117 5
-0.446557 -0.733422 0.980043 10
-0.409217 -0.619086 0.981484 10
-0.549870 -0.249571 1.013340 10
-0.575699 -0.055591 1.025277 10
-0.566935 0.084668 1.031258 10
-0.539783 0.196397 1.034132 10
-0.505753 0.296606 1.035878 10
-0.475085 0.399358 1.038206 10
-0.454011 0.512485 1.042116 10
-0.424497 0.612668 1.044667 10
-0.406101 0.724766 1.049021 10
-0.352667 0.792209 1.047818 10
-0.361276 0.932781 1.056465 10
-0.342221 1.037842 1.060730 10
-0.242967 1.049379 1.052596 10
-0.225634 1.154322 1.057245 10
-0.917085 2.036239 1.169736 11
-0.948033 2.174735 1.180787 11
-0.909547 2.236399 1.181343 11
-0.923301 2.351759 1.189718 11
-0.898326 2.425180 1.192338 11
-0.910706 2.534962 1.200445 11
-0.863463 2.584030 1.199877 12
-0.882485 2.696768 1.208908 12
-0.884455 2.791018 1.215449 12
-0.854824 2.854318 1.217516 12
-0.845770 2.935741 1.222515 12
-0.879103 3.053660 1.233391 12
-0.791740 3.063583 1.227610 12
-0.697159 3.068815 1.221050 12
-0.716026 3.171038 1.230002 2
-0.677893 3.224320 1.231287 2
-0.650758 3.286373 1.234112 2
-0.553381 3.292345 1.227787 2
-0.462134 3.304832 1.222489 6
-0.466573 3.391721 1.229726 6
-0.442053 3.455647 1.233256 6
-0.422947 3.523087 1.237529 6
-0.347110 3.549263 1.234753 6
0.303012 3.172945 1.161037 2
0.392250 3.200179 1.157686 2
0.355705 3.313590 1.169829 2
0.489166 3.312513 1.161453 6
0.492720 3.398035 1.168865 6
0.508151 3.475036 1.174895 6
0.612840 3.496021 1.170569 6
-1.086410 6.022046 1.528046 5
-1.101611 6.077378 1.535737 5
-1.099749 6.127017 1.542035 5
-1.036984 6.158935 1.543509 5
-0.978635 6.193071 1.545531 5
0.069773 5.964453 1.471411 5
0.089279 6.020375 1.478102 5
0.198379 6.054323 1.478226 5
0.253111 6.102989 1.482663 5
0.394119 6.132941 1.481117 5
0.595429 6.152366 1.475776 5
0.765368 6.181963 1.473206 5
0.980409 6.205765 1.468124 5
-0.354336 -0.688555 1.084218 10
-0.469494 -0.355291 1.107951 10
-0.517213 -0.128729 1.121289 10
-0.500110 0.000953 1.124853 10
-0.504649 0.157044 1.131628 10
-0.470304 0.257214 1.132674 10
-0.425822 0.342282 1.132304 10
-0.390926 0.438406 1.133397 10
-0.350626 0.526090 1.133778 10
-0.313126 0.615928 1.134631 10
-0.235187 0.655497 1.129853 10
-0.184861 0.728401 1.129096 10
-0.228024 0.909408 1.141413 10
-0.157779 0.956214 1.138013 10
-0.096535 1.013426 1.135988 10
-0.719210 1.821747 1.226754 2
-0.815935 2.034871 1.245468 11
-0.810880 2.134250 1.250400 11
-0.797106 2.222706 1.254188 11
-0.795888 2.322469 1.259650 11
-0.788771 2.414454 1.264348 11
-0.792743 2.515703 1.270491 11
-0.764494 2.584044 1.272508 12
-0.765293 2.679065 1.278271 12
-0.753659 2.760879 1.282473 12
-0.759897 2.857699 1.288931 12
-0.754085 2.942013 1.293893 12
-0.746628 3.023581 1.298672 12
-0.727012 3.093527 1.301999 12
-0.684140 3.143170 1.302582 2
-0.678870 3.223816 1.307745 2
-0.572813 3.221856 1.301038 2
-0.524696 3.267843 1.301347 2
-0.531828 3.356976 1.308170 6
-0.438768 3.368326 1.303500 6
-0.463141 3.468978 1.312385 6
-0.422376 3.520048 1.313905 6
-0.327668 3.532464 1.309525 6
0.357038 3.131567 1.240343 2
0.412181 3.182809 1.241396 2
0.452269 3.244582 1.244217 6
0.487741 3.309366 1.247642 6
0.491025 3.394850 1.254572 6
0.552995 3.442109 1.255393 6
0.601544 3.498297 1.257767 6
0.691382 3.529629 1.256051 6
-1.015291 6.044337 1.585678 5
-1.018196 6.096198 1.592262 5
-1.069467 6.161629 1.602180 5
-0.954471 6.179523 1.600863 5
0.005045 5.973398 1.544422 5
0.028285 6.027567 1.550816 5
0.029365 6.087379 1.558719 5
0.153011 6.117795 1.559116 5
0.303838 6.144198 1.558259 5
0.318298 6.202996 1.565908 5
0.834348 6.157552 1.544761 5
-0.310482 -0.574252 1.195007 10
-0.431737 -0.239870 1.215675 10
-0.458504 -0.047605 1.223914 10
-0.451127 0.092780 1.227735 10
-0.420746 0.199098 1.228650 10
-0.395011 0.309419 1.230232 10
-0.361752 0.407900 1.230933 10
-0.315548 0.488394 1.230096 10
-0.342740 0.658300 1.238487 10
-0.223404 0.646716 1.228770 10
-0.175410 0.722212 1.228030 10
-0.100892 0.766102 1.224176 10
-0.043554 0.830042 1.222554 10
0.082060 0.817303 1.212882 10
0.142705 0.878524 1.211188 10
-0.690941 1.902782 1.315122 2
-0.688074 2.006674 1.319640 11
-0.714471 2.138899 1.327584 11
-0.723112 2.249989 1.333457 11
-0.680576 2.307715 1.333489 11
-0.664257 2.390834 1.336594 11
-0.646483 2.471330 1.339591 11
-0.654451 2.574972 1.345512 12
-0.614430 2.632240 1.346142 12
-0.620330 2.730932 1.351901 12
-0.624394 2.826190 1.357474 12
-0.632677 2.923454 1.363518 12
-0.660726 3.035891 1.371677 2
-0.658124 3.120224 1.376570 2
-0.619691 3.173733 1.377744 2
-0.588298 3.232823 1.379749 2
-0.478966 3.229812 1.373841 2
-0.439323 3.283081 1.375263 6
-0.385929 3.325830 1.375408 6
-0.360775 3.390070 1.378502 6
-0.399832 3.500915 1.388011 6
-0.253392 3.476273 1.379359 6
0.478877 3.042407 1.314442 12
0.494601 3.122322 1.319547 6
0.577292 3.156230 1.318387 6
0.600077 3.230915 1.323037 6
0.554114 3.349665 1.334127 6
0.562956 3.431278 1.340148 6
0.620659 3.481687 1.341810 6
-0.942974 6.015414 1.638402 5
-0.965388 6.073779 1.645996 5
-0.934559 6.115969 1.650552 5
-0.922090 6.163620 1.656252 5
-0.819370 6.186954 1.657132 5
-0.576017 6.175661 1.650875 5
-0.050470 6.098719 1.630720 5
0.177044 6.103229 1.627005 5
0.150291 6.170219 1.636417 5
0.115160 6.238235 1.646219 5
0.436784 6.230608 1.639449 5
-0.068617 -0.912077 1.278677 10
-0.360872 -0.330097 1.314639 10
-0.404880 -0.112697 1.322895 10
-0.414853 0.052072 1.327428 10
-0.396950 0.175391 1.328970 10
-0.358396 0.269042 1.328358 10
-0.313611 0.353173 1.327187 10
-0.273463 0.441965 1.326635 10
-0.244333 0.543001 1.327372 10
-0.146177 0.558923 1.320900 10
-0.106697 0.645835 1.320797 10
-0.088393 0.756176 1.323020 10
-0.038539 0.828503 1.322054 10
0.090129 0.812094 1.313095 10
0.122981 0.903581 1.314184 10
-0.392536 1.584132 1.371073 6
-0.679991 2.000373 1.404248 2
-0.622561 2.045536 1.402531 2
-0.498912 2.023565 1.394375 2
-0.402243 2.031261 1.389117 6
-0.356420 2.090413 1.389027 6
-0.375676 2.211861 1.395363 6
-0.463369 2.395263 1.408291 6
-0.497886 2.524589 1.416057 11
-0.421575 2.550452 1.413343 6
-0.399393 2.625497 1.415868 12
-0.455888 2.768418 1.425775 12
-0.473112 2.874279 1.432021 12
-0.554622 3.032141 1.444136 2
-0.520975 3.091027 1.445766 2
-0.350782 3.039211 1.435299 6
-0.296692 3.083463 1.435444 12
-0.326380 3.193226 1.443066 6
-0.303887 3.261023 1.446156 6
-0.202566 3.269317 1.442571 6
0.126234 3.112632 1.419911 12
0.319350 3.061798 1.409289 12
0.368802 3.116469 1.410999 12
0.506400 3.110494 1.405616 12
0.709526 3.062855 1.395225 12
0.865351 3.050983 1.389064 12
0.644887 3.374685 1.419440 6
-0.907520 6.049700 1.700682 5
-0.839319 6.081482 1.703792 5
-0.820559 6.128228 1.709304 5
-0.742516 6.159030 1.712376 5
-0.739340 6.210621 1.718812 5
-0.645513 6.239303 1.721657 5
-0.234009 6.193211 1.712395 5
-0.074665 6.213154 1.713775 5
0.339629 6.179721 1.706343 5
0.505098 6.206633 1.708809 5
-0.184134 -0.569493 1.406288 10
-0.334205 -0.201223 1.422044 10
-0.338639 -0.042709 1.424545 10
-0.352302 0.124003 1.427991 10
-0.322401 0.229551 1.427601 10
-0.284242 0.322548 1.426599 10
-0.251142 0.420398 1.426185 10
-0.211767 0.508873 1.425342 10
-0.171674 0.595199 1.424569 10
-0.094709 0.636703 1.420689 10
-0.028261 0.690950 1.417899 10
0.050218 0.731569 1.414226 10
0.090447 0.815551 1.414029 10
0.149808 0.877559 1.412325 10
0.247896 0.897742 1.407476 10
0.343525 0.921960 1.403036 10
-0.268901 1.681056 1.458277 6
0.516471 0.992947 1.396286 10
0.608680 1.024131 1.392724 10
0.767881 0.990887 1.383862 10
-0.152597 1.998303 1.463245 6
1.015747 1.001591 1.372714 9
-0.301306 2.342923 1.482964 6
1.170057 1.106032 1.370003 9
-0.408917 2.633577 1.499310 12
-0.440637 2.754448 1.505744 12
-0.359632 2.776139 1.503482 12
-0.337493 2.848488 1.505909 12
-0.300862 2.908157 1.507332 12
-0.314134 3.007955 1.512617 12
-0.202345 3.006759 1.508654 12
-0.091817 3.008655 1.505020 12
-0.122665 3.120471 1.511899 12
0.048712 3.078795 1.504252 12
0.199024 3.056366 1.498441 12
0.234339 3.119759 1.501019 12
0.372478 3.110472 1.496581 12
0.400109 3.180237 1.500019 12
-0.712381 5.983965 1.751871 5
-0.825993 6.070668 1.761979 5
-0.769899 6.106903 1.766329 5
-0.749050 6.153564 1.771983 5
-0.710474 6.195722 1.777213 5
-0.627566 6.227215 1.781315 5
-0.214874 6.180324 1.776543 5
-0.027787 6.193685 1.778851 5
0.358740 6.166164 1.776683 5
0.393879 6.220578 1.783982 5
0.562664 6.248340 1.788433 5
-0.135538 -0.627699 1.513728 10
-0.234143 -0.330138 1.521457 10
-0.275809 -0.119150 1.525210 10
-0.290185 0.049523 1.527139 10
-0.294743 0.200994 1.528505 10
-0.263323 0.302771 1.527433 10
-0.219401 0.387065 1.525621 10
-0.168316 0.461423 1.523457 10
-0.120713 0.539243 1.521701 10
-0.127204 0.680189 1.523927 10
-0.086994 0.763733 1.522989 10
0.009458 0.782200 1.518263 10
0.115923 0.790898 1.513030 10
0.188901 0.838116 1.510318 10
0.227019 0.923231 1.510181 10
0.340905 0.927389 1.505007 10
0.405470 0.984679 1.503401 10
0.538866 0.972118 1.497317 10
0.687552 0.947043 1.490447 10
0.741197 1.018232 1.490159 9
0.856998 1.029431 1.485931 10
0.881204 1.128917 1.487936 9
1.028994 1.112815 1.482044 9
0.981659 1.276820 1.488995 9
0.916927 1.452648 1.497108 9
-0.352612 2.676897 1.581462 12
-0.360535 2.776006 1.585339 12
-0.052965 2.608071 1.569716 12
-0.008871 2.665883 1.570739 12
-0.016891 2.765798 1.575068 12
-0.164148 2.974563 1.587835 12
-0.145579 3.048373 1.590632 12
0.069527 2.971402 1.581987 12
0.169844 2.985487 1.580383 12
0.314446 2.968739 1.576462 12
0.308163 3.063505 1.581370 12
0.409161 3.170354 1.585138 12
-0.832352 6.013401 1.814977 5
-0.732685 6.036344 1.818681 5
-0.775179 6.101289 1.825701 5
-0.734894 6.142462 1.831028 5
-0.670965 6.177939 1.836072 5
-0.448141 6.174179 1.838536 5
-0.198839 6.168135 1.841180 5
0.071936 6.161741 1.844187 5
0.168369 6.199395 1.850376 5
-0.070854 -0.545990 1.621011 10
-0.228432 -0.174511 1.628799 10
-0.248192 0.001900 1.629419 10
-0.241126 0.138720 1.628792 10
-0.213552 0.246212 1.627248 10
-0.164022 0.324202 1.624705 10
-0.137100 0.429074 1.623554 10
-0.089628 0.507314 1.621475 10
-0.045169 0.588257 1.619733 10
-0.059573 0.736515 1.621302 10
0.051351 0.738727 1.616358 10
0.125424 0.784107 1.613560 10
0.196266 0.833470 1.611113 10
0.232758 0.920081 1.610652 10
0.308228 0.964524 1.608317 10
0.488154 0.901361 1.600732 10
0.580374 0.931881 1.597932 10
0.639408 0.996637 1.597035 9
0.725177 1.035132 1.594954 9
0.778665 1.105525 1.594706 9
0.666334 1.331919 1.602970 9
0.718229 1.400372 1.603085 9
0.794158 1.446803 1.602184 9
0.837839 1.522580 1.603055 9
0.988000 1.504874 1.598924 9
1.113019 1.511811 1.596268 9
1.309793 1.460611 1.590448 9
1.513018 1.408560 1.584651 9
0.207043 2.582817 1.649349 12
-0.171455 2.978479 1.670130 12
-0.786058 5.992442 1.873332 5
-0.751185 6.034731 1.878761 5
-0.685556 6.068667 1.884040 5
-0.564342 6.088364 1.889062 5
-0.645549 6.163773 1.895954 5
-0.410353 6.156702 1.900738 5
-0.301805 6.185027 1.906806 5
-0.151476 6.205413 1.913053 5
-0.023759 -0.601182 1.730511 10
-0.121647 -0.310030 1.731849 10
-0.192208 -0.064161 1.732535 10
-0.169078 0.052614 1.730169 10
-0.144867 0.165647 1.727981 10
-0.133244 0.292217 1.726455 10
-0.104053 0.394532 1.724503 10
-0.052644 0.468334 1.721946 10
0.004817 0.534306 1.719359 10
0.022637 0.645845 1.718402 10
0.056357 0.737249 1.717056 10
0.186385 0.719904 1.712392 10
0.243462 0.785214 1.710569 10
0.276256 0.876358 1.709812 10
0.375512 0.896212 1.706833 10
0.458734 0.934119 1.704627 10
0.522810 0.992296 1.703301 9
0.605195 1.032319 1.701510 10
0.664728 1.095491 1.700726 9
0.622223 1.256595 1.703729 9
0.645245 1.352290 1.704574 9
0.629923 1.482198 1.706917 9
0.692498 1.538896 1.706717 9
0.837456 1.522434 1.703891 9
0.968100 1.521449 1.701791 9
1.100074 1.521767 1.699886 9
1.337889 1.435486 1.694728 9
1.426557 1.478088 1.694774 9
-0.545014 6.075533 1.950601 5
0.414909 -1.369559 1.839479 9
0.020130 -0.651827 1.841615 10
0.039674 -0.518855 1.837780 10
-0.116351 -0.156388 1.837183 10
-0.144815 0.028733 1.834812 10
-0.121610 0.143098 1.831816 10
-0.086117 0.239863 1.828835 10
-0.047522 0.331263 1.826021 10
-0.021435 0.436361 1.823661 10
0.027525 0.512625 1.821084 10
0.057697 0.609897 1.819075 10
0.128081 0.659960 1.816490 10
0.146625 0.768091 1.815122 10
0.229645 0.803780 1.812679 10
0.295593 0.858626 1.810767 10
0.394188 0.879194 1.808394 10
0.469530 0.925249 1.806681 10
0.376445 1.142846 1.808546 9
0.521506 1.117292 1.805822 9
0.362076 1.392737 1.809388 9
0.437012 1.435243 1.808444 9
0.500901 1.488791 1.807910 9
0.609947 1.500832 1.806680 9
0.730550 1.504201 1.805429 9
0.834700 1.524402 1.804711 9
0.911309 1.570270 1.804731 9
1.096537 1.523659 1.802908 9
1.320071 1.448987 1.800637 9
1.428997 1.474255 1.800754 9
0.183105 -1.204891 1.965757 9
0.025624 -0.812467 1.959334 9
0.086144 -0.732765 1.954241 9
0.050325 -0.524047 1.949186 9
-0.013199 -0.284507 1.944489 10
-0.091960 -0.032183 1.940200 10
-0.080513 0.097896 1.936339 9
-0.050576 0.202070 1.932753 10
-0.043694 0.332652 1.929445 10
0.024646 0.386568 1.926313 10
0.022510 0.523669 1.923528 9
0.119507 0.543044 1.920766 9
0.164279 0.623111 1.918331 10
0.102699 0.820868 1.916452 9
0.214395 0.823895 1.914253 9
0.187094 0.978151 1.912746 9
0.161274 1.127292 1.911476 9
0.150178 1.257833 1.910376 9
0.319170 1.202869 1.908723 9
0.319536 1.320076 1.907980 9
0.368545 1.387563 1.907227 9
0.453060 1.420656 1.906509 9
0.544685 1.448028 1.905953 9
0.613036 1.498138 1.905700 9
0.756868 1.480154 1.905305 9
0.842888 1.516622 1.905376 9
0.987960 1.502462 1.905397 9
1.078161 1.538281 1.905873 9
1.266182 1.492858 1.906164 9
1.399790 1.496559 1.906920 9
-0.082240 -0.982129 2.085079 9
-0.130239 -0.745761 2.076487 9
-0.016097 -0.743501 2.072166 9
-0.085228 -0.487502 2.063983 9
-0.016040 -0.425491 2.059224 9
-0.064066 -0.208884 2.052379 9
-0.204064 0.120788 2.044251 9
0.019362 -0.021937 2.043270 9
0.009798 0.133377 2.038242 9
0.016615 0.264923 2.033826 9
0.019222 0.398705 2.029651 9
0.156744 0.370612 2.027814 9
0.061877 0.614406 2.022737 9
0.035440 0.773617 2.019011 9
0.012156 0.925514 2.015632 9
0.026114 1.033162 2.013024 9
0.054262 1.123680 2.010839 9
0.138450 1.153908 2.009563 9
0.191780 1.217008 2.008109 9
0.247669 1.277295 2.006891 9
0.356481 1.284771 2.006473 9
0.399054 1.358884 2.005506 9
0.471964 1.403333 2.005078 9
0.594433 1.401652 2.005377 9
0.628420 1.484075 2.004933 9
0.755236 1.481472 2.005670 9
0.862040 1.499075 2.006398 9
0.967602 1.519444 2.007318 9
1.002579 1.601988 2.007717 9
1.239723 1.513656 2.010430 9
-0.217272 -0.773830 2.193525 9
-0.208634 -0.622956 2.185184 9
-0.190509 -0.489106 2.177679 9
-0.210592 -0.305922 2.169015 9
-0.172247 -0.206285 2.163131 9
-0.141979 -0.097724 2.157254 9
-0.130167 0.032676 2.151020 9
-0.169484 0.225151 2.143306 9
-0.163508 0.356004 2.137621 9
-0.106994 0.422196 2.133993 9
-0.077353 0.520198 2.129716 9
-0.091804 0.668515 2.124300 9
-0.017138 0.710390 2.122028 9
-0.088616 0.918514 2.115472 9
-0.072265 1.023230 2.111951 9
-0.011537 1.077622 2.110002 9
0.070673 1.109001 2.108881 9
0.114061 1.182152 2.106849 9
0.192240 1.218732 2.106009 9
0.248280 1.278519 2.104759 9
0.367585 1.275219 2.105421 9
0.444154 1.315953 2.105117 9
0.487796 1.388961 2.104151 9
0.583805 1.412158 2.104763 9
0.727920 1.392236 2.106802 9
0.756185 1.480447 2.106073 9
0.859771 1.500608 2.107472 9
0.983083 1.505095 2.109569 9
1.099209 1.517942 2.111689 9
-0.363844 -0.391040 2.285913 9
-0.354080 -0.250482 2.277103 9
-0.353643 -0.100530 2.268181 9
-0.200770 -0.159142 2.268540 9
-0.319969 0.145128 2.253534 9
-0.294380 0.252677 2.247263 9
-0.306079 0.405479 2.239326 9
-0.293991 0.524925 2.233061 9
-0.280929 0.640697 2.227196 9
-0.255397 0.739182 2.222295 9
-0.207771 0.809989 2.218783 9
-0.149147 0.867450 2.216052 9
-0.115489 0.953077 2.212362 9
-0.052080 1.004450 2.210326 9
0.000884 1.067352 2.208025 9
0.101399 1.078991 2.208095 9
0.167807 1.128142 2.206814 9
0.188515 1.224781 2.203748 9
0.349177 1.178030 2.206977 9
0.354617 1.289641 2.203711 9
0.432272 1.328733 2.203756 9
0.542373 1.337419 2.205350 9
0.603863 1.393758 2.205121 9
0.714752 1.404577 2.207125 9
0.744789 1.490628 2.206049 9
-0.308790 -0.458840 2.397793 9
-0.379668 -0.204946 2.381260 9
-0.403894 -0.022600 2.369153 9
-0.419593 0.143339 2.358276 9
-0.395422 0.252454 2.350902 9
-0.353354 0.336287 2.345214 9
-0.335245 0.449295 2.338118 9
-0.326649 0.571871 2.330725 9
-0.239121 0.595484 2.329155 9
-0.222460 0.705076 2.322964 9
-0.201981 0.808099 2.317371 9
-0.127814 0.847334 2.315608 9
-0.090043 0.928333 2.311710 9
0.020166 0.927803 2.312664 9
0.066023 0.999548 2.309747 9
0.171091 1.007254 2.310714 9
0.205375 1.091198 2.307557 9
0.258296 1.154912 2.305782 9
0.365813 1.163037 2.307459 9
0.368296 1.277532 2.303188 9
0.410456 1.351218 2.301503 9
0.519771 1.359934 2.303887 9
0.632273 1.367495 2.306620 9
0.703553 1.415096 2.307225 9
0.732591 1.501536 2.305708 9
-0.297886 -0.309116 2.495004 9
-0.337276 -0.104567 2.479510 9
-0.347439 0.055027 2.467485 9
-0.345087 0.194107 2.457177 9
-0.333366 0.317831 2.448210 9
-0.305249 0.418117 2.441146 9
-0.274578 0.513444 2.434672 9
-0.219117 0.576951 2.430688 9
-0.161922 0.637993 2.427118 9
-0.147806 0.749369 2.420208 9
-0.112632 0.834345 2.415399 9
-0.031916 0.866627 2.414580 9
0.036446 0.913448 2.412966 9
0.074294 0.993864 2.409175 9
0.158154 1.024093 2.409237 9
0.244460 1.052692 2.409675 9
0.284221 1.130371 2.406782 9
0.339679 1.191409 2.405335 9
0.367739 1.279597 2.402109 9
0.425673 1.337513 2.401349 9
0.597064 1.401152 2.404513 9
-0.183504 -0.458367 2.615652 9
-0.270651 -0.186327 2.592332 9
-0.307098 0.009539 2.575735 9
-0.302073 0.145522 2.564466 9
-0.266917 0.239527 2.557005 9
-0.276448 0.388523 2.545122 9
-0.235563 0.471345 2.539094 9
-0.191812 0.549564 2.533700 9
-0.185475 0.671607 2.524800 9
-0.101614 0.700107 2.524131 9
-0.089785 0.812549 2.516504 9
-0.024709 0.862617 2.514471 9
0.047723 0.904672 2.513382 9
0.122880 0.944228 2.512767 9
0.146086 1.039992 2.507489 9
0.237368 1.062760 2.508849 9
0.260887 1.156691 2.504181 9
0.345759 1.187122 2.505385 9
-0.187218 -0.290787 2.709901 9
-0.213063 -0.107652 2.692565 9
-0.222718 0.049360 2.678051 9
-0.242457 0.215480 2.662874 9
-0.209479 0.310759 2.654940 9
-0.187189 0.417727 2.646087 9
-0.162664 0.519991 2.637935 9
-0.122447 0.601701 2.632066 9
-0.110520 0.715570 2.623207 9
-0.041941 0.762000 2.621352 9
0.037146 0.796826 2.620933 9
0.081302 0.871156 2.616771 9
0.142083 0.926675 2.614767 9
0.185160 1.001150 2.611070 9
0.283653 1.016739 2.613699 9
0.214970 -0.029364 -2.701249 8
0.189047 -0.374620 -2.667864 8
0.151070 -0.499953 -2.655954 8
0.115408 -0.626317 -2.644084 8
0.074583 -0.679765 -2.639432 8
0.031422 -0.704011 -2.637761 8
0.027499 -1.052576 -2.604608 8
-0.012527 -1.072499 -2.603582 8
-0.057978 -1.051264 -2.606719 8
-0.100001 -1.056634 -2.607397 8
-0.129552 -1.141577 -2.600378 8
-0.164445 -1.185590 -2.597493 8
-0.206246 -1.186293 -2.599015 8
-0.290689 -1.185257 -2.602728 8
0.232677 -0.296520 -2.615161 8
0.191209 -0.400935 -2.606259 8
0.153983 -0.534141 -2.595035 8
0.114077 -0.612647 -2.588646 8
0.079313 -0.728345 -2.579195 8
0.042072 -0.803214 -2.573379 8
0.030803 -1.083780 -2.549942 8
-0.013070 -1.072668 -2.551761 8
-0.046727 -1.137514 -2.547138 8
-0.090745 -1.124825 -2.549360 8
-0.126308 -1.168172 -2.546840 8
-0.166542 -1.179313 -2.547250 8
-0.206158 -1.193499 -2.547522 8
-0.258235 -1.139702 -2.553918 8
0.277663 -0.212785 -2.561473 8
0.239174 -0.391211 -2.548027 8
0.201132 -0.532208 -2.537526 8
0.163614 -0.649112 -2.528964 8
0.122066 -0.699871 -2.525474 8
0.079508 -0.732241 -2.523494 8
0.073942 -1.093765 -2.496999 8
0.028909 -1.071645 -2.499326 8
-0.014702 -1.064416 -2.500673 8
-0.049642 -1.121407 -2.497314 8
-0.088374 -1.146319 -2.496488 8
-0.126589 -1.172280 -2.495703 8
-0.162490 -1.209925 -2.494146 8
-0.202732 -1.219626 -2.494836 8
-0.247406 -1.205170 -2.497510 8
-0.293992 -1.183036 -2.500921 8
-0.300594 -1.359204 -2.489085 8
-0.377428 -1.192281 -2.504026 8
0.317624 0.018017 -2.515583 8
0.283680 -0.311903 -2.494311 8
0.245879 -0.489331 -2.482889 8
0.206087 -0.596422 -2.476076 8
0.164304 -0.656596 -2.472377 8
0.128681 -0.772206 -2.465292 8
0.088129 -0.819048 -2.462699 8
0.070497 -1.065497 -2.447522 8
0.030752 -1.090626 -2.446536 8
-0.009708 -1.107338 -2.446210 8
-0.048703 -1.133088 -2.445427 8
-0.075527 -1.238455 -2.439634 8
-0.112918 -1.264937 -2.439017 8
-0.156233 -1.253653 -2.440963 8
-0.204983 -1.213475 -2.444927 8
-0.243595 -1.232656 -2.445154 8
-0.257660 -1.376380 -2.437289 8
-0.296321 -1.387389 -2.438240 8
-0.343547 -1.358175 -2.441992 8
-0.415580 -1.221440 -2.453121 8
-0.531397 -0.909302 -2.476377 8
-0.597854 -0.825598 -2.484516 8
0.331815 -0.274188 -2.436949 8
0.291365 -0.441473 -2.427850 8
0.248766 -0.528596 -2.423097 8
0.209189 -0.635628 -2.417445 8
0.166728 -0.684951 -2.414944 8
0.130144 -0.788755 -2.409722 8
0.117855 -1.113355 -2.393049 8
0.074869 -1.107701 -2.393783 8
0.035286 -1.131938 -2.393068 8
-0.007363 -1.129738 -2.393864 8
-0.035579 -1.232425 -2.389231 8
-0.076086 -1.239995 -2.389735 8
-0.109136 -1.294650 -2.387845 8
-0.151626 -1.287382 -2.389369 8
-0.197240 -1.263914 -2.391894 8
-0.208687 -1.427134 -2.384429 8
-0.257391 -1.384746 -2.388199 8
-0.294262 -1.404680 -2.388696 8
-0.352216 -1.325381 -2.394793 8
-0.385530 -1.363390 -2.394536 8
-0.447867 -1.275007 -2.401480 8
-0.477817 -1.327229 -2.400659 8
-0.544717 -1.230444 -2.408445 8
-0.585234 -1.241783 -2.410218 8
-0.619386 -1.276365 -2.410755 8
-0.620837 -1.424812 -2.404668 8
0.378390 -0.168430 -2.381835 8
0.338672 -0.408835 -2.371389 8
0.296272 -0.521294 -2.366390 8
0.254784 -0.616442 -2.362247 8
0.214458 -0.704237 -2.358543 8
0.171082 -0.736523 -2.357252 8
0.131055 -0.799329 -2.354830 8
0.118223 -1.118789 -2.341944 8
0.082511 -1.179315 -2.339831 8
0.041200 -1.184640 -2.340109 8
0.001295 -1.200758 -2.340056 8
-0.038575 -1.215667 -2.340165 8
-0.072571 -1.268952 -2.338777 8
-0.106396 -1.317677 -2.337677 8
-0.153089 -1.284746 -2.340131 8
-0.199523 -1.257518 -2.342477 8
-0.212657 -1.412431 -2.337134 8
-0.262707 -1.364583 -2.340585 8
-0.314134 -1.315205 -2.344253 8
-0.348617 -1.349708 -2.344386 8
-0.378683 -1.401621 -2.343840 8
-0.429807 -1.360173 -2.347556 8
-0.475484 -1.345051 -2.350239 8
-0.554616 -1.200134 -2.359005 8
-0.542411 -1.412902 -2.351477 8
-0.565916 -1.480638 -2.350644 8
-0.612926 -1.461503 -2.353980 8
0.384364 -0.309118 -2.316480 8
0.343376 -0.497363 -2.310267 8
0.298900 -0.560117 -2.307991 8
0.256753 -0.641704 -2.305283 8
0.215205 -0.711641 -2.303056 8
0.171935 -0.745984 -2.302023 8
0.135548 -0.848656 -2.299059 8
0.120608 -1.144035 -2.290410 8
0.080400 -1.163039 -2.290174 8
0.038946 -1.169459 -2.290428 8
0.003082 -1.218720 -2.289493 8
-0.035497 -1.242550 -2.289434 8
-0.071784 -1.279491 -2.289077 8
-0.112760 -1.283083 -2.289849 8
-0.148851 -1.316125 -2.289816 8
-0.189830 -1.318739 -2.290835 8
-0.228275 -1.335380 -2.291521 8
-0.276943 -1.299033 -2.294006 8
-0.320037 -1.293873 -2.295622 8
-0.333860 -1.425710 -2.292884 8
-0.377381 -1.415082 -2.294869 8
-0.417380 -1.421042 -2.296423 8
-0.458992 -1.420661 -2.298304 8
-0.503867 -1.408213 -2.300716 8
-0.519785 -1.506945 -2.299383 8
-0.553001 -1.536221 -2.300525 8
-0.580860 -1.583016 -2.301123 8
-0.634974 -1.538124 -2.305134 8
-0.821778 -1.060884 -2.325369 8
-0.867990 -1.062215 -2.328263 8
-0.976260 -1.158471 -2.334085 8
0.368088 0.157422 -2.265927 8
0.342751 -0.470173 -2.253355 8
0.304239 -0.648248 -2.249556 8
0.260992 -0.702250 -2.248251 8
0.222180 -0.803503 -2.246176 8
0.180407 -0.847149 -2.245309 8
0.139374 -0.890743 -2.244559 8
0.122541 -1.164824 -2.239557 8
0.085391 -1.210670 -2.238972 8
0.045860 -1.230348 -2.238988 8
0.008015 -1.260855 -2.238900 8
-0.029420 -1.290889 -2.238921 8
-0.072639 -1.278975 -2.239859 8
-0.119377 -1.246973 -2.241305 8
-0.150255 -1.313800 -2.240907 8
-0.194007 -1.301597 -2.242179 8
-0.231644 -1.324072 -2.242859 8
-0.286436 -1.257819 -2.245471 8
-0.283132 -1.480176 -2.242178 8
-0.330544 -1.448457 -2.244267 8
-0.371175 -1.450231 -2.245760 8
-0.407128 -1.472444 -2.246911 8
-0.452576 -1.454882 -2.249050 8
-0.489399 -1.473211 -2.250492 8
-0.519001 -1.518161 -2.251407 8
-0.556482 -1.531922 -2.253137 8
-0.612010 -1.482083 -2.256519 8
-0.653872 -1.482709 -2.258811 8
-0.685566 -1.517376 -2.260349 8
-0.730191 -1.509516 -2.263076 8
-0.780452 -1.485568 -2.266363 8
-0.806262 -1.536697 -2.267742 8
-0.824476 -1.607489 -2.268619 8
0.268849 0.003066 -2.198932 8
0.262879 -0.726386 -2.192871 8
0.222230 -0.801522 -2.192090 8
0.208189 -1.180772 -2.189064 8
0.165168 -1.170456 -2.189173 8
0.119437 -1.136136 -2.189573 8
0.082439 -1.186843 -2.189414 8
0.044336 -1.221195 -2.189483 8
-0.001331 -1.193152 -2.190150 8
-0.032983 -1.270054 -2.190074 8
-0.079010 -1.241446 -2.190956 8
-0.117376 -1.265310 -2.191508 8
-0.146000 -1.345146 -2.191671 8
-0.175434 -1.412548 -2.192016 8
-0.249581 -1.235007 -2.194667 8
-0.288928 -1.252283 -2.195687 8
-0.295496 -1.427360 -2.195279 8
-0.333527 -1.441997 -2.196472 8
-0.369645 -1.464560 -2.197679 8
-0.409086 -1.471880 -2.199139 8
-0.436202 -1.529511 -2.200141 8
-0.465017 -1.576758 -2.201322 8
-0.514296 -1.544103 -2.203523 8
-0.560043 -1.527350 -2.205664 8
-0.604002 -1.518760 -2.207824 8
-0.642323 -1.530564 -2.209830 8
-0.675149 -1.560308 -2.211684 8
-0.715376 -1.565434 -2.213975 8
-0.742263 -1.611893 -2.215746 8
-0.766379 -1.664491 -2.217476 8
-0.858711 -1.517916 -2.222529 8
-0.868831 -1.610849 -2.223793 8
-0.942471 -1.642242 -2.229150 8
0.263465 -0.730362 -2.137972 8
0.222038 -0.796261 -2.137959 8
0.182461 -0.870322 -2.138086 8
0.158575 -1.099797 -2.138844 8
0.123394 -1.176778 -2.139190 8
0.083228 -1.196643 -2.139443 8
0.040762 -1.195090 -2.139725 8
0.005880 -1.252722 -2.140295 8
-0.031216 -1.287404 -2.140882 8
-0.076943 -1.260547 -2.141382 8
-0.122787 -1.236908 -2.141999 8
-0.155181 -1.296584 -2.142940 8
-0.184650 -1.367000 -2.143985 8
-0.236682 -1.310618 -2.144826 8
-0.260395 -1.404072 -2.146082 8
-0.293452 -1.444341 -2.147302 8
-0.335580 -1.439854 -2.148540 8
-0.384353 -1.407132 -2.149852 8
-0.394014 -1.543397 -2.151404 8
-0.437912 -1.530376 -2.152912 8
-0.471207 -1.560492 -2.154529 8
-0.513824 -1.554025 -2.156241 8
-0.558131 -1.542627 -2.158066 8
-0.599290 -1.543761 -2.159989 8
-0.635517 -1.562202 -2.161983 8
-0.671306 -1.581590 -2.164062 8
-0.727538 -1.535866 -2.166420 8
-0.752478 -1.589527 -2.168588 8
-0.773878 -1.651149 -2.170769 8
-0.846765 -1.561656 -2.173702 8
-0.892841 -1.553037 -2.176426 8
-0.932441 -1.563251 -2.179161 8
-0.954329 -1.620390 -2.181680 8
0.223408 -0.101789 -2.074056 8
0.154720 0.120472 -2.070543 8
0.174265 -0.770861 -2.083254 8
0.145882 -0.963210 -2.085983 8
0.116628 -1.112169 -2.088184 8
0.079553 -1.166356 -2.089108 8
0.035970 -1.158940 -2.089236 8
0.007598 -1.270034 -2.091160 8
-0.032143 -1.285461 -2.091800 8
-0.073963 -1.285721 -2.092317 8
-0.120756 -1.255398 -2.092503 8
-0.156104 -1.297147 -2.093790 8
-0.186224 -1.364466 -2.095507 8
-0.223690 -1.386490 -2.096686 8
-0.252218 -1.452327 -2.098530 8
-0.289769 -1.469179 -2.099803 8
-0.336200 -1.444321 -2.100634 8
-0.364055 -1.504222 -2.102624 8
-0.400437 -1.523842 -2.104188 8
-0.431366 -1.564723 -2.106085 8
-0.468439 -1.579212 -2.107750 8
-0.509642 -1.577835 -2.109327 8
-0.560316 -1.543027 -2.110650 8
-0.582436 -1.611025 -2.113143 8
-0.625954 -1.603001 -2.114940 8
-0.658936 -1.630568 -2.117171 8
-0.720411 -1.567249 -2.118690 8
-0.764161 -1.562774 -2.120856 8
-0.802407 -1.575619 -2.123264 8
-0.851947 -1.556016 -2.125537 8
-0.887752 -1.576607 -2.128198 8
-0.944614 -1.539769 -2.130614 8
-0.948697 -1.644674 -2.133905 8
-1.001011 -1.621148 -2.136605 8
-1.043347 -1.624506 -2.139549 8
0.489051 6.078291 -1.863956 5
0.381114 5.949243 -1.865014 5
0.271881 5.958375 -1.862891 5
0.161683 5.987920 -1.860487 5
0.052734 5.976014 -1.859360 5
-0.057032 5.981338 -1.858034 5
-0.166109 5.972589 -1.857301 5
0.140677 0.314417 -2.001203 8
0.120778 -0.125948 -2.012229 8
0.070078 -0.144278 -2.012581 8
0.107375 -1.023212 -2.035098 8
0.071967 -1.101007 -2.037182 8
0.032724 -1.135627 -2.038251 8
0.004207 -1.248161 -2.041397 8
-0.044248 -1.203682 -2.040627 8
-0.093422 -1.160819 -2.039998 8
-0.130219 -1.201629 -2.041582 8
-0.148888 -1.345927 -2.045841 8
-0.186233 -1.370715 -2.047172 8
-0.219140 -1.417267 -2.049124 8
-0.245929 -1.490890 -2.051811 8
-0.292604 -1.462546 -2.052082 8
-0.335516 -1.454775 -2.052952 8
-0.360799 -1.525981 -2.055793 8
-0.394430 -1.556781 -2.057737 8
-0.430102 -1.577567 -2.059523 8
-0.466269 -1.595535 -2.061322 8
-0.518662 -1.552111 -2.061824 8
-0.564038 -1.537883 -2.063097 8
-0.593735 -1.579988 -2.065695 8
-0.622958 -1.621550 -2.068342 8
-0.655926 -1.648913 -2.070753 8
-0.719341 -1.579442 -2.071272 8
-0.752933 -1.605959 -2.073856 8
-0.799505 -1.593261 -2.075757 8
-0.849395 -1.572570 -2.077624 8
-0.894430 -1.567350 -2.079898 8
-0.925648 -1.600524 -2.082955 8
-0.969079 -1.600546 -2.085516 8
-1.014305 -1.596754 -2.088123 8
-1.033257 -1.659239 -2.091873 8
-1.091711 -1.623637 -2.094190 8
-1.376619 -1.056930 -2.089188 8
0.821409 5.997537 -1.744383 5
0.712448 6.063975 -1.739194 5
0.601998 5.986137 -1.739337 5
0.492653 5.954902 -1.738071 5
0.383634 5.937736 -1.736536 5
0.274374 5.940344 -1.734517 5
0.165888 5.918371 -1.733614 5
0.055753 5.940250 -1.731344 5
-0.055151 5.966887 -1.729119 5
-0.163123 5.938176 -1.729141 5
-0.277828 6.006525 -1.725831 5
0.085069 0.305039 -1.934674 8
0.055980 0.007321 -1.945437 10
0.036980 -0.334857 -1.957958 8
0.000984 -0.467169 -1.962869 8
-0.062570 -0.351834 -1.958778 8
-0.000660 -1.215017 -1.990701 8
-0.039474 -1.242510 -1.992009 8
-0.089036 -1.195445 -1.990676 8
-0.106076 -1.358859 -1.997109 8
-0.167471 -1.241954 -1.993414 8
-0.195416 -1.325619 -1.997092 8
-0.218470 -1.427359 -2.001481 8
-0.254446 -1.454626 -2.003255 8
-0.295321 -1.456500 -2.004201 8
-0.339797 -1.442399 -2.004668 8
-0.368190 -1.500898 -2.007779 8
-0.394760 -1.562927 -2.011070 8
-0.428841 -1.590354 -2.013218 8
-0.445491 -1.684068 -2.017705 8
-0.514083 -1.577321 -2.015423 8
-0.551915 -1.589842 -2.017305 8
-0.595042 -1.583810 -2.018652 8
-0.637073 -1.582602 -2.020252 8
-0.673712 -1.599713 -2.022538 8
-0.709047 -1.620553 -2.025021 8
-0.759724 -1.594177 -2.026095 8
-0.792113 -1.624065 -2.029029 8
-0.853029 -1.571370 -2.029517 8
-0.916765 -1.514697 -2.030041 8
-0.938425 -1.575450 -2.034170 8
-0.970280 -1.606876 -2.037487 8
-1.007523 -1.623634 -2.040456 8
-1.041064 -1.649446 -2.043755 8
-1.094975 -1.625514 -2.045791 8
-1.145406 -1.611790 -2.048233 8
-1.162622 -1.675669 -2.052771 8
-1.264913 -1.547100 -2.052583 8
1.042221 5.924227 -1.624535 5
0.933333 5.941431 -1.620501 5
0.824024 5.951498 -1.617005 5
0.714370 5.945079 -1.614485 5
0.604911 5.966456 -1.610885 5
0.494485 6.063567 -1.603940 5
0.384666 6.014470 -1.604057 5
-0.389807 6.026521 -1.594207 5
0.073143 -0.179014 -1.891053 10
0.034012 -0.307888 -1.897114 10
0.000626 -0.467119 -1.904733 8
-0.043197 -0.515930 -1.907155 8
-0.080093 -0.611459 -1.911909 8
-0.055923 -1.129998 -1.936981 8
-0.108973 -1.067765 -1.934337 8
-0.138628 -1.160425 -1.939174 8
-0.195174 -1.084391 -1.936056 8
-0.193523 -1.342537 -1.948892 8
-0.225674 -1.395699 -1.952049 8
-0.254162 -1.462820 -1.955930 8
-0.301397 -1.434364 -1.955384 8
-0.331785 -1.486421 -1.958693 8
-0.374709 -1.479733 -1.959332 8
-0.402261 -1.538928 -1.963105 8
-0.419851 -1.634266 -1.968591 8
-0.469331 -1.599323 -1.968155 8
-0.512192 -1.592417 -1.969096 8
-0.562091 -1.561439 -1.969041 8
-0.595518 -1.590502 -1.971777 8
-0.644100 -1.567565 -1.972273 8
-0.691900 -1.549427 -1.973085 8
-0.713539 -1.615173 -1.977652 8
-0.753056 -1.623287 -1.979769 8
-0.809022 -1.583287 -1.979917 8
-0.865941 -1.543727 -1.980214 8
-0.873597 -1.643640 -1.986452 8
-0.939565 -1.581798 -1.986028 8
-0.974360 -1.605668 -1.989244 8
-0.988290 -1.682044 -1.994631 8
-1.062535 -1.605916 -1.994015 8
-1.113166 -1.591451 -1.995983 8
-1.154717 -1.599830 -1.998942 8
-1.193280 -1.615421 -2.002263 8
-1.302796 -1.472927 -1.999855 8
-1.262145 -1.664669 -2.009805 8
1.157746 5.955567 -1.497303 5
1.048113 5.966953 -1.493230 5
0.938165 5.972741 -1.489676 5
0.828252 5.982770 -1.486083 5
0.717396 5.925554 -1.486561 5
0.607737 5.912318 -1.484728 5
0.119724 -0.110562 -1.825983 10
0.077855 -0.230737 -1.832809 10
0.039945 -0.368138 -1.840759 10
-0.001794 -0.448591 -1.845442 10
-0.035030 -0.587339 -1.853663 8
-0.066851 -0.717404 -1.861459 8
-0.098541 -0.831417 -1.868386 8
-0.157471 -0.750126 -1.863867 8
-0.196696 -0.802821 -1.867342 8
-0.242513 -0.811425 -1.868302 8
-0.272472 -0.908400 -1.874536 8
-0.218068 -1.442502 -1.906444 8
-0.265244 -1.413830 -1.905394 8
-0.303090 -1.433308 -1.907237 8
-0.331836 -1.493405 -1.911512 8
-0.371042 -1.503242 -1.912933 8
-0.396088 -1.572376 -1.917848 8
-0.430419 -1.599304 -1.920385 8
-0.464403 -1.626207 -1.922986 8
-0.517694 -1.579933 -1.921488 8
-0.559458 -1.579113 -1.922670 8
-0.602958 -1.573080 -1.923640 8
-0.649118 -1.559314 -1.924264 8
-0.679436 -1.598398 -1.927916 8
-0.714999 -1.619304 -1.930621 8
-0.744352 -1.658448 -1.934392 8
-0.798539 -1.623069 -1.934165 8
-0.860452 -1.568583 -1.933024 8
-0.885278 -1.620506 -1.937708 8
-0.929181 -1.619045 -1.939605 8
-1.004006 -1.537813 -1.937409 8
-1.017054 -1.618487 -1.943796 8
-1.071386 -1.593747 -1.944774 8
-1.120395 -1.583898 -1.946630 8
-1.143311 -1.636416 -1.951724 8
-1.198290 -1.613964 -1.953135 8
-1.228496 -1.648515 -1.957461 8
-1.274638 -1.647631 -1.960132 8
1.275647 6.004309 -1.368165 5
1.162645 5.963399 -1.367336 5
1.053178 5.988355 -1.362256 5
0.831252 5.955768 -1.358288 5
0.721361 5.984810 -1.353494 5
0.610537 5.856655 -1.359715 5
0.200524 2.809199 -1.562347 12
0.116577 2.870471 -1.557006 12
0.050226 2.636868 -1.572440 12
0.166343 -0.021909 -1.758093 10
0.127739 -0.206243 -1.770607 10
0.086930 -0.329600 -1.778953 10
0.048524 -0.454262 -1.787492 10
0.002487 -0.490079 -1.789879 10
-0.029473 -0.637128 -1.800175 10
-0.068300 -0.710970 -1.805409 10
-0.113648 -0.729139 -1.806811 10
-0.162140 -0.724877 -1.806719 8
-0.203140 -0.768806 -1.810093 8
-0.251611 -0.764518 -1.810165 10
-0.271915 -0.918456 -1.821400 8
-0.301326 -1.009187 -1.828268 8
-0.331655 -1.087170 -1.834304 8
-0.379989 -1.072455 -1.833945 8
-0.352572 -1.405892 -1.857858 8
-0.371516 -1.508581 -1.865743 8
-0.398876 -1.568198 -1.870688 8
-0.446184 -1.543601 -1.869881 8
-0.481141 -1.569344 -1.872616 8
-0.519961 -1.579537 -1.874351 8
-0.558663 -1.590148 -1.876184 8
-0.614524 -1.541489 -1.874068 8
-0.660233 -1.530776 -1.874621 8
-0.674187 -1.623913 -1.882237 8
-0.722424 -1.604829 -1.882368 8
-0.747236 -1.658464 -1.887426 8
-0.791716 -1.651975 -1.888550 8
-0.838390 -1.640404 -1.889426 8
-0.889218 -1.618826 -1.889741 8
-0.920357 -1.651963 -1.893704 8
-0.951097 -1.685054 -1.897717 8
-1.012101 -1.640539 -1.896829 8
-1.045992 -1.665946 -1.900500 8
-1.126196 -1.579820 -1.897228 8
-1.137729 -1.659247 -1.904446 8
-1.196074 -1.628966 -1.904899 8
-1.256596 -1.596185 -1.905328 8
-1.249427 -1.712240 -1.914888 8
-1.436200 -1.414243 -1.899637 8
-1.417302 -1.554942 -1.910818 8
-1.434934 -1.616431 -1.917281 8
1.390822 5.989033 -1.242853 5
1.278548 5.971798 -1.240483 5
1.177808 6.174837 -1.220957 5
0.723631 5.903115 -1.230163 5
0.613452 5.851194 -1.231726 5
0.503540 5.906299 -1.224902 5
0.443650 2.812115 -1.471623 12
0.365716 2.704775 -1.478776 12
0.286268 2.697127 -1.478041 12
0.211736 2.581682 -1.486165 12
0.133651 2.570864 -1.485966 12
0.053803 2.589596 -1.483499 12
0.177282 -0.167820 -1.706822 10
0.135083 -0.293858 -1.716618 10
0.092378 -0.389243 -1.724021 10
0.047986 -0.451066 -1.728783 10
0.014080 -0.596942 -1.740484 10
-0.023353 -0.691486 -1.748088 10
-0.068699 -0.712571 -1.749783 10
-0.122405 -0.672197 -1.746543 10
-0.175402 -0.642594 -1.744263 10
-0.200310 -0.792774 -1.756713 10
-0.242390 -0.825530 -1.759666 10
-0.278106 -0.890956 -1.765350 10
-0.324532 -0.893945 -1.766028 10
-0.357543 -0.964732 -1.772284 10
-0.408760 -0.942696 -1.771081 8
-0.374055 -1.315283 -1.801878 8
-0.410491 -1.345994 -1.805041 8
-0.408686 -1.534701 -1.820992 8
-0.451326 -1.530722 -1.821461 8
-0.484042 -1.566038 -1.825152 8
-0.530855 -1.547160 -1.824567 8
-0.557116 -1.603840 -1.830083 8
-0.599890 -1.600347 -1.830863 8
-0.648266 -1.579192 -1.830320 8
-0.672332 -1.638415 -1.836200 8
-0.718843 -1.624687 -1.836388 8
-0.766194 -1.610049 -1.836588 8
-0.804107 -1.624643 -1.839150 8
-0.853998 -1.605196 -1.839140 8
-0.885906 -1.637113 -1.843182 8
-0.939901 -1.608988 -1.842673 8
-0.991522 -1.589388 -1.842917 8
-1.027368 -1.611475 -1.846420 8
-1.060104 -1.640810 -1.850531 8
-1.093933 -1.666777 -1.854444 8
-1.161161 -1.614433 -1.852594 8
-1.216126 -1.593391 -1.853194 8
-1.253428 -1.613300 -1.856905 8
-1.296827 -1.619905 -1.859716 8
-1.343317 -1.620520 -1.862177 8
-1.388785 -1.624049 -1.864938 8
-1.453952 -1.588746 -1.865038 8
-1.537448 -1.520027 -1.862936 8
-1.578659 -1.536287 -1.866930 8
1.507328 5.984587 -1.116721 5
1.397243 6.006981 -1.110888 5
1.284425 5.988943 -1.108843 5
0.607834 3.044226 -1.359176 2
0.527577 2.607523 -1.397278 12
0.457120 2.077910 -1.444190 2
0.389105 1.846921 -1.464000 6
0.323001 1.685951 -1.477561 6
0.234602 2.091969 -1.439051 6
0.165072 2.005621 -1.445961 6
0.226441 -0.108315 -1.640303 10
0.185783 -0.280651 -1.655646 10
0.143295 -0.391970 -1.665455 10
0.095374 -0.422379 -1.667863 10
0.053351 -0.505641 -1.675253 10
0.022732 -0.677388 -1.690936 10
-0.023843 -0.691360 -1.692065 10
-0.059828 -0.784827 -1.700648 10
-0.108471 -0.776430 -1.699850 10
-0.162700 -0.732865 -1.695862 10
-0.198385 -0.811050 -1.703245 10
-0.238517 -0.854962 -1.707517 10
-0.279631 -0.889463 -1.710986 10
-0.320549 -0.922255 -1.714364 10
-0.366611 -0.926889 -1.715205 10
-0.408284 -0.952844 -1.718088 8
-0.442146 -1.012842 -1.724181 8
-0.491176 -1.002410 -1.723840 8
-0.461296 -1.322821 -1.754021 8
-0.468745 -1.468764 -1.768143 8
-0.520427 -1.433965 -1.765713 8
-0.538930 -1.525357 -1.774908 8
-0.619559 -1.389304 -1.763375 8
-0.602841 -1.598493 -1.783403 8
-0.653919 -1.568907 -1.781720 8
-0.692337 -1.582698 -1.784048 8
-0.736288 -1.579171 -1.784875 8
-0.790889 -1.544604 -1.782983 8
-0.825687 -1.570669 -1.786618 8
-0.853647 -1.615278 -1.791965 8
-0.890135 -1.634647 -1.795109 8
-0.957038 -1.572640 -1.791103 8
-1.004055 -1.566410 -1.792139 8
-1.015958 -1.649740 -1.801119 8
-1.080116 -1.601356 -1.798599 8
-1.107093 -1.645012 -1.804199 8
-1.183411 -1.572603 -1.799803 8
-1.211915 -1.612929 -1.805249 8
-1.260678 -1.607366 -1.806815 8
-1.303236 -1.616262 -1.809698 8
-1.345210 -1.626797 -1.812795 8
-1.429838 -1.550266 -1.808666 8
-1.469533 -1.568106 -1.812571 8
-1.541927 -1.522091 -1.811268 8
-1.580288 -1.544054 -1.815690 8
-1.621353 -1.560878 -1.819760 8
1.629760 6.038360 -0.984616 5
1.512708 5.983170 -0.986208 5
1.402285 6.004942 -0.980265 5
0.776473 3.033341 -1.266848 12
0.686454 2.505652 -1.318694 11
0.606847 2.071580 -1.361310 2
0.534309 1.833939 -1.384066 2
0.462037 1.865908 -1.379304 2
0.393128 1.740255 -1.390866 6
0.326187 1.625975 -1.401401 6
0.255647 1.640559 -1.398760 6
0.271642 0.049850 -1.562291 10
0.234696 -0.231985 -1.590752 10
0.191858 -0.360523 -1.603458 10
0.142253 -0.378547 -1.604793 10
0.102227 -0.497174 -1.616656 10
0.064560 -0.617342 -1.628768 10
0.033641 -0.777913 -1.645169 10
-0.014837 -0.769330 -1.644051 10
-0.063121 -0.764333 -1.643373 10
-0.103387 -0.817706 -1.648840 10
-0.159907 -0.757239 -1.642523 10
-0.197665 -0.821793 -1.649290 10
-0.240328 -0.850974 -1.652442 10
-0.290856 -0.834194 -1.650877 10
-0.318116 -0.942345 -1.662375 8
-0.364140 -0.946849 -1.663155 10
-0.427209 -0.870621 -1.655619 10
-0.479476 -0.851241 -1.654063 10
-0.485019 -1.037471 -1.673892 8
-0.528777 -1.049818 -1.675745 8
-0.568024 -1.080026 -1.679509 8
-0.580140 -1.212866 -1.693927 8
-0.612791 -1.260649 -1.699604 8
-0.608504 -1.437215 -1.718580 8
-0.614132 -1.568037 -1.732856 8
-0.644734 -1.607863 -1.737817 8
-0.709373 -1.536743 -1.731482 8
-0.749818 -1.546004 -1.733444 8
-0.784396 -1.573063 -1.737278 8
-0.820213 -1.595633 -1.740708 8
-0.861024 -1.603538 -1.742709 8
-0.917481 -1.568933 -1.740485 8
-0.955426 -1.586327 -1.743580 8
-0.983846 -1.628145 -1.749179 8
-1.044232 -1.588160 -1.746654 8
-1.085407 -1.598094 -1.749194 8
-1.111715 -1.643688 -1.755330 8
-1.186452 -1.575511 -1.750283 8
-1.227903 -1.586792 -1.753170 8
-1.279183 -1.576715 -1.754037 8
-1.298229 -1.637169 -1.761850 8
-1.382880 -1.558143 -1.756186 8
-1.428654 -1.563218 -1.758778 8
-1.470518 -1.576729 -1.762254 8
-1.509369 -1.596366 -1.766383 8
-1.582752 -1.550221 -1.764351 8
-1.670051 -1.481155 -1.760307 8
1.629688 5.972550 -0.860281 5
1.518269 5.983851 -0.855194 5
0.849354 2.621655 -1.217930 12
0.756809 2.049829 -1.280557 11
0.679814 1.824678 -1.304256 2
0.607955 1.826251 -1.302397 2
0.535906 1.854089 -1.297644 2
0.468452 1.552662 -1.330518 6
0.399688 1.531542 -1.331588 6
0.330773 1.525344 -1.331050 6
0.260174 1.558645 -1.326082 6
0.283634 -0.162105 -1.522358 10
0.239234 -0.297495 -1.537159 10
0.193022 -0.373464 -1.545234 10
0.150744 -0.480067 -1.556919 10
0.104579 -0.523334 -1.561398 10
0.062334 -0.597597 -1.569522 10
0.025776 -0.710656 -1.582196 10
-0.029482 -0.652853 -1.575236 10
-0.067254 -0.737501 -1.584775 10
-0.106623 -0.799983 -1.591826 10
-0.149899 -0.829346 -1.595118 10
-0.197460 -0.829316 -1.595079 10
-0.245134 -0.829471 -1.595125 10
-0.295088 -0.817834 -1.593873 10
-0.315301 -0.964397 -1.610943 10
-0.374226 -0.904114 -1.604201 10
-0.417446 -0.925028 -1.606891 10
-0.460551 -0.945411 -1.609580 10
-0.502873 -0.968265 -1.612614 10
-0.547814 -0.979162 -1.614333 10
-0.589406 -1.003380 -1.617644 10
-0.612567 -1.097184 -1.629003 8
-0.663526 -1.082260 -1.627932 8
-0.706553 -1.097446 -1.630379 8
-0.673553 -1.372849 -1.662641 8
-0.644080 -1.618457 -1.691467 8
-0.692600 -1.599089 -1.690059 8
-0.760375 -1.522195 -1.682173 8
-0.794132 -1.552824 -1.686590 8
-0.802509 -1.656000 -1.699274 8
-0.881802 -1.554163 -1.688793 8
-0.924166 -1.559971 -1.690568 8
-0.941614 -1.632331 -1.699889 8
-0.993260 -1.613273 -1.698976 8
-1.036942 -1.616024 -1.700579 8
-1.063856 -1.660320 -1.706880 8
-1.141021 -1.583811 -1.699786 8
-1.186027 -1.586441 -1.701585 8
-1.229709 -1.592752 -1.703858 8
-1.273937 -1.598389 -1.706121 8
-1.316168 -1.608870 -1.708983 8
-1.372939 -1.589320 -1.708630 8
-1.410728 -1.610267 -1.712771 8
-1.466749 -1.594803 -1.713027 8
-1.553435 -1.521317 -1.707124 8
-1.595714 -1.536446 -1.710876 8
-1.676433 -1.480442 -1.707104 8
-1.722334 -1.491049 -1.710546 8
1.755641 6.045299 -0.724040 5
1.635354 5.970688 -0.729267 5
1.526845 6.021648 -0.719277 5
0.916472 2.255307 -1.172259 11
0.832213 2.011183 -1.200503 11
0.758567 2.022142 -1.197235 11
0.682323 1.853342 -1.216454 2
0.609827 1.813178 -1.219782 2
0.537541 1.870038 -1.211082 2
0.468208 1.663424 -1.235450 6
0.400810 1.537280 -1.249890 6
0.332659 1.501820 -1.253069 6
0.333297 -0.072472 -1.449910 10
0.288989 -0.251693 -1.471622 10
0.244582 -0.375874 -1.486510 10
0.199139 -0.454026 -1.495685 10
0.155482 -0.536360 -1.505469 10
0.109553 -0.577793 -1.510160 10
0.079625 -0.768621 -1.533822 10
0.023474 -0.693135 -1.523857 10
-0.010790 -0.810279 -1.538342 10
-0.055830 -0.828968 -1.540421 10
-0.103110 -0.830058 -1.540327 10
-0.150007 -0.834382 -1.540701 10
-0.201811 -0.808544 -1.537307 10
-0.247313 -0.823415 -1.539135 10
-0.286543 -0.872197 -1.545323 10
-0.332828 -0.879764 -1.546340 10
-0.370842 -0.928633 -1.552654 10
-0.413752 -0.950482 -1.555596 10
-0.465866 -0.929510 -1.553167 10
-0.517066 -0.915178 -1.551640 10
-0.553552 -0.963949 -1.558164 10
-0.588255 -1.016728 -1.565246 10
-0.606040 -1.130934 -1.580144 8
-0.657424 -1.113726 -1.578476 8
-0.705400 -1.110699 -1.578660 8
-0.754529 -1.104790 -1.578541 8
-0.706095 -1.422178 -1.619188 8
-0.700538 -1.582362 -1.640025 8
-0.741404 -1.589641 -1.641663 8
-0.781923 -1.598270 -1.643523 8
-0.834320 -1.572756 -1.641161 8
-0.885935 -1.551771 -1.639433 8
-0.921304 -1.577090 -1.643548 8
-0.947039 -1.627249 -1.650801 8
-1.018590 -1.557567 -1.643201 8
-1.030654 -1.641279 -1.654710 8
-1.078322 -1.634672 -1.655063 8
-1.132351 -1.614167 -1.653768 8
-1.158990 -1.658713 -1.660550 8
-1.235541 -1.589670 -1.653430 8
-1.282069 -1.590689 -1.654992 8
-1.340510 -1.567069 -1.653614 8
-1.371895 -1.601834 -1.659420 8
-1.414153 -1.613690 -1.662490 8
-1.511639 -1.516208 -1.652415 8
-1.544090 -1.550262 -1.658323 8
-1.621775 -1.497965 -1.653921 8
-1.694575 -1.457996 -1.651115 8
-1.736828 -1.476037 -1.655321 8
-1.773453 -1.504188 -1.660786 8
-2.088365 -1.050346 -1.609485 8
1.758905 6.016030 -0.595410 5
1.638204 5.937725 -0.602087 5
0.985154 2.049443 -1.112791 11
0.909787 2.030671 -1.113258 11
0.835221 2.023605 -1.112235 11
0.760483 2.001657 -1.113318 11
0.684462 1.853397 -1.131661 2
0.611943 1.859960 -1.129081 2
0.540012 1.737855 -1.144120 6
0.471268 1.560263 -1.166866 6
0.399661 1.634629 -1.155313 6
0.332987 1.523352 -1.169225 6
0.337845 -0.159956 -1.398732 10
0.292929 -0.315308 -1.419172 10
0.246135 -0.394643 -1.429275 10
0.202493 -0.496925 -1.442612 10
0.156742 -0.550710 -1.449357 10
0.119831 -0.689511 -1.467881 10
0.067418 -0.651337 -1.462091 10
0.040112 -0.844588 -1.488274 10
-0.008215 -0.835247 -1.486578 10
-0.057117 -0.823757 -1.484635 10
-0.108471 -0.797380 -1.480686 10
-0.154512 -0.810372 -1.482228 10
-0.200905 -0.820449 -1.483422 10
-0.240606 -0.869315 -1.490034 10
-0.279558 -0.917806 -1.496649 10
-0.326204 -0.921815 -1.497164 10
-0.375279 -0.914198 -1.496124 10
-0.416046 -0.947510 -1.500798 10
-0.459734 -0.965433 -1.503395 10
-0.509365 -0.956948 -1.502393 10
-0.538985 -1.032897 -1.513115 10
-0.594034 -1.002523 -1.509194 10
-0.640889 -1.006658 -1.510094 10
-0.679913 -1.040101 -1.515093 10
-0.721597 -1.062547 -1.518624 10
-0.756538 -1.107267 -1.525274 10
-0.789355 -1.156763 -1.532626 8
-0.698993 -1.595923 -1.593617 8
-0.740032 -1.602626 -1.595117 8
-0.786023 -1.594921 -1.594687 8
-0.830261 -1.593539 -1.595178 8
-0.881920 -1.572244 -1.592994 8
-0.912087 -1.611437 -1.599140 8
-0.953769 -1.618771 -1.600974 8
-1.004631 -1.602944 -1.599702 8
-1.027930 -1.657557 -1.608074 8
-1.087936 -1.620948 -1.604086 8
-1.126035 -1.638847 -1.607560 8
-1.200363 -1.573306 -1.599793 8
-1.243702 -1.581414 -1.602062 8
-1.307576 -1.545105 -1.598403 8
-1.328886 -1.602133 -1.607369 8
-1.372194 -1.611530 -1.609973 8
-1.459527 -1.532045 -1.600749 8
-1.525292 -1.499915 -1.597958 8
-1.555794 -1.538384 -1.604644 8
-1.640490 -1.473603 -1.597678 8
-1.694706 -1.468964 -1.598780 8
-1.733113 -1.494011 -1.603867 8
-1.825228 -1.424105 -1.596535 8
-1.927821 -1.340135 -1.587500 8
-1.971135 -1.360899 -1.592272 8
-2.083873 -1.267056 -1.582218 8
1.764232 6.007240 -0.464076 5
1.648539 5.986701 -0.463369 5
1.062217 2.036281 -1.029496 11
0.985856 2.005069 -1.031944 11
0.909938 1.968554 -1.035264 11
0.837122 2.002286 -1.028374 11
0.763300 2.019483 -1.023973 11
0.686932 1.876663 -1.043194 2
0.614007 1.888186 -1.039803 2
0.541224 1.831326 -1.046577 2
0.467742 1.893368 -1.035871 2
0.401760 1.601888 -1.077545 6
0.389944 -0.102966 -1.328879 10
0.343799 -0.279799 -1.354144 10
0.296365 -0.369727 -1.366611 10
0.252609 -0.491014 -1.383822 10
0.203069 -0.501898 -1.384686 10
0.159356 -0.581402 -1.395828 10
0.122271 -0.716589 -1.415342 10
0.089086 -0.864959 -1.436905 10
0.043125 -0.874412 -1.437802 10
-0.004385 -0.870469 -1.436746 10
-0.055293 -0.842173 -1.432094 10
-0.101001 -0.855353 -1.433690 10
-0.151103 -0.838665 -1.430864 10
-0.191584 -0.884465 -1.437440 10
-0.234208 -0.913300 -1.441527 10
-0.274383 -0.953324 -1.447340 10
-0.329275 -0.913102 -1.441178 10
-0.357359 -1.010845 -1.455738 10
-0.410426 -0.981991 -1.451374 10
-0.452348 -1.006912 -1.455116 10
-0.502922 -0.993169 -1.453110 10
-0.547516 -1.006154 -1.455158 10
-0.597666 -0.996913 -1.453924 10
-0.633530 -1.043681 -1.461127 10
-0.682780 -1.038709 -1.460628 10
-0.711598 -1.107099 -1.471156 10
-0.788786 -1.006808 -1.456494 10
-0.837279 -1.008629 -1.457162 10
-0.705674 -1.583325 -1.543463 8
-0.738279 -1.616759 -1.548891 8
-0.786163 -1.603393 -1.547374 8
-0.943868 -1.275075 -1.498967 8
-0.857012 -1.651061 -1.555567 8
-0.909181 -1.628542 -1.552828 8
-0.947104 -1.645648 -1.556030 8
-1.000547 -1.622869 -1.553354 8
-1.057807 -1.592662 -1.549635 8
-1.108592 -1.580594 -1.548660 8
-1.135475 -1.626318 -1.556284 8
-1.224582 -1.527712 -1.542637 8
-1.250127 -1.577115 -1.550896 8
-1.310421 -1.549166 -1.547806 8
-1.335995 -1.597249 -1.555948 8
-1.394371 -1.575857 -1.553936 8
-1.471045 -1.519352 -1.546855 8
-1.515112 -1.530818 -1.549786 8
-1.579855 -1.502774 -1.547014 8
-1.634880 -1.495251 -1.547301 8
-1.681521 -1.504440 -1.550077 8
-1.734696 -1.502395 -1.551283 8
-1.877078 -1.344370 -1.530055 8
-1.927918 -1.351834 -1.532820 8
-1.993938 -1.334416 -1.532078 8
-2.217010 -1.059942 -1.494657 8
1.768075 5.983773 -0.334795 5
1.659155 6.037978 -0.322744 5
1.139431 2.021790 -0.946408 11
1.063086 1.998266 -0.947965 11
0.989667 2.019704 -0.942522 11
0.912444 1.961543 -0.949698 11
0.841174 2.045041 -0.934584 11
0.766155 2.038093 -0.933816 11
0.691324 2.033002 -0.932825 11
0.616403 1.984095 -0.938862 11
0.542024 2.014852 -0.932324 11
0.469632 1.870215 -0.953759 2
0.442500 -0.008048 -1.251609 10
0.395998 -0.255513 -1.290025 10
0.347392 -0.346496 -1.303583 10
0.301206 -0.450515 -1.319305 10
0.253896 -0.505727 -1.327293 10
0.208679 -0.575714 -1.337712 10
0.164253 -0.639646 -1.347225 10
0.116118 -0.650919 -1.348347 10
0.087547 -0.851871 -1.379985 10
0.046647 -0.908732 -1.388552 10
-0.006052 -0.860625 -1.380287 10
-0.059599 -0.814110 -1.372309 10
-0.102591 -0.849335 -1.377531 10
-0.146425 -0.875272 -1.381304 10
-0.176118 -0.986348 -1.398849 10
-0.229013 -0.950181 -1.392703 10
-0.279122 -0.934177 -1.389847 10
-0.331065 -0.911121 -1.385893 10
-0.360404 -1.003273 -1.400578 10
-0.421141 -0.939274 -1.390098 10
-0.456738 -0.995230 -1.399029 10
-0.512042 -0.962254 -1.393641 10
-0.551698 -0.997479 -1.399310 10
-0.603122 -0.984132 -1.397178 10
-0.636130 -1.042725 -1.406706 10
-0.668033 -1.101783 -1.416350 10
-0.720851 -1.083676 -1.413577 10
-0.779410 -1.048218 -1.408048 10
-0.842448 -1.001394 -1.400732 10
-0.881664 -1.034115 -1.406296 10
-0.934960 -1.022420 -1.404740 10
-0.985273 -1.021225 -1.404923 8
-1.018970 -1.068800 -1.413007 8
-1.052680 -1.114366 -1.420803 8
-0.948916 -1.530200 -1.488185 8
-1.126002 -1.184777 -1.433176 8
-1.059682 -1.481306 -1.481381 8
-1.082393 -1.541245 -1.491592 8
-1.118250 -1.567027 -1.496355 8
-1.144326 -1.615273 -1.504752 8
-1.208999 -1.573486 -1.498777 8
-1.253386 -1.579938 -1.500569 8
-1.290500 -1.602733 -1.505012 8
-1.351485 -1.574665 -1.501389 8
-1.413835 -1.546017 -1.497733 8
-1.471666 -1.528755 -1.495948 8
-1.529999 -1.512221 -1.494337 8
-1.599367 -1.476143 -1.489690 8
-1.650546 -1.476839 -1.490930 8
-1.687780 -1.504059 -1.496409 8
-1.813398 -1.372326 -1.476885 8
-1.884721 -1.342714 -1.473554 8
-1.933229 -1.354568 -1.476807 8
-1.983251 -1.364377 -1.479792 8
1.776570 6.005786 -0.197960 5
1.667465 6.063550 -0.184792 5
1.227113 2.130906 -0.842524 11
1.141878 2.007701 -0.861080 11
1.066838 2.006153 -0.859249 11
0.992423 2.014219 -0.855857 11
0.918510 2.035812 -0.850234 11
0.844074 2.052804 -0.845443 11
0.768526 2.035960 -0.846446 11
0.693711 2.045106 -0.843103 11
0.618901 2.089144 -0.833881 11
0.543916 1.993203 -0.848545 10
0.471085 1.876673 -0.866822 10
0.447620 -0.177112 -1.216002 10
0.397681 -0.280960 -1.232695 10
0.349107 -0.370660 -1.247047 10
0.302718 -0.469378 -1.263018 10
0.257944 -0.564058 -1.278371 10
0.214449 -0.651795 -1.292603 10
0.172075 -0.733200 -1.305813 10
0.114585 -0.635123 -1.288225 10
0.090123 -0.878963 -1.329485 10
0.037469 -0.829961 -1.320417 10
-0.016916 -0.775541 -1.310439 10
-0.056786 -0.840013 -1.320989 10
-0.095808 -0.902328 -1.331219 10
-0.141861 -0.911060 -1.332246 10
-0.175409 -0.996817 -1.346618 10
-0.224623 -0.982298 -1.343709 10
-0.273793 -0.970458 -1.341298 10
-0.310002 -1.028229 -1.350963 10
-0.371265 -0.957072 -1.338361 10
-0.424304 -0.932318 -1.333821 10
-0.468386 -0.950973 -1.336831 10
-0.508160 -0.987384 -1.342955 10
-0.560419 -0.970177 -1.339831 10
-0.594959 -1.025232 -1.349263 10
-0.641290 -1.032088 -1.350383 10
-0.685915 -1.045526 -1.352682 10
-0.739735 -1.026515 -1.349396 10
-0.788847 -1.025705 -1.349302 10
-0.839386 -1.021168 -1.348600 10
-0.891253 -1.013625 -1.347417 10
-0.935381 -1.031154 -1.350616 10
-0.989150 -1.019916 -1.348873 10
-1.011129 -1.101515 -1.363238 8
-1.060160 -1.103799 -1.363911 8
-1.128107 -1.055780 -1.355925 8
-1.116938 -1.218892 -1.384485 8
-1.120163 -1.337011 -1.405283 8
-1.062383 -1.600562 -1.451214 8
-1.118560 -1.576086 -1.447422 8
-1.181944 -1.536859 -1.441129 8
-1.216630 -1.566070 -1.446679 8
-1.232929 -1.635547 -1.459196 8
-1.299394 -1.593597 -1.452561 8
-1.355776 -1.575915 -1.450150 8
-1.435953 -1.510898 -1.439658 8
-1.485977 -1.510598 -1.440333 8
-1.531956 -1.519171 -1.442573 8
-1.594847 -1.495811 -1.439387 8
-1.715041 -1.367043 -1.418233 8
-1.784321 -1.338355 -1.414271 8
-1.843671 -1.329718 -1.413790 8
-1.953506 -1.234084 -1.398548 8
-1.950602 -1.336687 -1.417112 8
-1.958163 -1.418343 -1.432120 8
1.772520 5.905418 -0.082018 5
1.673645 6.065723 -0.049941 5
1.216696 1.960669 -0.783755 2
1.131217 1.815158 -0.807834 2
1.054659 1.763529 -0.815138 2
0.986968 1.856228 -0.796492 2
0.920049 2.005983 -0.767546 11
0.845543 2.018467 -0.763407 11
0.771436 2.055395 -0.754888 11
0.694874 1.973775 -0.767902 11
0.620256 1.958449 -0.768970 11
0.547399 1.628144 -0.827351 10
0.501006 -0.094235 -1.139252 10
0.451159 -0.283005 -1.172506 10
0.401553 -0.371098 -1.187511 10
0.353901 -0.465396 -1.203719 10
0.314975 -0.689315 -1.243685 10
0.266817 -0.698810 -1.244541 10
0.228066 -0.835390 -1.268703 10
0.180180 -0.830201 -1.266961 10
0.130171 -0.804045 -1.261403 10
0.085977 -0.840468 -1.267358 10
0.036701 -0.826129 -1.264029 10
-0.010048 -0.835615 -1.265109 10
-0.052216 -0.879187 -1.272494 10
-0.093912 -0.920840 -1.279569 10
-0.126892 -1.015202 -1.296395 10
-0.174804 -1.006648 -1.294303 10
-0.215606 -1.041234 -1.300197 10
-0.261435 -1.045251 -1.300487 10
-0.315674 -1.005938 -1.292809 10
-0.365588 -0.992769 -1.289984 10
-0.427887 -0.923446 -1.276811 10
-0.464397 -0.977106 -1.286395 10
-0.508627 -0.993791 -1.289181 10
-0.549885 -1.022150 -1.294159 10
-0.596194 -1.029157 -1.295221 10
-0.626228 -1.098124 -1.307783 10
-0.678685 -1.081019 -1.304450 10
-0.738148 -1.041459 -1.296989 10
-0.794057 -1.017629 -1.292472 10
-0.845920 -1.009551 -1.290904 10
-0.891126 -1.023930 -1.293527 10
-0.937521 -1.034643 -1.295504 10
-1.002440 -0.990830 -1.287418 10
-1.057943 -0.977623 -1.285035 10
-1.113211 -0.966796 -1.283127 10
-1.175628 -0.938290 -1.277981 10
-1.200206 -1.011365 -1.291675 8
-1.277895 -0.946259 -1.279829 8
-1.318825 -0.976555 -1.285674 8
-1.125880 -1.568295 -1.395382 8
-1.159917 -1.598392 -1.401219 8
-1.222771 -1.562126 -1.394821 8
-1.254215 -1.598290 -1.401841 8
-1.299508 -1.603539 -1.403181 8
-1.368228 -1.559990 -1.395550 8
-1.474134 -1.442956 -1.374411 8
-1.501841 -1.489464 -1.383475 8
-1.569671 -1.456056 -1.377846 8
-1.671869 -1.359369 -1.360618 8
-1.737199 -1.337031 -1.357129 8
-1.802391 -1.316942 -1.354099 8
-1.840382 -1.347323 -1.360382 8
-1.948457 -1.255002 -1.344191 8
-1.960754 -1.331289 -1.358970 8
1.898306 5.951371 0.056715 5
1.776840 5.886761 0.047723 5
1.278384 1.777794 -0.732984 2
1.205895 1.787635 -0.729072 2
1.128459 1.731710 -0.737785 2
1.058962 1.781068 -0.726402 2
0.986178 1.786264 -0.723511 2
0.917018 1.873693 -0.704868 2
0.845818 1.950106 -0.688346 11
0.772986 2.019401 -0.673203 11
0.694679 1.814946 -0.710851 10
0.619633 1.470684 -0.775621 10
0.550913 1.218716 -0.822751 10
0.503876 -0.215236 -1.098685 10
0.454109 -0.365793 -1.126713 10
0.405492 -0.463950 -1.144674 10
0.361244 -0.619118 -1.173768 10
0.314078 -0.663452 -1.181420 10
0.267946 -0.711224 -1.189787 10
0.229779 -0.856099 -1.217095 10
0.181631 -0.846913 -1.214474 10
0.129804 -0.800823 -1.204681 10
0.083299 -0.816333 -1.206920 10
0.041710 -0.873674 -1.217358 10
-0.005111 -0.879826 -1.217838 10
-0.051566 -0.888670 -1.218872 10
-0.081107 -1.016008 -1.243125 10
-0.123586 -1.042519 -1.247692 10
-0.175284 -1.009786 -1.240683 10
-0.223327 -1.002914 -1.238762 10
-0.267664 -1.017965 -1.241167 10
-0.306825 -1.059161 -1.248734 10
-0.353733 -1.058856 -1.248183 10
-0.410181 -1.014624 -1.239026 10
-0.463209 -0.990627 -1.233864 10
-0.506525 -1.011218 -1.237495 10
-0.546879 -1.043086 -1.243374 10
-0.595372 -1.041197 -1.242640 10
-0.641285 -1.050084 -1.244053 10
-0.706343 -0.989556 -1.231819 10
-0.757334 -0.983637 -1.230365 10
-0.796289 -1.019678 -1.237209 10
-0.844661 -1.023430 -1.237717 10
-0.883902 -1.056587 -1.244052 10
-0.946635 -1.016913 -1.236050 10
-0.998891 -1.011578 -1.234848 10
-1.068295 -0.958501 -1.224253 10
-1.134284 -0.919041 -1.216371 10
-1.159284 -0.993045 -1.230909 10
-1.226217 -0.954272 -1.223220 8
-1.254383 -1.016953 -1.235583 8
-1.307293 -1.016117 -1.235439 8
-1.351390 -1.037417 -1.239693 8
-1.394984 -1.059724 -1.244175 8
-1.417400 -1.129951 -1.258141 8
-1.437391 -1.202897 -1.272669 8
-1.367881 -1.466210 -1.324770 8
-1.375642 -1.554793 -1.342422 8
-1.481115 -1.439435 -1.319890 8
-1.554387 -1.395036 -1.311384 8
-1.636552 -1.336307 -1.300090 8
-1.687874 -1.340166 -1.301162 8
-1.782604 -1.263885 -1.286489 8
-1.813079 -1.309149 -1.295779 8
-1.923463 -1.211081 -1.276902 8
-2.046992 -1.095519 -1.254639 8
1.904958 5.951536 0.191271 5
1.787201 5.926153 0.189337 5
1.286205 1.820236 -0.638326 2
1.204597 1.729227 -0.654784 6
1.126150 1.655135 -0.667897 6
1.055910 1.684200 -0.660132 6
0.983921 1.690270 -0.657067 6
0.917525 1.822180 -0.628413 2
0.852338 2.060927 -0.577955 11
0.771278 1.854842 -0.618204 10
0.690502 1.403520 -0.708691 10
0.619319 1.081620 -0.772944 10
0.558171 -0.132445 -1.020049 10
0.506449 -0.318240 -1.056942 10
0.455811 -0.397147 -1.072008 10
0.406557 -0.471989 -1.086297 10
0.364575 -0.681297 -1.128285 10
0.319298 -0.752331 -1.141925 10
0.276091 -0.834835 -1.157977 10
0.228835 -0.840399 -1.158221 10
0.182517 -0.856800 -1.160725 10
0.132060 -0.825885 -1.153484 10
0.082648 -0.811970 -1.149769 10
0.039514 -0.857151 -1.158295 10
-0.006275 -0.874174 -1.161029 10
-0.038398 -0.992677 -1.184814 10
-0.081021 -1.021690 -1.190103 10
-0.129720 -1.007880 -1.186536 10
-0.180726 -0.982416 -1.180565 10
-0.225822 -0.995010 -1.182516 10
-0.265187 -1.038439 -1.190902 10
-0.303217 -1.085068 -1.199986 10
-0.354457 -1.062809 -1.194761 10
-0.400780 -1.066589 -1.194975 10
-0.462845 -1.000452 -1.180637 10
-0.498704 -1.053072 -1.191071 10
-0.548075 -1.046775 -1.189243 10
-0.599413 -1.034134 -1.186111 10
-0.636298 -1.077893 -1.194776 10
-0.694466 -1.041964 -1.186819 10
-0.738629 -1.058513 -1.189846 10
-0.796116 -1.029869 -1.183446 10
-0.859926 -0.983543 -1.173362 10
-0.903106 -1.006087 -1.177707 10
-0.952121 -1.010335 -1.178245 10
-1.008783 -0.992730 -1.174229 10
-1.059224 -0.994884 -1.174371 10
-1.112780 -0.989231 -1.172900 10
-1.182023 -0.942790 -1.162899 10
-1.240622 -0.927715 -1.159493 10
-1.279871 -0.963414 -1.166756 8
-1.380640 -0.846810 -1.142097 8
-1.422576 -0.878283 -1.148520 8
-1.540038 -0.733261 -1.117932 8
-1.596828 -0.734403 -1.118036 8
-1.516713 -1.038840 -1.181825 8
-1.472887 -1.250781 -1.226233 8
-1.386430 -1.542594 -1.287438 8
-1.465923 -1.481368 -1.274556 8
-1.521651 -1.471479 -1.272473 8
-1.640511 -1.339913 -1.244869 8
-1.684638 -1.357749 -1.248652 8
-1.783469 -1.274013 -1.231138 8
-1.811713 -1.323359 -1.241584 8
-1.934732 -1.203175 -1.216475 8
1.921123 6.034550 0.344128 5
1.383821 2.006532 -0.513509 11
1.285187 1.768617 -0.562413 2
1.204345 1.683644 -0.578711 6
1.126829 1.619237 -0.590671 6
1.059914 1.697001 -0.572169 6
0.987202 1.695949 -0.570600 6
0.921019 1.837250 -0.538428 2
0.850777 1.940949 -0.514319 10
0.761617 1.382867 -0.632906 10
0.686165 0.996582 -0.714689 10
0.614394 -0.055794 -0.940618 10
0.560045 -0.276066 -0.987030 10
0.508049 -0.353313 -1.002588 10
0.458427 -0.467533 -1.026212 10
0.409426 -0.533961 -1.039535 10
0.365223 -0.681815 -1.070587 10
0.323576 -0.823760 -1.100433 10
0.277111 -0.845666 -1.104236 10
0.228519 -0.833286 -1.100598 10
0.180518 -0.831837 -1.099355 10
0.131319 -0.818634 -1.095563 10
0.092384 -0.908816 -1.114356 10
0.042228 -0.884267 -1.108128 10
-0.002411 -0.909570 -1.112809 10
-0.035273 -1.020748 -1.136311 10
-0.074333 -1.073687 -1.147109 10
-0.118283 -1.088460 -1.149575 10
-0.175615 -1.019993 -1.133801 10
-0.220173 -1.034284 -1.136188 10
-0.272982 -1.002746 -1.128526 10
-0.300132 -1.108228 -1.150993 10
-0.347193 -1.106064 -1.149825 10
-0.399484 -1.080476 -1.143515 10
-0.449508 -1.068215 -1.140148 10
-0.494185 -1.080723 -1.142252 10
-0.545007 -1.067915 -1.138791 10
-0.590218 -1.079024 -1.140619 10
-0.636909 -1.084557 -1.141235 10
-0.691585 -1.061626 -1.135576 10
-0.740056 -1.062916 -1.135282 10
-0.803904 -1.013294 -1.123740 10
-0.851243 -1.021605 -1.125025 10
-0.914740 -0.979593 -1.115182 10
-0.949996 -1.026919 -1.125139 10
-1.008178 -1.004835 -1.119735 10
-1.088125 -0.923148 -1.101123 10
-1.135077 -0.938370 -1.104011 10
-1.171376 -0.982146 -1.113257 10
-1.227773 -0.972134 -1.110582 10
-1.302581 -0.917189 -1.097938 10
-1.435357 -0.724071 -1.054590 10
-1.470005 -0.776659 -1.065856 8
-1.637253 -0.519541 -1.008260 8
-1.648653 -0.884594 -1.088367 8
-1.605191 -1.095222 -1.134949 8
-1.601328 -1.215696 -1.161490 8
-1.523048 -1.479588 -1.220023 8
-1.613885 -1.403030 -1.202713 8
-1.669143 -1.398576 -1.201487 8
-1.780873 -1.290570 -1.177183 8
-1.860956 -1.245843 -1.167000 8
-1.927429 -1.228269 -1.162887 8
1.922454 5.987507 0.470302 5
1.388813 2.014057 -0.422192 11
1.292539 1.805350 -0.467352 2
1.214113 1.755992 -0.476650 2
1.137650 1.718256 -0.483368 6
1.064342 1.715882 -0.482122 6
1.004530 1.954367 -0.426325 11
0.929814 1.967957 -0.421447 11
0.836374 1.463781 -0.534143 10
0.752467 0.941874 -0.651122 10
0.682360 0.637108 -0.718957 10
0.615122 -0.179549 -0.903520 10
0.561565 -0.340681 -0.939033 10
0.510241 -0.432797 -0.958885 10
0.460349 -0.509231 -0.975208 10
0.413717 -0.639076 -1.003788 10
0.370896 -0.798628 -1.039233 10
0.323069 -0.805231 -1.039729 10
0.280629 -0.896163 -1.059569 10
0.229361 -0.842038 -1.046179 10
0.180673 -0.832887 -1.043106 10
0.139784 -0.910652 -1.060016 10
0.088694 -0.874855 -1.050846 10
0.045529 -0.916571 -1.059518 10
-0.001391 -0.921740 -1.059797 10
-0.041658 -0.977123 -1.071667 10
-0.085742 -0.998815 -1.075794 10
-0.130812 -1.012051 -1.077985 10
-0.177264 -1.016015 -1.078049 10
-0.225110 -1.012310 -1.076350 10
-0.253424 -1.116460 -1.099629 10
-0.309212 -1.068460 -1.087703 10
-0.355144 -1.074519 -1.088305 10
-0.410991 -1.034521 -1.078231 10
-0.447158 -1.086801 -1.089581 10
-0.482833 -1.137426 -1.100573 10
-0.546481 -1.070492 -1.084254 10
-0.598596 -1.055028 -1.079900 10
-0.635909 -1.097292 -1.088992 10
-0.685100 -1.094282 -1.087557 10
-0.740067 -1.072276 -1.081701 10
-0.796225 -1.048739 -1.075489 10
-0.870115 -0.970306 -1.056460 10
-0.901262 -1.031851 -1.070123 10
-0.969169 -0.979025 -1.057073 10
-1.013776 -0.998766 -1.060994 10
-1.091483 -0.924281 -1.042870 10
-1.145389 -0.920767 -1.041359 10
-1.199185 -0.918722 -1.040200 10
-1.299775 -0.796498 -1.010863 10
-1.377330 -0.740221 -0.996977 10
-1.433793 -0.739723 -0.996182 10
-1.658178 -0.483658 -0.934658 8
-1.552978 -1.215891 -1.104487 8
-1.920795 -0.576653 -0.953252 8
-1.685175 -1.168364 -1.092176 8
-1.717158 -1.213954 -1.102390 8
-1.724630 -1.304833 -1.123314 8
-1.766615 -1.328672 -1.128433 8
-1.949239 -1.098259 -1.073483 8
1.391223 1.996854 -0.336104 11
1.297720 1.818767 -0.376523 2
1.226308 1.855615 -0.365980 2
1.154342 1.893344 -0.355225 2
1.084734 1.976795 -0.333584 11
1.008484 1.969546 -0.333529 11
0.929493 1.898065 -0.348812 10
0.823808 1.046370 -0.550406 10
0.745843 0.607686 -0.653706 10
0.671545 -0.139571 -0.831023 10
0.615844 -0.295032 -0.867003 10
0.562952 -0.373827 -0.884688 10
0.512048 -0.485485 -0.910299 10
0.463607 -0.608810 -0.938769 10
0.418729 -0.766818 -0.975634 10
0.370661 -0.778834 -0.977462 10
0.324795 -0.828760 -0.988429 10
0.279244 -0.868782 -0.997037 10
0.231058 -0.862532 -0.994510 10
0.186785 -0.905903 -1.003964 10
0.139053 -0.903492 -1.002383 10
0.098204 -0.969406 -1.017325 10
0.060588 -1.053148 -1.036616 10
0.009679 -1.015768 -1.026611 10
-0.038276 -1.007127 -1.023563 10
-0.093313 -0.950992 -1.008994 10
-0.138432 -0.967944 -1.012154 10
-0.174122 -1.041440 -1.029065 10
-0.211718 -1.096182 -1.041450 10
-0.257674 -1.100142 -1.041501 10
-0.311959 -1.061542 -1.031190 10
-0.364315 -1.037143 -1.024330 10
-0.408739 -1.052953 -1.027275 10
-0.448378 -1.089478 -1.035289 10
-0.493933 -1.098475 -1.036594 10
-0.541311 -1.100161 -1.036118 10
-0.588969 -1.101485 -1.035557 10
-0.620234 -1.165067 -1.050251 10
-0.695763 -1.065001 -1.024853 10
-0.743511 -1.069720 -1.025129 10
-0.833003 -0.935205 -0.991221 10
-0.875573 -0.962629 -0.997059 10
-0.909559 -1.015940 -1.009277 10
-0.975354 -0.970616 -0.997242 10
-1.050613 -0.901468 -0.979324 10
-1.096531 -0.920677 -0.983163 10
-1.168830 -0.867264 -0.969096 10
-1.229760 -0.848285 -0.963512 10
-1.280879 -0.856769 -0.964707 10
-1.367954 -0.775456 -0.943706 10
-1.758570 -1.145595 -1.026851 8
-1.751250 -1.266172 -1.056074 8
-1.766942 -1.339731 -1.073612 8
1.397272 2.013884 -0.241420 11
1.316673 1.975032 -0.249323 11
1.245899 2.039676 -0.231445 11
1.170783 2.062757 -0.223917 11
1.090525 2.013657 -0.234416 11
1.018341 2.089041 -0.213819 11
0.906332 1.336535 -0.400380 10
0.811964 0.656485 -0.569138 10
0.732303 0.020592 -0.727136 10
0.671208 -0.258503 -0.795891 10
0.616948 -0.345367 -0.816494 10
0.564555 -0.476884 -0.848364 10
0.514119 -0.559479 -0.867986 10
0.467733 -0.747403 -0.914173 10
0.417313 -0.700760 -0.901322 10
0.367693 -0.695158 -0.898806 10
0.327699 -0.874601 -0.943012 10
0.277476 -0.835210 -0.931997 10
0.237469 -0.947797 -0.959405 10
0.189588 -0.938947 -0.956122 10
0.146110 -0.980301 -0.965557 10
0.098048 -0.969849 -0.961872 10
0.048521 -0.949111 -0.955573 10
0.010272 -1.024399 -0.973659 10
-0.038467 -1.010236 -0.969035 10
-0.089022 -0.986220 -0.961897 10
-0.134276 -1.000841 -0.964589 10
-0.172083 -1.060086 -0.978662 10
-0.211638 -1.103160 -0.988635 10
-0.251345 -1.141470 -0.997410 10
-0.320556 -1.024543 -0.966525 10
-0.358774 -1.071913 -0.977614 10
-0.400955 -1.097132 -0.983052 10
-0.443239 -1.120433 -0.988008 10
-0.504744 -1.060944 -0.971740 10
-0.544684 -1.095039 -0.979465 10
-0.593347 -1.093225 -0.977977 10
-0.639943 -1.100173 -0.978740 10
-0.689678 -1.096178 -0.976686 10
-0.769385 -0.989476 -0.948172 10
-0.844293 -0.907377 -0.925950 10
-0.877333 -0.966972 -0.940250 10
-0.908533 -1.029206 -0.955255 10
-0.956542 -1.037625 -0.956373 10
-1.059623 -0.885819 -0.916038 10
-1.108084 -0.898773 -0.918293 10
-1.157339 -0.909737 -0.920035 10
-1.230484 -0.857550 -0.905394 10
-1.289753 -0.845189 -0.901064 10
-1.359569 -0.808110 -0.890299 10
-1.526688 -0.537116 -0.818667 10
-1.588940 -0.530438 -0.815715 10
1.477357 2.001723 -0.155131 11
1.401775 2.016034 -0.149704 11
1.320829 1.976348 -0.158361 11
1.247593 2.014921 -0.146594 11
1.170283 2.008935 -0.146456 11
1.094557 2.023369 -0.140976 11
1.017688 2.021214 -0.139832 11
0.885031 0.823645 -0.451976 10
0.801274 0.305100 -0.586543 10
0.729686 -0.145960 -0.703622 10
0.671727 -0.323178 -0.748950 10
0.617860 -0.420499 -0.773343 10
0.565780 -0.467380 -0.784502 10
0.516927 -0.692531 -0.842639 10
0.467306 -0.688976 -0.840577 10
0.417929 -0.695826 -0.841255 10
0.374249 -0.833461 -0.876474 10
0.326955 -0.851436 -0.880122 10
0.284783 -0.946161 -0.904079 10
0.236154 -0.926938 -0.897903 10
0.188260 -0.922080 -0.895522 10
0.145323 -0.972547 -0.907809 10
0.103116 -1.021110 -0.919609 10
0.056196 -1.020114 -0.918258 10
0.010362 -1.028952 -0.919518 10
-0.043073 -0.980182 -0.905441 10
-0.086657 -1.007948 -0.911728 10
-0.131948 -1.021769 -0.914303 10
-0.168127 -1.090431 -0.931516 10
-0.212190 -1.106517 -0.934711 10
-0.259412 -1.104501 -0.933067 10
-0.303166 -1.121395 -0.936476 10
-0.356081 -1.092696 -0.927674 10
-0.407010 -1.076859 -0.922299 10
-0.448744 -1.104128 -0.928478 10
-0.495199 -1.109854 -0.928876 10
-0.557774 -1.050567 -0.911789 10
-0.601928 -1.068696 -0.915498 10
-0.647835 -1.079734 -0.917298 10
-0.697501 -1.077318 -0.915468 10
-0.766751 -1.008236 -0.895634 10
-0.823360 -0.987187 -0.888732 10
-0.866308 -1.012499 -0.894346 10
-0.917739 -1.010657 -0.892613 10
-1.027457 -0.834621 -0.843672 10
-1.056090 -0.906805 -0.861947 10
-1.086331 -0.970915 -0.878057 10
-1.181164 -0.855581 -0.845425 10
-1.232005 -0.864728 -0.846581 10
-1.312300 -0.798546 -0.827216 10
-1.433637 -0.634556 -0.781140 10
-1.488792 -0.641592 -0.781626 10
1.482692 2.008688 -0.061602 11
1.407586 2.030120 -0.054147 11
1.327731 2.005648 -0.059200 11
1.255421 2.060559 -0.042573 11
1.178690 2.070925 -0.038087 11
1.093624 1.958731 -0.067110 11
1.019446 1.996236 -0.055192 11
0.869703 0.445482 -0.478370 10
0.788607 -0.093057 -0.624686 10
0.727800 -0.282041 -0.675311 10
0.671878 -0.407477 -0.708560 10
0.618697 -0.501602 -0.733251 10
0.567288 -0.557290 -0.747402 10
0.518817 -0.757282 -0.801297 10
0.470115 -0.771980 -0.804220 10
0.421457 -0.779862 -0.805262 10
0.376277 -0.866381 -0.828002 10
0.330120 -0.902342 -0.836808 10
0.284896 -0.942557 -0.846798 10
0.239007 -0.963367 -0.851428 10
0.193147 -0.980316 -0.854989 10
0.145307 -0.973103 -0.851852 10
0.102554 -1.017603 -0.863048 10
0.058082 -1.039789 -0.868059 10
0.012119 -1.047058 -0.868926 10
-0.034217 -1.051268 -0.868934 10
-0.074120 -1.100604 -0.881499 10
-0.125983 -1.066361 -0.870785 10
-0.160142 -1.145325 -0.891622 10
-0.212328 -1.112282 -0.881214 10
-0.260328 -1.106476 -0.878390 10
-0.311502 -1.085845 -0.871403 10
-0.355566 -1.102838 -0.874928 10
-0.396498 -1.133594 -0.882307 10
-0.456883 -1.076271 -0.864979 10
-0.505554 -1.074462 -0.863196 10
-0.555095 -1.070166 -0.860700 10
-0.605810 -1.062559 -0.857255 10
-0.644510 -1.101253 -0.866834 10
-0.699388 -1.079872 -0.859481 10
-0.749163 -1.078600 -0.857777 10
-0.790868 -1.105188 -0.863929 10
-0.860312 -1.041744 -0.844614 10
-0.902696 -1.067481 -0.850498 10
-0.984109 -0.975366 -0.822973 10
-1.065992 -0.888753 -0.796936 10
-1.130517 -0.857352 -0.786511 10
-1.177469 -0.876768 -0.790502 10
-1.257908 -0.807459 -0.769222 10
-1.327333 -0.771483 -0.757379 10
-1.412838 -0.698492 -0.734928 10
1.484907 1.988892 0.025044 11
1.409713 2.009654 0.032475 11
1.317544 1.859574 -0.008737 2
1.250934 1.964960 0.022839 2
1.161514 1.802350 -0.021980 2
1.093559 1.907468 0.009588 2
1.021382 1.974368 0.030300 11
0.854044 0.066212 -0.513655 10
0.785087 -0.240235 -0.600101 10
0.727656 -0.351942 -0.630902 10
0.672377 -0.469581 -0.663437 10
0.619853 -0.535455 -0.681164 10
0.568716 -0.628940 -0.706832 10
0.520406 -0.799681 -0.754721 10
0.471526 -0.793999 -0.751954 10
0.424011 -0.834573 -0.762480 10
0.376753 -0.862941 -0.769496 10
0.332597 -0.940326 -0.790639 10
0.285555 -0.947633 -0.791590 10
0.239973 -0.973849 -0.797989 10
0.195107 -1.003192 -0.805290 10
0.147726 -0.999910 -0.803156 10
0.104296 -1.036508 -0.812548 10
0.055746 -1.022103 -0.807168 10
0.005661 -0.998466 -0.799086 10
-0.037503 -1.031189 -0.807336 10
-0.074751 -1.101344 -0.826461 10
-0.118692 -1.119505 -0.830488 10
-0.162164 -1.139109 -0.834929 10
-0.208874 -1.138675 -0.833526 10
-0.262121 -1.103739 -0.822043 10
-0.295064 -1.177497 -0.842254 10
-0.346697 -1.153661 -0.833971 10
-0.392455 -1.160208 -0.834543 10
-0.451539 -1.108138 -0.817937 10
-0.499460 -1.108699 -0.816707 10
-0.550734 -1.096545 -0.811728 10
-0.592006 -1.125037 -0.818660 10
-0.646990 -1.101142 -0.810186 10
-0.696735 -1.098720 -0.807997 10
-0.754409 -1.070070 -0.798055 10
-0.792821 -1.108364 -0.807824 10
-0.868553 -1.025302 -0.781750 10
-0.924494 -1.010075 -0.775658 10
-0.994329 -0.955211 -0.757796 10
-1.066319 -0.898589 -0.739350 10
-1.124682 -0.884732 -0.733531 10
-1.180114 -0.880683 -0.730591 10
-1.293652 -0.724565 -0.682377 10
1.488204 1.978180 0.114498 2
1.402335 1.901481 0.093167 2
1.317423 1.817220 0.069589 2
1.238414 1.779103 0.059718 2
1.163865 1.786735 0.063461 2
1.090262 1.809055 0.071605 2
0.937226 0.467617 -0.326275 10
0.847117 -0.125020 -0.501574 10
0.783491 -0.334132 -0.562746 10
0.726530 -0.455830 -0.597904 10
0.673440 -0.498530 -0.609506 10
0.620946 -0.576158 -0.631545 10
0.570137 -0.710143 -0.670453 10
0.521682 -0.817552 -0.701449 10
0.473654 -0.848213 -0.709488 10
0.424644 -0.830323 -0.702968 10
0.381396 -0.957637 -0.739982 10
0.336408 -1.003810 -0.752676 10
0.291022 -1.029570 -0.759240 10
0.241820 -0.996464 -0.748091 10
0.198227 -1.040094 -0.760005 10
0.156793 -1.098323 -0.776321 10
0.107568 -1.070268 -0.766627 10
0.058578 -1.050158 -0.759296 10
0.004610 -0.993840 -0.740993 10
-0.022386 -1.149051 -0.786604 10
-0.071864 -1.126596 -0.778504 10
-0.126493 -1.074527 -0.761398 10
-0.166466 -1.119061 -0.773536 10
-0.202693 -1.180653 -0.790856 10
-0.247404 -1.190333 -0.792417 10
-0.296886 -1.175414 -0.786478 10
-0.351781 -1.136550 -0.773214 10
-0.408281 -1.094893 -0.759050 10
-0.461355 -1.073086 -0.750892 10
-0.497422 -1.125776 -0.765454 10
-0.547215 -1.119484 -0.761986 10
-0.597765 -1.111670 -0.758023 10
-0.646502 -1.112113 -0.756559 10
-0.708250 -1.066962 -0.741076 10
-0.772660 -1.016931 -0.724034 10
-0.841128 -0.957984 -0.704183 10
-0.860795 -1.060157 -0.733885 10
-0.930616 -1.001409 -0.714010 10
-1.011248 -0.915204 -0.685581 10
-1.048485 -0.960944 -0.697846 10
-1.114286 -0.924826 -0.684775 10
-1.179044 -0.894736 -0.673511 10
1.493165 1.981281 0.208574 2
1.407473 1.909010 0.187591 2
1.320291 1.805313 0.156904 2
1.242311 1.780154 0.150505 2
1.169516 1.813002 0.162085 2
1.081465 1.631318 0.107278 10
0.911016 -0.025518 -0.404672 10
0.843440 -0.246195 -0.471945 10
0.783315 -0.389459 -0.515263 10
0.728296 -0.455060 -0.534501 10
0.673679 -0.572482 -0.569844 10
0.621243 -0.713994 -0.612704 10
0.571421 -0.738330 -0.619141 10
0.523668 -0.894336 -0.666566 10
0.474443 -0.842600 -0.649300 10
0.430021 -0.973238 -0.688864 10
0.383527 -0.993401 -0.693984 10
0.336896 -1.004010 -0.696105 10
0.291564 -1.032811 -0.703895 10
0.244168 -1.025984 -0.700526 10
0.203277 -1.100335 -0.722551 10
0.154599 -1.075414 -0.713474 10
0.102206 -1.020175 -0.694845 10
0.058848 -1.055558 -0.704617 10
0.017862 -1.105170 -0.718856 10
-0.028005 -1.111516 -0.719484 10
-0.078008 -1.089059 -0.711019 10
-0.121836 -1.110513 -0.716355 10
-0.164631 -1.136425 -0.723084 10
-0.199657 -1.204568 -0.743141 10
-0.239646 -1.239137 -0.752599 10
-0.288882 -1.223608 -0.746193 10
-0.360688 -1.100997 -0.705813 10
-0.412736 -1.082357 -0.698303 10
-0.469651 -1.044903 -0.684774 10
-0.500849 -1.119855 -0.706929 10
-0.553366 -1.103462 -0.700028 10
-0.601154 -1.107568 -0.699617 10
-0.642794 -1.135034 -0.706631 10
-0.719849 -1.035098 -0.672930 10
-0.778402 -1.006994 -0.662093 10
-0.811941 -1.064562 -0.678639 10
-0.880232 -1.008155 -0.658645 10
-0.950177 -0.951432 -0.638466 10
-1.003208 -0.949827 -0.635924 10
-1.064719 -0.924846 -0.625817 10
-1.158565 -0.812106 -0.587350 10
1.400675 1.807245 0.247736 2
1.324473 1.806458 0.248752 2
1.246445 1.783552 0.242701 6
1.163607 1.692448 0.214746 6
1.076691 1.513933 0.158666 10
0.903242 -0.198464 -0.391466 10
0.841643 -0.327117 -0.431835 10
0.783075 -0.445742 -0.468991 10
0.728060 -0.524925 -0.493436 10
0.674627 -0.606147 -0.518543 10
0.622495 -0.729247 -0.557186 10
0.572663 -0.746176 -0.561522 10
0.523860 -0.821817 -0.584835 10
0.477142 -0.923696 -0.616651 10
0.428987 -0.917283 -0.613390 10
0.381425 -0.928843 -0.615924 10
0.334517 -0.949287 -0.621318 10
0.289774 -0.998634 -0.636082 10
0.244997 -1.034587 -0.646487 10
0.197744 -1.032603 -0.644535 10
0.152773 -1.056484 -0.650976 10
0.112309 -1.120234 -0.670397 10
0.067546 -1.135384 -0.673966 10
0.018946 -1.117805 -0.666822 10
-0.022917 -1.154137 -0.677262 10
-0.071291 -1.140933 -0.671481 10
-0.117252 -1.145977 -0.671636 10
-0.161197 -1.163493 -0.675852 10
-0.201931 -1.198129 -0.685667 10
-0.252649 -1.175917 -0.676790 10
-0.286040 -1.245360 -0.698017 10
-0.351962 -1.151034 -0.665321 10
-0.408849 -1.108365 -0.649553 10
-0.448096 -1.148060 -0.660906 10
-0.488286 -1.181151 -0.670071 10
-0.543245 -1.152945 -0.658941 10
-0.599076 -1.124601 -0.647705 10
-0.657324 -1.090475 -0.634489 10
-0.721421 -1.039091 -0.615472 10
-0.774737 -1.029369 -0.610227 10
-0.836974 -0.991853 -0.595675 10
-0.897931 -0.961987 -0.583599 10
-0.954312 -0.949190 -0.577152 10
-1.008889 -0.943576 -0.573051 10
-1.105268 -0.819032 -0.529068 10
1.405826 1.814746 0.342482 2
1.313447 1.655132 0.290415 6
1.234892 1.611812 0.277170 6
1.158909 1.588271 0.270569 6
0.968952 -0.085793 -0.287562 10
0.899680 -0.298102 -0.357503 10
0.839694 -0.410158 -0.393946 10
0.782217 -0.517181 -0.428711 10
0.726910 -0.625251 -0.463833 10
0.673377 -0.756550 -0.506750 10
0.623873 -0.730046 -0.496760 10
0.573991 -0.807923 -0.521756 10
0.525604 -0.879496 -0.544635 10
0.478461 -0.942418 -0.564605 10
0.429683 -0.914853 -0.554132 10
0.382239 -0.933173 -0.559057 10
0.336565 -0.979159 -0.573275 10
0.289694 -0.991790 -0.576236 10
0.241625 -0.985210 -0.572684 10
0.200447 -1.064470 -0.598086 10
0.150338 -1.030997 -0.585387 10
0.110431 -1.103994 -0.608657 10
0.070694 -1.166161 -0.628267 10
0.020693 -1.135808 -0.616515 10
-0.023706 -1.152811 -0.620776 10
-0.069698 -1.157192 -0.620723 10
-0.112507 -1.182435 -0.627729 10
-0.156531 -1.198000 -0.631419 10
-0.206579 -1.178217 -0.623037 10
-0.247289 -1.211779 -0.632799 10
-0.298200 -1.190655 -0.623870 10
-0.359326 -1.123145 -0.599024 10
-0.397960 -1.166551 -0.612052 10
-0.455207 -1.125161 -0.596011 10
-0.499160 -1.144064 -0.600582 10
-0.550430 -1.132899 -0.594795 10
-0.625856 -1.030689 -0.557633 10
-0.666273 -1.066766 -0.567970 10
-0.719592 -1.055208 -0.561863 10
-0.779125 -1.024217 -0.548985 10
-0.844852 -0.976010 -0.530076 10
-0.888641 -1.001836 -0.536713 10
-0.954286 -0.959802 -0.519786 10
-1.004220 -0.968136 -0.520263 10
-1.083885 -0.891567 -0.491156 10
1.396782 1.693678 0.393630 6
1.309266 1.573272 0.353051 6
1.235106 1.572091 0.353775 6
1.158543 1.539133 0.343552 6
0.963298 -0.203597 -0.259180 10
0.896707 -0.386734 -0.321690 10
0.838348 -0.479976 -0.353036 10
0.783608 -0.530497 -0.369544 10
0.728649 -0.624771 -0.401226 10
0.675130 -0.745027 -0.441936 10
0.624881 -0.773607 -0.450773 10
0.575275 -0.851945 -0.476897 10
0.526516 -0.865726 -0.480535 10
0.479468 -0.946663 -0.507542 10
0.432547 -0.980614 -0.518162 10
0.384407 -0.969760 -0.513120 10
0.337410 -0.985979 -0.517487 10
0.289764 -0.987305 -0.516615 10
0.243221 -1.004332 -0.521195 10
0.201765 -1.079576 -0.546131 10
0.157643 -1.110405 -0.555503 10
0.113679 -1.137491 -0.563539 10
0.073872 -1.197180 -0.583000 10
0.022219 -1.152021 -0.565605 10
-0.016085 -1.214269 -0.585927 10
-0.065936 -1.188471 -0.575239 10
-0.111219 -1.196503 -0.576417 10
-0.160662 -1.179192 -0.568612 10
-0.198595 -1.230350 -0.584942 10
-0.245399 -1.228941 -0.582672 10
-0.295246 -1.213062 -0.575232 10
-0.344359 -1.203213 -0.569870 10
-0.392299 -1.200585 -0.567016 10
-0.429735 -1.245067 -0.580858 10
-0.488794 -1.196020 -0.561405 10
-0.568055 -1.071212 -0.514861 10
-0.620052 -1.062242 -0.509483 10
-0.670119 -1.062020 -0.507170 10
-0.722362 -1.055046 -0.502388 10
-0.794043 -0.983264 -0.474324 10
-0.841874 -0.995982 -0.476453 10
-0.924295 -0.899126 -0.439160 10
-0.981820 -0.886076 -0.431869 10
-1.041662 -0.868028 -0.422701 10
-1.179542 -0.628660 -0.333548 10
1.312456 1.564950 0.440714 6
1.237740 1.559157 0.439697 6
1.027444 -0.132683 -0.166361 10
0.958576 -0.306882 -0.227990 10
0.896121 -0.434677 -0.272957 10
0.838361 -0.521766 -0.303289 10
0.783895 -0.571721 -0.320251 10
0.727253 -0.730841 -0.376463 10
0.677013 -0.727808 -0.374313 10
0.625732 -0.832581 -0.410951 10
0.576644 -0.994977 -0.468363 10
0.528944 -0.986382 -0.464124 10
0.481115 -0.980693 -0.460883 10
0.433167 -0.975692 -0.457842 10
0.387017 -1.017078 -0.471520 10
0.338725 -1.001797 -0.464673 10
0.292362 -1.023422 -0.471133 10
0.247609 -1.062037 -0.483716 10
0.204922 -1.116947 -0.502185 10
0.155872 -1.092083 -0.491682 10
0.118775 -1.188874 -0.525320 10
0.066380 -1.134154 -0.503869 10
0.019534 -1.134231 -0.502282 10
-0.009991 -1.264258 -0.548005 10
-0.054507 -1.272771 -0.549447 10
-0.112611 -1.193285 -0.518708 10
-0.160045 -1.189200 -0.515424 10
-0.201801 -1.218751 -0.524398 10
-0.248894 -1.217203 -0.521950 10
-0.306763 -1.161968 -0.499753 10
-0.349708 -1.185163 -0.506264 10
-0.391775 -1.211009 -0.513717 10
-0.449431 -1.167206 -0.495493 10
-0.492607 -1.188658 -0.501234 10
-0.542129 -1.183809 -0.497230 10
-0.612209 -1.101547 -0.464542 10
-0.658431 -1.114472 -0.466956 10
-0.691661 -1.173235 -0.486319 10
-0.800350 -0.971854 -0.409089 10
-0.843341 -1.001376 -0.417444 10
-0.900506 -0.984959 -0.408658 10
-0.963296 -0.953456 -0.394160 10
1.318781 1.587263 0.540269 6
1.093483 -0.062506 -0.071362 10
1.021062 -0.245535 -0.138527 10
0.956017 -0.378529 -0.187094 10
0.894530 -0.498845 -0.230933 10
0.836991 -0.590712 -0.264175 10
0.782672 -0.650183 -0.285339 10
0.728715 -0.739286 -0.317506 10
0.677541 -0.780592 -0.331847 10
0.626013 -0.949468 -0.393714 10
0.577826 -0.970083 -0.400296 10
0.530046 -0.990039 -0.406590 10
0.483123 -1.031984 -0.421056 10
0.435244 -1.017001 -0.414211 10
0.386864 -0.998149 -0.405858 10
0.341674 -1.049118 -0.423582 10
0.296080 -1.077616 -0.432864 10
0.252385 -1.125154 -0.449252 10
0.207288 -1.144740 -0.455126 10
0.166290 -1.204965 -0.476227 10
0.112886 -1.133820 -0.447919 10
0.072196 -1.188428 -0.466838 10
0.023028 -1.166363 -0.456857 10
-0.017097 -1.215896 -0.473808 10
-0.059471 -1.243623 -0.482510 10
-0.103054 -1.260689 -0.487151 10
-0.152674 -1.240004 -0.477467 10
-0.207979 -1.190367 -0.456743 10
-0.252998 -1.202298 -0.459268 10
-0.304631 -1.180304 -0.448865 10
-0.350593 -1.188716 -0.449943 10
-0.398599 -1.187842 -0.447434 10
-0.446956 -1.186410 -0.444652 10
-0.498152 -1.174174 -0.437684 10
-0.568960 -1.085705 -0.401505 10
-0.606024 -1.134436 -0.417680 10
-0.651867 -1.147988 -0.420361 10
-0.727621 -1.055942 -0.382456 10
-0.790705 -1.014726 -0.363919 10
-0.857045 -0.966804 -0.342682 10
-0.904754 -0.982021 -0.345667 10
-0.967091 -0.952594 -0.331353 10
1.085517 -0.181861 -0.045922 10
1.015990 -0.341211 -0.106380 10
0.953438 -0.449791 -0.147307 10
0.892643 -0.567227 -0.191610 10
0.839457 -0.583263 -0.196885 10
0.782950 -0.690501 -0.237205 10
0.729661 -0.765083 -0.264931 10
0.677235 -0.874033 -0.305868 10
0.627216 -0.966153 -0.340307 10
0.579056 -0.996225 -0.350796 10
0.530935 -0.973174 -0.340738 10
0.483614 -1.011582 -0.354348 10
0.436314 -1.026227 -0.358736 10
0.389158 -1.037972 -0.361953 10
0.344054 -1.085558 -0.378993 10
0.299306 -1.123974 -0.392451 10
0.254101 -1.145986 -0.399515 10
0.206585 -1.135386 -0.393880 10
0.161644 -1.155702 -0.400188 10
0.114980 -1.156127 -0.398718 10
0.073811 -1.205689 -0.416311 10
0.026434 -1.197760 -0.411488 10
-0.014383 -1.240713 -0.426440 10
-0.069878 -1.177024 -0.399739 10
-0.112325 -1.206774 -0.409438 10
-0.151223 -1.255026 -0.426339 10
-0.205018 -1.213928 -0.408226 10
-0.243374 -1.260926 -0.424559 10
-0.297487 -1.224002 -0.407923 10
-0.347569 -1.211092 -0.400628 10
-0.384800 -1.259020 -0.417203 10
-0.436520 -1.240273 -0.407481 10
-0.484014 -1.241671 -0.405625 10
-0.552844 -1.158946 -0.370450 10
-0.609919 -1.128826 -0.355936 10
-0.665667 -1.106899 -0.344564 10
-0.748273 -0.993093 -0.296613 10
-0.810515 -0.957734 -0.279643 10
-0.851256 -0.996091 -0.291913 10
-0.974203 -0.773891 -0.200201 10
1.151446 -0.121743 0.047651 10
1.081504 -0.257314 -0.005506 10
1.012846 -0.412494 -0.066408 10
0.951643 -0.509497 -0.104179 10
0.893877 -0.584153 -0.133030 10
0.831976 -0.770742 -0.206328 10
0.781074 -0.783167 -0.210371 10
0.729029 -0.842349 -0.232954 10
0.677328 -0.945551 -0.273019 10
0.628432 -0.981742 -0.286376 10
0.580270 -0.964904 -0.278554 10
0.532197 -0.990255 -0.287482 10
0.484737 -1.020792 -0.298430 10
0.436665 -1.012231 -0.293719 10
0.391672 -1.083259 -0.320742 10
0.347179 -1.136504 -0.340633 10
0.303083 -1.179293 -0.356309 10
0.257039 -1.183755 -0.356599 10
0.209206 -1.166268 -0.348029 10
0.167588 -1.220417 -0.368128 10
0.122596 -1.231885 -0.371060 10
0.070206 -1.177047 -0.347280 10
0.031115 -1.239413 -0.370559 10
-0.017519 -1.222047 -0.361703 10
-0.062622 -1.232401 -0.363946 10
-0.104473 -1.263124 -0.374355 10
-0.150617 -1.264968 -0.373054 10
-0.200165 -1.248194 -0.364152 10
-0.252669 -1.218403 -0.349891 10
-0.297353 -1.232205 -0.353216 10
-0.346810 -1.222596 -0.346975 10
-0.396149 -1.215357 -0.341617 10
-0.439289 -1.236624 -0.347790 10
-0.484064 -1.250094 -0.350734 10
-0.551773 -1.172234 -0.316312 10
-0.618114 -1.106956 -0.286869 10
-0.663667 -1.123781 -0.290906 10
-0.738675 -1.036816 -0.252294 10
-0.801112 -0.999806 -0.234019 10
-0.863964 -0.965107 -0.216563 10
-0.972552 -0.790154 -0.141132 10
1.224322 -0.016336 0.162139 10
1.141082 -0.252965 0.065711 10
1.074786 -0.361277 0.021901 10
1.014799 -0.421461 -0.002127 10
0.951741 -0.542494 -0.051046 10
0.891626 -0.657457 -0.097434 10
0.829981 -0.849164 -0.175278 10
0.780849 -0.834487 -0.168387 10
0.729701 -0.876232 -0.184595 10
0.677905 -0.992009 -0.231172 10
0.629834 -0.979598 -0.225022 10
0.581506 -1.024138 -0.242228 10
0.533408 -1.002130 -0.231991 10
0.485741 -1.024002 -0.239749 10
0.438729 -1.053311 -0.250515 10
0.391100 -1.053784 -0.249334 10
0.349901 -1.179757 -0.299893 10
0.301334 -1.145367 -0.284209 10
0.254946 -1.151854 -0.285336 10
0.216583 -1.254758 -0.326301 10
0.169398 -1.240631 -0.318795 10
0.120137 -1.210111 -0.304413 10
0.076453 -1.235054 -0.312954 10
0.030039 -1.234681 -0.310928 10
-0.018725 -1.217791 -0.301962 10
-0.066062 -1.214033 -0.298376 10
-0.098436 -1.307722 -0.335331 10
-0.158806 -1.222066 -0.297464 10
-0.202354 -1.242614 -0.303809 10
-0.254380 -1.216509 -0.290586 10
-0.292836 -1.262552 -0.307479 10
-0.351094 -1.210003 -0.282995 10
-0.387959 -1.260842 -0.301796 10
-0.440791 -1.238559 -0.289825 10
-0.496255 -1.208278 -0.274379 10
-0.569729 -1.110142 -0.230194 10
-0.605585 -1.163968 -0.249996 10
-0.693556 -1.024437 -0.187973 10
-0.766560 -0.949113 -0.152885 10
-0.848329 -0.850866 -0.107871 10
-0.912465 -0.818055 -0.090449 10
-1.012099 -0.677319 -0.026911 10
1.209755 -0.174069 0.169394 10
1.136186 -0.330384 0.103750 10
1.070350 -0.439898 0.057953 10
1.009014 -0.523741 0.023075 10
0.952295 -0.569098 0.004542 10
0.895377 -0.633776 -0.022099 10
0.838467 -0.725107 -0.059964 10
0.782589 -0.838092 -0.106952 10
0.727482 -1.002130 -0.175538 10
0.679357 -0.996014 -0.171977 10
0.631047 -0.996528 -0.171150 10
0.582761 -0.963500 -0.156012 10
0.534746 -1.026325 -0.181489 10
0.488207 -1.098720 -0.210990 10
0.440977 -1.100628 -0.210484 10
0.395460 -1.144142 -0.227609 10
0.349472 -1.161817 -0.233683 10
0.306121 -1.217101 -0.255724 10
0.257253 -1.180874 -0.238694 10
0.213190 -1.212821 -0.250668 10
0.171219 -1.260975 -0.269518 10
0.126343 -1.272178 -0.272525 10
0.078586 -1.256874 -0.264119 10
0.029582 -1.234980 -0.252798 10
-0.021104 -1.204892 -0.237866 10
-0.071098 -1.184788 -0.227116 10
-0.114191 -1.212539 -0.236845 10
-0.153226 -1.262007 -0.255871 10
-0.200369 -1.260667 -0.252969 10
-0.244352 -1.277171 -0.257687 10
-0.297267 -1.247811 -0.242521 10
-0.334761 -1.296004 -0.260799 10
-0.392795 -1.247069 -0.236962 10
-0.451757 -1.199599 -0.213617 10
-0.487814 -1.251993 -0.233526 10
-0.585177 -1.058310 -0.146311 10
-0.639777 -1.043762 -0.136835 10
-0.682850 -1.073266 -0.146480 10
-0.768637 -0.952112 -0.090182 10
-0.857417 -0.830965 -0.033612 10
-0.903815 -0.857044 -0.041369 10
1.283533 -0.072404 0.285968 10
1.201708 -0.273668 0.198526 10
1.132360 -0.396969 0.145140 10
1.070359 -0.470618 0.113475 10
1.010380 -0.539527 0.083955 10
0.946696 -0.679714 0.023413 10
0.888039 -0.787323 -0.022862 10
0.836293 -0.806790 -0.030607 10
0.783477 -0.862307 -0.054017 10
0.732613 -0.893612 -0.066786 10
0.680780 -1.001901 -0.113135 10
0.632303 -1.009814 -0.115552 10
0.583970 -1.055216 -0.134295 10
0.536270 -1.069705 -0.139447 10
0.490007 -1.141393 -0.169584 10
0.441476 -1.090914 -0.146125 10
0.397351 -1.174613 -0.181420 10
0.350607 -1.174194 -0.179757 10
0.304467 -1.184565 -0.182756 10
0.257882 -1.186624 -0.182025 10
0.206101 -1.126067 -0.153657 10
0.167847 -1.225470 -0.195625 10
0.121576 -1.228138 -0.194939 10
0.072410 -1.205781 -0.183127 10
0.025280 -1.204422 -0.180490 10
-0.018675 -1.227672 -0.188653 10
-0.067165 -1.217278 -0.181857 10
-0.106380 -1.268555 -0.202305 10
-0.145853 -1.312640 -0.219530 10
-0.200244 -1.268244 -0.197397 10
-0.239415 -1.310654 -0.213753 10
-0.288591 -1.299074 -0.206016 10
-0.368832 -1.141449 -0.133016 10
-0.416356 -1.148528 -0.133318 10
-0.461184 -1.167517 -0.138866 10
-0.491039 -1.247492 -0.171674 10
-0.574137 -1.111319 -0.107485 10
-0.626348 -1.104251 -0.101045 10
-0.717529 -0.957249 -0.031486 10
-0.755795 -1.007239 -0.050453 10
-0.852903 -0.856920 0.021110 10
1.267746 -0.226821 0.291295 10
1.195728 -0.354597 0.234099 10
1.132537 -0.424991 0.202769 10
1.064229 -0.566169 0.139724 10
1.004034 -0.647078 0.103836 10
0.941495 -0.783783 0.042943 10
0.888026 -0.823230 0.025841 10
0.840234 -0.771811 0.049691 10
0.784049 -0.893968 -0.004456 10
0.734325 -0.894817 -0.003950 10
0.683522 -0.947387 -0.026648 10
0.632940 -1.078613 -0.084721 10
0.585190 -1.091868 -0.089585 10
0.537965 -1.131994 -0.106491 10
0.490102 -1.099069 -0.090360 10
0.443687 -1.137268 -0.106248 10
0.397221 -1.155553 -0.113072 10
0.353095 -1.212952 -0.137514 10
0.305687 -1.198524 -0.129396 10
0.258239 -1.188585 -0.123215 10
0.213465 -1.214417 -0.133160 10
0.167388 -1.221300 -0.134438 10
0.126014 -1.273094 -0.156037 10
0.072045 -1.205745 -0.123415 10
0.033154 -1.271698 -0.151324 10
-0.009598 -1.299644 -0.161887 10
-0.060310 -1.269783 -0.146016 10
-0.113003 -1.232187 -0.126491 10
-0.161818 -1.223487 -0.120048 10
-0.208726 -1.227455 -0.119302 10
-0.260588 -1.205587 -0.106622 10
-0.313961 -1.179399 -0.091836 10
-0.365781 -1.164206 -0.081975 10
-0.410604 -1.183090 -0.087685 10
-0.474645 -1.118251 -0.054717 10
-0.520084 -1.136786 -0.060059 10
-0.580652 -1.095064 -0.037454 10
-0.648450 -1.030487 -0.004094 10
-0.692842 -1.056846 -0.012726 10
-0.786143 -0.911893 0.058346 10
-0.894970 -0.726842 0.148440 10
1.342283 -0.129553 0.409634 10
1.259433 -0.320943 0.321107 10
1.194587 -0.393290 0.287758 10
1.124862 -0.527312 0.225973 10
1.060987 -0.630545 0.178527 10
0.993383 -0.804445 0.098458 10
0.942445 -0.803876 0.099223 10
0.892273 -0.792104 0.105274 10
0.839129 -0.832520 0.087251 10
0.784247 -0.934196 0.040927 10
0.734279 -0.950764 0.034114 10
0.683909 -1.002403 0.011126 10
0.634648 -1.052292 -0.010980 10
0.586480 -1.058972 -0.012957 10
0.538659 -1.088667 -0.025534 10
0.491194 -1.105836 -0.032214 10
0.444361 -1.132945 -0.043434 10
0.395893 -1.106671 -0.029734 10
0.355156 -1.243447 -0.091862 10
0.309359 -1.252321 -0.094381 10
0.260498 -1.216926 -0.076164 10
0.211975 -1.195489 -0.064342 10
0.168773 -1.236966 -0.081811 10
0.128941 -1.303438 -0.110915 10
0.079472 -1.274023 -0.095089 10
0.033422 -1.277888 -0.094739 10
-0.005318 -1.336045 -0.119776 10
-0.066411 -1.233438 -0.069254 10
-0.117386 -1.210284 -0.055894 10
-0.154268 -1.275217 -0.083890 10
-0.210894 -1.222323 -0.056306 10
-0.265190 -1.188698 -0.037655 10
-0.312941 -1.192407 -0.036510 10
-0.362914 -1.186092 -0.030520 10
-0.406431 -1.210476 -0.038973 10
-0.475234 -1.124666 0.004973 10
-0.506448 -1.201992 -0.028435 10
-0.590063 -1.067586 0.039013 10
-0.633309 -1.097389 0.028427 10
-0.728962 -0.936363 0.109122 10
-0.824072 -0.790748 0.182824 10
-0.879956 -0.788227 0.188258 10
1.848665 0.946946 1.000435 9
1.795136 1.044813 1.046261 9
1.742982 1.161735 1.101293 9
1.415056 -0.062683 0.517201 10
1.327078 -0.268026 0.419213 10
1.256671 -0.370805 0.370196 10
1.189827 -0.462832 0.326415 10
1.124592 -0.559091 0.280727 10
1.049191 -0.783809 0.173952 10
0.996792 -0.795148 0.168909 10
0.942229 -0.839657 0.148162 10
0.888186 -0.891614 0.123960 10
0.838368 -0.886227 0.127185 10
0.785286 -0.954682 0.095299 10
0.735537 -0.966220 0.090644 10
0.686053 -0.977751 0.086089 10
0.636621 -1.006308 0.073500 10
0.587850 -0.991552 0.081691 10
0.540000 -1.113232 0.024770 10
0.492920 -1.144767 0.010998 10
0.445334 -1.138239 0.015523 10
0.401320 -1.224235 -0.024163 10
0.358746 -1.303966 -0.060809 10
0.311976 -1.289018 -0.052001 10
0.262464 -1.241204 -0.027307 10
0.214665 -1.227200 -0.018720 10
0.172191 -1.274487 -0.039500 10
0.111519 -1.137363 0.028552 10
0.068133 -1.177909 0.011220 10
0.029001 -1.246546 -0.019601 10
-0.012391 -1.288608 -0.037558 10
-0.066098 -1.241138 -0.012171 10
-0.107791 -1.277635 -0.027272 10
-0.155844 -1.272391 -0.022082 10
-0.211524 -1.225907 0.003233 10
-0.257301 -1.237992 0.000254 10
-0.306542 -1.232350 0.005992 10
-0.356907 -1.222869 0.013719 10
-0.419625 -1.159558 0.047842 10
-0.458796 -1.204283 0.029364 10
-0.536803 -1.086640 0.090424 10
-0.574048 -1.140052 0.067906 10
-0.704978 -0.837892 0.220079 10
-0.764883 -0.817229 0.234376 10
-0.822609 -0.806760 0.243814 10
2.015080 0.700777 0.975203 9
1.957239 0.755549 1.000706 9
1.892584 0.781308 1.012106 9
1.830233 0.820595 1.030285 9
1.767225 0.859588 1.048462 9
1.711000 0.941842 1.087992 9
1.666911 1.109560 1.169549 9
1.398518 -0.201424 0.526558 10
1.321933 -0.332864 0.461867 10
1.251729 -0.437458 0.410463 10
1.183599 -0.544412 0.358028 10
1.124343 -0.590617 0.335477 10
1.051791 -0.786088 0.239892 10
1.002320 -0.761581 0.252213 10
0.942738 -0.865651 0.201621 10
0.889532 -0.906034 0.182344 10
0.842433 -0.850381 0.210267 10
0.790443 -0.880953 0.196013 10
0.736035 -1.004811 0.136077 10
0.685522 -1.072616 0.103721 10
0.637151 -1.082401 0.099940 10
0.589117 -1.015498 0.133947 10
0.540857 -1.082889 0.102062 10
0.494404 -1.171466 0.059822 10
0.447232 -1.174385 0.059802 10
0.401305 -1.207500 0.045008 10
0.357695 -1.273354 0.014154 10
0.310825 -1.264367 0.020280 10
0.263238 -1.248902 0.029716 10
0.217107 -1.255915 0.028160 10
0.156176 -1.103171 0.105734 10
0.110341 -1.128176 0.095542 10
0.068285 -1.182520 0.070893 10
0.031756 -1.272743 0.028494 10
-0.010343 -1.308588 0.013117 10
-0.061567 -1.277705 0.030994 10
-0.112222 -1.255552 0.044670 10
-0.165444 -1.221835 0.064250 10
-0.206302 -1.262318 0.046944 10
-0.245603 -1.307299 0.027448 10
-0.304451 -1.250730 0.058839 10
-0.367687 -1.180151 0.097451 10
-0.410547 -1.209132 0.086299 10
-0.479855 -1.122943 0.133138 10
-0.551319 -1.036678 0.180277 10
-0.606473 -1.022723 0.191204 10
-0.708793 -0.834057 0.290580 10
2.094602 0.429093 0.931311 9
2.037381 0.472040 0.951207 9
1.987654 0.551024 0.989444 9
1.931153 0.605248 1.015299 9
1.873833 0.659941 1.041526 9
1.815415 0.713781 1.067461 9
1.768648 0.836547 1.128303 9
1.688582 0.779423 1.098564 9
1.479592 -0.088033 0.660502 10
1.385939 -0.312713 0.546734 10
1.319616 -0.377058 0.513937 10
1.248283 -0.492094 0.455734 10
1.185546 -0.556200 0.423328 10
1.119089 -0.668661 0.366683 10
1.053987 -0.792833 0.304254 10
0.999001 -0.831294 0.285130 10
0.942672 -0.899247 0.251253 10
0.890928 -0.919872 0.241340 10
0.836738 -0.994244 0.204435 10
0.785906 -1.029000 0.187605 10
0.735701 -1.067920 0.168775 10
0.686446 -1.102152 0.152410 10
0.638142 -1.118993 0.144923 10
0.590253 -1.107027 0.152094 10
0.541849 -1.065089 0.174535 10
0.494638 -1.132762 0.141668 10
0.447583 -1.158429 0.130131 10
0.400553 -1.172107 0.124761 10
0.355205 -1.214147 0.105115 10
0.310844 -1.258664 0.084293 10
0.259315 -1.191223 0.120383 10
0.216332 -1.245630 0.094730 10
0.162908 -1.176332 0.132055 10
0.124010 -1.262198 0.090567 10
0.077256 -1.264269 0.091808 10
0.031813 -1.277359 0.087539 10
-0.015729 -1.273816 0.091865 10
-0.064519 -1.263160 0.099947 10
-0.121678 -1.201640 0.134200 10
-0.161284 -1.253372 0.110595 10
-0.215732 -1.216794 0.132369 10
-0.259033 -1.244055 0.121503 10
-0.299394 -1.283909 0.104236 10
-0.370335 -1.176098 0.163152 10
-0.443525 -1.069765 0.221600 10
-0.492001 -1.080161 0.219988 10
-0.555846 -1.027822 0.250985 10
-0.611022 -1.014872 0.261772 10
-0.734677 -0.747782 0.404804 10
2.162343 0.152249 0.879069 9
2.120457 0.241720 0.923392 9
2.066804 0.290709 0.946760 9
2.008248 0.322394 0.961267 9
1.968595 0.439144 1.020109 9
1.898756 0.426771 1.012012 9
1.851805 0.523381 1.060643 9
1.803351 0.621808 1.110340 9
1.724711 0.565936 1.080155 9
1.554184 -0.030996 0.769685 10
1.455864 -0.262394 0.648979 10
1.379111 -0.385077 0.584803 10
1.310339 -0.470752 0.539961 10
1.248060 -0.521559 0.513327 10
1.175654 -0.667847 0.437380 10
1.120045 -0.688705 0.426533 10
1.052256 -0.840104 0.348201 10
1.000373 -0.846452 0.345119 10
0.943310 -0.923512 0.305529 10
0.894152 -0.906041 0.315029 10
0.837016 -1.027722 0.252537 10
0.788061 -1.024399 0.254936 10
0.737263 -1.074284 0.229863 10
0.688154 -1.098002 0.218464 10
0.639449 -1.130409 0.202664 10
0.591365 -1.192216 0.171699 10
0.543313 -1.101489 0.220063 10
0.495827 -1.143127 0.199790 10
0.449208 -1.185215 0.179376 10
0.402598 -1.206160 0.170054 10
0.356665 -1.232594 0.157975 10
0.309386 -1.228748 0.161776 10
0.260215 -1.200592 0.178382 10
0.217333 -1.256855 0.151048 10
0.169728 -1.250415 0.156553 10
0.121223 -1.237503 0.165569 10
0.076260 -1.258853 0.156775 10
0.033916 -1.298360 0.138559 10
-0.025436 -1.207382 0.188905 10
-0.068630 -1.240815 0.174107 10
-0.120602 -1.214836 0.190651 10
-0.161480 -1.259017 0.170394 10
-0.212126 -1.244245 0.181300 10
-0.260446 -1.244319 0.184512 10
-0.322725 -1.175889 0.224094 10
-0.398168 -1.053410 0.292550 10
-0.442908 -1.081603 0.281390 10
-0.504871 -1.034570 0.310302 10
-0.565774 -0.997101 0.334346 10
-0.668366 -0.801420 0.442975 10
-0.727342 -0.786026 0.455804 10
2.135306 0.027740 0.897247 9
2.102809 0.148266 0.959329 9
2.037834 0.148551 0.957205 9
1.992281 0.228819 0.997983 9
1.933099 0.255875 1.010468 9
1.872727 0.278937 1.020978 9
1.829074 0.384330 1.075555 9
1.762575 0.383191 1.073461 9
1.665065 0.212274 0.981070 9
1.533745 -0.176411 0.772915 10
1.452499 -0.310019 0.700882 10
1.375762 -0.434087 0.634118 10
1.313910 -0.472615 0.613060 10
1.241475 -0.599899 0.544917 10
1.173826 -0.711057 0.485511 10
1.115919 -0.755569 0.461714 10
1.058567 -0.805147 0.435356 10
1.001415 -0.865552 0.403368 10
0.944809 -0.936606 0.365837 10
0.897968 -0.883878 0.394316 10
0.837874 -1.050646 0.306069 10
0.788588 -1.056597 0.303552 10
0.739522 -1.060802 0.302088 10
0.689040 -1.129462 0.266398 10
0.640575 -1.156292 0.253105 10
0.592812 -1.131993 0.267194 10
0.544519 -1.106469 0.282074 10
0.496483 -1.124624 0.273771 10
0.448778 -1.141765 0.266121 10
0.402458 -1.185453 0.244391 10
0.358143 -1.251356 0.210866 10
0.307668 -1.194431 0.243183 10
0.261303 -1.212549 0.235456 10
0.219532 -1.282615 0.199973 10
0.175917 -1.317703 0.183326 10
0.130663 -1.330644 0.178668 10
0.074618 -1.247834 0.225632 10
0.020660 -1.196782 0.255716 10
-0.028074 -1.193117 0.260440 10
-0.076627 -1.192134 0.263852 10
-0.120714 -1.220525 0.251521 10
-0.165684 -1.240947 0.243597 10
-0.214568 -1.237996 0.248443 10
-0.277819 -1.160877 0.293679 10
-0.352000 -1.038849 0.363582 10
-0.397464 -1.065590 0.352849 10
-0.453429 -1.043685 0.368736 10
-0.542174 -0.885179 0.459401 10
-0.620125 -0.785975 0.518069 10
2.151984 -0.164173 0.878392 9
2.113563 -0.076656 0.923845 9
2.113943 0.164929 1.054085 9
2.049642 0.169556 1.054140 9
1.975137 0.130872 1.030602 9
1.910067 0.128351 1.027110 9
1.840559 0.103976 1.011818 9
1.786927 0.152452 1.036631 9
1.724967 0.162644 1.040629 9
1.607309 -0.128121 0.880062 10
1.520090 -0.281783 0.794810 10
1.445510 -0.379682 0.740278 10
1.372854 -0.480016 0.684605 10
1.292476 -0.651289 0.590329 10
1.229381 -0.719812 0.552401 10
1.170070 -0.770169 0.524556 10
1.113642 -0.805091 0.505294 10
1.063156 -0.788410 0.514375 10
1.001207 -0.898975 0.454054 10
0.949711 -0.905882 0.450520 10
0.898926 -0.905357 0.451183 10
0.839938 -1.052117 0.371456 10
0.788655 -1.098871 0.346517 10
0.740337 -1.089849 0.352207 10
0.690623 -1.131779 0.330149 10
0.642078 -1.154163 0.318905 10
0.594188 -1.114954 0.341515 10
0.545912 -1.134069 0.332316 10
0.498184 -1.161671 0.318584 10
0.450434 -1.169223 0.315965 10
0.401933 -1.154693 0.325594 10
0.355135 -1.181019 0.312919 10
0.309175 -1.212782 0.297366 10
0.263963 -1.246416 0.280886 10
0.217813 -1.260831 0.275090 10
0.172506 -1.281883 0.265753 10
0.124443 -1.272945 0.273074 10
0.077571 -1.276970 0.273377 10
0.022458 -1.215493 0.310033 10
-0.027888 -1.199672 0.321624 10
-0.069381 -1.247299 0.298203 10
-0.116298 -1.254952 0.297041 10
-0.185465 -1.130765 0.369276 10
-0.234345 -1.135453 0.370122 10
-0.281895 -1.147518 0.366993 10
-0.341748 -1.098264 0.398216 10
-0.414991 -0.992195 0.461430 10
-0.460471 -1.021554 0.449162 10
-0.552171 -0.852615 0.548201 10
-0.624450 -0.778871 0.594246 10
2.232333 -0.129026 0.983813 9
2.129305 -0.267521 0.902361 9
2.081894 -0.216513 0.928329 9
2.031687 -0.172918 0.950244 9
2.055299 0.165696 1.138730 9
1.921671 -0.117032 0.976856 9
1.861467 -0.109418 0.978948 9
1.815369 -0.037843 1.017221 9
1.766513 0.026893 1.051778 9
1.720338 0.111281 1.097527 9
1.586311 -0.267927 0.882850 10
1.512489 -0.351849 0.834428 10
1.438796 -0.447289 0.779741 10
1.367846 -0.539501 0.727065 10
1.298674 -0.634381 0.673080 10
1.232911 -0.720031 0.624453 10
1.175534 -0.752636 0.605759 10
1.117400 -0.799542 0.579195 10
1.062648 -0.823579 0.565613 10
1.008136 -0.851750 0.549860 10
0.954893 -0.872400 0.538471 10
0.901366 -0.904867 0.520594 10
0.839891 -1.091399 0.416387 10
0.792880 -1.050044 0.440206 10
0.743514 -1.051593 0.440084 10
0.692994 -1.102657 0.412287 10
0.644363 -1.096803 0.416593 10
0.595544 -1.112484 0.408933 10
0.546723 -1.084298 0.426078 10
0.498022 -1.096595 0.420594 10
0.451734 -1.184308 0.372772 10
0.405064 -1.215895 0.356653 10
0.357833 -1.223769 0.354018 10
0.310718 -1.231696 0.351484 10
0.258056 -1.160733 0.393640 10
0.215035 -1.226175 0.358891 10
0.167604 -1.230087 0.359032 10
0.121449 -1.246370 0.352301 10
0.072753 -1.238351 0.359472 10
0.022583 -1.220885 0.372156 10
-0.029399 -1.193832 0.390455 10
-0.066872 -1.270223 0.350077 10
-0.131404 -1.165932 0.412673 10
-0.191487 -1.102372 0.452336 10
-0.236062 -1.133612 0.438095 10
-0.286904 -1.129421 0.444225 10
-0.378348 -0.925861 0.564743 10
-0.437108 -0.897687 0.585140 10
-0.471193 -0.983238 0.540391 10
-0.550446 -0.870046 0.610064 10
2.185834 -0.308809 0.963530 9
2.107637 -0.366749 0.926641 9
2.053954 -0.341948 0.938017 9
2.010612 -0.277165 0.972731 9
1.962692 -0.225828 0.999781 9
1.913333 -0.176848 1.025606 9
1.860368 -0.139901 1.044620 9
1.821732 -0.035300 1.102889 9
1.757349 -0.043981 1.095846 9
1.667247 -0.184791 1.012734 10
1.581232 -0.321535 0.932238 10
1.508882 -0.398856 0.886261 10
1.420177 -0.586706 0.776784 10
1.357738 -0.631807 0.749809 10
1.292446 -0.704768 0.706965 10
1.227750 -0.786265 0.659387 10
1.177308 -0.766023 0.670571 10
1.116304 -0.838266 0.628658 10
1.064641 -0.833657 0.631155 10
1.010597 -0.855657 0.618486 10
0.955184 -0.902166 0.591858 10
0.897664 -0.995608 0.538353 10
0.845976 -1.022815 0.523128 10
0.796116 -1.024084 0.522987 10
0.746799 -1.011805 0.530799 10
0.697077 -1.006299 0.534860 10
0.645265 -1.141404 0.457991 10
0.596919 -1.109879 0.477329 10
0.547915 -1.081289 0.495134 10
0.500216 -1.160292 0.450971 10
0.453260 -1.207106 0.425499 10
0.405841 -1.217625 0.421123 10
0.360129 -1.258593 0.399264 10
0.313830 -1.276367 0.390943 10
0.262505 -1.219510 0.426003 10
0.216130 -1.238513 0.417260 10
0.170429 -1.261258 0.406471 10
0.119565 -1.230530 0.426881 10
0.070338 -1.220770 0.435276 10
0.015653 -1.170184 0.467613 10
-0.027038 -1.216431 0.443702 10
-0.070908 -1.248770 0.427999 10
-0.127914 -1.194650 0.462945 10
-0.194363 -1.092735 0.526108 10
-0.237255 -1.134785 0.505202 10
-0.290557 -1.118580 0.518586 10
-0.379820 -0.927612 0.634911 10
-0.445349 -0.868583 0.674059 10
-0.498854 -0.869899 0.677903 10
2.276676 -0.239642 1.091098 9
2.150079 -0.451566 0.960909 9
2.080750 -0.483457 0.938524 9
2.032135 -0.444515 0.958558 9
1.979139 -0.419849 0.970247 9
1.924267 -0.401501 0.978347 9
1.865944 -0.396779 0.978529 9
1.851661 -0.203183 1.090986 9
1.794679 -0.184240 1.099894 9
1.739589 -0.155468 1.114807 9
1.634593 -0.375590 0.982478 9
1.571961 -0.397274 0.967951 10
1.499985 -0.475646 0.920080 10
1.421049 -0.607503 0.840799 10
1.354855 -0.676844 0.798713 10
1.285690 -0.778417 0.737776 10
1.230325 -0.793975 0.727865 10
1.175389 -0.809824 0.717950 10
1.124836 -0.790439 0.729016 10
1.063149 -0.878651 0.676692 10
1.008447 -0.911297 0.657353 10
0.951810 -0.978373 0.617837 10
0.897761 -1.029708 0.587772 10
0.846563 -1.051616 0.575239 10
0.798256 -1.022662 0.592912 10
0.748316 -1.022819 0.593541 10
0.694191 -1.190201 0.495450 10
0.647231 -1.111665 0.542899 10
0.598338 -1.100749 0.550523 10
0.550043 -1.209632 0.487382 10
0.501727 -1.186366 0.502603 10
0.452841 -1.161563 0.518902 10
0.408612 -1.269965 0.456368 10
0.359924 -1.243414 0.473992 10
0.307875 -1.171873 0.518515 10
0.265327 -1.255587 0.470963 10
0.217569 -1.255010 0.473631 10
0.170131 -1.258913 0.473785 10
0.121353 -1.250039 0.481705 10
0.068925 -1.211989 0.507203 10
0.019248 -1.203321 0.515352 10
-0.038223 -1.139959 0.556389 10
-0.080416 -1.190399 0.529523 10
-0.132693 -1.171248 0.544475 10
-0.196771 -1.085985 0.599320 10
-0.251810 -1.062118 0.617556 10
-0.331184 -0.915143 0.710142 10
-0.388098 -0.895944 0.726106 10
-0.459132 -0.813846 0.780285 10
2.416169 -0.029320 1.309402 9
2.238951 -0.384144 1.087511 9
2.143037 -0.498256 1.013773 9
2.058208 -0.584465 0.957472 9
2.011500 -0.542228 0.979975 9
1.963080 -0.503912 1.000231 9
1.904822 -0.501754 0.998593 9
1.851079 -0.482083 1.007822 9
1.794299 -0.474657 1.009773 9
1.740515 -0.454137 1.019879 9
1.688144 -0.425872 1.034872 9
1.640298 -0.372956 1.065014 9
1.572357 -0.421401 1.033764 10
1.467974 -0.682075 0.873934 10
1.420387 -0.637628 0.899535 10
1.348688 -0.742841 0.834541 10
1.291772 -0.762921 0.821379 10
1.228479 -0.834993 0.776890 10
1.177896 -0.817488 0.786870 10
1.114502 -0.911961 0.729181 10
1.064900 -0.891428 0.741339 10
1.007335 -0.955122 0.702646 10
0.954499 -0.977701 0.689024 10
0.898104 -1.060178 0.639280 10
0.851808 -1.000000 0.676118 10
0.800457 -1.020546 0.664213 10
0.750907 -1.004708 0.674520 10
0.696730 -1.157460 0.582774 10
0.648728 -1.116413 0.608673 10
0.599817 -1.082497 0.630424 10
0.550978 -1.168488 0.579559 10
0.502748 -1.184389 0.571375 10
0.455293 -1.216473 0.553501 10
0.407198 -1.215369 0.555946 10
0.358621 -1.205992 0.563585 10
0.311548 -1.225659 0.553701 10
0.268288 -1.293637 0.514508 10
0.217658 -1.255110 0.540383 10
0.169904 -1.257349 0.541566 10
0.113955 -1.181289 0.590772 10
0.070870 -1.232464 0.562375 10
0.023616 -1.242584 0.559227 10
-0.041273 -1.123173 0.635682 10
-0.088842 -1.139590 0.629067 10
-0.135819 -1.158409 0.621120 10
-0.194370 -1.107647 0.656162 10
-0.268557 -0.977709 0.740293 10
-0.322965 -0.966724 0.751377 10
-0.421529 -0.740847 0.895584 10
-0.470251 -0.771869 0.881272 10
2.329583 -0.319590 1.216382 9
2.214092 -0.486827 1.106813 9
2.116007 -0.610753 1.024941 9
2.031402 -0.699496 0.965545 9
1.977620 -0.686652 0.970154 9
1.943396 -0.601019 1.020527 9
1.876144 -0.637298 0.994740 9
1.820032 -0.632741 0.994720 9
1.756579 -0.660157 0.974932 9
1.746153 -0.453937 1.101140 9
1.684928 -0.466558 1.090918 9
1.635397 -0.423499 1.115602 9
1.565089 -0.486033 1.074705 10
1.476020 -0.662499 0.963145 10
1.408845 -0.732726 0.917973 10
1.346226 -0.784818 0.884304 10
1.292481 -0.784871 0.883190 10
1.221521 -0.913902 0.802114 10
1.172358 -0.890514 0.815947 10
1.116695 -0.921268 0.796323 10
1.067725 -0.893901 0.812976 10
1.013124 -0.922910 0.794792 10
0.956395 -0.987369 0.754769 10
0.901103 -1.052293 0.714627 10
0.851264 -1.048917 0.717070 10
0.800334 -1.067925 0.705778 10
0.751818 -1.033437 0.727892 10
0.700056 -1.096249 0.689707 10
0.649742 -1.154194 0.654691 10
0.600994 -1.140871 0.664146 10
0.551878 -1.115992 0.680968 10
0.503460 -1.163608 0.652830 10
0.454877 -1.169589 0.650767 10
0.407166 -1.195570 0.636397 10
0.360219 -1.226537 0.619061 10
0.311367 -1.215901 0.627839 10
0.268373 -1.291429 0.582949 10
0.215519 -1.228132 0.624974 10
0.164466 -1.199880 0.645301 10
0.110352 -1.149093 0.679955 10
0.051509 -1.067803 0.733985 10
-0.002475 -1.040171 0.754605 10
-0.041452 -1.127461 0.703180 10
-0.093158 -1.116753 0.713500 10
-0.141557 -1.129294 0.709361 10
-0.212294 -1.009949 0.788642 10
-0.268801 -0.984698 0.808836 10
-0.344552 -0.863441 0.890056 10
-0.419668 -0.759670 0.960619 10
2.299042 -0.436807 1.227043 9
2.200937 -0.551916 1.148249 9
2.102227 -0.679060 1.062125 9
2.022945 -0.751171 1.011837 9
1.945007 -0.825568 0.960403 9
1.897441 -0.794897 0.976742 9
1.848316 -0.768617 0.990432 9
1.798395 -0.744216 1.003092 9
1.748175 -0.719819 1.015927 9
1.692976 -0.716248 1.015619 9
1.657225 -0.622111 1.073401 9
1.626028 -0.496042 1.151699 10
1.548703 -0.598197 1.084411 10
1.491072 -0.604463 1.078581 9
1.415248 -0.720657 1.002860 10
1.347726 -0.801537 0.949913 10
1.291921 -0.815627 0.939758 10
1.238197 -0.817673 0.937470 10
1.179840 -0.858374 0.910758 10
1.112447 -0.987663 0.827844 10
1.064488 -0.955911 0.847653 10
1.005871 -1.034005 0.797721 10
0.958916 -0.989615 0.825935 10
0.913077 -0.916392 0.872685 10
0.854495 -1.033449 0.798487 10
0.800712 -1.104567 0.753699 10
0.752136 -1.078169 0.771172 10
0.702676 -1.064569 0.780678 10
0.651940 -1.115270 0.749388 10
0.602426 -1.140779 0.734309 10
0.553157 -1.117222 0.750687 10
0.503560 -1.105352 0.759796 10
0.454201 -1.112236 0.757116 10
0.407711 -1.190255 0.709154 10
0.359873 -1.207861 0.699927 10
0.306616 -1.130468 0.751650 10
0.270796 -1.321925 0.631447 10
0.207973 -1.135432 0.753475 10
0.160727 -1.160680 0.740046 10
0.108252 -1.131384 0.761797 10
0.058173 -1.129437 0.766185 10
0.004200 -1.097940 0.789781 10
-0.050228 -1.069155 0.811863 10
-0.098680 -1.085945 0.804771 10
-0.170845 -0.952603 0.894846 10
-0.205800 -1.055879 0.832254 10
-0.272605 -0.972182 0.890820 10
-0.361442 -0.785014 1.016894 10
2.270270 -0.547939 1.239150 9
2.174371 -0.658946 1.161030 9
2.098242 -0.715068 1.119595 9
2.012935 -0.807970 1.054221 9
1.936207 -0.879299 1.003433 9
1.882002 -0.874753 1.002908 9
1.846301 -0.799617 1.049004 9
1.805870 -0.737675 1.086548 9
1.748558 -0.742145 1.080649 9
1.695417 -0.729652 1.086091 9
1.647953 -0.690425 1.109248 9
1.616440 -0.569303 1.186195 9
1.552079 -0.606481 1.159678 10
1.483793 -0.671117 1.115451 10
1.416188 -0.741345 1.067825 10
1.351474 -0.804249 1.025234 10
1.297962 -0.801563 1.025707 10
1.242087 -0.816856 1.014643 10
1.185485 -0.841698 0.997552 10
1.123110 -0.922972 0.943848 10
1.065417 -0.977167 0.908020 10
1.013276 -0.985040 0.902605 10
0.965001 -0.948444 0.926383 10
0.917275 -0.893676 0.962205 10
0.853554 -1.089020 0.835069 10
0.802554 -1.110938 0.821233 10
0.751858 -1.138455 0.803920 10
0.703792 -1.091035 0.835695 10
0.653477 -1.121256 0.816975 10
0.603761 -1.164368 0.790003 10
0.554610 -1.145070 0.803974 10
0.505851 -1.175130 0.785867 10
0.454660 -1.094574 0.840291 10
0.408640 -1.194551 0.776773 10
0.357568 -1.149301 0.808493 10
0.309782 -1.175768 0.793420 10
0.258093 -1.140350 0.819113 10
0.203617 -1.081440 0.860461 10
0.156978 -1.121393 0.837078 10
0.112128 -1.171065 0.807437 10
0.047117 -1.037297 0.898764 10
-0.012920 -0.967262 0.948449 10
-0.060699 -0.998740 0.931409 10
-0.117213 -0.967690 0.955861 10
-0.164589 -0.999228 0.939132 10
-0.210607 -1.035608 0.919341 10
2.257645 -0.609645 1.282396 9
2.168364 -0.700946 1.215593 9
2.086204 -0.777269 1.159348 9
2.007512 -0.849066 1.106535 9
1.935217 -0.905363 1.064542 9
1.874234 -0.926035 1.046896 9
1.831011 -0.881543 1.073412 9
1.787716 -0.834306 1.101935 9
1.733448 -0.829709 1.101941 9
1.685453 -0.798037 1.120352 9
1.651847 -0.697241 1.185355 9
1.581179 -0.768101 1.135315 9
1.530816 -0.742943 1.149932 9
1.470099 -0.772817 1.127872 10
1.417827 -0.758087 1.135917 10
1.349509 -0.843211 1.077334 10
1.301702 -0.803599 1.102460 10
1.239722 -0.862139 1.062132 10
1.179360 -0.919157 1.023054 10
1.120878 -0.971805 0.987119 10
1.075303 -0.912302 1.026347 10
1.019849 -0.946160 1.003378 10
0.966370 -0.965982 0.989991 10
0.909128 -1.046039 0.936552 10
0.859901 -1.022611 0.952457 10
0.809095 -1.021954 0.953340 10
0.754969 -1.109107 0.895718 10
0.707239 -1.031795 0.948233 10
0.656556 -1.033440 0.948158 10
0.605184 -1.172390 0.856400 10
0.555718 -1.110957 0.898899 10
0.505816 -1.105305 0.904267 10
0.454409 -1.050276 0.942924 10
0.405557 -1.094104 0.915526 10
0.359120 -1.168426 0.867817 10
0.305850 -1.103371 0.913835 10
0.252336 -1.055896 0.948301 10
0.204664 -1.093091 0.926057 10
0.150444 -1.052287 0.956491 10
0.095541 -1.014547 0.985115 10
0.033210 -0.920649 1.051894 10
-0.011385 -0.984475 1.012462 10
-0.057145 -1.030542 0.985150 10
-0.116665 -0.978191 1.024627 10
-0.164955 -1.004399 1.011129 10
2.243619 -0.675344 1.322078 9
2.147331 -0.789742 1.237495 9
2.078641 -0.824748 1.208472 9
1.996127 -0.910180 1.144820 9
1.944564 -0.895304 1.150973 9
1.878109 -0.934640 1.119866 9
1.819098 -0.950148 1.105504 9
1.751417 -1.002748 1.065811 9
1.711403 -0.945766 1.101918 9
1.691289 -0.796713 1.201556 9
1.633273 -0.808233 1.190799 9
1.581332 -0.792472 1.199031 9
1.519894 -0.824984 1.174320 9
1.469278 -0.803255 1.187088 10
1.420620 -0.768302 1.209131 10
1.359857 -0.805189 1.182116 10
1.306429 -0.799385 1.184600 10
1.235152 -0.923323 1.098423 10
1.176809 -0.967884 1.066873 10
1.125665 -0.959720 1.071648 10
1.072525 -0.969932 1.064049 10
1.017907 -0.999392 1.043486 10
0.968564 -0.973760 1.060835 10
0.913939 -1.015164 1.032512 10
0.861132 -1.042558 1.013978 10
0.807954 -1.090601 0.981509 10
0.758889 -1.060195 1.002939 10
0.708394 -1.058512 1.004908 10
0.657479 -1.080850 0.990625 10
0.606890 -1.133126 0.956014 10
0.556843 -1.072667 0.998866 10
0.506688 -1.087949 0.990002 10
0.456583 -1.093744 0.987841 10
0.406725 -1.103670 0.983039 10
0.356985 -1.112545 0.979153 10
0.304018 -1.065534 1.013899 10
0.253893 -1.073955 1.010744 10
0.203512 -1.077991 1.010805 10
0.157274 -1.126473 0.980416 10
0.088403 -0.948786 1.106311 10
0.036952 -0.957114 1.104118 10
-0.011721 -0.986943 1.087251 10
-0.070809 -0.937353 1.125573 10
-0.125219 -0.927645 1.136537 10
-2.086760 -0.143428 -1.619274 8
-1.967419 -0.132062 -1.663435 8
-1.804447 -0.060389 -1.748475 8
-1.818847 -0.222235 -1.674024 8
-1.738013 -0.257841 -1.686073 8
-1.723909 -0.386596 -1.636053 8
-1.624045 -0.395497 -1.666603 8
-1.591997 -0.502163 -1.632757 8
-0.657823 0.744133 -2.482260 8
-0.725278 0.510076 -2.360777 8
-0.610440 0.553703 -2.419791 8
-0.480673 0.625281 -2.495996 8
-0.375235 0.662076 -2.549349 8
-0.305003 0.643208 -2.567311 8
-0.273797 0.558054 -2.544137 8
-0.223626 0.504153 -2.540957 8
-0.112843 0.559075 -2.604724 8
-0.029018 0.568663 -2.640332 8
0.080296 0.628959 -2.706224 8
0.110139 0.539572 -2.682135 8
0.146084 0.459660 -2.664432 8
0.183944 0.381421 -2.648399 8
0.216722 0.290319 -2.625560 8
0.260114 0.219180 -2.615034 8
0.282929 0.100634 -2.578008 8
0.307964 -0.017367 -2.542363 8
0.304505 -0.206464 -2.467822 8
0.333007 -0.327421 -2.433009 8
0.255140 -0.715996 -2.251461 8
-2.241470 0.085597 -1.548440 8
-2.163559 0.042742 -1.554653 8
-1.778119 0.380606 -1.834847 8
-1.810175 0.208045 -1.746727 8
-1.808293 0.073985 -1.687542 8
-1.801395 -0.057077 -1.631700 8
-1.772892 -0.162519 -1.594904 8
-1.736154 -0.258994 -1.565214 8
-1.686409 -0.339146 -1.547522 8
-0.748168 0.857981 -2.399100 8
-0.705501 0.793562 -2.386346 8
-0.575325 0.859802 -2.461539 8
-0.538557 0.787212 -2.443669 8
-0.460985 0.777403 -2.467741 8
-0.354969 0.814855 -2.522620 8
-0.154768 1.011264 -2.679936 8
-0.138798 0.907837 -2.642325 8
-0.074569 0.884664 -2.656810 8
-0.064936 0.765526 -2.610714 8
0.012832 0.765951 -2.640696 8
0.048322 0.689664 -2.622827 8
0.111989 0.665081 -2.637505 8
0.143975 0.579223 -2.614826 8
0.170571 0.480016 -2.584803 8
0.202987 0.389499 -2.560897 8
0.255297 0.338100 -2.561130 8
0.287610 0.242565 -2.535666 8
0.311748 0.125597 -2.498485 8
0.339917 0.013376 -2.465134 8
0.364051 -0.112607 -2.424871 8
0.377316 -0.270012 -2.367808 8
-1.919188 0.473366 -1.714475 8
-1.700793 0.607335 -1.850562 8
-1.636419 0.559018 -1.850174 8
-1.682920 0.370771 -1.747599 8
-1.133838 0.944889 -2.200672 8
-1.027765 0.962318 -2.245665 8
-0.991312 0.888670 -2.225106 8
-0.895516 0.895468 -2.262182 8
-0.875546 0.797728 -2.225420 8
-0.606798 1.055886 -2.437823 8
-0.573485 0.980910 -2.416565 8
-0.496142 0.970722 -2.440410 8
-0.437855 0.932568 -2.445124 8
-0.372524 0.905624 -2.457634 8
-0.187264 1.072956 -2.600405 8
-0.076833 1.126405 -2.665498 8
-0.031894 1.073365 -2.659658 8
-0.039140 0.929063 -2.594567 8
-0.003090 0.856396 -2.577310 8
0.035410 0.786426 -2.562406 8
0.070365 0.708193 -2.542824 8
0.116149 0.648580 -2.535698 8
0.166133 0.596043 -2.533495 8
0.195950 0.502074 -2.505934 8
0.248022 0.451062 -2.505715 8
0.274152 0.344229 -2.471753 8
0.314612 0.264791 -2.455386 8
0.345442 0.161404 -2.425315 8
0.384125 0.072335 -2.404724 8
0.402534 -0.067760 -2.354769 8
0.422945 -0.209005 -2.305458 8
-2.006606 0.633114 -1.643835 8
-1.846688 0.691244 -1.726496 8
-1.666362 0.778307 -1.830322 8
-1.443565 0.922720 -1.976491 8
-1.360875 0.902582 -1.995904 8
-1.128424 1.072678 -2.158154 8
-1.089333 1.002920 -2.139303 8
-0.938255 1.079743 -2.229343 8
-0.801236 1.143052 -2.308276 8
-0.717409 1.137840 -2.336364 8
-0.606652 1.172279 -2.392859 8
-0.551266 1.130356 -2.394075 8
-0.503952 1.076480 -2.387061 8
-0.297359 1.262384 -2.549214 8
-0.279396 1.167523 -2.513004 8
-0.203684 1.161300 -2.539045 8
-0.145924 1.127560 -2.546056 8
-0.074600 1.116509 -2.568707 8
-0.044601 1.036605 -2.544773 8
0.035114 1.041070 -2.578080 8
0.072278 0.971768 -2.562135 8
0.075530 0.838877 -2.504865 8
0.098364 0.737782 -2.469662 8
0.153234 0.694939 -2.473157 8
0.194107 0.624199 -2.459020 8
0.240793 0.563427 -2.451843 8
0.265497 0.455695 -2.415479 8
0.303956 0.373442 -2.396090 8
0.356934 0.320501 -2.395651 8
0.374334 0.186447 -2.345643 8
0.421500 0.115821 -2.335670 8
-2.190015 0.812714 -1.551666 8
-2.299269 0.571051 -1.393482 8
-1.733065 1.069352 -1.837290 8
-1.666424 1.026400 -1.839333 8
-1.495683 1.104124 -1.937651 8
-1.401630 1.096798 -1.967390 8
-1.259646 1.149146 -2.043601 8
-1.164435 1.148166 -2.077358 8
-1.001214 1.235004 -2.178452 8
-0.951835 1.180901 -2.170422 8
-0.848622 1.197350 -2.216234 8
-0.759132 1.198013 -2.249675 8
-0.695709 1.164708 -2.257495 8
-0.585041 1.198479 -2.315044 8
-0.361617 1.398502 -2.493850 8
-0.325280 1.333404 -2.477142 8
-0.287962 1.268569 -2.461159 8
-0.196559 1.286189 -2.504712 8
-0.146727 1.240645 -2.503002 8
-0.112691 1.169119 -2.483314 8
-0.069453 1.111247 -2.473773 8
0.001623 1.099781 -2.496820 8
0.027112 1.010080 -2.466074 8
0.075250 0.958246 -2.461938 8
0.094258 0.852257 -2.421620 8
0.127740 0.769944 -2.398162 8
0.186660 0.734365 -2.406484 8
0.225835 0.659763 -2.389318 8
0.259481 0.571892 -2.364137 8
0.300978 0.497645 -2.348578 8
0.349333 0.436043 -2.341789 8
0.384173 0.343227 -2.315634 8
0.027445 -0.640999 -1.727449 10
-2.097806 1.041382 -1.582223 8
-2.068021 0.953730 -1.547762 8
-2.023148 0.880893 -1.526478 8
-1.673214 1.144506 -1.785249 8
-1.510369 1.210613 -1.877172 8
-1.424662 1.192735 -1.899150 8
-1.090222 1.469833 -2.159906 8
-1.171534 1.259666 -2.025111 8
-0.972175 1.388360 -2.162704 8
-0.830216 1.452479 -2.247218 8
-0.791537 1.388258 -2.230003 8
-0.726280 1.358119 -2.239778 8
-0.618720 1.385621 -2.294039 8
-0.936571 0.829193 -1.901399 8
-0.406769 1.445883 -2.404594 8
-0.325855 1.444779 -2.435398 8
-0.287345 1.382773 -2.420544 8
-0.279335 1.273505 -2.371248 8
-0.195943 1.277722 -2.406242 8
-0.138211 1.243294 -2.412832 8
-0.081583 1.207268 -2.418442 8
-0.055386 1.120652 -2.388062 8
-0.020289 1.046812 -2.367542 8
0.079512 1.084402 -2.426055 8
0.078262 0.944486 -2.360077 8
0.125720 0.888935 -2.353881 8
0.159286 0.806205 -2.329472 8
0.216156 0.766239 -2.334907 8
0.246443 0.673230 -2.304815 8
0.294379 0.613246 -2.297682 8
0.348181 0.564307 -2.298368 8
0.102132 -0.132446 -1.873268 10
0.081724 -0.365832 -1.757989 10
0.035389 -0.669544 -1.599627 10
-2.152438 1.231890 -1.545949 8
-2.083503 1.185851 -1.546241 8
-1.900674 1.257898 -1.649939 8
-1.754417 1.296808 -1.723283 8
-1.320498 1.650384 -2.065973 8
-1.301219 1.564117 -2.028185 8
-1.222606 1.543025 -2.046270 8
-1.123116 1.547138 -2.085340 8
-1.043033 1.530596 -2.106777 8
-0.931835 1.552850 -2.159996 8
-0.815408 1.584563 -2.220240 8
-0.765935 1.535266 -2.214075 8
-0.661811 1.556148 -2.264576 8
-1.147719 0.801558 -1.696922 8
-1.044966 0.808556 -1.740369 8
-0.498274 1.431132 -2.265414 8
-0.408424 1.439358 -2.304891 8
-0.336930 1.423336 -2.325281 8
-0.259896 1.416658 -2.352716 8
-0.226896 1.344785 -2.330570 8
-0.160300 1.323496 -2.347045 8
-0.108960 1.278798 -2.346079 8
-0.058533 1.232309 -2.344080 8
-0.002625 1.194566 -2.348805 8
0.041194 1.136136 -2.338712 8
0.095358 1.094814 -2.341412 8
0.141911 1.039593 -2.334442 8
0.129870 0.875183 -2.250542 8
0.188753 0.838552 -2.258142 8
0.229960 0.767559 -2.242014 8
0.282067 0.716531 -2.240296 8
0.082352 0.147489 -1.884086 10
0.111125 0.031218 -1.841808 10
0.145465 -0.077287 -1.805884 10
0.155880 -0.243156 -1.732679 10
0.100327 -0.567989 -1.555888 10
0.086868 -0.810104 -1.436872 10
-2.022580 1.261027 -1.492248 8
-1.595528 1.585015 -1.824672 8
-1.564332 1.508367 -1.795193 8
-1.429148 1.542575 -1.864089 8
-1.244549 1.634952 -1.982776 8
-1.118204 1.667979 -2.048167 8
-1.028205 1.662697 -2.079703 8
-0.961348 1.631951 -2.089191 8
-0.874566 1.625833 -2.119489 8
-0.826890 1.573256 -2.110572 8
-0.743789 1.564912 -2.138710 8
-0.651208 1.570399 -2.177957 8
-0.582983 1.545979 -2.192348 8
-0.534142 1.496204 -2.186198 8
-0.495792 1.431542 -2.168429 8
-0.402121 1.444021 -2.212556 8
-0.333821 1.422313 -2.229213 8
-0.250337 1.424015 -2.264147 8
-0.178879 1.409468 -2.286142 8
-0.146161 1.335861 -2.262594 8
-0.096200 1.288025 -2.259358 8
-0.070980 1.199319 -2.225532 8
-0.020421 1.150528 -2.222491 8
0.037013 1.113026 -2.228186 8
0.111481 1.105569 -2.256246 8
0.150895 1.036352 -2.238965 8
0.199105 0.981776 -2.232905 8
0.055888 0.561795 -1.964441 8
0.096338 0.480300 -1.942233 8
0.083926 0.290300 -1.844018 10
0.123555 0.199381 -1.817313 10
0.149636 0.076820 -1.769445 10
0.174420 -0.053312 -1.717567 10
0.195651 -0.196681 -1.657937 10
0.175312 -0.442349 -1.530410 10
0.099632 -0.832302 -1.308540 10
-2.049413 1.129714 -1.292635 8
-1.623156 1.457306 -1.635315 8
-1.462907 1.515905 -1.728988 8
-1.225106 1.664725 -1.901989 8
-1.160214 1.627957 -1.907323 8
-1.022009 1.675983 -1.987365 8
-0.968466 1.628664 -1.982988 8
-0.934168 1.558065 -1.958722 8
-0.821121 1.583250 -2.017205 8
-0.762978 1.542479 -2.018795 8
-0.633027 1.594425 -2.098716 8
-0.539312 1.603012 -2.141239 8
-0.491904 1.551447 -2.133399 8
-0.449975 1.491825 -2.119287 8
-0.388915 1.458405 -2.126983 8
-0.288440 1.482491 -2.181236 8
-0.267068 1.392263 -2.143244 8
-0.190427 1.383643 -2.170954 8
-0.140993 1.334161 -2.166267 8
-0.078256 1.305426 -2.178122 8
-0.037101 1.241872 -2.163080 8
0.051808 1.257249 -2.209176 8
0.081926 1.174136 -2.179785 8
0.140754 1.139409 -2.187711 8
0.189070 1.085784 -2.181652 8
0.026883 0.639355 -1.884380 10
0.014726 0.457742 -1.787372 10
0.067553 0.396034 -1.779870 10
0.103826 0.299719 -1.747808 10
0.156786 0.234879 -1.739250 10
0.184701 0.115154 -1.692165 10
0.212746 -0.008922 -1.643203 10
0.242756 -0.133514 -1.595122 10
0.249318 -0.317811 -1.506871 10
0.186613 -0.677233 -1.300132 10
0.224716 -0.806935 -1.254018 10
-1.623877 1.467649 -1.528584 8
-1.483996 1.503105 -1.603685 8
-1.294348 1.597135 -1.731377 8
-1.137733 1.660617 -1.829156 8
-1.077153 1.618845 -1.830422 8
-0.954560 1.650180 -1.897196 8
-0.894015 1.610459 -1.899994 8
-0.787464 1.627600 -1.952878 8
-0.712023 1.608440 -1.973412 8
-0.604390 1.631933 -2.030610 8
-0.565890 1.567344 -2.011620 8
-0.510722 1.524213 -2.011370 8
-0.460863 1.473688 -2.005114 8
-0.394278 1.446443 -2.018603 8
-0.323186 1.426437 -2.038078 8
-0.232479 1.436634 -2.082225 8
-0.170427 1.405686 -2.092408 8
-0.097480 1.392202 -2.116745 8
-0.078547 1.293558 -2.072849 8
-0.010128 1.273123 -2.091945 8
0.008665 1.170086 -2.046072 8
-0.146603 0.762975 -1.764301 10
-0.093472 0.706021 -1.758135 10
-0.007523 0.707968 -1.797518 10
0.010970 0.586121 -1.742518 10
0.040082 0.480213 -1.700787 10
0.100615 0.432694 -1.703716 10
0.143210 0.348383 -1.679707 10
0.187035 0.264126 -1.656510 10
0.224472 0.163592 -1.622236 10
0.251644 0.036804 -1.569982 10
0.306775 -0.031529 -1.560859 10
0.305712 -0.233416 -1.457535 10
0.248755 -0.580563 -1.254208 10
0.319241 -0.629090 -1.263112 10
-1.588537 1.515909 -1.456670 8
-1.495357 1.500946 -1.485971 8
-1.225334 1.681490 -1.698849 8
-1.211383 1.585478 -1.650147 8
-1.047948 1.658758 -1.758924 8
-0.991676 1.611816 -1.755803 8
-0.873793 1.638876 -1.820084 8
-0.784039 1.634756 -1.855347 8
-0.715794 1.605475 -1.867724 8
-0.641881 1.584202 -1.887150 8
-0.551886 1.585222 -1.925971 8
-0.508149 1.525844 -1.911837 8
-0.447637 1.488866 -1.917449 8
-0.338214 1.521506 -1.982628 8
-0.284769 1.476477 -1.981153 8
-0.237628 1.421859 -1.971881 8
-0.250566 1.274852 -1.886120 8
-0.148473 1.302458 -1.946133 8
-0.122138 1.211999 -1.908799 8
-0.287023 0.804227 -1.615007 10
-0.172232 0.849613 -1.690889 10
-0.136895 0.761925 -1.659679 10
-0.069331 0.729119 -1.672688 10
-0.029256 0.646558 -1.646789 10
0.040929 0.618251 -1.663815 10
0.074902 0.520797 -1.627602 10
0.128932 0.459927 -1.620295 10
0.179173 0.390174 -1.606734 10
0.211384 0.280886 -1.564069 10
0.261273 0.205723 -1.547917 10
0.300204 0.104096 -1.512885 10
0.338426 -0.002897 -1.474919 10
0.360421 -0.152376 -1.407174 10
0.333392 -0.428245 -1.250063 10
0.344633 -0.622981 -1.153969 10
-1.486711 1.520365 -1.387142 8
-1.328608 1.577158 -1.486386 8
-1.193182 1.613559 -1.564477 8
-1.125966 1.575783 -1.571072 8
-0.945485 1.671346 -1.702797 8
-0.881934 1.633254 -1.708050 8
-0.833285 1.577203 -1.696822 8
-0.718573 1.603788 -1.761440 8
-0.615207 1.619191 -1.814975 8
-0.523637 1.621896 -1.856360 8
-0.502065 1.532193 -1.815021 8
-0.439436 1.497053 -1.822709 8
-0.355385 1.492688 -1.857370 8
-0.629084 0.969812 -1.442395 10
-0.557376 0.937843 -1.456479 10
-0.450514 0.960287 -1.516906 10
-0.389116 0.914882 -1.519277 10
-0.329934 0.865832 -1.518823 10
-0.256849 0.839436 -1.537450 10
-0.167732 0.841071 -1.579102 10
-0.101944 0.804507 -1.589178 10
-0.066894 0.713357 -1.555240 10
0.024182 0.722258 -1.602402 10
0.076095 0.660138 -1.592623 10
0.109994 0.561919 -1.554884 10
0.134801 0.442312 -1.501409 10
0.200520 0.402023 -1.510642 10
0.257123 0.342526 -1.505321 10
0.291284 0.233124 -1.462453 10
0.335877 0.142884 -1.435163 10
0.364022 0.011598 -1.378003 10
0.390816 -0.128630 -1.315589 10
0.395835 -0.328746 -1.210596 10
0.380311 -0.591390 -1.062226 10
0.408413 -0.754476 -0.988869 10
-1.468830 1.433002 -1.227707 8
-1.254426 1.552860 -1.391282 8
-1.062619 1.654943 -1.534762 8
-0.902584 1.726979 -1.646900 8
-0.877040 1.643350 -1.608949 8
-0.755630 1.675673 -1.681238 8
-0.694569 1.635830 -1.684917 8
-0.608693 1.628201 -1.718554 8
-1.018663 0.967758 -1.152193 10
-0.854820 1.053149 -1.274996 10
-0.795541 1.000245 -1.271068 10
-0.698719 1.000392 -1.314881 10
-0.589718 1.020640 -1.375979 10
-0.545986 0.946789 -1.353557 10
-0.442425 0.963098 -1.410314 10
-0.342291 0.977194 -1.464431 10
-0.288649 0.919392 -1.456318 10
-0.213790 0.895932 -1.477761 10
-0.137933 0.875217 -1.501420 10
-0.050122 0.876533 -1.543335 10
-0.010236 0.794349 -1.515767 10
0.054888 0.756382 -1.525224 10
0.100765 0.682174 -1.505368 10
0.129368 0.572457 -1.457554 10
0.177201 0.497279 -1.438482 10
0.224530 0.419058 -1.417668 10
0.264294 0.322559 -1.383206 10
0.324565 0.267513 -1.381975 10
0.371171 0.180786 -1.356681 10
0.388681 0.023540 -1.278234 10
0.435929 -0.069864 -1.249973 10
0.463985 -0.214225 -1.184277 10
0.443765 -0.488967 -1.022899 10
0.448583 -0.713368 -0.901967 10
-0.960726 1.043543 -1.104319 10
-0.918538 0.964809 -1.076933 10
-0.796655 0.995105 -1.150904 10
-0.682200 1.018808 -1.217751 10
-0.599609 0.999666 -1.244786 10
-0.502072 1.004274 -1.292928 10
-0.432473 0.968632 -1.304601 10
-0.372898 0.917702 -1.302814 10
-0.242086 0.981536 -1.401801 10
-0.214255 0.880315 -1.356067 10
-0.120296 0.888607 -1.405626 10
-0.083494 0.799684 -1.371683 10
-0.009740 0.774640 -1.392631 10
0.058976 0.741253 -1.406522 10
0.135679 0.723526 -1.433493 10
0.178562 0.641025 -1.406944 10
0.223495 0.560221 -1.382560 10
0.260975 0.461601 -1.344500 10
0.307158 0.378066 -1.319548 10
0.360735 0.308168 -1.306235 10
0.419250 0.247640 -1.300912 10
0.432097 0.078946 -1.211437 10
0.488842 0.007988 -1.199694 10
0.504325 -0.167970 -1.107822 10
0.513661 -0.368941 -0.998882 10
0.489957 -0.669133 -0.817275 10
-1.137827 0.808962 -0.759270 10
-0.974460 0.886919 -0.883114 10
-0.818867 0.960616 -1.000921 10
-0.679346 1.017728 -1.101312 10
-0.575584 1.028048 -1.156725 10
-0.485877 1.020287 -1.194755 10
-0.391923 1.021056 -1.240122 10
-0.359718 0.926857 -1.199144 10
-0.265847 0.929884 -1.246189 10
-0.155109 0.963534 -1.319849 10
-0.111932 0.885982 -1.294654 10
-0.054186 0.832098 -1.290811 10
0.033298 0.831264 -1.333181 10
0.102400 0.798673 -1.347890 10
0.155596 0.736245 -1.337293 10
0.206172 0.667440 -1.321814 10
0.265366 0.614431 -1.320108 10
0.296228 0.501665 -1.269295 10
0.345050 0.423052 -1.247721 10
0.387155 0.327216 -1.212857 10
0.438868 0.249823 -1.193828 10
0.481388 0.148381 -1.156272 10
0.514779 0.020690 -1.098942 10
0.546823 -0.116251 -1.035729 10
0.574774 -0.270461 -0.960568 10
0.538871 -0.604635 -0.748148 10
0.592947 -0.708787 -0.715957 10
-0.689543 1.647814 -1.368705 6
-0.888793 1.000668 -0.870717 10
-0.837432 0.931086 -0.852281 10
-0.695392 0.989636 -0.957061 10
-0.580124 1.014642 -1.028347 10
-0.499621 0.991309 -1.053123 10
-0.371659 1.042280 -1.146933 10
-0.338564 0.948474 -1.105589 10
-0.258141 0.928860 -1.133141 10
-0.167256 0.928075 -1.177543 10
-0.084796 0.915255 -1.210603 10
-0.017622 0.877223 -1.220873 10
0.062593 0.863095 -1.252364 10
0.121526 0.810940 -1.250276 10
0.174958 0.747637 -1.238838 10
0.218264 0.663066 -1.209592 10
0.274336 0.601863 -1.201104 10
0.328084 0.534580 -1.187943 10
0.376943 0.455107 -1.165120 10
0.419078 0.358211 -1.128552 10
0.473073 0.284981 -1.112473 10
0.515701 0.182618 -1.073238 10
0.556066 0.070566 -1.027211 10
0.588463 -0.066593 -0.962213 10
0.627096 -0.194118 -0.906412 10
0.622916 -0.444275 -0.755231 10
0.628815 -0.681312 -0.617370 10
-0.767791 1.791495 -1.310552 6
-0.663151 1.801514 -1.367551 6
-0.611463 1.747850 -1.358301 6
-0.596726 1.646175 -1.300583 6
-0.600922 1.516612 -1.216014 6
-0.843581 1.059666 -0.806663 10
-0.769854 1.021173 -0.818494 10
-0.606753 1.110684 -0.955641 10
-0.560923 1.035831 -0.931030 10
-0.465024 1.034726 -0.977982 10
-0.371255 1.032786 -1.023516 10
-0.262964 1.056243 -1.092446 10
-0.161045 1.073093 -1.154198 10
-0.113826 1.001847 -1.133381 10
-0.023831 1.002594 -1.179368 10
0.016361 0.917798 -1.146854 10
0.073968 0.862256 -1.141602 10
0.094607 0.736788 -1.074118 10
0.177848 0.727014 -1.110770 10
0.274552 0.745908 -1.172298 10
0.309057 0.641343 -1.125408 10
0.345496 0.536933 -1.079783 10
0.410311 0.490220 -1.084714 10
0.461721 0.413080 -1.064053 10
0.500876 0.305184 -1.018201 10
0.553382 0.224760 -0.996434 10
0.598387 0.123078 -0.957827 10
0.644704 0.020504 -0.919541 10
0.662658 -0.161645 -0.817611 10
0.688542 -0.332301 -0.727122 10
0.665147 -0.652963 -0.518765 10
-0.700731 2.100533 -1.433566 6
-0.706145 1.983619 -1.353997 6
-0.641165 1.947171 -1.362124 6
-0.594452 1.888823 -1.347007 6
-0.562139 1.811730 -1.312630 6
-0.530957 1.731542 -1.275816 6
-0.544400 1.590592 -1.177273 6
-0.781131 1.142036 -0.766958 10
-0.558947 1.310656 -0.988099 10
-0.469173 1.301737 -1.027593 10
-0.412697 1.246026 -1.020131 10
-0.363830 1.178339 -1.001231 10
-0.272048 1.175776 -1.046317 10
-0.207459 1.132385 -1.051395 10
-0.163784 1.054939 -1.024029 10
-0.092546 1.021865 -1.039454 10
-0.025178 0.982745 -1.049167 10
0.039859 0.939749 -1.055351 10
0.140724 0.962169 -1.122063 10
0.183415 0.879108 -1.091372 10
0.234330 0.809507 -1.073704 10
0.305750 0.779108 -1.091867 10
0.341361 0.675803 -1.045060 10
0.371536 0.557081 -0.985765 10
0.436135 0.508713 -0.989408 10
0.493468 0.443477 -0.978683 10
0.540656 0.352965 -0.946747 10
0.588954 0.261764 -0.915131 10
0.647075 0.191579 -0.902192 10
0.667271 0.021365 -0.806044 10
0.707317 -0.105111 -0.748284 10
0.739047 -0.260992 -0.667724 10
0.731327 -0.539149 -0.489183 10
0.687319 -0.944234 -0.211491 10
-0.669961 2.142034 -1.367067 6
-0.640010 2.066124 -1.331119 6
-0.580876 2.023482 -1.332370 6
-0.543984 1.953764 -1.304354 6
-0.475023 1.923030 -1.318831 6
-0.523255 1.742126 -1.173507 6
-0.481752 1.672675 -1.148431 6
-0.434588 1.609641 -1.130665 6
-0.507637 1.378362 -0.939531 10
-0.359287 1.453509 -1.065816 10
-0.317870 1.378295 -1.037437 10
-0.279297 1.297156 -1.003813 10
-0.142850 1.365576 -1.119920 10
-0.147884 1.215137 -1.018178 10
-0.041973 1.240193 -1.090076 10
0.005197 1.170352 -1.068956 10
0.049141 1.093394 -1.041613 10
0.109275 1.043285 -1.040548 10
0.197090 1.043474 -1.087188 10
0.236303 0.954474 -1.049897 10
0.265991 0.844090 -0.993724 10
0.364433 0.867279 -1.061467 10
0.375080 0.713071 -0.966862 10
-0.346740 -1.010241 0.541209 10
0.460868 0.524459 -0.890635 10
0.528196 0.480442 -0.898570 10
0.567609 0.370628 -0.848897 10
0.634052 0.321774 -0.853525 10
0.672669 0.202354 -0.797514 10
0.722352 0.106109 -0.762680 10
0.755286 -0.039469 -0.686987 10
0.777988 -0.221624 -0.582254 10
0.788599 -0.449876 -0.441333 10
0.783851 -0.739412 -0.252662 10
-0.772247 2.252542 -1.279650 6
-0.694704 2.229914 -1.303838 6
-0.616307 2.209470 -1.330095 6
-0.597338 2.121267 -1.279279 6
-0.520196 2.100195 -1.304711 11
-0.460540 2.058999 -1.307426 11
-0.386159 2.036466 -1.330679 11
-0.287397 2.046471 -1.388973 11
-0.343481 1.854698 -1.228979 2
-0.490885 1.531155 -0.931606 10
-0.407882 1.513572 -0.963261 10
-0.266771 1.580653 -1.083093 10
-0.257875 1.459616 -1.005804 10
-0.138660 1.500902 -1.096866 10
-0.105921 1.412793 -1.054742 10
-0.033213 1.385929 -1.075343 10
0.196000 1.616682 -1.353168 6
0.317224 1.680942 -1.461309 6
0.171111 1.287193 -1.118351 10
0.155730 1.106217 -0.988661 10
0.248129 1.115270 -1.044631 10
0.287735 1.027346 -1.007250 10
0.356711 0.993960 -1.022407 10
0.408932 0.927322 -1.006375 10
0.410163 0.753075 -0.890874 10
0.466891 0.689297 -0.879487 10
0.523126 0.622950 -0.866259 10
0.575862 0.546898 -0.844794 10
0.617095 0.441203 -0.797434 10
0.670278 0.360258 -0.773253 10
0.717666 0.261732 -0.734347 10
0.754975 0.132472 -0.669625 10
0.798873 0.014552 -0.616231 10
0.832055 -0.139636 -0.533018 10
0.852541 -0.340114 -0.412263 10
0.837440 -0.662429 -0.191243 10
-1.084136 2.569047 -1.228381 12
-0.872625 2.571680 -1.340063 12
-0.726399 2.617129 -1.448443 12
-0.649668 2.596244 -1.473721 12
-0.549977 2.600680 -1.529015 12
-0.548092 2.502479 -1.460736 12
-0.374614 2.590726 -1.614062 12
-0.565224 2.273924 -1.290890 11
-0.523998 2.211975 -1.269165 11
-0.397944 2.250164 -1.362650 11
-0.420037 2.111675 -1.253993 11
-0.321452 2.119547 -1.311918 11
-0.301583 2.028855 -1.259213 11
-0.198152 2.046089 -1.326489 11
-0.122909 2.028338 -1.354436 11
-0.041737 2.020206 -1.392368 11
0.035479 2.008266 -1.425642 11
-0.109626 1.670874 -1.113503 10
-0.037546 1.645413 -1.134870 10
0.167966 1.828367 -1.372788 6
0.237516 1.806771 -1.395689 6
0.313070 1.796125 -1.429529 6
0.334060 1.694849 -1.371252 6
0.371820 1.619137 -1.339860 6
0.418024 1.556411 -1.322143 6
0.317489 1.221137 -1.036702 10
0.345828 1.113148 -0.978328 10
0.388285 1.028722 -0.944026 10
0.428987 0.938006 -0.904573 10
0.469576 0.843869 -0.862847 10
0.531990 0.793375 -0.863213 10
0.567267 0.681716 -0.806821 10
0.620177 0.605905 -0.784868 10
0.657635 0.490789 -0.727608 10
0.714720 0.418884 -0.710925 10
0.750200 0.289402 -0.643049 10
0.802231 0.197258 -0.610032 10
0.827332 0.026985 -0.508862 10
0.876382 -0.084847 -0.461077 10
0.903398 -0.267965 -0.352580 10
0.895576 -0.570777 -0.143289 10
-1.076276 2.689445 -1.205659 12
-0.839323 2.809482 -1.418708 12
-0.807982 2.743966 -1.387828 12
-0.696846 2.754769 -1.454886 12
-0.638706 2.715835 -1.457760 12
-0.555392 2.702888 -1.492983 12
-0.497382 2.665124 -1.496838 12
-0.369270 2.702902 -1.592880 12
-0.314612 2.664062 -1.594362 12
-0.262457 2.622591 -1.592704 12
-0.205174 2.587101 -1.598208 12
-0.297178 2.374359 -1.395956 11
-0.259976 2.310328 -1.370340 11
-0.227329 2.239467 -1.337470 11
-0.195199 2.166445 -1.302881 11
-0.141735 2.119997 -1.298990 11
-0.032356 2.149269 -1.379717 11
0.022850 2.106905 -1.379899 11
0.082442 2.070781 -1.387027 11
0.171107 2.077769 -1.440858 11
0.175976 1.960520 -1.360503 11
0.319020 2.054114 -1.505924 6
0.299751 1.895313 -1.383015 6
0.380346 1.894208 -1.427068 6
0.435975 1.852985 -1.429020 6
0.458490 1.753743 -1.371708 6
0.406328 1.516381 -1.175495 6
0.321242 1.205772 -0.909422 10
0.392426 1.177325 -0.929514 10
0.412514 1.048872 -0.850752 10
0.491622 1.035020 -0.885782 10
0.514882 0.905511 -0.808308 10
0.564118 0.826547 -0.781062 10
0.621603 0.763537 -0.769780 10
0.668513 0.674421 -0.734354 10
0.712891 0.575789 -0.690961 10
0.755727 0.469124 -0.641206 10
0.803611 0.370616 -0.600156 10
0.847050 0.255807 -0.545326 10
0.874073 0.089529 -0.445343 10
0.912798 -0.052871 -0.368860 10
0.956587 -0.188317 -0.300274 10
0.973051 -0.417477 -0.150890 10
0.971255 -0.722711 0.061767 10
-1.118614 2.764863 -1.123850 12
-0.826093 2.929042 -1.404812 12
-0.764803 2.892189 -1.410850 12
-0.603663 2.949801 -1.541420 12
-0.618781 2.842582 -1.453848 12
-0.520717 2.844226 -1.508739 12
-0.454023 2.816394 -1.524777 12
-0.362590 2.815209 -1.574130 12
-0.293673 2.792131 -1.595075 12
-0.273347 2.716693 -1.550843 12
-0.189903 2.710672 -1.592514 12
-0.131720 2.677323 -1.600264 12
-0.095178 2.618691 -1.577595 12
-0.199266 2.387526 -1.350737 11
-0.152429 2.335234 -1.338609 11
-0.042565 2.363529 -1.420510 11
-0.008569 2.295380 -1.389843 11
0.014768 2.211278 -1.341692 11
0.107700 2.221957 -1.401579 11
0.175830 2.199954 -1.423888 6
0.202257 2.117468 -1.378928 11
0.266776 2.090362 -1.395690 6
0.335157 2.070031 -1.419635 2
0.385123 2.021239 -1.412657 6
0.437944 1.976597 -1.410393 2
0.462629 1.883703 -1.357389 2
0.519177 1.843417 -1.360578 2
0.585311 1.820355 -1.381748 2
0.436683 1.398015 -0.992695 10
0.461133 1.284165 -0.924859 10
0.488394 1.171200 -0.859377 10
0.538458 1.100235 -0.837286 10
0.579970 1.009175 -0.795950 10
0.620622 0.912834 -0.750439 10
0.664310 0.819528 -0.708969 10
0.725242 0.762890 -0.703865 10
0.761367 0.644936 -0.640584 10
0.803130 0.535457 -0.586760 10
0.844448 0.419631 -0.528255 10
0.891065 0.312346 -0.479064 10
0.919573 0.148826 -0.379257 10
0.957222 0.002100 -0.296913 10
1.005006 -0.122557 -0.236382 10
1.027937 -0.333428 -0.099925 10
1.020050 -0.661645 0.138129 10
-1.049977 3.027326 -1.244678 12
-1.008523 2.970554 -1.224594 12
-0.874631 2.993529 -1.316576 12
-0.676440 3.077491 -1.490718 12
-0.824077 2.852338 -1.237856 6
-0.522417 3.039038 -1.547709 12
-0.472471 2.995776 -1.543021 12
-0.423398 2.951674 -1.537292 12
-0.347355 2.934879 -1.567369 12
-0.282268 2.908076 -1.583832 12
-0.227246 2.871355 -1.587250 12
-0.176206 2.830553 -1.585438 12
-0.177674 2.730683 -1.509722 12
-0.102036 2.716816 -1.542180 12
-0.062968 2.661037 -1.522611 12
0.003524 2.637904 -1.543111 12
0.065109 2.609596 -1.557035 12
0.009538 2.431208 -1.392299 11
0.043853 2.364040 -1.361855 11
0.123288 2.356741 -1.401877 11
0.192236 2.336684 -1.426485 11
0.247414 2.297996 -1.429430 11
0.333313 2.304765 -1.483868 11
0.323616 2.168895 -1.377537 6
0.364818 2.106991 -1.355467 6
0.436572 2.092953 -1.386578 11
0.510986 2.084820 -1.423681 2
0.532933 1.988903 -1.365557 2
0.577609 1.929457 -1.347657 2
0.631389 1.885210 -1.346358 2
0.677815 1.826801 -1.330414 2
0.496406 1.327007 -0.856285 10
0.544826 1.255537 -0.832071 10
0.591062 1.177533 -0.801865 10
0.634402 1.090845 -0.763670 10
0.679573 1.005018 -0.727283 10
0.720655 0.906695 -0.679409 10
0.767320 0.817405 -0.641560 10
0.807951 0.709785 -0.586802 10
0.845207 0.588578 -0.520193 10
0.880889 0.457042 -0.445188 10
0.916767 0.318908 -0.365578 10
0.964085 0.205472 -0.310957 10
0.996692 0.042447 -0.211415 10
1.047037 -0.076208 -0.155011 10
1.081844 -0.251751 -0.047869 10
1.052270 -0.656282 0.264919 10
-1.086651 3.106517 -1.171121 12
-1.063179 3.034769 -1.128834 12
-0.997380 2.997402 -1.137414 12
-0.800971 3.073434 -1.308451 12
-0.745275 3.031353 -1.307768 12
-0.630334 3.043422 -1.382911 12
-0.563375 3.013760 -1.398421 12
-0.434667 3.044146 -1.495740 12
-0.347323 3.037798 -1.541070 12
-0.261441 3.031949 -1.586016 12
-0.240988 2.960158 -1.542649 12
-0.177921 2.932183 -1.557586 12
-0.142181 2.875055 -1.534444 12
-0.082664 2.843809 -1.544965 12
-0.038453 2.795447 -1.533585 12
0.029709 2.775087 -1.557594 12
0.037718 2.682561 -1.491573 12
0.103471 2.659443 -1.512219 12
0.152838 2.616209 -1.508044 12
0.126321 2.472443 -1.383037 11
0.212731 2.476364 -1.436566 6
0.233967 2.391678 -1.384605 11
0.303663 2.374111 -1.412150 6
0.386741 2.377625 -1.463638 6
0.369531 2.230919 -1.342222 11
0.453734 2.236814 -1.396326 11
0.461295 2.121669 -1.313584 6
0.500841 2.055086 -1.286581 11
0.599159 2.087523 -1.369345 2
0.632231 2.009082 -1.329692 11
0.670694 1.937903 -1.298801 2
0.713185 1.872160 -1.274485 2
0.540222 1.386389 -0.805074 10
0.594478 1.326674 -0.792478 10
0.646214 1.260455 -0.773563 10
0.679874 1.153742 -0.713427 10
0.724529 1.066773 -0.674823 10
0.765189 0.967318 -0.624520 10
0.802043 0.854511 -0.561981 10
0.854758 0.775441 -0.534427 10
0.884318 0.634154 -0.446286 10
0.912864 0.482312 -0.349706 10
0.962102 0.378785 -0.301978 10
0.997058 0.229011 -0.211022 10
1.044191 0.106548 -0.148020 10
1.092914 -0.018033 -0.084498 10
1.133697 -0.176059 0.008795 10
1.143846 -0.449614 0.207111 10
-1.122770 3.097163 -1.026763 12
-1.038406 3.073568 -1.057417 12
-0.777272 3.199321 -1.309637 6
-0.634830 3.232490 -1.419281 6
-0.611293 3.165003 -1.379848 6
-0.570400 3.112035 -1.362114 6
-0.524193 3.063585 -1.351126 12
-0.466602 3.025823 -1.355310 12
-0.302981 3.092495 -1.504114 12
-0.221690 3.082169 -1.543955 12
-0.490877 2.710765 -1.093585 6
-0.125524 2.996190 -1.533349 12
-0.099537 2.928960 -1.496075 12
-0.026365 2.913259 -1.527154 12
0.057251 2.911004 -1.575007 12
0.099319 2.861654 -1.561444 12
0.140492 2.810698 -1.546156 12
0.209331 2.793739 -1.573929 12
0.198159 2.675129 -1.474813 12
0.258762 2.646963 -1.489065 12
0.318343 2.618056 -1.502192 12
0.359897 2.564512 -1.485428 12
0.423621 2.542030 -1.506159 12
0.401509 2.393291 -1.377375 6
0.472291 2.379737 -1.409403 11
0.484664 2.275921 -1.336339 11
0.525998 2.215018 -1.314052 11
0.540891 2.108644 -1.240656 11
0.648574 2.157610 -1.343638 11
0.688512 2.091921 -1.316999 11
0.733463 2.033607 -1.299166 11
0.732243 1.886724 -1.184951 2
0.596246 1.469705 -0.780316 10
0.638893 1.387509 -0.742849 10
0.681892 1.303202 -0.704041 10
0.740227 1.248913 -0.697806 10
0.775700 1.142582 -0.637578 10
0.810196 1.029201 -0.571398 10
0.846537 0.914834 -0.505667 10
0.886864 0.804785 -0.445781 10
0.926603 0.687823 -0.380297 10
0.945267 0.508188 -0.253749 10
0.991610 0.394593 -0.195082 10
1.033895 0.263100 -0.120246 10
1.083459 0.145905 -0.060972 10
1.124260 -0.005828 0.030145 10
1.177245 -0.127323 0.090427 10
1.206017 -0.340459 0.235921 10
1.195184 -0.714587 0.529346 10
-1.326242 3.051440 -0.748838 12
-1.245915 3.019808 -0.771436 12
-0.755541 3.321620 -1.309090 6
-0.707417 3.274545 -1.300030 6
-0.597646 3.280150 -1.370507 6
-0.586616 3.201818 -1.314092 6
-0.512679 3.178444 -1.339804 6
-0.488551 3.110082 -1.299405 12
-0.415443 3.087070 -1.325019 12
-0.322346 3.084792 -1.379395 12
-0.197979 3.116219 -1.479748 12
-0.156104 3.066565 -1.465292 12
-0.071827 3.061470 -1.512242 12
0.025259 3.072358 -1.579796 12
-0.261844 2.655806 -1.072569 12
0.076224 2.938023 -1.503366 12
0.145938 2.920919 -1.532093 12
0.217617 2.907500 -1.565009 12
0.254782 2.852395 -1.543713 12
0.254104 2.747709 -1.459881 12
0.308853 2.712589 -1.465340 12
0.373830 2.691628 -1.488372 12
0.392914 2.607440 -1.433091 12
0.433338 2.551333 -1.413256 12
0.498253 2.530535 -1.436541 12
0.491806 2.401715 -1.330311 11
0.512051 2.309429 -1.269529 11
0.564618 2.266303 -1.267674 11
0.647199 2.273107 -1.323938 11
0.701978 2.234762 -1.327347 11
0.734972 2.157580 -1.286612 11
0.765192 2.072716 -1.238138 11
0.815338 2.022540 -1.229489 11
0.642752 1.534716 -0.736904 10
0.686487 1.454931 -0.700995 10
0.736130 1.384800 -0.676443 10
0.777600 1.294812 -0.631196 10
0.815787 1.193845 -0.575304 10
0.839916 1.055635 -0.481338 10
0.893020 0.980128 -0.454959 10
0.930108 0.861700 -0.384810 10
0.965643 0.733061 -0.305712 10
0.980277 0.540574 -0.163309 10
1.016348 0.396078 -0.072199 10
1.074674 0.308315 -0.039782 10
1.123667 0.187752 0.024235 10
1.176380 0.071924 0.082113 10
1.225354 -0.063490 0.157672 10
1.255780 -0.273443 0.303445 10
1.238376 -0.677383 0.631780 10
-1.344669 3.152753 -0.695381 12
-1.248342 3.132540 -0.737920 12
-0.722827 3.450683 -1.323049 6
-0.673754 3.405380 -1.315969 6
-0.638768 3.348451 -1.290699 6
-0.607227 3.287975 -1.260437 6
-0.499063 3.293687 -1.331833 6
-0.487154 3.215731 -1.275200 6
-0.496485 3.116325 -1.187901 2
-0.395116 3.118938 -1.252699 2
-0.333340 3.085587 -1.263591 12
-0.218249 3.106256 -1.351761 12
-0.144569 3.087858 -1.382355 12
-0.050381 3.092511 -1.444560 12
0.009507 3.062464 -1.457166 12
0.070616 3.034409 -1.472201 12
0.147277 3.024948 -1.512128 12
0.169480 2.952869 -1.467130 12
0.250719 2.950707 -1.515946 12
0.282699 2.889117 -1.485677 12
0.339211 2.857779 -1.495394 12
0.379710 2.805697 -1.478270 12
0.433874 2.771439 -1.484232 12
0.422974 2.646226 -1.375573 12
0.475761 2.607760 -1.377340 12
0.533335 2.576419 -1.387940 12
0.520856 2.438214 -1.267869 6
0.599197 2.437211 -1.316219 11
0.658633 2.407767 -1.329663 11
0.705283 2.357388 -1.318134 11
0.731854 2.271414 -1.265156 11
0.787308 2.233913 -1.269698 11
0.820888 2.156017 -1.227774 11
0.871856 2.108551 -1.221509 11
0.904683 2.024602 -1.174300 11
0.744932 1.544692 -0.684993 10
0.767667 1.418895 -0.597644 10
0.801288 1.310748 -0.531514 10
0.855664 1.244650 -0.512584 10
0.896321 1.144378 -0.457389 10
0.916090 0.988559 -0.344110 10
0.952313 0.865394 -0.267718 10
0.971416 0.690493 -0.138720 10
1.004789 0.543705 -0.041561 10
1.048882 0.418623 0.031192 10
1.106137 0.325501 0.069705 10
1.162720 0.225623 0.114036 10
1.219848 0.122077 0.160913 10
1.263593 -0.033163 0.257958 10
1.309180 -0.193139 0.357574 10
1.296145 -0.586147 0.682447 10
1.183906 -1.410336 1.418201 9
1.296612 -1.379484 1.320824 9
-1.272964 3.135528 -0.599018 6
-0.663620 3.515390 -1.302451 6
-0.626322 3.461168 -1.280487 6
-0.544399 3.443232 -1.317185 6
-0.503325 3.392257 -1.300402 6
-0.499981 3.308106 -1.231996 6
-0.462869 3.251970 -1.208456 2
-0.385072 3.232629 -1.241511 2
-0.373159 3.152440 -1.181955 2
-0.329565 3.101028 -1.166582 2
-0.204785 3.130313 -1.270195 12
-0.171495 3.069781 -1.240736 12
-0.089421 3.059761 -1.284478 12
0.031667 3.093939 -1.389943 12
0.107609 3.082053 -1.428302 12
0.159023 3.043670 -1.428991 12
0.242090 3.042765 -1.481111 12
0.263612 2.969370 -1.433648 12
0.326296 2.945432 -1.453658 12
0.397408 2.933227 -1.488848 12
0.432300 2.874651 -1.462355 12
0.449218 2.790391 -1.403047 12
0.485505 2.730558 -1.376468 12
0.507310 2.648508 -1.322190 12
0.600367 2.669881 -1.399509 12
0.614197 2.573340 -1.328153 12
0.643379 2.497418 -1.283796 11
0.708276 2.477370 -1.308771 11
0.746216 2.413054 -1.279739 11
0.791724 2.360137 -1.265060 11
0.824681 2.283656 -1.222804 11
0.860052 2.209016 -1.183665 11
0.915926 2.171118 -1.188215 11
0.949383 2.088705 -1.141473 11
0.993280 2.024492 -1.116576 11
0.821950 1.501106 -0.572582 10
0.851418 1.384407 -0.494986 10
0.892227 1.287890 -0.441465 10
0.920224 1.156737 -0.351038 10
0.955708 1.036933 -0.274889 10
0.987675 0.901808 -0.183833 10
1.002681 0.713811 -0.038108 10
1.030349 0.548598 0.080523 10
1.085606 0.452500 0.124075 10
1.147853 0.372653 0.149609 10
1.199789 0.256713 0.211619 10
1.265865 0.180437 0.231618 10
1.299388 -0.012193 0.368860 10
1.353944 -0.143605 0.441796 10
1.388870 -0.359831 0.597505 10
1.418886 -0.615166 0.788649 10
1.391241 -1.141629 1.241167 9
1.491622 -1.145853 1.178995 9
1.590774 -1.150976 1.118312 9
-1.274000 3.250273 -0.567506 6
-0.770373 3.536170 -1.138308 6
-0.662724 3.534684 -1.206715 6
-0.570395 3.523594 -1.257006 6
-0.514829 3.484381 -1.259442 6
-0.481709 3.426612 -1.231486 6
-0.436028 3.379005 -1.220387 6
-0.452196 3.276164 -1.121986 6
-0.365604 3.264146 -1.167896 2
-0.311943 3.222996 -1.167572 2
-0.252690 3.187449 -1.175690 2
-0.217447 3.128486 -1.148247 12
-0.155834 3.095658 -1.160272 12
-0.076045 3.082584 -1.200994 12
0.064299 3.136802 -1.338524 12
0.134790 3.118748 -1.369002 6
0.189895 3.084383 -1.375585 6
0.252875 3.059654 -1.395534 6
0.354552 3.082768 -1.481479 12
0.386277 3.022195 -1.450577 12
0.411039 2.951375 -1.406434 12
0.455976 2.905344 -1.396579 12
0.505056 2.864514 -1.393879 12
0.541396 2.805641 -1.367535 12
0.575101 2.741685 -1.335170 12
0.622707 2.696859 -1.328184 12
0.651855 2.623217 -1.284656 12
0.721649 2.611766 -1.320603 12
0.750179 2.534454 -1.273602 11
0.794557 2.481310 -1.257537 11
0.838879 2.427011 -1.240479 11
0.874812 2.356433 -1.204126 11
0.921863 2.304276 -1.190729 11
0.965752 2.244956 -1.169203 11
0.995840 2.156521 -1.113937 11
1.036021 2.085208 -1.079854 11
0.863020 1.555483 -0.516858 10
0.884066 1.419630 -0.415516 10
0.929025 1.331544 -0.370438 10
0.952378 1.188135 -0.264271 10
0.986759 1.063949 -0.181690 10
0.993499 0.861573 -0.014668 10
1.003600 0.654815 0.153818 10
1.060273 0.564563 0.192848 10
1.107420 0.442161 0.265364 10
1.177324 0.382077 0.270039 10
1.237910 0.290414 0.307577 10
1.304643 0.214499 0.327683 10
1.352226 0.067588 0.420520 10
1.404682 -0.072307 0.504156 10
1.436276 -0.304444 0.679635 10
1.452325 -0.622335 0.937939 10
1.476213 -0.938597 1.189625 9
1.563184 -0.995981 1.180412 9
1.657020 -1.021288 1.139469 9
1.755126 -1.021650 1.074550 9
-1.313453 3.427586 -0.566010 6
-1.238644 3.390076 -0.582866 6
-1.196227 3.329931 -0.558462 6
-1.113973 3.299151 -0.586177 6
-0.672148 3.546361 -1.095492 6
-0.564877 3.545897 -1.166333 6
-0.511773 3.503972 -1.165007 6
-0.529976 3.402522 -1.064355 6
-0.641583 3.217369 -0.828591 2
-0.448533 3.294338 -1.024086 6
-0.406542 3.240696 -1.005212 2
-0.303656 3.243711 -1.076272 2
-0.272761 3.180050 -1.041313 12
-0.184053 3.172664 -1.093903 12
-0.164080 3.097241 -1.041453 12
-0.061444 3.106803 -1.118118 12
0.026254 3.103304 -1.173472 12
0.128124 3.117837 -1.253991 6
0.258662 3.168459 -1.385061 6
0.304678 3.124908 -1.377802 6
0.353965 3.085091 -1.375992 6
0.439407 3.090369 -1.437562 12
0.487197 3.049895 -1.434210 2
0.506758 2.971917 -1.379401 12
0.537887 2.907294 -1.343946 12
0.598363 2.882294 -1.362571 12
0.631298 2.818196 -1.328809 12
0.690566 2.791782 -1.345426 12
0.714395 2.711458 -1.291500 12
0.755334 2.655580 -1.270280 12
0.803389 2.610172 -1.262935 12
0.812384 2.498013 -1.171463 11
0.882626 2.488089 -1.209830 11
0.924208 2.428120 -1.185546 11
0.953893 2.344277 -1.132571 11
0.988597 2.266848 -1.088545 11
1.035341 2.210647 -1.071038 11
1.072656 2.133429 -1.028977 11
1.111966 2.057485 -0.989375 11
1.107874 1.881600 -0.833910 2
1.153478 1.810256 -0.802555 2
0.984672 1.219494 -0.176453 10
0.989604 1.019764 -0.006393 10
1.020408 0.874434 0.099061 10
1.036915 0.681409 0.255490 10
1.080693 0.552590 0.337862 10
1.150723 0.493808 0.341802 10
1.222092 0.437613 0.342576 10
1.285816 0.355172 0.371240 10
1.336415 0.223889 0.451080 10
1.399728 0.128894 0.490868 10
1.454083 -0.005694 0.571004 10
1.499373 -0.186842 0.697603 10
1.504100 -0.555274 1.013919 10
1.545700 -0.798666 1.196935 9
1.642356 -0.805892 1.138036 9
1.759124 -0.706236 0.972878 9
1.832009 -0.825101 1.026755 9
1.917173 -0.884045 1.020376 9
-1.378967 3.497873 -0.452979 6
-1.271818 3.480748 -0.510682 6
-1.200095 3.440989 -0.524097 6
-1.117200 3.410088 -0.553019 6
-1.029540 3.384007 -0.589488 6
-1.048884 3.277628 -0.481532 6
-1.046736 3.184947 -0.400427 6
-0.983615 3.139271 -0.402739 6
-0.831375 3.168241 -0.532270 12
-0.737366 3.151961 -0.581824 12
-0.532103 3.235810 -0.796377 2
-0.402146 3.259007 -0.905598 12
-0.286836 3.272598 -0.996290 2
-0.266330 3.198514 -0.944297 12
-0.203784 3.164309 -0.956475 12
-0.190887 3.080195 -0.890376 12
-0.026637 3.152296 -1.066547 12
0.255391 3.358180 -1.442124 6
0.288155 3.302066 -1.414514 6
0.327041 3.251961 -1.396432 6
0.406312 3.248712 -1.447603 6
0.439530 3.191825 -1.419629 2
0.461796 3.120170 -1.371046 6
0.530908 3.106700 -1.406206 2
0.565917 3.049589 -1.379269 2
0.606538 2.998953 -1.361929 12
0.650627 2.952394 -1.350587 12
0.679570 2.883298 -1.308862 12
0.712059 2.817498 -1.272494 12
0.766346 2.783538 -1.279337 12
0.800940 2.718397 -1.245003 12
0.840770 2.660022 -1.220268 12
0.880564 2.600156 -1.194187 12
0.901569 2.505701 -1.124516 11
0.975160 2.502870 -1.172254 11
0.995326 2.401911 -1.096235 11
1.034363 2.333110 -1.061711 11
1.074358 2.263897 -1.027481 11
1.113430 2.190329 -0.988752 11
1.159407 2.128927 -0.965566 11
1.187040 2.024292 -0.891406 11
1.203722 1.888679 -0.782223 2
1.257074 1.834277 -0.770317 2
1.007884 1.012724 0.130477 10
1.064887 0.932714 0.162643 10
1.066379 0.696707 0.371446 10
1.124112 0.604961 0.413533 10
1.199670 0.562206 0.399869 10
1.251077 0.443411 0.470314 10
1.322361 0.382612 0.475601 10
1.390743 0.309780 0.493562 10
1.439280 0.161216 0.592412 10
1.495938 0.032069 0.668438 10
1.548985 -0.121865 0.768961 10
1.578955 -0.388755 0.985670 10
1.632296 -0.577016 1.116487 9
1.715675 -0.638079 1.113678 9
1.808953 -0.650183 1.060570 9
1.895845 -0.693812 1.039844 9
1.990065 -0.693634 0.975158 9
-1.329011 3.556743 -0.407153 6
-1.225290 3.537188 -0.461879 6
-1.177180 3.481040 -0.444483 6
-1.081398 3.458858 -0.491262 6
-1.025611 3.409007 -0.484940 6
-1.053424 3.295795 -0.362612 2
-1.014064 3.231476 -0.331650 2
-0.976055 3.165371 -0.298115 2
-0.868040 3.156472 -0.365484 12
-0.659820 3.235594 -0.582867 12
-0.511866 3.269447 -0.716989 12
-0.421142 3.256434 -0.768521 12
-0.360529 3.217428 -0.775383 12
-0.240148 3.236101 -0.876429 12
-0.171433 3.207662 -0.898547 12
-0.089515 3.193594 -0.942948 12
0.213194 3.411948 -1.352888 6
0.286217 3.398794 -1.391899 6
0.319273 3.342979 -1.364202 6
0.393378 3.333001 -1.406847 6
0.399626 3.245078 -1.331219 2
0.486912 3.252241 -1.398649 2
0.531219 3.208621 -1.389876 2
0.558537 3.142837 -1.349077 2
0.597633 3.090932 -1.329121 2
0.654739 3.062745 -1.343308 12
0.693599 3.009462 -1.321922 12
0.732459 2.955164 -1.299608 12
0.776095 2.906927 -1.286137 12
0.808310 2.840286 -1.247944 12
0.852935 2.791520 -1.234669 12
0.894581 2.737035 -1.214107 12
0.924018 2.660503 -1.164958 12
0.961776 2.595911 -1.132475 12
1.002515 2.534802 -1.105234 11
1.036403 2.458993 -1.059830 11
1.076680 2.392842 -1.027666 11
1.113501 2.317486 -0.984708 11
1.155850 2.250828 -0.953515 11
1.179409 2.140796 -0.869731 11
1.229649 2.085534 -0.854402 11
1.257521 1.975989 -0.774054 2
1.298187 1.891844 -0.725742 2
1.024603 1.000423 0.276607 10
1.105825 0.981573 0.237225 10
1.088853 0.691539 0.513201 10
1.165505 0.651256 0.496536 10
1.234977 0.589313 0.504605 10
1.295247 0.496074 0.547591 10
1.358380 0.407250 0.584570 10
1.423472 0.320394 0.618401 10
1.480328 0.198014 0.690329 10
1.538722 0.072489 0.764060 10
1.596646 -0.064957 0.848985 10
1.644865 -0.257093 0.990491 10
1.704951 -0.413166 1.090897 9
1.792896 -0.445329 1.059054 9
1.881742 -0.471387 1.021030 9
1.967569 -0.512748 0.999055 9
2.056157 -0.537115 0.959686 9
-1.221784 3.564758 -0.355863 6
-1.166086 3.513125 -0.347966 6
-1.063749 3.494766 -0.404331 6
-1.102651 3.375093 -0.265501 6
-1.106051 3.278153 -0.173177 2
-1.072192 3.207539 -0.131951 2
-0.947934 3.208244 -0.221630 2
-0.896391 3.152272 -0.206618 12
-0.641485 3.268637 -0.497157 12
-0.419315 3.366414 -0.746984 12
-0.341762 3.342823 -0.780596 12
-0.317230 3.271493 -0.731916 12
-0.198479 3.288535 -0.832707 12
-0.155683 3.234735 -0.813343 12
0.220386 3.517491 -1.345000 6
0.273780 3.483700 -1.351772 6
0.324913 3.447860 -1.355008 6
0.368149 3.403525 -1.344689 6
0.424252 3.373538 -1.356888 6
0.463151 3.323925 -1.338533 6
0.539568 3.318999 -1.388516 2
0.577904 3.268689 -1.369080 2
0.629939 3.235204 -1.375059 2
0.662354 3.175990 -1.343082 2
0.665682 3.075661 -1.252076 2
0.748920 3.083962 -1.319158 12
0.772495 3.008412 -1.265624 12
0.813931 2.957173 -1.247442 12
0.853099 2.901473 -1.223474 12
0.888907 2.839122 -1.190902 12
0.917112 2.762441 -1.139552 12
0.959277 2.706926 -1.117843 12
1.019838 2.682686 -1.138352 12
1.041913 2.588700 -1.066466 12
1.075841 2.513074 -1.020108 11
1.121155 2.456976 -1.000031 11
1.151343 2.368504 -0.939005 11
1.190056 2.294106 -0.897143 11
1.223702 2.205582 -0.838492 11
1.267078 2.135144 -0.803601 11
1.301774 2.041257 -0.740660 11
1.321716 1.906000 -0.628642 2
1.016562 0.922735 0.505118 10
1.057656 0.790090 0.599734 10
1.124045 0.720610 0.617501 10
1.204410 0.689848 0.589255 10
1.271478 0.619170 0.607703 10
1.331257 0.522048 0.656014 10
1.389800 0.415031 0.714460 10
1.469971 0.378579 0.691750 10
1.519637 0.227241 0.797894 10
1.587067 0.134203 0.837070 10
1.644753 -0.006509 0.927668 10
1.696498 -0.186766 1.059411 9
1.764182 -0.308975 1.125713 9
1.857340 -0.311384 1.062176 9
1.947107 -0.326860 1.013260 9
2.036310 -0.341831 0.964294 9
2.126092 -0.348918 0.907579 9
2.134600 -0.928242 1.442681 9
-1.182379 3.526813 -0.212050 6
-1.078866 3.507818 -0.270252 6
-1.393951 3.085287 0.361131 12
-1.287095 3.063635 0.303084 12
-1.192447 3.034470 0.261156 12
-0.755825 3.287105 -0.298797 12
-0.522275 3.386994 -0.564906 12
-0.434478 3.369269 -0.612545 12
-0.311958 3.384469 -0.716842 12
-0.271162 3.328067 -0.693271 12
-0.154550 3.343079 -0.792999 12
-0.088836 3.311961 -0.811624 12
0.205289 3.511949 -1.216917 6
0.286273 3.505339 -1.269938 6
0.387119 3.522056 -1.359627 6
0.410722 3.457047 -1.315127 6
0.463389 3.423475 -1.321735 6
0.468458 3.334479 -1.240831 6
0.503153 3.278145 -1.212609 2
0.580060 3.273290 -1.264159 2
0.671132 3.288756 -1.345361 2
0.696252 3.220232 -1.298472 2
0.724646 3.154185 -1.256304 2
0.735935 3.062148 -1.176892 2
0.811988 3.060896 -1.231118 12
0.846136 2.998970 -1.196991 12
0.892737 2.954729 -1.188756 12
0.924270 2.885763 -1.145964 12
0.971623 2.840864 -1.137596 12
1.009907 2.779782 -1.107178 12
1.035114 2.693676 -1.043362 12
1.091374 2.661221 -1.053255 12
1.117482 2.571444 -0.986536 12
1.157273 2.504765 -0.951763 11
1.199200 2.440149 -0.920480 11
1.230901 2.351490 -0.858802 11
1.263592 2.260856 -0.795927 11
1.301658 2.178200 -0.744536 11
1.334863 2.080013 -0.674761 11
1.337236 1.899413 -0.503916 2
1.007920 0.840561 0.745990 10
1.095351 0.826902 0.695888 10
1.175779 0.796033 0.667330 10
1.231467 0.692458 0.726173 10
1.310883 0.657197 0.702619 10
1.369901 0.555553 0.757288 10
1.440532 0.487813 0.771202 10
1.498621 0.371422 0.840721 10
1.567709 0.288901 0.869961 10
1.634305 0.191259 0.915498 10
1.690071 0.039481 1.020662 10
1.775625 0.010916 0.986550 9
1.850576 -0.068453 1.008715 9
1.927382 -0.143793 1.025731 9
2.018388 -0.143456 0.960162 9
2.104458 -0.167165 0.921190 9
2.187413 -0.209366 0.902192 9
2.230710 -0.547199 1.194682 9
-1.291388 3.083871 0.438260 12
-0.872088 3.309877 -0.096088 12
-0.678744 3.369274 -0.299127 12
-0.506582 3.417737 -0.475601 12
-0.415315 3.402287 -0.529314 12
-0.277921 3.429955 -0.659419 12
-0.214770 3.394051 -0.672102 12
-0.172064 3.339437 -0.651254 12
-0.080665 3.331763 -0.712431 12
0.261221 3.578104 -1.207909 6
0.080416 3.300982 -0.803402 12
0.383652 3.525994 -1.249119 6
0.449986 3.506885 -1.280249 6
0.491906 3.461341 -1.267381 6
0.388556 3.245449 -0.980209 2
0.458093 3.227030 -1.014295 2
0.590774 3.288588 -1.173325 2
0.679922 3.300699 -1.251688 2
0.714167 3.243295 -1.221365 2
0.749402 3.185960 -1.191811 2
0.723695 3.041248 -1.031672 12
0.824812 3.074496 -1.139398 12
0.903584 3.078810 -1.202244 12
0.934086 3.010691 -1.158507 12
0.972140 2.952568 -1.130098 12
0.996359 2.869863 -1.067385 12
1.045195 2.826370 -1.061188 12
1.085008 2.766231 -1.032005 12
1.118541 2.692709 -0.985056 12
1.156639 2.625170 -0.947297 12
1.184021 2.533896 -0.878370 11
1.223218 2.462804 -0.837873 11
1.256541 2.376329 -0.777953 11
1.284070 2.272852 -0.697083 11
1.326035 2.197420 -0.654266 11
1.373711 2.132518 -0.625926 11
0.977836 0.944078 0.829075 10
1.048709 0.885662 0.834064 10
1.129858 0.854312 0.805038 10
1.184340 0.747129 0.869948 10
1.281898 0.764151 0.781586 10
1.325012 0.614157 0.896894 10
1.408176 0.586856 0.862634 10
1.477202 0.511368 0.886023 10
1.535471 0.392072 0.960291 10
1.609076 0.324026 0.973138 10
1.674030 0.216536 1.031047 9
1.733472 0.075950 1.125497 9
1.830733 0.101370 1.029553 9
1.911064 0.050094 1.021258 9
1.975805 -0.088379 1.109936 9
2.057735 -0.141255 1.102157 9
2.172224 0.013208 0.867265 9
2.235119 -0.159752 0.991297 9
2.292264 -0.405747 1.191249 9
-1.246691 3.244054 0.401047 2
-1.208517 3.170984 0.443570 2
-1.128654 3.129643 0.422640 2
-0.942235 3.175502 0.233401 12
-0.527641 3.418050 -0.326159 12
-0.462039 3.378825 -0.337989 12
-0.263707 3.457903 -0.569064 12
-0.209144 3.413486 -0.567140 12
-0.097595 3.422896 -0.662321 12
-0.042689 3.380731 -0.662784 12
0.044741 3.371319 -0.720659 12
0.086339 3.316784 -0.698525 12
0.153213 3.288497 -0.721785 12
0.445485 3.508645 -1.164534 6
0.293381 3.242132 -0.783211 12
0.325778 3.176804 -0.743094 12
0.412252 3.175171 -0.807647 12
0.610040 3.314558 -1.097564 2
0.656779 3.271662 -1.090580 2
0.711717 3.239357 -1.100353 2
0.681492 3.090883 -0.929373 12
0.735067 3.053595 -0.933044 12
0.814320 3.053932 -0.993741 12
0.897918 3.063455 -1.066858 12
0.967787 3.054761 -1.111305 12
1.005910 2.996708 -1.082302 12
1.042142 2.933959 -1.047125 12
1.085857 2.882275 -1.028632 12
1.115250 2.803742 -0.972398 12
1.156387 2.743923 -0.943718 12
1.191388 2.670459 -0.896698 12
1.231640 2.604636 -0.861243 12
1.257797 2.507109 -0.783357 11
1.294034 2.426481 -0.729945 11
1.322951 2.325705 -0.650783 11
1.362358 2.244130 -0.598706 11
1.396264 2.145190 -0.525031 11
1.435918 2.055398 -0.464794 11
1.094656 0.944111 0.905957 10
1.152568 0.847895 0.959056 10
1.228763 0.800166 0.949869 10
1.308650 0.763369 0.927015 10
1.367125 0.658104 0.988983 10
1.442688 0.604255 0.986620 10
1.514082 0.534177 1.003742 10
1.580479 0.441891 1.046969 10
1.640924 0.319545 1.124907 10
1.720869 0.270312 1.114925 9
1.807231 0.249246 1.071932 9
1.893973 0.232763 1.024123 9
1.980542 0.218835 0.973942 9
2.062876 0.184912 0.947080 9
2.145155 0.151375 0.919942 9
2.217477 0.051782 0.966687 9
2.284732 -0.097737 1.067477 9
2.345465 -0.325430 1.251812 9
-1.214177 3.292865 0.481531 2
-1.123602 3.259246 0.443528 2
-1.081657 3.189219 0.480820 2
-0.994094 3.155025 0.445941 2
-0.425268 3.521328 -0.373731 13
-0.344785 3.496429 -0.412237 12
-0.211964 3.519175 -0.540161 13
-0.199044 3.437273 -0.467559 12
-0.084352 3.448625 -0.569518 12
-0.033914 3.401447 -0.561509 12
0.076721 3.414231 -0.661587 12
0.131597 3.373272 -0.663243 12
0.199000 3.345806 -0.688370 12
0.261477 3.313970 -0.705125 12
0.299773 3.255520 -0.675808 12
0.363566 3.225797 -0.695615 12
0.422086 3.190548 -0.705606 12
0.517871 3.202050 -0.792269 12
0.531935 3.112130 -0.711710 12
0.215473 2.580803 0.076780 12
0.701462 3.115986 -0.847990 12
0.773656 3.104391 -0.892442 12
0.852841 3.104891 -0.954620 12
0.920017 3.089878 -0.991553 12
1.003501 3.101976 -1.068794 12
1.063919 3.080134 -1.093378 12
1.081603 2.987567 -1.012439 12
1.118294 2.923948 -0.975780 12
1.161212 2.869520 -0.953287 12
1.186054 2.779878 -0.880701 12
1.228823 2.720937 -0.853346 12
1.256725 2.630205 -0.781881 12
1.287480 2.541086 -0.714203 11
1.334713 2.483598 -0.691590 11
1.356859 2.367305 -0.589284 11
1.389780 2.269687 -0.514357 11
1.433089 2.192368 -0.468176 11
1.459170 2.066868 -0.359236 11
1.125248 0.960951 1.032718 10
1.192349 0.887949 1.056477 10
1.260773 0.816046 1.078182 10
1.335072 0.759602 1.079594 10
1.414039 0.717098 1.063195 10
1.498288 0.692901 1.024025 10
1.563169 0.599964 1.070417 9
1.635185 0.528562 1.089307 9
1.703873 0.439735 1.128754 9
1.788137 0.412873 1.092666 9
1.872815 0.389833 1.052415 9
1.950923 0.336249 1.048690 9
2.044355 0.363336 0.950345 9
2.132025 0.367547 0.880010 9
2.200269 0.255236 0.944521 9
2.266116 0.111530 1.043296 9
2.335594 -0.026742 1.133832 9
2.397672 -0.252675 1.320429 9
-1.152077 3.363337 0.516702 6
-0.521617 3.734885 -0.378086 13
-0.397075 3.742307 -0.486965 13
-0.342025 3.697838 -0.485897 13
-0.209458 3.717479 -0.613715 13
-0.194432 3.641438 -0.547475 13
-0.061806 3.666680 -0.680959 13
-0.089494 3.551343 -0.539403 13
-0.059602 3.485313 -0.495302 13
0.002457 3.448987 -0.507838 12
0.090650 3.439239 -0.568907 12
0.148043 3.400153 -0.574662 12
0.236053 3.393820 -0.638966 12
0.276648 3.338088 -0.613773 12
0.358772 3.328388 -0.669691 12
0.428237 3.306098 -0.702281 12
0.452265 3.230463 -0.642870 12
0.521160 3.208317 -0.675000 12
0.568813 3.160203 -0.663006 12
0.625549 3.123661 -0.670257 12
0.732201 3.155818 -0.788938 12
0.784362 3.115682 -0.788637 12
0.856953 3.105425 -0.835737 12
0.916838 3.077880 -0.854587 12
0.993981 3.078177 -0.916190 12
1.063121 3.068165 -0.960581 12
1.125045 3.047937 -0.988484 12
1.157622 2.977618 -0.940612 12
1.183092 2.891835 -0.870842 12
1.225932 2.834915 -0.844979 12
1.262412 2.763933 -0.799275 12
1.296196 2.684685 -0.742695 12
1.341184 2.625584 -0.716011 12
1.360826 2.508793 -0.608726 11
1.392643 2.413048 -0.533038 11
1.413478 2.285849 -0.415591 11
1.449788 2.189190 -0.342302 11
1.476675 2.062405 -0.229860 11
1.129960 0.905866 1.258382 10
1.214385 0.876469 1.223580 9
1.302320 0.859188 1.173387 10
1.383524 0.823398 1.148036 10
1.457457 0.764176 1.153137 10
1.533064 0.709010 1.152766 9
1.602386 0.628913 1.183668 9
1.697975 0.648017 1.089688 9
1.782778 0.629484 1.043865 9
1.858040 0.571047 1.047629 9
1.942806 0.555652 0.998728 9
2.028436 0.548316 0.940753 9
2.108936 0.517293 0.911844 9
2.170811 0.374204 1.015737 9
2.242040 0.273402 1.067883 9
2.310553 0.139679 1.157013 9
2.383826 0.022971 1.224630 9
-0.478506 3.874343 -0.421926 13
-0.378990 3.862272 -0.492326 13
-0.315904 3.824593 -0.505352 13
-0.207320 3.823671 -0.594841 13
-0.152693 3.781557 -0.595972 13
-0.068857 3.764406 -0.647598 13
-0.035280 3.705248 -0.613087 13
-0.029158 3.620457 -0.528646 13
0.042258 3.593813 -0.559672 13
0.066503 3.523106 -0.504952 13
0.104733 3.464580 -0.474599 13
0.156262 3.418767 -0.468609 12
0.209438 3.374621 -0.465655 12
0.295597 3.366445 -0.527969 12
0.379710 3.358312 -0.588551 12
0.393864 3.271134 -0.507487 12
0.434515 3.212825 -0.478806 12
0.529681 3.221134 -0.565686 12
0.557101 3.145943 -0.507994 12
0.598585 3.087122 -0.479175 12
0.678850 3.080308 -0.537459 12
0.756969 3.072833 -0.593195 12
0.843671 3.080266 -0.671768 12
0.934562 3.097400 -0.764038 12
1.000466 3.079199 -0.798091 12
1.075793 3.077799 -0.857700 12
1.142588 3.064606 -0.897667 12
1.182938 3.006763 -0.868261 12
1.233780 2.966363 -0.865965 12
1.263232 2.885153 -0.802502 12
1.299270 2.813288 -0.754299 12
1.337897 2.743798 -0.710643 12
1.363969 2.644794 -0.625066 12
1.392670 2.546285 -0.542041 11
1.421744 2.443232 -0.454330 11
1.444101 2.318028 -0.337290 11
1.464531 2.179875 -0.204661 11
1.490176 2.046007 -0.080713 11
1.179456 0.971667 1.325688 10
1.257942 0.925356 1.313349 10
1.333227 0.869119 1.314389 10
1.412723 0.825153 1.298962 9
1.501487 0.812620 1.242363 9
1.596753 0.826940 1.151724 9
1.673010 0.775741 1.147038 9
1.766257 0.791994 1.056141 9
1.839162 0.728089 1.068080 9
1.925824 0.724254 1.004332 9
2.003596 0.681626 0.989663 9
2.082929 0.646671 0.965585 9
2.149308 0.537161 1.032493 9
2.218353 0.431368 1.093419 9
2.289321 0.325371 1.153195 9
2.359533 0.198639 1.236155 9
-0.551764 4.013894 -0.369880 13
-0.443665 4.004876 -0.453012 13
-0.335434 3.998653 -0.539142 13
-0.265308 3.967096 -0.565374 13
-0.120819 3.993308 -0.717112 13
-0.112763 3.916832 -0.641835 13
-0.063140 3.872129 -0.636110 13
-0.035078 3.809360 -0.592446 13
-0.007316 3.745181 -0.546904 13
0.051847 3.707900 -0.556994 13
0.087339 3.649231 -0.523766 13
0.118944 3.585938 -0.482133 13
0.159295 3.530056 -0.455831 13
0.210762 3.484763 -0.450306 13
0.275941 3.453849 -0.471863 12
0.337515 3.419887 -0.486961 12
0.406014 3.394344 -0.516942 12
0.460336 3.353514 -0.518252 12
0.496008 3.290421 -0.479538 12
0.543297 3.240323 -0.464636 12
0.596960 3.197855 -0.463293 12
0.640138 3.141432 -0.437834 12
0.716561 3.129604 -0.488784 12
0.794224 3.121597 -0.544844 12
0.877838 3.124644 -0.617857 12
1.009459 3.203893 -0.814179 2
1.070269 3.179925 -0.838423 2
1.111993 3.125692 -0.813536 2
1.156691 3.075199 -0.795118 12
1.218196 3.053263 -0.821871 12
1.262568 3.001078 -0.801127 12
1.294295 2.923547 -0.741978 12
1.320018 2.830777 -0.661014 12
1.359318 2.761287 -0.616746 12
1.395724 2.682768 -0.560050 12
1.416347 2.565282 -0.447356 12
1.448900 2.468476 -0.367127 11
1.479831 2.362240 -0.275055 11
1.490774 2.198505 -0.103081 11
1.492378 1.997670 0.117602 2
1.252321 1.102939 1.301813 9
1.338443 1.082555 1.254624 9
1.411128 1.022996 1.261799 9
1.502327 1.022235 1.189064 9
1.577167 0.969721 1.186975 9
1.627651 0.826811 1.304787 9
1.755767 0.973100 1.039819 9
1.847055 0.991357 0.946481 9
1.906143 0.875134 1.028215 9
1.982600 0.830056 1.017271 9
2.050181 0.738659 1.064950 9
2.124043 0.673198 1.078976 9
2.196670 0.595431 1.107786 9
2.263172 0.469611 1.194970 9
2.332379 0.344972 1.278845 9
2.406894 0.243227 1.333232 9
-0.537189 4.129466 -0.367631 13
-0.439910 4.112147 -0.434529 13
-0.296926 4.128344 -0.578162 13
-0.238028 4.089351 -0.587343 13
-0.167723 4.059254 -0.616173 13
-0.075402 4.046927 -0.683692 13
-0.061328 3.975642 -0.617774 13
-0.005487 3.936373 -0.623502 13
0.029856 3.880387 -0.592792 13
0.067977 3.826061 -0.566220 13
0.086117 3.753295 -0.501761 13
0.124126 3.696960 -0.472640 13
0.167296 3.644772 -0.452475 13
0.199783 3.581582 -0.410734 13
0.247411 3.532525 -0.397669 13
0.283569 3.471118 -0.360847 12
0.309724 3.397705 -0.301918 12
0.398487 3.392508 -0.372791 12
0.483575 3.385681 -0.438558 12
-0.097918 2.582488 0.957093 12
0.577789 3.285431 -0.407840 12
0.631252 3.242628 -0.405933 12
0.686473 3.202091 -0.407944 12
0.745239 3.166489 -0.418389 12
0.811778 3.142335 -0.448172 12
0.971408 3.256525 -0.712249 2
1.070372 3.289298 -0.833247 2
1.116296 3.243307 -0.820638 2
1.163305 3.198404 -0.810060 2
1.211292 3.154529 -0.801355 2
1.256970 3.105974 -0.785322 2
1.288863 3.031062 -0.727860 12
1.323962 2.959147 -0.676366 12
1.353507 2.873218 -0.604283 12
1.391216 2.800034 -0.553319 12
1.412098 2.687276 -0.443451 12
1.444939 2.594789 -0.366373 12
1.474153 2.488699 -0.270766 11
1.493017 2.350670 -0.130277 11
1.487797 2.140852 0.111631 11
1.537131 2.061894 0.160174 2
1.314004 1.204119 1.317149 9
1.402487 1.193153 1.256509 9
1.483057 1.160785 1.226832 9
1.550490 1.085881 1.256404 9
1.651529 1.125544 1.128428 9
1.737891 1.120296 1.063661 9
1.797491 1.013196 1.136697 9
1.868461 0.945297 1.156035 9
1.955787 0.947697 1.082247 9
2.023378 0.859989 1.127180 9
2.096768 0.794974 1.141737 9
2.165331 0.697712 1.197070 9
2.236733 0.607184 1.242600 9
2.305332 0.486699 1.324673 9
2.379061 0.387052 1.379040 9
-0.556618 4.222818 -0.311396 13
-0.393820 4.245446 -0.484109 13
-0.340043 4.201610 -0.483967 13
-0.167128 4.238947 -0.681955 13
-0.165770 4.161671 -0.596855 13
-0.057360 4.159985 -0.692740 13
-0.055434 4.081358 -0.606382 13
-0.009172 4.034873 -0.595839 13
0.020707 3.975162 -0.555590 13
-0.063317 3.819954 -0.305592 3
-0.029878 3.758076 -0.265832 3
0.095021 3.776254 -0.398056 13
0.137335 3.723113 -0.375820 13
0.212119 3.700191 -0.416586 13
0.240485 3.633316 -0.366109 13
0.312604 3.609196 -0.402879 13
0.343418 3.543231 -0.355341 13
0.364453 3.465177 -0.285262 13
0.421335 3.424880 -0.289735 12
0.510207 3.421837 -0.364774 12
0.565806 3.381758 -0.368091 12
0.609238 3.326779 -0.343550 12
0.674878 3.299370 -0.369907 12
0.719911 3.245636 -0.347928 12
0.751743 3.172875 -0.292460 12
0.856885 3.202237 -0.418035 12
1.010530 3.308336 -0.673870 6
1.073938 3.287105 -0.704702 6
1.156822 3.298042 -0.789328 2
1.201918 3.250356 -0.773569 2
1.259931 3.223907 -0.793336 2
1.280081 3.130861 -0.703471 2
1.317155 3.064536 -0.658913 12
1.358654 3.004250 -0.625013 12
1.379970 2.901464 -0.524525 12
1.420341 2.832802 -0.479714 12
1.444559 2.726077 -0.376896 12
1.470278 2.616464 -0.271881 12
1.485899 2.476096 -0.122482 11
1.491057 2.299891 0.077517 11
1.489035 2.091474 0.321134 2
1.096226 0.794183 2.160205 9
1.200158 0.800013 2.065670 9
1.449142 1.252233 1.330096 9
1.552163 1.291850 1.197410 9
1.490853 0.783963 1.839986 9
1.697399 1.182488 1.203075 9
1.769845 1.124618 1.210024 9
1.832756 1.025678 1.272958 9
1.910519 0.983218 1.257865 9
1.979089 0.897439 1.301101 9
2.064549 0.889491 1.239721 9
2.140138 0.832862 1.243487 9
2.209229 0.734287 1.301757 9
2.282540 0.651415 1.338398 9
-1.375498 6.023900 -1.377360 5
-1.340227 5.974076 -1.358015 5
-1.309931 5.923736 -1.333238 5
-0.432933 4.400354 -0.482802 13
-0.398384 4.344893 -0.452105 13
-0.347971 4.298875 -0.446751 13
-0.140870 4.354769 -0.702827 13
-0.111443 4.298545 -0.666066 13
-0.059863 4.256988 -0.666439 13
-0.053351 4.183259 -0.588169 13
0.025004 4.161067 -0.635185 13
0.026737 4.081438 -0.545455 13
0.055962 4.021323 -0.503337 13
0.014731 3.902108 -0.328243 3
0.081955 3.870275 -0.353340 3
0.159247 3.848289 -0.398884 3
0.171411 3.768541 -0.317881 3
0.242767 3.742207 -0.352667 3
0.325761 3.728499 -0.412559 3
0.382616 3.690539 -0.420339 3
0.424524 3.637382 -0.396714 13
0.396391 3.507980 -0.220625 13
0.408254 3.417236 -0.125684 12
0.501806 3.417584 -0.210766 12
0.557603 3.375922 -0.212530 12
0.600003 3.317794 -0.182810 12
0.646136 3.263362 -0.160626 12
0.702021 3.221035 -0.161234 12
0.748058 3.165171 -0.136977 12
0.832797 3.163488 -0.210833 12
1.062255 3.378795 -0.668885 6
1.114511 3.341447 -0.671507 6
1.158585 3.291079 -0.651373 6
1.239372 3.300418 -0.734094 2
1.298453 3.276069 -0.757684 2
1.314274 3.175322 -0.652640 2
1.327033 3.063579 -0.531754 12
1.382179 3.027659 -0.537770 12
1.409148 2.934873 -0.451538 12
1.440614 2.846636 -0.374496 12
1.463805 2.735575 -0.262994 12
1.486378 2.616295 -0.141046 12
1.495013 2.455756 0.042208 11
1.173298 1.450464 1.516886 9
1.275180 1.470357 1.404992 9
1.333392 1.375501 1.467655 9
1.424088 1.370408 1.395568 9
1.500626 1.325895 1.382844 9
1.573266 1.268532 1.388985 9
1.650213 1.224318 1.375943 9
1.738784 1.222501 1.302548 9
1.813567 1.171990 1.299260 9
1.882422 1.095416 1.332351 9
1.955179 1.031055 1.347728 9
2.025463 0.951044 1.384111 9
2.099536 0.884141 1.401810 9
2.176495 0.828703 1.403555 9
-1.402055 6.062466 -1.261919 5
-1.258734 6.023759 -1.360727 5
-1.203499 5.977042 -1.364299 5
-0.484048 4.473244 -0.375734 13
-0.393867 4.449337 -0.434508 13
-0.291589 4.434536 -0.515240 13
-0.172997 4.432302 -0.625982 13
-0.129661 4.384986 -0.612333 13
-0.092001 4.333808 -0.588620 13
-0.006597 4.315158 -0.648135 13
0.034452 4.266777 -0.630596 13
0.038051 4.190493 -0.544703 13
-0.166859 3.952605 -0.071605 7
-0.012247 3.985690 -0.256711 7
-0.001220 3.906904 -0.174426 7
0.109124 3.910007 -0.282115 3
0.180280 3.882232 -0.316306 3
0.261865 3.865153 -0.372774 3
0.331897 3.839174 -0.407706 3
0.370376 3.783838 -0.378123 3
0.403167 3.721976 -0.335311 3
0.426731 3.649245 -0.270805 13
0.447166 3.571101 -0.196777 13
0.474097 3.497759 -0.134346 13
0.507025 3.429239 -0.083072 12
0.586172 3.414140 -0.138294 12
0.630483 3.358016 -0.112042 12
0.683458 3.312046 -0.105784 12
0.746607 3.279357 -0.124658 12
0.807003 3.243597 -0.137146 12
0.849421 3.182625 -0.102660 12
1.100219 3.428945 -0.628661 6
1.162784 3.407658 -0.660074 6
1.211470 3.365442 -0.653434 6
1.246190 3.299620 -0.605429 2
1.312314 3.285683 -0.648492 2
1.333015 3.191967 -0.553729 2
1.350965 3.088322 -0.444298 12
1.409207 3.057542 -0.459365 12
1.441603 2.974682 -0.387829 12
1.472945 2.885450 -0.307446 12
1.489036 2.757572 -0.166267 12
1.486554 2.578073 0.054471 12
1.113826 1.484449 1.718223 9
1.211593 1.487809 1.627449 9
1.291634 1.448730 1.604355 9
1.376412 1.423708 1.560136 9
1.457009 1.388428 1.532348 9
1.546520 1.382142 1.461505 9
1.611878 1.299979 1.504844 9
1.690733 1.260579 1.484270 9
1.770647 1.225531 1.457661 9
1.852665 1.199804 1.418019 9
1.920299 1.114650 1.463903 9
1.986985 1.018440 1.524382 9
2.069371 0.991292 1.486817 9
2.139926 0.902533 1.535259 9
-1.401046 6.158598 -1.233335 5
-1.005157 6.139886 -1.612407 5
-0.998539 6.090699 -1.565090 5
-0.976969 6.042697 -1.534008 5
-0.717645 6.024265 -1.775145 5
-1.097203 5.923758 -1.281319 5
-0.394979 4.549982 -0.407453 13
-0.255031 4.555177 -0.551344 13
-0.168864 4.532636 -0.609365 13
-0.129029 4.483523 -0.590228 13
-0.091847 4.432513 -0.566063 13
-0.013970 4.407939 -0.613025 13
0.046027 4.372708 -0.629632 13
0.025855 4.281522 -0.500986 13
-0.158266 4.066974 -0.064781 7
-0.020918 4.084131 -0.218930 7
0.022084 4.031868 -0.197885 7
0.087928 3.997792 -0.220687 7
0.087865 3.909145 -0.113743 7
0.172449 3.891241 -0.173811 3
0.305578 3.919127 -0.335889 3
0.351470 3.870764 -0.321445 3
0.426342 3.850111 -0.368289 3
0.455030 3.784895 -0.316511 3
0.452300 3.685580 -0.192986 4
0.515762 3.653277 -0.214192 13
0.472526 3.503267 0.010189 13
0.512032 3.440805 0.049007 12
0.579939 3.410905 0.021186 12
0.623527 3.352005 0.052146 12
0.679081 3.307322 0.054528 12
0.746450 3.278249 0.026766 12
0.821872 3.261328 -0.023344 12
0.861864 3.195684 0.020048 12
0.921695 3.157676 0.010941 12
0.971907 3.105125 0.028978 12
1.086329 3.154611 -0.138876 12
1.254478 3.300880 -0.476367 2
1.327679 3.297542 -0.540111 2
1.285429 3.088460 -0.241493 12
1.366252 3.096471 -0.326028 12
1.434065 3.082872 -0.371527 12
1.461513 2.988591 -0.279341 12
1.479442 2.868703 -0.146349 12
1.498471 2.743580 -0.007652 12
1.045788 1.503563 1.952723 9
1.153649 1.525440 1.827420 9
1.241811 1.503458 1.775055 9
1.319926 1.456771 1.762925 9
1.417099 1.464567 1.665634 9
1.497242 1.426837 1.640941 9
1.581820 1.404051 1.593771 9
1.653094 1.338732 1.612101 9
1.731178 1.295114 1.597352 9
1.800830 1.219016 1.631140 9
1.890774 1.221404 1.548532 9
1.956903 1.125400 1.610941 9
2.035321 1.079079 1.600253 9
2.113553 1.030804 1.592428 9
-1.541709 6.192151 -0.987514 5
-0.897137 6.187708 -1.651543 5
-0.831082 6.145069 -1.672518 5
-0.560887 6.124505 -1.929776 5
-0.644122 6.069004 -1.781184 5
-0.610266 6.025800 -1.767652 5
-0.561557 5.984863 -1.771909 5
-0.512733 5.944491 -1.776767 5
-0.417498 4.639138 -0.344908 13
-0.357464 4.598119 -0.356313 13
-0.256185 4.580894 -0.437951 13
-0.174933 4.554388 -0.487946 13
-0.075523 4.540470 -0.571316 13
0.004108 4.516597 -0.622492 13
0.029594 4.459085 -0.578108 13
0.051308 4.398108 -0.525530 13
-0.063841 4.240150 -0.217114 7
-0.021180 4.188487 -0.196523 7
0.037640 4.148652 -0.206380 7
0.083685 4.099385 -0.191712 7
0.128374 4.048832 -0.173913 7
0.143538 3.973300 -0.095776 7
0.170624 3.905984 -0.039413 7
0.231822 3.867753 -0.052613 3
0.377369 3.908431 -0.246783 4
0.434894 3.870641 -0.256508 3
0.494710 3.835586 -0.271695 3
0.513680 3.758992 -0.194816 3
0.521179 3.667720 -0.088179 3
0.487629 3.527491 0.119998 13
0.536545 3.474941 0.138135 13
0.586880 3.423514 0.153691 12
0.654123 3.392456 0.127448 12
0.713894 3.352814 0.119452 12
0.770022 3.308638 0.120891 12
0.833043 3.273897 0.103991 12
0.882342 3.220130 0.124528 12
0.931587 3.165394 0.146549 12
1.002929 3.143832 0.105613 12
1.066455 3.111321 0.086231 12
1.153272 3.118492 -0.005506 12
1.206251 3.070640 0.005039 12
1.286985 3.072503 -0.073768 12
1.372569 3.087081 -0.173151 12
1.443772 3.077871 -0.228451 12
1.483314 3.005791 -0.173548 12
1.485956 2.850752 0.022140 12
1.499374 2.708949 0.191028 12
1.164429 1.493402 2.059731 9
1.267603 1.506069 1.947979 9
1.346070 1.457083 1.938453 9
1.458233 1.505768 1.772698 9
1.518435 1.405634 1.846227 9
-1.067392 6.214774 -1.374449 5
-0.705968 6.193539 -1.736034 5
-0.623449 6.154182 -1.779296 5
-0.525635 6.117836 -1.842133 5
-0.508287 6.073722 -1.810128 5
-0.458417 6.033658 -1.817263 5
-0.410134 5.993960 -1.822961 5
-0.355463 5.955823 -1.837097 5
-0.325856 4.715188 -0.383406 13
-0.225333 4.696758 -0.465353 13
-0.160318 4.661023 -0.488840 13
-0.120439 4.611725 -0.469269 13
-0.018468 4.599347 -0.559578 13
0.051958 4.570006 -0.595984 13
0.036499 4.486576 -0.476165 13
0.059525 4.425970 -0.424295 13
-0.037760 4.280849 -0.142742 7
0.036130 4.251397 -0.181751 7
0.079681 4.200657 -0.162708 7
0.124997 4.150989 -0.146605 7
0.131801 4.070253 -0.051783 7
0.196853 4.035351 -0.074025 7
0.184802 3.934987 0.065247 7
0.258840 3.907413 0.025025 3
0.358265 3.904683 -0.072261 3
0.438094 3.886347 -0.129651 3
0.511259 3.863340 -0.174147 3
0.517305 3.772863 -0.064683 3
0.467421 3.619325 0.181852 13
0.505963 3.555445 0.225083 13
0.502070 3.441554 0.375165 12
0.534445 3.365660 0.440443 12
0.665091 3.408723 0.254978 12
0.714381 3.354371 0.276143 12
0.735615 3.261953 0.374483 12
0.776232 3.192548 0.424137 12
0.853087 3.173147 0.373552 12
0.961298 3.202452 0.229211 2
1.069161 3.237045 0.078575 2
1.145113 3.226367 0.018230 2
1.194371 3.173301 0.039324 2
1.245579 3.122534 0.055745 2
1.299395 3.075572 0.064888 2
1.372251 3.064229 0.009302 12
1.454210 3.073476 -0.081777 12
1.484134 2.978695 0.013618 12
1.484858 2.814870 0.227730 12
1.517243 2.711227 0.332832 12
-1.173389 6.197592 -1.103583 5
-0.587381 6.194090 -1.742480 5
-0.504849 6.155666 -1.788410 5
-0.406302 6.120400 -1.855395 5
-0.301354 6.087749 -1.932268 5
-0.334729 6.038510 -1.837979 5
-0.262272 6.003352 -1.875966 5
-0.283674 5.954305 -1.794661 5
-0.115825 5.936955 -1.957719 5
-0.342571 4.806726 -0.329377 13
-0.215227 4.800011 -0.457398 13
-0.165480 4.756021 -0.455281 13
-0.112357 4.714143 -0.459210 13
-0.063139 4.670456 -0.456468 13
0.050570 4.665047 -0.570688 13
0.086695 4.615270 -0.545849 13
0.102995 4.552509 -0.483222 13
0.115461 4.485852 -0.411346 13
0.037353 4.355428 -0.161904 7
0.089066 4.310996 -0.159509 7
0.120631 4.251868 -0.116776 7
0.144396 4.185827 -0.056710 7
0.165743 4.116415 0.010476 7
0.216287 4.069366 0.018404 7
0.051447 3.838288 0.490098 13
0.101582 3.784011 0.508309 13
0.343660 3.905691 0.098150 3
0.405500 3.868323 0.082675 3
0.418914 3.783754 0.179242 13
0.463419 3.728122 0.206057 13
0.506301 3.670024 0.238018 13
0.087213 3.101763 1.415264 12
0.332308 3.253808 0.963822 2
0.550480 3.389427 0.561862 12
0.572716 3.297709 0.660239 12
0.620519 3.235216 0.694202 12
0.681931 3.189576 0.692291 12
0.738922 3.137883 0.703144 12
0.802163 3.094709 0.696631 12
0.983618 3.228379 0.336088 2
1.102057 3.278623 0.150222 2
1.180707 3.272083 0.080192 2
1.231068 3.220670 0.098588 2
1.311760 3.221658 0.016939 2
1.345709 3.140310 0.092186 2
1.403524 3.100957 0.087745 2
1.471924 3.082785 0.044666 12
1.444409 2.865046 0.364356 12
1.422013 2.641337 0.687298 12
-1.668815 6.150905 -0.346622 5
-0.418996 6.199462 -1.814051 5
-0.352328 6.161039 -1.843713 5
-0.285891 6.123634 -1.874134 5
-0.230251 6.085932 -1.891843 5
-0.197767 6.045818 -1.880389 5
-0.142367 6.009339 -1.898919 5
-0.051151 5.979540 -1.965620 5
-0.023391 5.940195 -1.949223 5
-0.294283 4.928527 -0.384196 13
-0.196735 4.906343 -0.463445 13
-0.177453 4.847589 -0.409308 13
-0.110763 4.812344 -0.437327 13
-0.092804 4.751898 -0.379082 13
-0.010445 4.726366 -0.436362 13
0.065657 4.698908 -0.484057 13
0.093953 4.644005 -0.443607 13
0.170923 4.618962 -0.494919 13
0.160080 4.538129 -0.377519 13
0.075971 4.404779 -0.111504 7
0.108259 4.346680 -0.070256 7
0.147891 4.293098 -0.042650 7
0.155495 4.214686 0.052542 7
0.203056 4.165360 0.066476 7
0.061558 3.961276 0.488997 13
0.146347 3.937343 0.429778 13
0.206204 3.893383 0.424172 13
0.282018 3.864347 0.381890 13
0.352280 3.831492 0.350898 13
0.432314 3.809347 0.295444 13
0.501047 3.777539 0.265204 13
0.555903 3.732118 0.268203 13
0.581504 3.654545 0.345623 13
0.349552 3.280552 1.094218 2
0.467126 3.295507 0.950577 2
0.518360 3.233821 0.980432 2
0.646790 3.269866 0.797453 2
0.717080 3.235255 0.771268 2
0.744925 3.142900 0.867994 2
0.837289 3.139639 0.776806 12
0.926564 3.135265 0.690611 12
1.119755 3.296399 0.271544 6
1.182137 3.262176 0.254368 6
1.261944 3.258088 0.178324 2
1.334664 3.244647 0.122606 2
1.407389 3.233552 0.063917 2
1.478806 3.222463 0.006801 2
1.459551 3.030505 0.290720 2
1.539761 3.034579 0.204346 2
-1.814053 6.190522 -0.060728 5
-0.359940 6.240237 -1.808250 5
-0.275584 6.203369 -1.861665 5
-0.253494 6.161660 -1.836791 5
-0.163760 6.127639 -1.899488 5
-0.109285 6.090787 -1.917668 5
-0.068268 6.052802 -1.918673 5
0.036299 6.025064 -2.005645 5
0.003868 5.976401 -1.908101 5
0.054555 5.941274 -1.923227 5
-0.714062 5.745701 -0.792157 5
-0.431672 4.968004 -0.124661 13
-0.239316 4.984061 -0.364230 13
-0.137753 4.963649 -0.452781 13
-0.082205 4.923238 -0.462695 13
-0.037700 4.877775 -0.453217 13
0.008494 4.833294 -0.446690 13
0.073742 4.799459 -0.475479 13
0.107763 4.748704 -0.446421 13
0.136013 4.694070 -0.405470 13
0.197151 4.659107 -0.427383 13
0.220035 4.600268 -0.374299 13
0.229950 4.531618 -0.293325 13
0.285902 4.493206 -0.304056 13
0.180289 4.338286 0.022184 7
0.002434 4.120495 0.513793 13
0.072146 4.082968 0.487399 13
0.164292 4.064601 0.410499 13
0.170344 3.976098 0.524221 13
0.312045 4.003157 0.331465 13
0.350890 3.942643 0.371528 13
0.409733 3.899956 0.365570 13
0.502344 3.890648 0.277220 13
0.536872 3.825182 0.329638 13
0.495023 3.333727 1.054146 6
0.576523 3.308574 1.001500 6
0.655085 3.281544 0.954926 2
0.731878 3.253849 0.911478 2
0.778556 3.186052 0.956391 2
1.027070 3.407427 0.382987 6
1.099564 3.386840 0.335068 6
1.175623 3.373665 0.273278 6
1.226136 3.321230 0.293790 6
1.293611 3.296671 0.257581 2
1.387720 3.320923 0.125052 2
1.435946 3.265638 0.152803 2
1.419074 3.082067 0.429631 12
1.432762 2.947016 0.606488 12
-0.304713 6.280319 -1.798532 5
-0.238980 6.241719 -1.829614 5
-0.183454 6.203227 -1.848427 5
-0.076089 6.170947 -1.936565 5
-0.054096 6.130773 -1.912865 5
-0.022154 6.091823 -1.902342 5
0.045923 6.058275 -1.941425 5
0.104794 6.024433 -1.968968 5
0.115545 5.983219 -1.929740 5
0.169474 5.949630 -1.951310 5
-0.653068 5.740543 -0.708068 5
-0.631708 5.688587 -0.667112 5
-0.611318 5.636004 -0.623934 5
-0.603941 5.579756 -0.560357 5
-0.402758 5.081407 -0.145385 5
-0.405343 5.012376 -0.050547 13
-0.184418 5.039364 -0.344882 13
-0.152800 4.986808 -0.311458 13
-0.025174 4.979696 -0.450673 13
0.038833 4.944407 -0.477641 13
0.075221 4.895689 -0.454119 13
0.138520 4.861310 -0.480959 13
0.174079 4.812186 -0.455392 13
0.200252 4.757194 -0.410722 13
0.254896 4.718818 -0.421311 13
0.272797 4.657541 -0.357978 13
0.314561 4.610738 -0.341662 13
0.354683 4.562629 -0.321393 13
0.403903 4.520747 -0.319854 13
0.056157 4.183227 0.544115 13
0.141415 4.158015 0.482040 13
0.222374 4.131268 0.427296 13
0.307186 4.109478 0.361583 13
0.366396 4.067508 0.353320 13
0.454399 4.051935 0.275914 13
0.512746 4.011004 0.267768 13
0.548673 3.948633 0.315242 13
0.535693 3.387122 1.125048 6
0.642907 3.393405 0.997840 6
0.696503 3.335606 1.021401 6
0.741058 3.264937 1.073609 6
1.028080 3.528363 0.382529 6
1.085478 3.486251 0.380425 6
1.165518 3.478238 0.305020 6
1.245046 3.472340 0.227425 6
1.265250 3.372287 0.349914 6
1.322531 3.330364 0.348873 6
1.409855 3.342077 0.238358 2
1.473842 3.314882 0.209425 2
-0.249809 6.320019 -1.789193 5
-0.204580 6.279933 -1.794634 5
-0.128562 6.242877 -1.841470 5
-0.006643 6.211471 -1.951565 5
0.012670 6.171606 -1.924779 5
0.036346 6.132127 -1.903614 5
0.092207 6.096934 -1.927167 5
0.129822 6.059879 -1.925751 5
0.172487 6.023980 -1.931786 5
0.202639 5.986351 -1.920051 5
0.244731 5.951118 -1.925808 5
-0.554172 5.743341 -0.678819 5
-0.504076 5.698124 -0.680852 5
-0.459857 5.651987 -0.674227 5
-0.497262 5.585578 -0.541129 5
-0.443318 5.541295 -0.548234 5
-0.308992 5.217088 -0.276790 5
-0.217739 5.187746 -0.347143 5
-0.162799 5.145473 -0.355845 5
-0.113617 5.101278 -0.354700 5
-0.102386 5.040388 -0.284807 5
-0.014328 5.014255 -0.354522 13
0.097150 5.001509 -0.470437 13
0.134032 4.953609 -0.448297 13
0.169368 4.904660 -0.422573 13
0.209500 4.858059 -0.405541 13
0.234988 4.802833 -0.358786 13
0.279536 4.758262 -0.349260 13
0.337426 4.722114 -0.367059 13
0.358301 4.662411 -0.307698 13
0.401583 4.616723 -0.294239 13
0.362783 4.512695 -0.101402 13
0.406468 4.464713 -0.084579 13
0.237956 4.253683 0.412887 13
0.291999 4.206996 0.416368 13
0.398481 4.203918 0.296733 13
0.441901 4.150000 0.323572 13
0.536967 4.141791 0.225195 13
0.537408 4.048422 0.359170 13
0.510141 3.485186 1.207367 6
0.616911 3.488369 1.081413 6
0.688111 3.452195 1.053666 6
0.738890 3.390911 1.086130 6
0.783737 3.320584 1.138899 6
1.095733 3.495491 0.531921 6
1.214961 3.544890 0.326124 6
1.252939 3.474350 0.388245 6
1.312421 3.436541 0.378407 6
1.354116 3.368391 0.433518 6
1.435298 3.368753 0.343763 6
1.364132 3.085628 0.842972 12
-1.630692 6.172345 0.273889 5
-0.081095 6.239272 -1.770861 5
0.008293 6.204912 -1.839441 5
0.122619 6.175015 -1.945062 5
0.172709 6.139601 -1.962167 5
0.199389 6.101665 -1.946204 5
0.245419 6.066709 -1.958323 5
0.281417 6.030678 -1.956153 5
0.268360 5.986096 -1.880654 5
0.326734 5.954306 -1.911815 5
-0.441004 5.749660 -0.673358 5
-0.426744 5.697118 -0.620814 5
-0.417993 5.642599 -0.558400 5
-0.399775 5.589660 -0.509688 5
-0.351514 5.544356 -0.508650 5
-0.391144 5.473892 -0.363113 5
-0.335599 5.430077 -0.372602 5
-0.354131 5.362774 -0.257124 5
-0.249216 5.335743 -0.350621 5
-0.220200 5.283668 -0.314742 5
-0.119916 5.258253 -0.404088 5
-0.085720 5.208765 -0.377617 5
-0.055881 5.157217 -0.342564 5
0.032625 5.130962 -0.415213 5
0.089329 5.092048 -0.430484 5
0.142211 5.051957 -0.439078 13
0.141142 4.985273 -0.343343 13
0.207355 4.951969 -0.377338 13
0.229992 4.895886 -0.325160 13
0.267132 4.847134 -0.300895 13
0.323247 4.809375 -0.315245 13
0.352441 4.755511 -0.273334 13
0.391238 4.707078 -0.250620 13
0.417609 4.649947 -0.199945 13
0.429368 4.581512 -0.114879 13
0.264523 4.382146 0.374159 13
0.350892 4.361097 0.300880 13
0.426034 4.333342 0.251236 13
0.489183 4.297269 0.228498 13
0.502604 4.219450 0.326907 13
0.646997 3.529299 1.183093 6
0.711611 3.484387 1.175352 6
0.759634 3.418574 1.218688 6
1.236552 3.569437 0.441948 6
1.307715 3.550090 0.390207 6
1.350740 3.486208 0.438539 6
-1.580955 6.166027 0.406165 5
-1.525101 6.107922 0.410010 5
0.065942 6.202635 -1.784436 5
0.096394 6.163604 -1.772154 5
0.249189 6.140216 -1.939447 5
0.260453 6.100479 -1.900791 5
0.334074 6.070019 -1.955301 5
0.352217 6.031543 -1.926781 5
0.364222 5.991711 -1.888223 5
0.302753 5.936776 -1.733689 5
-0.403684 5.740330 -0.550756 5
-0.377170 5.690028 -0.515810 5
-0.356970 5.637876 -0.469839 5
-0.320474 5.589493 -0.449788 5
-0.288687 5.539781 -0.421496 5
-0.256138 5.490107 -0.393911 5
-0.219213 5.441624 -0.373299 5
-0.201109 5.386828 -0.319309 5
-0.041824 5.380813 -0.514910 5
-0.044209 5.319521 -0.424828 5
-0.035441 5.260989 -0.352609 5
0.012284 5.217158 -0.350787 5
0.053965 5.171028 -0.337642 5
0.160270 5.153980 -0.448223 5
0.164261 5.091534 -0.363007 5
0.180200 5.033361 -0.298804 13
0.234795 4.993939 -0.310438 13
0.276843 4.948320 -0.296865 13
0.314601 4.900250 -0.273971 13
0.379731 4.867972 -0.308356 13
0.385848 4.800651 -0.216748 13
0.402653 4.738177 -0.145352 13
0.451688 4.695632 -0.143422 13
0.451140 4.618892 -0.028529 13
0.452717 4.540988 0.085794 13
0.453795 4.459969 0.205740 13
0.488651 4.402468 0.248988 13
0.538652 4.356364 0.256765 13
0.754932 3.540926 1.240104 6
-1.507847 6.161720 0.508555 5
-1.458925 6.103004 0.522284 5
0.154301 6.203753 -1.774314 5
0.179444 6.164630 -1.754645 5
0.315767 6.139925 -1.903153 5
0.365422 6.105905 -1.922730 5
0.396340 6.069623 -1.913894 5
0.397494 6.028334 -1.858121 5
0.429614 5.992144 -1.850498 5
0.414582 5.946496 -1.766535 5
-0.461728 5.709960 -0.267202 5
-0.408294 5.663918 -0.273220 5
-0.313465 5.628867 -0.349470 5
-0.303053 5.572992 -0.283676 5
-0.210572 5.539709 -0.358629 5
-0.187622 5.487180 -0.313543 5
-0.126051 5.446543 -0.336319 5
-0.089505 5.398221 -0.314580 5
-0.011389 5.364740 -0.368865 5
0.064125 5.331760 -0.420109 5
0.111300 5.288912 -0.419314 5
0.124489 5.232144 -0.353122 5
0.175036 5.190680 -0.358100 5
0.207123 5.141127 -0.326621 5
0.216077 5.080009 -0.247421 5
0.239385 5.024669 -0.195185 13
0.294227 4.985110 -0.207210 13
0.369824 4.957583 -0.263877 13
0.387015 4.897910 -0.196151 13
0.401077 4.835009 -0.119155 13
0.459560 4.798482 -0.139051 13
0.518837 4.763205 -0.161513 13
0.472071 4.656069 0.062057 13
0.487782 4.588170 0.145984 13
0.518994 4.529888 0.195733 13
0.520634 4.447577 0.320496 13
-1.439367 6.157436 0.619782 5
-1.366844 6.100760 0.598226 5
0.233168 6.204318 -1.752062 5
0.269195 6.166868 -1.749334 5
0.394535 6.141584 -1.886433 5
0.425532 6.105303 -1.877863 5
0.494228 6.075315 -1.929800 5
0.472169 6.030514 -1.835615 5
0.495417 5.992982 -1.813787 5
0.480385 5.947346 -1.727505 5
-0.632298 5.653242 0.222535 5
-0.572150 5.604903 0.210366 5
-0.444116 5.574781 0.079200 5
-0.202012 5.579117 -0.257836 0
-0.126771 5.541627 -0.305331 5
-0.077830 5.497277 -0.306493 5
0.053188 5.480378 -0.459659 5
0.063928 5.425029 -0.391808 5
0.089727 5.374159 -0.350720 5
0.170929 5.344254 -0.415767 5
0.185732 5.288936 -0.352388 5
0.224313 5.242788 -0.334609 5
0.280156 5.204346 -0.351422 5
0.310701 5.154608 -0.316639 5
0.326430 5.097050 -0.249648 5
0.293974 5.013268 -0.077497 13
0.398516 5.000288 -0.197152 13
0.432574 4.950282 -0.165191 13
0.446102 4.887599 -0.085873 13
0.444273 4.813765 0.031562 13
0.453406 4.744462 0.127785 13
0.483154 4.686998 0.178611 13
-1.371139 6.153509 0.733992 5
-1.306839 6.096015 0.724368 5
-1.140799 6.050117 0.554118 5
0.371363 6.171077 -1.766408 5
0.485922 6.145373 -1.891830 5
0.515530 6.109510 -1.881772 5
0.547618 6.074191 -1.875733 5
0.562707 6.035984 -1.841111 5
0.550258 5.991992 -1.758738 5
0.584578 5.956737 -1.755077 5
-0.525202 5.658248 0.254885 5
-0.487888 5.604866 0.281981 5
-0.172620 5.624883 -0.191984 0
-0.063593 5.596409 -0.302412 0
0.249796 5.631836 -0.796170 5
0.190277 5.558612 -0.601399 5
0.216573 5.510770 -0.565191 5
0.167902 5.435748 -0.382130 5
0.209035 5.391152 -0.370894 5
0.245617 5.344835 -0.350273 5
0.314860 5.312070 -0.395736 5
0.335096 5.259000 -0.341133 5
0.349184 5.202211 -0.271811 5
0.334111 5.130051 -0.137641 5
0.366497 5.079376 -0.102445 5
0.385153 5.020874 -0.035562 5
0.404674 4.961614 0.031732 13
0.469997 4.927838 -0.003969 13
0.427377 4.829189 0.212104 13
-1.281001 6.151745 0.816402 5
-1.230176 6.093191 0.827528 5
-1.207332 6.031920 0.884097 5
0.467486 6.175085 -1.777553 5
0.556671 6.146796 -1.865951 5
0.593281 6.112339 -1.868024 5
0.612558 6.075285 -1.840594 5
0.642999 6.040103 -1.831966 5
0.629804 5.996244 -1.746307 5
-0.513706 5.703949 0.363125 5
-0.430154 5.661044 0.307260 5
0.256729 5.772208 -0.861134 5
0.290286 5.729477 -0.843830 5
0.338834 5.691069 -0.854577 5
0.336952 5.637697 -0.768687 5
0.349897 5.587780 -0.709248 5
0.316309 5.520893 -0.555652 5
0.306419 5.459887 -0.445078 5
0.283147 5.391762 -0.303591 5
0.297872 5.336515 -0.236727 5
0.337918 5.291050 -0.221356 5
0.384490 5.248508 -0.219595 5
0.395784 5.189471 -0.140514 5
0.398950 5.124952 -0.040580 5
0.280277 4.994797 0.339437 13
0.425700 5.001242 0.122902 13
0.457617 4.947665 0.165519 13
-1.234281 6.146894 0.970641 5
-1.202034 6.086088 1.013340 5
-1.198363 6.021864 1.104856 5
0.601223 6.184389 -1.856275 5
0.637920 6.150100 -1.859204 5
0.673211 6.115951 -1.859911 5
0.678490 6.076904 -1.807575 5
0.719113 6.043908 -1.817445 5
0.705988 6.000283 -1.729691 5
0.640024 5.943494 -1.541709 5
0.636284 5.898459 -1.465157 5
0.390237 5.789565 -0.924525 5
0.544251 5.781443 -1.141803 5
0.475536 5.711983 -0.928220 5
0.464271 5.656745 -0.822727 5
0.377546 5.574508 -0.561009 5
0.414599 5.531247 -0.545940 5
0.415912 5.474583 -0.455642 5
0.313267 5.375183 -0.141170 5
0.375181 5.338438 -0.172300 5
0.377989 5.276595 -0.074446 5
0.416067 5.229344 -0.052221 5
0.384914 5.148142 0.128562 5
-1.177880 6.143214 1.114254 5
-1.118424 6.084731 1.112143 5
-1.113260 6.020612 1.203877 5
0.661514 6.184914 -1.813973 5
0.689063 6.149490 -1.801058 5
0.717530 6.114285 -1.789579 5
0.725674 6.075561 -1.740623 5
0.773564 6.043962 -1.764339 5
0.776824 6.003656 -1.704597 5
0.738021 5.952907 -1.562572 5
0.777380 5.919068 -1.568425 5
0.788203 5.878063 -1.518195 5
0.577852 5.773672 -1.022838 5
0.590522 5.727592 -0.966372 5
0.500155 5.647496 -0.694889 5
0.441111 5.573121 -0.480561 5
0.497501 5.536755 -0.506088 5
0.361611 5.427233 -0.114463 5
0.396767 5.379644 -0.087787 5
0.434314 5.332837 -0.065613 5
-1.098155 6.141960 1.222282 5
-1.071934 6.080110 1.278751 5
-1.018634 6.020968 1.287984 5
0.748448 6.189312 -1.819954 5
0.756074 6.151518 -1.770879 5
0.792868 6.117958 -1.775099 5
0.781194 6.075963 -1.687523 5
0.806465 6.040017 -1.668658 5
0.878934 6.014213 -1.741650 5
0.894728 5.976760 -1.704418 5
0.904951 5.937484 -1.654893 5
0.770984 5.858466 -1.308576 5
0.555305 5.749480 -0.781301 5
0.553032 5.696927 -0.688273 5
0.309841 5.563302 -0.074532 5
0.396442 5.533882 -0.160929 5
0.396173 5.474106 -0.057301 5
0.449090 5.433568 -0.070351 5
0.441663 5.368407 0.054880 5
-1.007690 6.142175 1.313731 5
-0.988215 6.079709 1.384141 5
0.674822 6.212658 -1.593701 5
0.772671 6.185724 -1.711030 5
0.802087 6.150753 -1.701199 5
0.856506 6.120114 -1.739644 5
0.901157 6.088628 -1.760129 5
0.906564 6.049815 -1.702965 5
0.890843 6.005577 -1.601296 5
0.971277 5.982783 -1.694530 5
1.005162 5.949943 -1.693424 5
0.650110 5.809409 -0.865746 5
0.225449 5.632991 0.139229 0
0.285114 5.591780 0.113997 5
0.417843 5.576125 -0.075274 5
0.443628 5.525930 -0.028205 5
0.484737 5.480982 -0.014937 5
0.494922 5.423544 0.071500 5
-0.922106 6.142533 1.416047 5
-0.886631 6.081739 1.458458 5
-0.855019 6.020264 1.509327 5
0.827056 6.186462 -1.655852 5
0.839171 6.148872 -1.611575 5
0.891018 6.117639 -1.645845 5
0.904970 6.080102 -1.603987 5
0.961012 6.050841 -1.648059 5
0.964280 6.010709 -1.582600 5
1.043552 5.988278 -1.677513 5
1.068200 5.953393 -1.656953 5
0.148816 5.650131 0.447858 5
0.208263 5.606281 0.426518 5
0.477018 5.631331 -0.073301 5
0.531053 5.591633 -0.091914 5
0.538791 5.535490 -0.001815 5
0.590307 5.495074 -0.013780 5
