ply
format ascii 1.0
element vertex 12116
property float x
property float y
property float z
property int scalar_Label
end_header
1.766911 6.018207 -0.724293 5
1.677665 6.012932 -0.876070 5
1.578601 6.014125 -1.046230 5
1.827954 6.069557 -0.445191 5
1.786593 6.017643 -0.504576 5
1.729994 5.980690 -0.592415 5
1.641977 5.973796 -0.738463 5
1.534933 5.982350 -0.919411 5
1.440656 5.974518 -1.076425 5
1.314447 5.992952 -1.291903 5
1.870864 6.041544 -0.192085 5
1.843572 5.977001 -0.225244 5
1.754894 5.976259 -0.369639 5
1.648911 5.989779 -0.544967 5
1.546112 5.996011 -0.714162 5
1.428988 6.012124 -0.908722 5
1.327291 6.009186 -1.075218 5
1.236998 5.992078 -1.221045 5
1.134795 5.982412 -1.387941 5
1.868982 6.062276 -0.027913 5
1.848296 5.991691 -0.049172 5
1.759874 5.992263 -0.189969 5
1.688428 5.972262 -0.300686 5
1.164948 6.087952 -1.156459 5
1.130163 6.017886 -1.202236 5
1.069909 5.969636 -1.292414 5
0.931118 5.986440 -1.518601 5
1.283216 3.250033 -0.679080 2
1.294647 3.170794 -0.656577 2
1.444494 3.062772 -0.402812 12
1.429539 2.992575 -0.425092 12
1.425665 2.920076 -0.429083 12
1.422647 2.847478 -0.431895 12
1.419005 2.775015 -0.435995 12
1.425128 2.701389 -0.424036 12
1.440308 2.627194 -0.397209 12
1.420801 2.556538 -0.428542 12
1.429190 2.483450 -0.413555 11
1.434686 2.410869 -0.403644 11
1.414496 2.339246 -0.436845 11
1.434426 2.266539 -0.403342 11
1.418929 2.194249 -0.429201 11
1.447206 2.122588 -0.382261 11
1.421793 2.049469 -0.425160 11
1.302773 1.969335 -0.624550 2
1.310688 1.895266 -0.612355 2
1.317406 1.821281 -0.602408 2
0.140141 0.327882 -2.626350 8
0.316613 0.294586 -2.336309 8
0.342011 0.206633 -2.300485 8
0.360079 0.116015 -2.277300 8
0.368639 0.021312 -2.270460 8
0.341830 -0.090036 -2.323668 8
1.878299 6.163633 0.135976 5
1.849411 6.102517 0.100823 5
1.834676 6.026019 0.089781 5
1.763770 6.009221 -0.017881 5
1.706710 5.975892 -0.101744 5
1.648030 5.942597 -0.188371 5
1.006120 6.160944 -1.224350 5
0.972375 6.087884 -1.267614 5
0.916660 6.033313 -1.348169 5
0.877625 5.963469 -1.400735 5
0.857726 5.877501 -1.421335 5
1.280565 3.234051 -0.513586 2
1.265842 3.162038 -0.534551 2
1.468250 3.044258 -0.201537 12
1.468141 2.972820 -0.199254 12
1.462695 2.902491 -0.205898 12
1.475170 2.829367 -0.183562 12
1.463734 2.760107 -0.200416 12
1.460063 2.689649 -0.204839 12
1.472336 2.617585 -0.183519 12
1.374063 2.555079 -0.342408 12
1.473881 2.476529 -0.179013 11
1.477698 2.406008 -0.172138 11
1.479325 2.335729 -0.169049 11
1.463732 2.265691 -0.194205 11
1.466230 2.195262 -0.190140 11
1.477658 2.125157 -0.171762 11
1.478541 2.054961 -0.170765 11
1.264147 1.971105 -0.520427 2
1.271537 1.897491 -0.509328 2
1.268927 1.823065 -0.514742 2
1.156973 1.735549 -0.698478 6
0.180223 0.666599 -2.323683 8
0.242604 0.589424 -2.226758 8
0.246886 0.494421 -2.225153 8
0.214953 0.386128 -2.283197 8
0.242154 0.298477 -2.244682 8
0.241691 0.200367 -2.251827 8
0.175991 -0.126719 -2.381077 8
0.256090 -0.190268 -2.257030 8
0.280344 -0.278942 -2.225128 8
0.279322 -0.380350 -2.235206 8
0.282669 -0.480188 -2.238430 8
2.164730 0.396393 0.858208 9
2.236986 0.374043 0.971745 9
2.309102 0.354050 1.085098 9
2.382682 0.337441 1.200946 9
2.428459 0.305070 1.270624 9
2.437675 0.249238 1.279368 9
2.420767 0.174912 1.244340 9
2.431588 0.119270 1.255305 9
2.441417 0.062725 1.264416 9
2.463505 0.015343 1.293862 9
2.450921 -0.059075 1.264977 9
2.469373 -0.109598 1.287932 9
1.861842 6.107384 0.280188 5
1.850729 6.028240 0.274790 5
1.780255 6.012675 0.169956 5
1.707624 5.997061 0.061637 5
1.670425 5.943384 0.012346 5
1.613590 5.908426 -0.069663 5
0.803831 6.164947 -1.344154 5
0.787490 6.074725 -1.358405 5
0.809155 5.953831 -1.310686 5
0.717734 5.925161 -1.448498 5
1.153905 3.402384 -0.557838 6
1.167073 3.321972 -0.533544 6
1.226766 3.231041 -0.435407 2
1.195751 3.162874 -0.481968 2
1.470483 3.030820 -0.042210 12
1.499594 2.955085 0.006320 12
1.480617 2.888754 -0.021852 12
1.488916 2.817761 -0.006851 12
1.500578 2.746762 0.013283 12
1.479166 2.680147 -0.019341 12
1.486569 2.610050 -0.006381 12
1.379600 2.549491 -0.175281 12
1.492659 2.471460 0.005085 11
1.491291 2.402623 0.003511 11
1.480942 2.334019 -0.012524 11
1.473307 2.265049 -0.024448 11
1.481706 2.195957 -0.011111 11
1.488335 2.127109 -0.000786 11
1.477064 2.057674 -0.019080 11
1.207379 1.971670 -0.447963 2
1.214258 1.898171 -0.437892 2
1.221475 1.824868 -0.427496 2
1.152284 1.742858 -0.538712 6
1.133017 1.664934 -0.570853 6
0.070423 0.853134 -2.280767 8
0.124642 0.771424 -2.198511 8
0.138510 0.679335 -2.180810 8
0.148436 0.586115 -2.169668 8
0.143434 0.487849 -2.182634 8
0.161628 0.397136 -2.158845 8
0.165084 0.301149 -2.158880 8
0.147177 0.196446 -2.193390 8
-0.079968 -0.098613 -2.570042 8
0.101529 -0.121438 -2.286086 8
0.167912 -0.191670 -2.186731 8
0.157862 -0.297156 -2.210298 8
2.143625 0.605926 0.975000 9
2.217097 0.581396 1.088252 9
2.315654 0.572996 1.241949 9
2.361961 0.538522 1.311502 9
2.381806 0.489943 1.338285 9
2.373762 0.424789 1.319857 9
2.361244 0.355997 1.293950 9
2.360984 0.294088 1.287644 9
2.370531 0.238161 1.297030 9
2.376172 0.179369 1.299891 9
2.383591 0.121479 1.305443 9
2.332707 0.020657 1.215832 9
2.298927 -0.070135 1.153649 9
2.375845 -0.077331 1.271903 9
2.413356 -0.113243 1.325815 9
2.413514 -0.178801 1.318459 9
2.405072 -0.252334 1.296735 9
2.405576 -0.319292 1.289415 9
2.419558 -0.375070 1.304031 9
1.829807 6.161625 0.381300 5
1.791919 6.111720 0.331854 5
1.796473 6.016075 0.351322 5
1.746493 5.978611 0.281882 5
1.712010 5.924213 0.237514 5
1.594877 5.951143 0.059380 5
0.693210 6.190366 -1.320869 5
0.709368 6.072717 -1.283490 5
0.673814 5.998583 -1.329051 5
0.603327 5.951375 -1.430450 5
0.457968 5.959218 -1.650983 5
1.174270 3.302977 -0.359510 2
1.151833 3.233223 -0.391603 2
1.437951 3.094824 0.055337 12
1.461734 3.020076 0.094470 12
1.497044 2.944236 0.151282 12
1.468847 2.880450 0.109340 12
1.484573 2.809255 0.135367 12
1.475497 2.742028 0.122737 12
1.480908 2.672950 0.132392 12
1.569664 2.596120 0.271057 12
1.510747 2.534171 0.180623 12
1.492417 2.467730 0.152931 11
1.494857 2.399792 0.157249 11
1.455766 2.333074 0.097036 11
1.486645 2.264395 0.145062 11
1.499108 2.196646 0.164372 11
1.465862 2.128123 0.112680 11
1.476865 2.060349 0.129369 11
1.270127 1.979546 -0.191555 11
1.141221 1.897566 -0.392105 2
1.128174 1.822163 -0.413308 2
1.154926 1.750748 -0.373013 2
1.063899 1.664628 -0.515542 6
-0.251242 1.093434 -2.564949 8
-0.125443 1.021114 -2.372737 8
0.028484 0.959704 -2.136940 8
0.035715 0.865868 -2.129226 8
0.007919 0.762336 -2.176232 8
0.002205 0.663897 -2.189190 8
0.027903 0.574622 -2.153529 8
0.028620 0.477647 -2.157001 8
0.050787 0.387708 -2.127317 8
2.154676 1.059688 1.148317 9
0.059424 0.195132 -2.124348 8
0.063824 0.098349 -2.123142 8
0.039186 -0.011062 -2.167583 8
2.022346 0.762457 0.927345 9
2.134599 0.750917 1.098913 9
2.231355 0.735839 1.246311 9
2.314085 0.717088 1.371799 9
2.300457 0.651305 1.346152 9
2.298867 0.591029 1.339194 9
2.308479 0.536481 1.349659 9
2.324816 0.485724 1.370552 9
2.319672 0.422343 1.357473 9
2.299034 0.348720 1.319755 9
2.325853 0.303927 1.356692 9
2.327805 0.243363 1.354226 9
2.314663 0.172101 1.327682 9
2.042504 -0.150581 0.883754 9
2.311572 -0.021695 1.304207 9
2.262799 -0.124017 1.219997 9
2.343525 -0.127725 1.341632 9
2.354413 -0.184839 1.352000 9
2.335272 -0.267037 1.314212 9
2.340962 -0.329756 1.315826 9
2.346948 -0.392746 1.317703 9
2.366618 -0.444035 1.341329 9
2.350947 -0.527708 1.307979 9
1.817677 6.103136 0.523914 5
1.764349 6.070837 0.450436 5
1.716240 6.031716 0.385205 5
1.690834 5.968329 0.355766 5
1.593338 5.976736 0.212577 5
1.554954 5.924219 0.162578 5
1.498601 5.888113 0.084259 5
0.617572 6.185933 -1.241208 5
0.636460 6.066758 -1.201323 5
0.622582 5.975474 -1.212751 5
0.617126 5.878208 -1.211378 5
0.389573 5.948053 -1.554406 5
0.200981 5.981009 -1.836569 5
1.066159 3.389850 -0.369206 2
1.119284 3.300332 -0.285891 2
1.102699 3.229330 -0.308525 2
1.501409 3.067751 0.298118 12
1.489711 3.002368 0.282344 12
1.509441 2.931035 0.314017 12
1.502742 2.864914 0.305488 12
1.499564 2.798192 0.302132 12
1.547044 2.724918 0.375285 12
1.539873 2.659559 0.365548 12
1.494645 2.597675 0.298073 12
1.437781 2.535214 0.212854 12
1.453040 2.466494 0.236588 11
1.472455 2.398179 0.266441 11
1.481881 2.330833 0.281020 11
1.421197 2.264443 0.189404 11
1.472311 2.196930 0.266707 11
1.513270 2.130911 0.328494 11
1.493707 2.063670 0.298584 11
1.422202 1.992571 0.189942 11
1.067520 1.896911 -0.347276 2
1.042836 1.820278 -0.385517 2
1.082348 1.749912 -0.326805 2
1.002329 1.665283 -0.449168 2
-0.290390 1.202005 -2.412154 8
-0.224780 1.116172 -2.315359 8
-0.049055 1.056300 -2.051844 8
-0.088422 0.855550 -2.117733 8
-0.051687 0.768894 -2.065460 8
-0.017941 0.682326 -2.017918 8
-0.094264 0.562901 -2.137746 8
-0.086378 0.467612 -2.129970 8
-0.014300 0.394126 -2.024833 8
1.971112 1.011843 0.990924 9
2.111197 1.003223 1.201078 9
2.111060 0.943793 1.197760 9
2.258281 0.945196 1.418885 9
2.160262 0.845382 1.266117 9
2.268375 0.834785 1.427605 9
2.275128 0.780138 1.434359 9
2.257070 0.713220 1.403042 9
2.260597 0.656207 1.404548 9
2.230387 0.581110 1.354239 9
2.256106 0.535020 1.389403 9
2.265114 0.480010 1.398837 9
2.266244 0.420267 1.396029 9
2.254865 0.352506 1.373827 9
2.259906 0.294060 1.376678 9
2.292266 0.252926 1.421443 9
2.251825 0.164074 1.353882 9
2.307688 0.139100 1.434659 9
2.237420 0.026668 1.320510 9
2.265295 -0.017875 1.357774 9
2.299932 -0.056831 1.405424 9
2.300425 -0.121270 1.400042 9
2.285605 -0.198490 1.370670 9
2.271345 -0.276608 1.341898 9
2.311015 -0.311061 1.396861 9
2.301106 -0.387024 1.374436 9
2.292446 -0.463124 1.353693 9
2.295810 -0.529592 1.351498 9
2.293245 -0.602248 1.339789 9
2.308279 -0.659222 1.355457 9
2.093616 -0.939685 1.009718 9
1.787624 6.155538 0.623522 5
1.757966 6.098117 0.587894 5
1.735143 6.033336 0.562660 5
1.775961 5.903382 0.635119 5
1.585698 6.008200 0.352333 5
1.535009 5.968580 0.284146 5
1.486487 5.925692 0.219241 5
1.388476 5.927842 0.078675 5
1.355427 5.867571 0.037386 5
0.559675 6.064294 -1.126219 5
0.542010 5.976157 -1.143797 5
0.558841 5.862226 -1.109467 5
0.474172 5.824775 -1.228693 5
0.146083 5.959072 -1.714918 5
1.445134 3.339925 0.345712 6
1.386684 3.286939 0.261521 6
1.447682 3.202445 0.354084 6
1.482352 3.126400 0.407461 12
1.502088 3.054969 0.438557 12
1.519380 2.984898 0.465871 12
1.548148 2.913543 0.509990 12
1.549622 2.847768 0.513595 12
1.485390 2.791719 0.419946 12
1.472173 2.727072 0.401572 12
1.461126 2.661848 0.386265 12
1.568757 2.585227 0.546118 12
1.412468 2.532589 0.315995 6
1.409448 2.465557 0.312122 11
1.432317 2.397376 0.346330 6
1.444463 2.330286 0.364556 11
1.450324 2.263687 0.373356 11
1.432963 2.197097 0.347721 11
1.405422 2.129648 0.306909 11
1.412436 2.062709 0.316973 11
1.396581 1.994607 0.293119 6
1.406817 1.927909 0.307649 6
1.401481 1.860031 0.299034 6
1.412579 1.793705 0.314545 6
1.377230 1.721716 0.261285 6
1.387244 1.654977 0.274897 6
-0.443444 1.289846 -2.432613 8
-0.216091 1.230819 -2.098620 8
-0.160442 1.145622 -2.018613 8
-0.140046 1.054548 -1.990927 8
-0.147012 0.957573 -2.003928 8
-0.401802 0.798404 -2.384052 8
-0.130336 0.770114 -1.985268 8
1.855193 1.237365 0.953282 9
1.854938 1.175692 0.950636 9
-0.073326 0.498652 -1.911388 8
2.077356 1.126621 1.275682 9
2.102272 1.077013 1.310145 9
2.219186 1.062287 1.481156 9
2.232767 1.011120 1.498663 9
2.184791 0.934988 1.424519 9
2.212100 0.888929 1.462175 9
2.204056 0.827796 1.447105 9
2.204297 0.769857 1.444226 9
2.227885 0.722817 1.476017 9
2.230594 0.665816 1.476561 9
2.209320 0.596057 1.441151 9
2.200303 0.531677 1.423861 9
2.217867 0.481336 1.446159 9
2.192749 0.406595 1.404449 9
2.214008 0.358054 1.432012 9
2.189182 0.281472 1.390350 9
2.239870 0.251374 1.461831 9
2.223559 0.178854 1.432608 9
2.213800 0.109551 1.413026 9
2.235093 0.060870 1.440008 9
2.204697 -0.024543 1.388954 9
2.230611 -0.070363 1.422616 9
2.241775 -0.126924 1.433898 9
2.215054 -0.213171 1.387713 9
2.248221 -0.253366 1.431970 9
2.240910 -0.326095 1.414759 9
2.280331 -0.360506 1.468310 9
2.241854 -0.461318 1.403331 9
2.227331 -0.543389 1.374472 9
2.254245 -0.589267 1.408550 9
2.267707 -0.647329 1.421983 9
2.258457 -0.727360 1.400505 9
2.264521 -0.793762 1.402226 9
2.226363 -0.980227 1.327729 9
1.724342 6.154735 0.681105 5
1.714282 6.076535 0.675095 5
1.684311 6.019655 0.639035 5
1.645348 5.971626 0.589404 5
1.475765 6.051609 0.344598 5
1.431673 6.004173 0.287455 5
1.397450 5.946608 0.244946 5
1.343960 5.906281 0.173673 5
1.310569 5.846691 0.132221 5
1.206535 5.848308 -0.014120 5
0.549083 5.909890 -0.946100 5
0.520692 5.831928 -0.980067 5
0.533490 5.723952 -0.953604 5
0.509448 5.643403 -0.981561 5
-0.097379 5.961627 -1.865207 5
1.323708 3.427175 0.305634 6
1.361542 3.346740 0.362670 6
1.401666 3.267276 0.422833 6
1.358138 3.209936 0.361909 6
1.483228 3.112899 0.544522 12
1.501055 3.042963 0.571952 12
1.478143 2.981718 0.540405 12
1.480176 2.915457 0.544757 12
1.467832 2.851721 0.528224 12
1.467972 2.785924 0.529584 12
1.462001 2.721030 0.521997 12
1.420009 2.659979 0.462321 12
1.510560 2.585375 0.593707 12
1.372754 2.531141 0.395596 6
1.397277 2.462813 0.431484 11
1.402472 2.396173 0.439364 11
1.394561 2.330074 0.428218 11
1.392089 2.263686 0.424783 6
1.382322 2.197163 0.410700 6
1.387583 2.130682 0.418156 11
1.387843 2.064145 0.418271 6
1.357308 1.995771 0.373844 2
1.368535 1.929472 0.389510 2
1.394673 1.864857 0.426555 6
1.393490 1.798057 0.424065 6
1.357944 1.726788 0.371864 2
1.353076 1.658588 0.363782 6
0.976353 1.530660 -0.181158 10
0.970279 1.455333 -0.191377 10
0.956574 1.378142 -0.212771 10
0.975730 1.307216 -0.186858 10
0.958756 1.228495 -0.213283 10
0.961853 1.153880 -0.210866 10
0.987980 1.085160 -0.175300 10
0.957760 1.001322 -0.221361 10
1.828553 1.183624 1.036132 9
2.031157 1.185938 1.327271 9
2.121720 1.157902 1.456281 9
2.151239 1.111463 1.496848 9
2.145339 1.052799 1.485992 9
2.169178 1.005084 1.518142 9
2.137119 0.935424 1.469091 9
2.142798 0.880169 1.474660 9
2.164251 0.831706 1.503034 9
2.098169 0.743714 1.404062 9
2.133968 0.701322 1.453049 9
2.146638 0.648457 1.468306 9
2.124681 0.577949 1.433014 9
2.141306 0.526669 1.453789 9
2.165587 0.479781 1.485634 9
2.204062 0.441421 1.538122 9
2.128187 0.336958 1.423462 9
2.214141 0.327176 1.545158 9
2.191501 0.252301 1.507964 9
2.170333 0.176979 1.472724 9
2.163778 0.109994 1.458707 9
2.180029 0.057791 1.477997 9
2.196573 0.005859 1.497612 9
2.190506 -0.062395 1.483859 9
2.190889 -0.126719 1.479424 9
2.208668 -0.178361 1.500470 9
2.197265 -0.252889 1.478341 9
2.188465 -0.326493 1.459848 9
2.229711 -0.359722 1.515187 9
2.168273 -0.479247 1.418396 9
2.218820 -0.504559 1.487285 9
2.216286 -0.575924 1.477349 9
2.202064 -0.658951 1.449829 9
2.197530 -0.734390 1.436483 9
2.221164 -0.783848 1.464925 9
2.236389 -0.841433 1.480703 9
2.248771 -0.902137 1.492089 9
2.211362 -1.014650 1.428713 9
1.677555 6.136613 0.762355 5
1.662357 6.064423 0.748206 5
1.675273 5.964201 0.774868 5
1.584556 5.968496 0.650398 5
1.255848 6.107296 0.188072 5
1.316274 5.959730 0.283402 5
1.288514 5.895442 0.250591 5
1.233277 5.855177 0.177922 5
1.182113 5.810072 0.111111 5
1.123714 5.769851 0.033820 5
0.445391 5.929341 -0.914512 5
0.499601 5.790234 -0.829697 5
0.471362 5.713069 -0.863471 5
-0.093501 6.007738 -1.666089 5
-0.169227 5.951599 -1.767408 5
1.324360 3.409406 0.444454 2
1.356851 3.331665 0.492370 2
1.356554 3.263758 0.493840 2
1.313560 3.206388 0.434925 6
1.380631 3.123065 0.531221 12
1.400776 3.051957 0.561149 12
1.399590 2.985786 0.560863 12
1.459645 2.909076 0.646803 12
1.452759 2.845073 0.638230 12
1.466449 2.778081 0.658545 12
1.448342 2.715616 0.633933 12
1.482311 2.647056 0.682585 12
1.472989 2.583656 0.670125 12
1.413358 2.523769 0.586691 12
1.340285 2.462751 0.484226 11
1.341274 2.396306 0.485967 11
1.396843 2.328577 0.564456 11
1.391455 2.263212 0.556983 11
1.374401 2.197579 0.532966 11
1.357736 2.131384 0.509381 11
1.345269 2.064790 0.491593 11
1.334092 1.997822 0.475503 6
1.332305 1.931130 0.472521 6
1.325813 1.863885 0.462794 6
1.324623 1.796912 0.460418 2
1.337949 1.731606 0.478379 6
1.216665 1.647674 0.306516 6
0.984250 1.542066 -0.022178 10
0.995584 1.471009 -0.007470 10
0.998615 1.398575 -0.004594 10
0.992857 1.324228 -0.014244 10
0.982353 1.248416 -0.030726 10
0.996261 1.177922 -0.012894 10
1.012709 1.108314 0.008401 10
1.901543 1.279291 1.261619 9
1.922563 1.226499 1.289576 9
1.998115 1.191079 1.394519 9
2.072118 1.157507 1.497248 9
2.045182 1.091503 1.457184 9
2.049372 1.035551 1.461027 9
2.070169 0.985758 1.488278 9
1.803717 0.822514 1.108574 9
1.999042 0.840788 1.382794 9
2.058625 0.807021 1.464717 9
2.112200 0.772330 1.538097 9
2.030884 0.676129 1.419963 9
2.088509 0.644103 1.498933 9
2.083826 0.582385 1.489325 9
2.076408 0.518664 1.475700 9
2.141559 0.493476 1.565226 9
2.133793 0.429496 1.550906 9
2.090117 0.344027 1.485263 9
2.139640 0.312050 1.552343 9
2.121366 0.239720 1.522621 9
2.115653 0.174156 1.510674 9
2.135137 0.124323 1.534610 9
2.151159 0.072366 1.553505 9
2.128651 -0.006244 1.517111 9
2.152539 -0.053249 1.547043 9
2.120456 -0.140949 1.496568 9
2.122460 -0.204900 1.494826 9
2.145993 -0.252773 1.523904 9
2.126530 -0.334525 1.491000 9
2.150597 -0.382305 1.520618 9
2.147420 -0.452599 1.510845 9
2.083994 -0.575474 1.413871 9
2.095160 -0.636281 1.424389 9
2.131219 -0.675001 1.470818 9
2.150492 -0.728491 1.492865 9
2.144711 -0.805698 1.478435 9
2.114599 -0.907646 1.428431 9
2.150528 -0.946450 1.474250 9
2.161487 -1.009912 1.483623 9
2.160078 -1.086716 1.474791 9
2.218772 -1.100797 1.553620 9
1.624641 6.125659 0.833193 5
1.623891 6.039132 0.839172 5
1.620024 5.956856 0.840528 5
1.557559 5.932668 0.758682 5
1.152736 6.047375 0.206309 5
1.185597 5.927185 0.259296 5
1.182124 5.840909 0.260806 5
1.119988 5.805024 0.179589 5
1.069861 5.757640 0.115248 5
1.012028 5.715332 0.040041 5
0.417893 5.891812 -0.774769 5
0.469376 5.756565 -0.696630 5
0.472671 5.658114 -0.686167 5
0.421912 5.597584 -0.751400 5
-0.231517 5.935675 -1.657792 5
1.299249 3.399618 0.543388 2
1.311938 3.327982 0.562661 2
1.239183 3.278782 0.464007 6
1.259751 3.205171 0.493936 2
1.393981 3.107302 0.680372 12
1.397252 3.040907 0.686189 12
1.396550 2.975548 0.686429 12
1.418987 2.906357 0.718430 12
1.393235 2.845537 0.683968 12
1.384113 2.781697 0.672311 12
1.345570 2.721281 0.620060 12
1.390882 2.650817 0.683128 12
1.322472 2.592127 0.589586 12
1.322307 2.526275 0.589865 12
1.299069 2.461798 0.558296 11
1.296402 2.395775 0.554933 11
1.313072 2.329230 0.578070 11
1.316715 2.263355 0.583184 11
1.340124 2.197767 0.615388 11
1.340836 2.132380 0.616267 11
1.305745 2.065536 0.567787 11
1.331948 2.001008 0.603534 2
1.359885 1.937413 0.641571 2
1.342311 1.870583 0.616886 2
1.342569 1.804991 0.616635 2
1.305364 1.734728 0.564719 2
1.147512 1.646388 0.346596 6
0.981607 1.551486 0.117210 10
1.008171 1.484027 0.152685 10
0.987038 1.408301 0.122365 10
0.992679 1.337177 0.128807 10
0.978323 1.261615 0.107580 10
0.982329 1.189731 0.111539 10
1.708397 1.301662 1.110949 9
1.942217 1.304045 1.431936 9
1.958577 1.251380 1.453013 9
2.028874 1.215505 1.548453 9
2.016604 1.155182 1.529878 9
2.021815 1.100126 1.535340 9
2.050502 1.053353 1.573151 9
1.065146 0.628647 0.209264 10
1.859894 0.865060 1.305673 9
1.973007 0.850549 1.459947 9
2.050758 0.824608 1.565322 9
2.039520 0.761635 1.547473 9
2.077388 0.720542 1.597545 9
2.016961 0.633403 1.511308 9
2.052427 0.591325 1.557884 9
2.069120 0.540470 1.578360 9
2.082456 0.488023 1.594097 9
2.084820 0.429595 1.594502 9
2.112406 0.385165 1.629877 9
2.086408 0.309812 1.590633 9
2.074805 0.241742 1.571272 9
2.094740 0.192455 1.595723 9
2.092281 0.128981 1.588869 9
2.096158 0.069082 1.590736 9
2.104002 0.011484 1.598031 9
2.092269 -0.060128 1.577858 9
2.029657 -0.169520 1.486347 9
2.061967 -0.211626 1.527478 9
2.072409 -0.269749 1.537906 9
2.055234 -0.349717 1.509486 9
2.080205 -0.397268 1.540066 9
2.093573 -0.454063 1.554266 9
2.082215 -0.531915 1.533570 9
2.054683 -0.625015 1.489911 9
2.047823 -0.701768 1.475171 9
2.065954 -0.756958 1.495534 9
2.068075 -0.827119 1.493171 9
1.900948 -1.059282 1.251159 9
2.083326 -0.959149 1.503576 9
2.052104 -1.064831 1.453459 9
2.119328 -1.072457 1.542887 9
2.086711 -1.182233 1.490386 9
1.623156 6.149033 0.967914 5
1.619380 6.066274 0.968874 5
1.588319 6.011903 0.931953 5
1.553804 5.960647 0.890187 5
1.515399 5.912680 0.842991 5
1.038262 5.906157 0.214947 5
1.006125 5.843236 0.176380 5
0.988273 5.768401 0.157296 5
0.986184 5.681345 0.159667 5
0.952536 5.619422 0.118731 5
0.369454 5.773573 -0.662261 5
0.376918 5.672050 -0.646977 5
0.410723 5.553987 -0.595990 5
-0.366925 5.968113 -1.649761 5
-0.483707 5.934526 -1.803297 5
1.240764 3.331463 0.596433 2
1.191728 3.275854 0.531839 2
1.212767 3.202416 0.561535 2
1.318281 3.111445 0.704839 12
1.367483 3.035491 0.772203 12
1.370899 2.969817 0.777840 12
1.363789 2.906196 0.769226 12
1.396628 2.836376 0.814264 12
1.380534 2.774449 0.793390 12
1.363188 2.712270 0.770750 12
1.354779 2.648700 0.760046 12
1.178184 2.599821 0.523134 12
1.346606 2.520376 0.750007 12
1.227246 2.462600 0.589898 11
1.252997 2.395206 0.624780 11
1.262939 2.329056 0.638319 11
1.249453 2.263435 0.620280 11
1.255998 2.197549 0.629077 11
1.274877 2.132163 0.654366 11
1.273941 2.066566 0.652932 11
1.260135 2.000181 0.634110 11
1.228790 1.932034 0.591618 2
1.248167 1.867299 0.617226 2
1.194129 1.795434 0.544034 2
1.206612 1.729762 0.560192 2
1.001850 1.634650 0.284083 10
0.996111 1.563247 0.275515 10
0.939563 1.482910 0.198493 10
0.916741 1.406832 0.166730 10
0.970961 1.345386 0.238542 10
0.983599 1.276444 0.254313 10
0.998187 1.208165 0.272616 10
1.789300 1.335128 1.336630 9
1.946171 1.318242 1.546701 9
1.939860 1.259972 1.536921 9
1.988988 1.217953 1.601781 9
1.952388 1.150129 1.551014 9
1.985672 1.104199 1.594391 9
1.975382 1.043836 1.578927 9
1.999718 0.995603 1.610108 9
1.848474 0.880311 1.404155 9
1.865477 0.827213 1.425220 9
2.038143 0.839652 1.656572 9
1.965512 0.750625 1.556413 9
1.995107 0.705148 1.594344 9
2.040263 0.667686 1.653284 9
1.990652 0.585096 1.583891 9
2.019829 0.540297 1.621065 9
1.986763 0.463481 1.573832 9
1.974085 0.396124 1.554104 9
1.981685 0.339239 1.561774 9
2.001431 0.289205 1.585851 9
1.993108 0.222658 1.571732 9
2.009604 0.170594 1.591236 9
2.040405 0.127711 1.630128 9
2.070002 0.084671 1.667335 9
2.051976 0.010200 1.639627 9
2.012412 -0.080412 1.582418 9
1.976474 -0.170559 1.529966 9
1.977838 -0.235483 1.528255 9
2.054473 -0.244549 1.629274 9
2.001499 -0.351003 1.553118 9
2.009900 -0.411781 1.560720 9
2.034738 -0.459610 1.590736 9
2.058179 -0.508313 1.618775 9
2.087593 -0.551712 1.654945 9
1.987429 -0.707709 1.513074 9
2.009446 -0.759561 1.538798 9
2.033876 -0.809109 1.567768 9
1.990230 -0.922259 1.502873 9
1.896824 -1.085953 1.369077 9
1.983315 -1.078223 1.483248 9
2.023793 -1.113786 1.533929 9
2.015418 -1.198678 1.516973 9
1.569456 6.140084 1.034598 5
1.572249 6.051238 1.043620 5
1.519898 6.018117 0.978281 5
1.511224 5.941603 0.971650 5
0.954758 5.829250 0.259608 5
0.861541 5.814943 0.139717 5
0.849971 5.734341 0.128802 5
0.820307 5.667914 0.093652 5
0.772272 5.614779 0.033953 5
0.423088 5.589016 -0.418056 5
0.392810 5.516238 -0.454171 5
-0.488769 5.990960 -1.620757 5
0.523003 3.822950 -0.226804 3
0.490322 3.753340 -0.268034 3
0.435655 3.608875 -0.336637 13
1.144786 3.341421 0.598136 2
1.092405 3.285878 0.530465 2
1.120247 3.210299 0.568269 2
1.163500 3.132514 0.626246 2
1.333567 3.031072 0.850875 12
1.344202 2.964455 0.865741 12
1.327784 2.902853 0.844966 12
1.338398 2.836786 0.859651 12
1.339620 2.772455 0.861917 12
1.313741 2.711504 0.828496 12
1.349913 2.643431 0.876536 12
1.191171 2.593595 0.668419 12
1.301027 2.519632 0.813115 12
1.301508 2.455283 0.814040 11
1.236906 2.393574 0.729402 11
1.225256 2.328594 0.714248 11
1.216542 2.263242 0.702876 11
1.229090 2.197789 0.719359 11
1.237625 2.132631 0.730494 11
1.240794 2.067511 0.734508 11
1.236871 2.002063 0.729131 11
1.161739 1.931364 0.630132 2
1.176356 1.866044 0.648956 2
1.140015 1.795857 0.600751 2
1.127885 1.727304 0.584276 2
0.992178 1.641578 0.405318 10
0.922203 1.561318 0.312632 10
0.935601 1.492598 0.329435 10
0.928862 1.420466 0.319686 10
0.905435 1.344623 0.287907 10
1.624016 1.427525 1.231905 9
1.671219 1.378117 1.293036 9
1.801673 1.350669 1.463656 9
1.952808 1.332727 1.661498 9
1.910443 1.265299 1.604659 9
1.940608 1.217788 1.643222 9
1.899097 1.148609 1.587340 9
1.912726 1.095998 1.603999 9
1.922297 1.042185 1.615252 9
1.878162 0.968942 1.555648 9
1.934259 0.931992 1.628104 9
1.621801 0.750532 1.214383 9
1.564009 0.663459 1.136338 9
1.930566 0.756702 1.618327 9
1.948903 0.706300 1.640759 9
1.935004 0.641200 1.620548 9
1.925262 0.577261 1.605740 9
1.958005 0.533824 1.647022 9
1.930045 0.459755 1.607960 9
1.934273 0.401500 1.611387 9
1.937804 0.342581 1.613815 9
1.976655 0.303489 1.662961 9
1.972717 0.240157 1.655358 9
1.984085 0.185492 1.667966 9
1.993937 0.129800 1.678493 9
1.986435 0.062793 1.665906 9
1.966060 -0.013548 1.636116 9
1.930117 -0.101811 1.585505 9
1.918875 -0.174724 1.567600 9
1.934383 -0.229435 1.585190 9
1.944867 -0.287884 1.596018 9
1.940384 -0.357916 1.586816 9
1.954918 -0.414005 1.602874 9
1.964648 -0.474041 1.612443 9
1.958447 -0.547431 1.600644 9
1.778414 -0.767528 1.356279 9
2.008649 -0.643457 1.660461 9
1.989746 -0.729790 1.631349 9
1.980673 -0.808878 1.615258 9
1.929109 -0.928380 1.542014 9
1.952839 -0.979935 1.569644 9
1.992043 -1.016438 1.618012 9
1.964045 -1.118527 1.575928 9
1.974093 -1.184418 1.584884 9
1.995856 -1.238770 1.609532 9
1.515072 6.218815 1.095050 5
1.529307 6.117755 1.118224 5
1.518579 6.043282 1.108509 5
1.496613 5.980361 1.083972 5
1.457883 5.933481 1.037419 5
0.868393 5.755212 0.299675 5
0.824462 5.701018 0.246240 5
0.750312 5.668564 0.153483 5
0.696005 5.619683 0.086512 5
0.663449 5.554168 0.047750 5
0.565417 5.533400 -0.076030 5
0.311235 5.614536 -0.402284 5
0.317240 5.517293 -0.391047 5
0.292337 5.440664 -0.419969 5
0.444619 4.990974 -0.210698 13
0.476210 4.887158 -0.167119 13
0.433901 4.824014 -0.219148 13
0.444757 4.732893 -0.202567 13
0.482856 4.629305 -0.150920 13
0.483741 4.545257 -0.147425 13
0.440546 4.481954 -0.200886 13
0.490511 3.811458 -0.121461 3
0.475271 3.736941 -0.139569 3
0.494604 3.652138 -0.113277 13
0.497777 3.572729 -0.107856 13
1.016938 3.359423 0.560940 2
1.016259 3.289990 0.561123 2
1.036058 3.216086 0.587559 2
1.045964 3.145120 0.601206 2
1.289033 3.028877 0.914375 12
1.273474 2.967204 0.895122 12
1.288975 2.900077 0.915711 12
1.304223 2.833617 0.935906 12
1.260380 2.775630 0.880146 12
1.248065 2.712674 0.864822 12
1.254600 2.647514 0.873643 12
1.110277 2.595623 0.688704 12
1.176498 2.524469 0.774043 12
1.151333 2.460449 0.741984 11
1.194880 2.393004 0.798077 11
1.139004 2.329285 0.726470 11
1.149517 2.263321 0.740029 11
1.201850 2.198019 0.807211 11
1.185692 2.132740 0.786407 11
1.154062 2.066332 0.745675 11
1.206507 2.003501 0.812819 11
1.014353 1.925053 0.565865 2
1.081370 1.862821 0.651589 2
0.992731 1.786782 0.537389 2
0.986155 1.717504 0.528486 2
0.911605 1.638864 0.432220 10
0.944686 1.573779 0.474110 10
0.890772 1.495275 0.404191 10
0.891980 1.424864 0.405004 10
0.904181 1.356482 0.419874 10
1.569731 1.426989 1.274305 9
1.623848 1.378986 1.343060 9
1.786677 1.359080 1.551536 9
1.814277 1.309014 1.586155 9
1.877081 1.269368 1.666006 9
1.856561 1.207172 1.638651 9
1.852544 1.149188 1.632462 9
1.836955 1.087081 1.611320 9
1.870056 1.040842 1.652788 9
1.843308 0.974017 1.617156 9
1.839971 0.914801 1.611600 9
1.851703 0.861079 1.625394 9
1.863965 0.807665 1.639822 9
1.872555 0.752789 1.649463 9
1.874426 0.694910 1.650384 9
1.858750 0.628715 1.628610 9
1.854366 0.566994 1.621329 9
1.887526 0.523234 1.662447 9
1.898586 0.468967 1.674992 9
1.863573 0.390400 1.627957 9
1.877851 0.337030 1.644526 9
1.947285 0.314733 1.732364 9
1.890225 0.221088 1.656575 9
1.916961 0.175034 1.689099 9
1.924154 0.117420 1.696281 9
1.945722 0.068678 1.722021 9
1.917932 -0.011997 1.683740 9
1.917844 -0.075652 1.681273 9
1.893996 -0.156259 1.647899 9
1.911482 -0.209064 1.668076 9
1.888663 -0.291134 1.635841 9
1.907975 -0.343251 1.658252 9
1.932344 -0.391400 1.687187 9
1.878750 -0.500519 1.614613 9
1.907760 -0.545923 1.649437 9
1.901652 -0.619884 1.638457 9
1.901089 -0.690152 1.634607 9
1.881464 -0.777731 1.605786 9
1.899234 -0.833767 1.625670 9
1.907924 -0.898141 1.633622 9
1.879704 -0.997294 1.593215 9
1.915404 -1.037810 1.636321 9
1.905135 -1.122389 1.619172 9
1.886438 -1.216750 1.590843 9
1.905713 -1.274352 1.612194 9
1.477608 6.193410 1.181789 5
1.501588 6.083788 1.216018 5
1.461774 6.038724 1.168663 5
1.446467 5.969565 1.152545 5
1.304980 6.018822 0.975492 5
0.674659 5.585145 0.208883 5
0.634873 5.525461 0.161296 5
0.567364 5.483936 0.078579 5
0.523632 5.424984 0.025934 5
0.480112 5.365060 -0.026478 5
0.433698 5.306108 -0.082585 5
0.389470 5.244883 -0.135967 5
0.401658 5.149536 -0.118124 5
0.387411 5.070407 -0.133751 5
0.494389 4.924245 0.003568 13
0.531042 4.820179 0.051977 13
0.463929 4.771884 -0.030607 13
0.477984 4.681068 -0.010860 13
0.463436 4.605164 -0.027253 13
0.426487 4.539789 -0.071938 13
0.281882 4.522314 -0.252291 13
0.112079 4.511457 -0.464348 13
0.082502 4.436763 -0.499804 13
0.071452 4.354120 -0.511992 13
0.131510 4.244158 -0.434761 13
0.098351 4.171008 -0.474920 13
0.053284 4.101392 -0.530110 13
0.416287 3.893313 -0.072155 3
0.439469 3.806256 -0.041731 3
0.468214 3.718582 -0.004390 13
0.528458 3.623053 0.072464 13
0.510710 3.550998 0.051220 13
0.539260 3.466768 0.088092 12
0.741697 3.341809 0.343337 12
0.737145 3.270075 0.338456 12
0.957606 3.151293 0.616112 12
1.118689 3.051127 0.819079 12
1.282985 2.955603 1.025979 12
1.270750 2.894043 1.011155 12
1.194295 2.841671 0.915666 12
1.226485 2.772773 0.956520 12
1.216108 2.709916 0.943888 12
1.189037 2.648510 0.910258 12
1.210665 2.582217 0.937698 12
1.191261 2.519512 0.913594 12
1.224694 2.453414 0.955746 12
1.144495 2.392774 0.855256 11
1.168605 2.327280 0.885609 11
1.153141 2.262854 0.866254 11
1.162657 2.198150 0.878196 11
1.118734 2.132498 0.823030 11
1.099220 2.066411 0.798443 11
1.133670 2.002603 0.841522 11
0.937078 1.923773 0.594611 11
0.879622 1.850616 0.522242 10
0.911661 1.784586 0.562134 10
0.887087 1.712900 0.530919 10
0.897072 1.644887 0.543027 10
0.903752 1.576578 0.550933 10
0.858313 1.499877 0.493353 10
0.891223 1.435562 0.534082 10
1.478708 1.479548 1.271170 9
1.522344 1.427897 1.325366 9
1.792213 1.428384 1.663694 9
1.756201 1.363518 1.617808 9
1.759279 1.307371 1.620978 9
1.806298 1.263108 1.679322 9
1.814846 1.209040 1.689287 9
1.830207 1.157106 1.707776 9
1.818817 1.096863 1.692590 9
1.818562 1.039764 1.691355 9
1.816598 0.981803 1.687924 9
1.816901 0.924349 1.687297 9
1.820510 0.867902 1.690782 9
1.797082 0.800413 1.660185 9
1.826114 0.753797 1.695578 9
1.831284 0.697441 1.700889 9
1.781656 0.616168 1.637118 9
1.842994 0.584874 1.713095 9
1.834572 0.521418 1.701130 9
1.813021 0.450700 1.672552 9
1.796598 0.381515 1.650372 9
1.830520 0.338377 1.691646 9
1.844061 0.284691 1.707171 9
1.843287 0.222849 1.704577 9
1.785841 0.127122 1.630338 9
1.803175 0.074274 1.650483 9
1.829619 0.027235 1.682103 9
1.837294 -0.031439 1.689954 9
1.809593 -0.113761 1.652992 9
1.864600 -0.141449 1.720629 9
1.856278 -0.211889 1.708068 9
1.849605 -0.282049 1.697522 9
1.871834 -0.331816 1.723538 9
1.864731 -0.403509 1.712317 9
1.868128 -0.468005 1.714342 9
1.824343 -0.570482 1.656400 9
1.846113 -0.622089 1.681600 9
1.880586 -0.662991 1.722903 9
1.871655 -0.740289 1.708984 9
1.860935 -0.820289 1.692700 9
1.831750 -0.918041 1.652810 9
1.864841 -0.960897 1.692138 9
1.788914 -1.105217 1.592452 9
1.828648 -1.143015 1.640107 9
1.812677 -1.234544 1.616630 9
1.813137 -1.311311 1.614026 9
1.872023 -1.329355 1.686025 9
1.482086 6.126677 1.318893 5
1.489508 6.035555 1.330830 5
1.437648 6.002903 1.268985 5
1.320802 6.030300 1.126391 5
0.550258 5.624458 0.200732 5
0.526423 5.552590 0.173454 5
0.490864 5.488490 0.131652 5
0.456882 5.422841 0.091763 5
0.390870 5.377017 0.012307 5
0.391472 5.288527 0.015025 5
0.448686 5.166878 0.087502 5
0.422605 5.096302 0.057173 5
0.432705 5.005071 0.071399 13
0.413845 4.930637 0.049872 13
0.420466 4.842670 0.059689 13
0.446625 4.745494 0.093510 13
0.453825 4.659151 0.103911 13
0.489527 4.559935 0.149337 13
0.513322 4.467920 0.180036 13
0.485938 4.399981 0.147692 13
0.529398 4.301204 0.202462 13
0.550663 4.213455 0.229860 13
0.504755 4.153454 0.174594 13
0.526761 4.066541 0.202796 13
0.538950 3.984300 0.218870 13
0.528369 3.910745 0.206905 13
0.476577 3.850889 0.144256 13
0.481288 3.771848 0.150997 13
0.549040 3.674335 0.235130 13
0.520143 3.606772 0.200482 13
0.541055 3.525185 0.226965 12
0.648050 3.422713 0.359098 12
0.642724 3.350527 0.353250 12
0.625436 3.281058 0.332674 12
1.158851 3.097477 0.988043 12
1.175545 3.029369 1.009029 12
1.192457 2.961900 1.030240 12
1.168431 2.901662 1.001172 12
1.169123 2.837236 1.002400 12
1.146372 2.775991 0.974825 12
1.174226 2.708373 1.009304 12
1.134727 2.648371 0.961108 12
1.131535 2.584205 0.957420 12
1.183951 2.516203 1.021913 12
1.069923 2.458721 0.882180 11
1.103102 2.392211 0.922997 11
1.086278 2.327884 0.902435 11
1.116231 2.262708 0.939217 11
1.113742 2.198204 0.936163 11
1.105216 2.133479 0.925667 11
1.091090 2.068263 0.908262 11
1.061764 2.001775 0.872172 11
0.915540 1.926341 0.692636 11
0.835294 1.851913 0.593990 10
0.842506 1.783622 0.602593 10
0.860919 1.716744 0.624900 10
0.844162 1.645767 0.604015 10
0.870897 1.580465 0.636453 10
0.848966 1.508052 0.609134 10
0.844213 1.437838 0.602852 10
0.843163 1.368026 0.601070 10
1.630728 1.460955 1.567269 9
1.697858 1.418096 1.649205 9
1.700012 1.361714 1.651347 9
1.661897 1.295023 1.604009 9
1.688145 1.244262 1.635667 9
1.727651 1.197896 1.683580 9
1.778106 1.155852 1.744921 9
1.781501 1.100299 1.748428 9
1.806075 1.051655 1.777925 9
1.742379 0.972821 1.698915 9
1.769606 0.924797 1.731603 9
1.735601 0.854091 1.688986 9
1.757943 0.804337 1.715603 9
1.778805 0.754397 1.740374 9
1.775771 0.694571 1.735721 9
1.742487 0.620839 1.693806 9
1.744354 0.561907 1.695095 9
1.650033 0.456624 1.577936 9
1.729014 0.433683 1.674070 9
1.775079 0.396139 1.729670 9
1.351750 0.111263 1.206988 9
1.340549 0.036711 1.191839 10
1.354290 -0.024653 1.207379 9
1.374227 -0.082450 1.230520 10
1.357865 -0.161800 1.208856 10
1.368058 -0.225908 1.219893 10
1.409121 -0.270653 1.268984 10
1.438296 -0.322260 1.303381 10
1.458664 -0.379314 1.326873 10
1.526799 -0.403379 1.409344 9
1.733272 -0.327855 1.662791 9
1.750035 -0.382851 1.681830 9
1.801823 -0.411806 1.744154 9
1.780572 -0.495156 1.716102 9
1.777912 -0.565452 1.710990 9
1.795514 -0.620318 1.730911 9
1.829634 -0.661668 1.771258 9
1.848021 -0.715633 1.792087 9
1.806466 -0.821176 1.738551 9
1.807795 -0.891431 1.738110 9
1.819194 -0.953385 1.750107 9
1.785674 -1.057091 1.706277 9
1.729416 -1.184487 1.634086 9
1.727648 -1.262697 1.629495 9
1.721323 -1.346428 1.619165 9
1.754330 -1.391860 1.657705 9
1.440548 6.107636 1.395773 5
1.420180 6.044343 1.372995 5
1.394676 5.986097 1.343967 5
1.318620 5.974693 1.253730 5
0.297480 5.660712 0.042621 0
0.456769 5.464953 0.236110 5
0.428456 5.396170 0.203442 5
0.346002 5.360945 0.105532 5
0.347064 5.272800 0.108196 5
0.370435 5.172209 0.137671 5
0.380855 5.080502 0.151503 5
0.403481 4.982997 0.179977 13
0.398969 4.901493 0.175745 13
0.382107 4.826868 0.156618 13
0.380325 4.744617 0.155597 13
0.424457 4.640407 0.209747 13
0.486418 4.529754 0.285275 13
0.504120 4.441804 0.307538 13
0.514093 4.358299 0.320466 13
0.516984 4.278564 0.324843 13
0.498199 4.208176 0.303138 13
0.499165 4.129870 0.305131 13
0.515647 4.046165 0.325728 13
0.486223 3.979854 0.291148 13
0.456380 3.913112 0.256040 13
0.463341 3.833709 0.265099 13
0.516758 3.740352 0.329898 13
0.498378 3.670257 0.308457 13
0.494540 3.595794 0.304444 13
0.449737 3.532358 0.251229 13
0.558824 3.429329 0.382683 12
0.599899 3.345857 0.432464 12
0.744249 3.241229 0.606131 12
1.157317 3.086431 1.102164 12
1.128013 3.027883 1.067352 12
1.118573 2.965153 1.056347 12
1.122358 2.900189 1.061182 12
1.103511 2.838708 1.038840 12
1.143784 2.769212 1.087389 12
1.164681 2.703226 1.112665 12
1.133948 2.643009 1.075988 12
1.098630 2.582325 1.033787 12
1.011586 2.524143 0.929523 12
0.997590 2.459558 0.912847 11
1.061681 2.391665 0.989793 11
1.041759 2.327621 0.965955 11
1.064839 2.262675 0.993661 11
1.086933 2.198421 1.020158 11
1.032984 2.133112 0.955431 11
1.033442 2.068206 0.955926 11
1.046047 2.003921 0.970962 11
0.842306 1.925342 0.726497 10
0.800534 1.853963 0.676256 10
0.745484 1.779955 0.610057 10
0.805536 1.717185 0.681884 10
0.791626 1.646666 0.664971 10
0.757941 1.572783 0.624305 10
0.776886 1.506078 0.646742 10
0.806070 1.441582 0.681437 10
1.376267 1.479882 1.365202 9
1.603436 1.465471 1.637445 9
1.650966 1.418474 1.694146 9
1.682942 1.369124 1.732165 9
1.671555 1.309746 1.718123 9
1.705619 1.261897 1.758609 9
1.674942 1.196722 1.721363 9
1.687505 1.143206 1.735996 9
1.693860 1.087926 1.743153 9
1.722727 1.039991 1.777317 9
1.732303 0.986096 1.788298 9
1.714947 0.922572 1.766909 9
1.697074 0.858036 1.744867 9
1.696389 0.799372 1.743443 9
1.686609 0.736686 1.731065 9
1.714824 0.689460 1.764315 9
1.691904 0.620348 1.736088 9
1.680567 0.555432 1.721750 9
1.688863 0.499064 1.730982 9
1.693485 0.440805 1.735772 9
1.274667 0.168311 1.231251 9
1.325859 0.126813 1.291913 9
1.284327 0.036603 1.241000 9
1.292026 -0.028121 1.249282 9
1.298127 -0.093996 1.255608 10
1.293665 -0.166408 1.249187 10
1.310117 -0.226805 1.267913 10
1.312561 -0.295935 1.269739 10
1.315535 -0.365212 1.272168 10
1.398621 -0.382074 1.371103 10
1.345283 -0.489104 1.305610 10
1.385882 -0.533275 1.353303 10
1.510791 -0.516375 1.502663 9
1.678266 -0.464352 1.703414 9
1.696439 -0.518983 1.724082 9
1.765006 -0.534780 1.805553 9
1.731666 -0.629092 1.763992 9
1.728335 -0.701118 1.758613 9
1.736522 -0.764467 1.767106 9
1.727178 -0.843101 1.754377 9
1.747300 -0.897335 1.777223 9
1.739778 -0.976091 1.766610 9
1.731909 -1.056295 1.755527 9
1.683936 -1.174883 1.695857 9
1.706514 -1.229442 1.721515 9
1.691314 -1.320608 1.701389 9
1.681799 -1.407748 1.688089 9
1.671796 -1.496790 1.674138 9
1.383132 6.104699 1.452617 5
1.347367 6.056227 1.411547 5
1.347227 5.974013 1.412479 5
1.273869 5.959681 1.327054 5
0.279020 5.715284 0.167644 0
0.287920 5.619123 0.179040 0
0.292080 5.527135 0.184829 0
0.293916 5.437508 0.187857 5
0.351972 5.314010 0.256954 5
0.353911 5.226822 0.260039 5
0.375242 5.129072 0.285891 5
0.294433 5.090404 0.191677 5
0.329666 4.985999 0.233816 13
0.345697 4.893575 0.253360 13
0.378356 4.793689 0.292411 13
0.343875 4.728903 0.252562 13
0.419999 4.610174 0.342606 13
0.400045 4.539196 0.319777 13
0.384745 4.465959 0.302394 13
0.443355 4.360636 0.371774 13
0.413053 4.294771 0.336733 13
0.422284 4.212476 0.348087 13
0.421117 4.134893 0.347211 13
0.467594 4.040018 0.402237 13
0.439271 3.973491 0.369444 13
0.420766 3.903100 0.348159 13
0.461190 3.813406 0.396007 13
0.410505 3.753341 0.336921 13
0.418575 3.674823 0.346764 13
0.414411 3.600229 0.342231 13
0.433749 3.519621 0.365251 12
0.486361 3.431647 0.427284 12
0.566650 3.339100 0.521758 12
0.661587 3.246036 0.633388 12
0.767920 3.153746 0.758355 12
1.071084 3.028191 1.114159 12
1.044621 2.968340 1.083312 12
1.054477 2.902165 1.095047 12
1.062064 2.836735 1.104102 12
1.104261 2.767277 1.153731 12
1.059826 2.708831 1.101745 12
1.082474 2.642679 1.128415 12
1.076995 2.579576 1.122084 12
1.057036 2.517343 1.098757 12
0.968131 2.458150 0.994567 11
1.005031 2.391698 1.037885 11
0.981815 2.327709 1.010693 11
0.966982 2.262988 0.993315 11
0.953965 2.197847 0.978051 11
0.971214 2.132986 0.998262 11
0.942781 2.066925 0.964888 11
0.951437 2.001915 0.974990 11
0.754576 1.923400 0.744076 10
0.749312 1.854614 0.737818 10
0.804144 1.791398 0.802019 10
0.748950 1.717477 0.737174 10
0.744443 1.648213 0.731753 10
0.739065 1.578580 0.725293 10
0.778544 1.515667 0.771425 10
1.305560 1.537260 1.389357 9
1.339752 1.482771 1.429282 9
1.621763 1.479047 1.759876 9
1.623346 1.423005 1.761538 9
1.515713 1.341567 1.635069 9
1.590470 1.301691 1.722539 9
1.625526 1.253508 1.763428 9
1.626250 1.196685 1.764026 9
1.627814 1.139926 1.765594 9
1.642834 1.087144 1.782938 9
1.646373 1.030886 1.786796 9
1.674464 0.982822 1.819453 9
1.644781 0.914896 1.784293 9
1.639283 0.854734 1.777499 9
1.646758 0.799128 1.785917 9
1.669489 0.749599 1.812229 9
1.668870 0.690735 1.811118 9
1.676316 0.635034 1.819459 9
1.650858 0.564444 1.789148 9
1.657653 0.507716 1.796692 9
1.244171 0.248185 1.310601 9
1.219283 0.168493 1.280845 9
1.211696 0.096459 1.271389 9
1.267349 0.057342 1.336211 10
1.208311 -0.043276 1.266261 10
1.238085 -0.096170 1.300646 10
1.218911 -0.177055 1.277488 10
1.229483 -0.241294 1.289270 9
1.206292 -0.326525 1.261341 10
1.274401 -0.355269 1.340735 10
1.264642 -0.432923 1.328557 10
1.285970 -0.490730 1.352918 10
1.284754 -0.563877 1.350745 10
1.406349 -0.551192 1.493039 9
1.508834 -0.548577 1.612871 9
1.655982 -0.509799 1.785286 9
1.655416 -0.578418 1.783858 9
1.673998 -0.632832 1.804951 9
1.652741 -0.718976 1.779117 9
1.648558 -0.792712 1.773358 9
1.661871 -0.852742 1.788185 9
1.667160 -0.919877 1.793537 9
1.668775 -0.990804 1.794539 9
1.626343 -1.101848 1.743595 9
1.611815 -1.189941 1.725500 9
1.629018 -1.249865 1.744792 9
1.612986 -1.341727 1.724861 9
1.591347 -1.440668 1.698278 9
1.579610 -1.531632 1.683339 9
1.290967 6.135258 1.469306 5
1.297208 6.046473 1.476846 5
1.262927 5.996220 1.437823 5
1.253012 5.923618 1.426785 5
0.035970 5.925391 0.033022 7
0.097877 5.789662 0.104407 7
0.206232 5.626271 0.229086 0
0.206873 5.536582 0.230118 0
0.171764 5.469988 0.190112 0
0.300879 5.303060 0.338566 5
0.249307 5.247977 0.279649 5
0.244458 5.164974 0.274342 5
0.241078 5.081618 0.270713 5
0.239571 4.997740 0.269227 13
0.277112 4.893914 0.312535 13
0.270580 4.814274 0.305265 13
0.276810 4.728679 0.312630 13
0.362739 4.605879 0.411422 13
0.303260 4.553188 0.343385 13
0.416790 4.422279 0.473816 13
0.412853 4.345700 0.469481 13
0.368778 4.285970 0.419097 13
0.348681 4.215757 0.396215 13
0.382636 4.124720 0.435325 13
0.404162 4.039659 0.460170 13
0.352722 3.981159 0.401317 13
0.360970 3.901446 0.410919 13
0.379841 3.818922 0.432699 13
0.398184 3.737445 0.453864 13
0.373444 3.669264 0.425613 13
0.353800 3.599215 0.403200 13
0.330608 3.529755 0.376712 12
0.779970 3.344750 0.892144 2
0.539891 3.331038 0.616915 12
0.604496 3.245261 0.691089 12
0.725560 3.150388 0.829999 12
0.993642 3.032266 1.137489 12
1.011323 2.964579 1.157827 12
1.062208 2.892435 1.216234 12
1.054726 2.830059 1.207706 12
1.077557 2.763795 1.233932 12
1.028327 2.706229 1.177522 12
1.016204 2.643768 1.163657 12
1.027861 2.579113 1.177056 12
1.027350 2.515668 1.176495 12
0.913266 2.458080 1.045702 11
0.917031 2.392879 1.050035 11
0.906474 2.328133 1.037940 11
0.896000 2.263096 1.025935 11
0.916338 2.197984 1.049256 11
0.936499 2.133457 1.072368 11
0.945109 2.069079 1.082230 11
0.872361 2.000755 0.998798 11
0.773587 1.928540 0.885517 2
0.697724 1.855217 0.798501 10
0.690223 1.786110 0.789867 10
0.775403 1.726890 0.887501 2
0.811545 1.663968 0.928901 2
0.762320 1.590101 0.872407 10
0.629688 1.501799 0.720262 10
1.272961 1.540571 1.457852 9
1.549552 1.530866 1.774969 9
1.549351 1.474242 1.774679 9
1.505504 1.408144 1.724333 9
1.482840 1.345422 1.698272 9
1.564862 1.307350 1.792260 9
1.550543 1.246650 1.775760 9
1.560140 1.191876 1.786683 9
1.563916 1.135509 1.790925 9
1.563089 1.077646 1.789884 9
1.610347 1.034886 1.843987 9
1.576989 0.966364 1.805626 9
1.591315 0.913259 1.821950 9
1.607041 0.860847 1.839876 9
1.604221 0.801587 1.836525 9
1.638102 0.756509 1.875266 9
1.596193 0.680953 1.827067 9
1.622286 0.632873 1.856866 9
1.614560 0.570285 1.847865 9
1.196530 0.318461 1.368153 9
1.143153 0.226392 1.306752 9
1.170384 0.171850 1.337820 9
1.162535 0.099938 1.328636 9
1.193389 0.047627 1.363852 10
1.155022 -0.041576 1.319637 10
1.153093 -0.112208 1.317225 10
1.174506 -0.169997 1.341592 10
1.182764 -0.235358 1.350857 10
1.175815 -0.310216 1.342664 9
1.170546 -0.384811 1.336391 10
1.198674 -0.438712 1.368441 10
1.237365 -0.485262 1.412611 10
1.264112 -0.539154 1.443069 10
1.249565 -0.621413 1.426122 10
1.342672 -0.628134 1.532747 9
1.411383 -0.649996 1.611370 9
1.622865 -0.563172 1.853911 9
1.619309 -0.634195 1.849572 9
1.558528 -0.750962 1.779517 9
1.576425 -0.807436 1.799792 9
1.559390 -0.892711 1.779946 9
1.617889 -0.915793 1.846838 9
1.641263 -0.967653 1.873388 9
1.510440 -1.155190 1.722818 9
1.559431 -1.186804 1.778773 9
1.547053 -1.273816 1.764227 9
1.552312 -1.345635 1.769932 9
1.578538 -1.398020 1.799718 9
1.581942 -1.472678 1.803277 9
1.585923 -1.547599 1.807489 9
1.215883 6.148754 1.506998 5
1.212848 6.068705 1.503236 5
1.198128 6.000101 1.486405 5
1.178388 5.936314 1.463963 5
0.044179 5.776909 0.189998 7
0.201622 5.583084 0.366056 5
0.155501 5.524344 0.314102 5
0.204670 5.405993 0.368905 5
0.168498 5.341165 0.328108 5
0.154835 5.262662 0.312537 5
0.200984 5.150458 0.363988 5
0.205847 5.063099 0.369192 5
0.200800 4.981778 0.363299 5
0.222705 4.886910 0.387615 13
0.197711 4.816814 0.359385 13
0.275574 4.696505 0.446429 13
0.244189 4.630482 0.411052 13
0.292349 4.527850 0.464830 13
0.269968 4.458097 0.439557 13
0.280408 4.374221 0.451077 13
0.242689 4.310690 0.408623 13
0.259235 4.225158 0.427001 13
0.258341 4.147084 0.425838 13
0.258084 4.069127 0.425394 13
0.247675 3.995025 0.413578 13
0.267643 3.910914 0.435820 13
0.298056 3.824437 0.469780 13
0.306895 3.745659 0.479563 13
0.268176 3.680997 0.436034 13
0.254077 3.608798 0.420112 13
0.211001 3.543838 0.371710 13
0.852069 3.313322 1.090339 2
0.848828 3.247420 1.086621 2
0.867149 3.177066 1.107082 2
0.962163 3.092380 1.213538 12
0.954376 3.029309 1.204740 12
0.892787 2.975138 1.135622 12
0.952831 2.900782 1.202889 12
0.998840 2.830235 1.254426 12
0.979680 2.769164 1.232897 12
0.960668 2.707619 1.211538 12
0.959710 2.643912 1.210429 12
0.962853 2.579926 1.213922 12
0.904742 2.520082 1.148737 12
0.774030 2.462283 1.002149 6
0.817664 2.394442 1.051060 11
0.864103 2.327832 1.103122 11
0.871193 2.262868 1.111067 11
0.871720 2.198067 1.111658 11
0.852456 2.132846 1.090062 11
0.854864 2.067834 1.092773 11
0.895968 2.004819 1.138878 6
0.847874 1.937148 1.084971 2
0.837640 1.871042 1.073522 2
0.853324 1.807012 1.091140 2
0.837834 1.739974 1.073808 2
0.817955 1.671854 1.051560 2
0.684049 1.587354 0.901465 10
0.665462 1.516391 0.880678 10
1.207589 1.538329 1.488588 9
1.476101 1.526331 1.789707 9
1.537543 1.481447 1.858654 9
1.500763 1.417512 1.817480 9
1.461045 1.351678 1.773018 9
1.448543 1.291050 1.759075 9
1.488431 1.243251 1.803873 9
1.527337 1.196187 1.847574 9
1.519257 1.136690 1.838602 9
1.544969 1.086885 1.867518 9
1.554750 1.032614 1.878579 9
1.567904 0.979523 1.893425 9
1.553286 0.916994 1.877144 9
1.553188 0.859005 1.877144 9
1.565957 0.805587 1.891573 9
1.572344 0.749784 1.898852 9
1.514360 0.667696 1.833985 9
1.576427 0.634218 1.903683 9
1.082956 0.358988 1.350743 9
1.082948 0.291852 1.350893 9
1.084662 0.225136 1.352980 9
1.093995 0.161770 1.363609 9
1.091712 0.092458 1.361228 9
1.114596 0.035663 1.387056 10
1.086346 -0.048137 1.355589 9
1.073684 -0.124751 1.341599 10
1.121983 -0.167732 1.395919 10
1.094316 -0.253917 1.365130 10
1.119549 -0.309817 1.393617 10
1.126050 -0.376962 1.401122 9
1.128762 -0.446846 1.404389 10
1.124231 -0.521927 1.399549 10
1.154406 -0.574586 1.433593 10
1.186476 -0.625519 1.469763 10
1.223588 -0.672423 1.511584 9
1.302428 -0.688612 1.600141 9
1.365564 -0.714252 1.671109 9
1.503693 -0.681595 1.826054 9
1.520753 -0.738355 1.845420 9
1.556499 -0.780369 1.885716 9
1.557929 -0.849605 1.887594 9
1.578974 -0.903237 1.911438 9
1.548463 -1.000589 1.877573 9
1.549247 -1.072719 1.878751 9
1.552676 -1.143278 1.882899 9
1.510329 -1.256048 1.835822 9
1.491665 -1.349410 1.815266 9
1.521667 -1.398349 1.849179 9
1.517664 -1.479887 1.845048 9
1.115881 6.101800 1.517284 5
1.130346 6.006531 1.531996 5
1.030171 6.013006 1.421706 5
0.303662 5.644466 0.617805 5
0.269029 5.580991 0.579070 5
0.239363 5.513868 0.545780 5
0.225967 5.436274 0.530297 5
0.174603 5.382007 0.473311 5
0.107936 5.335750 0.399597 5
0.102438 5.252745 0.392802 5
0.054753 5.193770 0.339875 5
0.090392 5.088616 0.378134 5
0.101988 4.997860 0.390115 5
0.100696 4.914619 0.388016 13
0.115861 4.823730 0.403954 13
0.101714 4.747885 0.387831 13
0.157983 4.639454 0.448820 13
0.182738 4.547373 0.475339 13
0.190530 4.463852 0.483308 13
0.170256 4.392711 0.460564 13
0.190792 4.304973 0.482534 13
0.163814 4.236624 0.452484 13
0.184684 4.150075 0.474865 13
0.188119 4.070735 0.478169 13
0.193804 3.991080 0.483958 13
0.211773 3.907923 0.503229 13
0.240436 3.822290 0.534241 13
0.256395 3.741575 0.551353 13
0.181424 3.687220 0.468833 13
0.210070 3.603272 0.499887 13
0.818604 3.374216 1.166564 2
0.825264 3.306164 1.173598 2
0.823542 3.240374 1.171459 2
0.839767 3.170981 1.189012 2
0.913342 3.091120 1.269454 12
0.916136 3.026241 1.272319 12
0.904935 2.963895 1.259856 12
0.950106 2.892882 1.309214 12
0.920772 2.833423 1.276902 12
0.930745 2.768449 1.287700 12
0.915343 2.706580 1.270692 12
0.892896 2.645010 1.245972 12
0.855626 2.584036 1.205013 12
0.814234 2.522324 1.159548 11
0.841035 2.456073 1.188876 6
0.824792 2.392164 1.171017 11
0.793221 2.328149 1.136366 11
0.827723 2.262778 1.174186 11
0.819680 2.198095 1.165366 11
0.805270 2.133040 1.149579 11
0.829754 2.068944 1.176459 11
0.793224 2.002469 1.136447 6
0.829887 1.939613 1.176712 2
0.811906 1.873459 1.157072 2
0.783426 1.805751 1.125935 2
0.801514 1.742144 1.145878 2
0.827645 1.679945 1.174654 2
0.548028 1.576823 0.868207 10
1.135073 1.595865 1.512015 9
1.385175 1.576187 1.786379 9
1.472598 1.534450 1.882387 9
1.460201 1.475776 1.868969 9
1.476237 1.422527 1.886736 9
1.467169 1.364001 1.876996 9
1.432382 1.298944 1.839080 9
1.437179 1.242677 1.844568 9
1.481350 1.196874 1.893225 9
1.471661 1.137015 1.882863 9
1.460102 1.076111 1.870467 9
1.465796 1.020018 1.876993 9
1.510219 0.976500 1.925970 9
1.488010 0.911342 1.901947 9
1.502483 0.858334 1.918132 9
1.494538 0.797177 1.909771 9
1.517184 0.747329 1.934935 9
1.474127 0.671491 1.888146 9
0.988200 0.409339 1.356359 9
1.041244 0.364976 1.414904 9
1.004897 0.281847 1.375576 9
1.032846 0.227009 1.406667 9
0.995455 0.141339 1.366240 9
1.036295 0.092802 1.411475 9
1.086418 0.049872 1.466878 10
1.034668 -0.045569 1.410801 9
1.030387 -0.117357 1.406699 10
1.024438 -0.190694 1.400793 10
1.062807 -0.239220 1.443389 10
1.040727 -0.322774 1.419876 10
1.048016 -0.389721 1.428510 10
1.056591 -0.456171 1.438567 10
1.087870 -0.508328 1.473467 10
1.078844 -0.586566 1.464318 10
1.082088 -0.657422 1.468605 10
1.092323 -0.723946 1.480553 9
1.085962 -0.802552 1.474387 9
1.289833 -0.728997 1.697909 9
1.387645 -0.728006 1.805534 9
1.484304 -0.725079 1.911885 9
1.465599 -0.809523 1.892260 9
1.493043 -0.858430 1.923044 9
1.486680 -0.934706 1.916942 9
1.433340 -1.051270 1.859607 9
1.476247 -1.088250 1.907320 9
1.451624 -1.183464 1.881383 9
1.449222 -1.260579 1.879716 9
1.475286 -1.312642 1.909109 9
1.466371 -1.397192 1.900391 9
1.459838 -1.480730 1.894300 9
1.437294 -1.581045 1.870798 9
0.978980 6.254306 1.492822 5
1.059306 6.097570 1.576313 5
1.040427 6.032264 1.554511 5
0.964758 6.016117 1.472379 5
0.864981 6.018360 1.364600 5
0.273838 5.791839 0.722230 5
0.325697 5.669464 0.776012 5
0.244967 5.638005 0.688449 5
0.237173 5.557132 0.678695 5
0.218194 5.483780 0.657044 5
0.145336 5.443707 0.577914 5
0.002929 5.443652 0.424531 5
0.011001 5.351706 0.431819 5
-0.074011 5.313519 0.339722 5
-0.046389 5.211060 0.367965 5
-0.006204 5.103352 0.409685 5
-0.010762 5.020762 0.403640 5
0.010840 4.925388 0.425598 13
0.002353 4.845926 0.415430 13
0.035428 4.747047 0.449745 13
0.072115 4.648030 0.487974 13
0.158145 4.528789 0.579041 13
0.138939 4.457560 0.557571 13
0.089997 4.398415 0.504307 13
0.073407 4.325365 0.485688 13
0.129535 4.224462 0.544943 13
0.107021 4.154452 0.520050 13
0.131964 4.067437 0.546002 13
0.116665 3.995063 0.528896 13
0.177941 3.897900 0.593836 13
0.124951 3.837975 0.536423 13
0.147525 3.754670 0.559982 13
0.168542 3.672739 0.581908 13
0.738065 3.447138 1.191611 2
0.778766 3.370001 1.234758 2
0.778266 3.303914 1.233784 2
0.828422 3.226857 1.287131 2
0.761481 3.175515 1.214996 2
0.842020 3.094194 1.300973 12
0.891528 3.020831 1.353721 12
0.869913 2.960604 1.330249 12
0.852217 2.899309 1.311001 12
0.832675 2.837876 1.289797 12
0.828511 2.774150 1.285107 12
0.819009 2.710967 1.274717 12
0.820246 2.646615 1.275868 12
0.904725 2.575909 1.366313 12
0.743384 2.523262 1.193163 6
0.760781 2.457284 1.211719 11
0.760607 2.392456 1.211456 11
0.763926 2.327578 1.214966 11
0.767426 2.262810 1.218694 11
0.768324 2.198128 1.219657 6
0.746541 2.132985 1.196320 6
0.787683 2.069430 1.240495 6
0.780786 2.004635 1.233174 6
0.769535 1.939329 1.221209 2
0.755153 1.873411 1.205912 6
0.761600 1.808934 1.212978 2
0.767159 1.744471 1.219116 2
0.765785 1.679247 1.217847 2
0.519553 1.580997 0.954057 10
0.493484 1.508335 0.926375 10
1.395561 1.585900 1.893805 9
1.404861 1.530999 1.904040 9
1.369509 1.467693 1.866430 9
1.441274 1.425275 1.943667 9
1.429089 1.366295 1.930936 9
1.418588 1.307203 1.920035 9
1.421814 1.251058 1.923868 9
1.401040 1.188504 1.902007 9
1.418593 1.135816 1.921240 9
1.416869 1.077796 1.919840 9
1.397714 1.014157 1.899792 9
1.428590 0.965846 1.933360 9
1.392461 0.895640 1.895186 9
1.472789 0.865075 1.981748 9
1.460362 0.802640 1.969003 9
1.427118 0.731622 1.934003 9
0.963897 0.488775 1.438816 9
0.958784 0.420257 1.434062 9
0.961743 0.354686 1.437977 9
0.959508 0.286551 1.436363 9
0.956114 0.217443 1.433541 9
0.963198 0.152798 1.441954 9
0.994112 0.099613 1.475877 10
0.988053 0.028332 1.470291 10
0.986492 -0.041235 1.469546 9
0.945384 -0.132492 1.426573 10
0.979220 -0.184172 1.463721 10
0.980190 -0.253917 1.465781 10
1.000499 -0.312838 1.488525 10
0.972510 -0.400614 1.459727 10
0.998540 -0.456527 1.488637 10
1.019809 -0.515153 1.512488 10
1.034296 -0.578053 1.529128 10
1.014517 -0.663907 1.509248 10
0.995097 -0.750797 1.489798 10
1.220005 -0.667735 1.730852 9
1.207099 -0.748357 1.718369 9
1.347232 -0.717504 1.868976 9
1.394620 -0.752246 1.920750 9
1.420287 -0.802720 1.949403 9
1.396295 -0.892128 1.925220 9
1.472172 -0.902521 2.007356 9
1.434435 -1.004621 1.968629 9
1.310248 -1.181786 1.838048 9
1.345322 -1.227027 1.876882 9
1.388494 -1.264629 1.924336 9
1.393074 -1.336169 1.930809 9
1.370555 -1.433309 1.908553 9
1.380508 -1.501723 1.920822 9
0.898289 6.270568 1.529612 5
0.976365 6.116828 1.607874 5
0.978277 6.033119 1.607436 5
0.926997 5.995596 1.551963 5
0.788139 6.029911 1.405735 5
0.719512 6.002869 1.332251 5
0.381077 5.926005 0.971867 5
0.401903 5.824890 0.991305 5
0.394466 5.745289 0.981439 5
0.308889 5.720222 0.890353 5
0.224823 5.691978 0.800829 5
0.188957 5.629920 0.761469 5
0.166780 5.558593 0.736394 5
0.123697 5.500286 0.689585 5
0.019465 5.478461 0.579083 5
-0.270492 5.563965 0.274972 5
-0.260428 5.467823 0.283555 5
-0.264053 5.380323 0.277925 5
-0.172083 5.241258 0.372089 5
-0.147489 5.141329 0.396051 5
-0.150290 5.056805 0.391482 5
-0.077509 4.935112 0.465894 13
-0.098801 4.861578 0.442137 13
-0.099525 4.778285 0.439911 13
0.023829 4.639390 0.567404 13
0.074126 4.536606 0.618643 13
-0.029210 4.500552 0.509324 13
0.066364 4.380934 0.608022 13
0.042636 4.311306 0.582021 13
0.042359 4.232521 0.580591 13
0.047227 4.152234 0.584592 13
0.025704 4.081611 0.561018 13
0.031593 4.001575 0.566177 13
0.024991 3.926006 0.558307 13
0.071536 3.834418 0.606132 13
0.078702 3.755854 0.612774 13
0.037190 3.691144 0.568472 13
0.042476 3.613317 0.573229 13
0.716615 3.371370 1.278833 2
0.734774 3.300899 1.297255 2
0.721484 3.237975 1.282760 2
0.727326 3.170963 1.288351 6
0.727793 3.105299 1.288345 2
0.763338 3.033666 1.325150 12
0.788231 2.964891 1.350829 12
0.770549 2.903194 1.331908 12
0.733271 2.843718 1.292470 12
0.743212 2.777699 1.302579 12
0.757961 2.711552 1.317768 12
0.720752 2.650611 1.278501 12
0.808419 2.579127 1.370238 12
0.770842 2.518009 1.330654 12
0.677659 2.458603 1.232777 6
0.687291 2.393057 1.242775 6
0.707117 2.327595 1.263500 11
0.720347 2.262748 1.277342 11
0.736015 2.198292 1.293777 6
0.664691 2.132449 1.218998 6
0.679302 2.067595 1.234395 11
0.675522 2.002223 1.230535 6
0.704647 1.938770 1.261224 2
0.717820 1.874856 1.275216 6
0.712138 1.809539 1.269467 2
0.703031 1.743631 1.260162 2
0.668127 1.674322 1.223841 6
0.405486 1.573719 0.948757 10
1.009662 1.592825 1.582622 9
1.374157 1.590269 1.965134 9
1.338509 1.527879 1.928127 9
1.349150 1.473109 1.939679 9
1.348328 1.416178 1.939246 9
1.360274 1.361856 1.952226 9
1.415323 1.317706 2.010402 9
1.304571 1.234182 1.894875 9
1.345314 1.186746 1.938121 9
1.417799 1.149012 2.014637 9
1.352092 1.073220 1.946431 9
1.333641 1.009667 1.927764 9
1.398225 0.971772 1.996074 9
1.387441 0.910455 1.985497 9
1.388904 0.852836 1.987776 9
1.392995 0.795960 1.992840 9
1.353962 0.722689 1.952818 9
0.904857 0.487358 1.483909 9
0.889655 0.414768 1.469007 9
0.840779 0.327187 1.418942 9
0.892964 0.281913 1.474582 9
0.896772 0.215990 1.479680 9
0.899038 0.149081 1.483207 10
0.918098 0.089947 1.504317 10
0.909296 0.017118 1.496365 10
0.904274 -0.054470 1.492406 10
0.888515 -0.132338 1.477288 10
0.926931 -0.181650 1.518749 10
0.915860 -0.257965 1.508614 10
0.907329 -0.333660 1.501181 9
0.909086 -0.404044 1.504523 10
0.934182 -0.460692 1.532232 10
0.928148 -0.536529 1.527543 10
0.950784 -0.594735 1.552763 10
0.966475 -0.657346 1.570786 10
0.940653 -0.748045 1.545652 10
0.955732 -0.811947 1.563131 9
1.187556 -0.722402 1.805996 9
1.265638 -0.737146 1.888937 9
1.370679 -0.729809 1.999867 9
1.349533 -0.815422 1.979727 9
1.367370 -0.872111 2.000118 9
1.365266 -0.944725 1.999857 9
1.334311 -1.041602 1.969736 9
1.400567 -1.059458 2.040450 9
1.341063 -1.182581 1.980881 9
1.399930 -1.205836 2.043986 9
1.344054 -1.329542 1.988350 9
1.320633 -1.426768 1.966404 9
1.324450 -1.500544 1.972701 9
0.899998 6.129751 1.647317 5
0.894415 6.052510 1.638607 5
0.850481 6.008096 1.591253 5
0.743009 6.015079 1.479735 5
0.635969 6.018702 1.368597 5
0.481533 5.971294 1.206525 5
0.377050 5.965218 1.097860 5
0.347773 5.901203 1.065354 5
0.341687 5.820359 1.056405 5
0.384274 5.706030 1.096896 5
0.251379 5.713620 0.959422 5
0.249491 5.630264 0.954904 5
-0.296447 5.536395 0.387392 5
-0.311021 5.455250 0.370147 5
-0.289841 5.354489 0.389380 5
-0.270802 4.910561 0.398230 13
-0.398029 4.884158 0.266464 13
-0.303008 4.755238 0.361609 13
-0.175095 4.615452 0.490477 13
-0.156810 4.525571 0.507482 13
-0.129937 4.433205 0.533338 13
-0.054184 4.323125 0.609239 13
-0.059939 4.088346 0.599159 13
-0.052138 3.774706 0.602364 13
-0.080615 3.705411 0.572147 13
-0.063763 3.623909 0.588406 13
0.620352 3.380983 1.288313 2
0.615721 3.315241 1.282791 2
0.625706 3.246418 1.292293 2
0.616908 3.181823 1.282594 2
0.775681 3.085845 1.444709 12
0.716416 3.032139 1.383382 12
0.740201 2.963720 1.407237 12
0.718341 2.902709 1.384337 12
0.685123 2.842694 1.349831 12
0.686053 2.777860 1.350385 12
0.703730 2.711413 1.368160 12
0.678891 2.649346 1.342374 12
0.662483 2.586025 1.325276 12
0.584546 2.526126 1.245103 6
0.615545 2.458877 1.276724 11
0.600951 2.394091 1.261618 6
0.627709 2.328077 1.288979 11
0.682954 2.262621 1.345612 11
0.675657 2.198260 1.338125 11
0.591098 2.132098 1.251419 11
0.599524 2.066791 1.260153 11
0.603474 2.001472 1.264340 11
0.637784 1.938105 1.299716 2
0.640324 1.873227 1.302545 2
0.626040 1.806851 1.288162 2
0.617632 1.740616 1.279853 2
0.467953 1.657501 1.126704 6
0.352013 1.574565 1.008226 10
0.959331 1.593162 1.631450 9
1.303512 1.586717 1.984799 9
1.266194 1.523810 1.947006 9
1.315100 1.475846 1.997646 9
1.326990 1.421686 2.010375 9
0.399596 1.165939 1.060579 10
1.310855 1.304801 1.995044 9
1.267083 1.237105 1.950865 9
1.242446 1.172919 1.926343 9
0.870369 1.013570 1.546055 9
1.349296 1.086469 2.037306 9
1.344629 1.027808 2.033351 9
1.319968 0.962518 2.008974 9
1.305375 0.899601 1.994954 9
1.296189 0.837882 1.986515 9
1.288837 0.776301 1.980000 9
1.341588 0.736617 2.034989 9
0.830725 0.480156 1.513839 9
0.814678 0.407085 1.498708 9
0.823389 0.343517 1.508932 9
0.822364 0.275662 1.509258 9
0.886717 0.236589 1.576392 9
0.812056 0.134953 1.501641 10
0.848656 0.083678 1.540524 10
0.897197 0.038980 1.591615 10
0.826477 -0.065106 1.521117 10
0.838836 -0.128407 1.535411 9
0.856559 -0.188891 1.555219 10
0.872643 -0.250198 1.573399 10
0.854415 -0.331011 1.556690 10
0.853684 -0.402664 1.557863 10
0.864417 -0.467970 1.570759 10
0.848140 -0.550131 1.556243 10
0.906200 -0.586306 1.617354 10
0.900924 -0.662297 1.614132 10
0.882874 -0.747553 1.598011 10
0.920596 -0.795951 1.638571 9
1.104321 -0.741631 1.827252 9
1.139425 -0.788183 1.865134 9
1.318467 -0.728660 2.048883 9
1.333008 -0.787063 2.065912 9
1.242118 -0.926539 1.976286 9
1.280284 -0.968540 2.017371 9
1.281190 -1.039809 2.020812 9
1.299582 -1.097417 2.041988 9
1.223292 -1.234510 1.967624 9
1.218951 -1.313497 1.966024 9
1.129972 -1.467530 1.879174 9
1.261081 -1.428975 2.014260 9
1.260242 -1.506792 2.016399 9
0.800713 6.245344 1.668982 5
0.837210 6.130539 1.700990 5
0.790033 6.088658 1.650897 5
0.789310 6.007505 1.646533 5
0.677615 6.016995 1.532990 5
0.566866 6.022618 1.420306 5
0.447385 6.031955 1.298942 5
0.388344 5.992192 1.237149 5
0.429857 5.876754 1.274678 5
0.369584 5.837127 1.211763 5
0.310549 5.795345 1.150085 5
0.270855 5.738980 1.107563 5
0.207735 5.697798 1.041883 5
-0.404445 5.647345 0.419191 5
-0.395425 5.551651 0.425138 5
-0.410939 5.470668 0.406796 5
-1.542770 5.999856 -0.721765 5
-0.428759 3.781071 0.347732 3
0.558205 3.382160 1.333887 2
0.507960 3.326673 1.282607 2
0.497080 3.261619 1.270813 2
0.443018 3.205006 1.215794 2
0.624436 3.103598 1.396860 12
0.674934 3.029708 1.446784 12
0.655268 2.968362 1.426425 12
0.645904 2.905124 1.416445 12
0.645053 2.840640 1.415056 12
0.586790 2.782887 1.356136 12
0.610702 2.715235 1.379689 12
0.631728 2.648574 1.400407 12
0.623933 2.584715 1.392265 12
0.617063 2.520646 1.385105 12
0.487943 2.462260 1.255336 11
0.469351 2.396638 1.236515 11
0.470709 2.330130 1.237768 11
0.473088 2.263669 1.240100 6
0.470230 2.197243 1.237232 11
0.585022 2.133133 1.352472 11
0.567570 2.067634 1.335068 11
0.567231 2.002447 1.334890 2
0.586576 1.938418 1.354517 2
0.426775 1.861454 1.194463 2
0.364137 1.788670 1.131959 2
0.540009 1.738473 1.308775 2
0.498093 1.667768 1.267170 2
0.219006 1.565096 0.987762 10
0.205503 1.492711 0.974806 10
1.240973 1.584530 2.013703 9
1.239681 1.527669 2.012971 9
1.285381 1.479327 2.059392 9
0.296200 1.226796 1.068647 10
0.916999 1.288446 1.691601 9
1.164370 1.282714 1.940255 9
1.205830 1.234265 1.982606 9
1.209299 1.177151 1.986944 9
1.245887 1.128831 2.024490 9
1.283766 1.081713 2.063363 9
1.283518 1.024168 2.064112 9
1.225093 0.948344 2.006703 9
1.254821 0.899259 2.037553 9
1.246163 0.837777 2.030053 9
1.258425 0.783193 2.043524 9
1.294149 0.737332 2.080488 9
0.741727 0.467471 1.529896 9
0.750924 0.404067 1.540624 9
0.760947 0.340943 1.552233 9
0.745673 0.266996 1.538650 9
0.798154 0.222106 1.592736 9
0.744948 0.130256 1.541450 10
0.819893 0.096732 1.618017 10
0.835478 0.036238 1.635439 10
0.770029 -0.064758 1.572205 9
0.757843 -0.140692 1.562121 10
0.782058 -0.198111 1.588338 10
0.813255 -0.251429 1.621547 10
0.756346 -0.353768 1.567209 10
0.791402 -0.405256 1.604374 10
0.783305 -0.481756 1.598722 10
0.791847 -0.548903 1.609668 10
0.827929 -0.599109 1.647998 10
0.832603 -0.668854 1.655226 10
0.825673 -0.746652 1.651026 10
0.890473 -0.776951 1.717942 9
1.119425 -0.692453 1.947300 9
1.160670 -0.733632 1.990811 9
1.199057 -0.776113 2.031521 9
1.155722 -0.878429 1.991547 9
1.197742 -0.918219 2.035951 9
1.226997 -0.967121 2.067788 9
1.230397 -1.036171 2.074185 9
1.227000 -1.111309 2.073968 9
0.949056 -1.414420 1.803710 9
0.990901 -1.457957 1.848373 9
1.108343 -1.435544 1.967322 9
1.144168 -1.481633 2.006066 9
1.184138 -1.523516 2.048909 9
1.165367 -1.618744 2.034229 9
0.738689 6.079540 1.716298 5
0.727361 6.007497 1.701185 5
0.614705 6.016807 1.588905 5
0.526568 6.003851 1.500094 5
0.414818 6.006713 1.388538 5
0.461191 5.888367 1.429080 5
0.409888 5.843711 1.375729 5
0.346773 5.806515 1.311016 5
0.247566 5.793130 1.211496 5
-0.492240 5.655788 0.469935 5
-0.545049 5.595355 0.415176 5
-0.540277 5.501973 0.416354 5
-1.522956 5.942247 -0.541415 5
-0.142913 3.383711 0.751588 12
0.011624 3.278115 0.901951 12
0.563136 3.104513 1.441580 12
0.567919 3.038382 1.445447 12
0.538132 2.977881 1.415481 12
0.545367 2.911451 1.421881 12
0.559091 2.844500 1.434710 12
0.564918 2.778926 1.439860 12
0.539905 2.716715 1.414818 12
0.593081 2.647068 1.466552 12
0.607222 2.581813 1.480054 12
0.570048 2.520103 1.443264 12
0.459666 2.460886 1.334690 11
0.431015 2.395987 1.306381 11
0.424923 2.329891 1.300273 11
0.409262 2.263711 1.284838 11
0.429835 2.197359 1.305030 11
0.409719 2.130734 1.285351 11
0.500424 2.067277 1.374498 11
0.495426 2.001729 1.369784 11
0.200339 1.918449 1.080465 10
0.136453 1.844279 1.018114 10
0.210804 1.780419 1.091474 10
0.193163 1.709200 1.074638 10
0.169158 1.636690 1.051631 10
0.092567 1.556700 0.977119 10
0.111097 1.487992 0.995983 10
1.189845 1.584176 2.054536 9
1.166976 1.523653 2.032773 9
1.213453 1.475039 2.079050 9
0.854668 1.348109 1.728186 9
0.853472 1.286225 1.727909 9
0.996412 1.256363 1.868896 9
1.149349 1.232641 2.019673 9
1.163291 1.178070 2.034334 9
1.184231 1.125561 2.055899 9
1.173773 1.064692 2.046783 9
1.143986 0.997675 2.018821 9
1.203063 0.956874 2.077854 9
1.152903 0.882469 2.030101 9
1.245142 0.854109 2.121629 9
1.177477 0.772303 2.056914 9
0.710522 0.543273 1.602303 9
0.674380 0.463295 1.568737 9
0.715212 0.412141 1.610396 9
0.663232 0.324130 1.561548 9
0.697757 0.270682 1.597173 9
0.697469 0.202732 1.598908 9
0.698805 0.135142 1.602300 10
0.764805 0.097267 1.668738 10
0.758187 0.026133 1.664508 10
0.728539 -0.056985 1.637956 9
0.716616 -0.132377 1.628746 10
0.723039 -0.198940 1.637456 10
0.729364 -0.265811 1.646146 10
0.682933 -0.362231 1.603701 10
0.714371 -0.416150 1.636933 10
0.728540 -0.479715 1.653471 10
0.706719 -0.565000 1.635208 10
0.733657 -0.621414 1.664269 10
0.737313 -0.692264 1.670858 10
0.852045 -0.691490 1.784929 9
0.890441 -0.738376 1.825176 9
0.954679 -0.767006 1.890410 9
1.143383 -0.707319 2.075716 9
1.160002 -0.764904 2.094943 9
1.179099 -0.820734 2.116621 9
1.157063 -0.907297 2.098775 9
1.098658 -1.023052 2.046086 9
1.125354 -1.074968 2.075350 9
1.178598 -1.105457 2.130147 9
1.136456 -1.212663 2.093480 9
1.124606 -1.296828 2.086012 9
1.096210 -1.396268 2.062836 9
1.114126 -1.457249 2.084100 9
1.080507 -1.564151 2.056217 9
0.579223 6.159536 1.680410 5
0.639915 6.027945 1.732188 5
0.581688 5.992981 1.672959 5
0.460541 6.005342 1.554812 5
0.439720 5.938693 1.530616 5
0.381729 5.899528 1.471622 5
0.237666 5.921257 1.331795 5
0.196172 5.866690 1.288275 5
0.132919 5.826475 1.224329 5
-0.687155 5.818825 0.424407 5
-0.567436 5.656664 0.533483 5
-0.628457 5.600612 0.471663 5
-1.573322 6.027749 -0.427815 5
-1.691533 5.986399 -0.544357 5
-0.283002 3.399296 0.736801 12
-0.175792 3.302224 0.838282 12
0.439889 3.116558 1.427303 12
0.459820 3.047021 1.445461 12
0.449908 2.982730 1.435082 12
0.455628 2.916107 1.439768 12
0.528701 2.841226 1.509138 12
0.538934 2.775513 1.518312 12
0.522611 2.712812 1.502081 12
0.497461 2.650516 1.477448 12
0.158156 2.610598 1.151388 12
0.440320 2.524517 1.421818 12
0.334671 2.464038 1.320123 11
0.341892 2.397036 1.326833 11
0.361007 2.330016 1.345034 11
0.328799 2.263861 1.314043 11
0.328933 2.197071 1.314172 11
0.418711 2.132065 1.400424 11
0.393998 2.065626 1.376848 11
0.230966 1.992068 1.220585 11
0.078172 1.914746 1.074239 10
-0.001403 1.838662 0.998259 10
-0.002201 1.767206 0.997968 10
0.064273 1.702370 1.062303 10
-0.000435 1.624376 1.000849 10
0.009042 1.553942 1.010653 10
0.077781 1.491945 1.077373 10
1.050248 1.570273 2.010774 9
1.105031 1.521538 2.064066 9
1.142182 1.470983 2.100500 9
1.166344 1.418789 2.124535 9
0.926989 1.312484 1.896139 9
1.017461 1.272394 1.983862 9
1.126838 1.239038 2.089714 9
1.144406 1.185717 2.107678 9
1.167425 1.134131 2.130916 9
1.108921 1.060530 2.076207 9
1.138799 1.010696 2.106136 9
1.176098 0.963731 2.143211 9
1.179685 0.906899 2.148106 9
1.136913 0.834602 2.108776 9
1.121835 0.770427 2.095996 9
0.626890 0.533333 1.625206 9
0.632334 0.468691 1.632377 9
0.626157 0.399401 1.628541 9
0.648320 0.340997 1.651809 9
0.610702 0.258044 1.618177 9
0.640244 0.202556 1.648626 9
0.640259 0.134437 1.651026 10
0.676040 0.082370 1.687536 10
0.701761 0.026200 1.714531 10
0.631401 -0.076535 1.650284 9
0.677701 -0.123056 1.696994 10
0.674152 -0.194453 1.696430 9
0.666435 -0.268617 1.692009 10
0.667045 -0.338905 1.695583 10
0.663529 -0.411971 1.695343 10
0.646698 -0.493335 1.682602 10
0.647336 -0.565349 1.686503 10
0.649157 -0.637147 1.691621 10
0.677881 -0.692617 1.722242 10
0.789227 -0.694808 1.830877 9
0.854560 -0.724256 1.896064 9
0.869670 -0.785973 1.913942 9
0.972795 -0.787186 2.014729 9
1.105466 -0.764832 2.143224 9
1.097615 -0.840096 2.139591 9
1.126727 -0.888963 2.170765 9
1.121520 -0.963387 2.169815 9
1.104711 -1.047585 2.158118 9
1.097866 -1.125173 2.155886 9
1.058296 -1.230050 2.123195 9
1.070515 -1.294410 2.139050 9
1.034154 -1.399911 2.109698 9
1.074961 -1.441268 2.152419 9
1.043673 -1.545108 2.128106 9
0.524142 6.152585 1.744326 5
0.572074 6.032183 1.782459 5
0.540893 5.975736 1.748699 5
0.405706 5.998182 1.620052 5
0.410075 5.912959 1.618821 5
0.300452 5.911637 1.513424 5
-0.728287 5.891476 0.527774 5
-0.738341 5.804499 0.513637 5
-0.684071 5.681119 0.559057 5
-0.863628 5.690096 0.388482 5
-1.589274 5.989956 -0.287580 5
-0.095269 3.347321 1.032556 2
-0.194112 3.293365 0.938575 2
0.387500 3.115680 1.482468 12
0.422992 3.043691 1.514679 12
0.381033 2.984518 1.474357 12
0.370123 2.920056 1.463225 12
0.355822 2.855840 1.448991 12
0.345892 2.790856 1.438937 12
0.446152 2.714825 1.532363 12
0.445692 2.650128 1.531369 12
0.440536 2.585825 1.526048 12
0.311068 2.528795 1.404118 12
0.274821 2.464118 1.369761 11
0.290769 2.396810 1.384484 11
0.273848 2.330595 1.368433 11
0.265768 2.263893 1.360764 11
0.239619 2.196866 1.336214 11
0.264338 2.130149 1.359505 11
0.250524 2.062799 1.346702 11
0.135043 1.990384 1.238545 11
-0.049974 1.910781 1.065212 10
-0.068891 1.838269 1.047899 2
-0.083316 1.765581 1.034892 2
-0.006554 1.701436 1.107548 2
-0.112336 1.618811 1.008999 10
-0.075859 1.551089 1.044025 10
-0.110087 1.474443 1.012813 10
1.033760 1.575367 2.086463 9
1.042097 1.519323 2.095134 9
1.050063 1.463322 2.103525 9
1.008124 1.397850 2.065220 9
0.942169 1.326202 2.004508 9
0.989084 1.277284 2.049620 9
1.060633 1.235182 2.117848 9
1.046808 1.173906 2.106196 9
1.101556 1.129829 2.158792 9
1.093859 1.070050 2.153018 9
1.099255 1.013616 2.159566 9
1.106523 0.957689 2.167938 9
1.045530 0.880366 2.112607 9
1.066934 0.828092 2.134349 9
1.126460 0.789169 2.191737 9
0.557680 0.528781 1.662951 9
0.549954 0.459130 1.657967 9
0.587712 0.406368 1.695474 9
0.570717 0.332638 1.682031 9
0.566550 0.263375 1.680642 9
0.605055 0.211794 1.719057 9
0.533496 0.112616 1.655174 10
0.614608 0.080276 1.733352 10
0.628668 0.018514 1.749257 10
0.563475 -0.081468 1.691686 9
0.575284 -0.145474 1.705716 10
0.598187 -0.203878 1.730115 9
0.606303 -0.269826 1.740890 10
0.575185 -0.357221 1.715452 10
0.554365 -0.440281 1.699685 10
0.583989 -0.495626 1.730666 10
0.558772 -0.582742 1.711083 10
0.596259 -0.633406 1.749488 10
0.630992 -0.685151 1.785408 9
0.803496 -0.649202 1.948228 9
0.838551 -0.697538 1.984435 9
0.955583 -0.690893 2.096025 9
1.036414 -0.705723 2.174281 9
1.028023 -0.780633 2.170675 9
1.069704 -0.820745 2.213071 9
1.053488 -0.902272 2.202518 9
1.039329 -0.983417 2.193997 9
1.045373 -1.050290 2.204072 9
0.961963 -1.187218 2.132682 9
0.971203 -1.254000 2.145989 9
0.999581 -1.305646 2.176815 9
1.011100 -1.371032 2.192392 9
0.981363 -1.471698 2.170645 9
0.547320 6.082996 1.877444 5
0.543036 6.005765 1.867652 5
0.475997 5.977343 1.802227 5
0.326862 6.009148 1.663731 5
0.302593 5.945010 1.636317 5
-0.838632 5.912113 0.563218 5
-0.785148 5.787894 0.606016 5
-0.841870 5.728124 0.549666 5
-0.916817 5.677306 0.476921 5
-1.686707 5.996561 -0.223700 5
-0.052257 3.325823 1.185427 2
-0.041683 3.252350 1.193648 2
0.293185 3.122187 1.499217 12
0.432179 3.032917 1.625463 12
0.321527 2.984844 1.522928 12
0.350642 2.914870 1.548638 12
0.306906 2.854776 1.507617 12
0.303570 2.789167 1.503741 12
0.343706 2.719317 1.539852 12
0.369893 2.651770 1.563260 12
0.322995 2.590195 1.519675 12
0.190300 2.532473 1.397408 11
0.141032 2.467552 1.351805 11
0.278752 2.395314 1.477976 11
0.244834 2.330025 1.446651 11
0.212052 2.263863 1.416459 11
0.206186 2.197030 1.411073 11
0.203036 2.130091 1.408272 11
0.205704 2.063244 1.410905 11
0.141616 1.993406 1.352342 11
-0.029828 1.915586 1.195322 2
-0.056469 1.843608 1.171348 2
-0.022093 1.776033 1.203479 2
-0.042656 1.703924 1.185282 2
-0.264963 1.608883 0.982073 10
-0.305961 1.530360 0.945367 10
-0.245099 1.464586 1.002207 10
0.946581 1.569767 2.096123 9
0.966395 1.515095 2.115241 9
0.956092 1.455527 2.106825 9
0.962023 1.398639 2.113372 9
0.974186 1.343039 2.125707 9
1.003517 1.291325 2.153839 9
0.995343 1.231647 2.147700 9
0.980110 1.169882 2.135189 9
1.019794 1.121588 2.173010 9
1.039651 1.068841 2.192755 9
1.020618 1.005449 2.177023 9
1.007731 0.943167 2.167005 9
1.037616 0.893572 2.196144 9
1.055029 0.840540 2.213958 9
1.008579 0.766240 2.173581 9
1.064341 0.726265 2.226534 9
0.476706 0.453162 1.693192 9
0.503472 0.395900 1.720137 9
0.494707 0.325145 1.714815 9
0.478684 0.250883 1.703002 9
0.503743 0.193095 1.728660 9
0.503407 0.124644 1.731323 10
0.558390 0.080622 1.784312 10
0.552451 0.009622 1.782070 10
0.491473 -0.088168 1.730052 10
0.550370 -0.129232 1.786811 10
0.483010 -0.232841 1.729327 9
0.537259 -0.275577 1.782029 9
0.540021 -0.344705 1.788244 10
0.474120 -0.451943 1.732585 10
0.495129 -0.512552 1.755539 10
0.508530 -0.577436 1.771724 10
0.537864 -0.632951 1.802352 9
0.595859 -0.670629 1.858828 9
0.756511 -0.642925 2.007549 9
0.855636 -0.650218 2.100875 9
0.957661 -0.653083 2.196732 9
0.962693 -0.718430 2.205656 9
0.992783 -0.766958 2.237106 9
1.003460 -0.828751 2.251274 9
0.964163 -0.926726 2.220956 9
0.989409 -0.979124 2.248375 9
0.969702 -1.065112 2.235859 9
0.916201 -1.178349 2.193489 9
0.917392 -1.251123 2.199933 9
0.914586 -1.327761 2.202974 9
0.865186 -1.443341 2.164928 9
0.959538 -1.441271 2.254207 9
0.390058 6.240500 1.857885 5
0.388561 6.158997 1.849748 5
0.383659 6.080860 1.838840 5
0.401599 5.986001 1.847877 5
0.353396 5.941535 1.799747 5
0.156865 6.003906 1.622799 5
-0.848974 5.966160 0.694342 5
-0.911012 5.909851 0.633833 5
-0.864166 5.790026 0.669141 5
-1.036389 5.794373 0.511839 5
-1.636238 6.026472 -0.022459 5
-1.730828 5.974729 -0.111910 5
-0.139989 3.402932 1.218853 2
-0.064928 3.315936 1.284358 2
-0.160738 3.263061 1.196926 2
-0.103061 3.181112 1.247110 2
0.201515 3.061021 1.518773 12
0.273727 2.983408 1.582323 12
0.274917 2.917387 1.582305 12
0.278462 2.851215 1.584500 12
0.304347 2.782787 1.606841 12
0.298393 2.718184 1.600715 12
0.330545 2.650317 1.628890 12
0.177951 2.596402 1.491323 12
0.127605 2.532703 1.445622 12
0.062228 2.468431 1.386518 11
0.049272 2.400831 1.374578 11
0.092771 2.331836 1.413435 11
0.146349 2.263910 1.461446 11
0.131143 2.196923 1.447791 11
0.090641 2.129054 1.411522 11
0.080305 2.061097 1.402444 11
-0.052067 1.987361 1.283895 11
-0.046983 1.918133 1.288877 2
-0.083600 1.846041 1.256528 2
-0.063932 1.777650 1.274811 2
-0.110827 1.703277 1.233459 2
-0.600973 1.579140 0.794498 10
-0.582069 1.504490 0.812496 10
-0.587412 1.426940 0.808856 10
0.902677 1.570722 2.146313 9
0.941031 1.519094 2.181737 9
0.912485 1.456701 2.157271 9
0.922749 1.400711 2.167682 9
0.925895 1.343433 2.171801 9
0.904965 1.280963 2.154450 9
0.929414 1.228075 2.177820 9
0.920874 1.167766 2.171748 9
0.932399 1.112140 2.183718 9
0.963820 1.061936 2.213556 9
0.963175 1.003423 2.214810 9
0.968365 0.946407 2.221369 9
0.911960 0.870471 2.173038 9
0.948235 0.822419 2.207535 9
0.906019 0.748981 2.172110 9
0.977231 0.713471 2.237897 9
0.538411 0.495978 1.849512 10
0.407182 0.381220 1.735464 9
0.430713 0.322535 1.759318 9
0.426942 0.253230 1.758992 9
0.468896 0.202474 1.799393 9
0.434783 0.119918 1.772349 10
0.507392 0.083331 1.840104 10
0.491118 0.007802 1.829119 10
0.413001 -0.097693 1.763525 10
0.445328 -0.152195 1.795864 10
0.416203 -0.236881 1.773966 10
0.466056 -0.282232 1.821974 10
0.486387 -0.342177 1.843984 10
0.460810 -0.426905 1.825628 10
0.413334 -0.525054 1.788167 10
0.558490 -0.514826 1.920340 9
0.585488 -0.570171 1.948569 9
0.657663 -0.598006 2.016525 9
0.671823 -0.659990 2.033618 9
0.894563 -0.590167 2.233438 9
0.929568 -0.635663 2.268751 9
0.937679 -0.698442 2.280632 9
0.913615 -0.783345 2.264563 9
0.886777 -0.871485 2.246268 9
0.910920 -0.924855 2.272529 9
0.928761 -0.982633 2.293399 9
0.926600 -1.055296 2.297017 9
0.881436 -1.161267 2.263537 9
0.844561 -1.262948 2.237494 9
0.867265 -1.319399 2.263159 9
0.812388 -1.438463 2.222027 9
0.812054 -1.515128 2.228165 9
0.250929 6.133551 1.837058 5
0.310129 6.007100 1.879898 5
0.204769 6.003833 1.783939 5
0.122647 5.981274 1.707559 5
-0.891538 6.039054 0.796506 5
-0.957326 5.985457 0.733513 5
-0.961087 5.894588 0.723751 5
-1.023101 5.837190 0.664167 5
-1.681575 6.107224 0.092094 5
-1.676788 6.002995 0.089539 5
-1.815708 5.974584 -0.036566 5
-0.286732 3.420689 1.200364 6
-0.102745 3.311218 1.359579 2
-0.118916 3.243722 1.343697 2
0.060030 3.142360 1.498900 12
0.070458 3.072599 1.506602 12
0.068090 3.005108 1.503204 12
0.121217 2.930254 1.548586 12
0.108789 2.864793 1.536596 12
0.073530 2.801579 1.504678 12
0.088706 2.732740 1.517119 12
0.161552 2.659598 1.580295 12
0.145330 2.594602 1.565408 12
0.112303 2.530210 1.535873 12
-0.020036 2.469437 1.419239 11
0.003076 2.400400 1.439201 11
0.006161 2.332357 1.441688 11
0.041834 2.264201 1.472905 11
-0.058115 2.196095 1.385132 11
-0.079399 2.126944 1.366554 11
-0.101143 2.057222 1.347684 11
-0.178192 1.984462 1.280370 6
-0.110441 1.917986 1.340311 2
-0.158509 1.845091 1.298680 2
-0.118148 1.778221 1.334791 2
-0.178688 1.702688 1.282456 2
0.864462 1.514864 2.202588 9
0.845886 1.453912 2.187530 9
0.872936 1.400809 2.212547 9
0.868668 1.342076 2.210219 9
0.870942 1.284477 2.213718 9
0.868267 1.225683 2.212983 9
0.835223 1.159470 2.185788 9
0.870387 1.109283 2.218345 9
0.894522 1.056941 2.241336 9
0.937295 1.010198 2.280683 9
0.860654 0.929832 2.215860 9
0.853882 0.868384 2.212164 9
0.866054 0.812528 2.225095 9
0.835042 0.742557 2.200490 9
0.856583 0.689526 2.221786 9
0.555751 0.522071 1.962647 9
0.447916 0.417557 1.871803 10
0.460895 0.356110 1.886189 10
0.421636 0.273998 1.855323 10
0.415599 0.204129 1.853453 10
0.373706 0.118565 1.820633 10
0.490814 0.101109 1.925716 10
0.427892 0.005237 1.874955 10
0.362510 -0.093898 1.822292 10
0.385248 -0.152983 1.845982 10
0.373552 -0.228826 1.840051 10
0.360341 -0.306180 1.832970 10
0.389252 -0.362345 1.862324 10
0.385850 -0.435457 1.863966 9
0.466603 -0.462757 1.938071 9
0.489791 -0.520733 1.962750 9
0.552795 -0.555408 2.021661 9
0.624635 -0.583462 2.088152 9
0.657177 -0.633845 2.121025 9
0.871869 -0.569980 2.309553 9
0.859091 -0.645692 2.303708 9
0.891431 -0.692757 2.336469 9
0.861833 -0.780877 2.316610 9
0.813654 -0.883196 2.281186 9
0.797172 -0.965354 2.272918 9
0.820532 -1.020058 2.298590 9
0.794869 -1.110554 2.282905 9
0.789754 -1.187113 2.284798 9
0.727699 -1.308029 2.238881 9
0.715954 -1.392344 2.235638 9
0.756469 -1.436075 2.276498 9
0.093364 6.203535 1.818176 5
0.157625 6.072658 1.863234 5
0.140636 6.003314 1.841723 5
0.000132 6.021582 1.718398 5
-1.070403 6.006942 0.770459 5
-1.066422 5.911242 0.766721 5
-1.072933 5.822148 0.754404 5
-1.627852 6.032040 0.282327 5
-1.735570 5.989611 0.184841 5
-0.335443 3.417561 1.269375 6
-0.229237 3.323936 1.358259 2
-0.224168 3.251703 1.360731 2
-0.084243 3.156785 1.478868 12
-0.033463 3.079616 1.520815 12
0.064185 2.997073 1.603091 12
-0.017072 2.940777 1.532123 12
0.065018 2.862996 1.601346 12
0.010886 2.801952 1.553851 12
0.057849 2.730090 1.593207 12
0.064068 2.662816 1.597727 12
0.049614 2.597192 1.584619 12
-0.123000 2.540201 1.435844 11
-0.188252 2.474193 1.379336 11
-0.182394 2.404347 1.384000 11
-0.067278 2.332615 1.482608 11
-0.100479 2.264722 1.453978 11
-0.110935 2.196143 1.444999 11
-0.140038 2.126945 1.420128 11
-0.150835 2.057575 1.411100 11
-0.157411 1.988094 1.405817 11
-0.207779 1.915936 1.363060 2
-0.177729 1.848024 1.389468 2
-0.147280 1.780844 1.416333 2
-0.209167 1.705656 1.364076 2
-0.310185 1.624644 1.278392 6
0.749358 1.563136 2.190474 9
0.845075 1.519762 2.273731 9
0.805443 1.455664 2.241081 9
0.833360 1.402805 2.266407 9
0.819720 1.342397 2.256244 9
0.794276 1.279045 2.236093 9
0.796388 1.221000 2.239636 9
0.825975 1.169295 2.266774 9
0.870430 1.121867 2.306698 9
0.858496 1.060751 2.298530 9
0.837920 0.996787 2.283103 9
0.819747 0.932787 2.269855 9
0.810944 0.870919 2.264724 9
0.863277 0.827704 2.311801 9
0.838477 0.760544 2.293258 9
0.734846 0.665805 2.207782 9
0.839806 0.641489 2.299897 9
0.868137 0.591726 2.326892 9
0.338132 0.331073 1.879998 10
0.341531 0.265029 1.886390 10
0.343351 0.198127 1.891572 9
0.302235 0.112956 1.860529 10
0.426724 0.097988 1.969776 10
0.375281 0.007542 1.930275 10
0.304700 -0.093481 1.874837 9
0.342867 -0.145284 1.911381 10
0.320671 -0.225868 1.897142 9
0.306185 -0.303604 1.889577 10
0.350626 -0.351760 1.931724 9
0.377635 -0.408332 1.959295 9
0.413082 -0.459984 1.994039 9
0.502058 -0.481165 2.073699 9
0.489447 -0.558474 2.068336 9
0.614369 -0.555791 2.178059 9
0.752812 -0.541798 2.298935 9
0.777302 -0.594540 2.324698 9
0.818089 -0.636751 2.364115 9
0.818916 -0.704102 2.370386 9
0.822845 -0.769895 2.379383 9
0.749414 -0.888495 2.324458 9
0.766338 -0.947323 2.344601 9
0.697063 -1.067235 2.293706 9
0.726846 -1.118226 2.324808 9
0.721905 -1.194575 2.327431 9
0.667156 -1.309328 2.289346 9
0.669057 -1.382808 2.298040 9
0.698829 -1.434972 2.329715 9
0.093469 6.071944 1.921459 5
0.053811 6.018880 1.881592 5
-0.014430 5.985267 1.818818 5
-0.128609 5.981668 1.719025 5
-1.143297 6.004442 0.842051 5
-1.184753 5.934728 0.800665 5
-1.493707 6.012157 0.540751 5
-1.614249 5.980068 0.434585 5
-0.310526 3.399272 1.399734 2
-0.300489 3.325638 1.405990 2
-0.242570 3.243750 1.452480 2
-0.323138 3.186798 1.383156 6
-0.127110 3.084849 1.545660 12
-0.141982 3.018173 1.531652 12
-0.118024 2.946161 1.550320 12
-0.131095 2.879232 1.538078 12
-0.165115 2.814287 1.508387 12
-0.181787 2.746958 1.493368 12
-0.209208 2.680157 1.469453 12
-0.074883 2.601681 1.581416 12
-0.171162 2.539498 1.499964 12
-0.222193 2.472997 1.456608 11
-0.246336 2.404427 1.435948 11
-0.252974 2.334956 1.430114 11
-0.275586 2.265434 1.410997 11
-0.287099 2.195425 1.401330 6
-0.281486 2.125444 1.406174 11
-0.315946 2.054342 1.377504 6
-0.258275 1.986365 1.426316 6
-0.299180 1.914274 1.392502 2
-0.241905 1.847832 1.441232 2
-0.224802 1.779513 1.456367 2
-0.320947 1.700991 1.376612 6
-0.373489 1.624606 1.333599 6
0.795796 1.577141 2.317622 9
0.649038 1.497045 2.195946 9
0.608186 1.430992 2.163169 9
0.661468 1.380833 2.209342 9
0.729586 1.334767 2.268007 9
0.703187 1.270791 2.247675 9
0.748134 1.221629 2.287127 9
0.758855 1.165530 2.298055 9
0.790465 1.114651 2.326532 9
0.770574 1.051166 2.312108 9
0.845391 1.012572 2.376823 9
0.816793 0.946459 2.355362 9
0.736335 0.864073 2.290841 9
0.741790 0.805931 2.298057 9
0.732720 0.743040 2.293303 9
0.753970 0.689840 2.313888 9
0.744156 0.626151 2.308763 9
0.803390 0.586893 2.361082 9
0.717538 0.494636 2.293129 9
0.688975 0.422042 2.272893 9
0.688032 0.359481 2.275691 9
0.273044 0.125066 1.936225 10
0.355400 0.091920 2.008446 10
0.274831 -0.011236 1.946214 9
0.351690 -0.045323 2.014052 9
0.438527 -0.073003 2.090117 9
0.355229 -0.180721 2.026224 9
0.352831 -0.250991 2.029106 9
0.423080 -0.284681 2.091760 9
0.463057 -0.332684 2.129614 9
0.475958 -0.394553 2.145378 9
0.573374 -0.409824 2.230351 9
0.611037 -0.456613 2.266489 9
0.700966 -0.472420 2.345299 9
0.750465 -0.510159 2.391148 9
0.723923 -0.593294 2.375237 9
0.730407 -0.657066 2.386350 9
0.664921 -0.767143 2.339307 9
0.688410 -0.821491 2.364564 9
0.692194 -0.888853 2.374019 9
0.735948 -0.929308 2.415852 9
0.632812 -1.071720 2.339555 9
0.643474 -1.136551 2.355129 9
0.643012 -1.209784 2.361939 9
0.572808 -1.335667 2.313148 9
0.575797 -1.408674 2.323209 9
-0.082246 6.068667 1.884197 5
-0.089553 5.991518 1.869996 5
-0.218058 5.996715 1.760784 5
-1.219788 6.097565 0.919293 5
-1.223895 6.006274 0.907777 5
-1.276767 5.942789 0.857649 5
-1.507547 5.975509 0.665737 5
-1.673591 5.967949 0.525223 5
-0.374267 3.399431 1.454623 6
-0.453543 3.342929 1.387497 6
-0.400150 3.260854 1.429029 6
-0.393119 3.187981 1.432790 6
-0.280958 3.099217 1.522804 12
-0.179000 3.014809 1.604671 12
-0.200104 2.948961 1.585873 12
-0.217329 2.882239 1.570384 12
-0.186895 2.810198 1.594109 12
-0.237721 2.746490 1.551329 12
-0.246504 2.678241 1.543163 12
-0.280153 2.611520 1.514727 12
-0.222224 2.538959 1.561579 12
-0.358205 2.476209 1.449420 6
-0.375809 2.406512 1.434550 6
-0.323721 2.335123 1.477030 11
-0.344429 2.265477 1.459891 11
-0.331387 2.195534 1.470597 11
-0.355950 2.125214 1.450572 11
-0.298332 2.056799 1.498149 11
-0.376307 1.983944 1.434562 11
-0.408381 1.911675 1.408801 6
-0.417606 1.840116 1.401937 6
-0.460912 1.765551 1.367257 6
0.609997 1.440049 2.254042 9
0.645812 1.387346 2.284996 9
0.683562 1.335784 2.317628 9
0.704464 1.281600 2.336575 9
0.709391 1.224341 2.342571 9
0.712796 1.166712 2.347440 9
0.702524 1.105707 2.341263 9
0.730091 1.053904 2.366085 9
0.672124 0.979783 2.321274 9
0.723084 0.934483 2.365387 9
0.715672 0.873213 2.362047 9
0.710438 0.812218 2.360616 9
0.705875 0.751092 2.359862 9
0.669281 0.679022 2.333228 9
0.686473 0.624279 2.350421 9
0.773129 0.594543 2.424038 9
0.693150 0.505146 2.362684 9
0.664793 0.433177 2.343360 9
0.583547 0.339226 2.281461 9
0.429690 0.213100 2.161197 9
0.241909 0.068238 2.013973 9
0.270953 0.012627 2.041956 9
0.345225 -0.022213 2.106445 9
0.428937 -0.051034 2.178537 9
0.413178 -0.125369 2.170751 9
0.446245 -0.176561 2.202308 9
0.479680 -0.227046 2.234248 9
0.485550 -0.291279 2.244231 9
0.456164 -0.374502 2.226203 9
0.582143 -0.374179 2.332313 9
0.626203 -0.416606 2.373056 9
0.666093 -0.460618 2.410540 9
0.657246 -0.532607 2.409401 9
0.662588 -0.596760 2.419698 9
0.641662 -0.677439 2.409366 9
0.589540 -0.778915 2.374623 9
0.636534 -0.818380 2.418354 9
0.634344 -0.889492 2.423422 9
0.614283 -0.973285 2.414641 9
0.576259 -1.070645 2.392023 9
0.562635 -1.152504 2.388808 9
0.558064 -1.228847 2.392902 9
0.509425 -1.338405 2.362872 9
0.584106 -1.357368 2.429098 9
-0.256482 6.060111 1.851793 5
-0.321225 6.020399 1.793331 5
-0.356618 5.960260 1.757415 5
-0.497124 5.966830 1.640832 5
-0.783219 6.060801 1.411951 5
-1.142566 6.099278 1.116960 5
-1.158764 6.016775 1.095654 5
-1.288982 5.999107 0.986120 5
-1.413654 5.975333 0.880801 5
-1.585228 5.973990 0.738920 5
-0.366785 3.032625 1.556438 12
-0.455859 2.973892 1.483453 12
-0.416051 2.898170 1.513856 12
-0.302515 2.815886 1.603533 12
-0.305180 2.747064 1.600232 12
-0.295756 2.677293 1.606772 12
-0.587435 2.627956 1.371925 12
-0.465218 2.548922 1.469217 12
-0.545630 2.481529 1.404097 11
-0.534982 2.409448 1.412188 11
-0.578628 2.338641 1.376859 11
-0.575288 2.266502 1.379387 11
-0.556420 2.194544 1.394530 11
-0.587189 2.122134 1.369989 11
-0.556753 2.050821 1.394717 11
0.432605 1.419414 2.199820 9
0.602586 1.388867 2.337567 9
0.612428 1.332058 2.347287 9
0.604690 1.271817 2.343080 9
0.633032 1.218976 2.367820 9
0.631731 1.159976 2.369004 9
0.632421 1.101268 2.371906 9
0.587607 1.030965 2.338665 9
0.661672 0.990769 2.400299 9
0.679533 0.936701 2.417242 9
0.670267 0.875047 2.412720 9
0.661415 0.813087 2.408672 9
0.678528 0.758867 2.425386 9
0.691517 0.703516 2.438942 9
0.678643 0.639474 2.432114 9
0.620821 0.558998 2.389849 9
0.641522 0.505522 2.409934 9
0.610926 0.432887 2.389588 9
0.645606 0.384773 2.420968 9
0.619103 0.312508 2.404187 9
0.615462 0.248818 2.405607 9
0.378996 0.084314 2.224013 9
0.301903 -0.015921 2.168256 9
0.446987 -0.016816 2.287170 9
0.385565 -0.111504 2.244106 9
0.433586 -0.155152 2.286990 9
0.524155 -0.176673 2.363190 9
0.588412 -0.209580 2.418816 9
0.610567 -0.263246 2.441651 9
0.624802 -0.320970 2.458437 9
0.641657 -0.377259 2.477392 9
0.569447 -0.484017 2.427401 9
0.555159 -0.559569 2.422616 9
0.562914 -0.622853 2.435085 9
0.560764 -0.692424 2.440071 9
0.547771 -0.769306 2.436899 9
0.526447 -0.852380 2.427549 9
0.558937 -0.901449 2.459733 9
0.523096 -0.995721 2.439702 9
0.532681 -1.060597 2.454687 9
0.502194 -1.153699 2.439293 9
0.491182 -1.234426 2.439022 9
-0.477877 6.078633 1.787798 5
-0.415166 5.953824 1.825301 5
-0.533121 5.945427 1.727907 5
-0.698308 5.963393 1.594936 5
-0.905885 6.002819 1.429832 5
-1.022087 5.983229 1.333227 5
-1.194876 5.993499 1.193819 5
-1.294524 5.958554 1.109504 5
-1.507147 5.983231 0.939577 5
-0.490407 3.041126 1.563426 12
-0.564490 2.693517 1.498281 12
-0.585410 2.623555 1.480926 12
0.558986 1.390325 2.389865 9
0.559573 1.331874 2.392273 9
0.571584 1.275593 2.403735 9
0.533554 1.208870 2.376270 9
0.532532 1.149366 2.377839 9
0.506815 1.083845 2.360300 9
0.505127 1.023507 2.361642 9
0.567511 0.979697 2.412989 9
0.628749 0.936945 2.463509 9
0.581289 0.864428 2.429635 9
0.567588 0.800614 2.422171 9
0.594251 0.748815 2.446176 9
0.565644 0.679575 2.427458 9
0.576611 0.622706 2.439564 9
0.563849 0.557596 2.433448 9
0.583682 0.503715 2.452682 9
0.581494 0.441837 2.455039 9
0.542229 0.365271 2.428970 9
0.556636 0.308913 2.444448 9
0.564282 0.249848 2.454856 9
0.483995 0.153188 2.397874 9
0.504409 0.098383 2.418448 9
0.517895 0.040657 2.433837 9
0.540027 -0.013014 2.455974 9
0.416299 -0.136342 2.366828 9
0.553306 -0.134889 2.476971 9
0.498572 -0.227158 2.440968 9
0.520355 -0.281525 2.463440 9
0.543002 -0.335232 2.486689 9
0.480992 -0.435019 2.445917 9
0.506996 -0.487584 2.472057 9
0.530339 -0.541389 2.496303 9
0.531116 -0.608267 2.503666 9
0.534401 -0.674069 2.513101 9
0.537725 -0.740224 2.522748 9
0.516685 -0.822141 2.514330 9
0.176956 -1.110806 2.267940 9
0.460830 -0.998396 2.488016 9
0.419348 -1.097675 2.465217 9
0.399692 -1.183690 2.458979 9
0.406889 -1.251965 2.472922 9
-0.591195 6.107057 1.817602 5
-0.517980 5.975589 1.861016 5
-0.639148 5.968013 1.763026 5
-0.776530 5.967503 1.653041 5
-0.910692 5.961825 1.545245 5
-1.066760 5.965748 1.421208 5
-1.239304 5.975303 1.284841 5
0.554774 1.398615 2.472301 9
0.541900 1.338256 2.464502 9
0.553645 1.282326 2.475636 9
0.497159 1.212249 2.434876 9
0.483109 1.150071 2.426648 9
0.500131 1.094671 2.442239 9
0.483363 1.031211 2.432245 9
0.538104 0.985655 2.476781 9
0.484688 0.911989 2.439239 9
0.563489 0.874248 2.502259 9
0.525123 0.803650 2.476476 9
0.548216 0.750820 2.497456 9
0.533806 0.686344 2.490169 9
0.534601 0.626350 2.494552 9
0.530266 0.564377 2.495212 9
0.507590 0.495492 2.482199 9
0.467403 0.419297 2.456189 9
0.514199 0.375162 2.495870 9
0.460032 0.291966 2.459741 9
0.444163 0.222761 2.452627 9
0.393684 0.138260 2.419768 9
0.517206 0.127778 2.517432 9
0.552643 0.080759 2.549160 9
0.509143 -0.002021 2.522064 9
0.470276 -0.084078 2.498692 9
0.513472 -0.127537 2.536644 9
0.448487 -0.224333 2.494313 9
0.472170 -0.277684 2.518075 9
0.478838 -0.339752 2.529365 9
0.449769 -0.421355 2.514418 9
0.429049 -0.499528 2.505898 9
0.429351 -0.566752 2.513104 9
0.436577 -0.630377 2.525592 9
0.460993 -0.684017 2.550860 9
0.447182 -0.760739 2.548290 9
0.392618 -0.863736 2.516219 9
0.165689 -1.078687 2.358986 9
0.292128 -1.070242 2.459523 9
0.353819 -1.101862 2.512912 9
0.358018 -1.171391 2.524732 9
0.378483 -1.230051 2.548501 9
-0.901828 6.086429 1.688568 5
-0.952223 6.030049 1.642409 5
0.409506 1.264304 2.452644 9
0.376737 1.198179 2.430699 9
0.379360 1.138892 2.435283 9
0.434186 1.091602 2.478843 9
0.462696 1.039073 2.502934 9
0.482397 0.984819 2.520601 9
0.098182 0.822705 2.238729 9
0.467057 0.861903 2.515740 9
0.440498 0.794367 2.499571 9
0.449426 0.736788 2.509848 9
0.413842 0.665120 2.487378 9
0.440421 0.612819 2.511012 9
0.463914 0.559896 2.532488 9
0.449804 0.494012 2.526394 9
0.451611 0.433365 2.532197 9
0.425085 0.361770 2.517351 9
0.410110 0.293767 2.511198 9
0.392061 0.223867 2.502994 9
0.411827 0.168992 2.522665 9
0.403347 0.102184 2.521837 9
0.423769 0.047645 2.542284 9
0.438546 -0.009256 2.558753 9
0.442025 -0.071397 2.567155 9
0.422922 -0.144659 2.559344 9
0.407549 -0.216926 2.554468 9
0.425868 -0.272850 2.574186 9
0.437126 -0.332343 2.588951 9
0.393219 -0.421406 2.564136 9
0.359319 -0.506563 2.546838 9
0.381349 -0.561650 2.569973 9
0.338251 -0.654015 2.546614 9
0.314958 -0.736343 2.537746 9
0.323116 -0.800824 2.551587 9
0.331391 -0.865482 2.565702 9
0.228325 -1.000570 2.501005 9
0.286282 -1.035311 2.550869 9
0.306703 -1.093655 2.574257 9
0.263703 -1.267828 2.562623 9
0.237643 1.241353 2.413044 9
0.346835 1.203029 2.495120 9
0.432406 1.162037 2.560065 9
0.351501 1.084822 2.504138 9
0.170626 0.981438 2.375908 9
0.119014 0.906249 2.341807 9
0.185361 0.860894 2.393404 9
0.276492 0.823817 2.463015 9
0.344780 0.782148 2.516144 9
0.301476 0.708325 2.488737 9
0.352587 0.662830 2.529683 9
0.424940 0.625285 2.586021 9
0.344507 0.537671 2.532433 9
0.280355 0.453551 2.490865 9
0.368679 0.422877 2.559054 9
0.335803 0.348701 2.540356 9
0.339521 0.287620 2.548099 9
0.323035 0.218283 2.541571 9
0.383381 0.179938 2.590101 9
0.334625 0.096449 2.560928 9
0.366044 0.046520 2.589095 9
0.391390 -0.005657 2.613062 9
0.373627 -0.077479 2.606588 9
0.316532 -0.168820 2.572511 9
0.339347 -0.222895 2.595233 9
0.379900 -0.267828 2.630600 9
0.285411 -0.381648 2.571018 9
0.316847 -0.431794 2.600349 9
0.273616 -0.521948 2.577466 9
0.317499 -0.565314 2.615846 9
0.290177 -0.648400 2.604618 9
0.207217 -0.765032 2.554961 9
0.236801 -0.817349 2.583964 9
0.245269 -0.882188 2.598466 9
0.296506 -0.920634 2.642728 9
0.235081 -1.029898 2.609380 9
0.350066 1.214555 2.582693 9
0.097968 1.101535 2.406533 9
0.365269 1.100095 2.599276 9
0.279352 1.020625 2.541520 9
0.217462 0.944973 2.501054 9
0.280855 0.900521 2.549465 9
0.239974 0.828829 2.524272 9
0.347595 0.798444 2.604136 9
0.298599 0.723778 2.573575 9
0.279357 0.656958 2.564222 9
0.350247 0.618495 2.618475 9
0.234485 0.519150 2.541657 9
0.286964 0.475037 2.583262 9
0.283402 0.411870 2.585686 9
0.289250 0.351860 2.594883 9
0.261622 0.278909 2.580868 9
0.277919 0.222383 2.597734 9
0.330812 0.180914 2.640237 9
0.337862 0.121204 2.650939 9
0.239312 0.015659 2.588530 9
0.327532 -0.009458 2.655944 9
0.282374 -0.093776 2.631104 9
0.228113 -0.183855 2.600297 9
0.309415 -0.210088 2.663220 9
0.257411 -0.300779 2.634484 9
0.189580 -0.401238 2.595248 9
0.245165 -0.439352 2.640905 9
0.176230 -0.543094 2.601563 9
0.203613 -0.596197 2.628292 9
0.165811 -0.685626 2.610842 9
0.129786 -0.775467 2.594949 9
0.127978 -0.846577 2.602560 9
0.161771 -0.896759 2.634438 9
0.130607 -0.986497 2.622720 9
0.271355 1.090970 2.618006 9
0.259170 1.028648 2.612861 9
0.209507 0.956607 2.581998 9
0.213439 0.897135 2.588390 9
0.231077 0.841298 2.604406 9
0.241093 0.783541 2.615322 9
0.222506 0.717400 2.606716 9
0.175804 0.641997 2.578999 9
0.177895 0.580820 2.585041 9
0.225972 0.534680 2.622788 9
0.209643 0.467400 2.616541 9
0.221993 0.409667 2.630119 9
0.235351 0.352359 2.644548 9
0.307269 0.317320 2.699046 9
0.227187 0.224310 2.650167 9
0.263386 0.175987 2.680641 9
0.136942 0.060644 2.600956 9
0.155297 0.003887 2.619774 9
0.228181 -0.028692 2.675587 9
0.223182 -0.095057 2.678909 9
0.192894 -0.173647 2.665436 9
0.151059 -0.258858 2.644505 9
0.097847 -0.351064 2.616284 9
0.126659 -0.403663 2.643277 9
0.093527 -0.487901 2.629088 9
0.056890 -0.575235 2.612895 9
0.107302 -0.616691 2.654843 9
0.064486 -0.709044 2.635120 9
0.072771 -0.773881 2.649534 9
0.201022 1.027711 2.657891 9
0.182626 0.963433 2.649079 9
0.168364 0.899628 2.643260 9
0.150908 0.834465 2.635495 9
0.171448 0.779353 2.653492 9
0.023095 0.675274 2.558222 9
0.129919 0.644943 2.634536 9
0.153349 0.590635 2.654998 9
0.124622 0.519609 2.640724 9
0.093674 0.446926 2.625218 9
0.127999 0.396180 2.653493 9
0.120176 0.330719 2.653836 9
0.142482 0.276117 2.674421 9
0.123234 0.205713 2.667587 9
0.033681 0.106513 2.614439 9
0.079528 0.060548 2.651227 9
0.031157 -0.024496 2.625944 9
-0.069442 -0.133793 2.566607 9
0.095270 -0.126974 2.682117 9
0.094500 -0.192620 2.688872 9
0.068422 -0.270589 2.679289 9
0.069519 -0.336357 2.687749 9
0.061091 -0.407196 2.690229 9
0.048799 -0.480589 2.690454 9
0.042241 -0.551670 2.694671 9
0.035771 -0.623262 2.699204 9
0.085186 0.831693 2.677384 9
0.062858 0.703153 2.671633 9
0.094394 0.651031 2.697016 9
0.029875 0.569483 2.659784 9
0.072087 0.520757 2.692501 9
0.041835 0.448501 2.678136 9
0.054566 0.390228 2.691988 9
0.015901 0.313567 2.672653 9
0.036840 0.257850 2.692240 9
0.015483 0.186183 2.684628 9
0.009257 0.119714 2.687049 9
-0.155875 -0.011838 2.587295 9
0.028935 -0.001048 2.713254 9
-0.049167 -0.099422 2.670204 9
-0.024505 -0.154447 2.693407 9
-0.009576 -0.213621 2.710550 9
-0.010609 -0.280223 2.717703 9
-0.037310 -0.359517 2.708764 9
-0.022439 -0.419340 2.726523 9
-0.033240 -0.492123 2.728226 9
-0.043311 0.501858 2.704676 9
-0.037782 0.440936 2.713768 9
-0.025767 0.382146 2.727171 9
-0.037434 0.314993 2.725773 9
-0.067319 0.240638 2.713106 9
-0.044491 0.185293 2.733968 9
-0.065477 0.113113 2.727421 9
-0.063158 0.049544 2.735787 9
-0.065939 -0.016364 2.741177 9
-0.101830 -0.096749 2.726096 9
-0.069031 -0.148177 2.754209 9
-0.078764 -0.218289 2.755985 9
-1.629981 5.988344 -0.829570 5
-1.696716 6.062770 -0.765403 5
-1.671277 6.103278 -0.766506 5
-1.770999 6.185758 -0.680800 5
-1.790215 6.239554 -0.651793 5
-1.651413 6.243535 -0.731756 5
-1.590157 6.273546 -0.758000 5
-1.520533 6.302228 -0.789772 5
-0.213244 5.991711 -1.657492 5
-0.207679 6.054011 -1.641375 5
-0.192765 6.113656 -1.631845 5
-0.152081 6.167023 -1.639720 5
0.015402 6.191801 -1.731584 5
0.128166 6.231901 -1.786671 5
-1.773428 6.035406 -0.662425 5
-1.801731 6.094264 -0.626666 5
-1.844436 6.157022 -0.581623 5
-1.803808 6.190414 -0.593748 5
-1.776498 6.228701 -0.596871 5
-1.612776 6.224748 -0.691566 5
-1.506532 6.241511 -0.746995 5
-0.998633 6.144574 -1.068370 5
-0.036812 5.999010 -1.665771 5
-0.045542 6.066443 -1.640340 5
0.026823 6.113581 -1.668001 5
0.101296 6.161456 -1.696902 5
0.168617 6.212181 -1.721078 5
-1.817739 6.045993 -0.567668 5
-1.893466 6.121365 -0.501101 5
-1.898004 6.169665 -0.482855 5
-1.807880 6.185576 -0.527630 5
-1.820532 6.236659 -0.504321 5
-1.775977 6.269155 -0.518847 5
-1.170606 6.133201 -0.898522 5
0.164815 5.935334 -1.705694 5
0.104616 6.018095 -1.647278 5
0.096337 6.086375 -1.622544 5
0.174216 6.133965 -1.652562 5
0.261748 6.180755 -1.688489 5
0.401214 6.218147 -1.756639 5
-1.742572 6.012036 -0.553795 5
-1.901710 6.118559 -0.433904 5
-1.892694 6.161917 -0.424887 5
-1.819291 6.183314 -0.457708 5
-1.769051 6.213640 -0.475367 5
-1.801553 6.270835 -0.440043 5
-1.096941 6.103412 -0.873743 5
0.146755 5.997164 -1.583555 5
0.136643 6.066246 -1.558028 5
0.198178 6.117854 -1.577013 5
0.271930 6.167701 -1.603432 5
0.346506 6.218622 -1.630233 5
-1.756425 6.011405 -0.481163 5
-1.917268 6.118512 -0.363071 5
-1.868708 6.147657 -0.379373 5
-1.865565 6.193015 -0.366927 5
-1.833720 6.228656 -0.372727 5
-1.563769 6.189335 -0.527075 5
-1.078366 6.090272 -0.813419 5
0.277528 6.021173 -1.554115 5
0.237586 6.098131 -1.511132 5
0.329339 6.144088 -1.547407 5
0.391817 6.197968 -1.566052 5
0.540413 6.235313 -1.635580 5
-1.931495 6.118093 -0.294295 5
-1.875365 6.144223 -0.314883 5
-1.892008 6.196158 -0.290527 5
-1.664369 6.166789 -0.416038 5
-1.620591 6.200857 -0.428330 5
-0.998717 6.058450 -0.790351 5
0.373133 5.987044 -1.520417 5
0.410161 6.046646 -1.523148 5
0.424854 6.111738 -1.512971 5
0.467208 6.170776 -1.519063 5
0.546026 6.222875 -1.546255 5
0.634777 6.274397 -1.579008 5
-1.918881 6.061524 -0.257148 5
-1.902964 6.102100 -0.252644 5
-1.903808 6.148609 -0.238158 5
-1.863289 6.180530 -0.248759 5
-1.771392 6.196019 -0.289985 5
-1.609187 6.190829 -0.372543 5
-0.932960 6.030746 -0.757536 5
-0.925512 6.084127 -0.745916 5
0.543055 5.934042 -1.527621 5
0.473278 6.020980 -1.468645 5
0.423879 6.101288 -1.421985 5
0.529376 6.146332 -1.463464 5
0.583242 6.204002 -1.475613 5
0.746997 6.240907 -1.549235 5
-1.901844 6.049659 -0.208511 5
-1.906229 6.097796 -0.191977 5
-1.905461 6.143598 -0.178755 5
-1.848573 6.169707 -0.198612 5
-1.839421 6.212668 -0.190543 5
-0.906592 5.958924 -0.716976 5
-0.886432 6.008875 -0.712530 5
-0.887334 6.065155 -0.696183 5
0.427398 5.952821 -1.371127 5
0.422045 6.022872 -1.349702 5
0.505317 6.071942 -1.377679 5
0.508078 6.140144 -1.361139 5
0.625557 6.184059 -1.407736 5
0.805016 6.217885 -1.487757 5
-1.901861 6.044316 -0.150118 5
-1.905328 6.092024 -0.134474 5
-1.915978 6.141826 -0.114971 5
-1.902143 6.182527 -0.109739 5
-1.834933 6.205350 -0.134906 5
-1.588909 6.171704 -0.260657 5
-0.837658 5.986247 -0.668219 5
-0.796695 6.030432 -0.675370 5
0.400109 5.949600 -1.267150 5
0.376659 6.023628 -1.236399 5
0.473054 6.068871 -1.270714 5
0.565698 6.116666 -1.302759 5
0.600480 6.178289 -1.303693 5
0.631484 6.241053 -1.302715 5
0.834020 6.271707 -1.392468 5
-1.376445 1.530337 -1.939473 8
-1.248277 1.490581 -2.002753 8
-1.153440 1.498158 -2.034871 8
-1.069858 1.521925 -2.056532 8
-0.930338 1.476976 -2.126769 8
-0.815354 1.466155 -2.174430 8
-0.677837 1.431105 -2.240430 8
-0.393444 1.227907 -2.428797 8
-1.919726 6.045868 -0.082270 5
-1.894995 6.082810 -0.082887 5
-1.903146 6.131758 -0.065184 5
-1.861122 6.162707 -0.075640 5
-1.849276 6.204404 -0.069370 5
-1.598364 6.168550 -0.194525 5
-0.762781 5.955394 -0.637522 5
0.340817 5.886829 -1.165748 5
0.415427 5.935663 -1.187529 5
0.346282 6.020965 -1.133262 5
0.405872 6.074197 -1.147283 5
0.584945 6.101674 -1.223669 5
0.627773 6.161601 -1.228543 5
0.888727 6.178126 -1.346230 5
-1.202429 0.869672 -2.156354 8
-1.472586 1.402526 -1.849508 8
-1.431807 1.481011 -1.832999 8
-1.329714 1.474610 -1.872043 8
-1.217980 1.457721 -1.918870 8
-1.113910 1.453667 -1.958114 8
-1.005953 1.446981 -2.000004 8
-0.871191 1.409318 -2.063911 8
-0.757559 1.401293 -2.108820 8
-0.611502 1.357131 -2.179819 8
-0.438042 1.285105 -2.271884 8
-0.195527 1.139433 -2.418034 8
-1.904155 6.034674 -0.033991 5
-1.929964 6.090495 -0.006796 5
-1.915720 6.130873 -0.001797 5
-1.856292 6.155453 -0.021369 5
-1.843980 6.196940 -0.015425 5
-1.585744 6.158303 -0.141115 5
0.330754 5.879856 -1.074193 5
0.327343 5.948438 -1.054957 5
0.330831 6.014823 -1.039562 5
0.443567 6.055124 -1.080268 5
0.687667 6.067957 -1.187421 5
0.904144 6.091622 -1.279551 5
0.952340 6.153788 -1.286131 5
0.967531 6.222976 -1.276210 5
-2.016935 1.252799 -1.617768 8
-1.760147 1.278390 -1.693763 8
-1.703470 1.334020 -1.691325 8
-1.611739 1.336990 -1.721467 8
-1.576516 1.424011 -1.699912 8
-1.302296 1.169330 -1.892684 8
-1.421009 1.474362 -1.734388 8
-1.319252 1.468280 -1.772245 8
-1.247685 1.504704 -1.783500 8
-1.130974 1.482883 -1.832992 8
-1.022429 1.474523 -1.874690 8
-0.940028 1.501274 -1.894032 8
-0.823805 1.487821 -1.940785 8
-0.608291 1.358602 -2.066785 8
-0.558081 1.430334 -2.058320 8
-0.527500 1.523852 -2.034841 8
-0.700268 2.926350 -1.464221 12
-0.760961 3.076819 -1.388207 12
-0.655657 3.079028 -1.428192 12
-0.861544 3.347994 -1.255105 2
-0.793742 3.380080 -1.270516 2
-1.864396 6.014163 0.001176 5
-1.914591 6.079515 0.040847 5
-1.886572 6.114978 0.038532 5
-1.887272 6.160782 0.051315 5
-1.831623 6.187128 0.034389 5
-0.724985 5.870752 -0.529378 5
0.237349 5.828589 -0.958808 5
0.296170 5.879645 -0.971399 5
0.311789 5.942781 -0.962200 5
0.389911 5.990321 -0.984437 5
0.533179 6.023706 -1.038909 5
1.039929 5.977478 -1.272686 5
1.031022 6.053075 -1.250303 5
0.992095 6.134241 -1.213543 5
1.034028 6.198493 -1.216619 5
-2.074082 1.058590 -1.572253 8
-1.742573 0.646370 -1.837034 8
-1.947734 1.150292 -1.577826 8
-1.921113 1.255361 -1.546397 8
-1.845962 1.280326 -1.561497 8
-1.772144 1.308162 -1.575248 8
-1.678748 1.306949 -1.606638 8
-1.611760 1.346985 -1.613876 8
-1.537563 1.376767 -1.627558 8
-1.503345 1.464018 -1.606456 8
-1.408036 1.464623 -1.638525 8
-1.359604 1.530916 -1.630411 8
-1.219042 1.473948 -1.699638 8
-1.151166 1.516026 -1.707509 8
-1.036980 1.499487 -1.753118 8
-0.911010 1.471118 -1.807340 8
-0.818487 1.486901 -1.833962 8
-0.649106 1.412541 -1.920504 8
-0.570155 1.449188 -1.935168 8
-0.335056 1.308086 -2.069442 8
-1.125716 3.130213 -1.139997 12
-0.998277 3.103926 -1.196422 12
-0.918121 3.123666 -1.219601 12
-0.816067 3.125270 -1.257323 12
-0.889545 3.281472 -1.176761 2
-0.849327 3.336607 -1.173390 2
-0.791987 3.377344 -1.181499 2
-0.653267 3.352252 -1.242716 6
-0.603276 3.401230 -1.245597 6
-0.080579 3.081542 -1.551680 12
0.018453 3.101461 -1.583307 12
-1.899622 6.022619 0.076064 5
-1.877809 6.060516 0.077264 5
-1.868543 6.103097 0.084868 5
-1.870972 6.149630 0.098322 5
-1.842308 6.185172 0.095728 5
-0.703925 5.856560 -0.468750 5
0.268821 5.742851 -0.908071 5
0.218465 5.824741 -0.865978 5
0.276167 5.875670 -0.877580 5
0.303405 5.935397 -0.874220 5
0.376143 5.983938 -0.893093 5
1.169883 6.011612 -1.224238 5
1.111225 6.098270 -1.178556 5
1.135155 6.167111 -1.172525 5
-2.119999 0.996598 -1.478814 8
-2.045456 1.022984 -1.492231 8
-2.001439 1.102051 -1.476622 8
-1.936044 1.143768 -1.481799 8
-1.880161 1.200941 -1.478403 8
-1.831350 1.268655 -1.469028 8
-1.766628 1.310542 -1.474434 8
-1.711197 1.366580 -1.471818 8
-1.650648 1.414482 -1.474006 8
-1.517642 1.357168 -1.538365 8
-1.480675 1.440544 -1.520265 8
-1.393279 1.452352 -1.544884 8
-1.269078 1.415739 -1.599353 8
-1.240948 1.510292 -1.574803 8
-1.124259 1.487844 -1.622022 8
-1.065610 1.542230 -1.622437 8
-0.971656 1.552513 -1.650663 8
-0.794022 1.462607 -1.743031 8
-0.646791 1.414920 -1.810282 8
-0.534500 1.412264 -1.849881 8
-0.391131 1.376522 -1.911977 8
-0.098509 1.177661 -2.082914 8
-1.185097 2.807038 -1.139610 12
-1.155667 2.875322 -1.126820 12
-1.134770 2.951210 -1.108555 12
-1.120381 3.032268 -1.086361 12
-1.090439 3.097298 -1.075302 12
-0.925030 3.036262 -1.155541 12
-0.875816 3.085170 -1.157143 12
-0.881811 3.183178 -1.122505 2
-0.844384 3.241517 -1.116986 2
-0.891599 3.371579 -1.056994 2
-0.824466 3.403128 -1.071473 6
-0.722737 3.407320 -1.107790 6
-0.634216 3.424086 -1.135286 6
-0.466475 3.380554 -1.211849 2
-0.041904 3.144986 -1.446064 12
-1.862668 6.003189 0.112746 5
-1.881864 6.056842 0.134790 5
-1.879874 6.101925 0.145894 5
-1.867667 6.143073 0.151726 5
-1.834655 6.177040 0.147140 5
-0.543607 5.796444 -0.476783 5
0.307353 5.654028 -0.860478 5
0.192794 5.756319 -0.787849 5
0.272854 5.800181 -0.809709 5
0.247279 5.874277 -0.780870 5
0.354467 5.912527 -0.815537 5
0.409153 5.965925 -0.825050 5
1.230021 6.062081 -1.141088 5
1.209299 6.140831 -1.114186 5
1.333993 6.191582 -1.154164 5
-2.201066 0.834821 -1.411530 8
-2.153708 0.911926 -1.397760 8
-2.148084 1.061675 -1.345145 8
-2.057411 1.058070 -1.374108 8
-1.985295 1.088077 -1.385412 8
-1.969023 1.211326 -1.346105 8
-1.885005 1.220903 -1.368746 8
-1.823336 1.267375 -1.371379 8
-1.718868 1.247367 -1.411299 8
-1.681685 1.332087 -1.392931 8
-1.616471 1.373498 -1.398956 8
-1.565117 1.435111 -1.393587 8
-1.426529 1.372482 -1.460069 8
-1.375776 1.436231 -1.454075 8
-1.305077 1.472229 -1.464404 8
-1.172468 1.426637 -1.523473 8
-1.103998 1.468282 -1.531434 8
-1.012632 1.481191 -1.557028 8
-0.966652 1.552094 -1.547803 8
-0.912432 1.612136 -1.545207 8
-0.614853 1.381959 -1.723229 8
-0.518203 1.397924 -1.750203 8
-0.301285 1.278213 -1.863896 8
-1.244216 2.771112 -1.041177 12
-1.228734 2.853602 -1.019099 12
-1.314332 3.036421 -0.928995 12
-1.238191 3.054218 -0.949585 12
-1.107569 3.020639 -1.006169 12
-1.085290 3.092869 -0.990391 12
-1.005659 3.111053 -1.012489 12
-0.948485 3.150898 -1.019789 2
-0.886590 3.186988 -1.030110 2
-0.846499 3.242644 -1.026544 2
-0.834414 3.321954 -1.005572 2
-0.786051 3.369889 -1.007701 2
-0.709252 3.394804 -1.027472 6
-0.659694 3.442625 -1.030348 6
-0.424280 3.345488 -1.146027 2
-0.019321 3.125188 -1.361801 12
0.043697 3.172549 -1.370152 2
0.070212 3.247180 -1.356903 2
0.021242 3.375250 -1.299727 2
0.154585 3.372723 -1.349645 2
0.326980 3.346236 -1.421406 6
-1.816724 5.980209 0.145514 5
-1.892457 6.055698 0.194879 5
-1.880441 6.096894 0.200830 5
-1.843576 6.129192 0.194635 5
-1.814076 6.164508 0.192022 5
-1.735255 6.183811 0.165806 5
0.170073 5.620322 -0.728788 5
0.180623 5.684267 -0.717028 5
0.208021 5.742966 -0.713378 5
0.266242 5.792999 -0.724223 5
0.259852 5.861655 -0.704979 5
1.313443 6.033032 -1.085423 5
1.273435 6.116406 -1.050263 5
1.357201 6.175206 -1.070525 5
-2.299714 0.700758 -1.328326 8
-2.243937 0.764619 -1.321966 8
-2.184204 0.819834 -1.319971 8
-2.121470 0.868784 -1.321218 8
-2.062002 0.923097 -1.319766 8
-2.030092 1.024627 -1.293714 8
-1.987212 1.104684 -1.278601 8
-1.908122 1.122911 -1.296087 8
-1.870304 1.209033 -1.277635 8
-1.812512 1.261547 -1.277055 8
-1.734768 1.282757 -1.293544 8
-1.631062 1.265696 -1.331349 8
-1.548099 1.282004 -1.351431 8
-1.492711 1.339435 -1.349017 8
-1.439071 1.398824 -1.345541 8
-1.357223 1.418623 -1.364535 8
-1.321504 1.502016 -1.347568 8
-1.201271 1.471945 -1.395882 8
-1.093580 1.461456 -1.433757 8
-0.956040 1.415632 -1.493196 8
-0.851734 1.415133 -1.526948 8
-0.748272 1.417852 -1.559511 8
-0.160186 0.845909 -1.940289 8
-1.282725 2.612572 -0.990977 12
-1.241124 2.669594 -0.986252 12
-1.222035 2.749849 -0.966622 12
-1.314447 2.943353 -0.873235 12
-1.303378 3.026712 -0.850178 12
-1.286312 3.102664 -0.831646 12
-1.153192 3.065409 -0.888659 12
-1.075282 3.083841 -0.909341 12
-1.043659 3.146375 -0.900405 12
-0.922535 3.127230 -0.947983 2
-0.854213 3.157820 -0.961942 2
-0.803487 3.204553 -0.964923 2
-0.748406 3.247785 -0.970632 6
-0.750338 3.338894 -0.941850 2
-0.682519 3.371489 -0.955541 2
-0.611290 3.402205 -0.971133 6
-0.426979 3.345497 -1.053228 2
0.024083 3.089470 -1.289931 12
0.067055 3.152266 -1.286253 2
0.009010 3.288943 -1.224698 2
0.039789 3.358691 -1.214894 2
0.176419 3.353839 -1.265197 2
0.252208 3.393564 -1.280678 2
0.287865 3.461167 -1.273692 6
-0.622778 5.508378 -0.371269 5
-1.867593 6.041188 0.237277 5
-1.839795 6.076773 0.235740 5
-1.901749 6.144556 0.276412 5
-1.843815 6.169286 0.260498 5
-1.775545 6.191560 0.239943 5
0.178815 5.609056 -0.651580 5
0.197122 5.670551 -0.643554 5
0.256283 5.719777 -0.654312 5
0.266708 5.783882 -0.642874 5
1.366797 6.010176 -1.015284 5
1.370355 6.085285 -0.999695 5
1.410085 6.153211 -0.999914 5
-2.366376 0.496252 -1.278126 8
-2.323801 0.590893 -1.257557 8
-2.280529 0.681294 -1.238785 8
-2.225417 0.746450 -1.232170 8
-2.184257 0.836319 -1.213264 8
-2.123812 0.888630 -1.212847 8
-2.074412 0.959939 -1.202918 8
-2.000304 0.986921 -1.215344 8
-1.948087 1.051605 -1.208762 8
-1.892468 1.109572 -1.205585 8
-1.858959 1.202523 -1.184250 8
-1.774068 1.212017 -1.206303 8
-1.715526 1.263675 -1.206530 8
-1.633204 1.279070 -1.226122 8
-1.551591 1.296771 -1.244872 8
-1.483924 1.335790 -1.252472 8
-1.259603 1.153892 -1.380907 8
-1.285300 1.327260 -1.315971 8
-1.231869 1.388294 -1.312387 8
-1.178183 1.448440 -1.309316 8
-0.825336 1.120785 -1.525713 8
-0.701534 1.099341 -1.571311 8
-0.446041 0.917658 -1.710213 8
-1.056664 2.148027 -1.121850 11
-0.878407 2.060282 -1.206854 11
-1.280528 2.612864 -0.902479 12
-1.372238 2.812354 -0.809915 12
-1.459812 3.001238 -0.722151 12
-1.454215 3.088549 -0.696644 12
-1.382149 3.107266 -0.714372 12
-1.179284 2.998199 -0.814824 12
-1.110002 3.024446 -0.829538 12
-1.092949 3.100970 -0.811617 12
-0.997080 3.103399 -0.842701 12
-0.930096 3.133943 -0.855698 12
-0.810737 3.118798 -0.900219 12
-0.741547 3.150002 -0.914000 2
-0.703722 3.208770 -0.909038 2
-0.741591 3.330370 -0.859778 2
-0.706314 3.389404 -0.854123 2
-0.568267 3.366068 -0.908031 2
-0.438613 3.352515 -0.956303 2
0.025003 3.086253 -1.193445 12
0.059190 3.155374 -1.184954 2
0.022123 3.276335 -1.136935 2
0.018048 3.371029 -1.108075 2
0.115643 3.392909 -1.135612 2
0.240231 3.397946 -1.177506 2
0.342009 3.420760 -1.206501 6
0.451729 3.440125 -1.239392 6
-1.858440 6.032635 0.287146 5
-1.823801 6.065680 0.282619 5
-1.858175 6.123796 0.309639 5
-1.861862 6.170153 0.322369 5
-1.773862 6.185449 0.293558 5
0.166263 5.604713 -0.565306 5
0.176462 5.668437 -0.553788 5
0.239877 5.715941 -0.566016 5
0.334642 5.755337 -0.591937 5
1.414666 6.064605 -0.925279 5
1.412773 6.140783 -0.907745 5
1.563120 6.188928 -0.953748 5
-2.426983 0.266625 -1.235571 8
-2.393547 0.387207 -1.204419 8
-2.320977 0.422887 -1.212399 8
-2.303530 0.569250 -1.168554 8
-2.242338 0.624607 -1.167132 8
-2.181874 0.680504 -1.165463 8
-2.157843 0.803346 -1.131639 8
-2.086202 0.835720 -1.141127 8
-2.046726 0.925436 -1.122818 8
-1.984191 0.972918 -1.125032 8
-1.936193 1.044647 -1.115301 8
-1.867834 1.081352 -1.122962 8
-1.804803 1.126878 -1.126349 8
-1.727960 1.150483 -1.140977 8
-1.678239 1.216755 -1.134039 8
-1.514851 1.110735 -1.216054 8
-1.436592 1.136791 -1.230701 8
-1.357228 1.162121 -1.246041 8
-1.128958 0.978402 -1.372532 10
-1.109126 1.092232 -1.342186 8
-0.885409 0.928055 -1.461371 10
-0.827695 0.992340 -1.458394 8
-0.767300 1.052645 -1.457626 8
-0.613335 0.994174 -1.522779 10
-0.475235 0.960059 -1.575598 10
-1.093450 2.080950 -1.036385 11
-1.066887 2.163297 -1.019164 11
-1.346998 2.586499 -0.801542 12
-1.365283 2.708161 -0.758479 12
-1.455400 2.903626 -0.670409 12
-1.515820 3.061832 -0.603165 12
-1.473625 3.110037 -0.601885 12
-1.421126 3.147736 -0.607160 12
-1.214544 3.033946 -0.707286 12
-1.165270 3.078494 -0.709690 12
-1.145021 3.150608 -0.694649 12
-1.053546 3.155808 -0.722583 12
-0.901210 3.107614 -0.786134 12
-0.804567 3.112895 -0.815943 12
-0.695892 3.109601 -0.852304 12
-0.640810 3.154228 -0.857249 12
-0.650118 3.252884 -0.825464 2
-0.655425 3.346384 -0.796608 2
-0.484317 3.297211 -0.867270 2
-0.423224 3.338422 -0.875654 2
-0.063378 3.151442 -1.048636 12
0.082541 3.135119 -1.101892 2
0.063546 3.242979 -1.064985 2
0.098110 3.310372 -1.057564 2
0.178607 3.345216 -1.074842 2
0.319922 3.339432 -1.124089 2
0.363552 3.402212 -1.121394 6
-0.307686 5.371316 -0.370755 5
-1.801111 6.005715 0.315182 5
-1.813295 6.056620 0.331916 5
-1.831378 6.108978 0.351030 5
-1.788962 6.139570 0.343245 5
-1.792764 6.186286 0.355761 5
0.122096 5.610723 -0.466310 5
0.245553 5.638376 -0.504057 5
0.302526 5.688378 -0.512810 5
1.422009 6.051429 -0.835430 5
1.479499 6.116043 -0.842242 5
1.544769 6.180080 -0.852133 5
-2.441453 -0.083555 -1.241039 8
-2.433706 0.105643 -1.181867 8
-2.383974 0.195852 -1.165910 8
-2.349015 0.314406 -1.137016 8
-2.327081 0.455513 -1.097511 8
-2.270290 0.521620 -1.091580 8
-2.237058 0.632268 -1.065140 8
-2.169014 0.673120 -1.070588 8
-2.115103 0.740099 -1.063969 8
-2.059542 0.802760 -1.059301 8
-2.005348 0.866752 -1.053956 8
-1.977697 0.975467 -1.027218 8
-1.909798 1.013151 -1.034244 8
-1.872702 1.101745 -1.016733 8
-1.786724 1.109500 -1.038490 8
-1.630487 1.008231 -1.114384 8
-1.419433 0.829067 -1.230307 8
-1.319846 0.827525 -1.259202 8
-1.246963 0.867400 -1.267702 10
-1.167467 0.898099 -1.281078 10
-1.122101 0.977629 -1.269625 10
-1.030294 0.991863 -1.291907 10
-0.873606 0.920124 -1.359652 10
-0.864531 1.048397 -1.323031 10
-0.714758 0.991688 -1.384410 10
-0.615352 1.003255 -1.410260 10
-0.456171 0.942572 -1.475895 10
-0.243617 0.821987 -1.575675 10
-1.084339 1.959233 -0.981470 11
-1.148538 2.148985 -0.905193 11
-1.443821 2.596071 -0.682333 12
-1.395184 2.643211 -0.682989 12
-1.506025 2.864484 -0.583532 12
-1.421355 2.869393 -0.607897 12
-1.470674 3.016354 -0.549421 12
-1.491941 3.130371 -0.509355 12
-1.374391 3.101987 -0.553916 12
-1.300741 3.119837 -0.571495 12
-1.283982 3.193728 -0.555211 2
-1.310823 3.307708 -0.513829 2
-1.237259 3.325997 -0.531553 2
-0.940382 3.142988 -0.677294 12
-0.870079 3.170646 -0.691508 12
-0.805419 3.204146 -0.702378 12
-0.645514 3.157255 -0.766356 12
-0.624517 3.230299 -0.752378 12
-0.564642 3.270770 -0.760075 12
-0.389697 3.219783 -0.830322 12
-0.332690 3.265519 -0.835846 12
-0.218761 3.268065 -0.871797 12
-0.074821 3.250388 -0.923139 12
0.138884 3.184718 -1.010391 2
0.143400 3.274626 -0.987209 2
0.115752 3.385882 -0.947851 2
0.229613 3.397693 -0.981805 2
0.365053 3.397145 -1.026278 6
-0.175784 4.545628 -0.544416 13
-0.203425 4.986812 -0.423820 13
-0.170947 5.176968 -0.388153 5
-0.146585 5.234118 -0.382603 5
-0.363467 5.386478 -0.271508 5
-1.782863 5.993656 0.361335 5
-1.801313 6.047027 0.380409 5
-1.817643 6.098829 0.398313 5
-1.806581 6.140354 0.404282 5
-1.809424 6.186465 0.416060 5
-1.668419 6.185352 0.367038 5
0.262688 5.624517 -0.431379 5
0.281112 5.686187 -0.423604 5
1.539512 6.015650 -0.789634 5
1.505149 6.099203 -0.759660 5
1.549306 6.167161 -0.760680 5
-2.406782 -0.353977 -1.227536 8
-2.396949 -0.159813 -1.169375 8
-2.378068 0.005826 -1.122569 8
-2.365945 0.179236 -1.071716 8
-2.321183 0.276957 -1.053003 8
-2.273852 0.366325 -1.037672 8
-2.240518 0.481016 -1.010940 8
-2.181151 0.541246 -1.008026 8
-2.146661 0.647621 -0.984399 8
-2.084380 0.699272 -0.985132 8
-2.040566 0.783713 -0.970966 8
-1.999035 0.870078 -0.955712 8
-1.949389 0.940310 -0.947693 8
-1.846601 0.919733 -0.981905 8
-1.670905 0.782094 -1.071723 8
-1.519007 0.690871 -1.141052 8
-1.487732 0.795241 -1.118099 8
-1.400042 0.810336 -1.137812 8
-1.345622 0.876771 -1.132945 10
-1.225946 0.846467 -1.175447 10
-1.177393 0.921763 -1.166520 10
-1.088656 0.939392 -1.186238 10
-1.029417 0.998957 -1.185253 10
-0.930937 1.005256 -1.211337 10
-0.810251 0.984148 -1.251979 10
-0.731185 1.019805 -1.264081 10
-0.539505 0.913887 -1.350308 10
-1.307508 2.001825 -0.809698 11
-1.231202 2.024064 -0.825288 11
-1.181856 2.079316 -0.823523 11
-1.170215 2.178068 -0.798224 11
-1.417008 2.568816 -0.612783 12
-1.492458 2.754540 -0.536992 12
-1.460953 2.817761 -0.528095 12
-1.441138 2.892735 -0.512461 12
-1.524769 3.074854 -0.435571 12
-1.431846 3.070216 -0.464594 12
-1.386798 3.115703 -0.465161 12
-1.338874 3.158352 -0.467487 2
-1.372421 3.279716 -0.423189 6
-1.369508 3.363558 -0.400534 2
-1.298248 3.382581 -0.416818 6
-1.205760 3.383455 -0.444702 2
-1.106798 3.380451 -0.475730 2
-0.743844 3.149907 -0.650552 12
-0.701340 3.203841 -0.648748 12
-0.632263 3.235532 -0.661326 12
-0.571976 3.275268 -0.669090 12
-0.467641 3.280332 -0.700030 12
-0.383991 3.303635 -0.719702 12
-0.365875 3.378502 -0.705145 12
-0.192263 3.335872 -0.770838 12
-0.198183 3.429280 -0.743994 12
0.225812 3.212181 -0.935013 2
0.162277 3.349739 -0.878520 2
0.260911 3.372444 -0.903673 2
0.848765 3.067652 -1.169907 12
-0.116026 4.203648 -0.567881 13
-0.427413 4.459622 -0.402523 13
-0.396490 4.514716 -0.398558 13
-0.201398 4.480142 -0.470354 13
-0.199072 4.552612 -0.452949 13
-0.310603 4.683485 -0.384103 13
-0.184978 4.690486 -0.423246 13
-0.154025 4.746708 -0.419467 13
-0.281807 4.879360 -0.345161 13
-0.305049 4.959074 -0.318091 13
-0.263426 5.007922 -0.319878 5
-0.318905 5.100246 -0.279351 5
-0.289550 5.153938 -0.276114 5
-0.270283 5.211956 -0.268605 5
-0.304484 5.291641 -0.238378 5
-0.409014 5.397783 -0.178726 5
-0.394907 5.455330 -0.169882 5
-1.801659 6.042038 0.433956 5
-1.822102 6.095255 0.453108 5
-1.769681 6.122171 0.441874 5
-1.778541 6.170655 0.455954 5
-1.687699 6.186010 0.429138 5
0.269905 5.613808 -0.354863 5
1.545780 6.002658 -0.699073 5
1.510571 6.086356 -0.669468 5
1.551931 6.154677 -0.669119 5
-2.224438 -0.990104 -1.355598 8
-2.317725 -0.535062 -1.195095 8
-2.355929 -0.227849 -1.093034 8
-2.332536 -0.071209 -1.051866 8
-2.302477 0.064802 -1.018687 8
-2.278816 0.209113 -0.981506 8
-2.251895 0.341328 -0.948884 8
-2.210893 0.440780 -0.929759 8
-2.161488 0.520890 -0.918666 8
-2.087846 0.553092 -0.928194 8
-2.059850 0.669956 -0.900844 8
-1.830228 0.419586 -1.034967 8
-1.725997 0.403690 -1.067045 8
-1.723142 0.564838 -1.020341 8
-1.615376 0.544332 -1.054927 8
-1.565946 0.622506 -1.045166 8
-1.484187 0.647297 -1.059769 8
-1.446116 0.741516 -1.042497 10
-1.350774 0.745760 -1.066958 10
-1.258034 0.755754 -1.089153 10
-1.235250 0.870000 -1.062257 10
-1.156531 0.901096 -1.074749 10
-1.083252 0.940569 -1.083446 10
-0.994745 0.959518 -1.102337 10
-0.917654 0.995131 -1.113410 10
-0.797163 0.974225 -1.152771 10
-0.675177 0.954427 -1.192342 10
-0.582901 0.975150 -1.212214 10
-0.418864 0.908552 -1.277050 10
-1.187676 1.976050 -0.759221 11
-1.211236 2.118408 -0.712468 11
-1.574230 2.650963 -0.460078 12
-1.539948 2.711863 -0.452771 12
-1.527737 2.796656 -0.432586 12
-1.485625 2.847168 -0.430584 12
-1.535259 2.995495 -0.375190 12
-1.468563 3.017793 -0.388244 12
-1.434501 3.074458 -0.382478 12
-1.405811 3.136040 -0.373887 2
-1.451697 3.270374 -0.323768 6
-1.428266 3.334235 -0.313188 6
-1.380888 3.374697 -0.316063 2
-1.350633 3.431196 -0.309646 6
-1.284278 3.454516 -0.322902 6
-1.072519 3.349618 -0.413686 2
-0.960072 3.337321 -0.450306 2
-0.763103 3.255515 -0.530691 12
-0.651122 3.250052 -0.565524 12
-0.578020 3.278728 -0.579780 12
-0.576079 3.365350 -0.557502 12
-0.492856 3.386907 -0.576851 12
-0.512997 3.489089 -0.544025 12
-0.343540 3.446892 -0.606240 12
-0.259740 3.471732 -0.625180 12
-0.072107 3.423214 -0.694729 12
0.014775 3.450118 -0.714257 12
0.623107 3.119358 -0.984835 12
-0.166155 3.746902 -0.582974 13
-0.275156 3.901646 -0.510174 13
-0.255188 3.969004 -0.499255 13
-0.475058 4.186886 -0.376546 13
-0.310703 4.160997 -0.433819 13
-0.346730 4.259271 -0.398104 13
-0.492161 4.419867 -0.313024 13
-0.500351 4.496798 -0.291425 13
-0.471697 4.551993 -0.286748 13
-0.410811 4.589487 -0.296561 13
-0.454993 4.683856 -0.259692 13
-0.398451 4.723829 -0.267704 13
-0.310770 4.748688 -0.289234 13
-0.345362 4.835568 -0.257435 13
-0.437090 4.948401 -0.201487 13
-0.333329 4.966389 -0.229976 13
-0.297741 5.017465 -0.229126 13
-0.345052 5.105661 -0.193321 5
-0.353132 5.175081 -0.174460 5
-0.303960 5.219593 -0.179705 5
-0.396992 5.322854 -0.126081 5
-0.358806 5.371219 -0.127088 5
-0.312612 5.416848 -0.131361 5
-1.785586 6.030952 0.480420 5
-1.767672 6.070397 0.483648 5
-1.781125 6.120894 0.499385 5
-1.770689 6.162624 0.505417 5
-1.731653 6.194863 0.500065 5
-0.063206 5.711045 -0.145117 7
-0.131463 5.795311 -0.104463 7
-0.200448 5.877852 -0.064032 7
0.009083 5.879389 -0.131451 7
0.010935 5.941808 -0.118485 7
1.542800 6.068259 -0.589681 5
1.575207 6.138391 -0.585730 5
-2.149569 -0.899161 -1.230863 8
-2.292412 -0.346546 -1.035776 8
-2.302821 -0.113096 -0.965721 8
-2.275302 0.028732 -0.931605 8
-2.252632 0.175315 -0.895016 8
-2.205755 0.267086 -0.880336 8
-2.162583 0.363530 -0.863485 8
-2.067847 0.357304 -0.889139 8
-1.979981 0.366268 -0.908810 8
-1.754541 0.123187 -1.035466 8
-1.726799 0.249307 -1.006624 8
-1.686039 0.348661 -0.988827 8
-1.618812 0.400005 -0.991557 10
-1.581522 0.501194 -0.972549 10
-1.532677 0.580871 -0.962712 10
-1.472546 0.640906 -0.961449 10
-1.363952 0.624400 -0.994471 10
-1.320865 0.710950 -0.981496 10
-1.273168 0.788857 -0.972255 10
-1.234569 0.878760 -0.957358 10
-1.140798 0.887765 -0.979733 10
-1.047504 0.899114 -1.001427 10
-0.999756 0.974585 -0.993275 10
-0.863522 0.930084 -1.042125 10
-0.793409 0.976545 -1.048192 10
-0.734258 1.037342 -1.047456 10
-0.571180 0.966740 -1.111036 10
-1.320927 2.028446 -0.616654 11
-1.284221 2.097470 -0.607849 11
-1.567155 2.544169 -0.408843 12
-1.485594 2.551602 -0.429244 12
-1.496217 2.665289 -0.395569 12
-1.547862 2.821830 -0.339070 12
-1.559763 2.930469 -0.306559 12
-1.611532 3.079074 -0.252313 12
-1.423267 2.972182 -0.333460 6
-1.441392 3.083028 -0.298853 6
-1.438374 3.169969 -0.276613 6
-1.450895 3.270500 -0.246472 6
-1.387901 3.295955 -0.257565 6
-1.353334 3.349049 -0.253402 6
-1.339757 3.421256 -0.238336 6
-1.253150 3.426167 -0.261752 6
-1.141959 3.410908 -0.297523 6
-0.971494 3.346610 -0.363093 2
-0.958711 3.421283 -0.347461 2
-0.715417 3.302517 -0.448214 12
-0.625779 3.316305 -0.470589 12
-0.581682 3.368133 -0.470113 12
-0.571044 3.446231 -0.453300 12
-0.384436 3.388246 -0.522394 12
-0.320367 3.427008 -0.531301 12
-0.295978 3.495647 -0.521144 12
-0.107311 3.445503 -0.589110 12
-0.347648 3.702069 -0.454236 13
-0.310280 3.758689 -0.451152 13
-0.424463 3.917426 -0.378016 13
-0.407628 3.985260 -0.366239 13
-0.476198 4.107579 -0.315774 13
-0.504532 4.201516 -0.284317 13
-0.453562 4.244784 -0.288955 13
-0.474813 4.332018 -0.261399 13
-0.477089 4.406567 -0.242673 13
-0.516737 4.501634 -0.207862 13
-0.444226 4.531816 -0.222419 13
-0.437380 4.599078 -0.208410 13
-0.380357 4.638875 -0.216153 13
-0.358905 4.697927 -0.208654 13
-0.315178 4.745428 -0.210702 13
-0.439017 4.876416 -0.142376 13
-0.408433 4.928899 -0.139412 13
-0.372093 4.978748 -0.138887 13
-0.349645 5.035197 -0.132669 5
-0.444206 5.143767 -0.078765 5
-0.460347 5.215364 -0.057409 5
-0.421502 5.262762 -0.058501 5
-0.310249 5.280805 -0.088556 5
-0.323526 5.350530 -0.068719 5
-0.278257 5.396751 -0.072264 5
-1.755967 6.014782 0.521599 5
-1.773317 6.067280 0.538641 5
-1.794449 6.120349 0.556927 5
-1.709309 6.136366 0.534103 5
-1.692371 6.176442 0.537638 5
-0.213033 5.750900 -0.014202 7
-0.141205 5.790428 -0.027942 7
-0.095029 5.838721 -0.031884 7
-0.111541 5.905505 -0.012409 7
-0.020850 5.942106 -0.032864 7
1.530314 6.059092 -0.493893 5
1.569670 6.127583 -0.492267 5
1.655234 6.188258 -0.506833 5
-2.201070 -0.527432 -0.999984 8
-2.239141 -0.229477 -0.908037 8
-2.237683 -0.029614 -0.852957 8
-2.201834 0.090281 -0.828470 8
-1.999255 -0.132498 -0.939475 8
-1.914458 -0.109024 -0.953767 8
-1.898477 0.048184 -0.914393 8
-1.758782 -0.033296 -0.971283 8
-1.711830 0.061670 -0.956855 10
-1.709946 0.235083 -0.909820 8
-1.637568 0.278834 -0.915932 10
-1.595459 0.374408 -0.900407 10
-1.538336 0.442509 -0.896232 10
-1.493872 0.530244 -0.883616 10
-1.455149 0.625244 -0.867665 10
-1.339262 0.597431 -0.904669 10
-1.332183 0.739191 -0.868193 10
-1.282983 0.813829 -0.860684 10
-1.165949 0.788042 -0.897703 10
-1.124210 0.873178 -0.885632 10
-1.011163 0.856872 -0.919257 10
-0.956416 0.923266 -0.915749 10
-0.855205 0.926615 -0.941232 10
-0.789055 0.978015 -0.944870 10
-1.306544 1.780264 -0.596468 2
-1.401248 2.018755 -0.508485 11
-1.340850 2.057964 -0.514090 11
-1.322756 2.148558 -0.495051 11
-1.396650 2.346205 -0.423562 11
-1.507414 2.580410 -0.332756 12
-1.548790 2.728121 -0.283147 12
-1.501788 2.773300 -0.283993 12
-1.596948 2.973384 -0.206472 12
-1.472748 2.932900 -0.250451 6
-1.461266 3.013743 -0.232694 12
-1.443290 3.086462 -0.218860 12
-1.392719 3.125307 -0.222653 6
-1.437594 3.258318 -0.176384 6
-1.358683 3.268428 -0.195396 6
-1.334123 3.331283 -0.186153 2
-1.279165 3.365302 -0.192649 2
-1.209414 3.386384 -0.206561 6
-1.120609 3.391564 -0.229815 6
-1.022352 3.390223 -0.257396 2
-0.996988 3.453024 -0.248729 2
-0.671116 3.264352 -0.386605 12
-0.693629 3.370349 -0.353964 12
-0.594148 3.376430 -0.380317 12
-0.473889 3.368125 -0.416128 12
-0.399768 3.397804 -0.429681 12
-0.386925 3.474578 -0.414477 12
-0.535732 3.669387 -0.324805 13
-0.433328 3.677321 -0.351888 13
-0.506510 3.810970 -0.298681 13
-0.470900 3.866174 -0.295470 13
-0.492212 3.959721 -0.266862 13
-0.473411 4.025064 -0.256556 13
-0.563921 4.160458 -0.198268 13
-0.551907 4.227520 -0.185745 13
-0.510718 4.275946 -0.186101 13
-0.480861 4.331413 -0.181596 13
-0.488520 4.408892 -0.161148 13
-0.526656 4.502812 -0.128097 13
-0.499193 4.557967 -0.123176 13
-0.421163 4.585274 -0.139477 13
-0.443074 4.667366 -0.114090 13
-0.459335 4.745148 -0.091410 13
-0.428553 4.797769 -0.088305 13
-0.409731 4.856389 -0.080398 13
-0.391350 4.914986 -0.072432 13
-0.380876 4.977084 -0.061419 13
-0.387856 5.046795 -0.043625 5
-0.352554 5.096770 -0.042774 5
-0.411073 5.187818 -0.005149 5
-0.393247 5.244536 0.002232 5
-0.404565 5.313089 0.020787 5
-0.299643 5.334358 -0.005561 5
-0.375976 5.427858 0.037615 5
-1.730166 6.000010 0.564622 5
-1.752446 6.054539 0.583120 5
-1.750999 6.099807 0.592505 5
-1.692994 6.125404 0.580755 5
-1.709427 6.176600 0.596652 5
-1.626606 6.195357 0.575940 5
-0.168276 5.790979 0.054125 7
-0.107741 5.834519 0.045233 7
-0.032891 5.874871 0.031320 7
-0.089235 5.952657 0.064515 7
1.588338 6.035824 -0.423193 5
1.607082 6.108658 -0.414196 5
1.623171 6.182015 -0.404374 5
-2.185688 -0.322913 -0.839342 8
-2.031901 -0.446332 -0.908554 8
-1.900700 -0.514493 -0.957803 8
-1.698616 -0.720700 -1.060651 8
-1.656811 -0.598067 -1.038154 8
-1.739708 -0.239104 -0.923321 8
-1.679370 -0.164592 -0.918172 10
-1.673559 0.008461 -0.873958 10
-1.644808 0.134323 -0.847809 10
-1.606968 0.240455 -0.829137 10
-1.556847 0.322737 -0.819798 10
-1.522367 0.429408 -0.800327 10
-1.454397 0.478619 -0.804178 10
-1.399750 0.548909 -0.799329 10
-1.358145 0.638464 -0.786320 10
-1.320742 0.732529 -0.771178 10
-1.247424 0.770911 -0.779490 10
-1.166457 0.798490 -0.792586 10
-1.075857 0.813163 -0.811506 10
-1.018256 0.875437 -0.809951 10
-0.897620 0.850849 -0.846694 10
-0.867648 0.950927 -0.828617 10
-1.346800 1.717166 -0.511017 6
-1.343432 1.833541 -0.482172 2
-1.436868 2.068847 -0.398402 6
-1.445063 2.191289 -0.365198 11
-1.499510 2.366401 -0.306838 6
-1.414468 2.371229 -0.327517 6
-1.543887 2.626128 -0.229809 12
-1.489117 2.663454 -0.234603 12
-1.554235 2.834356 -0.174807 12
-1.639475 3.022057 -0.105629 12
-1.373366 2.828900 -0.223337 6
-1.499059 3.055042 -0.134121 12
-1.389937 3.033261 -0.168178 6
-1.334889 3.068434 -0.173956 6
-1.264141 3.088564 -0.187655 6
-1.298078 3.210646 -0.148610 2
-1.273408 3.274314 -0.139517 2
-1.250917 3.339285 -0.129587 2
-1.186059 3.365081 -0.140576 6
-1.086485 3.360872 -0.168206 2
-1.015214 3.383380 -0.181831 2
-0.759239 3.249453 -0.282966 12
-0.764290 3.340989 -0.259520 12
-0.729985 3.398680 -0.254894 12
-0.669759 3.435337 -0.262384 12
-0.556147 3.430724 -0.294267 12
-0.439176 3.425889 -0.327178 12
-0.378551 3.465863 -0.334179 12
-0.526195 3.659808 -0.247999 13
-0.534077 3.747131 -0.225238 13
-0.520058 3.817559 -0.212510 13
-0.507375 3.888174 -0.199436 13
-0.484597 3.951226 -0.190967 13
-0.514864 4.048908 -0.159886 13
-0.453820 4.085651 -0.168207 13
0.145572 3.782942 -0.403937 13
0.185733 3.841659 -0.401533 13
-0.477137 4.469776 -0.073537 13
-0.485221 4.545437 -0.054098 13
-0.437504 4.589375 -0.057492 13
-0.571150 4.731086 0.011864 13
-0.446646 4.733368 -0.022532 13
-0.432958 4.794715 -0.012652 13
-0.463148 4.877534 0.014297 13
-0.402856 4.914957 0.005621 13
-0.414570 4.987264 0.024915 13
-0.394388 5.043922 0.031692 5
-0.340184 5.085172 0.025406 5
-0.365470 5.161804 0.049314 5
-0.371441 5.229025 0.065637 5
-0.303679 5.265099 0.054205 5
-0.379373 5.359708 0.096158 5
-0.512607 5.474397 0.158758 5
-0.656631 5.589555 0.224479 5
-1.718897 6.037139 0.623169 5
-1.720794 6.083888 0.633633 5
-1.720644 6.129538 0.643237 5
-1.658369 6.154208 0.630588 5
-1.673732 6.204870 0.645607 5
-0.097414 5.761288 0.100557 7
-0.093019 5.822202 0.111943 7
-0.066959 5.876557 0.115684 7
1.580031 6.025936 -0.329782 5
1.624857 6.093482 -0.329375 5
1.595146 6.175218 -0.304632 5
-1.919626 -0.880006 -0.936161 8
-1.740551 -1.042701 -1.019010 8
-1.611677 -0.273413 -0.853632 10
-1.603906 -0.102060 -0.812136 10
-1.583335 0.040443 -0.781022 10
-1.573638 0.197372 -0.743770 10
-1.528583 0.288824 -0.731468 10
-1.509453 0.421358 -0.702739 10
-1.431344 0.453853 -0.713266 10
-1.393656 0.551302 -0.697914 10
-1.301519 0.561648 -0.717491 10
-1.252626 0.639456 -0.709882 10
-1.187520 0.691762 -0.712614 10
-1.149418 0.783248 -0.699131 10
-1.078713 0.826343 -0.705651 10
-0.990274 0.844890 -0.722644 10
-0.932028 0.906020 -0.721800 10
-0.816268 0.889674 -0.754239 10
-1.406303 1.801448 -0.384754 6
-1.382400 1.889340 -0.369077 6
-1.483533 2.132697 -0.284443 11
-1.434056 2.182448 -0.284558 11
-1.439786 2.298584 -0.254809 6
-1.418326 2.379689 -0.240424 6
-1.501767 2.580767 -0.170737 12
-1.471608 2.646671 -0.162333 12
-1.482235 2.757022 -0.132991 12
-1.512747 2.886365 -0.094116 12
-1.500125 2.966257 -0.078086 12
-1.497804 3.055471 -0.057264 12
-1.416794 3.062255 -0.076201 12
-1.313168 3.047831 -0.106010 12
-1.236679 3.062481 -0.122026 12
-1.151444 3.069954 -0.142037 12
-1.207800 3.212731 -0.093762 6
-1.146405 3.242689 -0.102446 2
-1.056385 3.247369 -0.124509 2
-0.914471 3.207669 -0.170446 2
-0.826581 3.218558 -0.190610 12
-0.733300 3.226425 -0.212933 12
-0.720599 3.303344 -0.198291 12
-0.648775 3.330840 -0.210580 12
-0.590328 3.370045 -0.216723 12
-0.619736 3.478745 -0.183905 12
-0.479460 3.454695 -0.226163 12
-0.446989 3.514971 -0.220819 13
-0.483585 3.625869 -0.185782 13
-0.510608 3.727465 -0.155449 13
-0.464369 3.775303 -0.156743 13
-0.439184 3.837924 -0.149171 13
-0.287274 3.814492 -0.194689 3
-0.193288 3.832730 -0.215494 3
-0.123930 3.868532 -0.225860 3
-0.060518 3.909007 -0.233654 3
0.090770 3.895866 -0.276919 3
-0.109762 4.098634 -0.178174 7
-0.462049 4.456566 -0.004478 13
-0.142121 4.347318 -0.114428 7
-0.456932 4.595240 0.024709 13
-0.502430 4.689292 0.057575 13
-0.466143 4.738485 0.058545 13
-0.463858 4.805265 0.072470 13
-0.468619 4.874896 0.088868 13
-0.462386 4.938357 0.100905 13
-0.437190 4.992305 0.105701 13
-0.465928 5.071127 0.130426 13
-0.441097 5.124525 0.135102 5
-0.344293 5.146417 0.113428 5
-0.447610 5.255209 0.164685 5
-0.352466 5.278848 0.143734 5
-0.403733 5.363033 0.175485 5
-0.506438 5.465564 0.225105 5
-0.667790 5.587424 0.294773 5
-1.668331 6.013436 0.657768 5
-1.728536 6.081438 0.688406 5
-1.683171 6.111326 0.682132 5
-1.713313 6.167080 0.701907 5
-1.622475 6.182818 0.680143 5
-1.031586 6.044493 0.489120 5
-0.053174 5.802346 0.170087 7
-0.000571 5.849298 0.165097 7
0.660937 5.727214 -0.042243 5
1.557737 5.942830 -0.247669 5
1.641164 6.001924 -0.259229 5
1.591734 6.088225 -0.228636 5
1.628078 6.157360 -0.225284 5
-1.511458 -0.442685 -0.808832 10
-1.571820 -0.143585 -0.722563 10
-1.564995 0.023793 -0.683660 10
-1.522882 0.124007 -0.669174 10
-1.498003 0.251010 -0.644308 10
-1.443370 0.324793 -0.639213 10
-1.410899 0.433336 -0.620674 10
-1.358228 0.506958 -0.615285 10
-1.297063 0.566152 -0.615399 10
-1.223583 0.606050 -0.623074 10
-1.198967 0.718985 -0.601892 10
-1.144494 0.785630 -0.598837 10
-1.047501 0.790864 -0.620495 10
-0.956054 0.805661 -0.638629 10
-0.919019 0.896233 -0.625944 10
-1.423664 1.709579 -0.313392 6
-1.451274 1.866476 -0.269745 6
-1.446811 1.977618 -0.244606 11
-1.468559 2.118958 -0.206132 11
-1.416225 2.165192 -0.207845 11
-1.474848 2.345098 -0.151557 11
-1.477412 2.453325 -0.125618 11
-1.488563 2.568899 -0.095936 12
-1.492924 2.673896 -0.070415 12
-1.497718 2.776922 -0.045295 12
-1.480060 2.853140 -0.031911 12
-1.497968 2.965992 -0.001411 12
-1.470005 3.028147 0.006108 12
-1.400098 3.046616 -0.006772 12
-1.364984 3.101030 -0.002883 12
-1.272271 3.098414 -0.026310 12
-1.179608 3.097760 -0.049320 12
-1.122958 3.132990 -0.055277 12
-1.009350 3.115981 -0.087297 12
-0.939628 3.141364 -0.098831 12
-0.956137 3.244302 -0.071374 12
-0.834689 3.224969 -0.106013 12
-0.824919 3.303664 -0.090687 12
-0.808473 3.375623 -0.078596 12
-0.715864 3.384357 -0.099844 12
-0.647108 3.413925 -0.110482 12
-0.556053 3.426878 -0.130490 12
-0.544608 3.502672 -0.116478 12
-0.486521 3.542388 -0.122310 13
-0.536824 3.662581 -0.082936 13
-0.460675 3.688691 -0.096450 13
-0.475774 3.780413 -0.072387 13
-0.350431 3.773397 -0.105787 3
-0.334398 3.842947 -0.094611 3
-0.277227 3.884622 -0.100070 3
-0.150667 3.881937 -0.132978 3
-0.138953 3.954548 -0.120177 7
-0.052063 3.979895 -0.136937 7
-0.209764 4.154728 -0.058659 7
-0.150193 4.195691 -0.065130 7
-0.181907 4.290117 -0.036662 7
-0.174272 4.360565 -0.023524 7
-0.495659 4.611816 0.113120 13
-0.455268 4.659012 0.112743 13
-0.449515 4.724688 0.125211 13
-0.460465 4.798328 0.143649 13
-0.418505 4.844506 0.142517 13
-0.377578 4.891541 0.141791 13
-0.399646 4.968843 0.163755 13
-0.277138 4.978016 0.133777 5
-0.367493 5.085477 0.179743 5
-0.440939 5.182713 0.219126 5
-0.291964 5.182673 0.180195 5
-0.339863 5.267278 0.210199 5
-0.298329 5.314131 0.208970 5
-0.596251 5.494346 0.324040 5
-0.734317 5.606407 0.383184 5
-1.650434 6.001683 0.704366 5
-1.710568 6.069853 0.734023 5
-1.664412 6.099526 0.727885 5
-1.668360 6.146673 0.738437 5
-1.632999 6.180671 0.735952 5
-1.499946 6.184569 0.701628 5
0.030937 5.769066 0.214420 7
0.565532 5.676468 0.054718 5
0.637066 5.724778 0.045377 5
0.724492 5.769917 0.031155 5
0.864266 5.802962 0.000639 5
0.923111 5.858662 -0.004033 5
1.181034 5.940759 -0.056449 5
1.562653 5.930520 -0.159778 5
1.583799 6.002252 -0.151533 5
1.555036 6.083846 -0.128174 5
1.631477 6.144957 -0.136784 5
-1.504644 -0.248971 -0.655101 10
-1.509079 -0.059756 -0.610353 10
-1.513264 0.122376 -0.567352 10
-1.467898 0.214065 -0.556403 10
-1.423308 0.304930 -0.545523 10
-1.383424 0.401398 -0.532343 10
-1.339776 0.489642 -0.521956 10
-1.278770 0.549082 -0.522166 10
-1.195627 0.574329 -0.535293 10
-1.138395 0.639024 -0.533545 10
-1.072167 0.689911 -0.537056 10
-1.036359 0.783993 -0.523805 10
-0.930696 0.778824 -0.549228 10
0.190009 -0.608929 -1.122356 10
-1.328583 1.589127 -0.273612 6
-1.396390 1.800689 -0.210024 6
-1.496231 2.046475 -0.131327 11
-1.504550 2.169175 -0.101694 11
-1.484986 2.254389 -0.087034 11
-1.494895 2.373424 -0.057942 11
-1.478347 2.458208 -0.042760 11
-1.494561 2.579223 -0.011834 12
-1.486880 2.670073 0.006700 12
-1.497092 2.778899 0.033410 12
-1.492242 2.868740 0.052304 12
-1.510781 2.981670 0.081809 12
-1.508452 3.070037 0.100890 12
-1.428048 3.076684 0.083343 12
-1.329594 3.066699 0.057798 12
-1.279052 3.105995 0.054476 12
-1.157432 3.077045 0.019163 12
-1.104938 3.116363 0.015302 12
-1.093108 3.193623 0.029439 12
-0.935390 3.137391 -0.020599 12
-0.887391 3.182832 -0.022163 12
-0.872995 3.257682 -0.009288 12
-0.827762 3.305206 -0.009815 12
-0.783081 3.353280 -0.010131 12
-0.763623 3.422092 0.000092 12
-0.704663 3.458475 -0.006281 12
-0.629543 3.482749 -0.019218 12
-0.510168 3.474086 -0.050012 12
-0.521816 3.566664 -0.027296 13
-0.483128 3.620462 -0.025169 13
-0.486917 3.704911 -0.006188 13
-0.444239 3.755192 -0.005866 13
-0.420214 3.818511 0.001745 3
-0.377054 3.868458 0.001797 3
-0.272765 3.878066 -0.021703 3
-0.217945 3.921688 -0.025928 3
-0.214388 3.998328 -0.010646 7
-0.164931 4.045586 -0.012868 7
-0.165063 4.123290 0.003462 7
-0.151611 4.191977 0.014517 7
-0.156584 4.270767 0.032187 7
-0.462752 4.518891 0.159500 13
-0.447131 4.580290 0.168382 13
-0.423259 4.636851 0.174181 13
-0.425377 4.706939 0.189182 13
-0.394640 4.759345 0.192345 13
-0.430965 4.845407 0.219056 13
-0.387608 4.890924 0.217592 13
-0.382872 4.955230 0.229552 13
-0.329067 4.996225 0.224486 13
-0.316261 5.056413 0.233520 5
-0.297123 5.113502 0.240307 5
-0.275478 5.169370 0.246182 5
-0.306453 5.247061 0.269595 5
-0.418560 5.356273 0.319641 5
-0.423479 5.420233 0.333692 5
-0.561638 5.534374 0.391191 5
-1.605561 5.979937 0.742327 5
-1.656219 6.045207 0.768036 5
-1.660616 6.092909 0.778591 5
-1.665554 6.140352 0.789204 5
-1.639837 6.177387 0.790012 5
-1.532270 6.188954 0.765138 5
0.271443 5.688174 0.211637 0
0.561323 5.668887 0.134619 5
0.642751 5.714139 0.122830 5
0.697331 5.767990 0.119462 5
0.765496 5.819058 0.112075 5
0.827155 5.872797 0.106811 5
0.912033 5.921896 0.094727 5
1.055070 5.959099 0.065569 5
1.306920 5.975166 0.004717 5
1.387763 6.031663 -0.005059 5
1.438957 6.095339 -0.005985 5
1.691702 6.121966 -0.065191 5
1.829304 6.173836 -0.090405 5
-1.442487 -0.344868 -0.582152 10
-1.468897 -0.115104 -0.525681 10
-1.456317 0.038541 -0.494542 10
-1.431159 0.165930 -0.471979 10
-1.375519 0.239103 -0.468059 10
-1.351838 0.362837 -0.446061 10
-1.310726 0.455518 -0.434753 10
-1.243828 0.506190 -0.438375 10
-1.172816 0.550446 -0.444350 10
-1.149346 0.665383 -0.424404 10
-1.030239 0.638553 -0.456637 10
-1.022999 0.773933 -0.428717 10
-0.959728 0.827705 -0.431067 10
-0.952361 0.957468 -0.404482 10
-0.986198 1.138895 -0.357523 10
-1.296695 1.676443 -0.171529 6
-1.492538 2.047176 -0.047378 11
-1.501051 2.169751 -0.018955 11
-1.495523 2.271885 0.001864 11
-1.490845 2.372680 0.022550 11
-1.482367 2.466698 0.040885 11
-1.506741 2.596654 0.074334 12
-1.505094 2.693697 0.094797 12
-1.498791 2.783436 0.112606 12
-1.481732 2.859637 0.125044 12
-1.479489 2.950327 0.143913 12
-1.500600 3.063536 0.172873 12
-1.425104 3.075104 0.158120 12
-1.350113 3.088455 0.143830 12
-1.258384 3.086584 0.122448 12
-1.151219 3.071711 0.094743 12
-1.045370 3.060505 0.068083 12
-1.042482 3.146901 0.085667 12
-0.999325 3.195242 0.085926 12
-0.929478 3.219850 0.075006 12
-0.792276 3.186757 0.036384 12
-0.745368 3.234023 0.035453 12
-0.763313 3.335635 0.060878 12
-0.771155 3.426913 0.081768 12
-0.670099 3.429154 0.058778 12
-0.561737 3.427626 0.033272 12
-0.550066 3.502716 0.046158 13
-0.462610 3.519736 0.029305 12
-0.490045 3.623059 0.057092 13
-0.447604 3.673787 0.057654 13
-0.471154 3.771319 0.083271 3
-0.455757 3.840010 0.093798 3
-0.364336 3.856505 0.075744 3
-0.303262 3.894718 0.069234 3
-0.127917 3.859467 0.020804 7
-0.158157 3.958660 0.048165 7
-0.168808 4.043813 0.068017 7
-0.143504 4.105856 0.074656 7
-0.164367 4.195023 0.097666 7
-0.082578 4.223176 0.084028 7
-0.459244 4.512331 0.231560 13
-0.431904 4.567133 0.236125 13
-0.407406 4.623390 0.241626 13
-0.432359 4.705588 0.264040 13
-0.372299 4.742646 0.257185 13
-0.391234 4.820160 0.277170 13
-0.340497 4.862384 0.273504 13
-0.444371 4.978972 0.321438 13
-0.218495 4.939010 0.259634 13
-0.286196 5.036861 0.295162 5
-0.263467 5.092580 0.300733 5
-0.251687 5.152933 0.309804 5
-0.244735 5.214991 0.320336 5
-0.216992 5.268212 0.324125 5
-0.332993 5.378165 0.373440 5
-0.319535 5.435398 0.381378 5
-0.744494 5.655162 0.526186 5
-1.632857 6.031607 0.812729 5
-1.630752 6.077225 0.821060 5
-1.621397 6.120098 0.827093 5
-1.620578 6.165633 0.835673 5
-1.551591 6.189358 0.823614 5
-0.966961 6.057195 0.657327 5
0.678942 5.625573 0.177726 5
0.691903 5.691234 0.187127 5
0.721434 5.752231 0.191605 5
0.852322 5.786915 0.166563 5
0.893620 5.846471 0.167856 5
1.081856 5.871142 0.126984 5
1.041262 5.952056 0.152051 5
1.149961 5.998938 0.134541 5
1.234161 6.052851 0.124249 5
1.364333 6.099001 0.101330 5
1.401859 6.164996 0.104534 5
1.725616 6.180276 0.028857 5
-1.416497 -0.191963 -0.447174 10
-1.418102 -0.012606 -0.409140 10
-1.376915 0.088275 -0.396696 10
-1.334755 0.185065 -0.385351 10
-1.312568 0.311908 -0.363491 10
-1.275550 0.411745 -0.350479 10
-1.240586 0.512436 -0.336884 10
-1.177407 0.568070 -0.338768 10
-1.120006 0.631899 -0.337737 10
-1.028043 0.644909 -0.354746 10
-1.018310 0.776156 -0.329500 10
-0.972025 0.853149 -0.323436 10
-0.944905 0.955066 -0.308097 10
-0.915094 1.051227 -0.294564 10
-1.046811 1.356350 -0.202835 10
-1.488154 2.046958 0.035698 11
-1.495680 2.167952 0.062361 11
-1.497390 2.278682 0.085614 11
-1.486178 2.371170 0.102268 11
-1.489496 2.478815 0.125181 11
-1.500547 2.592826 0.151064 12
-1.491385 2.681155 0.167230 12
-1.498015 2.785206 0.190049 12
-1.474556 2.854152 0.199060 12
-1.469843 2.942053 0.216036 12
-1.472962 3.036373 0.236018 12
-1.428092 3.079586 0.234994 12
-1.319240 3.058658 0.206791 12
-1.260620 3.089686 0.200209 12
-1.140751 3.062276 0.168210 12
-1.054016 3.069059 0.150447 12
-1.033164 3.138407 0.159913 12
-0.936630 3.138257 0.138528 12
-0.903150 3.196072 0.142812 12
-0.861108 3.246071 0.143594 12
-0.825825 3.301805 0.147007 12
-0.782273 3.350376 0.147114 12
-0.746408 3.405299 0.150184 12
-0.662811 3.421717 0.134861 12
-0.611080 3.464589 0.131925 12
-0.446647 3.421001 0.086490 12
-0.472978 3.525258 0.113222 13
-0.500507 3.628298 0.139952 13
-0.468516 3.686207 0.144332 13
-0.470995 3.768320 0.161230 3
-0.451027 3.833649 0.169731 3
-0.394626 3.873740 0.165017 3
-0.272193 3.870551 0.136859 3
-0.163918 3.879023 0.114168 3
-0.127662 3.935292 0.117109 7
-0.124411 4.012067 0.131507 7
-0.080071 4.062966 0.131516 7
-0.094154 4.148823 0.151561 7
-0.057525 4.203916 0.154083 7
-0.047741 4.274311 0.165649 7
-0.031310 4.340401 0.174843 7
-0.353503 4.589336 0.296426 13
-0.380435 4.673157 0.318857 13
-0.384230 4.743608 0.333413 13
-0.297902 4.767900 0.318513 13
-0.272305 4.823437 0.323450 13
-0.269249 4.889698 0.335565 13
-0.275306 4.959612 0.350437 13
-0.147448 4.967934 0.322904 5
-0.172512 5.046290 0.343685 5
-0.150865 5.103340 0.349694 5
-0.184847 5.183582 0.372825 5
-0.089390 5.209802 0.356026 5
-0.055493 5.262005 0.358238 5
-0.072496 5.333975 0.375836 5
-1.114073 5.786591 0.700330 5
-1.591924 6.011631 0.852489 5
-1.657459 6.081289 0.880701 5
-1.579408 6.100494 0.866431 5
-1.580477 6.147027 0.875454 5
-1.542233 6.180757 0.873024 5
-1.432494 6.193131 0.850143 5
0.760650 5.662666 0.246643 5
0.824863 5.784651 0.254628 5
0.859459 5.845426 0.257967 5
1.095260 5.857818 0.205957 5
1.132444 5.920781 0.209052 5
1.164571 5.985266 0.213568 5
1.214252 6.046356 0.213382 5
1.287566 6.103384 0.206969 5
1.465169 6.141716 0.173029 5
1.535973 6.202611 0.167849 5
-1.318680 -0.348908 -0.392459 10
-1.350411 -0.114567 -0.339095 10
-1.340528 0.041003 -0.310058 10
-1.325849 0.183764 -0.284590 10
-1.289694 0.287569 -0.271348 10
-1.229138 0.350308 -0.271355 10
-1.186903 0.440653 -0.262098 10
-1.127704 0.503486 -0.261852 10
-1.092668 0.601418 -0.249642 10
-1.023665 0.648036 -0.254699 10
-1.014725 0.779891 -0.230379 10
-0.999856 0.900050 -0.209635 10
-1.023311 1.069356 -0.171193 10
-1.036444 1.219957 -0.138630 10
-1.005754 1.309227 -0.127369 10
-1.500643 2.068264 0.126071 11
-1.497219 2.174774 0.146396 11
-1.487763 2.271347 0.163477 11
-1.501906 2.394142 0.190654 11
-1.461346 2.449356 0.193025 11
-1.463362 2.553227 0.213894 12
-1.487966 2.680244 0.244043 12
-1.457452 2.742867 0.249927 12
-1.457379 2.837795 0.268545 12
-1.459358 2.932880 0.287607 12
-1.468698 3.033610 0.309312 12
-1.451432 3.104871 0.319612 12
-1.313899 3.054465 0.280685 12
-1.274517 3.104240 0.282075 12
-1.195258 3.115421 0.267472 12
-1.062889 3.077823 0.232086 12
-0.978620 3.088063 0.216202 12
-0.950142 3.150385 0.222278 12
-0.920934 3.211501 0.227946 12
-0.852913 3.238307 0.218681 12
-0.774298 3.256954 0.205560 12
-0.743084 3.316491 0.210441 12
-0.691159 3.358679 0.207530 12
-0.648695 3.408804 0.208154 12
-0.571613 3.431729 0.196115 12
-0.521594 3.476675 0.194089 12
-0.502494 3.545256 0.203212 13
-0.551569 3.663576 0.236483 13
-0.406873 3.638904 0.200737 13
-0.514684 3.796415 0.254088 3
-0.492956 3.859677 0.261554 3
-0.422764 3.889570 0.252203 1
-0.335493 3.909087 0.237181 1
-0.157154 3.870839 0.191520 3
-0.061072 3.888941 0.174296 3
0.012297 3.922837 0.164954 7
-0.124686 4.085753 0.225481 7
0.048027 4.059721 0.183286 7
-0.014706 4.174311 0.218579 7
-0.005954 4.321285 0.244537 7
-0.281848 4.545589 0.346609 13
-0.308368 4.629995 0.368288 13
-0.232526 4.660087 0.357547 13
-0.232462 4.729547 0.370618 13
-0.183329 4.774167 0.368365 13
-0.195226 4.848554 0.384921 13
-0.172131 4.905629 0.390619 13
-0.129581 4.953753 0.390400 13
-0.102875 5.009281 0.394990 13
-0.111217 5.079940 0.410008 5
-0.122296 5.150952 0.425669 5
0.116797 5.119072 0.367718 5
0.005136 5.231191 0.412885 5
0.072209 5.271387 0.405752 5
0.088754 5.331452 0.413295 5
-1.535764 5.986062 0.888652 5
-1.570801 6.045635 0.907315 5
-1.565854 6.090482 0.914524 5
-1.539429 6.128033 0.915688 5
-1.517458 6.167256 0.918119 5
-1.453506 6.193740 0.909027 5
1.230759 5.887625 0.265947 5
1.196352 5.967778 0.288057 5
1.378574 6.000822 0.254146 5
1.383166 6.073194 0.266262 5
1.441959 6.134915 0.264552 5
1.503591 6.196997 0.262265 5
-1.104008 -0.711522 -0.396300 10
-1.275413 -0.228803 -0.270558 10
-1.288018 -0.033343 -0.230990 10
-1.274890 0.113077 -0.205871 10
-1.239977 0.219974 -0.192606 10
-1.182608 0.288825 -0.191052 10
-1.150699 0.396006 -0.177161 10
-1.107397 0.483423 -0.169305 10
-1.063910 0.568874 -0.161871 10
0.132861 -1.015417 -0.701323 10
-0.960273 0.711534 -0.155725 10
-0.977576 0.877305 -0.120960 10
-1.015312 1.066007 -0.077775 10
-0.997002 1.174425 -0.061017 10
-0.996489 1.303584 -0.036780 10
-1.497104 2.069045 0.208241 11
-1.476686 2.153959 0.220110 11
-1.492971 2.282174 0.247518 11
-1.467398 2.356743 0.256378 11
-1.476490 2.470854 0.279660 11
-1.467252 2.561021 0.294728 12
-1.463188 2.655182 0.311582 12
-1.448744 2.735841 0.323791 12
-1.440266 2.821510 0.338138 12
-1.460225 2.935783 0.363594 12
-1.465241 3.031682 0.382569 12
-1.438184 3.092722 0.388505 12
-1.324242 3.065987 0.360381 12
-1.272424 3.103073 0.356791 12
-1.144421 3.067097 0.324063 12
-1.147304 3.157894 0.341599 2
-1.121799 3.220674 0.348124 2
-1.089745 3.276871 0.352078 2
-1.057599 3.332611 0.355917 2
-1.006597 3.371578 0.352781 2
-0.796056 3.274663 0.291830 12
-0.743999 3.316152 0.288927 12
-0.704403 3.368196 0.290517 12
-0.677025 3.429988 0.296401 12
-0.556300 3.417864 0.269491 12
-0.483700 3.445416 0.259762 12
-0.438704 3.494824 0.259717 13
-0.476042 3.605276 0.287807 13
-0.395025 3.627625 0.275360 13
-0.480368 3.769246 0.319021 3
-0.465813 3.837804 0.328706 3
-0.382880 3.859214 0.315660 3
-0.291872 3.876592 0.300204 3
-0.248016 3.926223 0.300357 3
-0.071807 3.891768 0.257845 3
0.056549 3.891030 0.231354 3
0.133187 3.924335 0.221737 3
0.420184 3.833421 0.146049 13
0.393469 3.931913 0.169629 13
0.413527 4.083030 0.193222 13
0.398177 4.171379 0.212568 13
-0.181599 4.557723 0.402678 13
-0.235785 4.656507 0.431909 13
-0.184955 4.700151 0.429411 13
-0.129151 4.741890 0.425530 13
-0.146052 4.819225 0.443127 13
-0.155546 4.892001 0.458354 13
-0.091300 4.930253 0.452065 13
0.006438 4.954525 0.436307 13
-1.562675 6.037469 0.957070 5
-1.591761 6.093934 0.973290 5
-1.557942 6.128640 0.972551 5
-1.541627 6.169356 0.976514 5
-1.493672 6.200348 0.972164 5
1.495415 6.039371 0.323341 5
1.491634 6.114129 0.337461 5
1.520833 6.182436 0.343572 5
-1.186340 -0.366894 -0.206402 10
-1.243110 -0.094686 -0.146573 10
-1.236895 0.063911 -0.119320 10
-1.194063 0.158670 -0.110612 10
-1.147006 0.244691 -0.104294 10
-1.121573 0.362349 -0.088120 10
-1.089062 0.466339 -0.075772 10
-1.055933 0.567036 -0.064139 10
-1.016312 0.656139 -0.055847 10
-1.001638 0.778822 -0.036705 10
-1.008063 0.927654 -0.008792 10
-0.974827 1.018563 0.001048 10
-0.969877 1.145318 0.022791 10
-0.993271 1.305788 0.056066 10
-1.482483 2.055664 0.285265 11
-1.457516 2.134857 0.294595 11
-1.450965 2.235164 0.311275 11
-1.453975 2.344676 0.331456 11
-1.468762 2.465412 0.355928 11
-1.447955 2.542070 0.365598 11
-1.434857 2.626121 0.378083 12
-1.425817 2.713068 0.391872 12
-1.434976 2.818057 0.412420 12
-1.438948 2.915118 0.430540 12
-1.430323 2.996941 0.443483 12
-1.411930 3.067278 0.452470 12
-1.318962 3.061842 0.433412 12
-1.248857 3.080808 0.423156 12
-1.178443 3.100493 0.412965 2
-1.213582 3.220830 0.441285 2
-1.205091 3.297865 0.453378 2
-1.130525 3.313736 0.441688 2
-1.110252 3.379058 0.449390 2
-0.968977 3.338199 0.414580 2
-0.837809 3.309459 0.383896 12
-0.732611 3.305522 0.362692 12
-0.707714 3.369580 0.369254 12
-0.605773 3.371171 0.349662 12
-0.584112 3.437955 0.357333 12
-0.489384 3.447755 0.340603 12
-0.457010 3.506387 0.344726 12
-0.389445 3.538726 0.337299 13
-0.422916 3.645157 0.362769 13
-0.355645 3.677881 0.355461 13
-0.319878 3.733357 0.358346 13
-0.276535 3.783611 0.358820 3
-0.198224 3.810746 0.348352 3
-0.131005 3.846282 0.341540 3
-0.046234 3.871481 0.329459 3
0.022298 3.908148 0.322584 3
0.333451 3.797691 0.242175 13
0.403570 3.838460 0.235711 13
0.417427 3.912920 0.246218 13
0.347618 4.034457 0.281428 13
0.249338 4.169083 0.324521 13
-0.168132 4.473883 0.460198 13
-0.122828 4.521360 0.459756 13
-0.167945 4.616095 0.485370 13
-0.146182 4.675110 0.491570 13
-0.040331 4.692433 0.473932 13
0.011406 4.737699 0.471826 13
0.273264 4.684933 0.411245 13
-1.503794 6.011355 0.993663 5
-1.528158 6.066805 1.008222 5
-1.510093 6.107307 1.011828 5
-1.493057 6.148209 1.015704 5
-1.442825 6.178874 1.011267 5
0.312523 5.700025 0.582862 5
1.570776 6.012831 0.391233 5
1.514968 6.098382 0.417211 5
1.585185 6.159158 0.414117 5
-1.107590 -0.486777 -0.133949 10
-1.163795 -0.213658 -0.077158 10
-1.177792 -0.019810 -0.041695 10
-1.167175 0.128086 -0.018623 10
-1.133770 0.235802 -0.006620 10
-1.080468 0.310319 -0.003963 10
-1.064848 0.440409 0.015169 10
-1.012747 0.513277 0.017781 10
-1.015948 0.664886 0.044092 10
-0.994582 0.777502 0.059200 10
-0.998394 0.922295 0.084478 10
-0.999867 1.059966 0.108115 10
-0.979584 1.165122 0.122174 10
-0.990033 1.307932 0.148368 10
-1.464179 2.037592 0.360792 11
-1.437607 2.114845 0.368951 11
-1.445435 2.232824 0.390452 11
-1.450294 2.344284 0.410295 11
-1.426057 2.418867 0.418447 11
-1.430909 2.525718 0.437513 11
-1.425177 2.618130 0.452154 12
-1.421044 2.710391 0.467072 12
-1.423228 2.807591 0.484010 12
-1.407003 2.883118 0.493835 12
-1.386867 2.953318 0.502028 12
-1.405385 3.061982 0.523970 12
-1.315868 3.059883 0.506943 12
-1.280836 3.113097 0.509481 2
-1.303579 3.221599 0.532193 2
-1.322755 3.324238 0.553246 2
-1.216473 3.308517 0.530791 2
-1.118348 3.302571 0.511522 6
-1.075687 3.347971 0.511327 6
-0.963927 3.333198 0.488025 2
-0.859245 3.326920 0.467491 2
-0.698123 3.275555 0.428777 12
-0.654700 3.324764 0.429104 12
-0.625758 3.385669 0.434120 12
-0.512014 3.379371 0.411913 12
-0.487018 3.443898 0.418289 12
-0.419495 3.475772 0.411193 12
-0.300929 3.470689 0.388308 13
-0.253631 3.519699 0.387903 12
-0.305944 3.639691 0.418124 13
-0.247544 3.679955 0.414170 13
-0.183568 3.717007 0.408636 13
-0.135444 3.765374 0.407982 13
-0.026328 3.774251 0.389260 13
0.099535 3.774456 0.365952 13
0.172236 3.810317 0.358610 13
0.194608 3.877890 0.366035 13
0.042849 4.049077 0.423493 13
-0.071079 4.193157 0.469297 13
-0.066247 4.265539 0.480808 13
-0.075790 4.345202 0.496234 13
-0.094781 4.428930 0.514111 13
-0.143239 4.527045 0.539919 13
-0.041454 4.545115 0.524167 13
-0.029317 4.610429 0.533130 13
0.026574 4.653667 0.530205 13
-1.430307 5.979932 1.027868 5
-1.534080 6.063452 1.061449 5
-1.509907 6.101749 1.063583 5
-1.453919 6.129999 1.058105 5
-1.467092 6.180678 1.069282 5
-1.379974 6.200619 1.056623 5
0.051927 5.832189 0.728410 5
1.637717 5.987853 0.462370 5
1.481937 6.093699 0.509461 5
1.605350 6.143974 0.495375 5
1.658655 6.208802 0.496761 5
-0.957091 -0.729289 -0.091254 10
-1.103236 -0.300804 0.003521 10
-1.140942 -0.066807 0.047664 10
-1.104265 0.039776 0.058035 10
-1.089513 0.178209 0.077468 10
-1.053646 0.280334 0.087302 10
-1.018629 0.381432 0.097140 10
-0.998317 0.501938 0.112747 10
-0.979821 0.622046 0.128632 10
-0.978163 0.762937 0.150890 10
-0.976137 0.899519 0.172405 10
-0.977961 1.037708 0.194884 10
-0.953994 1.138058 0.206673 10
-0.981884 1.303661 0.238258 10
-0.951924 1.390932 0.246897 10
-1.426640 2.105994 0.446915 11
-1.424120 2.211176 0.463376 11
-1.417958 2.309551 0.478101 11
-1.418543 2.413684 0.494972 11
-1.415800 2.511601 0.510257 11
-1.390539 2.581981 0.517090 12
-1.382443 2.670296 0.529893 12
-1.385882 2.769374 0.546501 12
-1.389827 2.866831 0.562949 12
-1.369367 2.936763 0.570609 12
-1.366798 3.023950 0.584256 12
-1.310222 3.055362 0.579275 12
-1.328114 3.160389 0.599471 2
-1.330247 3.247879 0.614035 2
-1.286907 3.290763 0.613295 2
-1.178854 3.273830 0.591369 2
-1.200421 3.376894 0.611940 6
-1.150678 3.414294 0.609205 6
-1.035982 3.395404 0.585812 6
-0.865915 3.331779 0.545342 2
-0.841505 3.394522 0.551249 2
-0.657127 3.325427 0.507376 12
-0.613846 3.374535 0.507743 12
-0.594579 3.442636 0.515465 12
-0.423420 3.392766 0.477099 12
-0.368794 3.435162 0.474399 12
-0.236839 3.420685 0.448762 12
-0.241383 3.508080 0.463885 12
-0.154336 3.529018 0.451988 13
-0.178928 3.629075 0.472741 13
-0.155617 3.694620 0.479408 13
-0.122666 3.753301 0.483262 13
-0.094475 3.814954 0.488453 13
-0.083464 3.887333 0.498440 13
-0.092439 3.971499 0.513889 13
-0.100025 4.053591 0.528763 13
-0.046472 4.097966 0.526697 13
-0.050099 4.176289 0.540276 13
-0.053367 4.253419 0.553605 13
-0.083627 4.344678 0.574013 13
-0.031534 4.389383 0.572300 13
-0.011365 4.451626 0.579092 13
0.017730 4.508947 0.583517 13
0.100864 4.538785 0.573938 13
-1.455263 6.030883 1.094650 5
-1.494805 6.091227 1.111687 5
-1.435551 6.118428 1.105972 5
-1.443113 6.167485 1.115563 5
-1.400826 6.201021 1.113880 5
0.041912 5.827178 0.800129 5
0.129357 5.864058 0.791186 5
1.459230 6.013856 0.585965 5
1.476024 6.083788 0.594976 5
1.580624 6.137220 0.585969 5
1.554552 6.215718 0.603893 5
-1.022023 -0.422248 0.077395 10
-1.059664 -0.186408 0.119253 10
-1.066174 -0.008548 0.147018 10
-1.041872 0.115451 0.161363 10
-1.015490 0.233016 0.174404 10
-0.991323 0.350970 0.187913 10
-1.000223 0.514589 0.214053 10
-0.972549 0.620793 0.225232 10
-0.957830 0.742858 0.241068 10
-0.943665 0.862669 0.256682 10
-0.959322 1.019886 0.283119 10
-0.939419 1.125608 0.295658 10
-0.939426 1.254856 0.315211 10
-0.955050 1.400722 0.339990 10
-1.412381 2.093036 0.523585 11
-1.383954 2.166523 0.529857 11
-1.400107 2.292190 0.551723 11
-1.392457 2.386704 0.564790 11
-1.392221 2.487745 0.580139 11
-1.374026 2.566294 0.589007 12
-1.380331 2.670560 0.606001 12
-1.374598 2.759422 0.618606 12
-1.367681 2.845268 0.630565 12
-1.332864 2.900418 0.633093 12
-1.336406 2.994304 0.648098 12
-1.342211 3.088520 0.663555 12
-1.294031 3.127788 0.661427 2
-1.307244 3.226339 0.678840 2
-1.308765 3.311747 0.692266 2
-1.195992 3.289806 0.669828 2
-1.206663 3.382438 0.685948 6
-1.153750 3.416677 0.682329 6
-1.063950 3.419199 0.667599 6
-0.873860 3.337733 0.622982 2
-0.903918 3.445738 0.644817 2
-0.632311 3.303733 0.577130 12
-0.545544 3.318031 0.564809 12
-0.540361 3.398122 0.576439 12
-0.491066 3.442990 0.575201 12
-0.364578 3.429707 0.551978 12
-0.308608 3.471381 0.549160 12
-0.141627 3.432897 0.515263 12
-0.114292 3.497568 0.520868 12
-0.034054 3.525004 0.511824 13
-0.130848 3.674387 0.551467 13
-0.045926 3.698515 0.541159 13
-0.069697 3.795023 0.560358 13
-0.046274 3.859628 0.566697 13
0.003410 3.907429 0.566037 13
0.039009 3.964225 0.569156 13
0.017499 4.055219 0.587179 13
0.040183 4.118830 0.593555 13
1.252957 3.500922 0.294701 6
0.080334 4.248081 0.607547 13
0.073992 4.546838 0.656471 13
-1.405741 6.008288 1.135994 5
-1.448434 6.070195 1.153128 5
-1.418110 6.107134 1.154273 5
-1.416519 6.153431 1.161650 5
-1.371063 6.186151 1.159661 5
0.086067 5.806371 0.859902 5
0.145659 5.851346 0.857671 5
0.219935 5.893214 0.852556 5
1.451299 6.004646 0.671443 5
1.457653 6.076427 0.682463 5
1.460592 6.148663 0.694133 5
1.598233 6.196455 0.679900 5
-0.786794 -0.800565 0.092268 10
-1.007825 -0.257540 0.205435 10
-1.023927 -0.063404 0.235311 10
-0.991070 0.047903 0.245386 10
-0.998919 0.218845 0.270693 10
-0.958186 0.311818 0.276940 10
-0.948217 0.448062 0.294452 10
-0.956796 0.607322 0.318334 10
-0.943302 0.730962 0.333545 10
-0.936711 0.861044 0.350845 10
-0.917222 0.970395 0.363101 10
-0.920292 1.107134 0.383008 10
-0.901621 1.212153 0.394846 10
-1.324948 1.876339 0.559200 2
-1.392828 2.073490 0.598482 11
-1.358349 2.139692 0.602270 11
-1.361481 2.249992 0.618562 11
-1.350322 2.340931 0.629766 11
-1.348174 2.440384 0.643690 11
-1.330137 2.519769 0.652162 11
-1.345485 2.634654 0.671210 12
-1.309568 2.691261 0.673539 12
-1.332807 2.810198 0.694504 12
-1.319463 2.888144 0.703630 12
-1.294661 2.953080 0.709040 12
-1.301459 3.048843 0.724057 12
-1.284352 3.119148 0.731537 2
-1.267766 3.188948 0.739051 2
-1.261313 3.267325 0.749470 2
-1.208801 3.301776 0.746091 2
-1.165261 3.344767 0.745425 6
-1.095484 3.364514 0.737170 6
-0.919789 3.292934 0.698575 2
-0.865950 3.330145 0.695485 2
-0.872123 3.418058 0.709467 2
-0.536920 3.224076 0.627456 12
-0.518173 3.294439 0.634928 12
-0.505228 3.368633 0.643914 12
-0.470083 3.424771 0.646722 12
-0.319194 3.393080 0.618154 12
-0.246892 3.423107 0.611244 12
-0.223871 3.489920 0.617638 12
-0.001855 3.414549 0.571392 12
0.026871 3.479319 0.576634 12
0.187236 3.453879 0.547643 12
0.347229 3.432145 0.519297 12
0.147862 3.648936 0.583333 13
0.079888 3.774912 0.613082 13
0.904765 3.338493 0.417988 2
0.958673 3.396120 0.418378 2
1.157950 3.366925 0.382910 6
1.194620 3.437284 0.387987 6
-1.400404 6.048507 1.195147 5
-1.403325 6.096681 1.203337 5
-1.367177 6.132156 1.203568 5
-1.345500 6.172503 1.206798 5
-1.234965 6.186884 1.192373 5
0.084316 5.860631 0.939614 5
0.116930 5.913018 0.943199 5
0.177623 5.958359 0.941411 5
1.479930 5.987772 0.749645 5
1.408217 6.075413 0.774938 5
1.494770 6.131029 0.771112 5
1.480410 6.206361 0.785782 5
-0.915595 -0.394350 0.278065 10
-0.944358 -0.177678 0.310936 10
-0.953176 0.000687 0.335629 10
-0.968837 0.184024 0.362119 10
-0.943901 0.300951 0.373421 10
-0.940260 0.446227 0.391904 10
-0.926229 0.572595 0.406278 10
-0.918809 0.705060 0.422553 10
-0.913172 0.836561 0.439024 10
-0.888832 0.939479 0.448781 10
-0.883302 1.065068 0.464566 10
-0.877841 1.187672 0.480004 10
-1.317041 1.871606 0.640429 2
-1.335072 2.006444 0.661277 11
-1.340775 2.122677 0.677733 11
-1.322992 2.208006 0.686398 11
-1.297892 2.283147 0.692583 11
-1.322430 2.414092 0.714061 11
-1.290940 2.478569 0.717879 11
-1.296965 2.583678 0.733052 12
-1.276077 2.657295 0.739816 12
-1.280657 2.756812 0.754070 12
-1.286635 2.855653 0.768479 12
-1.294700 2.954517 0.783243 12
-1.277163 3.025649 0.790310 12
-1.262588 3.098650 0.798117 2
-1.267771 3.189556 0.811439 2
-1.244313 3.251642 0.816446 2
-1.206023 3.299324 0.817233 2
-1.118471 3.302207 0.804358 2
-1.024049 3.300632 0.789852 2
-0.964976 3.331742 0.785278 2
-0.922340 3.377522 0.785264 2
-0.572651 3.166055 0.703007 12
-0.569431 3.249441 0.714261 12
-0.500762 3.278856 0.708131 12
-0.428222 3.306085 0.701146 12
-0.341280 3.323164 0.690607 12
-0.297390 3.374293 0.691350 12
-0.249251 3.422360 0.691059 12
-0.065609 3.372101 0.656650 12
0.013224 3.400790 0.649104 12
0.000189 3.494712 0.664541 12
0.187480 3.450202 0.630520 12
0.292913 3.464685 0.617107 12
0.408845 3.474140 0.601459 12
1.004540 3.178159 0.471101 2
0.983159 3.284559 0.489752 2
1.030078 3.347306 0.492082 2
1.203810 3.334062 0.464814 2
1.258655 3.394137 0.465674 6
1.350635 3.433254 0.458085 6
-1.360933 6.029610 1.239794 5
-1.358654 6.076428 1.246821 5
-1.361980 6.124748 1.254897 5
-1.308458 6.155295 1.252188 5
-1.254099 6.186429 1.249477 5
0.113427 5.844345 1.003075 5
0.122671 5.903295 1.011170 5
0.140875 5.959719 1.017635 5
0.244418 5.994531 1.008713 5
1.458052 5.981600 0.837020 5
1.371546 6.071998 0.863793 5
1.461236 6.126379 0.860164 5
1.428409 6.204642 0.877545 5
-0.827833 -0.523454 0.355660 10
-0.909571 -0.220272 0.404936 10
-0.900889 -0.068860 0.421876 10
-0.909367 0.104417 0.444177 10
-0.885363 0.223953 0.454987 10
-0.886084 0.376733 0.473704 10
-0.890622 0.530704 0.493203 10
-0.859046 0.629687 0.500494 10
-0.838000 0.741112 0.510968 10
-0.840021 0.881094 0.528516 10
-0.833759 1.006497 0.543056 10
-0.806529 1.101730 0.550740 10
-1.300474 1.855883 0.718816 2
-1.275770 1.937578 0.725288 2
-1.283130 2.056862 0.741298 11
-1.283005 2.164278 0.754745 11
-1.262120 2.244931 0.761781 11
-1.278757 2.367242 0.779676 11
-1.279379 2.468506 0.792581 11
-1.259692 2.545155 0.799408 11
-1.240192 2.620762 0.806170 12
-1.259939 2.736812 0.823886 12
-1.234857 2.803463 0.828763 12
-1.219218 2.878897 0.836183 12
-1.218162 2.967739 0.847488 12
-1.218264 3.056020 0.858926 12
-1.153855 3.080558 0.852813 12
-1.106566 3.122041 0.851409 2
-1.096169 3.197812 0.859819 2
-1.050073 3.240043 0.858758 2
-1.027005 3.302908 0.863736 2
-0.776556 3.166838 0.810125 12
-0.661121 3.153364 0.791955 12
-0.609401 3.195757 0.790269 12
-0.573413 3.251386 0.792607 12
-0.469944 3.252470 0.778185 12
-0.368927 3.257475 0.764672 12
-0.315471 3.301155 0.763072 12
-0.223451 3.315970 0.752222 12
-0.202570 3.385194 0.758707 12
-0.138718 3.422540 0.754920 12
-0.007092 3.412265 0.735270 12
0.063841 3.447062 0.730235 12
0.233565 3.415187 0.702438 12
0.499504 3.322584 0.653054 12
0.900313 3.147909 0.573823 12
0.981152 3.188560 0.568409 2
1.046421 3.240036 0.566682 2
1.049651 3.330257 0.578886 2
1.162620 3.353478 0.566791 2
1.297035 3.365992 0.550322 2
-1.299205 6.003078 1.281157 5
-1.329869 6.061298 1.294065 5
-1.326636 6.107761 1.300787 5
-1.309555 6.149727 1.305044 5
-1.256287 6.181017 1.302983 5
0.103671 5.839130 1.073759 5
0.137024 5.891208 1.077571 5
0.196421 5.936713 1.077026 5
0.165040 6.006261 1.092005 5
0.253227 6.045562 1.086842 5
1.457247 5.971010 0.920203 5
1.388918 6.057687 0.942847 5
1.412728 6.124775 0.950576 5
1.321782 6.213185 0.976483 5
-0.657482 -0.786389 0.409192 10
-0.831383 -0.331792 0.485620 10
-0.858671 -0.122552 0.512957 10
-0.845706 0.018628 0.526782 10
-0.840033 0.166853 0.542537 10
-0.814341 0.281732 0.551656 10
-0.815952 0.432992 0.568948 10
-0.808919 0.567982 0.583193 10
-0.794098 0.688806 0.594755 10
-0.778813 0.806133 0.605910 10
-0.771646 0.931450 0.619209 10
-0.782042 1.076448 0.637356 10
-1.274058 1.827697 0.794522 2
-1.261423 1.924628 0.803931 2
-1.267778 2.042615 0.818538 11
-1.243420 2.121083 0.824232 11
-1.248188 2.232304 0.837922 11
-1.222394 2.305883 0.842937 11
-1.243307 2.430876 0.860612 11
-1.226652 2.511332 0.867814 11
-1.218036 2.599103 0.877051 12
-1.215408 2.691565 0.887724 12
-1.221870 2.791647 0.900612 12
-1.185058 2.845464 0.902022 12
-1.181685 2.932383 0.912063 12
-1.200776 3.039728 0.927696 12
-1.161539 3.088563 0.928304 12
-1.049073 3.068169 0.910555 12
-0.969578 3.080824 0.901366 12
-0.871190 3.077651 0.887724 12
-0.811387 3.110758 0.883800 12
-0.731683 3.127093 0.875174 12
-0.660231 3.151749 0.868732 12
-0.579739 3.169797 0.860306 12
-0.504057 3.193059 0.853220 12
-0.397576 3.192594 0.839115 12
-0.332410 3.226822 0.834899 12
-0.268614 3.262842 0.831138 12
-0.229380 3.318183 0.833110 12
-0.126232 3.325950 0.820682 12
0.003636 3.316133 0.802561 12
0.005832 3.400054 0.813180 12
0.308851 3.272600 0.757478 12
0.424051 3.281286 0.743809 12
0.661851 3.209898 0.703940 12
0.868312 3.164591 0.671575 12
1.091820 3.112889 0.636243 12
1.230538 3.119453 0.619505 12
1.322702 3.157246 0.612902 12
-1.318639 6.051903 1.344795 5
-1.253036 6.078488 1.340964 5
-1.257682 6.127833 1.348952 5
-1.241185 6.170475 1.353446 5
-1.144711 6.190171 1.345004 5
0.120421 5.887684 1.149078 5
0.219137 5.922336 1.142728 5
0.227104 5.981960 1.150975 5
0.340960 6.015341 1.142729 5
1.436130 5.964837 1.006198 5
1.220948 6.081495 1.049788 5
1.367495 6.122709 1.039160 5
1.360047 6.195164 1.051546 5
-0.720603 -0.494734 0.559124 10
-0.788035 -0.220278 0.596655 10
-0.800948 -0.038172 0.617079 10
-0.775959 0.081957 0.625854 10
-0.748473 0.195533 0.633674 10
-0.785579 0.398817 0.659902 10
-0.755933 0.502399 0.666524 10
-0.720287 0.595571 0.671295 10
-0.724187 0.740162 0.686992 10
-0.714558 0.863157 0.698620 10
-0.703528 0.981444 0.709625 10
-0.703483 1.110938 0.723385 10
-0.697891 1.230426 0.735388 10
-1.096437 1.838674 0.854501 2
-1.192809 2.064791 0.891842 11
-1.176941 2.152678 0.899241 11
-1.187383 2.269068 0.913304 11
-1.176400 2.358619 0.921646 11
-1.173597 2.455473 0.931926 11
-1.136965 2.513769 0.933554 11
-1.150532 2.624781 0.947656 12
-1.141376 2.709649 0.955935 12
-1.147156 2.808229 0.967742 12
-1.116669 2.868502 0.970602 12
-1.128591 2.969795 0.983611 12
-1.121300 3.050469 0.991866 12
-1.032606 3.053004 0.980860 12
-0.962937 3.074803 0.974535 12
-0.813089 3.024821 0.949836 12
-0.786979 3.088678 0.953978 12
-0.714063 3.111113 0.947473 12
-0.626587 3.122121 0.937864 12
-0.564541 3.155959 0.934159 12
-0.431852 3.132359 0.914960 12
-0.415090 3.205130 0.921581 12
-0.359574 3.246468 0.919736 12
-0.289324 3.276829 0.914823 2
-0.154282 3.258907 0.896234 12
-0.080048 3.289076 0.890923 12
0.019787 3.301577 0.880416 12
0.022873 3.384902 0.890310 12
0.373737 3.223870 0.828389 12
0.521364 3.211009 0.809194 12
0.693335 3.184822 0.785500 12
0.554462 3.366479 0.824787 2
1.111677 3.095484 0.724846 12
1.259740 3.096138 0.707549 12
1.317501 3.155247 0.708355 12
-1.222754 6.014459 1.382367 5
-1.239315 6.068232 1.392029 5
-1.207929 6.106476 1.394260 5
-1.175177 6.144669 1.396373 5
-1.154245 6.186667 1.400362 5
0.184532 5.861747 1.207981 5
0.138120 5.935739 1.224072 5
0.138958 5.996248 1.233119 5
0.178066 6.046970 1.236641 5
0.375703 6.060523 1.217641 5
1.429136 5.955686 1.089519 5
1.145791 6.086597 1.139859 5
1.257753 6.133536 1.135315 5
1.318303 6.192044 1.138074 5
-0.696410 -0.350299 0.676877 10
-0.753048 -0.099606 0.707789 10
-0.738450 0.036798 0.718513 10
-0.712154 0.152600 0.725817 10
-0.676833 0.252836 0.730528 10
-0.675630 0.398755 0.744179 10
-0.664467 0.527182 0.754928 10
-0.650539 0.648774 0.764736 10
-0.637031 0.768091 0.774457 10
-0.628451 0.891043 0.785247 10
-0.607279 0.995227 0.792656 10
-0.594833 1.108129 0.802116 10
-0.565850 1.198516 0.807317 10
-1.146722 2.013961 0.961989 11
-1.163986 2.141250 0.976864 11
-1.127953 2.204314 0.978658 11
-1.111953 2.289200 0.985223 11
-1.085308 2.360846 0.989183 11
-1.085952 2.460984 0.999490 11
-1.107586 2.581283 1.014512 12
-1.069542 2.636704 1.015587 12
-1.070891 2.731909 1.025654 12
-1.086931 2.839917 1.038900 12
-1.069288 2.912518 1.044421 12
-1.070859 3.002573 1.054152 12
-1.045830 3.065844 1.057917 12
-0.959045 3.071325 1.048223 12
-0.837033 3.046419 1.031155 12
-0.767167 3.070686 1.025601 12
-0.712980 3.109560 1.023531 12
-0.645714 3.137632 1.018815 12
-0.612816 3.195363 1.021409 12
-0.514963 3.199368 1.010618 12
-0.425777 3.212177 1.001864 12
-0.280849 3.182436 0.982032 2
-0.419315 3.375511 1.019619 2
-0.284592 3.355569 1.002177 2
-0.229872 3.398047 1.000933 2
0.158361 3.197732 0.934479 12
0.247919 3.221111 0.927269 12
0.424467 3.184988 0.903548 2
0.439112 3.263751 0.911231 2
0.445388 3.347365 0.920473 2
0.535458 3.374906 0.913963 2
0.696199 3.358323 0.894557 2
1.305331 3.062469 0.793070 12
-1.173009 6.041032 1.435736 5
-1.158339 6.085054 1.440625 5
-1.160019 6.133993 1.447853 5
-1.136375 6.175248 1.451557 5
-1.060475 6.202082 1.448150 5
0.177146 5.917025 1.287054 5
0.206091 5.970537 1.292189 5
0.181450 6.037662 1.304540 5
0.230940 6.086257 1.307084 5
0.336516 6.122717 1.302505 5
1.030731 6.100279 1.233090 5
1.121169 6.150058 1.232150 5
1.181574 6.207019 1.235221 5
-0.600722 -0.486237 0.759333 10
-0.660637 -0.228410 0.788540 10
-0.669165 -0.055466 0.804116 10
-0.685044 0.123161 0.821202 10
-0.635093 0.202728 0.821602 10
-0.624887 0.336628 0.831754 10
-0.588714 0.431650 0.835390 10
-0.571531 0.550381 0.843535 10
-0.513080 0.612179 0.841688 10
-0.523041 0.761716 0.856055 10
-0.493879 0.857991 0.861011 10
-0.499644 0.995773 0.873993 10
-0.467152 1.083755 0.877972 10
-0.475574 1.219043 0.891216 10
-1.081596 2.048765 1.038944 11
-1.068449 2.139547 1.045718 11
-1.086778 2.263945 1.059370 11
-1.042166 2.316023 1.059011 11
-1.026324 2.398937 1.064950 11
-1.031012 2.502194 1.075247 11
-1.021715 2.588746 1.082421 12
-1.025125 2.686708 1.092204 12
-1.015702 2.769872 1.099174 12
-0.981226 2.827066 1.100869 12
-0.991637 2.927011 1.111832 12
-1.012919 3.035170 1.124879 12
-0.959280 3.071664 1.122601 12
-0.878250 3.083689 1.114936 12
-0.792915 3.093228 1.106615 12
-0.751528 3.142588 1.107166 12
-0.638305 3.130445 1.093755 12
-0.505619 3.104339 1.076888 2
-0.486860 3.174926 1.082249 2
-0.458252 3.236810 1.085725 2
-0.479477 3.337686 1.098616 2
-0.391034 3.351605 1.090883 2
-0.309008 3.371884 1.084564 2
-0.177291 3.356429 1.069331 2
0.194994 3.168156 1.010712 12
0.385879 3.119370 0.985934 2
0.408969 3.192457 0.991684 2
0.427595 3.268058 0.998238 2
0.425180 3.357150 1.008486 2
0.499189 3.394733 1.005382 2
0.605126 3.412672 0.996956 6
0.611736 3.495071 1.005772 6
-1.156982 6.029920 1.487505 5
-1.150866 6.076679 1.493518 5
-1.114294 6.114058 1.495629 5
-1.061373 6.147135 1.495771 5
-1.003087 6.179511 1.495402 5
0.114452 5.925784 1.363441 5
0.175946 5.970018 1.364613 5
0.125573 6.043210 1.379565 5
0.228216 6.078282 1.376028 5
0.251020 6.133516 1.382271 5
1.201141 5.984659 1.280145 5
1.002551 6.096058 1.313511 5
1.039152 6.156084 1.319504 5
1.085696 6.214656 1.324514 5
-0.576615 -0.344149 0.874550 10
-0.626962 -0.107314 0.898327 10
-0.629874 0.053000 0.910701 10
-0.618745 0.188878 0.919633 10
-0.578831 0.281172 0.921894 10
-0.550025 0.386988 0.926612 10
-0.499031 0.460904 0.926336 10
-0.473343 0.567160 0.931647 10
-0.434458 0.654287 0.934012 10
-0.347794 0.679745 0.926056 10
-0.402231 0.880843 0.948437 10
-0.383930 0.987939 0.955042 10
-0.227237 0.928289 0.932526 10
-0.180631 1.001422 0.933353 10
-1.002912 2.067951 1.113269 11
-1.007679 2.178200 1.123052 11
-0.979442 2.249686 1.126027 11
-0.965494 2.335643 1.131864 11
-0.995166 2.466288 1.146322 11
-0.947606 2.513522 1.145359 11
-0.950158 2.611783 1.154257 12
-0.954226 2.709603 1.163351 12
-0.921425 2.769344 1.165272 12
-0.920837 2.859566 1.173349 12
-0.954887 2.980810 1.187880 12
-0.885202 3.003264 1.182840 12
-0.853486 3.061101 1.184991 12
-0.775409 3.077288 1.178667 12
-0.689355 3.087729 1.171077 12
-0.548272 3.052545 1.153775 12
-0.501894 3.100116 1.153791 2
-0.524487 3.204568 1.166115 6
-0.504540 3.272612 1.170838 2
-0.467550 3.326500 1.172603 6
-0.494262 3.429678 1.185419 6
-0.364763 3.412050 1.171395 6
-0.292575 3.439854 1.167430 6
-0.074251 3.361921 1.139100 2
0.372011 3.126141 1.073454 2
0.334491 3.241305 1.088888 2
0.377011 3.299220 1.091086 2
0.400137 3.370224 1.096510 2
0.490521 3.396433 1.091173 2
0.543740 3.448004 1.091974 6
0.864175 3.331182 1.050815 2
-1.093847 6.052745 1.540599 5
-1.059328 6.091210 1.543278 5
-1.029695 6.131524 1.546634 5
-0.976625 6.165536 1.547409 5
-0.792291 6.164608 1.533533 5
0.173373 5.962373 1.433140 5
0.174017 6.022648 1.441706 5
0.207455 6.074693 1.446736 5
0.294998 6.114573 1.446095 5
0.275721 6.179604 1.457015 5
0.749464 6.139568 1.416568 5
0.945271 6.164771 1.406076 5
1.121964 6.197241 1.398130 5
-0.459603 -0.509465 0.956425 10
-0.537425 -0.229162 0.983692 10
-0.557028 -0.042644 0.998205 10
-0.549541 0.099890 1.006816 10
-0.543460 0.240718 1.015581 10
-0.492756 0.317041 1.015073 10
-0.462854 0.420215 1.018825 10
-0.406902 0.487188 1.017304 10
-0.362567 0.568517 1.018162 10
-0.322667 0.654315 1.019921 10
-0.317102 0.781283 1.028412 10
-0.202883 0.773679 1.015725 10
-0.147386 0.838244 1.014603 10
-0.107433 0.920541 1.016518 10
-0.098339 1.037073 1.024287 10
-0.911847 2.073782 1.185999 11
-0.908018 2.173842 1.193252 11
-0.897604 2.264784 1.199224 11
-0.872866 2.338904 1.202540 11
-0.874349 2.439230 1.210601 11
-0.882131 2.543967 1.219715 11
-0.876004 2.632631 1.226267 12
-0.856474 2.706595 1.230414 12
-0.842785 2.785167 1.235579 12
-0.828823 2.862305 1.240680 12
-0.807332 2.931360 1.244478 12
-0.800201 3.012635 1.250728 12
-0.781877 3.082680 1.255063 12
-0.608028 3.016141 1.233429 12
-0.550570 3.053654 1.231530 12
-0.502376 3.099427 1.231275 6
-0.522168 3.201348 1.242173 6
-0.522758 3.285787 1.249878 6
-0.559610 3.397610 1.263335 6
-0.486917 3.422034 1.259311 6
-0.380299 3.421675 1.250140 6
-0.154776 3.334695 1.222758 2
-0.159598 3.421570 1.231461 2
0.359044 3.132288 1.160241 12
0.344911 3.230672 1.171003 2
0.429282 3.259747 1.166943 2
0.426155 3.348955 1.176077 2
0.506048 3.382197 1.172974 2
0.562622 3.431592 1.173465 6
0.700704 3.429912 1.162339 2
-1.014219 6.021548 1.586494 5
-1.027443 6.075260 1.594546 5
-1.005095 6.117923 1.598873 5
-0.975786 6.158778 1.602566 5
-0.881788 6.182244 1.599802 5
-0.459599 6.120872 1.564516 5
-0.331980 6.142440 1.559483 5
-0.259063 6.179615 1.560152 5
0.188340 6.130647 1.525222 5
0.279200 6.169948 1.525213 5
0.801705 6.118734 1.485434 5
0.864662 6.171058 1.489192 5
0.864744 6.236513 1.498826 5
-0.466214 -0.323572 1.075724 10
-0.506266 -0.106043 1.092362 10
-0.496850 0.034563 1.099395 10
-0.465787 0.141481 1.102286 10
-0.475898 0.302355 1.112808 10
-0.412516 0.360670 1.109665 10
-0.378068 0.456648 1.111900 10
-0.328947 0.532070 1.111492 10
-0.261898 0.584023 1.107928 10
-0.185039 0.623909 1.102737 10
-0.092568 0.645424 1.094942 10
-0.052633 0.730620 1.096523 10
-0.069497 0.880844 1.107984 10
-0.019735 0.951309 1.107874 10
0.107992 0.933818 1.094561 10
-0.819445 2.079215 1.259706 11
-0.794855 2.156390 1.262739 11
-0.760541 2.222172 1.264174 11
-0.791092 2.354609 1.276329 11
-0.799477 2.461294 1.284734 11
-0.762786 2.520741 1.285780 11
-0.773889 2.626589 1.294547 12
-0.742672 2.689581 1.296517 12
-0.758930 2.796782 1.306015 12
-0.729835 2.859804 1.308348 12
-0.731564 2.950239 1.315498 12
-0.713307 3.021292 1.319544 12
-0.648785 3.051104 1.316573 12
-0.585590 3.082783 1.313947 12
-0.495117 3.092239 1.307388 6
-0.505941 3.186678 1.316046 6
-0.526865 3.287582 1.326132 6
-0.454344 3.312546 1.322553 6
-0.427102 3.373658 1.325670 2
-0.338851 3.387949 1.320130 2
-0.163161 3.338475 1.302438 2
0.256273 3.114815 1.251035 12
0.450699 3.063484 1.231954 2
0.466469 3.141996 1.237935 2
0.501879 3.206236 1.241269 2
0.458741 3.323237 1.255280 2
0.566233 3.338471 1.249046 2
0.629331 3.384247 1.248957 2
0.721015 3.412554 1.245281 2
-0.947234 6.044447 1.641929 5
-0.967503 6.100424 1.650396 5
-0.919896 6.136317 1.652636 5
-0.871541 6.172696 1.654966 5
-0.607939 6.152762 1.638401 5
-0.619428 6.207992 1.646569 5
-0.318315 6.186228 1.627932 5
-0.290973 6.234490 1.633261 5
-0.147678 6.256984 1.629086 5
0.292445 6.218335 1.601154 5
0.641837 6.206734 1.581779 5
-0.357736 -0.472788 1.163750 10
-0.457159 -0.166891 1.188380 10
-0.465361 -0.000542 1.197205 10
-0.436242 0.109363 1.199667 10
-0.412695 0.224555 1.203069 10
-0.388004 0.335729 1.206282 10
-0.330149 0.401176 1.204066 10
-0.294269 0.494322 1.205519 10
-0.246118 0.570467 1.205034 10
-0.146193 0.581834 1.196346 10
-0.100091 0.659981 1.196406 10
-0.054387 0.737700 1.196601 10
0.046385 0.750441 1.188280 10
0.047895 0.878176 1.195531 10
0.147483 0.893326 1.187699 10
-0.561086 1.798107 1.303037 6
-0.700830 2.057495 1.330722 11
-0.669506 2.128044 1.332430 11
-0.662815 2.223335 1.337844 11
-0.664234 2.325142 1.344443 11
-0.624597 2.383967 1.345026 11
-0.622777 2.479481 1.351156 11
-0.631813 2.583692 1.358826 12
-0.632646 2.678101 1.365289 12
-0.603473 2.743056 1.367505 12
-0.609486 2.839351 1.374693 12
-0.570836 2.894121 1.375667 12
-0.562405 2.975082 1.380872 12
-0.528843 3.033341 1.382667 12
-0.466855 3.067412 1.380703 12
-0.375240 3.077709 1.374925 12
-0.427897 3.206120 1.388456 6
-0.373234 3.246551 1.387781 6
-0.432427 3.375834 1.402025 6
-0.346160 3.391321 1.397400 6
-0.166571 3.338555 1.381085 2
0.284648 3.091192 1.330903 12
0.580371 2.967331 1.301264 12
0.608173 3.039037 1.305526 2
0.670085 3.086818 1.305675 2
0.820095 3.075712 1.295281 12
0.907352 3.109049 1.292801 12
-0.887103 6.019600 1.692755 5
-0.877666 6.067315 1.698480 5
-0.882988 6.119155 1.705439 5
-0.824130 6.152853 1.707381 5
-0.712977 6.173544 1.705484 5
-0.605616 6.197185 1.704211 5
-0.500937 6.223384 1.703466 5
-0.447710 6.263568 1.706802 5
0.132913 6.185294 1.672550 5
0.318431 6.203726 1.667701 5
0.348986 6.257539 1.674085 5
0.796169 6.229827 1.652506 5
-0.230167 -0.649764 1.252789 10
-0.346708 -0.316258 1.276664 10
-0.404816 -0.076726 1.291491 10
-0.396308 0.062889 1.296254 10
-0.376463 0.183621 1.299340 10
-0.354303 0.298573 1.302110 10
-0.305636 0.376415 1.301057 10
-0.242540 0.434775 1.298012 10
-0.199195 0.517768 1.297919 10
-0.135941 0.575079 1.295078 10
-0.031844 0.582875 1.286606 10
-0.008506 0.688261 1.289646 10
0.039791 0.762705 1.289264 10
0.090474 0.833717 1.288649 10
0.201057 0.837106 1.279957 10
0.243123 0.917773 1.280783 10
-0.470472 1.811788 1.383254 6
-0.502409 1.953583 1.393294 6
-0.520588 2.077683 1.401443 6
-0.421178 2.079366 1.394132 11
-0.407815 2.168800 1.398226 6
-0.419215 2.281056 1.405544 11
-0.464860 2.423929 1.417216 6
-0.595314 2.643299 1.439541 12
-0.564987 2.707589 1.441379 12
-0.538971 2.775242 1.443826 12
-0.541822 2.867920 1.449898 12
-0.543604 2.958049 1.455840 12
-0.514106 3.019863 1.457990 12
-0.520929 3.111745 1.464579 12
-0.330601 3.039589 1.447682 12
-0.402607 3.184141 1.462166 6
-0.277700 3.169076 1.453485 6
0.031148 3.013667 1.423794 12
0.054555 3.083849 1.427533 12
0.224498 3.044006 1.414695 12
0.374915 3.022234 1.404446 12
0.423232 3.076871 1.405915 12
0.556985 3.071587 1.398093 12
0.656710 3.092345 1.394301 12
-0.770033 6.028663 1.747341 5
-0.776210 6.081772 1.754263 5
-0.771179 6.131346 1.760458 5
-0.664329 6.153482 1.760019 5
-0.529090 6.170191 1.758076 5
-0.264318 6.157284 1.748374 5
-0.259095 6.211067 1.755435 5
0.209969 6.159115 1.734576 5
0.228285 6.214330 1.741621 5
0.389074 6.240032 1.740564 5
-0.197942 -0.520544 1.363878 10
-0.326801 -0.177442 1.385477 10
-0.343610 -0.001180 1.392358 10
-0.327743 0.125799 1.395027 10
-0.293988 0.226028 1.395459 10
-0.272203 0.340043 1.397493 10
-0.222096 0.415411 1.396017 10
-0.165637 0.481945 1.393857 10
-0.140133 0.586125 1.395669 10
-0.014177 0.567003 1.385152 10
-0.022874 0.710297 1.391381 10
0.064649 0.738377 1.385918 10
0.132333 0.790128 1.383031 10
0.219664 0.820070 1.377939 10
0.332191 0.823376 1.370036 10
0.417014 0.858577 1.365632 10
0.470797 0.927468 1.365045 10
-0.288654 1.839125 1.459009 2
-0.366533 2.025387 1.473082 11
-0.327203 2.089638 1.473643 11
-0.370752 2.234583 1.483692 11
-0.378284 2.341432 1.489636 11
-0.538279 2.589927 1.512576 12
-0.500629 2.648197 1.513404 12
-0.501864 2.741444 1.518585 12
-0.481196 2.813574 1.521412 12
-0.454360 2.879496 1.523639 12
-0.351303 2.879541 1.517818 12
-0.436260 3.039515 1.532082 12
-0.281180 2.997508 1.521089 12
-0.265174 3.071499 1.524842 12
-0.109423 3.033873 1.514308 12
-0.083092 3.100357 1.517269 12
0.006180 3.118378 1.513976 12
0.194345 3.063913 1.501035 12
0.265986 3.099131 1.500000 12
0.330374 3.140414 1.499850 12
-0.690854 5.998255 1.800293 5
-0.619495 6.029652 1.802661 5
-0.527161 6.056348 1.804093 5
-0.562948 6.119100 1.812761 5
-0.402600 6.130045 1.810996 5
-0.207049 6.135169 1.807880 5
-0.127980 6.171767 1.811194 5
-0.037028 6.206947 1.814189 5
0.112890 6.230742 1.814670 5
0.388809 6.230859 1.809770 5
-0.246511 -0.281124 1.481881 10
-0.274787 -0.087434 1.488358 10
-0.276465 0.064628 1.491947 10
-0.263487 0.193315 1.493999 10
-0.245303 0.312264 1.495566 10
-0.205135 0.400534 1.494848 10
-0.123120 0.434937 1.489755 10
-0.086542 0.526014 1.489677 10
-0.013582 0.571764 1.485856 10
0.019317 0.665308 1.486409 10
0.125942 0.671743 1.479363 10
0.200719 0.716352 1.475833 10
0.221172 0.822170 1.478066 10
0.233127 0.935486 1.481255 10
0.421933 0.856321 1.466556 10
0.501421 0.897773 1.463218 10
0.537807 0.984572 1.464369 10
-0.340313 2.000342 1.556415 11
0.771472 0.994681 1.451161 10
0.840620 1.049567 1.449574 9
0.980121 1.037162 1.441337 9
0.898127 1.236382 1.454665 9
0.955688 1.301467 1.454619 9
0.999772 1.378732 1.455996 9
-0.348263 2.694849 1.587830 12
-0.350391 2.788062 1.592582 12
-0.298740 2.833623 1.592431 12
-0.247514 2.879776 1.592449 12
-0.263767 2.981794 1.598688 12
-0.217868 3.031661 1.599389 12
-0.169777 3.079889 1.600021 12
0.253416 2.836558 1.567935 12
0.061743 3.073681 1.589943 12
0.239325 3.027668 1.579982 12
0.389966 3.005388 1.572676 12
-0.496342 5.986869 1.856150 5
-0.372717 6.005817 1.857235 5
-0.252080 6.027777 1.858812 5
-0.020228 6.022909 1.856124 5
-0.139560 6.110335 1.868246 5
0.013085 6.129700 1.869505 5
0.489969 6.077075 1.858981 5
0.363125 6.227049 1.879836 5
-0.189744 -0.195921 1.585185 10
-0.243861 0.028915 1.592195 10
-0.199728 0.116447 1.590366 10
-0.176613 0.230053 1.590576 10
-0.164477 0.355383 1.591896 10
-0.110839 0.425922 1.589617 10
-0.068641 0.509898 1.588503 10
-0.007073 0.569378 1.585813 10
0.016538 0.673603 1.586614 10
0.113813 0.690446 1.581093 10
0.140509 0.789152 1.581896 10
0.290148 0.748858 1.572203 10
0.317017 0.846847 1.573295 10
0.420652 0.860734 1.567965 10
0.500113 0.901813 1.564887 10
0.590311 0.932450 1.561087 10
0.634264 1.011201 1.561339 9
0.759508 1.008187 1.555002 9
0.860194 1.031619 1.550924 9
0.769383 1.240449 1.562661 9
0.933200 1.203830 1.553785 9
0.807836 1.438369 1.568379 9
0.910401 1.459664 1.564777 9
0.942762 1.545023 1.566923 9
0.981651 1.623861 1.568683 9
1.191599 1.555539 1.557356 9
1.339709 1.544240 1.551148 9
1.553305 1.481888 1.540275 9
1.877741 1.334840 1.521487 9
0.272096 2.727470 1.646624 12
-0.015091 6.013468 1.921338 5
-0.049516 6.079629 1.929477 5
-0.117740 -0.286137 1.685897 10
-0.172711 -0.058932 1.690603 10
-0.158586 0.069781 1.690462 10
-0.140118 0.189938 1.690162 10
-0.111802 0.294965 1.689307 10
-0.074399 0.386654 1.687954 10
-0.042294 0.483425 1.687132 10
0.014926 0.548317 1.684677 10
0.093020 0.588143 1.680910 10
0.142461 0.661805 1.679335 10
0.230587 0.690766 1.675208 10
0.274151 0.770542 1.674370 10
0.331569 0.834293 1.672726 10
0.367375 0.921064 1.672732 10
0.509970 0.894063 1.665576 10
0.535798 0.991195 1.666597 9
0.647135 1.000032 1.661979 9
0.687040 1.082027 1.662367 9
0.618699 1.269182 1.670108 9
0.623612 1.381289 1.673048 9
0.741372 1.385124 1.668703 9
0.793666 1.451637 1.668842 9
0.816212 1.544973 1.671056 9
0.975882 1.515051 1.664642 9
1.084557 1.533164 1.661741 9
1.188339 1.557205 1.659376 9
1.367915 1.519062 1.652537 9
1.584721 1.454164 1.643738 9
1.782363 1.409827 1.636483 9
0.459424 -1.245201 1.762970 9
0.046100 -0.502861 1.784157 10
-0.073126 -0.185051 1.789897 10
-0.105939 0.007949 1.791220 10
-0.109244 0.157216 1.791152 10
-0.044663 0.216204 1.787620 10
-0.049413 0.361792 1.787993 10
-0.010653 0.450495 1.786203 10
0.067381 0.490601 1.782482 10
0.117807 0.563899 1.780417 9
0.176735 0.626678 1.778072 10
0.271667 0.648246 1.773987 10
0.309425 0.734961 1.773120 10
0.298572 0.873841 1.774986 9
0.374223 0.916701 1.772448 9
0.457186 0.952404 1.769710 9
0.508036 1.022203 1.768829 9
0.512855 1.138376 1.770497 9
0.605953 1.164424 1.767768 9
0.546391 1.341105 1.773027 9
0.542319 1.460171 1.775562 9
0.810986 1.320015 1.764510 9
0.665318 1.570491 1.774460 9
0.891552 1.476443 1.766028 9
0.967037 1.522443 1.765303 9
1.033620 1.576863 1.765203 9
1.212175 1.535642 1.759908 9
1.356610 1.527108 1.756535 9
1.459639 1.555567 1.755378 9
1.714919 1.462256 1.747375 9
0.077258 -1.031415 1.900719 9
0.265933 -1.132495 1.891486 9
0.281415 -0.983927 1.888290 9
0.103703 -0.572645 1.892045 9
0.015621 -0.296236 1.893059 10
-0.039777 -0.071659 1.893225 10
-0.030918 0.062883 1.891374 10
-0.025583 0.198863 1.889871 10
0.006073 0.298830 1.887637 10
0.043563 0.389924 1.885393 10
0.104437 0.451510 1.882496 10
0.109899 0.578302 1.881800 9
0.147915 0.664707 1.880112 9
0.230095 0.699756 1.877004 9
0.261318 0.792454 1.875934 9
0.307311 0.867649 1.874509 9
0.250324 1.052835 1.877000 9
0.356642 1.061062 1.873745 9
0.238684 1.303221 1.878763 9
0.469267 1.184521 1.871401 9
0.341576 1.429493 1.877068 9
0.414955 1.470847 1.875702 9
0.486081 1.514977 1.874599 9
0.586411 1.532125 1.872656 9
0.671577 1.564862 1.871440 9
0.822420 1.539018 1.868157 9
0.960617 1.527677 1.865545 9
1.031205 1.578174 1.865455 9
1.208279 1.537853 1.861998 9
1.319386 1.556966 1.860999 9
1.486442 1.531661 1.858405 9
0.096326 -1.221302 2.019891 9
0.101402 -1.054822 2.015072 9
0.019498 -0.768144 2.011844 9
0.121944 -0.749333 2.006276 9
0.013109 -0.438257 2.004216 9
0.007719 -0.276700 2.000900 9
-0.034497 -0.070496 1.998499 9
-0.069381 0.120391 1.996290 9
0.001730 0.171070 1.992488 9
-0.018816 0.336409 1.990552 9
0.023097 0.421003 1.987718 9
0.111832 0.448154 1.984210 9
0.134138 0.554747 1.982157 9
0.154832 0.661303 1.980351 9
0.116094 0.833506 1.979921 9
0.148518 0.922024 1.978311 9
0.114726 1.081791 1.978214 9
0.219600 1.088769 1.975553 9
0.151692 1.279689 1.976535 9
0.217008 1.327800 1.975037 9
0.237108 1.422117 1.974629 9
0.373567 1.399071 1.972068 9
0.412891 1.473994 1.971641 9
0.550642 1.453799 1.969435 9
0.609105 1.511223 1.969001 9
0.725113 1.515516 1.967623 9
0.874707 1.491407 1.965797 9
0.887336 1.592460 1.966836 9
1.047583 1.563060 1.965232 9
1.260237 1.492162 1.962882 9
1.267847 1.598886 1.964613 9
-0.125428 -1.049730 2.141201 9
-0.081188 -0.944391 2.135035 9
-0.181841 -0.629714 2.128313 9
-0.150639 -0.513866 2.122825 9
-0.119143 -0.400883 2.117641 9
-0.066886 -0.318756 2.112812 9
0.043575 -0.316206 2.108365 9
-0.076804 -0.006399 2.103729 9
-0.023187 0.067972 2.099719 9
-0.044010 0.236292 2.095929 9
-0.045011 0.375554 2.092447 9
0.004230 0.450072 2.089195 9
-0.015335 0.606517 2.086268 9
-0.126265 0.866887 2.083808 9
-0.047681 0.900258 2.081231 9
0.119203 0.834097 2.078584 9
0.003378 1.087493 2.076954 9
0.036764 1.170337 2.075111 9
0.259357 1.049004 2.072768 9
0.128434 1.306692 2.071937 9
0.193914 1.353830 2.070561 9
0.292120 1.368059 2.069232 9
0.336337 1.437633 2.068321 9
0.420147 1.468026 2.067426 9
0.550999 1.454265 2.066504 9
0.664689 1.459336 2.065850 9
0.729184 1.511912 2.065614 9
0.882108 1.484529 2.065175 9
0.915833 1.566601 2.065475 9
1.029412 1.578143 2.065622 9
1.198396 1.544072 2.065748 9
-0.098782 -0.905952 2.247212 9
-0.215059 -0.570024 2.236642 9
-0.195859 -0.438666 2.230076 9
-0.220390 -0.249132 2.222861 9
-0.196099 -0.131942 2.217158 9
-0.216345 0.042745 2.210847 9
-0.176962 0.133988 2.206117 9
-0.266589 0.390935 2.199217 9
-0.200847 0.442625 2.195607 9
-0.094578 0.443784 2.192901 9
-0.117183 0.604589 2.188220 9
-0.168756 0.796161 2.183414 9
-0.130510 0.876727 2.180322 9
-0.112732 0.979929 2.177163 9
-0.114516 1.103474 2.173980 9
-0.022572 1.120012 2.172318 9
0.059544 1.148654 2.170694 9
0.121551 1.199817 2.168997 9
0.210307 1.222940 2.167821 9
0.205125 1.344374 2.165714 9
0.299817 1.362051 2.164994 9
0.345679 1.429786 2.163904 9
0.504652 1.386527 2.164262 9
0.592562 1.415183 2.164011 9
0.625672 1.496578 2.163367 9
0.733726 1.507873 2.163723 9
0.870372 1.495019 2.164569 9
0.930999 1.552612 2.164821 9
0.021176 -1.071748 2.364913 9
-0.259260 -0.494509 2.343010 9
-0.351162 -0.206631 2.330641 9
-0.366436 -0.035094 2.322201 9
-0.347770 0.085240 2.315602 9
-0.343987 0.222937 2.308769 9
-0.360077 0.383554 2.301555 9
-0.288473 0.426489 2.297995 9
-0.272902 0.540896 2.292622 9
-0.230195 0.619125 2.288511 9
-0.182916 0.690770 2.284810 9
-0.143290 0.770871 2.281095 9
-0.091543 0.835673 2.278021 9
-0.080805 0.947425 2.273885 9
-0.000832 0.978486 2.272157 9
0.018205 1.078213 2.268782 9
0.117329 1.088746 2.268019 9
0.168723 1.152087 2.266043 9
0.239760 1.194449 2.264838 9
0.269426 1.280058 2.262681 9
0.379849 1.282661 2.262962 9
0.431837 1.345443 2.261837 9
0.577736 1.316225 2.263414 9
0.568585 1.439006 2.261083 9
0.817522 1.316341 2.265683 9
0.816628 1.543635 2.262565 9
0.062390 -0.950704 2.471099 9
-0.260241 -0.325940 2.440539 9
-0.309510 -0.105113 2.428260 9
-0.315165 0.049458 2.419198 9
-0.319888 0.198826 2.410651 9
-0.291812 0.301228 2.404396 9
-0.258158 0.394478 2.398780 9
-0.247954 0.515907 2.392211 9
-0.210330 0.600585 2.387442 9
-0.151033 0.657555 2.384069 9
-0.117304 0.745002 2.379639 9
-0.082135 0.829464 2.375559 9
-0.015110 0.875971 2.373290 9
0.013233 0.966577 2.369393 9
0.007550 1.093689 2.364185 9
0.101941 1.108818 2.363880 9
0.182403 1.140311 2.363108 9
0.203227 1.235429 2.359878 9
0.305719 1.244724 2.360480 9
0.356707 1.307962 2.359024 9
0.442257 1.336548 2.359262 9
0.560012 1.334706 2.361040 9
-0.136968 -0.490941 2.556480 9
-0.231949 -0.203729 2.538040 9
-0.253601 -0.025852 2.526199 9
-0.261213 0.128376 2.515997 9
-0.240016 0.240777 2.508442 9
-0.215961 0.347192 2.501479 9
-0.199153 0.460741 2.494359 9
-0.157546 0.541138 2.489352 9
-0.129707 0.637291 2.483688 9
-0.083192 0.709447 2.479610 9
-0.032698 0.776205 2.476063 9
0.025066 0.834070 2.473246 9
0.016941 0.966421 2.466436 9
0.102670 0.991528 2.465921 9
0.097908 1.116479 2.459954 9
0.174456 1.151724 2.459312 9
0.251244 1.187430 2.458876 9
0.283915 1.269419 2.456003 9
0.395887 1.270058 2.458061 9
0.495558 1.284977 2.459550 9
0.507792 1.386893 2.456180 9
-0.145546 -0.314399 2.651571 9
-0.166892 -0.135332 2.637888 9
-0.191112 0.042780 2.624554 9
-0.188931 0.181405 2.614281 9
-0.168476 0.293190 2.606159 9
-0.142516 0.395768 2.598932 9
-0.104795 0.481852 2.593112 9
-0.069075 0.569130 2.587444 9
-0.047388 0.671930 2.580907 9
-0.004222 0.747658 2.576519 9
0.062354 0.795564 2.574342 9
0.124993 0.848139 2.572071 9
0.113131 0.983578 2.564092 9
0.135876 1.078309 2.559234 9
0.222081 1.103606 2.559608 9
0.258602 1.182229 2.556357 9
0.357512 1.195605 2.558094 9
-0.096662 -0.222034 2.750889 9
-0.117248 -0.047644 2.736111 9
-0.131169 0.113404 2.722719 9
-0.117867 0.235285 2.712893 9
-0.105489 0.355742 2.703429 9
-0.106920 0.490820 2.692955 9
-0.032931 0.530936 2.690795 9
0.017121 0.600146 2.686403 9
0.065924 0.670239 2.682176 9
0.015900 0.853634 2.668443 9
0.161424 0.933619 2.666308 9
0.148677 1.067630 2.657430 9
0.250029 -0.275661 -2.461954 8
0.215721 -0.428830 -2.447491 8
0.181466 -0.555656 -2.435716 8
0.139495 -0.592510 -2.432821 8
0.105464 -0.690708 -2.424084 8
0.068876 -0.755834 -2.418693 8
0.028276 -0.784028 -2.417038 8
-0.002050 -0.879019 -2.408959 8
-0.051013 -0.844749 -2.413704 8
-0.064586 -1.027952 -2.397127 8
-0.093492 -1.105078 -2.391090 8
-0.142443 -1.066729 -2.396633 8
-0.184558 -1.067979 -2.398391 8
-0.216170 -1.121379 -2.395056 8
-0.259478 -1.115921 -2.397754 8
-0.293896 -1.151557 -2.396435 8
-0.320723 -1.217670 -2.392116 8
-0.371092 -1.181954 -2.398310 8
-0.441424 -1.070336 -2.412524 8
-0.461838 -1.158805 -2.406259 8
-0.623178 -0.721555 -2.454966 8
-0.568308 -1.085691 -2.420131 8
0.295411 -0.232278 -2.406108 8
0.260223 -0.397368 -2.392151 8
0.224401 -0.523574 -2.381668 8
0.189685 -0.638608 -2.372272 8
0.144334 -0.639260 -2.372845 8
0.111716 -0.746691 -2.364353 8
0.073001 -0.792335 -2.361309 8
0.031368 -0.811552 -2.360680 8
-0.000893 -0.892512 -2.354818 8
-0.043160 -0.900933 -2.355379 8
-0.058386 -1.071596 -2.341882 8
-0.097712 -1.087749 -2.341984 8
-0.133973 -1.119531 -2.340833 8
-0.191546 -1.039492 -2.349703 8
-0.224467 -1.088343 -2.347305 8
-0.263432 -1.105303 -2.347859 8
-0.297991 -1.141285 -2.346826 8
-0.335298 -1.163237 -2.347168 8
-0.362420 -1.226196 -2.343893 8
-0.412493 -1.194009 -2.349409 8
-0.432536 -1.279657 -2.344233 8
-0.473621 -1.282392 -2.346797 8
-0.582725 -1.340708 -2.350566 8
0.337269 -0.118766 -2.354868 8
0.302238 -0.321662 -2.339751 8
0.266403 -0.470835 -2.328785 8
0.229403 -0.578463 -2.321053 8
0.191486 -0.658308 -2.315524 8
0.153576 -0.725671 -2.311054 8
0.115862 -0.785042 -2.307306 8
0.079085 -0.843896 -2.303715 8
0.041883 -0.892537 -2.301010 8
0.005031 -0.938171 -2.298646 8
-0.033974 -0.965435 -2.297790 8
-0.062721 -1.051909 -2.292544 8
-0.093813 -1.116565 -2.289047 8
-0.132346 -1.135277 -2.289171 8
-0.175700 -1.128172 -2.291409 8
-0.216936 -1.132808 -2.292875 8
-0.251248 -1.170107 -2.291922 8
-0.295484 -1.160559 -2.294750 8
-0.339441 -1.153728 -2.297509 8
-0.373961 -1.187026 -2.297219 8
-0.407638 -1.221848 -2.296909 8
-0.445232 -1.239886 -2.298052 8
-0.479334 -1.270199 -2.298313 8
-0.505282 -1.328061 -2.296414 8
-0.547178 -1.328078 -2.299364 8
-0.586946 -1.335880 -2.301805 8
-0.622883 -1.356208 -2.303321 8
0.334399 -0.068771 -2.297220 8
0.305324 -0.360532 -2.278693 8
0.271733 -0.534117 -2.267802 8
0.231386 -0.600667 -2.263833 8
0.194576 -0.690674 -2.258502 8
0.155421 -0.745265 -2.255545 8
0.121781 -0.838074 -2.250270 8
0.082233 -0.872675 -2.248824 8
0.045842 -0.926116 -2.246288 8
0.010655 -0.981684 -2.243725 8
-0.024213 -1.033404 -2.241515 8
-0.059786 -1.075815 -2.240012 8
-0.087889 -1.156771 -2.236099 8
-0.137517 -1.114385 -2.240347 8
-0.165556 -1.187363 -2.237150 8
-0.210682 -1.170876 -2.239958 8
-0.256564 -1.153052 -2.242999 8
-0.295197 -1.169846 -2.243861 8
-0.316248 -1.261236 -2.239794 8
-0.366528 -1.225971 -2.244399 8
-0.414481 -1.203336 -2.248306 8
-0.440951 -1.264860 -2.246544 8
-0.469324 -1.315716 -2.245588 8
-0.505597 -1.335791 -2.246874 8
-0.539888 -1.362018 -2.247832 8
-0.577555 -1.376083 -2.249763 8
-0.614935 -1.390894 -2.251756 8
-0.667094 -1.359683 -2.257243 8
-0.702726 -1.380803 -2.259037 8
0.260495 0.249031 -2.252480 8
0.213246 0.170234 -2.248450 8
0.206591 -0.333029 -2.222355 8
0.182807 -0.576857 -2.209940 8
0.164351 -0.828684 -2.197198 8
0.120870 -0.834239 -2.197488 8
0.094175 -0.969250 -2.191073 8
0.057221 -1.013012 -2.189570 8
0.016617 -1.027370 -2.189738 8
-0.018381 -1.076279 -2.188179 8
-0.050962 -1.134872 -2.186201 8
-0.093729 -1.130244 -2.187724 8
-0.135464 -1.132357 -2.189008 8
-0.170690 -1.168259 -2.188571 8
-0.210309 -1.180143 -2.189553 8
-0.258039 -1.153928 -2.192761 8
-0.314081 -1.093659 -2.198017 8
-0.317086 -1.265677 -2.190391 8
-0.366569 -1.234097 -2.194280 8
-0.406362 -1.243896 -2.195960 8
-0.429375 -1.317424 -2.194075 8
-0.468215 -1.328453 -2.195884 8
-0.503244 -1.352907 -2.197018 8
-0.538049 -1.377199 -2.198261 8
-0.584997 -1.360547 -2.202071 8
-0.621788 -1.378140 -2.203948 8
-0.658396 -1.395943 -2.205921 8
-0.704422 -1.385147 -2.209789 8
-0.746410 -1.387491 -2.212980 8
-0.813057 -1.320759 -2.220735 8
-0.881213 -1.254438 -2.228719 8
-1.016895 -1.012328 -2.248549 8
0.172782 0.657966 -2.204551 8
0.178805 -0.033093 -2.176301 8
0.138222 -0.140491 -2.172200 8
0.139929 -0.611612 -2.153194 8
0.142363 -1.016524 -2.136968 8
0.099413 -1.013955 -2.137700 8
0.052313 -0.982632 -2.139752 8
0.013105 -1.009140 -2.139512 8
-0.020541 -1.068441 -2.138001 8
-0.062971 -1.069309 -2.139058 8
-0.084276 -1.190241 -2.135115 8
-0.127850 -1.180099 -2.136851 8
-0.176090 -1.147853 -2.139670 8
-0.226055 -1.110948 -2.142834 8
-0.253369 -1.183357 -2.141338 8
-0.291330 -1.202927 -2.142254 8
-0.313497 -1.288966 -2.140295 8
-0.363084 -1.256622 -2.143744 8
-0.395517 -1.295023 -2.144107 8
-0.432258 -1.314972 -2.145409 8
-0.472107 -1.322862 -2.147379 8
-0.491333 -1.403639 -2.146007 8
-0.544196 -1.365111 -2.150396 8
-0.581998 -1.379452 -2.152386 8
-0.620554 -1.391210 -2.154612 8
-0.659420 -1.402017 -2.156999 8
-0.696339 -1.418735 -2.159200 8
-0.737878 -1.421787 -2.162212 8
-0.781605 -1.419239 -2.165646 8
-0.890478 -1.239133 -2.178663 8
-0.873590 -1.404727 -2.173442 8
-0.903035 -1.442064 -2.175117 8
0.093834 0.885496 -2.142198 8
0.043817 0.785164 -2.139498 8
0.082543 -0.098092 -2.113332 8
0.092143 -0.603217 -2.098592 8
0.041957 -0.575760 -2.100046 8
0.030792 -0.833022 -2.092940 8
0.005120 -0.960873 -2.089845 8
-0.024253 -1.050809 -2.087992 8
-0.056944 -1.111514 -2.087127 8
-0.077982 -1.232222 -2.084465 8
-0.134914 -1.149068 -2.088308 8
-0.167293 -1.199841 -2.088033 8
-0.212511 -1.184245 -2.089985 8
-0.238583 -1.259607 -2.089094 8
-0.273376 -1.290501 -2.089732 8
-0.305765 -1.329797 -2.090180 8
-0.350126 -1.317763 -2.092451 8
-0.390160 -1.324378 -2.094209 8
-0.435377 -1.311631 -2.096754 8
-0.472330 -1.330662 -2.098307 8
-0.511008 -1.343029 -2.100199 8
-0.541276 -1.383881 -2.101159 8
-0.590354 -1.360961 -2.104560 8
-0.638238 -1.344052 -2.107886 8
-0.672269 -1.371627 -2.109650 8
-0.688370 -1.451825 -2.109444 8
-0.732685 -1.446243 -2.112668 8
-0.785383 -1.418154 -2.116943 8
-0.815601 -1.453852 -2.118750 8
-0.846233 -1.487224 -2.120728 8
-0.879038 -1.513923 -2.123070 8
-0.951872 -1.439274 -2.129955 8
0.039905 0.821071 -2.069351 8
0.076396 -0.046118 -2.053277 8
0.017100 0.015343 -2.054935 8
0.074986 -0.834570 -2.039240 8
0.033453 -0.857184 -2.039449 8
0.002368 -0.947872 -2.038440 8
-0.019144 -1.088911 -2.036522 8
-0.063232 -1.080241 -2.037637 8
-0.096024 -1.136910 -2.037554 8
-0.149391 -1.078483 -2.039900 8
-0.190963 -1.086507 -2.041018 8
-0.225470 -1.128783 -2.041526 8
-0.229333 -1.309946 -2.039159 8
-0.261178 -1.352246 -2.039787 8
-0.304121 -1.344612 -2.041595 8
-0.340081 -1.366790 -2.042850 8
-0.380205 -1.371649 -2.044596 8
-0.431833 -1.333449 -2.047457 8
-0.473785 -1.333944 -2.049545 8
-0.504550 -1.374419 -2.050772 8
-0.546318 -1.375567 -2.053053 8
-0.591544 -1.366038 -2.055724 8
-0.630529 -1.377677 -2.057971 8
-0.654754 -1.434709 -2.059108 8
-0.695310 -1.440338 -2.061702 8
-0.717683 -1.498947 -2.062919 8
-0.764641 -1.485889 -2.066243 8
-0.821197 -1.448152 -2.070441 8
-0.842685 -1.506227 -2.071909 8
-0.882805 -1.513858 -2.074987 8
-0.928365 -1.508193 -2.078606 8
-0.979997 -1.488758 -2.082819 8
-1.064743 -1.392284 -2.089810 8
0.068707 0.019660 -1.992196 8
0.043194 -0.205312 -1.990837 8
-0.000613 -0.257905 -1.990948 8
-0.051321 -0.254785 -1.991627 8
-0.072966 -0.447921 -1.990803 8
-0.071879 -0.762116 -1.989014 8
-0.113549 -0.787137 -1.989731 8
-0.112076 -1.053072 -1.988412 8
-0.136642 -1.153498 -1.988590 8
-0.174432 -1.177690 -1.989540 8
-0.202492 -1.247460 -1.990142 8
-0.248017 -1.230961 -1.991672 8
-0.278189 -1.284544 -1.992595 8
-0.309160 -1.331029 -1.993665 8
-0.349747 -1.335386 -1.995273 8
-0.392211 -1.332789 -1.997066 8
-0.436764 -1.323255 -1.999054 8
-0.462994 -1.381676 -2.000317 8
-0.503525 -1.386641 -2.002324 8
-0.544501 -1.390497 -2.004453 8
-0.601974 -1.340859 -2.007437 8
-0.628408 -1.393460 -2.009105 8
-0.653770 -1.446806 -2.010814 8
-0.686599 -1.475434 -2.012963 8
-0.750256 -1.414184 -2.016669 8
-0.786884 -1.432945 -2.019206 8
-0.825893 -1.444927 -2.021957 8
-0.858276 -1.474527 -2.024485 8
-0.894957 -1.492228 -2.027321 8
-0.943541 -1.479955 -2.030858 8
-0.998265 -1.454140 -2.034825 8
-1.043779 -1.452308 -2.038441 8
-1.071134 -1.493382 -2.041213 8
-1.110029 -1.507173 -2.044689 8
-1.157592 -1.502008 -2.048740 8
-0.171950 6.133604 -1.909320 5
-0.279955 6.112292 -1.909099 5
-0.391490 6.131649 -1.909002 5
-0.495489 6.071584 -1.909431 5
0.015568 0.019277 -1.930235 10
-0.008010 -0.206069 -1.931428 10
-0.042346 -0.324711 -1.932374 10
-0.084018 -0.379938 -1.933226 8
-0.136941 -0.358518 -1.933970 8
-0.173240 -0.439156 -1.935102 10
-0.170960 -0.728769 -1.936818 8
-0.204383 -0.799150 -1.938053 8
-0.182581 -1.143451 -1.939886 8
-0.229690 -1.123262 -1.941051 8
-0.250055 -1.229075 -1.942501 8
-0.275667 -1.303341 -1.943957 8
-0.318193 -1.300589 -1.945415 8
-0.344435 -1.364958 -1.947000 8
-0.383979 -1.373128 -1.948643 8
-0.432507 -1.347644 -1.950400 8
-0.478008 -1.335709 -1.952272 8
-0.500463 -1.405932 -1.954146 8
-0.549989 -1.380695 -1.956241 8
-0.587846 -1.395977 -1.958371 8
-0.622674 -1.420593 -1.960567 8
-0.662686 -1.428550 -1.962904 8
-0.701423 -1.440556 -1.965325 8
-0.735467 -1.466108 -1.967780 8
-0.783929 -1.450645 -1.970536 8
-0.808821 -1.500796 -1.973030 8
-0.861789 -1.474842 -1.976085 8
-0.878653 -1.543717 -1.978582 8
-0.935260 -1.510428 -1.981939 8
-1.006325 -1.444510 -1.985765 8
-1.005992 -1.551885 -1.988104 8
-1.085190 -1.471022 -1.992412 8
-1.121567 -1.491361 -1.995809 8
-1.162520 -1.501462 -1.999427 8
-1.211193 -1.495347 -2.003376 8
-1.237743 -1.536612 -2.006783 8
0.375620 6.187118 -1.784180 5
0.274188 5.949622 -1.785894 5
0.164462 5.990444 -1.783955 5
0.057241 5.969936 -1.783131 5
-0.048527 5.931037 -1.782818 5
-0.158017 5.950814 -1.781907 5
-0.266901 5.957004 -1.781436 5
-0.377859 5.982545 -1.780929 5
-0.492662 6.039230 -1.780217 5
-0.601667 6.032383 -1.780674 5
0.034913 -0.145181 -1.870213 10
0.003971 -0.303012 -1.872874 10
-0.038109 -0.360608 -1.874196 10
-0.070752 -0.474875 -1.876418 10
-0.114964 -0.503477 -1.877526 10
-0.154465 -0.557614 -1.879088 10
-0.203007 -0.556013 -1.879983 10
-0.217759 -0.735294 -1.883418 8
-0.254469 -0.786672 -1.885196 8
-0.264319 -0.963632 -1.888682 8
-0.314792 -0.938320 -1.889617 8
-0.301569 -1.196775 -1.894185 8
-0.353563 -1.158993 -1.895123 8
-0.370366 -1.267716 -1.897904 8
-0.381874 -1.389428 -1.900857 8
-0.448748 -1.295020 -1.901449 8
-0.472675 -1.363508 -1.903937 8
-0.503962 -1.402258 -1.906167 8
-0.556694 -1.366836 -1.907749 8
-0.593852 -1.385258 -1.909962 8
-0.626880 -1.416272 -1.912371 8
-0.669604 -1.416482 -1.914602 8
-0.700466 -1.452549 -1.917210 8
-0.739068 -1.464995 -1.919719 8
-0.782466 -1.464109 -1.922236 8
-0.812671 -1.499759 -1.925073 8
-0.866935 -1.470864 -1.927648 8
-0.904504 -1.487056 -1.930572 8
-0.937122 -1.515495 -1.933630 8
-1.012231 -1.440160 -1.936463 8
-1.061080 -1.431547 -1.939671 8
-1.085924 -1.479454 -1.943085 8
-1.116844 -1.512142 -1.946535 8
-1.162358 -1.512073 -1.950066 8
-1.197459 -1.535074 -1.953691 8
-1.282737 -1.453111 -1.957639 8
0.816453 5.994064 -1.667598 5
0.707993 5.949034 -1.666113 5
0.599631 5.998586 -1.662544 5
0.492251 5.936013 -1.661981 5
0.382362 6.010296 -1.658245 5
0.276172 5.941465 -1.658326 5
0.166018 5.986767 -1.655769 5
0.055825 6.015488 -1.653858 5
-0.050781 5.978148 -1.653860 5
-0.156953 5.942650 -1.654055 5
-0.267691 5.968383 -1.652919 5
-0.376776 5.969154 -1.652656 5
-0.482061 5.930649 -1.653635 5
0.079837 -0.090366 -1.808018 10
0.047254 -0.251472 -1.812357 10
0.010943 -0.361374 -1.815483 10
-0.031314 -0.414702 -1.817263 10
-0.067817 -0.500530 -1.819963 10
-0.111857 -0.529518 -1.821318 10
-0.156688 -0.551361 -1.822591 10
-0.194614 -0.610380 -1.824889 10
-0.239317 -0.628148 -1.826253 10
-0.281962 -0.655413 -1.827947 8
-0.333821 -0.636579 -1.828617 10
-0.346716 -0.799496 -1.833767 8
-0.380928 -0.855363 -1.836395 8
-0.403818 -0.955147 -1.840124 8
-0.356566 -1.331670 -1.850295 8
-0.401112 -1.322625 -1.851528 8
-0.499453 -1.113536 -1.848378 8
-0.467816 -1.389494 -1.856175 8
-0.505673 -1.404826 -1.858213 8
-0.553987 -1.384694 -1.859584 8
-0.589645 -1.407798 -1.861968 8
-0.626878 -1.425212 -1.864315 8
-0.644835 -1.501023 -1.867899 8
-0.678376 -1.526912 -1.870544 8
-0.732989 -1.491629 -1.872119 8
-0.762726 -1.528347 -1.875140 8
-0.822122 -1.483604 -1.876796 8
-0.861599 -1.494434 -1.879549 8
-0.915718 -1.468053 -1.881792 8
-0.936301 -1.527210 -1.885509 8
-0.989555 -1.504991 -1.888046 8
-1.058300 -1.448196 -1.890240 8
-1.086297 -1.488684 -1.893931 8
-1.108729 -1.540424 -1.897816 8
-1.151937 -1.545051 -1.901181 8
-1.195182 -1.550184 -1.904663 8
-1.279603 -1.470203 -1.907407 8
-1.326369 -1.471317 -1.911155 8
1.039273 6.064917 -1.542754 5
0.928312 5.989755 -1.542336 5
0.819378 5.966436 -1.540347 5
0.710962 5.979300 -1.537307 5
0.602500 5.965962 -1.535422 5
0.493838 5.977911 -1.532857 5
0.383826 6.030904 -1.529027 5
0.272642 6.087106 -1.525289 5
0.121559 0.007820 -1.743204 10
0.091928 -0.202128 -1.750971 10
0.060176 -0.362404 -1.757010 10
0.017088 -0.413304 -1.759127 10
-0.022835 -0.480695 -1.761943 10
-0.060051 -0.558384 -1.765226 10
-0.101605 -0.600325 -1.767291 10
-0.157417 -0.553965 -1.766240 10
-0.189570 -0.645845 -1.770301 10
-0.244829 -0.606486 -1.769710 10
-0.285974 -0.643056 -1.771952 10
-0.320294 -0.709850 -1.775356 10
-0.359907 -0.747168 -1.777789 10
-0.409511 -0.738205 -1.778680 8
-0.431913 -0.845334 -1.783722 8
-0.460664 -0.919049 -1.787648 8
-0.508740 -0.912824 -1.788894 8
-0.524554 -1.028477 -1.794374 8
-0.544854 -1.120390 -1.799078 8
-0.518964 -1.367153 -1.808947 8
-0.558743 -1.377436 -1.810970 8
-0.588344 -1.420819 -1.814149 8
-0.621972 -1.449517 -1.816917 8
-0.649362 -1.496131 -1.820317 8
-0.682547 -1.523563 -1.823173 8
-0.753282 -1.442763 -1.822807 8
-0.767278 -1.524897 -1.827491 8
-0.839402 -1.446430 -1.827476 8
-0.861667 -1.503743 -1.831553 8
-0.907047 -1.499807 -1.833941 8
-0.941779 -1.523263 -1.837190 8
-1.000817 -1.487601 -1.838928 8
-1.042192 -1.496108 -1.841975 8
-1.074976 -1.524672 -1.845627 8
-1.119829 -1.525653 -1.848668 8
-1.168523 -1.519026 -1.851636 8
-1.239163 -1.466872 -1.853678 8
-1.252774 -1.536400 -1.858628 8
-1.309577 -1.515963 -1.861655 8
-1.374913 -1.480414 -1.864528 8
-1.529931 -1.273817 -1.864241 8
1.149083 5.968207 -1.421279 5
1.041170 5.999642 -1.416608 5
0.930493 5.924533 -1.417059 5
0.822247 5.935095 -1.413781 5
0.713891 5.981669 -1.409030 5
0.605027 5.977967 -1.406830 5
0.496751 5.942131 -1.406358 5
0.388709 5.921581 -1.405388 5
0.397545 2.635829 -1.559394 12
0.322525 2.581040 -1.560917 12
0.238555 2.707924 -1.553948 12
0.169810 2.558367 -1.560301 12
0.095305 2.524379 -1.561304 12
0.013958 2.579281 -1.558205 12
-0.068732 2.636115 -1.555159 12
0.140562 -0.180631 -1.689997 10
0.101469 -0.290891 -1.695268 10
0.065376 -0.409406 -1.701032 10
0.024111 -0.471859 -1.704202 10
-0.023748 -0.479620 -1.704845 10
-0.064333 -0.535751 -1.707894 10
-0.107134 -0.572065 -1.710085 10
-0.141544 -0.654647 -1.714563 10
-0.183651 -0.686109 -1.716691 10
-0.233554 -0.673849 -1.716837 10
-0.278318 -0.689529 -1.718399 10
-0.318204 -0.727987 -1.721118 10
-0.357237 -0.767724 -1.723978 10
-0.402542 -0.777359 -1.725516 10
-0.416040 -0.920675 -1.733326 8
-0.467960 -0.898357 -1.733542 8
-0.504171 -0.939480 -1.736763 10
-0.559010 -0.908857 -1.736799 8
-0.493337 -1.314495 -1.756605 8
-0.537022 -1.313107 -1.758030 8
-0.555233 -1.397901 -1.763367 8
-0.583278 -1.445986 -1.767116 8
-0.610872 -1.493132 -1.770874 8
-0.669184 -1.444868 -1.770571 8
-0.702350 -1.474271 -1.773713 8
-0.746146 -1.472360 -1.775600 8
-0.775013 -1.512660 -1.779340 8
-0.845420 -1.439719 -1.778475 8
-0.854211 -1.532690 -1.784517 8
-0.909233 -1.503828 -1.785678 8
-0.945697 -1.523207 -1.788871 8
-0.983299 -1.539610 -1.792024 8
-1.027934 -1.539462 -1.794625 8
-1.086018 -1.509381 -1.796208 8
-1.119824 -1.535712 -1.800009 8
-1.159132 -1.549606 -1.803431 8
-1.235907 -1.484180 -1.804140 8
-1.275899 -1.498853 -1.807824 8
-1.339974 -1.464994 -1.809961 8
-1.365418 -1.509841 -1.814856 8
-1.390493 -1.554216 -1.819776 8
1.380724 6.118898 -1.291582 5
1.262197 5.962358 -1.296773 5
1.152305 5.944894 -1.294366 5
1.043680 5.955628 -1.290564 5
0.937684 6.097475 -1.279445 5
0.716703 5.930584 -1.283658 5
0.629687 2.903733 -1.456842 12
0.554669 2.596885 -1.473096 12
0.478897 2.540395 -1.474993 11
0.399524 2.614099 -1.469432 12
0.324394 2.561341 -1.471410 12
0.245539 2.594026 -1.468521 12
0.172591 2.523426 -1.471849 12
0.094024 2.546244 -1.469823 12
0.022623 2.476201 -1.473417 12
0.184327 -0.100020 -1.625203 10
0.147239 -0.248179 -1.633787 10
0.105930 -0.334050 -1.638790 10
0.065625 -0.415499 -1.643625 10
0.023620 -0.472870 -1.647126 10
-0.014887 -0.548134 -1.651771 10
-0.052892 -0.617924 -1.656175 10
-0.105642 -0.587823 -1.654774 10
-0.136019 -0.694010 -1.661485 10
-0.181235 -0.706718 -1.662774 10
-0.233293 -0.682747 -1.661999 10
-0.273689 -0.720634 -1.664936 10
-0.321817 -0.718737 -1.665633 10
-0.357609 -0.774306 -1.669758 10
-0.382583 -0.873244 -1.676462 10
-0.434760 -0.850665 -1.676206 10
-0.476371 -0.873265 -1.678645 10
-0.513702 -0.911503 -1.682056 10
-0.552996 -0.940393 -1.685006 10
-0.595058 -0.958091 -1.687397 8
-0.628374 -1.005638 -1.691547 8
-0.608096 -1.229886 -1.705638 8
-0.580736 -1.462905 -1.720147 8
-0.623015 -1.463915 -1.721766 8
-0.677755 -1.427898 -1.721442 8
-0.713483 -1.450647 -1.724428 8
-0.742245 -1.492630 -1.728520 8
-0.788998 -1.483228 -1.729915 8
-0.820863 -1.515088 -1.733593 8
-0.862707 -1.519917 -1.735912 8
-0.920901 -1.483802 -1.736191 8
-0.958157 -1.502085 -1.739397 8
-0.995545 -1.519885 -1.742652 8
-1.054337 -1.487485 -1.743462 8
-1.090155 -1.509924 -1.747127 8
-1.146845 -1.485661 -1.748578 8
-1.190878 -1.490859 -1.751584 8
-1.250167 -1.464364 -1.753179 8
-1.304696 -1.449802 -1.755475 8
-1.343912 -1.467658 -1.759393 8
-1.419959 -1.413004 -1.760111 8
-1.457948 -1.434967 -1.764434 8
-1.494011 -1.460449 -1.768990 8
-1.536255 -1.474321 -1.773122 8
1.488766 6.002969 -1.172970 5
1.375241 5.945214 -1.173098 5
1.268339 5.995830 -1.166129 5
0.556972 2.556381 -1.385040 12
0.483063 2.434049 -1.392125 6
0.421143 2.037431 -1.418486 11
0.358850 1.815735 -1.432884 6
0.278643 1.999607 -1.419109 11
0.206176 2.006491 -1.417808 11
0.133400 2.014572 -1.416548 11
0.232564 -0.052335 -1.561050 10
0.192657 -0.190826 -1.570456 10
0.156114 -0.337212 -1.580520 10
0.115256 -0.420712 -1.586260 10
0.072810 -0.478761 -1.590298 10
0.032232 -0.543402 -1.594885 10
-0.012712 -0.568965 -1.596808 10
-0.073508 -0.486599 -1.591232 10
-0.104483 -0.601472 -1.599594 10
-0.145302 -0.646035 -1.603096 10
-0.183354 -0.702009 -1.607474 10
-0.227439 -0.721168 -1.609350 10
-0.265570 -0.769174 -1.613319 10
-0.302152 -0.820902 -1.617618 10
-0.357840 -0.781518 -1.615654 10
-0.393015 -0.836014 -1.620295 10
-0.426377 -0.894384 -1.625266 10
-0.469395 -0.910096 -1.627360 10
-0.521053 -0.892058 -1.627214 10
-0.551392 -0.955435 -1.632732 10
-0.598416 -0.955295 -1.633974 8
-0.634993 -0.992085 -1.637808 8
-0.682285 -0.991456 -1.639180 8
-0.732444 -0.982465 -1.640079 8
-0.702723 -1.224077 -1.657823 8
-0.694914 -1.385073 -1.670121 8
-0.758786 -1.327107 -1.667909 8
-0.746295 -1.490248 -1.680351 8
-0.795343 -1.475001 -1.681099 8
-0.814797 -1.540626 -1.687187 8
-0.870815 -1.508227 -1.686991 8
-0.910432 -1.519888 -1.689727 8
-0.969771 -1.483165 -1.689473 8
-1.011780 -1.490714 -1.692127 8
-1.051689 -1.503584 -1.695195 8
-1.115899 -1.461338 -1.694941 8
-1.168713 -1.447303 -1.696555 8
-1.196771 -1.488338 -1.701610 8
-1.277130 -1.417859 -1.700042 8
-1.308577 -1.452344 -1.704873 8
-1.357779 -1.450359 -1.707628 8
-1.421220 -1.421363 -1.708930 8
-1.427607 -1.504091 -1.716744 8
-1.487602 -1.483393 -1.718727 8
-1.545386 -1.468555 -1.721177 8
-1.601946 -1.457465 -1.723966 8
-1.789256 -1.312016 -1.723435 8
1.607790 6.045621 -1.044383 5
1.491382 5.966917 -1.046638 5
1.383093 5.996500 -1.040633 5
0.712952 2.494426 -1.302709 11
0.639356 2.037527 -1.337702 11
0.567878 1.984802 -1.340478 11
0.500281 1.819179 -1.352495 6
0.432471 1.747941 -1.357057 6
0.363760 1.725994 -1.357766 6
0.296754 1.679237 -1.360606 6
0.229151 1.654645 -1.361771 6
0.154568 1.730374 -1.354899 2
0.243335 -0.181253 -1.509839 10
0.201026 -0.282042 -1.517681 10
0.163572 -0.412297 -1.528019 10
0.117206 -0.441279 -1.530193 10
0.076614 -0.514089 -1.536023 10
0.036847 -0.583310 -1.541643 10
-0.015306 -0.555868 -1.539459 10
-0.044946 -0.682442 -1.549910 10
-0.089740 -0.699884 -1.551539 10
-0.134452 -0.716649 -1.553189 10
-0.180679 -0.723995 -1.554149 10
-0.226536 -0.733373 -1.555352 10
-0.278649 -0.711302 -1.554080 10
-0.318309 -0.751643 -1.557950 10
-0.348676 -0.831555 -1.565088 10
-0.374922 -0.923338 -1.573241 10
-0.418270 -0.936807 -1.575133 10
-0.467063 -0.928184 -1.575323 10
-0.521200 -0.900468 -1.574066 10
-0.563488 -0.919624 -1.576648 10
-0.599820 -0.959510 -1.580953 10
-0.650195 -0.949018 -1.581319 8
-0.684890 -0.992281 -1.586026 8
-0.734350 -0.986007 -1.586885 8
-0.757751 -1.062103 -1.594301 8
-0.797683 -1.084414 -1.597544 8
-0.742487 -1.384076 -1.622447 8
-0.806020 -1.330160 -1.619818 8
-0.794153 -1.487548 -1.633600 8
-0.825392 -1.521573 -1.637876 8
-0.873028 -1.511913 -1.638872 8
-0.919821 -1.505703 -1.640219 8
-0.969600 -1.493294 -1.641187 8
-1.013002 -1.497593 -1.643501 8
-1.064331 -1.484022 -1.644567 8
-1.122236 -1.457043 -1.644745 8
-1.170974 -1.452526 -1.646685 8
-1.224159 -1.439480 -1.648102 8
-1.271893 -1.439389 -1.650559 8
-1.302239 -1.475888 -1.655725 8
-1.376222 -1.423994 -1.654680 8
-1.405910 -1.462173 -1.660120 8
-1.493047 -1.389501 -1.657905 8
-1.529843 -1.415204 -1.662659 8
-1.598267 -1.382810 -1.663528 8
-1.626158 -1.425277 -1.669586 8
-1.715929 -1.358532 -1.668428 8
-1.784130 -1.332532 -1.670164 8
1.609092 5.993247 -0.919110 5
1.497969 5.988030 -0.915775 5
0.873032 2.686981 -1.198970 12
0.785828 2.013075 -1.258319 11
0.713468 1.989718 -1.258750 11
0.641029 2.046907 -1.251939 11
0.568409 2.046492 -1.250494 11
0.505145 1.679333 -1.282829 6
0.436091 1.675616 -1.281973 6
0.364629 1.726318 -1.276210 6
0.296487 1.696754 -1.277945 6
0.229399 1.658387 -1.280607 2
0.290199 -0.114324 -1.443777 10
0.251006 -0.272842 -1.457949 10
0.205312 -0.329110 -1.462752 10
0.164114 -0.419656 -1.470818 10
0.126397 -0.526576 -1.480488 10
0.081588 -0.558990 -1.483327 10
0.032477 -0.554676 -1.482834 10
-0.013523 -0.573885 -1.484598 10
-0.048373 -0.665476 -1.493154 10
-0.085889 -0.730162 -1.499284 10
-0.135467 -0.717374 -1.498297 10
-0.182705 -0.719817 -1.498796 10
-0.234995 -0.696252 -1.496960 10
-0.281835 -0.703146 -1.498021 10
-0.313077 -0.784620 -1.506048 10
-0.341471 -0.872523 -1.514724 10
-0.376308 -0.925564 -1.520239 10
-0.421821 -0.930464 -1.521382 10
-0.471512 -0.919080 -1.521100 10
-0.516327 -0.928173 -1.522775 10
-0.572997 -0.893547 -1.520521 10
-0.613228 -0.920918 -1.524017 10
-0.647370 -0.968152 -1.529384 10
-0.687660 -0.992575 -1.532735 8
-0.720167 -1.041206 -1.538342 8
-0.744731 -1.112198 -1.546018 8
-0.818085 -1.032806 -1.540202 8
-0.862995 -1.042064 -1.542460 10
-0.799493 -1.358086 -1.572187 8
-0.824233 -1.414267 -1.578660 8
-0.840100 -1.491666 -1.587047 8
-0.878623 -1.506843 -1.589963 8
-0.957423 -1.420567 -1.584036 8
-1.005379 -1.415326 -1.585339 8
-1.008680 -1.517681 -1.596079 8
-1.066015 -1.490032 -1.595565 8
-1.119951 -1.472308 -1.596011 8
-1.160284 -1.486321 -1.599269 8
-1.198808 -1.504378 -1.602941 8
-1.297798 -1.395453 -1.595960 8
-1.328372 -1.432797 -1.601452 8
-1.369198 -1.448746 -1.605209 8
-1.399693 -1.485025 -1.610717 8
-1.505170 -1.377349 -1.604466 8
-1.546208 -1.395695 -1.608702 8
-1.587859 -1.413024 -1.612930 8
-1.637336 -1.416548 -1.616128 8
-1.725662 -1.353047 -1.614110 8
-1.841176 -1.246801 -1.608934 8
1.725618 5.991542 -0.793558 5
1.611209 5.951543 -0.793678 5
1.504016 6.001055 -0.784989 5
0.941873 2.290488 -1.149028 11
0.859937 1.989271 -1.177754 11
0.788353 2.043080 -1.170457 11
0.715349 1.975106 -1.175711 11
0.642924 2.022248 -1.169287 11
0.571050 1.976641 -1.172483 6
0.504881 1.739675 -1.195508 6
0.438109 1.648595 -1.203667 6
0.369971 1.626232 -1.204855 6
0.297331 1.693838 -1.196840 6
0.338547 -0.047001 -1.376233 10
0.298270 -0.221378 -1.393683 10
0.257223 -0.346929 -1.406176 10
0.211279 -0.394328 -1.410645 10
0.170379 -0.482992 -1.419482 10
0.125662 -0.523077 -1.423348 10
0.082265 -0.568491 -1.427842 10
0.032133 -0.556755 -1.426460 10
0.006532 -0.721397 -1.443510 10
-0.040965 -0.720408 -1.443385 10
-0.092743 -0.693716 -1.440652 10
-0.132087 -0.743898 -1.445990 10
-0.167138 -0.813253 -1.453388 10
-0.217216 -0.797221 -1.451967 10
-0.267873 -0.780724 -1.450568 10
-0.302137 -0.844674 -1.457594 10
-0.336861 -0.901576 -1.463946 10
-0.376742 -0.931939 -1.467603 10
-0.426168 -0.920849 -1.467030 10
-0.463952 -0.958003 -1.471516 10
-0.518871 -0.927318 -1.469057 10
-0.561068 -0.946784 -1.471846 10
-0.598428 -0.982893 -1.476410 10
-0.651395 -0.963718 -1.475355 10
-0.698612 -0.965772 -1.476554 10
-0.738762 -0.991186 -1.480212 10
-0.791334 -0.977310 -1.479923 10
-0.824859 -1.022342 -1.485708 8
-0.886569 -0.983491 -1.483032 8
-0.931805 -0.994319 -1.485479 8
-0.933495 -1.124593 -1.500041 8
-0.880853 -1.392679 -1.528446 8
-0.926877 -1.391616 -1.529781 8
-0.941877 -1.469365 -1.539056 8
-0.987941 -1.467813 -1.540460 8
-0.995417 -1.558968 -1.551120 8
-1.052916 -1.530289 -1.549960 8
-1.100370 -1.526572 -1.551351 8
-1.158366 -1.500670 -1.550652 8
-1.219637 -1.469854 -1.549577 8
-1.262110 -1.480754 -1.552647 8
-1.334866 -1.430096 -1.549862 8
-1.388493 -1.420874 -1.551179 8
-1.416187 -1.463519 -1.557527 8
-1.526896 -1.347003 -1.548856 8
-1.567308 -1.367509 -1.553292 8
-1.604019 -1.394763 -1.558424 8
-1.692372 -1.329857 -1.555066 8
-1.728219 -1.360115 -1.560652 8
-1.931669 -1.104620 -1.540175 8
-1.979603 -1.120183 -1.544742 8
1.728999 5.964915 -0.666538 5
1.619118 5.982231 -0.660817 5
1.010422 2.063189 -1.088575 11
0.935434 2.009465 -1.092634 11
0.862679 2.006952 -1.091024 11
0.790057 2.009003 -1.088996 11
0.717305 1.982392 -1.090320 11
0.645038 1.959835 -1.091291 11
0.571362 2.054344 -1.079021 11
0.505663 1.759449 -1.111282 2
0.437526 1.696106 -1.117259 6
0.368173 1.686411 -1.117204 6
0.302911 1.603285 -1.125666 6
0.347667 -0.184416 -1.329961 10
0.304859 -0.308328 -1.343545 10
0.260156 -0.381439 -1.351380 10
0.215355 -0.439115 -1.357519 10
0.175205 -0.532208 -1.367815 10
0.130534 -0.569666 -1.371774 10
0.090490 -0.640017 -1.379596 10
0.046934 -0.674069 -1.383300 10
0.000974 -0.687230 -1.384658 10
-0.047444 -0.683256 -1.384101 10
-0.093549 -0.694991 -1.385420 10
-0.122969 -0.803981 -1.398033 10
-0.171577 -0.795621 -1.397157 10
-0.221129 -0.784016 -1.395970 10
-0.262408 -0.815682 -1.399839 10
-0.306263 -0.832948 -1.402108 10
-0.336913 -0.909396 -1.411258 10
-0.382940 -0.913303 -1.412105 10
-0.428551 -0.919453 -1.413272 10
-0.466882 -0.954973 -1.417878 10
-0.530914 -0.890091 -1.411011 10
-0.564040 -0.944898 -1.417951 10
-0.601631 -0.980697 -1.422764 10
-0.658727 -0.947994 -1.419796 10
-0.701380 -0.966172 -1.422716 10
-0.761051 -0.929593 -1.419454 10
-0.790610 -0.989391 -1.427239 8
-0.841749 -0.981657 -1.427398 8
-0.888472 -0.988088 -1.429235 8
-0.938518 -0.985661 -1.430136 8
-0.986212 -0.990690 -1.431950 8
-1.005429 -1.071851 -1.442395 8
-0.906389 -1.454123 -1.486640 8
-0.951993 -1.453648 -1.487901 8
-0.980351 -1.496067 -1.494012 8
-1.027951 -1.491390 -1.494926 8
-1.077808 -1.482565 -1.495452 8
-1.147082 -1.431294 -1.491368 8
-1.190582 -1.440033 -1.493997 8
-1.228393 -1.461380 -1.498073 8
-1.274571 -1.465074 -1.500277 8
-1.335211 -1.439974 -1.499423 8
-1.370020 -1.468356 -1.504457 8
-1.421188 -1.464499 -1.506067 8
-1.526170 -1.359494 -1.496916 8
-1.563649 -1.385466 -1.501930 8
-1.629983 -1.358842 -1.501417 8
-1.681317 -1.360955 -1.504053 8
-1.733581 -1.362312 -1.506695 8
-1.920498 -1.135906 -1.485660 8
-1.953337 -1.176222 -1.492664 8
-2.090512 -1.046145 -1.482156 8
1.734355 5.960222 -0.537104 5
1.625757 5.996671 -0.528931 5
1.083985 2.010657 -1.011334 11
1.011531 2.023636 -1.007664 11
0.937805 2.003773 -1.008156 11
0.864615 1.988949 -1.008122 11
0.792396 2.023303 -1.002056 11
0.719560 2.066021 -0.995021 11
0.646599 1.988705 -1.003068 11
0.574056 1.979785 -1.002670 11
0.506981 1.758254 -1.029036 2
0.436330 1.761814 -1.027291 2
0.367279 1.726560 -1.030515 2
0.397137 -0.131291 -1.263375 10
0.352103 -0.248445 -1.277375 10
0.310187 -0.378143 -1.293052 10
0.266287 -0.454524 -1.302087 10
0.222080 -0.512479 -1.308869 10
0.177673 -0.558341 -1.314192 10
0.137564 -0.635462 -1.323540 10
0.084286 -0.592961 -1.317803 10
0.041361 -0.636309 -1.323000 10
-0.000736 -0.680372 -1.328351 10
-0.049296 -0.676807 -1.327723 10
-0.081029 -0.779032 -1.340573 10
-0.129371 -0.773111 -1.339764 10
-0.168707 -0.818486 -1.345519 10
-0.221518 -0.789341 -1.341879 10
-0.253685 -0.866778 -1.351816 10
-0.305135 -0.846210 -1.349378 10
-0.343598 -0.887174 -1.354799 10
-0.389722 -0.892230 -1.355725 10
-0.434441 -0.903537 -1.357500 10
-0.475198 -0.930545 -1.361318 10
-0.517338 -0.951002 -1.364362 10
-0.561143 -0.964643 -1.366599 10
-0.612342 -0.951926 -1.365566 10
-0.663906 -0.939723 -1.364661 10
-0.713293 -0.936409 -1.364940 10
-0.748405 -0.979732 -1.371146 10
-0.785186 -1.015953 -1.376506 10
-0.855447 -0.950711 -1.369194 10
-0.894689 -0.980202 -1.373829 10
-0.949510 -0.965054 -1.372938 10
-1.012934 -0.928255 -1.369418 8
-1.058238 -0.942430 -1.372327 8
-1.106762 -0.948443 -1.374281 8
-0.918597 -1.546821 -1.449716 8
-1.035485 -1.371644 -1.429224 8
-1.188894 -1.120133 -1.399486 8
-1.076512 -1.495487 -1.447089 8
-1.183282 -1.360129 -1.431854 8
-1.303127 -1.203805 -1.414214 8
-1.249200 -1.427245 -1.443073 8
-1.271219 -1.482454 -1.451379 8
-1.344025 -1.432614 -1.446980 8
-1.406586 -1.406353 -1.445539 8
-1.475108 -1.370652 -1.443057 8
-1.527532 -1.368001 -1.444641 8
-1.595156 -1.338258 -1.443069 8
-1.625585 -1.378103 -1.449878 8
-1.694554 -1.348929 -1.448552 8
-1.794371 -1.268589 -1.441306 8
-1.911962 -1.162600 -1.431221 8
-1.941647 -1.207834 -1.438998 8
-2.035733 -1.147721 -1.434573 8
1.739350 5.951451 -0.407957 5
1.627487 5.950419 -0.404488 5
1.161607 2.032799 -0.924985 11
1.088364 2.037471 -0.922232 11
1.014566 2.029740 -0.921237 11
0.939944 1.990949 -0.924536 11
0.866560 1.971485 -0.925316 11
0.794793 2.040732 -0.914133 11
0.721501 2.060407 -0.909749 11
0.648112 2.029429 -0.912344 11
0.574646 2.041865 -0.909108 11
0.501962 2.012101 -0.911718 11
0.439649 1.697340 -0.953437 2
0.446293 -0.042197 -1.190639 10
0.402068 -0.213280 -1.213235 10
0.358833 -0.348708 -1.231044 10
0.315565 -0.448705 -1.244075 10
0.268523 -0.480662 -1.247822 10
0.225572 -0.550931 -1.256909 10
0.180746 -0.590380 -1.261816 10
0.132337 -0.591856 -1.261546 10
0.088862 -0.634433 -1.267004 10
0.043749 -0.659091 -1.270047 10
0.003503 -0.715578 -1.277544 10
-0.047550 -0.694169 -1.274332 10
-0.079007 -0.797763 -1.288456 10
-0.118122 -0.845477 -1.294911 10
-0.166797 -0.836001 -1.293509 10
-0.214836 -0.831684 -1.292873 10
-0.260180 -0.842044 -1.294320 10
-0.301481 -0.871416 -1.298448 10
-0.324991 -0.979388 -1.313498 10
-0.373066 -0.972569 -1.312722 10
-0.420885 -0.968221 -1.312341 10
-0.462555 -0.989490 -1.315551 10
-0.514871 -0.969305 -1.313088 10
-0.578244 -0.910894 -1.305406 10
-0.606003 -0.983608 -1.315871 10
-0.676582 -0.905933 -1.305653 10
-0.710812 -0.954213 -1.312849 10
-0.766750 -0.931034 -1.310260 10
-0.814499 -0.935464 -1.311528 10
-0.868927 -0.920586 -1.310201 10
-0.907247 -0.954060 -1.315565 10
-0.933740 -1.019549 -1.325359 10
-1.015628 -0.931460 -1.314191 10
-1.044895 -0.988288 -1.322900 8
-1.092286 -0.996325 -1.324995 8
-1.148623 -0.982520 -1.324176 8
-1.211373 -0.954822 -1.321538 8
-1.289122 -0.894104 -1.314502 8
-1.273128 -1.053134 -1.337290 8
-1.311607 -1.082880 -1.342601 8
-1.215775 -1.405480 -1.387403 8
-1.269032 -1.395390 -1.387362 8
-1.315511 -1.400762 -1.389462 8
-1.361451 -1.407860 -1.391851 8
-1.391182 -1.447619 -1.398654 8
-1.483083 -1.366189 -1.389379 8
-1.527900 -1.378380 -1.392645 8
-1.582425 -1.373025 -1.393650 8
-1.649308 -1.346542 -1.391946 8
-1.709835 -1.333402 -1.392087 8
-1.873045 -1.144549 -1.369324 8
-1.922896 -1.156309 -1.372968 8
-1.939769 -1.223100 -1.383825 8
-2.047161 -1.141682 -1.375525 8
-2.210724 -0.975780 -1.356509 8
1.750392 6.008635 -0.269047 5
1.631058 5.926986 -0.277380 5
1.288359 2.723159 -0.740576 12
1.160881 1.969829 -0.848141 11
1.088411 1.981511 -0.844364 2
1.008763 1.830083 -0.864547 2
0.943317 2.015187 -0.835510 11
0.868484 1.953339 -0.842747 11
0.795411 1.929970 -0.844426 11
0.722970 1.945247 -0.840492 11
0.650086 1.988184 -0.832543 11
0.577638 1.945863 -0.837254 11
0.507423 1.845131 -0.850702 10
0.443250 1.624193 -0.882076 10
0.453784 -0.196907 -1.151043 10
0.408305 -0.319823 -1.168414 10
0.362092 -0.394459 -1.178696 10
0.319317 -0.497128 -1.193223 10
0.273454 -0.539305 -1.198816 10
0.227748 -0.575162 -1.203527 10
0.184444 -0.628491 -1.210902 10
0.135844 -0.626175 -1.210027 10
0.093740 -0.678326 -1.217339 10
0.054856 -0.747996 -1.227328 10
0.014553 -0.798806 -1.234554 10
-0.039342 -0.754145 -1.227544 10
-0.078562 -0.806697 -1.235132 10
-0.123819 -0.818782 -1.236712 10
-0.162627 -0.865947 -1.243595 10
-0.204336 -0.893867 -1.247644 10
-0.235888 -0.970281 -1.259009 10
-0.283188 -0.965784 -1.258295 10
-0.321441 -1.003363 -1.263934 10
-0.361436 -1.030964 -1.268123 10
-0.422070 -0.971767 -1.259353 10
-0.472832 -0.957363 -1.257343 10
-0.516670 -0.971317 -1.259629 10
-0.560715 -0.984310 -1.261818 10
-0.615984 -0.957580 -1.258109 10
-0.664810 -0.955555 -1.258148 10
-0.718488 -0.938590 -1.256004 10
-0.755963 -0.975115 -1.261904 10
-0.819561 -0.929866 -1.255639 10
-0.858048 -0.963089 -1.261141 10
-0.898695 -0.988924 -1.265586 10
-0.959593 -0.957483 -1.261547 10
-1.034756 -0.890109 -1.252225 10
-1.085099 -0.892927 -1.253408 10
-1.120886 -0.933773 -1.260289 10
-1.171826 -0.935583 -1.261425 10
-1.255818 -0.858221 -1.250897 8
-1.272362 -0.944858 -1.264698 10
-1.341921 -0.906278 -1.260040 8
-1.325751 -1.062301 -1.284133 8
-1.207012 -1.434932 -1.340071 8
-1.260883 -1.423194 -1.339432 8
-1.311999 -1.418621 -1.339905 8
-1.355156 -1.431262 -1.342954 8
-1.403603 -1.433755 -1.344572 8
-1.526826 -1.292796 -1.325351 8
-1.559299 -1.330269 -1.332213 8
-1.663834 -1.234285 -1.319763 8
-1.695570 -1.274620 -1.327159 8
-1.748883 -1.276171 -1.328996 8
-1.870825 -1.160495 -1.314034 8
-2.003060 -1.033506 -1.297612 8
-2.036982 -1.075027 -1.305468 8
-2.149865 -0.988501 -1.295104 8
-2.193522 -1.016008 -1.301102 8
1.753390 5.977591 -0.142205 5
1.632631 5.879340 -0.154170 5
1.222807 1.768160 -0.796301 2
1.150300 1.750671 -0.797007 2
1.080602 1.778240 -0.790693 2
1.009970 1.795194 -0.786105 2
0.937948 1.779089 -0.786801 2
0.867682 1.821623 -0.778289 2
0.796882 1.882769 -0.766872 11
0.725391 2.048980 -0.738815 11
0.651850 1.985534 -0.747260 11
0.583130 1.678635 -0.794550 10
0.519853 1.391538 -0.838872 10
0.505825 -0.173398 -1.087259 10
0.457853 -0.274484 -1.102434 10
0.412636 -0.391185 -1.120189 10
0.365832 -0.447880 -1.128422 10
0.323735 -0.554696 -1.144748 10
0.277921 -0.592376 -1.150062 10
0.227495 -0.573174 -1.146300 10
0.176242 -0.550428 -1.142008 10
0.136367 -0.633874 -1.154824 10
0.104981 -0.774291 -1.176867 10
0.064954 -0.829095 -1.185201 10
0.017522 -0.824886 -1.184082 10
-0.032277 -0.806464 -1.180713 10
-0.077135 -0.821705 -1.182810 10
-0.115077 -0.876322 -1.191302 10
-0.164347 -0.863401 -1.188945 10
-0.214957 -0.845684 -1.185854 10
-0.243578 -0.939585 -1.200823 10
-0.277019 -1.002629 -1.210858 10
-0.321091 -1.012860 -1.212408 10
-0.375224 -0.979692 -1.206991 10
-0.408628 -1.035676 -1.216013 10
-0.457696 -1.025963 -1.214467 10
-0.525763 -0.945616 -1.201556 10
-0.561585 -0.990166 -1.208858 10
-0.608848 -0.991996 -1.209303 10
-0.660422 -0.979915 -1.207546 10
-0.709940 -0.976281 -1.207197 10
-0.754608 -0.989144 -1.209554 10
-0.794534 -1.016589 -1.214303 10
-0.874239 -0.925090 -1.199929 10
-0.915760 -0.949987 -1.204359 10
-0.962593 -0.959472 -1.206352 10
-1.048287 -0.864135 -1.191530 10
-1.099280 -0.866431 -1.192470 10
-1.149353 -0.871890 -1.193965 10
-1.212025 -0.846715 -1.190594 10
-1.292464 -0.780958 -1.180777 10
-1.359510 -0.751162 -1.176790 8
-1.436073 -0.702131 -1.169789 10
-1.480820 -0.727583 -1.174760 10
-1.518880 -0.767306 -1.182052 8
-1.488438 -0.951281 -1.212370 8
-1.492681 -1.055556 -1.229980 8
-1.476306 -1.197408 -1.253568 8
-1.506054 -1.242642 -1.261812 8
-1.508182 -1.339857 -1.278321 8
-1.578965 -1.304508 -1.273870 8
-1.679617 -1.216860 -1.261238 8
-1.732643 -1.219628 -1.262959 8
-1.836165 -1.134628 -1.250935 8
-1.944456 -1.046183 -1.238484 8
-1.983712 -1.078564 -1.245072 8
-2.089064 -1.002002 -1.234682 8
1.755999 5.942460 -0.016290 5
1.318385 2.016559 -0.672953 11
1.225703 1.762409 -0.713620 2
1.151830 1.725768 -0.717802 6
1.079818 1.709122 -0.718685 6
1.008220 1.693062 -0.719538 6
0.939145 1.740480 -0.709701 2
0.867340 1.711942 -0.712788 2
0.798789 1.866905 -0.684769 2
0.726931 1.958567 -0.667507 10
0.655891 1.516828 -0.741127 10
0.591525 1.205490 -0.792749 10
0.556070 -0.046343 -1.005147 10
0.508756 -0.235576 -1.036431 10
0.461933 -0.352728 -1.055492 10
0.414610 -0.418761 -1.065878 10
0.370524 -0.516437 -1.081753 10
0.324859 -0.567240 -1.089654 10
0.278453 -0.597963 -1.094160 10
0.229080 -0.591021 -1.092237 10
0.184067 -0.628812 -1.098048 10
0.139142 -0.661623 -1.103049 10
0.108949 -0.810581 -1.128113 10
0.064053 -0.826764 -1.130352 10
0.011459 -0.787314 -1.123030 10
-0.035069 -0.793787 -1.123666 10
-0.066015 -0.896578 -1.140979 10
-0.115211 -0.882073 -1.138073 10
-0.162451 -0.880767 -1.137484 10
-0.187603 -0.995504 -1.157004 10
-0.239214 -0.968673 -1.152077 10
-0.278669 -1.002529 -1.157688 10
-0.321559 -1.018677 -1.160272 10
-0.361206 -1.048188 -1.165208 10
-0.407141 -1.050153 -1.165410 10
-0.455163 -1.044549 -1.164337 10
-0.502384 -1.043272 -1.164050 10
-0.550102 -1.041126 -1.163649 10
-0.607512 -1.005914 -1.157556 10
-0.645768 -1.039021 -1.163337 10
-0.700334 -1.017317 -1.159660 10
-0.737187 -1.053972 -1.166130 10
-0.787886 -1.046743 -1.165036 10
-0.861892 -0.971821 -1.152262 10
-0.924385 -0.935485 -1.146213 10
-1.003642 -0.855611 -1.132675 10
-1.043105 -0.888845 -1.138752 10
-1.099399 -0.876969 -1.137067 10
-1.169497 -0.831541 -1.129629 10
-1.197521 -0.893795 -1.140837 10
-1.320850 -0.724011 -1.112032 10
-1.371017 -0.735821 -1.114628 10
-1.415454 -0.761101 -1.119588 10
-1.493198 -0.711998 -1.111780 10
-1.552153 -0.707136 -1.111644 10
-1.566959 -0.796898 -1.127825 8
-1.530994 -0.988025 -1.161434 8
-1.579288 -1.001369 -1.164524 8
-1.567080 -1.133962 -1.188094 8
-1.528652 -1.311664 -1.219382 8
-1.627858 -1.224144 -1.205298 8
-1.670908 -1.244442 -1.209710 8
-1.759573 -1.183142 -1.200246 8
-1.856985 -1.110255 -1.188888 8
-1.954918 -1.040703 -1.178185 8
-2.040132 -0.996528 -1.171881 8
1.763123 5.955992 0.118044 5
1.303427 1.793017 -0.626229 2
1.230450 1.781765 -0.626238 2
1.150234 1.651919 -0.647665 6
1.080220 1.662814 -0.643828 6
1.007388 1.613242 -0.650957 6
0.943529 1.795126 -0.616302 6
0.870576 1.750087 -0.622705 2
0.798618 1.711255 -0.628054 2
0.726599 1.509492 -0.663052 10
0.659437 1.108927 -0.734323 10
0.598389 0.825549 -0.784486 10
0.559775 -0.158915 -0.962536 10
0.512503 -0.322286 -0.991266 10
0.466508 -0.442679 -1.012248 10
0.419526 -0.501434 -1.022044 10
0.374928 -0.580561 -1.035623 10
0.327099 -0.595074 -1.037431 10
0.277398 -0.584403 -1.034661 10
0.230419 -0.606213 -1.037879 10
0.190330 -0.691905 -1.052864 10
0.150500 -0.765725 -1.065725 10
0.112391 -0.842527 -1.079186 10
0.059251 -0.794955 -1.069817 10
0.014604 -0.814626 -1.072847 10
-0.027504 -0.849261 -1.078670 10
-0.064806 -0.910130 -1.089367 10
-0.100836 -0.972141 -1.100320 10
-0.152463 -0.942526 -1.094407 10
-0.192399 -0.977667 -1.100474 10
-0.241223 -0.966210 -1.097972 10
-0.270742 -1.047518 -1.112640 10
-0.313269 -1.063823 -1.115335 10
-0.360786 -1.058109 -1.113990 10
-0.415503 -1.024124 -1.107446 10
-0.458154 -1.041323 -1.110399 10
-0.514582 -1.005841 -1.103635 10
-0.557208 -1.024200 -1.106867 10
-0.608397 -1.012021 -1.104477 10
-0.638871 -1.071673 -1.115419 10
-0.696194 -1.040364 -1.109551 10
-0.734760 -1.071237 -1.115230 10
-0.768437 -1.115889 -1.123493 10
-0.872323 -0.951069 -1.092997 10
-0.958157 -0.849080 -1.074173 10
-0.994702 -0.891052 -1.082041 10
-1.060060 -0.853853 -1.075286 10
-1.112550 -0.853413 -1.075372 10
-1.157070 -0.874208 -1.079424 10
-1.241376 -0.796500 -1.065287 10
-1.331776 -0.709348 -1.049450 10
-1.394484 -0.692624 -1.046682 10
-1.452048 -0.689511 -1.046471 10
-1.555688 -0.585336 -1.027633 8
-1.587116 -0.643665 -1.038856 8
-1.890943 -0.125663 -0.943764 8
-1.794385 -0.457839 -1.005608 8
-1.588291 -0.995058 -1.105210 8
-1.726763 -0.832550 -1.075855 8
-1.677078 -1.038783 -1.114445 8
-1.613795 -1.261958 -1.156134 8
-1.737065 -1.135162 -1.133494 8
-1.788316 -1.143671 -1.135774 8
-1.842924 -1.146966 -1.137138 8
-1.929088 -1.097274 -1.128836 8
1.765219 5.915391 0.242897 5
1.304644 1.765054 -0.546926 2
1.234515 1.791469 -0.539918 2
1.157557 1.718003 -0.552078 6
1.083844 1.676327 -0.558221 6
1.012148 1.660167 -0.559528 6
0.943834 1.730839 -0.544186 2
0.872344 1.728009 -0.543007 2
0.797723 1.513153 -0.582751 10
0.726198 1.089734 -0.662891 10
0.662812 0.698090 -0.737117 10
0.612500 -0.075971 -0.885527 10
0.562505 -0.232340 -0.914672 10
0.515804 -0.396473 -0.945418 10
0.468182 -0.466467 -0.957989 10
0.421949 -0.537647 -0.970847 10
0.375213 -0.579605 -0.978079 10
0.332202 -0.662149 -0.993252 10
0.288303 -0.715210 -1.002739 10
0.243983 -0.753296 -1.009351 10
0.195611 -0.745381 -1.007028 10
0.158810 -0.842600 -1.025258 10
0.111824 -0.841678 -1.024366 10
0.066576 -0.854872 -1.026260 10
0.025582 -0.896956 -1.033838 10
-0.020866 -0.898537 -1.033521 10
-0.064390 -0.918785 -1.036889 10
-0.103647 -0.962265 -1.044843 10
-0.150038 -0.962676 -1.044382 10
-0.196567 -0.963172 -1.043964 10
-0.228997 -1.034004 -1.057387 10
-0.270278 -1.057331 -1.061514 10
-0.323029 -1.027952 -1.055308 10
-0.365367 -1.046607 -1.058570 10
-0.431694 -0.966110 -1.042349 10
-0.474018 -0.987486 -1.046196 10
-0.517038 -1.005419 -1.049394 10
-0.561870 -1.016261 -1.051224 10
-0.594560 -1.069697 -1.061476 10
-0.635383 -1.092720 -1.065764 10
-0.676924 -1.112672 -1.069475 10
-0.710832 -1.156188 -1.077861 10
-0.761504 -1.146649 -1.075812 10
-0.858740 -1.001272 -1.046988 10
-0.951283 -0.879236 -1.022789 10
-1.012807 -0.851463 -1.017214 10
-1.045625 -0.903439 -1.027405 10
-1.106326 -0.880577 -1.022856 10
-1.163951 -0.867765 -1.020319 10
-1.263403 -0.753523 -0.997795 10
-1.305040 -0.785113 -1.004081 10
-1.417655 -0.650383 -0.977578 10
-1.511314 -0.566808 -0.961206 10
-1.881473 -0.542482 -0.957838 8
-1.678218 -1.048529 -1.057864 8
-1.611671 -1.277362 -1.103272 8
-1.738618 -1.144226 -1.077447 8
-1.776367 -1.176934 -1.084297 8
-1.943233 -0.984411 -1.046899 8
1.404496 2.019031 -0.412789 11
1.328870 2.010419 -0.412527 11
1.254395 2.013524 -0.409933 11
1.162915 1.752555 -0.461014 2
1.090610 1.746859 -0.460350 2
1.018710 1.746232 -0.458693 2
0.948481 1.791396 -0.447739 2
0.874801 1.733389 -0.457855 2
0.792739 1.057044 -0.594367 10
0.725610 0.674729 -0.671078 10
0.667322 -0.029520 -0.813907 10
0.616041 -0.247684 -0.857435 10
0.566121 -0.343915 -0.876062 10
0.518730 -0.460050 -0.898842 10
0.471542 -0.529169 -0.912027 10
0.425217 -0.589826 -0.923521 10
0.378247 -0.622185 -0.929233 10
0.336002 -0.711424 -0.946707 10
0.283469 -0.656030 -0.934391 10
0.244472 -0.759301 -0.954846 10
0.193365 -0.725470 -0.947020 10
0.145696 -0.729006 -0.946934 10
0.106987 -0.805985 -0.962076 10
0.069159 -0.878893 -0.976420 10
0.021590 -0.874025 -0.974682 10
-0.010627 -0.971346 -0.994166 10
-0.056119 -0.975779 -0.994413 10
-0.102831 -0.973463 -0.993279 10
-0.148616 -0.977310 -0.993446 10
-0.193119 -0.988241 -0.995108 10
-0.233295 -1.020231 -1.001178 10
-0.280868 -1.015312 -0.999587 10
-0.327418 -1.016270 -0.999240 10
-0.393257 -0.935500 -0.981870 10
-0.424793 -1.002910 -0.995420 10
-0.473412 -0.998581 -0.994029 10
-0.510064 -1.040611 -1.002340 10
-0.558044 -1.039199 -1.001601 10
-0.604961 -1.042471 -1.001863 10
-0.660736 -1.016531 -0.996035 10
-0.725802 -0.963048 -0.984461 10
-0.754639 -1.027933 -0.997674 10
-0.808755 -1.012613 -0.994125 10
-0.861837 -1.002215 -0.991625 10
-0.938668 -0.925671 -0.975287 10
-0.987635 -0.931715 -0.976269 10
-1.054506 -0.890320 -0.967328 10
-1.098340 -0.912257 -0.971686 10
-1.170985 -0.861019 -0.960720 10
-1.248988 -0.800420 -0.947809 10
-1.388961 -0.595878 -0.904715 10
-1.458872 -0.566392 -0.898366 10
-1.715513 -1.095688 -1.009163 8
-1.823331 -1.002198 -0.989632 8
-1.923910 -0.926826 -0.973933 8
1.408329 2.018146 -0.324895 11
1.329514 1.974386 -0.332326 11
1.257107 2.003213 -0.324245 11
1.184148 2.030818 -0.316442 11
1.093940 1.753755 -0.374144 2
1.018136 1.672857 -0.389797 2
0.943941 1.590925 -0.405739 2
0.863564 1.202555 -0.487832 10
0.788999 0.696323 -0.595573 10
0.724667 0.235157 -0.693829 10
0.669320 -0.204391 -0.787634 10
0.617754 -0.291477 -0.805329 10
0.568999 -0.425780 -0.833315 10
0.521487 -0.519067 -0.852478 10
0.473722 -0.564918 -0.861396 10
0.426939 -0.613067 -0.870850 10
0.383024 -0.692490 -0.887145 10
0.336522 -0.715756 -0.891260 10
0.292082 -0.759210 -0.899801 10
0.244311 -0.758283 -0.898693 10
0.198745 -0.779876 -0.902518 10
0.154761 -0.812544 -0.908787 10
0.119808 -0.914433 -0.930223 10
0.073437 -0.915669 -0.929680 10
0.032734 -0.957326 -0.938007 10
-0.010190 -0.979779 -0.942154 10
-0.060798 -0.953070 -0.935539 10
-0.101896 -0.985343 -0.941879 10
-0.150623 -0.973192 -0.938485 10
-0.191133 -1.005701 -0.944920 10
-0.233298 -1.027656 -0.949058 10
-0.279868 -1.027729 -0.948401 10
-0.339538 -0.970140 -0.935056 10
-0.394345 -0.939245 -0.927593 10
-0.428359 -0.996827 -0.939652 10
-0.461068 -1.055693 -0.952025 10
-0.503293 -1.074946 -0.955680 10
-0.557213 -1.051239 -0.949862 10
-0.611020 -1.030543 -0.944719 10
-0.657582 -1.036565 -0.945495 10
-0.697065 -1.066034 -0.951477 10
-0.752148 -1.045473 -0.946402 10
-0.806964 -1.027960 -0.942011 10
-0.861288 -1.013911 -0.938400 10
-0.911075 -1.014550 -0.938058 10
-0.996583 -0.917562 -0.916069 10
-1.054169 -0.901977 -0.912146 10
-1.112159 -0.887198 -0.908414 10
-1.208659 -0.777032 -0.883503 10
-1.289174 -0.713200 -0.868887 10
-1.375348 -0.640351 -0.852270 10
1.410109 1.995501 -0.241506 11
1.332959 1.971429 -0.245071 11
1.262697 2.031032 -0.229753 11
1.187045 2.024768 -0.229336 11
1.109911 1.988062 -0.235843 11
1.038412 2.057431 -0.218330 11
0.958327 1.923404 -0.246986 10
0.855210 0.795830 -0.501538 10
0.784939 0.328319 -0.606455 10
0.723915 -0.136745 -0.711041 10
0.670995 -0.312917 -0.749996 10
0.620690 -0.426365 -0.774731 10
0.572066 -0.516800 -0.794273 10
0.524698 -0.592154 -0.810420 10
0.475553 -0.592700 -0.809494 10
0.428450 -0.632377 -0.817542 10
0.382463 -0.678145 -0.827016 10
0.338254 -0.736719 -0.839458 10
0.288162 -0.711035 -0.832587 10
0.243041 -0.745321 -0.839501 10
0.198239 -0.776927 -0.845823 10
0.153598 -0.805217 -0.851405 10
0.120204 -0.921431 -0.877268 10
0.081279 -0.979256 -0.889721 10
0.038499 -1.002776 -0.894288 10
-0.007870 -1.000542 -0.892926 10
-0.051942 -1.013520 -0.895090 10
-0.104788 -0.975110 -0.885380 10
-0.148474 -0.991792 -0.888421 10
-0.193511 -1.000583 -0.889649 10
-0.241620 -0.994252 -0.887384 10
-0.283505 -1.018467 -0.892214 10
-0.328007 -1.029644 -0.894034 10
-0.367624 -1.061508 -0.900674 10
-0.421287 -1.034212 -0.893577 10
-0.468800 -1.034076 -0.892800 10
-0.507954 -1.066230 -0.899551 10
-0.558346 -1.056177 -0.896486 10
-0.598649 -1.082860 -0.901994 10
-0.655119 -1.054249 -0.894616 10
-0.703467 -1.054816 -0.894050 10
-0.764969 -1.015067 -0.884074 10
-0.834574 -0.954307 -0.869181 10
-0.893981 -0.928222 -0.862392 10
-0.942407 -0.935859 -0.863498 10
-0.997899 -0.924528 -0.860172 10
-1.065929 -0.881345 -0.849386 10
-1.139340 -0.827684 -0.836138 10
-1.213886 -0.775193 -0.823159 10
-1.307860 -0.679074 -0.799930 10
-1.416107 -0.555242 -0.770173 10
1.414529 2.000483 -0.151642 11
1.341183 2.024056 -0.144234 11
1.262924 1.987472 -0.151136 11
1.186028 1.959062 -0.156123 11
1.116149 2.044590 -0.133990 11
1.039707 2.022764 -0.137436 11
0.936873 1.256353 -0.318664 10
0.849165 0.486773 -0.501012 10
0.781215 -0.006419 -0.617610 10
0.724605 -0.254822 -0.675833 10
0.672376 -0.349587 -0.697359 10
0.622136 -0.453530 -0.721137 10
0.573402 -0.534566 -0.739469 10
0.524953 -0.576627 -0.748479 10
0.477209 -0.616518 -0.756993 10
0.429205 -0.637424 -0.760960 10
0.392102 -0.825925 -0.805324 10
0.348385 -0.873014 -0.815673 10
0.299172 -0.843210 -0.807488 10
0.248173 -0.801398 -0.796397 10
0.203761 -0.832666 -0.802963 10
0.167261 -0.929406 -0.825392 10
0.121785 -0.938088 -0.826538 10
0.084263 -1.006175 -0.842094 10
0.039176 -1.012558 -0.842712 10
-0.007484 -1.008648 -0.840840 10
-0.060114 -0.969467 -0.830399 10
-0.104993 -0.980446 -0.832146 10
-0.149963 -0.990554 -0.833691 10
-0.180871 -1.073022 -0.852870 10
-0.222932 -1.093373 -0.856943 10
-0.270516 -1.086842 -0.854468 10
-0.321818 -1.065213 -0.848308 10
-0.369286 -1.062651 -0.846803 10
-0.416157 -1.063593 -0.846157 10
-0.452953 -1.104666 -0.855339 10
-0.502285 -1.096337 -0.852437 10
-0.558633 -1.064195 -0.843698 10
-0.606801 -1.063719 -0.842718 10
-0.654756 -1.064874 -0.842142 10
-0.706588 -1.054300 -0.838687 10
-0.774912 -0.993834 -0.822961 10
-0.843376 -0.937824 -0.808311 10
-0.884338 -0.966718 -0.814554 10
-0.978039 -0.845403 -0.783786 10
-1.020276 -0.873703 -0.789881 10
-1.082693 -0.847538 -0.782543 10
-1.149751 -0.811868 -0.772849 10
-1.222706 -0.764401 -0.760227 10
-1.353641 -0.579019 -0.713465 10
1.417667 1.991867 -0.064574 11
1.344175 2.015146 -0.057029 11
1.268132 2.009553 -0.056687 11
1.190860 1.982239 -0.061779 11
1.114362 1.957503 -0.066245 11
1.039251 1.950564 -0.066275 11
0.922560 0.797686 -0.353353 10
0.842411 0.158168 -0.512251 10
0.779666 -0.198864 -0.600555 10
0.725490 -0.335391 -0.633641 10
0.673809 -0.405624 -0.650126 10
0.623994 -0.512456 -0.675853 10
0.576014 -0.607721 -0.698717 10
0.528011 -0.645771 -0.707205 10
0.478136 -0.623421 -0.700475 10
0.431810 -0.677455 -0.713022 10
0.390434 -0.794008 -0.741395 10
0.342782 -0.793277 -0.740155 10
0.300093 -0.853523 -0.754352 10
0.256848 -0.895646 -0.763985 10
0.212835 -0.922926 -0.769873 10
0.160018 -0.868153 -0.754947 10
0.118613 -0.916053 -0.766080 10
0.089398 -1.049239 -0.798919 10
0.039530 -1.020084 -0.790505 10
-0.011377 -0.988834 -0.781543 10
-0.066422 -0.936977 -0.767314 10
-0.097533 -1.029963 -0.790017 10
-0.133444 -1.087336 -0.803666 10
-0.181639 -1.076185 -0.799826 10
-0.225214 -1.089605 -0.802265 10
-0.267550 -1.108348 -0.806071 10
-0.317742 -1.091310 -0.800715 10
-0.359111 -1.114088 -0.805562 10
-0.404793 -1.118250 -0.805638 10
-0.456058 -1.101163 -0.800254 10
-0.519397 -1.041099 -0.783810 10
-0.560693 -1.065850 -0.789164 10
-0.607708 -1.069829 -0.789176 10
-0.647570 -1.098307 -0.795503 10
-0.721524 -1.015733 -0.773184 10
-0.763658 -1.038794 -0.778106 10
-0.829934 -0.988500 -0.764073 10
-0.882029 -0.983710 -0.761786 10
-0.984975 -0.836483 -0.722608 10
-1.021232 -0.881842 -0.733273 10
-1.075531 -0.877525 -0.731067 10
-1.195465 -0.705126 -0.685213 10
-1.324512 -0.520720 -0.636152 10
1.558904 2.567214 0.173386 12
1.421953 1.994994 0.025855 11
1.344439 1.974624 0.022209 11
1.267128 1.950104 0.017470 11
1.192319 1.954263 0.020226 11
1.117868 1.964697 0.024629 11
1.042473 1.957856 0.024511 11
0.907399 0.324473 -0.402247 10
0.836685 -0.124593 -0.518821 10
0.779895 -0.279872 -0.558402 10
0.726490 -0.394330 -0.587315 10
0.675263 -0.475571 -0.607535 10
0.625489 -0.544825 -0.624630 10
0.577730 -0.642684 -0.649295 10
0.527988 -0.621620 -0.642620 10
0.482317 -0.706323 -0.663865 10
0.436558 -0.758183 -0.676464 10
0.385576 -0.711166 -0.662924 10
0.346931 -0.847497 -0.697907 10
0.301434 -0.868923 -0.702496 10
0.258954 -0.919065 -0.714708 10
0.209465 -0.892098 -0.706468 10
0.163172 -0.899083 -0.707231 10
0.131205 -1.022272 -0.738898 10
0.087588 -1.040058 -0.742560 10
0.043322 -1.051625 -0.744569 10
-0.000184 -1.067445 -0.747712 10
-0.055659 -1.008964 -0.731026 10
-0.090992 -1.074084 -0.747324 10
-0.131116 -1.106768 -0.754975 10
-0.175602 -1.114386 -0.755928 10
-0.222253 -1.111502 -0.754064 10
-0.272341 -1.093759 -0.748208 10
-0.319309 -1.092341 -0.746717 10
-0.371234 -1.070896 -0.739839 10
-0.417595 -1.074709 -0.739733 10
-0.458485 -1.100364 -0.745500 10
-0.512667 -1.075200 -0.737582 10
-0.560217 -1.076661 -0.736822 10
-0.594221 -1.125757 -0.748910 10
-0.675559 -1.014351 -0.717655 10
-0.725336 -1.013188 -0.716143 10
-0.760970 -1.056987 -0.726791 10
-0.837205 -0.976736 -0.703842 10
-0.919103 -0.886082 -0.678018 10
-0.973103 -0.880681 -0.675279 10
-1.028607 -0.872465 -0.671761 10
-1.077425 -0.883430 -0.673445 10
-1.253921 -0.566164 -0.585739 10
-1.317648 -0.549927 -0.579903 10
1.567096 2.601149 0.279719 12
1.428462 2.020703 0.123046 11
1.348253 1.975032 0.112186 11
1.273194 1.982742 0.115905 11
1.197651 1.984049 0.117887 11
1.125348 2.040991 0.135110 11
1.045372 1.957812 0.113981 10
0.896551 -0.023989 -0.427743 10
0.835443 -0.235976 -0.484688 10
0.780270 -0.350191 -0.514867 10
0.727331 -0.472037 -0.547187 10
0.676707 -0.551289 -0.567836 10
0.627339 -0.605664 -0.581664 10
0.578857 -0.652011 -0.593297 10
0.529165 -0.633821 -0.587144 10
0.485683 -0.770535 -0.623728 10
0.435882 -0.736192 -0.613115 10
0.387467 -0.735763 -0.611853 10
0.348440 -0.865454 -0.646586 10
0.303401 -0.891880 -0.652773 10
0.253379 -0.859712 -0.642721 10
0.209565 -0.895038 -0.651369 10
0.175585 -1.011970 -0.682685 10
0.128119 -1.000955 -0.678488 10
0.092820 -1.083777 -0.700379 10
0.046925 -1.081805 -0.698692 10
-0.001256 -1.066034 -0.693147 10
-0.044774 -1.081535 -0.696306 10
-0.083251 -1.125012 -0.707274 10
-0.130146 -1.118814 -0.704370 10
-0.174075 -1.129343 -0.706131 10
-0.223543 -1.112640 -0.700259 10
-0.279569 -1.067955 -0.686524 10
-0.315711 -1.116272 -0.698844 10
-0.379853 -1.042732 -0.676956 10
-0.410384 -1.112421 -0.695277 10
-0.466903 -1.076359 -0.683866 10
-0.514065 -1.078915 -0.683299 10
-0.552968 -1.111765 -0.691261 10
-0.629529 -1.013060 -0.662094 10
-0.672929 -1.032705 -0.666294 10
-0.710767 -1.069744 -0.675412 10
-0.753397 -1.090314 -0.679872 10
-0.859691 -0.919442 -0.630059 10
-0.922850 -0.885717 -0.619045 10
-0.958369 -0.932794 -0.630947 10
-1.029965 -0.879601 -0.614342 10
-1.098098 -0.839711 -0.601473 10
-1.248297 -0.592445 -0.529442 10
1.433510 2.030930 0.216997 6
1.334418 1.773913 0.145271 2
1.253433 1.682022 0.120567 2
1.185913 1.760583 0.144507 2
1.116370 1.829944 0.165870 2
1.037535 1.731573 0.139323 2
0.891972 -0.199038 -0.411524 10
0.834063 -0.350154 -0.453622 10
0.780802 -0.409680 -0.469526 10
0.728515 -0.499589 -0.494155 10
0.678045 -0.596789 -0.520905 10
0.628765 -0.634135 -0.530490 10
0.581740 -0.739293 -0.559575 10
0.534197 -0.764556 -0.565706 10
0.485610 -0.754175 -0.561571 10
0.435637 -0.722243 -0.551206 10
0.389975 -0.770256 -0.563871 10
0.347357 -0.847747 -0.585054 10
0.300794 -0.859536 -0.587277 10
0.253543 -0.862218 -0.586857 10
0.217228 -0.971479 -0.617273 10
0.179711 -1.051404 -0.639231 10
0.138203 -1.086606 -0.648247 10
0.095583 -1.108930 -0.653529 10
0.041561 -1.049481 -0.635049 10
0.003026 -1.099485 -0.648350 10
-0.045555 -1.082833 -0.642261 10
-0.087866 -1.104951 -0.647441 10
-0.131349 -1.119099 -0.650293 10
-0.187520 -1.067519 -0.633947 10
-0.234160 -1.068409 -0.632887 10
-0.282049 -1.064289 -0.630344 10
-0.308338 -1.156850 -0.656091 10
-0.364823 -1.114568 -0.642349 10
-0.399850 -1.163474 -0.655320 10
-0.461638 -1.105521 -0.636912 10
-0.510245 -1.102088 -0.634481 10
-0.564408 -1.079915 -0.626510 10
-0.594435 -1.143426 -0.643758 10
-0.653581 -1.106556 -0.631408 10
-0.726196 -1.029988 -0.607286 10
-0.792513 -0.979022 -0.590660 10
-0.831127 -1.015274 -0.599801 10
-0.895308 -0.976064 -0.586573 10
-0.953218 -0.957849 -0.579525 10
-1.043516 -0.853611 -0.546876 10
-1.190234 -0.607716 -0.471980 10
1.575439 2.593011 0.474096 12
1.415829 1.809566 0.243007 6
1.330410 1.686241 0.207794 6
1.256099 1.671805 0.204937 2
1.184435 1.690554 0.211975 6
1.110594 1.676800 0.209369 2
0.952490 -0.102261 -0.319205 10
0.891148 -0.272000 -0.368654 10
0.835792 -0.350321 -0.390878 10
0.781444 -0.461504 -0.422928 10
0.729008 -0.614940 -0.467636 10
0.679373 -0.643859 -0.475154 10
0.630572 -0.694145 -0.489062 10
0.582067 -0.713193 -0.493618 10
0.533648 -0.723901 -0.495662 10
0.483057 -0.679148 -0.481053 10
0.437088 -0.740519 -0.498267 10
0.393753 -0.825100 -0.522466 10
0.349678 -0.876873 -0.536820 10
0.302116 -0.874694 -0.534940 10
0.266791 -1.005677 -0.573159 10
0.224922 -1.048174 -0.584744 10
0.183444 -1.087337 -0.595325 10
0.139449 -1.100457 -0.598040 10
0.094966 -1.108742 -0.599278 10
0.047336 -1.094775 -0.593766 10
0.005686 -1.122347 -0.600810 10
-0.042430 -1.107941 -0.595117 10
-0.086340 -1.120169 -0.597479 10
-0.126910 -1.149933 -0.605156 10
-0.182825 -1.098813 -0.588223 10
-0.238275 -1.055981 -0.573759 10
-0.244229 -1.247070 -0.630553 10
-0.305880 -1.175656 -0.607340 10
-0.367647 -1.110952 -0.586105 10
-0.418839 -1.095300 -0.579804 10
-0.463288 -1.107887 -0.582115 10
-0.503532 -1.135969 -0.589157 10
-0.586290 -1.010971 -0.549214 10
-0.623959 -1.051168 -0.559912 10
-0.686101 -1.008279 -0.545052 10
-0.743591 -0.984181 -0.535918 10
-0.813651 -0.923819 -0.515555 10
-0.869178 -0.911794 -0.510040 10
-0.912493 -0.936797 -0.515933 10
-1.000007 -0.837456 -0.483321 10
-1.097448 -0.718240 -0.444436 10
1.476555 1.643023 0.279894 6
1.405597 1.665717 0.288208 6
1.333980 1.684729 0.295427 6
1.258011 1.651822 0.286619 6
1.180977 1.592217 0.269566 6
1.017903 0.037325 -0.210822 10
0.947334 -0.253403 -0.299825 10
0.889378 -0.368617 -0.334462 10
0.834325 -0.464301 -0.363058 10
0.781408 -0.549592 -0.388442 10
0.730334 -0.620423 -0.409341 10
0.680618 -0.657284 -0.419678 10
0.631802 -0.707790 -0.434255 10
0.583388 -0.731333 -0.440429 10
0.535659 -0.762238 -0.448885 10
0.488451 -0.791562 -0.456837 10
0.442536 -0.835129 -0.469228 10
0.396177 -0.858353 -0.475257 10
0.359875 -1.014551 -0.522882 10
0.310997 -0.981257 -0.511219 10
0.265909 -0.996899 -0.514852 10
0.222796 -1.029475 -0.523782 10
0.178522 -1.046771 -0.527906 10
0.135156 -1.069413 -0.533694 10
0.094345 -1.108549 -0.544659 10
0.054389 -1.148888 -0.556000 10
0.005106 -1.124179 -0.546834 10
-0.044540 -1.101193 -0.538169 10
-0.087179 -1.121858 -0.543250 10
-0.129834 -1.140968 -0.547826 10
-0.169288 -1.175254 -0.557190 10
-0.201159 -1.243700 -0.577374 10
-0.256419 -1.198375 -0.561484 10
-0.291982 -1.244814 -0.574677 10
-0.359785 -1.152354 -0.543710 10
-0.418127 -1.106758 -0.527563 10
-0.451925 -1.160527 -0.543019 10
-0.524079 -1.068751 -0.512043 10
-0.577462 -1.051804 -0.504869 10
-0.636100 -1.018991 -0.492573 10
-0.690188 -1.004505 -0.486087 10
-0.750586 -0.971822 -0.473719 10
-0.809737 -0.946141 -0.463535 10
-0.871824 -0.914355 -0.451331 10
-0.945083 -0.853357 -0.429654 10
-1.052077 -0.702942 -0.379054 10
-1.099709 -0.723462 -0.383471 10
1.334223 1.645654 0.371556 6
1.264176 1.685563 0.385705 6
1.190317 1.680468 0.385425 6
1.009415 -0.147474 -0.201908 10
0.945593 -0.332285 -0.260386 10
0.887095 -0.477053 -0.305994 10
0.834155 -0.530569 -0.322185 10
0.782408 -0.579083 -0.336754 10
0.731717 -0.619690 -0.348757 10
0.681735 -0.596338 -0.340066 10
0.633170 -0.733078 -0.383140 10
0.583525 -0.695518 -0.369802 10
0.535409 -0.730194 -0.379826 10
0.491277 -0.843630 -0.415382 10
0.450442 -0.977104 -0.457471 10
0.406341 -1.015722 -0.468784 10
0.360686 -1.022955 -0.469883 10
0.319003 -1.077267 -0.486277 10
0.268378 -1.024217 -0.467702 10
0.220127 -1.005531 -0.460268 10
0.174121 -1.010881 -0.460635 10
0.137690 -1.093734 -0.486288 10
0.101515 -1.166636 -0.508709 10
0.051811 -1.136041 -0.497273 10
0.001609 -1.107140 -0.486340 10
-0.044944 -1.104870 -0.484089 10
-0.089012 -1.117909 -0.486828 10
-0.127025 -1.162979 -0.500070 10
-0.170829 -1.174548 -0.502289 10
-0.227230 -1.124768 -0.484276 10
-0.257673 -1.200308 -0.507515 10
-0.321504 -1.122970 -0.480307 10
-0.353943 -1.185182 -0.499127 10
-0.399967 -1.188343 -0.498419 10
-0.467335 -1.109889 -0.470636 10
-0.518248 -1.099427 -0.465307 10
-0.592436 -1.007892 -0.433000 10
-0.636645 -1.026716 -0.437280 10
-0.699949 -0.982096 -0.420407 10
-0.734646 -1.032613 -0.435179 10
-0.815342 -0.939163 -0.401877 10
-0.866882 -0.939539 -0.399822 10
-0.986754 -0.744245 -0.332192 10
-1.032651 -0.768357 -0.337913 10
-1.077818 -0.793973 -0.344115 10
1.371116 2.015137 0.583751 2
1.269530 1.708376 0.482606 6
1.069067 -0.114358 -0.125204 10
1.002458 -0.304042 -0.187605 10
0.944135 -0.404451 -0.220173 10
0.887896 -0.504683 -0.252683 10
0.834728 -0.569932 -0.273480 10
0.782720 -0.644891 -0.297523 10
0.733023 -0.629163 -0.291144 10
0.683248 -0.773348 -0.338397 10
0.634191 -0.728739 -0.322268 10
0.584702 -0.706600 -0.313634 10
0.537832 -0.781542 -0.337610 10
0.494578 -0.907236 -0.378672 10
0.449207 -0.944289 -0.389902 10
0.403743 -0.968600 -0.396820 10
0.361042 -1.025062 -0.414565 10
0.320451 -1.093981 -0.436515 10
0.268139 -1.022378 -0.410965 10
0.222737 -1.032838 -0.413102 10
0.179201 -1.058716 -0.420432 10
0.150664 -1.202506 -0.467716 10
0.103355 -1.184827 -0.460263 10
0.045215 -1.095401 -0.428390 10
0.009384 -1.163127 -0.449856 10
-0.040759 -1.136401 -0.439180 10
-0.080377 -1.173721 -0.450272 10
-0.130375 -1.151824 -0.441151 10
-0.169975 -1.186093 -0.451156 10
-0.207878 -1.225942 -0.463057 10
-0.261169 -1.191974 -0.449679 10
-0.316728 -1.152070 -0.434200 10
-0.356933 -1.180932 -0.442243 10
-0.399310 -1.199478 -0.446724 10
-0.457407 -1.156930 -0.430161 10
-0.528575 -1.070403 -0.398367 10
-0.587600 -1.034533 -0.383922 10
-0.637218 -1.034384 -0.381736 10
-0.690365 -1.023552 -0.375807 10
-0.747244 -1.002551 -0.366298 10
-0.816872 -0.944800 -0.343971 10
-0.876579 -0.921261 -0.333419 10
-0.980816 -0.772381 -0.279183 10
1.138864 0.031560 -0.008008 10
1.062944 -0.238013 -0.100464 10
1.001046 -0.365740 -0.143786 10
0.942972 -0.469795 -0.178898 10
0.888707 -0.531880 -0.199439 10
0.835156 -0.613794 -0.226849 10
0.784335 -0.640795 -0.235166 10
0.734341 -0.637750 -0.233004 10
0.684495 -0.801018 -0.288678 10
0.634872 -0.693774 -0.250179 10
0.586446 -0.743887 -0.266426 10
0.542499 -0.903972 -0.321012 10
0.496616 -0.940959 -0.332674 10
0.448926 -0.929598 -0.327428 10
0.408083 -1.032816 -0.362190 10
0.362644 -1.044357 -0.364894 10
0.318792 -1.073098 -0.373588 10
0.279314 -1.143429 -0.396835 10
0.233704 -1.141160 -0.394616 10
0.189218 -1.150049 -0.396273 10
0.142615 -1.141174 -0.391650 10
0.095215 -1.128554 -0.385661 10
0.051729 -1.145697 -0.390104 10
0.002473 -1.124104 -0.380858 10
-0.030902 -1.202234 -0.406751 10
-0.081717 -1.172613 -0.394587 10
-0.117211 -1.229504 -0.412958 10
-0.178658 -1.149154 -0.382726 10
-0.219834 -1.175694 -0.390283 10
-0.274060 -1.140585 -0.375931 10
-0.313636 -1.173753 -0.385769 10
-0.356694 -1.190269 -0.389663 10
-0.416479 -1.139290 -0.369473 10
-0.463950 -1.140652 -0.367862 10
-0.530206 -1.073604 -0.341759 10
-0.593353 -1.023637 -0.321650 10
-0.637091 -1.044480 -0.326811 10
-0.688476 -1.039620 -0.322716 10
-0.778107 -0.914798 -0.275451 10
-0.829880 -0.915348 -0.273118 10
-0.924732 -0.789327 -0.225102 10
-1.039242 -0.616141 -0.159856 10
1.127003 -0.150121 -0.003229 10
1.061227 -0.297660 -0.055305 10
0.998681 -0.442694 -0.106481 10
0.943144 -0.507670 -0.128886 10
0.888810 -0.576759 -0.152746 10
0.836966 -0.610291 -0.163791 10
0.785091 -0.681761 -0.188460 10
0.735397 -0.675535 -0.185123 10
0.685701 -0.792938 -0.226302 10
0.636064 -0.702320 -0.192451 10
0.589070 -0.822687 -0.234668 10
0.542390 -0.876104 -0.252715 10
0.496074 -0.912974 -0.264762 10
0.454720 -1.031734 -0.306411 10
0.410517 -1.066478 -0.317660 10
0.361103 -1.020243 -0.299536 10
0.322700 -1.119573 -0.334137 10
0.279286 -1.143854 -0.341508 10
0.230807 -1.115034 -0.329554 10
0.187039 -1.133807 -0.334844 10
0.145468 -1.168034 -0.345726 10
0.101634 -1.180951 -0.348819 10
0.063046 -1.229152 -0.364746 10
0.015120 -1.211448 -0.356594 10
-0.030608 -1.210111 -0.354363 10
-0.075017 -1.217274 -0.355193 10
-0.112608 -1.261056 -0.369398 10
-0.178743 -1.156053 -0.329005 10
-0.226821 -1.149620 -0.324675 10
-0.271497 -1.160280 -0.326574 10
-0.313397 -1.182952 -0.332853 10
-0.352718 -1.215239 -0.342646 10
-0.421292 -1.128761 -0.308566 10
-0.464830 -1.146196 -0.312763 10
-0.515215 -1.137960 -0.307417 10
-0.592475 -1.036295 -0.267364 10
-0.638124 -1.050663 -0.270228 10
-0.720647 -0.944043 -0.228054 10
-0.790518 -0.885879 -0.203744 10
-0.852390 -0.857087 -0.190260 10
-0.963830 -0.684820 -0.123067 10
1.189750 -0.101955 0.082113 10
1.119764 -0.272807 0.019451 10
1.057578 -0.384098 -0.021070 10
0.999322 -0.469196 -0.051834 10
0.944703 -0.517689 -0.068954 10
0.887176 -0.664479 -0.122622 10
0.836079 -0.697553 -0.133948 10
0.787221 -0.652256 -0.116034 10
0.736451 -0.712516 -0.137400 10
0.686927 -0.792605 -0.166137 10
0.638314 -0.807152 -0.170393 10
0.590192 -0.831616 -0.178308 10
0.541470 -0.821861 -0.173391 10
0.501874 -1.037136 -0.252601 10
0.456642 -1.059532 -0.259668 10
0.404622 -0.966011 -0.223264 10
0.358695 -0.984091 -0.228601 10
0.317837 -1.059891 -0.255561 10
0.276676 -1.116484 -0.275304 10
0.232743 -1.135768 -0.281004 10
0.184562 -1.114984 -0.271584 10
0.143370 -1.154916 -0.284971 10
0.097206 -1.152504 -0.282366 10
0.053683 -1.169538 -0.287047 10
0.012681 -1.201380 -0.297283 10
-0.030925 -1.214325 -0.300342 10
-0.078126 -1.206161 -0.295361 10
-0.126351 -1.194288 -0.288911 10
-0.169654 -1.209495 -0.292676 10
-0.220264 -1.188855 -0.282770 10
-0.270660 -1.172077 -0.274257 10
-0.316045 -1.179595 -0.274929 10
-0.364075 -1.176295 -0.271421 10
-0.415961 -1.158789 -0.262419 10
-0.468170 -1.142386 -0.253759 10
-0.522438 -1.120642 -0.242971 10
-0.595132 -1.036510 -0.208146 10
-0.662912 -0.976271 -0.182344 10
-0.748851 -0.861945 -0.135577 10
-0.799925 -0.866655 -0.134507 10
-0.890377 -0.752012 -0.087267 10
1.259427 -0.000564 0.189830 10
1.180292 -0.236726 0.099839 10
1.113249 -0.385393 0.043463 10
1.054485 -0.461862 0.014856 10
0.996434 -0.553477 -0.019538 10
0.942303 -0.605922 -0.038834 10
0.891421 -0.605734 -0.037832 10
0.836709 -0.733109 -0.085890 10
0.787384 -0.722676 -0.080847 10
0.737393 -0.759904 -0.094114 10
0.688201 -0.871769 -0.136129 10
0.639796 -0.843856 -0.124189 10
0.590486 -0.800858 -0.106350 10
0.548260 -1.013930 -0.187403 10
0.502439 -1.035737 -0.194537 10
0.456463 -1.046728 -0.197440 10
0.409029 -1.031401 -0.190097 10
0.361349 -1.017880 -0.183387 10
0.318296 -1.064604 -0.199989 10
0.275439 -1.103911 -0.213684 10
0.228951 -1.101037 -0.210950 10
0.188651 -1.153995 -0.229882 10
0.146167 -1.181332 -0.238816 10
0.099329 -1.172885 -0.233759 10
0.050579 -1.153316 -0.224295 10
0.009856 -1.188899 -0.236306 10
-0.038705 -1.173584 -0.228376 10
-0.076288 -1.223184 -0.245797 10
-0.119274 -1.239142 -0.250009 10
-0.174251 -1.193550 -0.230009 10
-0.220641 -1.194723 -0.228286 10
-0.280509 -1.135085 -0.202561 10
-0.324552 -1.150805 -0.206414 10
-0.370019 -1.160081 -0.207674 10
-0.415186 -1.170643 -0.209385 10
-0.474422 -1.127567 -0.189808 10
-0.544648 -1.048612 -0.155886 10
-0.573003 -1.124022 -0.183091 10
-0.691042 -0.890967 -0.087646 10
-0.742622 -0.892675 -0.085341 10
-0.828565 -0.787046 -0.040136 10
-0.934078 -0.630133 0.025785 10
1.243844 -0.183159 0.188824 10
1.172361 -0.353670 0.121782 10
1.112571 -0.425719 0.093856 10
1.053189 -0.513854 0.059592 10
0.996831 -0.583387 0.032758 10
0.944264 -0.607823 0.023893 10
0.893887 -0.592005 0.031093 10
0.839476 -0.698476 -0.010286 10
0.788642 -0.737657 -0.024859 10
0.737812 -0.857721 -0.071597 10
0.689417 -0.821058 -0.055869 10
0.641562 -0.908368 -0.089494 10
0.594363 -0.941717 -0.101569 10
0.548382 -0.992995 -0.120758 10
0.501933 -1.008285 -0.125533 10
0.455941 -1.027165 -0.131689 10
0.408567 -1.018285 -0.126684 10
0.365491 -1.072290 -0.146799 10
0.320361 -1.088761 -0.151839 10
0.282611 -1.181819 -0.187559 10
0.235426 -1.165724 -0.179445 10
0.187358 -1.145653 -0.169656 10
0.148102 -1.200783 -0.190051 10
0.100268 -1.184468 -0.181646 10
0.052547 -1.172137 -0.174768 10
0.015435 -1.230529 -0.196367 10
-0.039774 -1.173414 -0.171266 10
-0.079150 -1.213605 -0.185422 10
-0.122173 -1.230641 -0.190167 10
-0.178652 -1.178716 -0.166886 10
-0.213958 -1.234477 -0.187225 10
-0.270374 -1.189411 -0.166542 10
-0.314019 -1.204937 -0.170419 10
-0.380385 -1.125653 -0.135569 10
-0.429520 -1.122527 -0.131662 10
-0.479727 -1.116490 -0.126485 10
-0.537677 -1.083561 -0.110207 10
-0.628450 -0.938857 -0.047940 10
-0.691259 -0.900451 -0.029094 10
-0.829919 -0.618798 0.090033 10
-0.878311 -0.641588 0.084085 10
1.310138 -0.119890 0.283956 10
1.236011 -0.288976 0.215182 10
1.172295 -0.384900 0.176433 10
1.110378 -0.484184 0.136362 10
1.051263 -0.574167 0.100153 10
0.995792 -0.636376 0.075385 10
0.947306 -0.589066 0.095612 10
0.889867 -0.736157 0.036118 10
0.840834 -0.710662 0.047528 10
0.789114 -0.790930 0.015557 10
0.739748 -0.804634 0.010991 10
0.690667 -0.848122 -0.005765 10
0.643035 -0.946371 -0.045015 10
0.597600 -1.053768 -0.088015 10
0.548861 -0.983210 -0.057652 10
0.503957 -1.041926 -0.080506 10
0.456712 -1.032532 -0.075210 10
0.410716 -1.047301 -0.079822 10
0.368573 -1.112053 -0.105043 10
0.323380 -1.124475 -0.108583 10
0.278918 -1.142835 -0.114524 10
0.232038 -1.134954 -0.109529 10
0.194618 -1.212510 -0.139917 10
0.142378 -1.158590 -0.115679 10
0.089359 -1.108118 -0.092757 10
0.056493 -1.204584 -0.130895 10
0.013530 -1.224047 -0.136955 10
-0.033086 -1.219939 -0.133126 10
-0.081252 -1.208412 -0.126121 10
-0.124769 -1.223849 -0.130310 10
-0.187977 -1.139166 -0.092506 10
-0.214895 -1.237692 -0.131374 10
-0.262766 -1.232110 -0.126552 10
-0.341146 -1.095596 -0.066582 10
-0.373532 -1.162761 -0.092153 10
-0.424843 -1.150027 -0.084026 10
-0.485463 -1.103904 -0.061696 10
-0.537101 -1.095141 -0.055030 10
-0.648841 -0.877402 0.040295 10
-0.730807 -0.777364 0.086048 10
-0.792976 -0.749918 0.101168 10
1.388653 0.026182 0.416581 10
1.303165 -0.210097 0.317069 10
1.232827 -0.349137 0.258717 10
1.170500 -0.434526 0.223110 10
1.109758 -0.523281 0.186144 10
1.051234 -0.607893 0.150990 10
1.001157 -0.586208 0.160880 10
0.949516 -0.586995 0.161341 10
0.894065 -0.680698 0.122526 10
0.841401 -0.748320 0.094807 10
0.789162 -0.863387 0.047024 10
0.740734 -0.845002 0.055874 10
0.691902 -0.910402 0.029249 10
0.643899 -0.924350 0.024517 10
0.597794 -1.018118 -0.014067 10
0.552901 -1.089053 -0.042919 10
0.505167 -1.055834 -0.027419 10
0.458262 -1.052977 -0.024754 10
0.412364 -1.068224 -0.029728 10
0.368683 -1.110661 -0.046236 10
0.325333 -1.147286 -0.060219 10
0.284113 -1.199467 -0.080804 10
0.241022 -1.223866 -0.089472 10
0.191184 -1.185390 -0.071167 10
0.140858 -1.150311 -0.054209 10
0.097096 -1.170238 -0.060743 10
0.057665 -1.217921 -0.079139 10
0.014877 -1.238491 -0.085847 10
-0.032629 -1.228978 -0.079546 10
-0.084981 -1.194117 -0.062231 10
-0.145228 -1.122066 -0.028749 10
-0.193009 -1.121432 -0.025967 10
-0.223575 -1.203987 -0.059100 10
-0.265604 -1.227276 -0.066566 10
-0.329255 -1.155660 -0.032794 10
-0.383126 -1.131813 -0.019606 10
-0.439383 -1.101499 -0.003485 10
-0.485086 -1.114625 -0.006171 10
-0.548193 -1.064313 0.018913 10
-0.668786 -0.817867 0.129940 10
-0.729714 -0.791656 0.144944 10
-0.775786 -0.816514 0.137675 10
1.912550 0.900364 0.871911 9
1.872913 1.064803 0.943221 9
1.827459 1.214044 1.008009 9
1.371319 -0.141080 0.417604 10
1.295138 -0.308782 0.344782 10
1.229782 -0.407569 0.302073 10
1.171828 -0.450657 0.283725 10
1.107207 -0.585270 0.225541 10
1.054291 -0.599338 0.220000 10
1.000821 -0.627897 0.208217 10
0.949383 -0.630043 0.208042 10
0.896983 -0.657165 0.197045 10
0.837475 -0.927505 0.079863 10
0.790964 -0.851994 0.113825 10
0.742218 -0.838770 0.120662 10
0.693121 -0.963820 0.067085 10
0.646173 -1.044353 0.033015 10
0.600332 -1.097703 0.010891 10
0.552603 -1.053759 0.031468 10
0.507405 -1.094845 0.014847 10
0.461611 -1.108498 0.010325 10
0.415084 -1.106522 0.012739 10
0.373888 -1.179894 -0.017899 10
0.327874 -1.177222 -0.015043 10
0.285983 -1.220322 -0.032269 10
0.241670 -1.232150 -0.035663 10
0.192468 -1.199739 -0.019460 10
0.146439 -1.199146 -0.017205 10
0.104205 -1.227609 -0.027720 10
0.063625 -1.264167 -0.041764 10
0.004811 -1.179876 -0.002189 10
-0.037189 -1.207976 -0.012326 10
-0.091238 -1.165691 0.008871 10
-0.149729 -1.105482 0.038177 10
-0.177742 -1.205868 -0.003912 10
-0.239604 -1.135439 0.030178 10
-0.276923 -1.184086 0.011243 10
-0.329648 -1.162498 0.023762 10
-0.392230 -1.103091 0.053350 10
-0.438991 -1.112184 0.052370 10
-0.486552 -1.118420 0.052756 10
-0.554213 -1.052122 0.085891 10
-0.682571 -0.780180 0.211977 10
-0.787342 -0.608857 0.293128 10
1.903006 0.820720 0.923143 9
1.860894 0.967067 0.988396 9
1.798906 1.012589 1.008465 9
1.745851 1.119510 1.056233 9
1.687959 1.207603 1.095666 9
1.436550 -0.108524 0.504540 10
1.356924 -0.283570 0.426015 10
1.290060 -0.381161 0.382372 10
1.225283 -0.479473 0.338494 10
1.167102 -0.530875 0.315775 10
1.109491 -0.589334 0.289970 10
1.054643 -0.627915 0.273182 10
1.001583 -0.651955 0.263015 10
0.948789 -0.681491 0.250461 10
0.898517 -0.667102 0.257753 10
0.840445 -0.887876 0.159282 10
0.792271 -0.864528 0.170755 10
0.742475 -0.943258 0.136332 10
0.694369 -0.964188 0.128016 10
0.646875 -1.004405 0.111076 10
0.600561 -1.062645 0.086065 10
0.554445 -1.088314 0.075817 10
0.508080 -1.095614 0.073941 10
0.463961 -1.144644 0.053271 10
0.417372 -1.137855 0.057919 10
0.373696 -1.174298 0.043071 10
0.327476 -1.171534 0.046059 10
0.285332 -1.214072 0.028574 10
0.237014 -1.189190 0.041767 10
0.195086 -1.225790 0.027110 10
0.151086 -1.240425 0.022505 10
0.111845 -1.288841 0.002579 10
0.053324 -1.198789 0.045863 10
0.009421 -1.215310 0.040653 10
-0.042872 -1.180380 0.059045 10
-0.093260 -1.161239 0.070339 10
-0.130001 -1.217561 0.047148 10
-0.185479 -1.174656 0.069538 10
-0.219848 -1.237528 0.043447 10
-0.261260 -1.263234 0.034480 10
-0.342821 -1.114286 0.106106 10
-0.393585 -1.106480 0.112859 10
-0.431563 -1.150634 0.095692 10
-0.490453 -1.113101 0.116405 10
-0.582020 -0.961171 0.190366 10
-0.726999 -0.636105 0.345161 10
2.108293 0.491703 0.861334 9
2.054388 0.545944 0.885354 9
2.009221 0.645639 0.930538 9
1.944229 0.656310 0.934602 9
1.889611 0.721309 0.963942 9
1.851269 0.883245 1.038262 9
1.808618 1.038874 1.109768 9
1.745368 1.084160 1.130335 9
1.514696 0.002719 0.629764 10
1.427830 -0.199774 0.535988 10
1.353348 -0.339490 0.471366 10
1.284026 -0.461271 0.415143 10
1.224305 -0.517523 0.389336 10
1.165633 -0.576224 0.362490 10
1.114683 -0.559323 0.370727 10
1.057150 -0.627383 0.339736 10
1.002959 -0.666396 0.322280 10
0.948038 -0.735440 0.290999 10
0.899922 -0.680337 0.317321 10
0.842256 -0.885446 0.223138 10
0.793843 -0.865298 0.233433 10
0.745009 -0.846376 0.243263 10
0.695613 -0.978129 0.183250 10
0.647456 -0.948341 0.198295 10
0.601649 -1.069968 0.143078 10
0.555608 -1.100523 0.130235 10
0.507182 -1.057489 0.151713 10
0.464102 -1.137599 0.115958 10
0.419690 -1.169696 0.102617 10
0.373514 -1.168801 0.104732 10
0.330773 -1.210636 0.086990 10
0.280606 -1.164027 0.110636 10
0.236069 -1.182133 0.104144 10
0.193703 -1.216782 0.089982 10
0.139914 -1.154809 0.121170 10
0.096870 -1.182836 0.110283 10
0.060033 -1.250182 0.080990 10
0.010515 -1.228264 0.093704 10
-0.036319 -1.226057 0.097256 10
-0.087014 -1.203307 0.110595 10
-0.132720 -1.210458 0.109942 10
-0.178829 -1.215697 0.110284 10
-0.242095 -1.139784 0.149142 10
-0.301369 -1.090276 0.175687 10
-0.346292 -1.108106 0.170431 10
-0.405532 -1.066423 0.193562 10
-0.434979 -1.146390 0.158912 10
-0.533057 -0.962146 0.250321 10
-0.611567 -0.864425 0.300784 10
2.185026 0.247320 0.831394 9
2.134622 0.303094 0.856529 9
2.089081 0.383545 0.893552 9
2.035490 0.434665 0.916681 9
1.985618 0.507200 0.950139 9
1.934579 0.580479 0.984064 9
1.871294 0.596800 0.990954 9
1.821387 0.687802 1.033564 9
1.753194 0.681446 1.029910 9
1.645392 0.424319 0.906940 9
1.493393 -0.168298 0.624348 10
1.412552 -0.337900 0.543389 10
1.345194 -0.431040 0.498964 10
1.286056 -0.471772 0.479611 10
1.222475 -0.563464 0.436095 10
1.168884 -0.572038 0.432271 10
1.115075 -0.586337 0.425825 10
1.056339 -0.671631 0.385654 10
1.002676 -0.706842 0.369441 10
0.949027 -0.756552 0.346411 10
0.897040 -0.792916 0.329833 10
0.843948 -0.887255 0.285686 10
0.794749 -0.896663 0.282140 10
0.745770 -0.905219 0.279097 10
0.696896 -0.968675 0.249921 10
0.648969 -0.990831 0.240554 10
0.602282 -1.053591 0.211853 10
0.556724 -1.111018 0.185764 10
0.508109 -1.064008 0.209757 10
0.465781 -1.160610 0.165045 10
0.422762 -1.213826 0.141172 10
0.376019 -1.200608 0.149247 10
0.329369 -1.192742 0.154858 10
0.284893 -1.210893 0.148061 10
0.233417 -1.158635 0.175241 10
0.192940 -1.213251 0.151069 10
0.144702 -1.197268 0.160999 10
0.099407 -1.206397 0.158919 10
0.058031 -1.241888 0.144184 10
0.003377 -1.188750 0.172413 10
-0.034761 -1.241862 0.149312 10
-0.081041 -1.243784 0.151091 10
-0.129102 -1.236954 0.157225 10
-0.188260 -1.176267 0.189682 10
-0.242091 -1.147999 0.206532 10
-0.303390 -1.089759 0.238161 10
-0.354180 -1.083068 0.244791 10
-0.426073 -0.991385 0.293156 10
-0.470901 -1.014768 0.285359 10
-0.563215 -0.858712 0.365785 10
-0.617921 -0.851848 0.373187 10
-0.677143 -0.830871 0.387686 10
2.152520 0.096345 0.838833 9
2.102441 0.147327 0.862250 9
2.055197 0.213871 0.893425 9
2.007054 0.281688 0.925334 9
1.957208 0.347251 0.956247 9
1.928723 0.523705 1.041688 9
1.809174 0.245441 0.904164 9
1.767510 0.361733 0.960346 9
1.698690 0.332493 0.945288 9
1.562651 -0.121766 0.722053 10
1.481820 -0.272769 0.647641 10
1.409298 -0.388228 0.590790 10
1.344866 -0.460810 0.555076 10
1.278835 -0.561194 0.505861 10
1.222033 -0.596189 0.488801 10
1.167921 -0.611973 0.481267 10
1.107344 -0.708068 0.434484 10
1.055906 -0.710608 0.433657 10
1.003867 -0.724275 0.427486 10
0.949073 -0.795133 0.393373 10
0.893421 -0.920735 0.332491 10
0.845412 -0.896467 0.345226 10
0.796315 -0.898709 0.345061 10
0.746713 -0.947353 0.322208 10
0.698151 -0.986768 0.303975 10
0.650428 -1.028253 0.284809 10
0.602795 -1.030095 0.285228 10
0.557443 -1.108031 0.248288 10
0.510520 -1.107230 0.250191 10
0.466529 -1.165306 0.223171 10
0.420392 -1.169349 0.222872 10
0.374620 -1.178145 0.220324 10
0.324686 -1.135084 0.243503 10
0.281335 -1.173430 0.226554 10
0.235410 -1.179986 0.225416 10
0.187157 -1.165823 0.234647 10
0.146816 -1.218290 0.210938 10
0.101269 -1.224981 0.210018 10
0.055570 -1.230541 0.209760 10
0.001057 -1.180092 0.237492 10
-0.046473 -1.178612 0.240983 10
-0.092443 -1.186938 0.239692 10
-0.132932 -1.224137 0.224069 10
-0.202115 -1.114981 0.281772 10
-0.247251 -1.131825 0.276581 10
-0.305466 -1.089088 0.301398 10
-0.382716 -0.969719 0.364937 10
-0.438199 -0.951186 0.378001 10
-0.524737 -0.813690 0.451244 10
-0.567001 -0.854722 0.434627 10
2.176427 -0.072478 0.835784 9
2.149228 0.059129 0.900465 9
2.103789 0.127801 0.933377 9
2.036136 0.107946 0.921647 9
1.983400 0.150946 0.941832 9
1.936873 0.225990 0.978323 9
1.824461 -0.014885 0.855471 9
1.766864 -0.000469 0.861666 9
1.727585 0.114891 0.918910 9
1.647367 0.005099 0.862733 10
1.550709 -0.222763 0.747202 10
1.473938 -0.351905 0.681610 10
1.412523 -0.391873 0.661107 10
1.341843 -0.511494 0.600599 10
1.280180 -0.577425 0.567276 10
1.224801 -0.598992 0.556431 10
1.162657 -0.696143 0.507618 10
1.109572 -0.713192 0.499284 10
1.056371 -0.737546 0.487385 10
1.002177 -0.786053 0.463422 10
0.951829 -0.783872 0.465123 10
0.897545 -0.870989 0.421898 10
0.847635 -0.883403 0.416453 10
0.796871 -0.945310 0.386133 10
0.748600 -0.913085 0.403438 10
0.699436 -0.991830 0.364802 10
0.651200 -0.986158 0.368913 10
0.602821 -0.980019 0.373375 10
0.559333 -1.144237 0.291726 10
0.510830 -1.098291 0.316525 10
0.464585 -1.116831 0.308782 10
0.421703 -1.184742 0.276090 10
0.374838 -1.178102 0.281301 10
0.329291 -1.190024 0.277196 10
0.277728 -1.135468 0.307001 10
0.234201 -1.170465 0.291380 10
0.190368 -1.197149 0.280073 10
0.143475 -1.195689 0.283209 10
0.094288 -1.178444 0.294521 10
0.068024 -1.321089 0.224211 10
0.000186 -1.180736 0.298723 10
-0.043632 -1.202214 0.290574 10
-0.090769 -1.203431 0.292914 10
-0.159435 -1.091981 0.353282 10
-0.207811 -1.094648 0.355195 10
-0.258961 -1.084865 0.363645 10
-0.338165 -0.951009 0.436293 10
-0.392808 -0.935828 0.447922 10
-0.460595 -0.869322 0.486292 10
-0.579443 -0.610179 0.624860 10
2.216592 -0.171925 0.865376 9
2.147847 -0.201507 0.847735 9
2.102522 -0.144830 0.875165 9
2.094501 0.065477 0.982610 9
1.991310 -0.105552 0.891859 9
1.932706 -0.098022 0.894124 9
1.897422 0.017048 0.952369 9
1.821325 -0.055754 0.913210 9
1.758016 -0.072066 0.903538 9
1.721179 0.052929 0.967293 9
1.624072 -0.156953 0.857562 10
1.538807 -0.322806 0.770855 10
1.470775 -0.399272 0.730643 10
1.402837 -0.487877 0.684293 10
1.337341 -0.573362 0.639705 10
1.279666 -0.609446 0.620842 10
1.226538 -0.611622 0.619671 10
1.165130 -0.700257 0.573847 10
1.113315 -0.701160 0.573588 10
1.058077 -0.748221 0.549541 10
1.002598 -0.815163 0.515310 10
0.950597 -0.845668 0.500071 10
0.901090 -0.835663 0.505945 10
0.844965 -1.015428 0.413532 10
0.798156 -0.960110 0.443128 10
0.749530 -0.956489 0.446034 10
0.700758 -0.985436 0.432150 10
0.652387 -0.989799 0.431141 10
0.604656 -1.024100 0.414686 10
0.559009 -1.105388 0.373886 10
0.510895 -1.082955 0.387135 10
0.462899 -1.073115 0.393959 10
0.419540 -1.143337 0.359173 10
0.377541 -1.212643 0.324923 10
0.330358 -1.202075 0.332435 10
0.283152 -1.194549 0.338485 10
0.237694 -1.206293 0.334578 10
0.190925 -1.205272 0.337462 10
0.138440 -1.159644 0.363853 10
0.094760 -1.186899 0.352164 10
0.066893 -1.318855 0.285543 10
0.011159 -1.256655 0.321027 10
-0.048880 -1.177765 0.365509 10
-0.100030 -1.158941 0.378539 10
-0.157043 -1.112349 0.406391 10
-0.208029 -1.101727 0.415414 10
-0.276481 -1.010785 0.467139 10
-0.338970 -0.956509 0.499691 10
-0.410311 -0.870545 0.549315 10
-0.488193 -0.766713 0.608744 10
2.171312 -0.354713 0.846266 9
2.111548 -0.358001 0.842153 9
2.075793 -0.270876 0.886570 9
2.032734 -0.206280 0.919030 9
1.983921 -0.160885 0.941343 9
1.936868 -0.104511 0.969645 9
1.884256 -0.069179 0.986842 9
1.820280 -0.086397 0.976151 9
1.742007 -0.179996 0.924908 9
1.696559 -0.107638 0.962295 10
1.606413 -0.285220 0.866669 10
1.531536 -0.393665 0.808070 10
1.464236 -0.468719 0.767425 10
1.402029 -0.520195 0.739489 10
1.339254 -0.585598 0.704291 10
1.282933 -0.609766 0.691181 10
1.229872 -0.609757 0.691075 10
1.163868 -0.742742 0.620334 10
1.115129 -0.711711 0.637003 10
1.057203 -0.792725 0.594175 10
1.004993 -0.814393 0.583055 10
0.952886 -0.843499 0.568099 10
0.896643 -0.979400 0.496390 10
0.846139 -1.033097 0.468556 10
0.799194 -0.985706 0.494699 10
0.750837 -0.970378 0.503892 10
0.702116 -0.972307 0.504012 10
0.653545 -0.988599 0.496592 10
0.606760 -1.082955 0.447602 10
0.560477 -1.126991 0.425563 10
0.512249 -1.099650 0.441779 10
0.468751 -1.178403 0.401372 10
0.420176 -1.147561 0.419710 10
0.376687 -1.197620 0.394841 10
0.328712 -1.181187 0.405714 10
0.282278 -1.185968 0.405339 10
0.239214 -1.223110 0.387691 10
0.185246 -1.158978 0.424611 10
0.136024 -1.144617 0.434925 10
0.090403 -1.159904 0.429401 10
0.057675 -1.261631 0.377324 10
-0.013849 -1.104287 0.465267 10
-0.058595 -1.126973 0.456127 10
-0.112386 -1.097437 0.475390 10
-0.156453 -1.123275 0.464782 10
-0.203989 -1.130007 0.464654 10
-0.293812 -0.937975 0.572842 10
-0.349645 -0.917944 0.587730 10
-0.409765 -0.882532 0.611200 10
2.257528 -0.286121 0.963885 9
2.155078 -0.434350 0.879507 9
2.104070 -0.408169 0.891397 9
2.050176 -0.391857 0.898002 9
2.020387 -0.279325 0.957608 9
1.955717 -0.302658 0.942714 9
1.931973 -0.150767 1.024113 9
1.877219 -0.126805 1.035445 9
1.808638 -0.168246 1.011095 9
1.737204 -0.230048 0.975783 9
1.669542 -0.279929 0.947188 9
1.595997 -0.370954 0.896261 10
1.528262 -0.439648 0.857739 10
1.462322 -0.507431 0.819890 10
1.402558 -0.543040 0.799797 10
1.336770 -0.631610 0.750911 10
1.283769 -0.630647 0.751115 10
1.220712 -0.722456 0.700763 10
1.166884 -0.741709 0.690206 10
1.114484 -0.750430 0.685544 10
1.058490 -0.809058 0.653742 10
1.006059 -0.834002 0.640483 10
0.951695 -0.903952 0.602748 10
0.898062 -0.991633 0.555433 10
0.847752 -1.038304 0.530658 10
0.799609 -1.037154 0.532165 10
0.752915 -0.927655 0.593121 10
0.703367 -1.005391 0.551710 10
0.654634 -0.976507 0.568817 10
0.608879 -1.143475 0.478685 10
0.560881 -1.111912 0.497498 10
0.514284 -1.133438 0.487316 10
0.466721 -1.127554 0.492306 10
0.421620 -1.164960 0.473629 10
0.375912 -1.183646 0.465350 10
0.325158 -1.137135 0.493093 10
0.281464 -1.178046 0.472818 10
0.237809 -1.211761 0.456604 10
0.184410 -1.155045 0.490437 10
0.137978 -1.164520 0.487868 10
0.104573 -1.269039 0.432800 10
0.036598 -1.123986 0.516071 10
-0.013754 -1.111378 0.526169 10
-0.060980 -1.119834 0.524720 10
-0.109854 -1.119024 0.528556 10
-0.162321 -1.100409 0.542458 10
-0.245351 -0.933337 0.639392 10
-0.301162 -0.912432 0.655055 10
-0.365373 -0.857095 0.690186 10
-0.473900 -0.619595 0.827732 10
2.353320 -0.194990 1.097981 9
2.230911 -0.398521 0.979539 9
2.130099 -0.544095 0.894292 9
2.064771 -0.573851 0.874822 9
2.032889 -0.480472 0.925071 9
1.998485 -0.389847 0.973848 9
1.949703 -0.351496 0.993247 9
1.898591 -0.320672 1.008547 9
1.844331 -0.302223 1.017027 9
1.781477 -0.324255 1.002889 9
1.715976 -0.363323 0.979352 9
1.659869 -0.357617 0.981168 9
1.592904 -0.414331 0.948077 10
1.526408 -0.476835 0.911920 10
1.461987 -0.535760 0.877956 10
1.409084 -0.523868 0.883914 10
1.336426 -0.661191 0.806289 10
1.290166 -0.605603 0.837083 10
1.225983 -0.703043 0.782165 10
1.170219 -0.737840 0.762547 10
1.116537 -0.758576 0.750964 10
1.062831 -0.786334 0.735587 10
1.006011 -0.870335 0.688791 10
0.953011 -0.919493 0.661677 10
0.899892 -0.995155 0.619814 10
0.847888 -1.086047 0.569515 10
0.805266 -0.873537 0.689751 10
0.753394 -1.004227 0.617353 10
0.704666 -1.021728 0.608667 10
0.656846 -1.110883 0.559806 10
0.608812 -1.084658 0.575962 10
0.561859 -1.116166 0.559761 10
0.514320 -1.116715 0.561120 10
0.466327 -1.108883 0.567341 10
0.420973 -1.148016 0.547201 10
0.377568 -1.203532 0.517909 10
0.329051 -1.183453 0.531436 10
0.286681 -1.234883 0.504657 10
0.231793 -1.156085 0.551723 10
0.186333 -1.175204 0.543499 10
0.148920 -1.256039 0.500360 10
0.085752 -1.136079 0.571368 10
0.044362 -1.182622 0.547943 10
-0.023688 -1.055115 0.623754 10
-0.067620 -1.087642 0.608610 10
-0.119946 -1.070543 0.621914 10
-0.155932 -1.141844 0.584825 10
-0.239336 -0.971795 0.686046 10
-0.311021 -0.875340 0.745492 10
-0.407149 -0.680577 0.861780 10
2.305285 -0.373076 1.076256 9
2.210523 -0.489404 1.005298 9
2.119306 -0.603849 0.935763 9
2.042243 -0.677653 0.890121 9
2.002172 -0.619266 0.921360 9
1.981177 -0.481554 0.998657 9
1.921296 -0.492556 0.989936 9
1.880627 -0.422645 1.028191 9
1.814077 -0.464345 1.002066 9
1.761146 -0.446418 1.010581 9
1.703015 -0.453865 1.004610 9
1.654110 -0.413925 1.026153 9
1.586216 -0.478029 0.987848 10
1.523629 -0.519576 0.962745 10
1.466754 -0.531012 0.955175 10
1.412039 -0.530174 0.954844 10
1.337340 -0.681279 0.867167 10
1.282051 -0.700634 0.855549 10
1.230102 -0.694631 0.858691 10
1.170247 -0.767478 0.816591 10
1.115387 -0.802930 0.796178 10
1.057562 -0.886923 0.747966 10
1.005713 -0.910255 0.734827 10
0.954280 -0.936080 0.720396 10
0.904645 -0.935936 0.721067 10
0.849393 -1.094828 0.630246 10
0.802846 -1.041035 0.662105 10
0.754415 -1.040175 0.663607 10
0.705767 -1.098228 0.631268 10
0.657442 -1.030536 0.671616 10
0.609580 -1.070141 0.650189 10
0.562645 -1.113392 0.626771 10
0.513158 -1.069207 0.654024 10
0.467581 -1.122880 0.624832 10
0.422080 -1.159763 0.605461 10
0.377264 -1.196042 0.586550 10
0.332340 -1.222432 0.573483 10
0.280844 -1.173056 0.604521 10
0.228245 -1.124239 0.635437 10
0.177761 -1.103964 0.649952 10
0.133667 -1.138969 0.632445 10
0.086652 -1.147926 0.630232 10
0.036346 -1.134158 0.641425 10
-0.017892 -1.098406 0.665642 10
-0.066123 -1.103683 0.666053 10
-0.130475 -1.019901 0.718818 10
-0.176229 -1.043877 0.708625 10
-0.288384 -0.738434 0.892229 10
-0.352520 -0.690487 0.924934 10
2.407496 -0.266446 1.224045 9
2.288656 -0.449273 1.110979 9
2.191376 -0.575651 1.032054 9
2.101447 -0.687810 0.961965 9
2.030626 -0.741499 0.927022 9
1.993982 -0.672468 0.965333 9
1.931016 -0.701647 0.945373 9
1.889287 -0.647410 0.975162 9
1.838288 -0.628899 0.983877 9
1.821048 -0.456914 1.083767 9
1.942827 0.394271 1.586218 9
1.833851 0.179139 1.456686 9
1.638092 -0.524629 1.038246 9
1.569846 -0.596181 0.994476 9
1.512188 -0.614445 0.982432 9
1.440687 -0.725730 0.915572 10
1.385390 -0.742391 0.904848 10
1.333180 -0.739621 0.905776 10
1.285615 -0.699369 0.929010 10
1.230590 -0.719287 0.916859 10
1.162978 -0.869714 0.827789 10
1.115561 -0.832343 0.849806 10
1.061362 -0.871663 0.826684 10
1.006576 -0.933002 0.790709 10
0.955922 -0.946377 0.783217 10
0.906629 -0.937728 0.788892 10
0.853473 -1.032408 0.733647 10
0.804074 -1.059682 0.718378 10
0.755849 -1.047197 0.726764 10
0.707531 -0.989322 0.762167 10
0.658539 -1.013484 0.749186 10
0.609789 -1.022982 0.745029 10
0.562450 -1.075734 0.715382 10
0.516946 -1.147290 0.674695 10
0.466963 -1.099350 0.705024 10
0.423329 -1.173799 0.662849 10
0.375559 -1.168918 0.667914 10
0.324490 -1.126151 0.695678 10
0.276209 -1.124168 0.699353 10
0.213479 -0.984603 0.785205 10
0.173511 -1.070494 0.736839 10
0.119736 -1.032694 0.762420 10
0.076742 -1.080736 0.736868 10
0.032194 -1.112081 0.721407 10
-0.035155 -0.996309 0.794281 10
-0.087762 -0.983404 0.805735 10
-0.125061 -1.057747 0.764916 10
-0.246114 -0.687880 0.991645 10
-0.312772 -0.627573 1.032518 10
2.376551 -0.385081 1.234465 9
2.274579 -0.516962 1.149613 9
2.169100 -0.671790 1.051113 9
2.089541 -0.750806 0.999402 9
2.017966 -0.808801 0.960833 9
1.962195 -0.813730 0.954917 9
1.915406 -0.785068 0.969678 9
1.840560 -0.869462 0.915703 9
1.836285 -0.660722 1.040462 9
1.777012 -0.679445 1.026825 9
1.725603 -0.663954 1.034189 9
1.681876 -0.609359 1.065481 9
1.634117 -0.570769 1.087197 9
1.587761 -0.520547 1.116131 10
1.511855 -0.642034 1.041054 9
1.461942 -0.614811 1.056394 10
1.387889 -0.751299 0.972660 10
1.329674 -0.792775 0.946729 10
1.280147 -0.771958 0.958723 10
1.230222 -0.751671 0.970562 10
1.164791 -0.881297 0.891758 10
1.115734 -0.861801 0.903457 10
1.056257 -0.969029 0.838560 10
1.003832 -1.008358 0.814951 10
0.956903 -0.968436 0.839512 10
0.907992 -0.953247 0.849253 10
0.856842 -0.991628 0.826690 10
0.806075 -1.048386 0.793133 10
0.757246 -1.057800 0.788426 10
0.708616 -1.069489 0.782492 10
0.660116 -1.064110 0.787072 10
0.611631 -1.067029 0.786774 10
0.563879 -1.094591 0.771654 10
0.518019 -1.156270 0.735924 10
0.468282 -1.114400 0.763320 10
0.417899 -1.077706 0.787760 10
0.373579 -1.137855 0.753363 10
0.324582 -1.126288 0.762818 10
0.270222 -1.060790 0.805384 10
0.219422 -1.044125 0.818339 10
0.169388 -1.038229 0.824892 10
0.122283 -1.057567 0.816159 10
0.071723 -1.049516 0.824368 10
0.025473 -1.072761 0.813538 10
-0.051477 -0.900530 0.923049 10
-0.117630 -0.815199 0.979510 10
-0.131737 -1.028792 0.851964 10
-0.250929 -0.671875 1.076548 10
2.349350 -0.491519 1.249940 9
2.252038 -0.611230 1.170488 9
2.168962 -0.694366 1.114415 9
2.087309 -0.780360 1.056880 9
2.014807 -0.841871 1.015013 9
1.955470 -0.860699 1.000147 9
1.885794 -0.922451 0.958647 9
1.834356 -0.916774 0.959547 9
1.798097 -0.846849 1.000744 9
1.741152 -0.863545 0.988012 9
1.721950 -0.705043 1.084711 9
1.679625 -0.645044 1.120090 9
1.628496 -0.625458 1.130447 9
1.565847 -0.669004 1.101690 9
1.492739 -0.781779 1.030084 9
1.443035 -0.761988 1.041150 9
1.390616 -0.758893 1.042010 10
1.334419 -0.784394 1.025280 10
1.283587 -0.772037 1.032257 10
1.225383 -0.823714 0.999634 10
1.168921 -0.870373 0.970314 10
1.120620 -0.839461 0.989345 10
1.063768 -0.907933 0.946829 10
1.010870 -0.941757 0.926001 10
0.961187 -0.934072 0.931122 10
0.910865 -0.937328 0.929617 10
0.857970 -1.013448 0.883004 10
0.809258 -0.992802 0.896680 10
0.759418 -1.018184 0.881912 10
0.709951 -1.084984 0.841534 10
0.661480 -1.083292 0.843912 10
0.613188 -1.094972 0.838129 10
0.562475 -1.012371 0.891246 10
0.514403 -1.044526 0.873049 10
0.469204 -1.121386 0.827101 10
0.422002 -1.138596 0.818494 10
0.372829 -1.123914 0.829965 10
0.324706 -1.126794 0.830635 10
0.273682 -1.098811 0.850793 10
0.221330 -1.064874 0.874886 10
0.170722 -1.053489 0.885049 10
0.120971 -1.051832 0.889293 10
0.072595 -1.061437 0.886633 10
0.004453 -0.937072 0.968484 10
-0.059916 -0.854675 1.024262 10
-0.144104 -0.667599 1.146452 10
-0.196583 -0.679328 1.143485 10
2.332041 -0.567178 1.283029 9
2.145738 -0.969718 1.019025 9
2.094403 -0.961335 1.020640 9
2.026484 -1.009929 0.985783 9
1.971453 -1.017766 0.977394 9
1.908967 -1.054923 0.950389 9
1.888483 -0.933866 1.025102 9
1.817743 -1.006081 0.976015 9
1.799451 -0.863726 1.064573 9
1.749324 -0.849922 1.070939 9
1.711795 -0.776576 1.115545 9
1.656363 -0.784797 1.108177 9
1.597644 -0.812265 1.088723 9
1.554745 -0.756073 1.122856 9
1.510526 -0.701339 1.156213 9
1.456412 -0.702819 1.153899 9
1.397007 -0.741732 1.127928 9
1.342463 -0.752096 1.120348 10
1.279694 -0.831470 1.069015 10
1.226872 -0.839493 1.063316 10
1.175972 -0.831487 1.068006 10
1.128763 -0.782277 1.099105 10
1.072549 -0.832412 1.067151 10
1.014063 -0.931775 1.004042 10
0.964673 -0.914402 1.015418 10
0.911846 -0.961703 0.985795 10
0.861305 -0.976129 0.977275 10
0.811274 -0.984059 0.973065 10
0.759952 -1.087349 0.908256 10
0.711631 -1.028703 0.946811 10
0.662123 -0.984641 0.976271 10
0.613084 -1.025265 0.951890 10
0.562231 -0.970102 0.988822 10
0.512117 -0.965890 0.993419 10
0.465901 -1.043063 0.946160 10
0.422113 -1.133590 0.890460 10
0.372362 -1.113871 0.905447 10
0.325572 -1.136305 0.893612 10
0.266301 -1.020546 0.970593 10
0.217451 -1.030083 0.967427 10
0.168270 -1.035898 0.966824 10
0.106104 -0.938747 1.032675 10
0.042666 -0.848922 1.094140 10
-0.000718 -0.908737 1.059381 10
-0.081062 -0.729346 1.179276 10
-0.144137 -0.675654 1.218355 10
-0.187281 -0.739309 1.181702 10
2.317122 -0.635231 1.319867 9
2.225965 -0.738352 1.247136 9
2.108378 -0.936893 1.111789 9
2.041704 -0.979347 1.079961 9
1.971819 -1.037707 1.037932 9
1.910352 -1.071039 1.012667 9
1.850909 -1.100546 0.990166 9
1.805227 -1.078344 1.001868 9
1.739368 -1.140203 0.958573 9
1.708353 -1.054736 1.012142 9
1.704961 -0.832236 1.155594 9
1.647872 -0.850690 1.141276 9
1.594207 -0.854482 1.136767 9
1.528000 -0.929264 1.086041 9
1.493913 -0.825238 1.152420 9
1.454137 -0.743574 1.204322 9
1.394981 -0.782326 1.177748 10
1.336568 -0.822961 1.150160 9
1.285720 -0.811305 1.156906 10
1.230073 -0.840484 1.137200 10
1.177434 -0.847719 1.132007 10
1.129483 -0.806846 1.158386 10
1.074329 -0.844625 1.133652 10
1.017520 -0.918691 1.085440 10
0.967346 -0.909303 1.091848 10
0.914824 -0.945066 1.068986 10
0.864220 -0.951558 1.065403 10
0.814730 -0.922724 1.085062 10
0.762591 -1.022228 1.021117 10
0.713165 -1.012993 1.028339 10
0.663618 -1.018190 1.026317 10
0.614546 -1.045925 1.009738 10
0.562912 -0.960141 1.067593 10
0.517182 -1.076904 0.993100 10
0.464358 -0.999741 1.045735 10
0.413677 -0.986932 1.056438 10
0.372425 -1.111205 0.977390 10
0.324512 -1.122401 0.972651 10
0.264966 -1.007156 1.051207 10
0.215083 -1.009867 1.052478 10
0.157287 -0.944381 1.098864 10
0.101308 -0.905703 1.127861 10
0.039605 -0.832595 1.179852 10
-0.001373 -0.910994 1.131992 10
-0.100189 -0.617154 1.330644 10
-0.148271 -0.659798 1.306959 10
-0.194520 -0.708329 1.279502 10
2.297301 -0.717793 1.345813 9
2.226453 -0.759174 1.313056 9
2.118304 -0.926159 1.195577 9
2.044755 -0.990512 1.148016 9
1.969452 -1.067391 1.092323 9
1.898511 -1.135855 1.042644 9
1.836464 -1.177309 1.011475 9
1.789589 -1.162748 1.018273 9
1.739963 -1.159331 1.017759 9
1.698268 -1.121548 1.040533 9
1.653324 -1.095854 1.055348 9
1.641289 -0.906909 1.179854 9
1.582281 -0.940682 1.155073 9
1.533583 -0.922828 1.165114 9
1.565543 -0.429903 1.493462 9
1.439440 -0.862337 1.202352 9
1.382919 -0.890677 1.182052 9
1.329788 -0.899865 1.174775 9
1.288311 -0.819083 1.227853 10
1.230411 -0.866819 1.195201 10
1.181136 -0.842613 1.210840 10
1.126874 -0.867413 1.193926 10
1.069643 -0.936155 1.147852 10
1.018041 -0.947764 1.140150 10
0.968061 -0.937529 1.147238 10
0.918325 -0.918734 1.160243 10
0.867986 -0.906001 1.169393 10
0.814389 -1.003984 1.104711 10
0.765316 -0.956137 1.137726 10
0.714533 -1.034409 1.086563 10
0.664887 -1.011437 1.103326 10
0.614724 -0.988509 1.120265 10
0.567024 -1.074518 1.064405 10
0.516503 -1.039019 1.090151 10
0.466858 -1.037962 1.093008 10
0.420465 -1.092198 1.058922 10
0.367182 -1.034010 1.100538 10
0.314964 -1.005288 1.122594 10
0.259633 -0.950925 1.162150 10
0.210896 -0.972263 1.150948 10
0.147929 -0.867153 1.225250 10
0.102635 -0.921229 1.192369 10
0.020376 -0.698859 1.346607 10
-0.039797 -0.659360 1.377579 10
-0.101100 -0.619367 1.409178 10
2.216532 -0.812584 1.356853 9
2.119329 -0.944663 1.260602 9
2.027268 -1.071013 1.168802 9
1.963819 -1.108557 1.138909 9
1.898956 -1.155494 1.102806 9
1.839202 -1.188105 1.076884 9
1.790807 -1.179401 1.079718 9
1.735508 -1.199710 1.062759 9
1.685661 -1.199101 1.060433 9
1.646402 -1.150452 1.091354 9
1.596061 -1.151454 1.088303 9
1.555677 -1.102138 1.120014 9
1.510443 -1.074292 1.137149 9
1.482641 -0.941945 1.226146 9
1.429168 -0.952523 1.217266 9
1.383698 -0.911922 1.243672 9
1.335308 -0.886971 1.259544 10
1.282665 -0.892244 1.254914 9
1.234477 -0.860986 1.275503 10
1.177721 -0.906126 1.243997 10
1.126599 -0.902660 1.245972 9
1.072200 -0.939014 1.220900 10
1.022344 -0.923971 1.231207 10
0.972638 -0.901989 1.246467 10
0.920321 -0.924003 1.231819 10
0.869795 -0.913072 1.239923 10
0.816652 -0.989378 1.188492 10
0.766924 -0.961743 1.208436 10
0.716511 -0.949145 1.218289 10
0.666601 -1.084057 1.127215 10
0.616288 -1.013480 1.177209 10
0.565265 -0.974646 1.205669 10
0.515802 -0.999896 1.190350 10
0.466189 -1.011803 1.184380 10
0.417804 -1.040722 1.166900 10
0.359119 -0.917047 1.254635 10
0.313244 -0.983274 1.211881 10
0.258512 -0.939884 1.244848 10
0.199307 -0.863820 1.300644 10
0.146377 -0.857725 1.308407 10
0.098701 -0.895229 1.286228 10
0.018975 -0.695000 1.428903 10
-0.043917 -0.638899 1.472174 10
-0.281919 0.501675 2.269083 9
-2.083994 0.393735 -1.595766 8
-1.729838 0.677677 -1.833882 8
-1.677268 0.618017 -1.824041 8
-1.511819 0.694653 -1.910830 8
-1.390342 0.722228 -1.962159 8
-1.085804 0.984299 -2.175905 8
-1.068212 0.889303 -2.140382 8
-0.941585 0.935854 -2.202505 8
-0.821043 0.978138 -2.261028 8
-0.737061 0.973832 -2.287537 8
-0.645959 0.981201 -2.321706 8
-0.449254 1.142547 -2.457661 8
-0.410663 1.080539 -2.444907 8
-0.339916 1.065822 -2.463487 8
-0.244149 1.090649 -2.507651 8
-0.214393 1.014629 -2.486681 8
-0.153700 0.986590 -2.496901 8
-0.130706 0.896991 -2.468390 8
-0.066005 0.875167 -2.483120 8
-0.001140 0.854367 -2.498580 8
0.030599 0.775896 -2.478576 8
0.069596 0.708523 -2.466028 8
0.115286 0.652041 -2.460644 8
0.148811 0.571496 -2.441240 8
0.192243 0.508008 -2.432703 8
0.240250 0.452267 -2.429273 8
0.260789 0.339335 -2.392750 8
0.297490 0.256314 -2.374639 8
0.333330 0.168959 -2.354752 8
0.360757 0.060242 -2.323415 8
-1.952949 0.673406 -1.649461 8
-1.841670 0.677405 -1.686985 8
-1.560216 0.881232 -1.871335 8
-1.357836 1.002161 -1.992429 8
-1.189238 1.089413 -2.087430 8
-1.102253 1.081486 -2.112717 8
-1.013764 1.077053 -2.140342 8
-0.769208 1.275732 -2.311535 8
-0.634618 1.339978 -2.385874 8
-0.672127 1.176980 -2.300988 8
-0.510323 1.283037 -2.403634 8
-0.409060 1.310404 -2.450967 8
-0.412004 1.190810 -2.397867 8
-0.321780 1.204669 -2.435917 8
-0.256086 1.184021 -2.450547 8
-0.209622 1.134593 -2.446120 8
-0.192646 1.038209 -2.411134 8
-0.126315 1.018626 -2.427179 8
-0.086930 0.955474 -2.415044 8
-0.066947 0.858354 -2.381589 8
0.005689 0.849395 -2.405205 8
0.068612 0.824623 -2.418772 8
0.097663 0.739019 -2.394311 8
0.145850 0.686561 -2.391214 8
0.175053 0.597146 -2.365731 8
0.238108 0.571177 -2.379851 8
0.256409 0.456072 -2.340041 8
0.301628 0.392194 -2.332100 8
0.330868 0.293139 -2.303707 8
-2.340092 0.508405 -1.330651 8
-1.946649 0.810017 -1.602098 8
-1.694602 0.969676 -1.760284 8
-1.544330 1.022840 -1.834952 8
-1.417685 1.052999 -1.891243 8
-1.045666 1.377040 -2.167304 8
-0.987309 1.337702 -2.168766 8
-0.976454 1.239850 -2.127236 8
-0.823158 1.319471 -2.216549 8
-0.766465 1.279838 -2.218049 8
-1.091986 0.736325 -1.856717 8
-0.605961 1.264404 -2.267324 8
-0.485771 1.313982 -2.332368 8
-0.468650 1.222419 -2.297362 8
-0.425528 1.165972 -2.287678 8
-0.335765 1.177485 -2.325452 8
-0.274355 1.148619 -2.335178 8
-0.225901 1.100251 -2.331750 8
-0.166433 1.068807 -2.340100 8
-0.119789 1.016985 -2.334960 8
-0.063731 0.980079 -2.340120 8
-0.019805 0.922682 -2.332004 8
0.029586 0.873804 -2.329909 8
0.075895 0.818892 -2.324265 8
0.130587 0.778362 -2.328301 8
0.153785 0.678895 -2.295027 8
0.205936 0.631638 -2.295680 8
0.239510 0.547391 -2.273487 8
0.301737 0.518353 -2.286379 8
0.020449 -0.220184 -1.861809 10
-0.015692 -0.476156 -1.739917 10
-2.108560 1.002663 -1.528668 8
-1.970996 1.029243 -1.587071 8
-1.843758 1.048228 -1.638607 8
-1.594948 1.202270 -1.796928 8
-1.386521 1.320298 -1.924440 8
-1.213875 1.404948 -2.023946 8
-1.071276 1.460484 -2.099434 8
-1.024552 1.406986 -2.089960 8
-1.001407 1.324576 -2.058771 8
-0.792715 1.469638 -2.200585 8
-0.739397 1.426894 -2.199239 8
-0.708405 1.355314 -2.176652 8
-0.638798 1.333332 -2.191320 8
-0.551353 1.336280 -2.224267 8
-0.496733 1.295965 -2.225468 8
-0.431687 1.270361 -2.237511 8
-0.366007 1.246343 -2.250753 8
-0.299752 1.223905 -2.265165 8
-0.264953 1.154781 -2.246755 8
-0.220764 1.098757 -2.238068 8
-0.177514 1.040447 -2.228225 8
-0.093653 1.046939 -2.263346 8
-0.043714 0.999377 -2.261375 8
-0.023492 0.900911 -2.225350 8
0.029106 0.855780 -2.225973 8
0.090188 0.825410 -2.236723 8
0.145118 0.784165 -2.240464 8
0.188805 0.721663 -2.230590 8
0.009292 0.229012 -1.942376 8
0.044435 0.135799 -1.916106 10
0.055902 -0.008156 -1.858324 10
0.074470 -0.142950 -1.807709 10
0.072549 -0.326625 -1.727728 10
-1.990546 1.248507 -1.577781 8
-1.842512 1.286705 -1.646989 8
-1.618284 1.407917 -1.784127 8
-1.420622 1.508348 -1.902030 8
-1.335715 1.492989 -1.923600 8
-1.292569 1.432746 -1.908643 8
-1.106894 1.533189 -2.023149 8
-1.035319 1.508092 -2.035980 8
-0.975619 1.469814 -2.038382 8
-0.884850 1.469313 -2.070537 8
-0.838056 1.416443 -2.061688 8
-0.755913 1.407741 -2.087230 8
-0.684831 1.386296 -2.102838 8
-0.605543 1.376613 -2.127333 8
-0.522097 1.373991 -2.156970 8
-0.443637 1.366250 -2.182546 8
-0.395064 1.317849 -2.177882 8
-0.332183 1.289723 -2.188417 8
-0.291861 1.228825 -2.175199 8
-0.218770 1.216459 -2.197478 8
-0.165704 1.174387 -2.198411 8
-0.122755 1.116139 -2.188127 8
-0.068110 1.075920 -2.190991 8
-0.004091 1.051193 -2.204918 8
0.028384 0.973428 -2.182198 8
0.055363 0.884090 -2.152215 8
-0.079983 0.501887 -1.923596 10
-0.056240 0.393923 -1.884309 10
-0.016220 0.313068 -1.864191 10
0.039503 0.260385 -1.863492 10
0.076699 0.170327 -1.838569 10
0.089091 0.027138 -1.779749 10
0.136946 -0.047611 -1.766651 10
0.125702 -0.251099 -1.671507 10
0.019920 -0.672267 -1.439772 10
-1.842614 1.299589 -1.542960 8
-1.590343 1.448478 -1.707795 8
-1.447905 1.489774 -1.779081 8
-1.336421 1.501509 -1.824561 8
-1.256673 1.480753 -1.842453 8
-1.151987 1.489321 -1.884379 8
-1.075298 1.467970 -1.901346 8
-0.954903 1.499279 -1.960878 8
-0.899237 1.455865 -1.959591 8
-0.794217 1.473364 -2.007053 8
-0.742741 1.426070 -2.002750 8
-0.681959 1.390579 -2.007980 8
-0.566815 1.427116 -2.069312 8
-0.479627 1.429533 -2.103568 8
-0.404379 1.417480 -2.126436 8
-0.385786 1.326748 -2.089534 8
-0.301665 1.328347 -2.122888 8
-0.283545 1.234303 -2.084647 8
-0.203835 1.230922 -2.114328 8
-0.130734 1.219034 -2.137551 8
-0.090903 1.155648 -2.123219 8
-0.044737 1.101360 -2.115967 8
0.005140 1.052481 -2.112993 8
-0.174840 0.610658 -1.831636 10
-0.115490 0.567425 -1.835639 10
-0.075867 0.488658 -1.815124 10
-0.009688 0.456790 -1.827743 10
0.020381 0.357166 -1.794022 10
0.074257 0.300532 -1.790478 10
0.098219 0.183476 -1.746603 10
0.139643 0.097916 -1.724922 10
0.173401 -0.006260 -1.691655 10
0.165634 -0.203654 -1.598040 10
0.179769 -0.361373 -1.532311 10
-1.665379 1.382564 -1.538399 8
-1.474025 1.472667 -1.654909 8
-1.362063 1.483210 -1.701201 8
-1.268245 1.476328 -1.732020 8
-1.150152 1.498639 -1.787149 8
-1.067421 1.483237 -1.809931 8
-0.964701 1.492771 -1.853223 8
-0.896541 1.463093 -1.863682 8
-0.789547 1.481967 -1.913813 8
-0.733531 1.439414 -1.913564 8
-0.654803 1.426184 -1.937077 8
-0.505037 1.508030 -2.036125 8
-0.494187 1.408120 -1.990216 8
-0.444413 1.359230 -1.985252 8
-0.370622 1.343924 -2.006688 8
-0.343095 1.262909 -1.977405 8
-0.240575 1.291022 -2.032207 8
-0.221859 1.195350 -1.992602 8
-0.348976 0.870515 -1.781789 8
-0.107080 1.118783 -2.001649 8
-0.267580 0.725477 -1.744217 10
-0.199745 0.695966 -1.757858 10
-0.178508 0.587264 -1.714057 10
-0.105486 0.566040 -1.734333 10
-0.037268 0.537186 -1.749155 10
0.013687 0.477048 -1.741910 10
0.054279 0.396212 -1.720592 10
0.096557 0.316478 -1.700760 10
0.137416 0.231755 -1.678185 10
0.171862 0.131393 -1.645658 10
0.200083 0.014515 -1.602853 10
0.220224 -0.124264 -1.546426 10
0.234213 -0.282461 -1.478406 10
-1.806888 1.248583 -1.303149 8
-1.603164 1.347177 -1.431848 8
-1.397900 1.454139 -1.565839 8
-1.234079 1.522451 -1.663899 8
-1.170198 1.483387 -1.667416 8
-1.028147 1.534732 -1.748689 8
-0.972926 1.488206 -1.745416 8
-0.890654 1.474214 -1.769848 8
-0.791515 1.482422 -1.812638 8
-0.734827 1.439533 -1.812496 8
-0.647555 1.436119 -1.845045 8
-0.540212 1.461038 -1.900374 8
-0.487729 1.415044 -1.897618 8
-0.468306 1.323174 -1.858328 8
-0.401508 1.295937 -1.871346 8
-0.330051 1.276136 -1.890253 8
-0.239798 1.285238 -1.931702 8
-0.416616 0.891153 -1.659954 10
-0.361155 0.841162 -1.657697 10
-0.327617 0.755855 -1.628825 10
-0.237139 0.761427 -1.669474 10
-0.193619 0.690755 -1.652556 10
-0.133416 0.647251 -1.656441 10
-0.078047 0.595120 -1.654219 10
-0.029368 0.530326 -1.643099 10
0.035240 0.493807 -1.653013 10
0.090861 0.440392 -1.650956 10
0.114760 0.324233 -1.604538 10
0.179238 0.285420 -1.613968 10
0.208119 0.173178 -1.572123 10
0.234672 0.051899 -1.525087 10
0.263248 -0.069630 -1.479076 10
0.288821 -0.202662 -1.426396 10
0.263697 -0.458508 -1.291795 10
-1.550205 1.413998 -1.376626 8
-1.489391 1.365461 -1.373530 8
-1.299796 1.458668 -1.497620 8
-1.138836 1.526133 -1.596842 8
-1.035985 1.531987 -1.640270 8
-0.928516 1.545671 -1.689950 8
-0.908466 1.456847 -1.650270 8
-0.837444 1.428780 -1.663566 8
-0.697366 1.488512 -1.751482 8
-0.667372 1.411165 -1.722538 8
-0.568401 1.423245 -1.769038 8
-0.484558 1.417507 -1.800196 8
-0.706773 0.990359 -1.484781 10
-0.593345 1.019962 -1.547061 10
-0.544002 0.960246 -1.536385 10
-0.485160 0.913866 -1.536830 10
-0.439153 0.847831 -1.521921 10
-0.331748 0.876379 -1.582031 10
-0.268802 0.837479 -1.588739 10
-0.214527 0.784548 -1.584759 10
-0.175650 0.705204 -1.560859 10
-0.104209 0.680013 -1.578902 10
-0.063251 0.601808 -1.556928 10
-0.008272 0.547082 -1.553226 10
0.064770 0.525262 -1.574350 10
0.121855 0.473952 -1.573752 10
0.179830 0.423787 -1.574351 10
0.206648 0.310154 -1.529361 10
0.242974 0.212099 -1.496680 10
0.272489 0.096173 -1.452217 10
0.311785 -0.002686 -1.420945 10
0.333298 -0.145245 -1.360040 10
0.330748 -0.350038 -1.257427 10
0.232624 -0.794379 -0.992264 10
-1.447561 1.420443 -1.308431 8
-1.272097 1.497836 -1.421230 8
-1.192638 1.473201 -1.439330 8
-1.043494 1.529726 -1.530480 8
-0.918254 1.562953 -1.599364 8
-0.856069 1.524023 -1.603262 8
-0.809726 1.465891 -1.590400 8
-0.768488 1.400714 -1.571811 8
-1.027923 0.946953 -1.218215 10
-0.926444 0.950134 -1.262064 10
-0.796104 0.994737 -1.340542 10
-0.694246 1.004331 -1.388455 10
-0.619319 0.978450 -1.406198 10
-0.517166 0.993022 -1.457342 10
-0.460586 0.942736 -1.454685 10
-0.384023 0.922580 -1.476831 10
-0.329154 0.869712 -1.472498 10
-0.260205 0.838893 -1.486140 10
-0.245002 0.720444 -1.430381 10
-0.151611 0.729746 -1.476256 10
-0.087926 0.690420 -1.483767 10
-0.001220 0.692042 -1.523102 10
0.024687 0.585284 -1.479055 10
0.082947 0.535446 -1.479319 10
0.147523 0.497249 -1.488685 10
0.190078 0.415719 -1.465873 10
0.246586 0.360180 -1.463049 10
0.269117 0.232849 -1.407924 10
0.316790 0.154437 -1.389725 10
0.357029 0.057329 -1.358729 10
0.379359 -0.083984 -1.297023 10
0.396965 -0.242569 -1.224528 10
0.382979 -0.484935 -1.094757 10
-1.177343 1.498056 -1.350172 8
-0.869018 1.626052 -1.549793 8
-1.187666 0.874762 -0.996017 10
-1.028479 0.946911 -1.103460 10
-0.883315 1.006380 -1.198137 10
-0.807480 0.977331 -1.214483 10
-0.679111 1.021881 -1.294171 10
-0.602644 0.997277 -1.313667 10
-0.546437 0.944262 -1.309015 10
-0.468662 0.922963 -1.331312 10
-0.329451 0.996595 -1.432484 10
-0.298476 0.906812 -1.397367 10
-0.243463 0.853212 -1.392714 10
-0.145501 0.869748 -1.445303 10
-0.131651 0.747322 -1.385539 10
-0.031007 0.771077 -1.443635 10
0.027810 0.723914 -1.444987 10
0.059164 0.626254 -1.407045 10
0.112016 0.565846 -1.399018 10
0.167587 0.509603 -1.394668 10
0.220229 0.446681 -1.385629 10
0.271293 0.379258 -1.373684 10
0.310956 0.286337 -1.343151 10
0.345223 0.178653 -1.302514 10
0.391802 0.094310 -1.280186 10
0.417029 -0.041669 -1.220835 10
0.447566 -0.171045 -1.167697 10
0.451563 -0.370738 -1.065293 10
0.365976 -0.806051 -0.796987 10
-1.258864 0.787217 -0.796487 10
-1.090202 0.868041 -0.915542 10
-0.882370 1.006946 -1.084834 10
-0.791508 0.996858 -1.118858 10
-0.718959 0.963240 -1.131765 10
-0.630067 0.953474 -1.165524 10
-0.501008 1.003958 -1.251139 10
-0.439179 0.959022 -1.253557 10
-0.365935 0.931521 -1.271031 10
-0.261297 0.954096 -1.330735 10
-0.193816 0.920335 -1.342531 10
-0.165297 0.822762 -1.301447 10
-0.095234 0.792642 -1.316837 10
-0.024946 0.763576 -1.333115 10
0.000126 0.654482 -1.284700 10
0.098601 0.676335 -1.342403 10
0.147921 0.609058 -1.328591 10
0.189824 0.525930 -1.302847 10
0.240159 0.457195 -1.289122 10
0.291624 0.389156 -1.276515 10
0.353585 0.341648 -1.280250 10
0.398303 0.256237 -1.255422 10
0.437449 0.155595 -1.219891 10
0.457006 0.005995 -1.148707 10
0.490136 -0.118191 -1.098003 10
0.510731 -0.278556 -1.021964 10
0.482227 -0.571306 -0.851085 10
-1.137110 0.808296 -0.740094 10
-0.965797 0.896115 -0.867433 10
-0.784709 1.003961 -1.010965 10
-0.702071 0.983111 -1.036064 10
-0.627562 0.952034 -1.051800 10
-0.521156 0.968196 -1.109372 10
-0.433567 0.959422 -1.144265 10
-0.342040 0.958551 -1.185682 10
-0.276424 0.919236 -1.193434 10
-0.160919 0.960583 -1.270369 10
-0.103897 0.909651 -1.267923 10
-0.073539 0.812989 -1.227315 10
-0.010648 0.770137 -1.232575 10
0.066907 0.753531 -1.259743 10
0.096259 0.649572 -1.215126 10
0.160059 0.607312 -1.221737 10
0.206576 0.531365 -1.201407 10
0.265722 0.478700 -1.200358 10
0.322955 0.421404 -1.195999 10
0.379469 0.361593 -1.190090 10
0.422132 0.270324 -1.160147 10
0.465198 0.176816 -1.129359 10
0.501395 0.064000 -1.084704 10
0.533992 -0.062093 -1.031135 10
0.556558 -0.218620 -0.956001 10
0.572121 -0.400781 -0.863465 10
-0.965454 0.895850 -0.747314 10
-0.798883 0.982656 -0.875070 10
-0.679251 1.011180 -0.946958 10
-0.584803 1.007750 -0.988550 10
-0.520649 0.962364 -0.991579 10
-0.420731 0.970504 -1.042906 10
-0.300469 1.012645 -1.123872 10
-0.248604 0.951673 -1.112589 10
-0.203011 0.879670 -1.092098 10
-0.117092 0.873051 -1.128977 10
-0.027692 0.874354 -1.172304 10
0.013697 0.794057 -1.145556 10
0.048498 0.699812 -1.107761 10
0.152703 0.730942 -1.176020 10
0.212083 0.681020 -1.176048 10
0.263954 0.615915 -1.163877 10
0.312175 0.542050 -1.145083 10
0.361172 0.467827 -1.126653 10
0.401466 0.372997 -1.092337 10
0.461277 0.317766 -1.090484 10
0.505716 0.226732 -1.060776 10
0.548518 0.128629 -1.026423 10
0.574477 -0.013934 -0.958565 10
0.604638 -0.152788 -0.895128 10
0.626658 -0.319306 -0.812112 10
0.577404 -0.684731 -0.580642 10
-0.835819 1.686501 -1.168518 6
-0.681085 1.755001 -1.281661 2
-0.613235 1.722543 -1.293050 2
-1.146377 0.656210 -0.394962 10
-0.850943 0.910013 -0.687418 10
-0.618691 1.091606 -0.906626 10
-0.540477 1.065720 -0.927912 10
-0.467383 1.033433 -0.943096 10
-0.374942 1.030843 -0.985539 10
-1.066952 -0.175073 0.069191 10
-0.226596 0.974900 -1.023035 10
-0.106573 1.022526 -1.109344 10
-0.088058 0.906266 -1.048943 10
-0.015523 0.878299 -1.067536 10
0.043067 0.826681 -1.065451 10
0.093079 0.759078 -1.049864 10
0.138365 0.681268 -1.026090 10
0.201332 0.635161 -1.029963 10
0.267074 0.594265 -1.038467 10
0.334797 0.557415 -1.050523 10
0.381863 0.477783 -1.027286 10
0.440809 0.421284 -1.023771 10
0.490973 0.344355 -1.004045 10
0.540816 0.264377 -0.982557 10
0.582531 0.162671 -0.944437 10
0.615040 0.034492 -0.886372 10
0.652880 -0.086188 -0.835596 10
0.668819 -0.269394 -0.737396 10
0.688711 -0.451973 -0.641802 10
-0.918344 1.936798 -1.176127 11
-0.794997 1.963483 -1.250409 2
-0.664399 2.002042 -1.335736 2
-0.640185 1.920527 -1.295763 2
-0.601104 1.854995 -1.272982 2
-0.556347 1.795402 -1.256763 2
-0.481019 1.773495 -1.278756 6
-0.657300 1.301354 -0.900509 10
-0.617515 1.223889 -0.871445 10
-0.541995 1.194490 -0.889537 10
-0.402615 1.256970 -0.995464 10
-0.330385 1.226955 -1.011931 10
-0.225276 1.247044 -1.075426 10
-0.174031 1.187621 -1.063908 10
-0.098428 1.165859 -1.087604 10
-0.081072 1.050704 -1.025617 10
-0.000182 1.037562 -1.057530 10
0.014882 0.913259 -0.989159 10
0.086114 0.883333 -1.006386 10
0.156291 0.852217 -1.022533 10
0.185783 0.745922 -0.972826 10
0.226567 0.657529 -0.939821 10
0.301885 0.634564 -0.964011 10
0.388209 0.635106 -1.008155 10
0.425415 0.535273 -0.966946 10
0.482700 0.475143 -0.960073 10
0.523056 0.376055 -0.921275 10
0.575250 0.300416 -0.902822 10
0.613933 0.190373 -0.856944 10
0.653296 0.077326 -0.809801 10
0.697772 -0.027720 -0.770286 10
0.722002 -0.190458 -0.685936 10
0.741226 -0.375547 -0.585824 10
0.689451 -0.771323 -0.323073 10
-1.092693 2.086865 -1.079670 11
-0.866689 2.108799 -1.200853 11
-0.795835 2.078448 -1.214878 11
-0.696305 2.080752 -1.263841 6
-0.631979 2.045385 -1.271814 6
-0.597217 1.976035 -1.243872 6
-0.541405 1.930636 -1.241604 2
-0.373543 2.022514 -1.381621 11
-0.455285 1.807707 -1.204604 2
-0.395497 1.766493 -1.207397 2
-0.537859 1.458420 -0.941666 10
-0.427283 1.479461 -1.009221 10
-0.411800 1.371808 -0.948541 10
-0.304379 1.391998 -1.014325 10
-0.248634 1.339999 -1.009065 10
-0.160609 1.336086 -1.050334 10
-0.101106 1.290325 -1.051193 10
-0.091050 1.166099 -0.978158 10
-0.060540 1.070722 -0.933649 10
0.036769 1.084182 -0.991120 10
0.048355 0.953443 -0.915254 10
0.134322 0.949200 -0.956246 10
0.192950 0.897451 -0.953877 10
0.241198 0.825719 -0.933933 10
0.307213 0.786446 -0.943426 10
0.365125 0.731236 -0.939028 10
0.414669 0.658068 -0.919350 10
0.443741 0.539765 -0.861314 10
0.506908 0.490694 -0.863931 10
0.566259 0.432537 -0.859120 10
0.604289 0.323846 -0.812189 10
0.671515 0.280466 -0.820942 10
0.695488 0.129862 -0.741189 10
0.740780 0.026154 -0.701665 10
0.768088 -0.129727 -0.620796 10
0.793139 -0.300202 -0.529973 10
0.777957 -0.594939 -0.341855 10
-1.253047 2.046850 -0.862269 11
-1.020615 2.171422 -1.057503 11
-0.856932 2.233816 -1.178264 11
-0.769638 2.221042 -1.212207 11
-0.609146 2.289143 -1.335489 6
-0.574397 2.223504 -1.309123 11
-0.573441 2.118407 -1.240321 11
-0.519620 2.071855 -1.236167 11
-0.374338 2.134445 -1.348924 11
-0.334458 2.073387 -1.328651 11
-0.247068 2.071073 -1.370514 11
-0.194994 2.025358 -1.366604 11
-0.156189 1.961934 -1.344666 11
-0.072631 1.958052 -1.384011 11
0.004377 1.947045 -1.415577 11
-0.222922 1.503253 -1.013394 10
-0.214409 1.383576 -0.940293 10
0.090518 1.705831 -1.303142 2
0.213825 1.767249 -1.405524 2
0.278732 1.741526 -1.422133 2
0.324409 1.685186 -1.409353 6
0.113331 1.197254 -0.987841 10
0.184924 1.171404 -1.008231 10
0.219625 1.081030 -0.968416 10
0.279381 1.033556 -0.969153 10
0.329813 0.968208 -0.953788 10
0.357012 0.856448 -0.896883 10
0.414243 0.800277 -0.891220 10
0.464883 0.729626 -0.873051 10
0.516446 0.659059 -0.855577 10
0.547347 0.541386 -0.797489 10
0.611069 0.492808 -0.800692 10
0.661520 0.412734 -0.777086 10
0.689883 0.276697 -0.706523 10
0.736325 0.179138 -0.670068 10
0.785243 0.083926 -0.636587 10
0.811175 -0.076753 -0.549700 10
0.845471 -0.223138 -0.476492 10
0.843893 -0.480820 -0.314133 10
-0.730977 2.571113 -1.359490 12
-0.552702 2.652602 -1.503221 12
-0.552610 2.557316 -1.438600 12
-0.512287 2.501809 -1.421087 12
-0.388189 2.536160 -1.506292 12
-0.541507 2.267378 -1.248137 11
-0.437320 2.279377 -1.308544 11
-0.327637 2.300635 -1.378075 11
-0.310468 2.214814 -1.329156 11
-0.237637 2.194898 -1.352702 11
-0.133679 2.215227 -1.419101 11
-0.105966 2.140617 -1.383415 11
-0.026472 2.132687 -1.418743 11
0.056862 2.131717 -1.460795 11
0.112630 2.094480 -1.464724 11
0.096474 1.954624 -1.363670 11
0.207623 1.996170 -1.448628 11
0.268578 1.966506 -1.460628 11
0.280241 1.861043 -1.397103 6
0.314409 1.787698 -1.366603 6
0.371826 1.750459 -1.372148 6
0.210184 1.344856 -1.020892 10
0.237723 1.245549 -0.970254 10
0.285477 1.178861 -0.951793 10
0.306825 1.062283 -0.886856 10
0.377093 1.033534 -0.905417 10
0.427153 0.966249 -0.888215 10
0.470469 0.883817 -0.857682 10
0.511019 0.793056 -0.820391 10
0.579315 0.758267 -0.834540 10
0.622289 0.668099 -0.799229 10
0.662098 0.567430 -0.755544 10
0.699438 0.456877 -0.704267 10
0.739549 0.348216 -0.655871 10
0.774024 0.220567 -0.592280 10
0.820225 0.117192 -0.550934 10
0.860527 -0.006754 -0.493240 10
0.892949 -0.159086 -0.413073 10
0.914921 -0.350476 -0.302156 10
0.833350 -0.867061 0.075104 10
-1.115906 2.705967 -1.153395 12
-1.009558 2.705131 -1.206198 12
-0.868286 2.738297 -1.300482 12
-0.804915 2.703233 -1.307966 12
-0.621808 2.782625 -1.455862 12
-0.501036 2.807530 -1.534390 12
-0.482978 2.733226 -1.491979 12
-0.471642 2.650450 -1.440388 12
-0.390652 2.638860 -1.473718 12
-0.317170 2.620783 -1.498843 12
-0.218441 2.631847 -1.557127 12
-0.193993 2.561456 -1.521260 12
-0.268036 2.375113 -1.355052 11
-0.163755 2.393856 -1.421825 11
-0.103325 2.362141 -1.431433 11
-0.059215 2.310457 -1.419024 11
-0.037478 2.229411 -1.375033 11
-0.004050 2.161696 -1.346351 11
0.103568 2.193196 -1.424163 11
0.197799 2.209922 -1.485026 11
0.201673 2.100458 -1.412809 11
0.258020 2.064259 -1.418049 11
0.314786 2.028865 -1.424172 6
0.354371 1.967015 -1.403420 6
0.385937 1.891074 -1.369010 6
0.429840 1.833243 -1.353504 6
0.493969 1.808425 -1.371154 6
0.520729 1.719518 -1.325804 6
0.368784 1.308275 -0.968094 10
0.397658 1.207528 -0.916190 10
0.428329 1.106545 -0.865231 10
0.490015 1.062453 -0.869273 10
0.532121 0.978695 -0.836303 10
0.571784 0.887102 -0.796907 10
0.609151 0.787265 -0.750897 10
0.656970 0.706671 -0.723567 10
0.700950 0.614576 -0.686615 10
0.740900 0.509382 -0.638878 10
0.790033 0.422143 -0.608278 10
0.830758 0.310199 -0.556778 10
0.865240 0.176581 -0.487595 10
0.897762 0.030623 -0.409302 10
0.934508 -0.111479 -0.336071 10
0.966200 -0.276454 -0.245051 10
0.961241 -0.563699 -0.052878 10
-1.159484 2.871664 -1.138446 12
-0.912371 2.986434 -1.347587 12
-1.032993 2.794225 -1.147924 12
-0.755575 2.944559 -1.398342 12
-0.683247 2.920070 -1.418217 12
-0.629158 2.879768 -1.417499 12
-0.486352 2.923783 -1.522862 12
-0.460705 2.858405 -1.489776 12
-0.418501 2.808388 -1.476308 12
-0.330802 2.804513 -1.519349 12
-0.312789 2.729572 -1.475828 12
-0.229946 2.722645 -1.514385 12
-0.185904 2.674738 -1.503794 12
-0.092643 2.682174 -1.558152 12
-0.019430 2.668864 -1.587465 12
0.015209 2.611031 -1.565256 12
0.009259 2.502654 -1.486241 12
0.099093 2.510790 -1.539697 12
0.050101 2.342767 -1.396316 11
0.116685 2.320632 -1.416467 11
0.150295 2.254723 -1.388600 11
0.229128 2.250431 -1.427945 11
0.258066 2.176631 -1.392302 11
0.335448 2.172192 -1.430979 11
0.382232 2.123411 -1.422521 6
0.431501 2.077909 -1.417784 6
0.475560 2.023666 -1.404288 11
0.522662 1.973490 -1.395363 2
0.521544 1.840997 -1.303507 6
0.511093 1.686667 -1.191625 6
0.399970 1.344841 -0.895744 10
0.447709 1.278248 -0.876336 10
0.494709 1.208650 -0.854579 10
0.536178 1.126376 -0.821204 10
0.592670 1.071870 -0.815281 10
0.611425 0.937546 -0.733947 10
0.667828 0.878322 -0.725001 10
0.718819 0.805746 -0.704048 10
0.745278 0.674364 -0.629404 10
0.792272 0.585625 -0.595457 10
0.828191 0.466059 -0.534434 10
0.877572 0.375180 -0.500640 10
0.906845 0.227129 -0.416776 10
0.946267 0.098822 -0.352205 10
0.985574 -0.036698 -0.282817 10
1.009982 -0.224213 -0.169851 10
1.029003 -0.440548 -0.034443 10
-0.938747 3.069509 -1.287752 12
-0.878534 3.031785 -1.291882 12
-0.694720 3.100012 -1.438742 12
-0.673349 3.031933 -1.400403 12
-0.618885 2.992360 -1.400451 12
-0.498025 3.014194 -1.480483 12
-0.439134 2.980890 -1.487637 12
-0.394175 2.934598 -1.478050 12
-0.323336 2.913845 -1.500861 12
-0.268297 2.878110 -1.504490 12
-0.139705 2.919623 -1.603383 12
-0.094190 2.876316 -1.596635 12
-0.040516 2.841842 -1.600729 12
0.009926 2.804017 -1.600765 12
0.068017 2.775164 -1.611468 12
0.094361 2.709110 -1.578416 12
0.119328 2.639952 -1.542491 12
0.174113 2.606576 -1.548446 12
0.243729 2.592600 -1.576427 12
0.168028 2.387881 -1.389174 11
0.219541 2.346841 -1.388171 11
0.317231 2.370133 -1.458339 11
0.323327 2.265591 -1.387468 6
0.406534 2.270970 -1.437149 6
0.404917 2.150343 -1.350819 6
0.453367 2.103009 -1.344161 6
0.516379 2.078492 -1.361808 11
0.573924 2.045748 -1.370707 11
0.519338 1.822970 -1.183202 2
0.400756 1.477300 -0.873479 10
0.451919 1.418731 -0.860933 10
0.502177 1.357380 -0.846034 10
0.533052 1.257644 -0.793388 10
0.587022 1.199722 -0.783211 10
0.633574 1.125558 -0.757570 10
0.664644 1.016599 -0.698908 10
0.721341 0.958730 -0.690655 10
0.762851 0.865527 -0.649177 10
0.786357 0.726792 -0.565746 10
0.836278 0.644609 -0.536999 10
0.866612 0.510566 -0.460989 10
0.913932 0.413456 -0.420589 10
0.938810 0.251867 -0.322504 10
0.989838 0.153668 -0.283734 10
1.017936 -0.015518 -0.182481 10
1.057237 -0.161490 -0.103981 10
1.084824 -0.353099 0.012874 10
-1.098496 3.135936 -1.143196 12
-1.042171 3.092654 -1.141182 12
-0.901007 3.118088 -1.236413 12
-0.853274 3.070012 -1.226369 12
-0.644479 3.158674 -1.405535 12
-0.629230 3.085696 -1.359527 12
-0.484892 3.126658 -1.468414 12
-0.437520 3.083111 -1.461908 12
-0.376403 3.052481 -1.472556 12
-0.274771 3.061616 -1.534846 12
-0.221591 3.025431 -1.537225 12
-0.150200 3.008044 -1.563544 12
-0.092622 2.977494 -1.572665 12
-0.034788 2.947751 -1.582606 12
-0.012895 2.879075 -1.544207 12
0.080980 2.890054 -1.604116 12
0.095736 2.812149 -1.555174 12
0.104982 2.725629 -1.496954 12
0.153349 2.684314 -1.493608 12
0.254053 2.708477 -1.567301 12
0.273385 2.631349 -1.521812 12
0.339260 2.613632 -1.545705 12
0.394570 2.582695 -1.554148 12
0.439756 2.538007 -1.547001 12
0.388941 2.355163 -1.385652 6
0.438832 2.312685 -1.382930 11
0.459567 2.225729 -1.331613 6
0.519186 2.196651 -1.344271 11
0.576597 2.164547 -1.353581 11
0.625961 2.119465 -1.349036 11
0.654351 2.038205 -1.306537 11
0.472222 1.585033 -0.875941 10
0.512859 1.509098 -0.844455 10
0.560840 1.444623 -0.825522 10
0.601918 1.365340 -0.792080 10
0.625513 1.248852 -0.721960 10
0.674052 1.178461 -0.699402 10
0.729021 1.119655 -0.688968 10
0.763196 1.014086 -0.633097 10
0.788489 0.883885 -0.554541 10
0.833781 0.794151 -0.516668 10
0.874000 0.688534 -0.464592 10
0.903708 0.551670 -0.384167 10
0.940525 0.426066 -0.316049 10
0.981609 0.305435 -0.254093 10
1.024223 0.182760 -0.191692 10
1.063362 0.043225 -0.115349 10
1.112469 -0.074185 -0.060759 10
1.138390 -0.271935 0.064594 10
-1.313578 3.082701 -0.872072 12
-1.097679 3.156756 -1.047984 12
-1.009929 3.137271 -1.081702 12
-0.947147 3.099308 -1.087590 12
-0.742311 3.178876 -1.261838 6
-0.697863 3.129581 -1.249098 2
-0.642673 3.089417 -1.249352 2
-0.546318 3.086183 -1.300630 12
-0.472626 3.064445 -1.325330 12
-0.376607 3.064831 -1.379324 12
-0.264939 3.082600 -1.455291 12
-0.150700 3.106104 -1.537106 12
-0.080256 3.088660 -1.563547 12
-0.042885 3.038035 -1.546490 12
0.001351 2.994195 -1.538478 12
0.070841 2.977852 -1.565443 12
0.103949 2.921804 -1.542138 12
0.138572 2.866614 -1.520412 12
0.178925 2.817367 -1.506461 12
0.249733 2.804704 -1.537238 12
0.333288 2.809437 -1.588339 12
0.342556 2.720944 -1.527623 12
0.395993 2.688048 -1.533638 12
0.457674 2.666631 -1.552992 12
0.481262 2.592896 -1.511685 12
0.539752 2.567226 -1.526203 12
0.472476 2.356395 -1.331033 11
0.537201 2.336173 -1.353339 11
0.582626 2.286794 -1.342984 11
0.632465 2.243821 -1.340005 11
0.677787 2.193018 -1.328699 11
0.718877 2.134150 -1.309059 11
0.744110 2.046018 -1.258678 11
0.574968 1.601945 -0.832597 10
0.616122 1.525907 -0.800584 10
0.640582 1.415299 -0.733442 10
0.688666 1.347191 -0.711504 10
0.739893 1.283682 -0.694885 10
0.764712 1.162339 -0.620336 10
0.803721 1.066624 -0.573057 10
0.849105 0.981513 -0.537418 10
0.875283 0.847833 -0.454904 10
0.912936 0.735351 -0.394819 10
0.944539 0.602101 -0.316033 10
0.983446 0.480948 -0.250546 10
1.004770 0.305345 -0.134858 10
1.063534 0.225380 -0.111537 10
1.108669 0.101773 -0.048286 10
1.150911 -0.037857 0.028292 10
1.196891 -0.174141 0.100074 10
1.206510 -0.441551 0.289266 10
-1.421194 3.116386 -0.719451 12
-1.330875 3.092002 -0.751657 12
-0.842965 3.370024 -1.245049 2
-0.744988 3.362731 -1.295064 2
-0.729849 3.291434 -1.248306 2
-0.625100 3.292179 -1.308565 2
-0.521134 3.294744 -1.369860 2
-0.486258 3.240170 -1.347539 2
-0.486344 3.154036 -1.280893 2
-0.447060 3.101477 -1.262795 6
-0.371292 3.082551 -1.291640 12
-0.291109 3.069188 -1.327379 12
-0.175104 3.092692 -1.412171 12
-0.038866 3.140177 -1.527127 12
0.032381 3.124967 -1.556516 12
0.073100 3.078561 -1.544405 12
0.140767 3.061282 -1.570276 12
0.163111 2.994258 -1.531868 12
0.257536 3.008920 -1.597834 12
0.285968 2.948244 -1.567951 12
0.347520 2.926679 -1.587268 12
0.345629 2.826600 -1.509790 12
0.370973 2.758093 -1.472335 12
0.434690 2.738624 -1.494718 12
0.494775 2.715253 -1.512075 12
0.514143 2.635753 -1.462965 12
0.526945 2.544376 -1.401045 12
0.557414 2.476008 -1.367046 11
0.598402 2.421844 -1.350082 11
0.650408 2.383957 -1.352022 11
0.681364 2.312039 -1.315831 11
0.718787 2.248756 -1.290070 11
0.772932 2.212508 -1.294729 11
0.809734 2.145642 -1.266036 11
0.835002 2.055838 -1.213241 11
0.641524 1.551328 -0.717394 10
0.687293 1.480916 -0.691588 10
0.738061 1.418505 -0.674879 10
0.763886 1.302882 -0.603260 10
0.807140 1.219399 -0.566354 10
0.846143 1.123435 -0.517594 10
0.886643 1.026900 -0.469388 10
0.901659 0.865619 -0.357286 10
0.937598 0.746921 -0.289861 10
0.971257 0.616416 -0.212287 10
1.008844 0.489325 -0.139741 10
1.046577 0.355710 -0.062485 10
1.098898 0.256431 -0.019905 10
1.149924 0.148307 0.029992 10
1.193751 0.011786 0.105434 10
1.233717 -0.145966 0.199022 10
1.271619 -0.321615 0.307154 10
-1.450187 3.119162 -0.583305 12
-1.349149 3.101096 -0.627783 12
-1.272801 3.066380 -0.644732 12
-0.753730 3.374618 -1.191898 6
-0.648032 3.374399 -1.253454 2
-0.542052 3.376894 -1.317387 2
-0.522683 3.309482 -1.275442 2
-0.473899 3.266103 -1.269772 2
-0.465207 3.187391 -1.212776 2
-0.432941 3.128180 -1.185056 2
-0.350176 3.115162 -1.223457 12
-0.267219 3.104004 -1.263499 12
-0.209424 3.069891 -1.270738 12
-0.012941 3.176040 -1.469992 12
0.033999 3.135412 -1.465835 12
0.098899 3.113863 -1.487314 12
0.108816 3.033266 -1.430057 12
0.209324 3.052072 -1.504342 12
0.294236 3.056107 -1.557884 12
0.267340 2.930061 -1.443423 12
0.324370 2.901304 -1.454899 12
0.350290 2.834173 -1.417970 12
0.398858 2.794557 -1.416055 12
0.470280 2.785093 -1.451334 12
0.540544 2.775676 -1.486017 12
0.583537 2.729705 -1.476005 12
0.577833 2.613089 -1.381958 12
0.592191 2.521526 -1.319469 11
0.663124 2.513053 -1.355530 11
0.697817 2.449360 -1.327018 11
0.735013 2.388084 -1.301948 11
0.764999 2.313273 -1.262106 11
0.809003 2.260192 -1.247618 11
0.858256 2.215373 -1.242760 11
0.888794 2.135763 -1.199729 11
0.919486 2.053623 -1.154900 11
0.725298 1.529741 -0.632388 10
0.770728 1.456366 -0.603422 10
0.808370 1.364457 -0.555486 10
0.849730 1.276930 -0.513270 10
0.896934 1.199052 -0.482133 10
0.912931 1.046218 -0.374250 10
0.949687 0.934803 -0.311045 10
0.961500 0.755924 -0.180706 10
0.987568 0.603153 -0.079284 10
1.028565 0.481582 -0.011111 10
1.079709 0.381788 0.033994 10
1.130602 0.276322 0.083528 10
1.195793 0.208675 0.095109 10
1.243869 0.084365 0.160680 10
1.286923 -0.064281 0.247947 10
1.327340 -0.232330 0.351640 10
1.092211 -1.415723 1.404817 9
1.169438 -1.520605 1.437000 9
1.296512 -1.430985 1.289013 9
-1.460300 3.135955 -0.466364 12
-1.277010 3.176463 -0.608725 2
-1.236317 3.115642 -0.583876 2
-0.702582 3.432870 -1.159844 6
-0.656426 3.385747 -1.149454 6
-0.542732 3.393297 -1.223744 2
-0.502220 3.342830 -1.207380 2
-0.464378 3.289767 -1.187375 2
-0.446444 3.218746 -1.140998 2
-0.405146 3.167361 -1.124532 2
-0.391171 3.090270 -1.071000 2
-0.257955 3.124944 -1.179191 12
-0.208295 3.082191 -1.174866 12
-0.163111 3.034960 -1.164300 12
0.014137 3.123837 -1.342725 12
0.074009 3.095418 -1.356223 12
0.127305 3.060506 -1.360592 12
0.220126 3.070161 -1.424626 12
0.328081 3.099985 -1.514018 12
0.320061 2.996427 -1.426459 12
0.366063 2.954905 -1.421326 12
0.410402 2.911128 -1.413433 12
0.488860 2.910913 -1.461111 12
0.542249 2.879690 -1.468843 12
0.600712 2.855717 -1.485497 12
0.585926 2.729910 -1.376391 12
0.619385 2.668410 -1.348002 12
0.660358 2.616611 -1.331979 12
0.715590 2.585719 -1.341361 12
0.738343 2.504034 -1.290531 11
0.776727 2.444944 -1.267290 11
0.802234 2.362911 -1.217986 11
0.860077 2.333801 -1.230599 11
0.903750 2.279927 -1.214912 11
0.920190 2.174851 -1.141926 11
0.960485 2.110507 -1.115973 11
0.995262 2.033454 -1.076611 11
0.825176 1.538278 -0.579825 10
0.845674 1.411142 -0.492148 10
0.884645 1.317923 -0.442796 10
0.917108 1.206209 -0.374860 10
0.941414 1.070187 -0.282730 10
0.974363 0.947838 -0.206839 10
0.980641 0.752213 -0.056597 10
1.008023 0.599433 0.046619 10
1.060539 0.505829 0.087422 10
1.115007 0.413373 0.126026 10
1.178401 0.342805 0.141729 10
1.228690 0.229314 0.199368 10
1.280871 0.115285 0.256166 10
1.336584 0.006237 0.306750 10
1.370591 -0.185986 0.436329 10
1.385803 -0.463019 0.644344 10
1.296543 -1.171476 1.257253 9
1.381353 -1.237744 1.255514 9
1.476513 -1.261605 1.213832 9
1.572209 -1.280635 1.167931 9
-1.247731 3.220525 -0.539469 2
-1.188210 3.173531 -0.537271 2
-0.704754 3.450265 -1.062388 6
-0.613905 3.437400 -1.107661 6
-0.547280 3.406877 -1.123543 6
-0.490633 3.368929 -1.127222 6
-0.413320 3.348970 -1.158464 2
-0.395227 3.278593 -1.111823 6
-0.368075 3.214916 -1.076317 12
-0.356539 3.135750 -1.018508 2
-0.276720 3.119449 -1.054481 12
-0.204879 3.096923 -1.080466 12
0.039427 3.248364 -1.355695 2
0.083017 3.203919 -1.346334 2
0.152339 3.186484 -1.375059 2
0.225232 3.174204 -1.410255 2
0.288212 3.152374 -1.431538 12
0.356636 3.137769 -1.462145 12
0.378943 3.070016 -1.420741 12
0.429295 3.034661 -1.423260 12
0.500060 3.024978 -1.459464 12
0.571134 3.017305 -1.497540 12
0.615860 2.976476 -1.492217 12
0.656709 2.930118 -1.480013 12
0.637754 2.799343 -1.361794 12
0.661970 2.725256 -1.316721 12
0.716342 2.693757 -1.325187 12
0.739860 2.615325 -1.276231 12
0.773953 2.551012 -1.245418 12
0.820951 2.505972 -1.238394 11
0.856371 2.440960 -1.207935 11
0.895054 2.379762 -1.182666 11
0.937981 2.324527 -1.164946 11
0.968082 2.244356 -1.118984 11
0.997904 2.160700 -1.070070 11
1.043309 2.104528 -1.053291 11
1.076793 2.022645 -1.008216 11
1.058792 1.828863 -0.840097 2
1.070497 1.688722 -0.734213 6
0.948805 1.238844 -0.293445 10
0.969620 1.093080 -0.188898 10
0.988662 0.934912 -0.073260 10
0.995703 0.737126 0.081944 10
1.038852 0.621911 0.147454 10
1.087393 0.515397 0.202449 10
1.140315 0.415882 0.248944 10
1.212021 0.367294 0.242315 10
1.268128 0.269417 0.285336 10
1.330021 0.185079 0.313683 10
1.378188 0.049665 0.391920 10
1.425438 -0.098477 0.480937 10
1.457796 -0.313811 0.633569 10
1.345907 -1.120142 1.354721 9
1.454701 -1.087500 1.258419 9
1.565958 -1.034968 1.144453 9
1.654651 -1.076847 1.120937 9
1.758415 -1.043266 1.026913 9
1.844631 -1.093304 1.011423 9
-1.360645 3.344337 -0.447334 2
-1.256968 3.326836 -0.497884 2
-1.131217 3.327202 -0.577407 2
-1.117762 3.247779 -0.519124 2
-1.012065 3.236691 -0.576460 2
-0.591499 3.473286 -1.040481 6
-0.551311 3.421213 -1.022146 6
-0.516073 3.364716 -0.997009 6
-0.423324 3.356312 -1.048576 2
-0.443828 3.251412 -0.947702 2
-0.351053 3.244502 -1.000611 12
-0.304611 3.197128 -0.990348 12
-0.265154 3.142992 -0.970040 12
-0.181569 3.131181 -1.013135 12
0.093605 3.312530 -1.339250 2
0.170019 3.302392 -1.379266 2
0.272707 3.321680 -1.460576 2
0.283808 3.244884 -1.403513 2
0.319795 3.193699 -1.383676 6
0.370777 3.159018 -1.387178 2
0.457487 3.166737 -1.448808 6
0.485802 3.106185 -1.416375 6
0.531222 3.065671 -1.411573 6
0.622022 3.083322 -1.484183 12
0.641287 3.009520 -1.435042 12
0.634155 2.897541 -1.337309 12
0.677073 2.851276 -1.326254 12
0.712016 2.792922 -1.300081 12
0.752503 2.741504 -1.283254 12
0.780095 2.669384 -1.241002 12
0.818820 2.612659 -1.218706 12
0.867907 2.571563 -1.216065 12
0.898256 2.498610 -1.174993 11
0.930280 2.426181 -1.135464 11
0.968735 2.362905 -1.107696 11
0.993659 2.272726 -1.048952 11
1.040828 2.221510 -1.036860 11
1.078231 2.149882 -1.001597 11
1.123753 2.092399 -0.983322 11
1.117166 1.922662 -0.838499 2
1.161093 1.854376 -0.810322 2
1.220181 1.818308 -0.818646 2
0.990796 1.098854 -0.074963 10
0.978522 0.860699 0.130004 10
1.003795 0.702903 0.244146 10
1.086214 0.687742 0.203261 10
1.118455 0.535633 0.308093 10
1.189761 0.486946 0.302039 10
1.246357 0.393156 0.342767 10
1.317974 0.341943 0.338505 10
1.368055 0.218504 0.407869 10
1.419688 0.092293 0.478465 10
1.470541 -0.045488 0.559074 10
1.516377 -0.212816 0.667300 10
1.502707 -0.634819 1.024532 9
1.562623 -0.785853 1.110011 9
1.628133 -0.924644 1.181678 9
1.750492 -0.801691 1.000144 9
1.841643 -0.817242 0.953249 9
1.917449 -0.913758 0.983139 9
1.997628 -0.992972 0.995838 9
-1.352807 3.374766 -0.350562 6
-1.202785 3.388420 -0.459239 2
-1.112782 3.363255 -0.495856 2
-1.022952 3.339526 -0.533622 2
-0.952251 3.302986 -0.548064 2
-0.578624 3.501896 -0.960253 6
-0.612600 3.390289 -0.842708 2
-0.511632 3.385514 -0.904026 2
-0.441199 3.357401 -0.925618 2
-0.502343 3.216333 -0.765342 12
-0.381403 3.232031 -0.857196 12
-0.284464 3.229262 -0.917724 12
-0.250342 3.169750 -0.889032 12
0.089278 3.405172 -1.310610 2
0.135783 3.364605 -1.306188 2
0.191114 3.333064 -1.315228 2
0.257853 3.314023 -1.342375 2
0.382120 3.358462 -1.461106 6
0.410981 3.301414 -1.431247 6
0.436235 3.239131 -1.394600 6
0.478836 3.195889 -1.385500 6
0.483591 3.106416 -1.312381 6
0.555891 3.098256 -1.352565 12
0.611092 3.069867 -1.364401 12
0.650745 3.021427 -1.349047 12
0.672732 2.948213 -1.301104 12
0.728017 2.919554 -1.312836 12
0.766772 2.867470 -1.293867 12
0.797539 2.802507 -1.258751 12
0.838432 2.751328 -1.241999 12
0.877653 2.696551 -1.221119 12
0.906559 2.623699 -1.178155 12
0.937720 2.552269 -1.137899 12
0.979439 2.496929 -1.118251 11
1.018069 2.434726 -1.090777 11
1.049646 2.357597 -1.046031 11
1.082475 2.280032 -1.001762 11
1.132970 2.234753 -0.996514 11
1.161628 2.143710 -0.938122 11
1.193237 2.054941 -0.883625 11
1.223477 1.959198 -0.822342 2
1.261621 1.877088 -0.777844 2
0.927990 0.903209 0.267330 10
0.975996 0.803062 0.320560 10
1.035413 0.727698 0.345235 10
1.093047 0.644766 0.377466 10
1.160119 0.584791 0.383987 10
1.211437 0.477069 0.441316 10
1.283927 0.428105 0.434867 10
1.350173 0.358397 0.450075 10
1.404079 0.244449 0.510861 10
1.461149 0.134273 0.566326 10
1.517329 0.013521 0.631297 10
1.566185 -0.144579 0.732688 10
1.595138 -0.398160 0.928025 10
1.643096 -0.593863 1.061752 9
1.735953 -0.600358 1.005586 9
1.802546 -0.732214 1.072858 9
1.892691 -0.752246 1.029868 9
1.987120 -0.745067 0.960978 9
2.052335 -0.909230 1.056372 9
2.139844 -0.946761 1.029816 9
-1.292519 3.440497 -0.317725 6
-1.243306 3.384838 -0.301715 6
-1.133400 3.371925 -0.363361 2
-0.997119 3.380538 -0.461343 2
-0.944412 3.330173 -0.452331 2
-0.913999 3.262688 -0.413580 2
-0.891933 3.187630 -0.362689 2
-0.703208 3.246923 -0.539832 12
-0.505619 3.319953 -0.734873 12
-0.470674 3.259778 -0.705583 12
-0.362144 3.264067 -0.781474 12
-0.245665 3.278515 -0.871530 12
0.027665 3.443501 -1.197221 2
0.061433 3.389360 -1.172475 2
0.116581 3.355701 -1.179827 2
0.270296 3.423093 -1.340884 6
0.342333 3.410935 -1.378249 6
0.361844 3.343580 -1.332553 6
0.427805 3.326199 -1.361349 6
0.485925 3.301080 -1.378195 6
0.501092 3.226136 -1.323038 6
0.543901 3.182505 -1.313587 6
0.511011 3.044049 -1.171120 6
0.645173 3.114280 -1.321740 12
0.692277 3.075781 -1.319664 12
0.724485 3.016865 -1.289896 12
0.764215 2.967155 -1.273173 12
0.810454 2.926060 -1.268305 12
0.837412 2.855863 -1.225261 12
0.868845 2.790409 -1.189347 12
0.915199 2.746806 -1.182419 12
0.940676 2.668450 -1.131336 12
0.980995 2.612460 -1.109635 12
1.017957 2.549257 -1.079434 11
1.052138 2.479164 -1.041400 11
1.082516 2.399596 -0.992603 11
1.126611 2.343525 -0.973419 11
1.164708 2.273976 -0.938527 11
1.192645 2.180858 -0.876372 11
1.230160 2.104115 -0.834873 11
1.268134 2.025293 -0.791892 11
1.298152 1.924684 -0.724676 2
1.031273 1.103470 0.167282 10
0.986461 0.775861 0.481727 10
1.065728 0.748453 0.452299 10
1.120322 0.655220 0.496544 10
1.177657 0.565300 0.536054 10
1.263506 0.555599 0.486776 10
1.324706 0.472386 0.517828 10
1.385214 0.382878 0.554785 10
1.452274 0.310869 0.572133 10
1.505245 0.185112 0.645564 10
1.564822 0.075153 0.700824 10
1.617611 -0.069627 0.790832 10
1.655882 -0.287779 0.954228 10
1.730949 -0.363084 0.968936 9
1.802452 -0.459821 1.004607 9
1.894710 -0.458845 0.941538 9
1.968556 -0.552241 0.972687 9
2.065192 -0.520553 0.879992 9
2.095799 -0.895366 1.184247 9
-1.213298 3.430137 -0.231182 6
-1.105863 3.414982 -0.290844 6
-0.992683 3.406236 -0.360134 2
-0.921370 3.368961 -0.375494 2
-0.992539 3.223574 -0.197483 2
-0.899020 3.202275 -0.242214 12
-0.563315 3.378901 -0.628264 12
-0.524541 3.321322 -0.603393 12
-0.342107 3.386349 -0.785619 12
-0.332462 3.305434 -0.720125 12
-0.256968 3.282249 -0.750924 12
-0.155894 3.284261 -0.821601 12
0.068958 3.407970 -1.085018 2
0.196422 3.445093 -1.204958 2
0.232138 3.393410 -1.183289 2
0.334880 3.411263 -1.269229 6
0.418337 3.411711 -1.326530 6
0.461525 3.369794 -1.318667 6
0.504101 3.326963 -1.309575 6
0.544955 3.281823 -1.297260 6
0.532571 3.171768 -1.190862 6
0.554721 3.100451 -1.142500 12
0.653658 3.125801 -1.232554 12
0.677557 3.055660 -1.186442 12
0.783251 3.095117 -1.293669 12
0.799397 3.013339 -1.231922 12
0.845224 2.971766 -1.226207 12
0.888254 2.925671 -1.214565 12
0.915561 2.854652 -1.170023 12
0.957630 2.804887 -1.154471 12
0.997008 2.749776 -1.132331 12
1.021568 2.668173 -1.076513 12
1.051296 2.592550 -1.029548 12
1.086840 2.524759 -0.993526 11
1.127890 2.465086 -0.968490 11
1.157347 2.381134 -0.913948 11
1.194989 2.310195 -0.876576 11
1.247108 2.266915 -0.873695 11
1.260719 2.139537 -0.769725 11
1.296272 2.054508 -0.718412 11
1.304169 1.900937 -0.587256 2
0.948675 0.854345 0.586297 10
1.005071 0.767637 0.624839 10
1.093737 0.762366 0.568909 10
1.142823 0.651478 0.633934 10
1.223863 0.626271 0.600928 10
1.300438 0.589192 0.581523 10
1.366552 0.519625 0.598147 10
1.421818 0.411477 0.656481 10
1.488865 0.337306 0.676544 10
1.549650 0.236751 0.724339 10
1.604255 0.105810 0.803365 10
1.658025 -0.038911 0.895204 10
1.728565 -0.123918 0.922481 9
1.813312 -0.149534 0.887237 9
1.852872 -0.393837 1.077291 9
1.933886 -0.450393 1.072087 9
2.044851 -0.341531 0.899349 9
2.128533 -0.374398 0.871249 9
2.182716 -0.600155 1.034776 9
2.225251 -0.944061 1.311278 9
-0.999957 3.423911 -0.241382 2
-1.346277 3.077495 0.315448 12
-1.064609 3.190571 0.015862 12
-0.810392 3.292221 -0.254151 12
-0.522877 3.429832 -0.580110 12
-0.414940 3.429708 -0.655401 12
-0.327535 3.414856 -0.702955 12
-0.284065 3.363285 -0.686430 12
-0.164161 3.380452 -0.785785 12
-0.115340 3.335172 -0.778706 12
-0.051249 3.304458 -0.795532 12
0.127464 3.387505 -0.995847 2
0.178763 3.348725 -0.996393 2
0.336836 3.421640 -1.173072 6
0.416090 3.416543 -1.223763 6
0.493766 3.411741 -1.273615 6
0.482457 3.307486 -1.170879 2
0.484643 3.215112 -1.088366 6
0.544470 3.189236 -1.106574 6
0.585792 3.141081 -1.091593 12
0.647326 3.118298 -1.113796 12
0.687364 3.067998 -1.095956 12
0.768703 3.073309 -1.157532 12
0.833708 3.058305 -1.189220 12
0.880495 3.018210 -1.185361 12
0.910052 2.952038 -1.145747 12
0.948740 2.898041 -1.123577 12
0.988109 2.843947 -1.101788 12
1.023265 2.781683 -1.069619 12
1.065891 2.730372 -1.052624 12
1.093701 2.651836 -1.000512 12
1.122272 2.571700 -0.947468 12
1.174658 2.533419 -0.949123 11
1.193969 2.430184 -0.868585 11
1.233496 2.362995 -0.834949 11
1.260690 2.267481 -0.766922 11
1.298615 2.190826 -0.723538 11
1.321623 2.077125 -0.636024 11
0.890015 0.885036 0.750179 10
0.975396 0.867849 0.706372 10
1.051860 0.830109 0.687500 10
1.111109 0.746969 0.721971 10
1.196044 0.731753 0.676701 10
1.264783 0.671911 0.683358 10
1.336558 0.619630 0.681023 10
1.399513 0.538162 0.711419 10
1.463102 0.454771 0.743132 10
1.532623 0.387854 0.755718 10
1.590541 0.274999 0.818231 10
1.646520 0.146357 0.896482 10
1.705326 0.019033 0.971571 10
1.796747 0.024687 0.902844 9
1.846152 -0.160931 1.037593 9
1.948867 -0.099354 0.910080 9
2.037904 -0.096716 0.845779 9
2.113025 -0.168393 0.858867 9
2.193249 -0.213793 0.844474 9
2.242237 -0.473925 1.047439 9
-1.382764 3.075419 0.488939 12
-1.220341 3.095630 0.353780 12
-0.701529 3.397395 -0.297875 12
-0.460049 3.498644 -0.564807 12
-0.394010 3.464348 -0.580290 12
-0.328489 3.430383 -0.595693 12
-0.230222 3.425788 -0.661784 12
-0.149619 3.407775 -0.702758 12
-0.085499 3.376118 -0.719249 12
-0.037121 3.330218 -0.711232 12
0.046190 3.318525 -0.759963 12
0.210015 3.390185 -0.943701 2
0.290436 3.381825 -0.993430 2
0.402867 3.409779 -1.099776 6
0.450343 3.370072 -1.096789 2
0.519831 3.355405 -1.132796 2
0.439630 3.166634 -0.899961 12
0.492352 3.129367 -0.902944 12
0.567201 3.119837 -0.947510 12
0.656323 3.130503 -1.021037 12
0.706802 3.093080 -1.022226 12
0.779104 3.085512 -1.066754 12
0.853066 3.082199 -1.116410 12
0.920940 3.072193 -1.155480 12
0.951637 3.008064 -1.117641 12
0.985180 2.946490 -1.084196 12
1.021495 2.887645 -1.055250 12
1.059608 2.830221 -1.028895 12
1.105901 2.785316 -1.020009 12
1.120360 2.683348 -0.935283 12
1.166579 2.634939 -0.923048 12
1.194561 2.550959 -0.864674 12
1.241496 2.500744 -0.851233 11
1.257240 2.385742 -0.755209 11
1.300738 2.323499 -0.728079 11
1.330391 2.228714 -0.660754 11
1.362096 2.133922 -0.594862 11
1.389010 2.022929 -0.510442 11
1.007165 0.892983 0.814541 10
1.083370 0.853176 0.797620 10
1.134729 0.746739 0.860504 10
1.223375 0.739607 0.804317 10
1.300130 0.700761 0.786174 10
1.367913 0.634533 0.799962 10
1.427827 0.540389 0.845399 10
1.496047 0.469105 0.863641 10
1.568335 0.409181 0.868420 10
1.624567 0.286382 0.943277 9
1.695647 0.213454 0.961096 9
1.780798 0.196268 0.916945 9
1.839178 0.061130 1.001870 9
1.929070 0.064856 0.934887 9
2.002285 -0.011362 0.954359 9
2.074677 -0.097877 0.984052 9
2.178121 -0.006270 0.825499 9
2.244226 -0.135313 0.899391 9
2.300010 -0.355121 1.065360 9
-1.091223 3.216137 0.291345 2
-0.651570 3.456396 -0.259183 12
-0.557248 3.439962 -0.312926 12
-0.402676 3.474898 -0.459541 12
-0.286318 3.482648 -0.552314 12
-0.222047 3.448440 -0.567063 12
-0.144242 3.427074 -0.603889 12
-0.047547 3.424594 -0.672451 12
0.030431 3.406895 -0.712825 12
0.090405 3.373171 -0.724771 12
0.130789 3.320285 -0.704148 12
0.269822 3.369266 -0.852461 2
0.326510 3.335695 -0.862064 2
0.470520 3.398891 -1.027468 2
0.420011 3.247389 -0.846540 12
0.471360 3.208305 -0.846917 12
0.526904 3.174366 -0.855226 12
0.591187 3.151688 -0.880603 12
0.659183 3.134840 -0.914210 12
0.710005 3.096647 -0.914945 12
0.764986 3.064160 -0.924117 12
0.854552 3.080838 -1.005295 12
0.927387 3.076680 -1.054409 12
1.003697 3.079897 -1.113053 12
1.027320 3.003823 -1.057755 12
1.053037 2.928381 -1.004558 12
1.098097 2.882355 -0.993448 12
1.134091 2.820023 -0.960173 12
1.157739 2.733824 -0.895135 12
1.201443 2.680950 -0.876429 12
1.225286 2.588873 -0.805873 12
1.252482 2.499234 -0.740048 11
1.292226 2.431284 -0.704000 11
1.330550 2.357804 -0.661614 11
1.353972 2.248284 -0.573991 11
1.384659 2.149558 -0.501907 11
1.420705 2.058499 -0.440998 11
1.033380 0.903522 0.942668 10
1.104900 0.849395 0.942701 10
1.176815 0.795438 0.942323 10
1.243568 0.725802 0.960698 10
1.330326 0.713372 0.909980 10
1.401691 0.655688 0.913673 10
1.473935 0.599296 0.915533 10
1.537082 0.509840 0.955608 10
1.599693 0.413131 1.003044 10
1.693303 0.429640 0.919897 9
1.755840 0.325916 0.974172 9
1.827833 0.255247 0.990058 9
1.891652 0.142640 1.051988 9
1.988590 0.183664 0.943141 9
2.072380 0.166582 0.899383 9
2.152608 0.132319 0.874662 9
2.231188 0.088275 0.860525 9
2.293729 -0.065701 0.963162 9
2.352205 -0.273101 1.119900 9
-1.306627 3.280822 0.537013 2
-1.135869 3.304637 0.385184 2
-1.039780 3.277967 0.338460 2
-0.712840 3.430033 -0.054888 12
-0.534400 3.477495 -0.235208 12
-0.371006 3.518745 -0.398147 12
-0.307708 3.481534 -0.409799 12
-0.185161 3.496180 -0.516171 12
-0.122522 3.461203 -0.529408 12
0.000236 3.482082 -0.641894 12
0.083060 3.469211 -0.691636 12
0.135482 3.428596 -0.691614 12
0.193439 3.393706 -0.701259 12
0.251894 3.359822 -0.712215 12
0.320102 3.336877 -0.741063 12
0.372353 3.297553 -0.742010 12
0.398744 3.229026 -0.695186 12
0.479825 3.222771 -0.749770 12
0.545046 3.199567 -0.775975 12
0.616386 3.185062 -0.815176 12
0.672108 3.152117 -0.824731 12
0.698643 3.080897 -0.775204 12
0.771310 3.070689 -0.819464 12
0.852909 3.074964 -0.884453 12
0.927300 3.071520 -0.936513 12
1.003448 3.072983 -0.994626 12
1.062744 3.050757 -1.017065 12
1.106766 3.004851 -1.005011 12
1.138497 2.937729 -0.963085 12
1.181745 2.888243 -0.946890 12
1.201767 2.796228 -0.871898 12
1.239353 2.732607 -0.837625 12
1.274143 2.661517 -0.793945 12
1.292963 2.555908 -0.704670 12
1.323432 2.468988 -0.642243 11
1.359717 2.390534 -0.592356 11
1.396329 2.309365 -0.540015 11
1.416452 2.186093 -0.434272 11
1.443744 2.072830 -0.343572 11
1.045384 0.877100 1.120394 10
1.154289 0.917688 1.000448 10
1.222119 0.852689 1.014174 10
1.302831 0.822860 0.984034 10
1.358169 0.717488 1.046594 10
1.436014 0.677345 1.028769 10
1.494112 0.571405 1.089964 10
1.577379 0.547191 1.052657 10
1.659750 0.521577 1.017431 9
1.730020 0.450085 1.036098 9
1.807304 0.404046 1.024729 9
1.892140 0.390770 0.975761 9
1.970004 0.347884 0.960981 9
2.053019 0.330562 0.917417 9
2.141137 0.344303 0.839710 9
2.208223 0.241724 0.891513 9
2.273720 0.117239 0.966023 9
2.340094 -0.017870 1.050376 9
2.401703 -0.210668 1.194870 9
-1.102013 3.353811 0.459202 2
-0.972615 3.351316 0.361545 2
-0.462025 3.642289 -0.320140 13
-0.341938 3.648316 -0.418885 13
-0.244210 3.639633 -0.485786 13
-0.258886 3.539566 -0.375617 13
-0.153312 3.539592 -0.457071 12
-0.038072 3.551085 -0.557261 13
-0.022517 3.475010 -0.493964 12
0.082713 3.481483 -0.581373 12
0.141101 3.445631 -0.590767 12
0.201261 3.412042 -0.603716 12
0.284668 3.403059 -0.658875 12
0.342054 3.368484 -0.668613 12
0.402489 3.337728 -0.684431 12
0.461724 3.306298 -0.698609 12
0.513558 3.266841 -0.699092 12
0.569785 3.232761 -0.708233 12
0.632955 3.207720 -0.731625 12
0.673436 3.154518 -0.709602 12
0.738243 3.132665 -0.737318 2
0.794878 3.100771 -0.748748 12
0.873570 3.100519 -0.808480 12
0.933794 3.075825 -0.829722 12
1.017387 3.087303 -0.904785 12
1.083021 3.074043 -0.941455 12
1.140512 3.049213 -0.960338 12
1.175534 2.987552 -0.925330 12
1.200928 2.907322 -0.864418 12
1.224929 2.821324 -0.796635 12
1.272327 2.775135 -0.786326 12
1.298090 2.686356 -0.716999 12
1.333939 2.613692 -0.671370 12
1.363125 2.524233 -0.603847 11
1.387366 2.419748 -0.517496 11
1.415874 2.319245 -0.438299 11
1.446723 2.218821 -0.360890 11
1.463037 2.077296 -0.231298 11
1.355925 1.611273 0.316455 6
1.168857 0.893163 1.177117 10
1.260812 0.891332 1.109995 10
1.312290 0.775083 1.188085 10
1.409866 0.793148 1.096925 9
1.483058 0.738758 1.096809 9
1.570798 0.732496 1.037564 9
1.644370 0.679309 1.036093 9
1.714324 0.610953 1.052628 9
1.787517 0.552228 1.057140 9
1.867058 0.518242 1.032135 9
1.943502 0.470838 1.022988 9
2.036451 0.502744 0.921919 9
2.116865 0.479358 0.885813 9
2.188101 0.406188 0.906644 9
2.254989 0.300045 0.963927 9
2.316231 0.143134 1.076524 9
2.389324 0.049431 1.116845 9
2.449677 -0.161261 1.284353 9
-0.555602 3.766916 -0.238863 13
-0.424058 3.776977 -0.353392 13
-0.242163 3.828857 -0.549880 13
-0.169550 3.801869 -0.580246 13
-0.127675 3.751366 -0.562501 13
-0.059254 3.722561 -0.587590 13
-0.024743 3.665785 -0.557561 13
-0.000174 3.599483 -0.509991 13
0.025029 3.532399 -0.462067 12
0.080726 3.492518 -0.465655 13
0.164509 3.480110 -0.519129 12
0.227766 3.449221 -0.537652 12
0.318204 3.447102 -0.606664 12
0.364445 3.400638 -0.595882 12
0.425773 3.370426 -0.613384 12
0.489462 3.343624 -0.636141 12
0.548878 3.312770 -0.651365 12
0.578039 3.246136 -0.606442 12
0.636910 3.214729 -0.620554 12
0.734264 3.233300 -0.715577 2
0.787596 3.197363 -0.720621 2
0.853294 3.178561 -0.752722 12
0.911505 3.150481 -0.769460 2
1.006478 3.176872 -0.870354 2
1.055695 3.138383 -0.869346 2
1.091452 3.078671 -0.836138 12
1.157517 3.066435 -0.874924 12
1.200836 3.017706 -0.858693 12
1.250846 2.979654 -0.858510 12
1.266680 2.879755 -0.768514 12
1.290423 2.789792 -0.694749 12
1.318757 2.704572 -0.629328 12
1.363116 2.647806 -0.605367 12
1.378661 2.528916 -0.495447 11
1.426931 2.474660 -0.476946 11
1.443706 2.347289 -0.359143 11
1.473321 2.242525 -0.274342 11
1.476107 2.065444 -0.094637 11
1.125033 0.962133 1.307693 9
1.206947 0.930078 1.277955 9
1.293099 0.911210 1.231509 9
1.382586 0.904697 1.169897 9
1.449456 0.831410 1.194296 9
1.530860 0.802559 1.161994 9
1.627056 0.826302 1.064400 9
1.700045 0.772618 1.064224 9
1.785285 0.764780 1.007630 9
1.878016 0.791707 0.909639 9
1.934525 0.668595 0.993710 9
2.023201 0.684343 0.910469 9
2.099723 0.646878 0.891329 9
2.164069 0.543459 0.949435 9
2.234694 0.465727 0.976415 9
2.299891 0.345946 1.050920 9
2.364360 0.204855 1.148032 9
2.435097 0.090003 1.213467 9
-0.421503 3.883880 -0.332689 13
-0.230046 3.939203 -0.545398 13
-0.187970 3.889151 -0.528197 13
-0.138982 3.844194 -0.521778 13
-0.070473 3.814884 -0.547250 13
-0.016211 3.774866 -0.550048 13
0.031998 3.730018 -0.542882 13
0.085856 3.690109 -0.545315 13
0.095189 3.610177 -0.470294 13
0.127939 3.549830 -0.434378 13
0.186344 3.513181 -0.443629 13
0.255686 3.487883 -0.473383 12
0.310744 3.449105 -0.477575 12
0.372271 3.417455 -0.494294 12
0.442836 3.396394 -0.529198 12
0.506727 3.369172 -0.552264 12
0.565730 3.337193 -0.566385 12
0.661710 3.350279 -0.656961 2
0.732821 3.336006 -0.699061 2
0.750247 3.254527 -0.628127 12
0.796492 3.208427 -0.617031 2
0.908361 3.251803 -0.751579 2
1.010518 3.287009 -0.869782 2
1.053871 3.241023 -0.856279 2
1.093369 3.188525 -0.832835 2
1.136193 3.140102 -0.816224 2
1.192565 3.112826 -0.832418 2
1.227758 3.050481 -0.795042 12
1.253981 2.970485 -0.732004 12
1.297537 2.918559 -0.712017 12
1.339169 2.861756 -0.685324 12
1.354579 2.752048 -0.582373 12
1.384080 2.665059 -0.514295 12
1.425084 2.598207 -0.476336 12
1.439687 2.470697 -0.353832 11
1.473426 2.379275 -0.284197 11
1.484901 2.229797 -0.135988 11
1.481737 2.033682 0.072819 11
1.184108 1.054147 1.336311 9
1.250318 0.980734 1.361960 9
1.341141 0.975047 1.297199 9
1.416395 0.926347 1.289977 9
1.496675 0.892983 1.262786 9
1.603476 0.949070 1.120805 9
1.682803 0.919366 1.090696 9
1.749534 0.843997 1.118611 9
1.852598 0.907988 0.971484 9
1.927770 0.867887 0.955857 9
1.995739 0.795200 0.980285 9
2.070459 0.750017 0.970570 9
2.133687 0.644182 1.033855 9
2.207012 0.583683 1.041593 9
2.276817 0.497672 1.079089 9
2.346279 0.400057 1.129216 9
2.414371 0.279839 1.204388 9
-0.373552 4.099628 -0.464629 13
-0.328600 4.051022 -0.451413 13
-0.208635 4.054680 -0.555572 13
-0.179450 3.996245 -0.518698 13
-0.100108 3.974322 -0.561919 13
-0.031145 3.945980 -0.589654 13
-0.006266 3.883753 -0.544942 13
0.051043 3.846946 -0.553891 13
0.075777 3.783104 -0.507183 13
0.124441 3.738877 -0.500951 13
0.161777 3.684447 -0.474460 13
0.195289 3.625787 -0.440242 13
0.210847 3.548938 -0.371833 13
0.273257 3.516364 -0.388950 13
0.329076 3.477782 -0.394166 13
0.410076 3.466098 -0.448594 12
0.450316 3.412019 -0.424345 12
0.513077 3.382520 -0.444655 12
0.581341 3.360245 -0.477080 12
0.631848 3.317916 -0.473498 12
0.753989 3.364410 -0.623165 2
0.821123 3.346185 -0.658715 2
0.880391 3.318946 -0.678131 2
0.944235 3.298759 -0.708727 2
1.023729 3.302013 -0.777045 2
1.093211 3.293413 -0.824451 2
1.148719 3.265556 -0.839803 2
1.186661 3.210632 -0.811826 2
1.227441 3.158940 -0.789530 2
1.265029 3.100661 -0.757504 2
1.312480 3.057971 -0.750096 12
1.322232 2.946064 -0.637858 12
1.352792 2.867560 -0.578194 12
1.390423 2.799557 -0.535424 12
1.409006 2.689986 -0.432553 12
1.445122 2.611637 -0.377263 12
1.459349 2.481156 -0.248218 11
1.484095 2.366849 -0.144921 11
1.489538 2.199029 0.031555 11
1.165904 1.188683 1.379006 9
1.238850 1.135315 1.378446 9
1.312520 1.083116 1.376168 9
1.418873 1.125079 1.246406 9
1.490711 1.070397 1.248500 9
1.568245 1.032735 1.227816 9
1.677765 1.104091 1.064148 9
1.752461 1.063421 1.049191 9
1.838194 1.064643 0.980348 9
1.914001 1.030823 0.957336 9
1.980369 0.956919 0.985226 9
2.035690 0.827029 1.082494 9
2.109454 0.774821 1.081334 9
2.175835 0.680849 1.131290 9
2.244807 0.592286 1.173485 9
2.314494 0.498830 1.220543 9
2.387113 0.414494 1.255558 9
-0.408269 4.178784 -0.387090 13
-0.303627 4.168347 -0.465947 13
-0.231213 4.138879 -0.496690 13
-0.153098 4.114527 -0.537694 13
-0.090994 4.080199 -0.554188 13
-0.031708 4.044541 -0.566742 13
0.000320 3.988721 -0.534240 13
0.037681 3.936372 -0.509925 13
0.065874 3.876058 -0.469119 13
0.120471 3.836899 -0.473502 13
0.124082 3.753843 -0.387043 13
0.188518 3.722750 -0.408297 3
0.238695 3.679335 -0.404021 3
0.257826 3.606286 -0.341256 13
0.327302 3.580994 -0.372750 13
0.353045 3.512340 -0.320137 13
0.398888 3.463167 -0.305546 12
0.453892 3.423563 -0.308971 12
0.543266 3.422792 -0.383472 12
0.560701 3.341293 -0.309488 12
0.645581 3.338045 -0.377305 12
0.727111 3.333246 -0.440517 12
0.831186 3.359826 -0.556753 2
0.893200 3.335190 -0.581765 2
0.980082 3.345679 -0.665845 6
1.051549 3.337695 -0.716759 6
1.104403 3.304425 -0.724388 6
1.170092 3.290963 -0.764299 2
1.245066 3.293826 -0.829724 2
1.274716 3.225351 -0.779196 2
1.280215 3.113373 -0.660815 2
1.333790 3.080282 -0.668757 12
1.360350 2.997934 -0.600148 12
1.387737 2.913445 -0.529768 12
1.411531 2.817903 -0.444167 12
1.436646 2.720157 -0.357122 12
1.462208 2.618170 -0.265667 12
1.479728 2.492526 -0.141434 11
1.487247 2.335673 0.025513 11
1.481346 2.135242 0.251632 11
1.239288 1.316970 1.352703 9
1.287430 1.200357 1.442470 9
1.397065 1.249097 1.299625 9
1.508837 1.313545 1.137807 9
1.562418 1.208757 1.210488 9
1.633348 1.153794 1.214129 9
1.723654 1.164238 1.129837 9
1.821317 1.207667 1.003210 9
1.876837 1.097584 1.080723 9
1.955156 1.072586 1.045744 9
2.024261 1.008693 1.061413 9
2.071809 0.838801 1.212051 9
2.151144 0.810868 1.179917 9
2.219681 0.724880 1.220967 9
2.288443 0.631614 1.270059 9
2.361914 0.558579 1.293082 9
-1.411121 6.001345 -1.286127 5
-0.979104 5.996412 -1.671169 5
-0.430675 4.266705 -0.327810 13
-0.287210 4.278422 -0.467339 13
-0.210533 4.251509 -0.505723 13
-0.094014 4.252372 -0.609414 13
-0.052869 4.204789 -0.593695 13
-0.019026 4.151858 -0.565593 13
0.038873 4.115998 -0.577209 13
0.071391 4.061518 -0.546020 13
0.091366 3.996543 -0.492203 13
0.130311 3.945518 -0.470214 13
0.111733 3.846006 -0.344449 3
0.180442 3.818131 -0.373738 13
0.251906 3.793829 -0.409255 3
0.266661 3.718621 -0.339034 13
0.328527 3.686136 -0.356921 13
0.377599 3.641821 -0.350481 13
0.430975 3.601806 -0.352425 13
0.409432 3.483358 -0.202333 12
0.458679 3.436613 -0.192998 12
0.535086 3.420087 -0.240603 12
0.633254 3.430575 -0.336923 12
0.680707 3.383879 -0.325743 12
0.728210 3.336873 -0.314144 12
0.852945 3.388481 -0.478818 2
0.924115 3.375444 -0.525231 2
1.026915 3.407688 -0.649243 6
1.096283 3.397407 -0.696975 6
1.155938 3.374755 -0.722452 6
1.184572 3.305752 -0.669425 6
1.253444 3.298028 -0.719276 2
1.283902 3.229340 -0.667935 2
1.308264 3.147739 -0.596804 2
1.334148 3.065274 -0.525878 12
1.377301 3.010901 -0.501050 12
1.409647 2.934357 -0.442019 12
1.440757 2.852008 -0.375288 12
1.457979 2.736954 -0.259879 12
1.476265 2.617439 -0.140206 12
1.493497 2.488259 -0.008610 11
1.492134 2.306949 0.197573 11
1.523991 2.194273 0.298554 11
1.306805 1.431526 1.342657 9
1.400431 1.439752 1.255697 9
1.460639 1.358154 1.298365 9
1.367054 0.812519 1.994477 9
1.631972 1.342656 1.174587 9
1.699710 1.280966 1.188907 9
1.783040 1.271728 1.131007 9
1.852730 1.215289 1.138059 9
1.911829 1.114561 1.204262 9
2.000664 1.131673 1.112359 9
2.055669 1.003027 1.213948 9
2.128442 0.947494 1.218060 9
2.190722 0.833778 1.297055 9
2.260194 0.748140 1.338417 9
-1.388427 6.097423 -1.280762 5
-0.875027 6.092057 -1.751994 5
-0.895409 6.042236 -1.681107 5
-0.913641 5.991591 -1.611245 5
-0.382191 4.468688 -0.457904 13
-0.338173 4.420977 -0.445130 13
-0.269193 4.388021 -0.471259 13
-0.198106 4.357379 -0.501740 13
-0.161175 4.306221 -0.478320 13
-0.033186 4.314461 -0.603360 13
-0.015725 4.251430 -0.548839 13
0.025225 4.203631 -0.532421 13
0.075706 4.162548 -0.531985 13
0.076156 4.084131 -0.444534 13
0.124276 4.040410 -0.438763 13
0.188457 4.009641 -0.461843 13
0.160377 3.903233 -0.316934 3
0.220941 3.868638 -0.332208 3
0.286045 3.838740 -0.356712 3
0.327178 3.787832 -0.335943 3
0.380955 3.748407 -0.339310 3
0.385495 3.661046 -0.244416 4
0.430925 3.612074 -0.229276 4
0.456540 3.541991 -0.172449 13
0.472775 3.459931 -0.093563 12
0.543317 3.435968 -0.128710 12
0.662127 3.469186 -0.271507 12
0.693192 3.402622 -0.222981 12
0.727009 3.337718 -0.178642 12
0.791491 3.310473 -0.204167 12
0.933199 3.386718 -0.415734 2
1.001883 3.370936 -0.457805 2
1.118749 3.425439 -0.622455 6
1.163274 3.379930 -0.609073 6
1.200516 3.322629 -0.575678 6
1.255594 3.292097 -0.588446 2
1.321122 3.279235 -0.630497 2
1.273122 3.073832 -0.352313 12
1.350957 3.078931 -0.425459 12
1.409182 3.051100 -0.443564 12
1.437390 2.966154 -0.369744 12
1.460916 2.867718 -0.276183 12
1.475419 2.745101 -0.146789 12
1.488694 2.612279 -0.004402 12
1.479019 2.418613 0.228190 11
1.203718 1.578154 1.436917 9
1.274915 1.526191 1.436672 9
1.353598 1.493076 1.408374 9
1.424928 1.440888 1.408618 9
1.509735 1.426667 1.353533 9
1.600957 1.434988 1.267004 9
1.654540 1.328243 1.346146 9
1.738566 1.317137 1.288604 9
1.820048 1.300485 1.239820 9
1.903609 1.294734 1.176769 9
1.961571 1.189242 1.251461 9
2.032182 1.129524 1.262435 9
2.102734 1.066411 1.277587 9
2.165684 0.961094 1.348445 9
2.234797 0.878119 1.388308 9
-1.402092 6.138070 -1.182821 5
-0.790396 6.136078 -1.764874 5
-0.819917 6.086436 -1.684132 5
-0.748203 6.046352 -1.710045 5
-0.615211 6.014640 -1.803219 5
-0.554819 5.975991 -1.819618 5
-0.498463 5.937606 -1.832335 5
-0.468487 4.521795 -0.301033 13
-0.394269 4.488971 -0.333412 13
-0.300203 4.468522 -0.398166 13
-0.145854 4.485328 -0.561186 13
-0.098824 4.441805 -0.555656 13
-0.057558 4.394819 -0.540688 13
-0.010145 4.351710 -0.535707 13
0.059683 4.323813 -0.568727 13
0.093818 4.272267 -0.541528 13
0.113692 4.209948 -0.488673 13
-0.010882 4.038775 -0.177500 7
0.050238 4.001938 -0.191667 7
0.083025 3.943176 -0.154386 3
0.113530 3.881652 -0.111680 7
0.262669 3.920180 -0.293114 3
0.309110 3.873936 -0.282365 3
0.379025 3.848939 -0.317524 3
0.429816 3.807197 -0.315674 3
0.485284 3.770109 -0.323345 3
0.481538 3.673714 -0.208089 13
0.539833 3.638310 -0.220001 13
0.481162 3.477242 0.020667 13
0.585576 3.489986 -0.088856 12
0.651424 3.462127 -0.115966 12
0.689727 3.402380 -0.080807 12
0.755617 3.375530 -0.108837 12
0.786418 3.304787 -0.053760 12
0.846008 3.270162 -0.066722 12
1.022152 3.396370 -0.372717 2
1.088450 3.378177 -0.410681 2
1.145650 3.348036 -0.426331 2
1.197566 3.310369 -0.428274 2
1.162209 3.133688 -0.188686 12
1.230738 3.118071 -0.231097 12
1.278487 3.068512 -0.214894 12
1.364616 3.086607 -0.312397 12
1.434014 3.078086 -0.363525 12
1.456631 2.981251 -0.268818 12
1.476566 2.873831 -0.159077 12
1.488090 2.742518 -0.013494 12
1.492700 2.587587 0.166300 12
1.560898 2.568131 0.129928 12
1.211928 1.546613 1.647404 9
1.297835 1.527245 1.595869 9
1.365567 1.462362 1.614425 9
1.462171 1.475684 1.515112 9
1.535187 1.426028 1.511356 9
1.602815 1.359022 1.533109 9
1.695695 1.371611 1.438448 9
1.769895 1.326141 1.429254 9
1.853478 1.314553 1.371782 9
1.930366 1.280567 1.346960 9
1.992201 1.184572 1.409225 9
2.074766 1.173089 1.353063 9
2.147297 1.117495 1.358335 9
2.212070 1.018672 1.422069 9
2.292653 0.998638 1.378381 9
-1.122183 6.247840 -1.444080 5
-1.086273 6.200543 -1.428779 5
-0.708807 6.178989 -1.776327 5
-0.685615 6.135002 -1.751814 5
-0.487636 6.108113 -1.917151 5
-0.507409 6.061401 -1.847276 5
-0.496973 6.017307 -1.809746 5
-0.427028 5.980838 -1.838725 5
-0.417552 4.576572 -0.271657 13
-0.311642 4.560809 -0.355242 13
-0.239497 4.528749 -0.387466 13
-0.072527 4.552561 -0.574987 13
-0.059881 4.489278 -0.513788 13
0.011119 4.460851 -0.548654 13
0.057389 4.417759 -0.542715 13
-0.098583 4.160649 -0.094466 7
0.006874 4.154039 -0.186951 7
0.045130 4.100660 -0.160755 7
0.075377 4.040659 -0.119045 7
0.101509 3.976435 -0.068322 7
0.121312 3.905768 -0.003877 7
0.207361 3.889509 -0.065843 3
0.365776 3.938746 -0.273064 1
0.411704 3.892546 -0.261603 1
0.439587 3.829229 -0.212792 3
0.515820 3.811448 -0.263088 3
0.423937 3.626584 0.042309 13
0.471444 3.576675 0.057339 13
0.529131 3.537329 0.050477 13
0.580199 3.490949 0.058320 12
0.625108 3.437279 0.080749 12
0.683708 3.399220 0.072002 12
0.715053 3.327824 0.128520 12
0.787551 3.307084 0.086532 12
0.868666 3.299389 0.021125 12
1.059879 3.445800 -0.330398 2
0.961471 3.192597 0.064402 12
1.006706 3.136068 0.091129 2
1.075184 3.114089 0.055156 12
1.181317 3.153705 -0.089281 12
1.245161 3.129349 -0.117838 12
1.305014 3.099236 -0.135650 12
1.375322 3.088549 -0.186277 12
1.455945 3.099379 -0.272125 12
1.481464 3.006787 -0.182757 12
1.479291 2.852991 0.005950 12
1.487176 2.710186 0.172451 12
1.536250 2.649227 0.202764 12
1.573201 2.557947 0.280964 12
1.239669 1.560420 1.792795 9
1.328245 1.545821 1.732066 9
1.406331 1.506256 1.711295 9
1.486883 1.474202 1.679389 9
1.585281 1.496514 1.565570 9
1.651401 1.424892 1.595135 9
1.734417 1.405994 1.545621 9
1.805892 1.349241 1.552730 9
1.897727 1.366843 1.451260 9
1.958958 1.269847 1.516997 9
2.037019 1.236835 1.489926 9
2.108701 1.175442 1.503386 9
-1.333864 6.279589 -1.139534 5
-1.182890 6.235662 -1.244325 5
-0.877677 6.204668 -1.518766 5
-0.545852 6.182186 -1.829204 5
-0.399444 6.150435 -1.942211 5
-0.413668 6.105412 -1.878437 5
-0.401530 6.062443 -1.843379 5
-0.368447 6.021788 -1.831861 5
-0.346374 5.979818 -1.807653 5
-0.446856 5.919379 -1.639331 5
-0.414882 4.677777 -0.249787 13
-0.278948 4.675785 -0.381781 13
-0.186620 4.654408 -0.447761 13
-0.096601 4.633764 -0.512156 13
-0.066474 4.580978 -0.479468 13
0.030317 4.567039 -0.558114 13
0.069621 4.520223 -0.541177 13
0.095057 4.464432 -0.499820 13
-0.018474 4.316298 -0.212360 7
0.030444 4.271498 -0.206728 7
0.073748 4.222844 -0.190837 7
0.078656 4.145891 -0.103492 7
0.130690 4.102457 -0.102002 7
0.132483 4.019773 -0.004397 7
0.197265 3.985684 -0.026153 7
0.188329 3.890419 0.097354 3
0.361379 3.950188 -0.141964 4
0.419704 3.913968 -0.154375 3
0.435132 3.838260 -0.077482 3
0.447847 3.757672 0.008117 13
0.506614 3.720563 -0.003107 13
0.457068 3.571760 0.225458 13
0.522407 3.538712 0.203369 12
0.559859 3.475537 0.244828 12
0.586098 3.398111 0.314561 12
0.684476 3.404305 0.213625 12
0.722642 3.339780 0.256617 12
0.805061 3.330386 0.190280 12
0.835607 3.254593 0.254682 12
0.935291 3.271571 0.140013 2
0.986254 3.223370 0.151605 2
1.045451 3.186863 0.141240 2
1.102576 3.147507 0.136512 2
1.188461 3.154340 0.048023 12
1.244093 3.114490 0.045663 12
1.306805 3.086861 0.021766 12
1.376997 3.073660 -0.026782 12
1.459533 3.085794 -0.118018 12
1.487054 2.994194 -0.029413 12
1.485189 2.837537 0.167345 12
1.508822 2.724703 0.286323 12
1.529904 2.599213 0.423602 12
1.179789 1.594683 1.996571 9
1.268911 1.576653 1.938153 9
1.369456 1.591036 1.829094 9
1.442728 1.537587 1.829802 9
1.517116 1.486432 1.826866 9
1.608087 1.484626 1.747423 9
1.760725 1.397014 1.720839 9
-1.530322 6.316606 -0.841897 5
-1.462060 6.265224 -0.856169 5
-1.176545 6.226930 -1.110287 5
-0.528813 6.219120 -1.774026 5
-0.441331 6.181418 -1.822891 5
-0.376331 6.143171 -1.847671 5
-0.312841 6.105754 -1.871665 5
-0.286269 6.065024 -1.853511 5
-0.318478 6.016811 -1.765861 5
-0.232397 5.983808 -1.817796 5
-0.158477 5.950480 -1.856619 5
-0.546513 4.716469 -0.016791 13
-0.285517 4.769742 -0.345904 13
-0.219647 4.733766 -0.369670 13
-0.127963 4.712151 -0.436682 13
-0.053076 4.683450 -0.477963 13
-0.015966 4.634881 -0.456876 13
0.075955 4.618049 -0.529346 13
0.091424 4.557096 -0.471065 13
0.114095 4.499427 -0.423843 13
-0.017278 4.340447 -0.098278 7
0.070981 4.321374 -0.163592 7
0.070131 4.241952 -0.065678 7
0.148751 4.217761 -0.114694 7
0.148490 4.135876 -0.013966 7
0.163297 4.063120 0.060713 7
0.135519 3.954092 0.222628 3
0.062587 3.802835 0.481690 13
0.197529 3.824083 0.321669 13
0.353574 3.869255 0.111353 3
0.409131 3.827713 0.108031 13
0.454609 3.776742 0.126555 13
0.485897 3.711195 0.177375 13
0.510398 3.637139 0.245663 13
0.426759 3.445319 0.567111 12
0.480606 3.395185 0.577201 12
0.620936 3.444118 0.379084 12
0.678764 3.401808 0.375911 12
0.647133 3.249219 0.598335 12
0.727731 3.232258 0.541629 12
0.931999 3.381739 0.155938 2
0.988619 3.342320 0.151109 2
1.055130 3.317220 0.118878 2
1.094422 3.252859 0.162621 2
1.163437 3.232570 0.122299 6
1.218341 3.191188 0.122393 6
1.260812 3.128855 0.161126 6
1.339727 3.128124 0.087144 12
1.408622 3.112427 0.041896 12
1.473211 3.090506 0.008841 12
1.470531 2.936968 0.207209 12
1.527618 2.896437 0.205355 12
1.534896 2.748056 0.388192 12
-1.494091 6.199362 -0.605198 5
-0.341796 6.223744 -1.862610 5
-0.339846 6.180813 -1.816018 5
-0.309441 6.140030 -1.802066 5
-0.208159 6.106931 -1.872305 5
-0.166289 6.068690 -1.873165 5
-0.143830 6.028339 -1.850761 5
-0.114759 5.988882 -1.836275 5
-0.063339 5.953040 -1.849602 5
-0.865970 5.772352 -0.786137 5
-0.403775 4.948087 -0.295186 13
-0.325804 4.915287 -0.337019 13
-0.281013 4.868790 -0.327231 13
-0.214107 4.832871 -0.353278 13
-0.099934 4.821196 -0.458152 13
-0.045514 4.781794 -0.466501 13
-0.012071 4.731739 -0.439709 13
0.060061 4.702759 -0.478925 13
0.099312 4.656140 -0.462016 13
0.154832 4.619106 -0.473643 13
0.156162 4.549023 -0.387971 13
0.197634 4.502834 -0.373303 13
0.103555 4.365942 -0.105535 7
0.148720 4.318668 -0.092915 7
0.142279 4.234214 0.019511 7
0.185049 4.183591 0.039209 7
0.027037 3.977543 0.460153 13
0.094489 3.940359 0.438119 13
0.188476 3.926057 0.360357 13
0.253647 3.889451 0.340367 13
0.390379 3.917416 0.166062 13
0.451672 3.881142 0.150028 13
0.467480 3.801982 0.234781 13
0.528695 3.765364 0.219696 13
0.072864 3.077565 1.557297 12
0.419394 3.335472 0.879486 2
0.482452 3.291511 0.872861 2
0.550543 3.253835 0.853374 2
0.591872 3.183888 0.902315 2
0.695623 3.192114 0.788711 12
0.958373 3.415869 0.239530 2
1.055720 3.432112 0.122368 2
1.111350 3.393037 0.118177 2
1.174580 3.365402 0.091892 2
1.222727 3.315369 0.109695 6
1.262514 3.250983 0.154548 2
1.316862 3.208986 0.156265 2
1.374341 3.172226 0.148327 6
1.422216 3.118091 0.172594 12
1.489615 3.099787 0.131378 12
1.474943 2.919805 0.381003 12
1.529986 2.871964 0.390781 12
-1.812858 6.230403 -0.141370 5
-1.706124 6.176785 -0.196946 5
-0.295586 6.218991 -1.793594 5
-0.234283 6.180962 -1.816869 5
-0.124888 6.148498 -1.899181 5
-0.136765 6.104936 -1.835430 5
-0.086414 6.068042 -1.847507 5
-0.037018 6.031681 -1.858995 5
-0.001140 5.993966 -1.853918 5
-0.012243 5.948979 -1.788677 5
-0.796089 5.768293 -0.717357 5
-0.700633 5.730777 -0.777145 5
-0.730438 5.669704 -0.671812 5
-0.756857 5.607586 -0.568718 5
-0.369692 4.993997 -0.240859 13
-0.284559 4.963914 -0.295233 13
-0.172242 4.947565 -0.395736 13
-0.114553 4.908570 -0.409048 13
-0.053967 4.871631 -0.427827 13
-0.026250 4.818903 -0.391360 13
0.059192 4.795897 -0.453830 13
0.120446 4.761526 -0.475915 13
0.162799 4.717272 -0.465133 13
0.162246 4.647721 -0.376395 13
0.239026 4.623597 -0.427362 13
0.235841 4.550149 -0.330451 13
0.314550 4.528564 -0.386271 13
0.159770 4.348537 0.007695 7
0.146798 4.259165 0.135978 7
0.007366 4.073174 0.521854 13
0.126084 4.074554 0.395272 13
0.217332 4.057884 0.321050 13
0.271496 4.012990 0.322400 13
0.345431 3.985154 0.281225 13
0.445595 3.981952 0.180953 13
0.498671 3.938665 0.182058 13
0.515348 3.860835 0.266212 13
0.433431 3.359330 1.007659 2
0.543607 3.368113 0.883089 2
0.632650 3.356146 0.807749 2
0.674424 3.288616 0.854255 2
0.706501 3.207040 0.929460 2
0.770199 3.164749 0.920792 2
1.108579 3.502291 0.130475 2
1.140283 3.429724 0.194850 6
1.200709 3.397468 0.176910 6
1.253704 3.354298 0.181201 2
1.308746 3.314153 0.179639 2
1.367699 3.280537 0.165684 6
1.383682 3.171732 0.295301 6
1.436199 3.123897 0.307239 6
1.495434 3.088149 0.296558 12
1.526624 2.996375 0.388992 12
-1.700031 6.166866 -0.030547 5
-1.687635 6.107407 0.025410 5
-0.149977 6.179712 -1.794810 5
-0.034735 6.148478 -1.887776 5
-0.014631 6.108906 -1.863382 5
0.028313 6.072086 -1.867835 5
0.061470 6.034401 -1.860051 5
0.076897 5.994263 -1.829178 5
0.090827 5.953621 -1.795836 5
-0.671119 5.774283 -0.721950 5
-0.680041 5.717785 -0.643318 5
-0.606157 5.677197 -0.676840 5
-0.630417 5.616087 -0.574910 5
-0.612781 5.563137 -0.529744 5
-0.273007 5.128485 -0.367295 5
-0.276598 5.063624 -0.281259 5
-0.237561 5.014968 -0.262784 5
-0.118371 5.001221 -0.377186 5
-0.052295 4.966278 -0.405616 13
0.007867 4.929525 -0.424974 13
0.058137 4.888652 -0.427916 13
0.103170 4.845459 -0.421889 13
0.157985 4.807684 -0.433363 13
0.198136 4.762280 -0.418666 13
0.248516 4.722751 -0.422556 13
0.295762 4.681698 -0.420814 13
0.308449 4.619135 -0.353124 13
0.355795 4.577736 -0.350584 13
0.376127 4.518188 -0.294696 13
0.382389 4.447490 -0.208685 13
0.153892 4.202992 0.360301 13
0.202858 4.153938 0.372104 13
0.281058 4.127825 0.322333 13
0.334694 4.083241 0.323707 13
0.456515 4.096670 0.175151 13
0.512902 4.056994 0.167558 13
0.467836 3.405781 1.088133 2
0.548393 3.380313 1.037689 6
0.641806 3.371865 0.951035 6
0.727023 3.356384 0.882765 2
0.749599 3.263215 0.985521 2
0.799232 3.202298 1.016574 2
0.868278 3.167054 0.992825 2
1.089075 3.351035 0.513539 2
1.219884 3.419012 0.285734 6
1.288207 3.398633 0.243260 6
1.342748 3.357499 0.243590 6
1.389871 3.303633 0.269209 6
1.454076 3.278691 0.237961 6
1.434433 3.099977 0.503533 12
1.506496 3.085705 0.450143 12
1.565543 3.047438 0.443221 12
-1.671994 6.158363 0.114300 5
-1.650163 6.099051 0.160222 5
-0.002483 6.184450 -1.854658 5
0.055014 6.148809 -1.878200 5
0.085417 6.110928 -1.867414 5
0.126266 6.074553 -1.870383 5
0.145667 6.035589 -1.845148 5
0.208725 6.003241 -1.878401 5
0.162910 5.953596 -1.764159 5
-0.562463 5.777981 -0.708039 5
-0.541797 5.727732 -0.669496 5
-0.518425 5.677699 -0.634109 5
-0.498467 5.626596 -0.593204 5
-0.544867 5.559089 -0.454973 5
-0.293265 5.216213 -0.307615 5
-0.233288 5.175896 -0.324203 5
-0.218358 5.118751 -0.267371 5
-0.122843 5.093610 -0.343639 5
-0.049998 5.060861 -0.383959 5
0.029628 5.032405 -0.437337 13
0.067566 4.986064 -0.419760 13
0.095247 4.934639 -0.383649 13
0.185986 4.914686 -0.460039 13
0.232605 4.873512 -0.458356 13
0.250052 4.816511 -0.402600 13
0.300548 4.777392 -0.407523 13
0.306894 4.712312 -0.328067 13
0.360200 4.674669 -0.337623 13
0.418937 4.641032 -0.358370 13
0.414136 4.565539 -0.251782 13
0.435967 4.506077 -0.196184 13
0.208083 4.264493 0.382844 13
0.305851 4.252612 0.290375 13
0.398023 4.239107 0.206579 13
0.452556 4.197600 0.202652 13
0.509477 4.158413 0.193201 13
0.592411 3.437405 1.093496 6
0.663784 3.402900 1.064411 6
0.750516 3.388338 0.991438 2
0.822261 3.357205 0.957876 2
0.857874 3.279222 1.028491 2
0.875807 3.038299 1.345979 12
1.269397 3.485948 0.302435 6
1.317650 3.434981 0.322993 6
1.359217 3.372134 0.367544 2
1.408850 3.320985 0.387452 6
1.389003 3.145140 0.655919 12
-1.642913 6.150039 0.262147 5
0.022757 6.219920 -1.812373 5
0.081673 6.184057 -1.838476 5
0.132743 6.148286 -1.855126 5
0.173226 6.111984 -1.858289 5
0.209014 6.075506 -1.855435 5
0.233142 6.037654 -1.836768 5
0.250910 5.998781 -1.809045 5
0.226013 5.952351 -1.720815 5
-0.562027 5.762051 -0.542666 5
-0.505982 5.717923 -0.553139 5
-0.468908 5.670353 -0.536438 5
-0.390466 5.632424 -0.580898 5
-0.396111 5.575130 -0.500543 5
-0.394652 5.518436 -0.429117 5
-0.345493 5.473905 -0.429601 5
-0.302021 5.428115 -0.421468 5
-0.291690 5.372255 -0.360824 5
-0.274325 5.317790 -0.310036 5
-0.271967 5.257439 -0.233585 5
-0.121487 5.249501 -0.400084 5
-0.116012 5.190389 -0.328401 5
0.000872 5.174514 -0.444430 5
0.045743 5.131465 -0.439721 5
0.068207 5.078839 -0.395777 5
0.103818 5.031551 -0.374067 5
0.138522 4.983650 -0.350214 13
0.205111 4.951409 -0.384291 13
0.252959 4.910517 -0.384652 13
0.295628 4.867115 -0.375347 13
0.295026 4.799312 -0.282553 13
0.340836 4.756844 -0.277630 13
0.396272 4.720421 -0.291798 13
0.439212 4.676640 -0.281245 13
0.457299 4.616355 -0.219220 13
0.470924 4.551637 -0.145715 13
0.281607 4.339726 0.363351 13
0.433460 4.368807 0.149833 13
0.459873 4.306714 0.205926 13
0.521416 4.271561 0.184927 13
0.505617 4.172535 0.340914 13
0.648067 3.389507 1.286304 2
0.763066 3.406904 1.134673 6
0.811006 3.343885 1.171906 6
0.830951 3.242284 1.295330 2
1.322135 3.432012 0.488461 6
1.391147 3.411772 0.443194 6
-1.584689 6.143839 0.376252 5
0.120661 6.220476 -1.814768 5
0.190209 6.186335 -1.857106 5
0.227524 6.149943 -1.856814 5
0.263437 6.113747 -1.854837 5
0.280189 6.075303 -1.826283 5
0.312266 6.038922 -1.818943 5
0.314298 5.997876 -1.768588 5
0.311000 5.955234 -1.709431 5
-0.469290 5.763407 -0.506185 5
-0.429702 5.716376 -0.493293 5
-0.441989 5.658061 -0.402026 5
-0.348571 5.623270 -0.470314 5
-0.319198 5.574169 -0.441410 5
-0.260504 5.532728 -0.458057 5
-0.248359 5.478808 -0.401247 5
-0.264932 5.415454 -0.296701 5
-0.182895 5.381611 -0.350990 5
-0.154931 5.331183 -0.317208 5
-0.069656 5.300622 -0.379263 5
-0.037207 5.252165 -0.353002 5
0.071043 5.233015 -0.457689 5
0.062664 5.168851 -0.360298 5
0.120494 5.131202 -0.378495 5
0.151188 5.082124 -0.348160 5
0.201671 5.041949 -0.353515 13
0.251512 5.001889 -0.357984 13
0.280279 4.951454 -0.322639 13
0.331318 4.912365 -0.329323 13
0.345859 4.853404 -0.264625 13
0.410398 4.822166 -0.297749 13
0.452130 4.778215 -0.285750 13
0.457590 4.711391 -0.198440 13
0.481193 4.654519 -0.146284 13
0.423622 4.541214 0.081468 13
0.460715 4.489434 0.111118 13
0.493249 4.433742 0.151964 13
0.507442 4.363110 0.235833 13
0.513592 4.284003 0.341480 13
-1.615070 6.194036 0.533089 5
-1.498533 6.139875 0.455054 5
0.187358 6.218865 -1.777481 5
0.250005 6.184407 -1.812145 5
0.274719 6.146815 -1.794607 5
0.303768 6.109782 -1.783043 5
0.338571 6.073674 -1.779720 5
0.348872 6.034138 -1.740771 5
0.397960 6.000618 -1.758407 5
-0.400656 5.648838 -0.285009 5
-0.352418 5.603013 -0.283845 5
-0.202894 5.583658 -0.445119 5
-0.199737 5.527917 -0.373443 5
-0.191576 5.472541 -0.308230 5
-0.180309 5.417150 -0.246577 5
-0.127462 5.374363 -0.253799 5
0.035040 5.369693 -0.449850 5
0.049423 5.316065 -0.393615 5
0.125829 5.285127 -0.445632 5
0.124178 5.224516 -0.359200 5
0.196964 5.193492 -0.406020 5
0.200554 5.133474 -0.326323 5
0.220421 5.079464 -0.274880 5
0.271894 5.039784 -0.282318 5
0.301475 4.989579 -0.247621 5
0.371325 4.959986 -0.291355 13
0.402215 4.910363 -0.258496 13
0.457225 4.874013 -0.273818 13
0.490405 4.825287 -0.244448 13
0.459034 4.736019 -0.077848 13
0.476823 4.674694 -0.011004 13
0.457005 4.586599 0.140480 13
0.479084 4.524285 0.204179 13
0.479260 4.444560 0.319965 13
-1.541090 6.189432 0.632157 5
-1.456668 6.133095 0.596126 5
0.283873 6.220116 -1.782948 5
0.349676 6.186708 -1.824328 5
0.335456 6.145417 -1.750974 5
0.355181 6.107376 -1.725819 5
0.392970 6.071744 -1.727110 5
0.451290 6.039668 -1.759587 5
0.463203 6.000681 -1.722298 5
0.487755 5.963630 -1.703774 5
-0.728000 5.678785 0.258839 5
-0.640169 5.636115 0.203691 5
-0.304375 5.652258 -0.252454 5
-0.265947 5.604497 -0.236079 5
-0.235545 5.554694 -0.206200 0
-0.245488 5.493379 -0.107995 5
0.070976 5.527469 -0.562809 5
0.052840 5.465984 -0.453193 5
0.084375 5.419095 -0.427582 5
0.117979 5.372743 -0.405074 5
0.140304 5.322086 -0.361709 5
0.209680 5.289135 -0.403382 5
0.195107 5.223108 -0.290344 5
0.230097 5.176191 -0.267550 5
0.248372 5.121574 -0.212095 5
0.330284 5.095990 -0.279054 5
0.309950 5.021835 -0.145718 5
0.392234 4.997804 -0.214762 13
0.425925 4.949485 -0.186702 13
0.470627 4.906975 -0.180697 13
0.445709 4.823731 -0.027017 13
0.471828 4.768305 0.021971 13
0.471218 4.619400 0.243348 13
-1.472532 6.184870 0.740574 5
-1.362000 6.130488 0.665522 5
0.366892 6.220631 -1.771957 5
0.400210 6.184493 -1.767552 5
0.381341 6.142589 -1.685194 5
0.437804 6.109247 -1.715064 5
0.476801 6.074299 -1.719119 5
0.496871 6.036758 -1.694052 5
0.548345 6.004517 -1.718005 5
0.535874 5.960986 -1.640675 5
-0.596848 5.687387 0.251888 5
-0.266088 5.699303 -0.205206 0
-0.199444 5.658248 -0.235836 0
-0.125501 5.620043 -0.279863 0
0.189540 5.648065 -0.737845 5
0.310898 5.630144 -0.873050 5
0.237028 5.555918 -0.668634 5
0.133744 5.468373 -0.405819 5
0.229854 5.443640 -0.496871 5
0.228108 5.385974 -0.410726 5
0.239427 5.331773 -0.346509 5
0.257993 5.279418 -0.294192 5
0.259074 5.218940 -0.206661 5
0.277902 5.164678 -0.151212 5
0.324452 5.122286 -0.149247 5
0.364733 5.077124 -0.134642 5
0.374775 5.016637 -0.057456 5
0.406426 4.966111 -0.022921 13
0.487665 4.942483 -0.092761 13
0.488927 4.874552 0.008024 13
0.514235 4.819001 0.059383 13
-1.408406 6.180402 0.857791 5
0.417024 6.257486 -1.767510 5
0.438727 6.220533 -1.746272 5
0.469514 6.184481 -1.738548 5
0.496116 6.148131 -1.724370 5
0.498444 6.108628 -1.672058 5
0.567808 6.078361 -1.724790 5
0.596082 6.042741 -1.713138 5
0.607291 6.004186 -1.673580 5
0.615989 5.964703 -1.628977 5
0.426022 5.883156 -1.251033 5
0.458436 5.844679 -1.239846 5
0.477811 5.803159 -1.206095 5
0.328092 5.717591 -0.876575 5
0.442841 5.698741 -1.005700 5
0.515901 5.670560 -1.063915 5
0.278221 5.547126 -0.557793 5
0.292095 5.496696 -0.501863 5
0.247564 5.425085 -0.334713 5
0.260468 5.371482 -0.272048 5
0.295587 5.325510 -0.250573 5
0.324700 5.276951 -0.216725 5
0.310485 5.209383 -0.095291 5
0.380393 5.177418 -0.140889 5
0.352332 5.100423 0.014240 5
0.407124 5.061357 0.000523 5
0.409688 4.995775 0.097831 13
-1.297492 6.179350 0.907117 5
0.477806 6.256548 -1.726025 5
0.500918 6.219900 -1.706759 5
0.536946 6.184619 -1.707509 5
0.580429 6.150590 -1.720355 5
0.590365 6.112564 -1.679551 5
0.674762 6.085338 -1.759705 5
0.686243 6.047808 -1.721248 5
0.734078 6.016467 -1.743038 5
0.672345 5.964192 -1.578769 5
0.539701 5.893934 -1.287429 5
0.536906 5.848305 -1.215671 5
0.441551 5.778726 -0.977352 5
0.517053 5.750012 -1.040601 5
0.516895 5.701509 -0.967302 5
0.437517 5.628084 -0.744705 5
0.436187 5.575404 -0.662766 5
0.370046 5.499502 -0.454277 5
0.239669 5.396735 -0.114442 5
0.338615 5.373779 -0.217221 5
0.301550 5.299205 -0.050293 5
0.371617 5.266284 -0.096660 5
0.364464 5.200661 0.015532 5
0.366812 5.137321 0.111368 5
0.421986 5.097833 0.097084 5
-1.258435 6.174064 1.067346 5
-1.184175 6.116958 1.041539 5
0.568321 6.220086 -1.675804 5
0.615951 6.186373 -1.696002 5
0.655022 6.152291 -1.702829 5
0.722666 6.122624 -1.757687 5
0.707020 6.081420 -1.673349 5
0.753043 6.049441 -1.692574 5
0.793592 6.017103 -1.702976 5
0.806488 5.979666 -1.665060 5
0.621017 5.898434 -1.271440 5
0.620918 5.853696 -1.202870 5
0.536673 5.786672 -0.977521 5
0.492814 5.726539 -0.821059 5
0.476704 5.671688 -0.712641 5
0.421037 5.602866 -0.524877 5
0.227646 5.485691 -0.062146 0
0.286893 5.446971 -0.086707 5
0.351133 5.410904 -0.122237 5
0.395449 5.368182 -0.118174 5
0.350233 5.289189 0.072500 5
0.388747 5.242471 0.092069 5
-1.184019 6.171528 1.176474 5
-1.125655 6.113115 1.175613 5
0.667189 6.223683 -1.697669 5
0.673430 6.186137 -1.650348 5
0.730261 6.154477 -1.687957 5
0.775341 6.122135 -1.706495 5
0.842723 6.093952 -1.764692 5
0.814821 6.050570 -1.655735 5
0.844280 6.016374 -1.646960 5
0.848779 5.977146 -1.592532 5
0.793274 5.923767 -1.425586 5
0.835107 5.890991 -1.436639 5
0.886278 5.861125 -1.465943 5
0.430301 5.691632 -0.514791 5
0.225847 5.578435 -0.028706 0
0.197214 5.511436 0.121558 0
0.358632 5.505360 -0.108827 5
0.377284 5.453592 -0.052637 5
0.451786 5.421963 -0.111630 5
0.473246 5.370819 -0.059769 5
0.621187 6.290670 -1.595062 5
0.665621 6.256144 -1.611183 5
0.712314 6.222449 -1.631769 5
0.765302 6.190154 -1.663996 5
0.809385 6.157584 -1.681607 5
0.836907 6.123223 -1.670321 5
0.872944 6.090327 -1.674253 5
0.892519 6.054868 -1.648228 5
0.897192 6.016324 -1.593839 5
0.926257 5.982218 -1.584028 5
0.880174 5.931017 -1.430012 5
0.922616 5.899051 -1.443669 5
0.201587 5.665429 0.050200 0
0.130431 5.588041 0.286784 0
0.268210 5.569722 0.105001 5
0.411869 5.557161 -0.094877 5
0.445895 5.511277 -0.070699 5
0.479801 5.465186 -0.045543 5
0.512630 5.418486 -0.017270 5
0.665843 6.327392 -1.584661 5
0.704498 6.292471 -1.591824 5
0.728785 6.256754 -1.574266 5
0.760447 6.221798 -1.569420 5
0.811208 6.189301 -1.598838 5
0.863887 6.157877 -1.632711 5
0.894843 6.124120 -1.627605 5
0.926525 6.090682 -1.623830 5
0.958781 6.057564 -1.621152 5
0.962708 6.019048 -1.563909 5
0.969846 5.980461 -1.511327 5
0.958001 5.936741 -1.419544 5
0.958049 5.894597 -1.348993 5
0.275414 5.666354 0.121903 0
0.291489 5.613577 0.185711 0
0.443371 5.602036 -0.035646 5
0.490701 5.560540 -0.039665 5
0.542919 5.521153 -0.054563 5
0.559064 5.468923 0.010128 5
-0.926363 6.169366 1.459711 5
0.647436 6.244983 -1.276788 5
0.814120 6.222024 -1.515621 5
0.867878 6.190013 -1.551812 5
0.916999 6.158300 -1.580438 5
0.971096 6.128132 -1.619514 5
0.984210 6.092028 -1.580424 5
1.010838 6.058018 -1.566847 5
1.043053 6.025174 -1.564107 5
1.036643 5.984011 -1.483058 5
1.006858 5.936047 -1.351427 5
0.137970 5.669284 0.539437 5
0.222631 5.632488 0.464414 5
0.240045 5.577457 0.532113 5
0.516721 5.603859 0.032711 5
0.598815 5.574237 -0.049122 5
0.595352 5.515689 0.060496 5
-0.818314 6.171416 1.517204 5
0.832065 6.257013 -1.457974 5
0.880234 6.223903 -1.484328 5
0.939370 6.192876 -1.532629 5
0.967376 6.158666 -1.521771 5
1.031866 6.130207 -1.582867 5
1.048103 6.094783 -1.548994 5
1.063494 6.058876 -1.512446 5
1.087436 6.024367 -1.492545 5
1.099613 5.987108 -1.447345 5
1.063292 5.937418 -1.297137 5
0.187517 5.663420 0.680654 5
0.554515 5.706588 -0.019410 5
0.598275 5.664621 -0.017593 5
0.663275 5.629847 -0.064232 5
0.679054 5.579169 0.001768 5
