ply
format ascii 1.0
element vertex 13149
property float x
property float y
property float z
property int scalar_Label
end_header
2.609127 0.664307 -0.621590 8
2.623892 0.602341 -0.598292 8
2.621614 0.529566 -0.618801 8
2.628800 0.462309 -0.615953 8
2.625916 0.387697 -0.639425 8
2.618798 0.309082 -0.674499 8
2.629740 0.242875 -0.664098 8
2.646085 0.180673 -0.640417 8
2.635985 0.097071 -0.685483 8
2.631120 0.016355 -0.717960 8
2.647296 -0.047303 -0.696742 8
2.649526 -0.123569 -0.712401 8
2.659232 -0.193798 -0.709360 8
2.661143 -0.272037 -0.727459 8
2.576796 0.889424 -0.450602 8
2.590402 0.828185 -0.428705 8
2.563603 0.744956 -0.505989 8
2.573913 0.681075 -0.493326 8
2.585132 0.617677 -0.478962 8
2.578036 0.542754 -0.510131 8
2.586002 0.476630 -0.504939 8
2.602439 0.416001 -0.479410 8
2.595623 0.339068 -0.511905 8
2.587946 0.260359 -0.547307 8
2.593795 0.190739 -0.549881 8
2.534563 0.069084 -0.715389 8
2.529386 -0.012509 -0.747295 8
2.545724 -0.077088 -0.726098 8
2.567000 -0.137375 -0.693031 8
2.616870 -0.171483 -0.588292 8
2.613332 -0.253762 -0.618773 8
2.626863 -0.320836 -0.606795 8
2.628685 -0.399933 -0.625287 8
2.638144 -0.472254 -0.625093 8
2.638026 -0.555405 -0.650216 8
2.581315 0.988064 -0.227542 8
2.574117 0.918483 -0.254324 8
2.551654 0.840266 -0.317768 8
2.562978 0.778505 -0.302012 8
2.574026 0.716617 -0.287385 8
2.544230 0.630763 -0.370237 8
2.552302 0.565959 -0.363848 8
2.535751 0.485214 -0.416704 8
2.550643 0.423828 -0.395204 8
2.589227 0.378900 -0.317430 8
2.547636 0.277729 -0.432351 8
2.583681 0.231391 -0.361560 8
2.536342 0.121788 -0.492199 8
2.618393 0.112275 -0.311086 8
2.611522 0.032805 -0.345311 8
2.487076 -0.148710 -0.666398 8
2.605239 -0.123487 -0.397987 8
2.593457 -0.211291 -0.446654 8
2.578355 -0.303974 -0.504419 8
2.580880 -0.381491 -0.519797 8
2.595426 -0.447934 -0.506233 8
2.616418 -0.508014 -0.477265 8
2.608872 -0.598479 -0.519831 8
2.594557 -0.698166 -0.580339 8
2.508801 1.113878 -0.184980 8
2.512368 1.049966 -0.185113 8
2.515007 0.985390 -0.187844 8
2.500995 0.912594 -0.229132 8
2.510418 0.850342 -0.217375 8
2.562196 0.810233 -0.108936 8
2.495706 0.707300 -0.272328 8
2.488009 0.634214 -0.301492 8
2.492683 0.567559 -0.302749 8
2.584065 0.554621 -0.104192 8
2.527047 0.449320 -0.248927 8
2.575826 0.411867 -0.149325 8
2.597670 0.357359 -0.112443 8
2.542386 0.247126 -0.255698 8
2.569621 0.195460 -0.207372 8
2.590220 0.139268 -0.174899 8
2.554982 0.038188 -0.273952 8
2.605657 0.006168 -0.171783 8
2.592523 -0.079111 -0.220306 8
2.570506 -0.174015 -0.290731 8
2.594341 -0.228917 -0.253243 8
2.540433 -0.357398 -0.401393 8
2.554471 -0.423538 -0.388671 8
2.582879 -0.475476 -0.342028 8
2.576015 -0.563598 -0.380614 8
2.556525 -0.666914 -0.450624 8
2.570266 -0.736104 -0.441249 8
2.592217 -0.796473 -0.412510 8
2.581773 -0.894651 -0.463395 8
2.453087 1.244945 -0.108782 8
2.464924 1.184802 -0.089507 8
2.436638 1.109044 -0.159258 8
2.498851 1.069355 -0.029472 8
2.504603 1.007291 -0.024832 8
2.517316 0.948310 -0.005188 8
2.546857 0.897703 0.051441 8
2.564500 0.841946 0.081326 8
2.476893 0.730084 -0.123654 8
2.494080 0.672209 -0.095895 8
2.523776 0.621940 -0.040543 8
2.513987 0.548461 -0.073911 8
2.510917 0.478148 -0.092808 8
2.525376 0.418615 -0.072841 8
2.536744 0.357023 -0.060250 8
2.517899 0.273808 -0.116351 8
2.546259 0.223701 -0.066333 8
2.500549 0.117721 -0.184695 8
2.545638 0.080294 -0.097577 8
2.534835 -0.001254 -0.138035 8
2.567935 -0.047179 -0.078833 8
2.546956 -0.139375 -0.143875 8
2.564339 -0.199157 -0.121603 8
2.594160 -0.247405 -0.071070 8
2.570538 -0.346139 -0.144455 8
2.563172 -0.431285 -0.181145 8
2.508558 -0.565994 -0.328695 8
2.516859 -0.639357 -0.330837 8
2.533928 -0.704037 -0.313061 8
2.540595 -0.780488 -0.320275 8
2.555382 -0.848634 -0.309013 8
2.576232 -0.910156 -0.283955 8
2.389867 1.307803 -0.059381 8
2.471188 1.271238 0.108621 8
2.451963 1.201521 0.061180 8
2.438255 1.132721 0.025061 8
2.444613 1.071131 0.031527 8
2.417341 0.994930 -0.034705 8
2.449689 0.944168 0.026811 8
2.479822 0.893413 0.083298 8
2.437688 0.807370 -0.016492 8
2.486223 0.766467 0.079031 8
2.451147 0.681463 -0.006656 8
2.515417 0.651161 0.122459 8
2.513510 0.583886 0.107763 8
2.507791 0.513566 0.084272 8
2.463819 0.417632 -0.023213 8
2.460195 0.345945 -0.043382 8
2.513320 0.312901 0.060209 8
2.471330 0.213200 -0.045037 8
2.495439 0.160001 -0.005791 8
2.515524 0.104159 0.024276 8
2.503964 0.023261 -0.015965 8
2.522530 -0.034208 0.009868 8
2.453743 -0.166058 -0.158792 8
2.537281 -0.168518 0.010545 8
2.514058 -0.264247 -0.058262 8
2.487790 -0.365113 -0.134820 8
2.510813 -0.421006 -0.101587 8
2.540858 -0.469709 -0.052875 8
2.506063 -0.584039 -0.151076 8
2.572552 -0.595140 -0.020647 8
2.530279 -0.721076 -0.137576 8
2.532577 -0.801310 -0.154069 8
2.498254 -0.924581 -0.255275 8
2.507946 -0.999739 -0.256544 8
2.522943 -1.069354 -0.246209 8
2.529432 -1.150066 -0.256189 8
2.359277 1.379865 0.056001 8
2.419672 1.335382 0.176236 8
2.391630 1.263765 0.112458 8
2.377495 1.195549 0.077118 8
2.382672 1.133673 0.081551 8
2.374392 1.066285 0.057539 8
2.409758 1.016602 0.124216 8
2.416334 0.955294 0.130476 8
2.426395 0.895496 0.143654 8
2.443482 0.839166 0.171198 8
2.433001 0.768981 0.140546 8
2.451877 0.713600 0.171129 8
2.459318 0.652172 0.177315 8
2.449321 0.580359 0.146327 8
2.470486 0.526468 0.180671 8
2.465189 0.456258 0.158693 8
2.477221 0.396555 0.172969 8
2.453535 0.312451 0.110950 8
2.441711 0.234872 0.073506 8
2.417774 0.147127 0.009603 8
2.424058 0.080285 0.009611 8
2.471002 0.044775 0.096338 8
2.458745 -0.036968 0.055768 8
2.466105 -0.103835 0.056792 8
2.453382 -0.188488 0.013957 8
2.495037 -0.226485 0.088184 8
2.515889 -0.282217 0.117137 8
2.444151 -0.425042 -0.055905 8
2.461306 -0.486661 -0.036294 8
2.506415 -0.520501 0.044148 8
2.507679 -0.597932 0.028194 8
2.510820 -0.674482 0.015734 8
2.498790 -0.768546 -0.030923 8
2.414971 -0.944728 -0.237816 8
2.422191 -1.022982 -0.243952 8
2.519949 -0.995603 -0.048326 8
2.467224 -1.145512 -0.189554 8
2.500371 -1.193716 -0.139039 8
2.399750 1.468643 0.309228 8
2.394631 1.406284 0.294531 8
2.384102 1.341799 0.268543 8
2.381578 1.279203 0.258337 8
2.379496 1.216356 0.248656 8
2.368292 1.149721 0.220133 8
2.376573 1.089903 0.230683 8
2.395992 1.034703 0.263499 8
2.392842 0.970127 0.250179 8
2.412780 0.915602 0.283425 8
2.396179 0.843957 0.241966 8
2.400940 0.781879 0.243592 8
2.375610 0.703693 0.183383 8
2.417984 0.661062 0.261119 8
2.451150 0.614589 0.319847 8
2.393917 0.515221 0.192843 8
2.394975 0.448716 0.184859 8
2.395741 0.381466 0.175845 8
2.341132 0.276658 0.052120 8
2.299509 0.177523 -0.045648 8
2.322556 0.121955 -0.010255 8
2.342208 0.064259 0.017803 8
2.367893 0.011385 0.058092 8
2.376041 -0.054871 0.061547 8
2.358791 -0.142285 0.011482 8
2.375253 -0.203061 0.031355 8
2.417668 -0.241348 0.105380 8
2.443382 -0.293282 0.144143 8
2.438167 -0.373321 0.117328 8
2.462442 -0.426660 0.152332 8
2.473333 -0.492781 0.158628 8
2.410673 -0.633265 0.007815 8
2.479520 -0.642592 0.136520 8
2.487554 -0.713722 0.135186 8
2.491670 -0.789876 0.124898 8
2.423917 -0.947593 -0.041021 8
2.421069 -1.036026 -0.068136 8
2.441844 -1.098137 -0.044702 8
2.422768 -1.208749 -0.108561 8
2.460799 -1.251036 -0.048526 8
2.324649 1.463550 0.319257 8
2.347318 1.408571 0.359608 8
2.318795 1.338960 0.299181 8
2.337999 1.283185 0.332119 8
2.358434 1.228358 0.367207 8
2.324859 1.154471 0.295701 8
2.330692 1.093981 0.301380 8
2.338457 1.034177 0.310547 8
2.382507 0.989873 0.391062 8
2.395869 0.933291 0.410742 8
2.374900 0.860685 0.362160 8
2.390447 0.804762 0.385502 8
2.376271 0.733727 0.349551 8
2.398853 0.681385 0.386226 8
2.406083 0.620940 0.392087 8
2.400975 0.553090 0.373006 8
2.273802 0.410314 0.109673 8
2.239277 0.319479 0.030458 8
2.224964 0.239613 -0.008914 8
2.245627 0.182105 0.021409 8
2.211483 0.086430 -0.058830 8
2.240442 0.034174 -0.012583 8
2.231320 -0.046005 -0.043494 8
2.264998 -0.094268 0.011686 8
2.286134 -0.151715 0.041232 8
2.291361 -0.222079 0.038127 8
2.279314 -0.307756 -0.000642 8
2.301503 -0.364982 0.029909 8
2.354549 -0.394168 0.123373 8
2.403661 -0.425202 0.208781 8
2.409629 -0.495859 0.205337 8
2.401442 -0.581157 0.172179 8
2.427376 -0.633516 0.209028 8
2.437663 -0.701814 0.213111 8
2.440156 -0.779024 0.200490 8
2.431738 -0.869270 0.164488 8
2.398263 -0.989479 0.075203 8
2.367370 -1.110031 -0.009769 8
2.403692 -1.154189 0.046035 8
2.406360 -1.238517 0.030376 8
2.443987 -1.280593 0.088372 8
2.291692 1.529806 0.414432 8
2.276697 1.465430 0.382298 8
2.282708 1.405959 0.389923 8
2.253096 1.336020 0.329200 8
2.279783 1.282312 0.375714 8
2.303439 1.228417 0.416199 8
2.314504 1.170723 0.432330 8
2.310863 1.107623 0.419993 8
2.347897 1.060251 0.485372 8
2.371373 1.008403 0.524533 8
2.347312 0.936200 0.472047 8
2.331839 0.866543 0.435658 8
2.363185 0.818489 0.489118 8
2.356582 0.752139 0.469140 8
2.364273 0.692592 0.476412 8
2.376686 0.635502 0.492517 8
2.232674 0.488817 0.205088 8
2.146543 0.369585 0.028819 8
2.120764 0.283171 -0.031005 8
2.131767 0.218533 -0.019751 8
2.128333 0.144149 -0.037010 8
2.116606 0.063211 -0.070928 8
2.132958 0.000972 -0.050369 8
2.135265 -0.071570 -0.057688 8
2.166996 -0.122445 -0.007582 8
2.115015 -0.238192 -0.122625 8
2.197831 -0.248395 0.027605 8
2.166334 -0.350608 -0.048153 8
2.224183 -0.378627 0.052544 8
2.246444 -0.436106 0.082529 8
2.272317 -0.490127 0.119425 8
2.311314 -0.531520 0.182298 8
2.365203 -0.557557 0.274892 8
2.403299 -0.597393 0.335812 8
2.420153 -0.657844 0.353831 8
2.369923 -0.788545 0.235970 8
2.383059 -0.855282 0.245354 8
2.403189 -0.914809 0.268533 8
2.400758 -0.999944 0.245373 8
2.379081 -1.108862 0.182201 8
2.359350 -1.218147 0.122094 8
2.350754 -1.316507 0.083984 8
2.394045 -1.352034 0.152301 8
1.792583 6.136269 -0.801777 5
1.706669 6.132357 -0.950796 5
2.263690 1.475843 0.508666 8
2.272654 1.418006 0.521773 8
2.282005 1.360411 0.535339 8
2.304239 1.306927 0.572619 8
2.280577 1.238963 0.524202 8
2.300481 1.184990 0.556624 8
2.277250 1.115544 0.508346 8
2.304152 1.064431 0.553307 8
2.333420 1.015069 0.602489 8
2.343928 0.958444 0.616379 8
2.301828 0.877977 0.531458 8
2.356977 0.841577 0.628437 8
2.321538 0.762081 0.555245 8
2.296866 0.686199 0.501811 8
2.160429 0.548384 0.237504 8
2.052325 0.420027 0.025565 8
2.047121 0.346480 0.006965 8
2.022368 0.260252 -0.049006 8
1.982474 0.162770 -0.134179 8
2.021088 0.113987 -0.071058 8
2.060879 0.067072 -0.005855 8
2.007263 -0.043877 -0.118604 8
2.045690 -0.091708 -0.056600 8
2.002363 -0.199369 -0.150955 8
2.075634 -0.220320 -0.022840 8
2.085874 -0.288533 -0.015518 8
2.086858 -0.364672 -0.026356 8
2.129621 -0.406512 0.042850 8
2.172062 -0.447435 0.111337 8
2.194959 -0.504599 0.141909 8
2.212548 -0.566447 0.161915 8
2.262366 -0.598018 0.244282 8
2.331892 -0.608933 0.365069 8
2.348304 -0.670114 0.382237 8
2.394833 -0.700710 0.458109 8
2.397009 -0.776467 0.446794 8
2.394861 -0.857929 0.426458 8
2.388513 -0.945369 0.397255 8
2.325766 -1.098424 0.255577 8
2.359933 -1.143673 0.305340 8
2.333115 -1.261073 0.233226 8
2.351521 -1.326208 0.250697 8
2.358877 -1.405590 0.245578 8
1.768880 6.179653 -0.661423 5
1.794790 6.052364 -0.591847 5
1.740121 6.015318 -0.677741 5
1.725926 5.933996 -0.686242 5
1.635743 5.931482 -0.840148 5
1.511825 5.959327 -1.057923 5
2.206915 1.475146 0.551049 8
2.260922 1.429108 0.645460 8
2.259033 1.369143 0.638525 8
2.206658 1.293539 0.539843 8
2.184836 1.225459 0.496156 8
2.261777 1.190166 0.631363 8
2.280029 1.136324 0.659931 8
2.273328 1.073319 0.642922 8
2.280521 1.015332 0.650896 8
2.285583 0.956383 0.654735 8
2.233701 0.871866 0.554483 8
2.277895 0.829661 0.629106 8
2.293578 0.774980 0.651519 8
2.240406 0.685470 0.547722 8
2.037664 0.513908 0.169378 8
1.968526 0.406893 0.034824 8
1.947877 0.324156 -0.011343 8
1.915025 0.232673 -0.080415 8
1.909300 0.155880 -0.100050 10
1.912144 0.083668 -0.104275 10
1.917423 0.012519 -0.104360 8
1.919003 -0.061627 -0.111642 10
1.919257 -0.137371 -0.121763 10
1.929534 -0.206550 -0.113664 10
1.971871 -0.251888 -0.046236 8
1.984806 -0.318909 -0.033743 8
2.007734 -0.378165 -0.002907 8
2.042454 -0.427472 0.049752 8
2.066231 -0.485297 0.081724 8
2.117679 -0.518709 0.165471 8
2.120330 -0.594388 0.157258 8
2.159165 -0.637492 0.216954 8
2.257914 -0.622741 0.389963 8
2.360542 -0.600148 0.570785 8
2.321718 -0.714956 0.482999 8
2.341805 -0.772314 0.506741 8
2.337279 -0.855706 0.483126 8
2.371925 -0.898091 0.534104 8
2.335956 -1.018220 0.449121 8
2.335660 -1.101003 0.432031 8
2.290865 -1.237107 0.328286 8
2.311304 -1.299105 0.350067 8
2.327420 -1.366652 0.363100 8
1.919998 6.118060 -0.215050 5
1.857207 6.095187 -0.314626 5
1.868719 5.987366 -0.275022 5
1.842995 5.922177 -0.305614 5
1.730702 5.948875 -0.497669 5
1.571434 6.019519 -0.776401 5
1.495576 5.999020 -0.899690 5
1.381014 6.013946 -1.094353 5
1.426366 5.871366 -0.993787 5
1.199730 5.985676 -1.394350 5
1.386141 3.216725 -0.756786 2
1.442740 2.542584 -0.633562 11
1.465324 2.468514 -0.592751 11
1.425462 1.961739 -0.662757 2
1.986290 1.498445 0.307343 8
2.219318 1.490984 0.714877 8
2.214926 1.430880 0.704118 8
2.223013 1.373863 0.715117 8
2.221617 1.314101 0.709154 8
2.092976 1.213578 0.478204 8
2.237159 1.199829 0.728883 8
2.250095 1.144581 0.747543 8
2.239906 1.080814 0.725046 8
2.237805 1.019532 0.716597 8
2.254153 0.965534 0.740602 8
2.261467 0.907879 0.748364 8
2.271023 0.851173 0.759874 8
2.289404 0.798692 0.786853 8
2.281204 0.733265 0.766291 8
1.882284 0.463534 0.048676 10
1.843975 0.371990 -0.027123 10
1.877580 0.318775 0.025143 10
1.887664 0.252671 0.035137 10
1.867991 0.168370 -0.008497 10
1.880915 0.103056 0.005950 10
1.870030 0.022186 -0.022687 10
1.885662 -0.042030 -0.003988 10
1.884075 -0.118212 -0.016611 10
1.900570 -0.182245 0.003056 10
1.886608 -0.268818 -0.032666 10
1.895934 -0.339075 -0.026638 10
1.918413 -0.399398 0.002952 10
1.946344 -0.455117 0.042224 8
1.975481 -0.509399 0.083489 8
1.968401 -0.594246 0.058390 8
2.043895 -0.607601 0.184007 8
2.153464 -0.587345 0.372322 8
2.187626 -0.632844 0.422431 8
2.190894 -0.707178 0.415458 8
2.249382 -0.728155 0.510110 8
2.330987 -0.723868 0.647666 8
2.320612 -0.811541 0.614742 8
2.334275 -0.875379 0.626022 8
2.310901 -0.979957 0.567838 8
2.318227 -1.052774 0.566405 8
2.349271 -1.099315 0.609082 8
2.312514 -1.224908 0.523942 8
2.328325 -1.290826 0.537137 8
2.300472 -1.410991 0.467269 8
2.327606 -1.464977 0.500997 8
1.913332 6.140859 -0.058653 5
1.939190 6.017235 0.005749 5
1.900493 5.968906 -0.048256 5
1.829707 5.954981 -0.160710 5
1.768441 5.928469 -0.255751 5
1.618926 5.991886 -0.510280 5
1.607647 5.908595 -0.514686 5
1.359516 6.060211 -0.945645 5
1.282838 6.035357 -1.067276 5
1.202001 6.011879 -1.196254 5
1.126727 5.980613 -1.315172 5
1.013249 5.980902 -1.502166 5
1.443813 3.258070 -0.487757 2
1.410764 3.193440 -0.540790 2
1.461358 3.108109 -0.450440 2
1.391097 3.051108 -0.567834 2
1.414304 2.973204 -0.525075 12
1.260791 2.927921 -0.785613 12
1.183052 2.864926 -0.916362 12
1.392203 2.758807 -0.555765 12
1.372220 2.688637 -0.588127 12
1.277223 2.625571 -0.749200 12
1.541807 2.528741 -0.294838 11
1.473776 2.463716 -0.410275 11
1.482364 2.392621 -0.394796 11
1.485480 2.322048 -0.388944 11
1.471327 2.251782 -0.412908 11
1.438523 2.180820 -0.469050 11
1.427315 2.109228 -0.488493 11
1.486463 2.040480 -0.387779 11
1.527051 1.972684 -0.319076 11
1.293107 1.883209 -0.720636 2
1.357273 1.815587 -0.612119 2
1.383701 1.745671 -0.568463 2
1.973102 1.507767 0.430871 8
2.171344 1.492007 0.768474 8
2.177056 1.434599 0.775487 8
2.175530 1.375217 0.769847 8
2.180131 1.317343 0.774516 8
2.192717 1.261897 0.792709 8
2.204078 1.206271 0.808594 8
2.192998 1.142923 0.785604 8
2.205378 1.087550 0.802812 8
2.242313 1.041948 0.862206 8
2.227314 0.976152 0.831748 8
2.238801 0.920817 0.846806 8
2.217648 0.850866 0.805162 8
2.237450 0.798960 0.834160 8
2.242121 0.740020 0.836737 8
1.834134 0.469666 0.122518 10
1.856500 0.411147 0.154557 10
1.843955 0.333716 0.125630 10
1.852542 0.267341 0.133175 10
1.831927 0.183369 0.089499 10
1.831149 0.110147 0.080077 10
1.836609 0.040239 0.081249 10
1.818935 -0.045354 0.041587 10
1.862501 -0.090668 0.108979 10
1.858885 -0.167978 0.093336 10
1.850191 -0.249878 0.068392 10
1.867654 -0.313363 0.089179 10
1.860888 -0.395546 0.066911 10
1.866992 -0.468654 0.067016 8
1.871457 -0.543689 0.063881 10
1.924673 -0.578412 0.146998 8
1.972267 -0.616402 0.220091 8
2.026819 -0.646873 0.305546 8
2.073884 -0.682505 0.377630 8
2.146259 -0.693073 0.495011 8
2.254291 -0.666701 0.676572 8
2.250592 -0.746353 0.657588 8
2.268859 -0.804968 0.677786 8
2.262065 -0.889801 0.652422 8
2.289322 -0.939794 0.688289 8
2.277304 -1.032465 0.652605 8
2.279992 -1.110521 0.643154 8
2.276727 -1.196539 0.622391 8
2.247795 -1.314272 0.554097 8
2.273049 -1.369708 0.584562 8
2.293611 -1.430913 0.606146 8
2.289456 -1.523643 0.581749 8
1.888175 6.185652 0.060094 5
1.895884 6.083088 0.089940 5
1.919587 5.964413 0.147583 5
1.839994 5.961981 0.021801 5
1.765413 5.951292 -0.094905 5
1.635608 5.995812 -0.308657 5
1.030018 6.099208 -1.293390 5
1.001422 6.022931 -1.328317 5
0.933354 5.980992 -1.431975 5
1.322046 3.422546 -0.534555 6
1.365143 3.335442 -0.458275 2
1.378125 3.258383 -0.432794 2
1.337896 3.195416 -0.496694 6
1.388434 3.110170 -0.408876 2
1.381809 3.039226 -0.417015 2
1.323428 2.978298 -0.511940 6
1.360112 2.898705 -0.448141 6
1.358083 2.826732 -0.449322 12
1.331996 2.758171 -0.490937 12
1.479720 2.667956 -0.242515 12
1.590220 2.587097 -0.056601 11
1.582354 2.520229 -0.068583 11
1.665678 2.447272 0.071407 11
1.632780 2.382796 0.017179 11
1.615067 2.316731 -0.011927 11
1.607502 2.249947 -0.024323 11
1.549565 2.182429 -0.121000 11
1.617839 2.116255 -0.007300 11
1.594831 2.048367 -0.046153 11
1.597443 1.981239 -0.042480 11
1.374735 1.895472 -0.415162 2
1.362878 1.822772 -0.436174 2
1.391286 1.754356 -0.390198 2
1.326254 1.673943 -0.500528 6
1.925872 1.509482 0.493113 8
2.027398 1.470717 0.660494 8
2.138284 1.437912 0.843498 8
2.164726 1.386341 0.885015 8
2.182566 1.333070 0.911958 8
2.181103 1.274310 0.906351 8
2.200885 1.222176 0.936191 8
2.174226 1.154485 0.887866 8
2.160969 1.090371 0.861790 8
2.192127 1.042504 0.910172 8
2.221529 0.994819 0.955466 8
2.201860 0.927177 0.917944 8
2.164757 0.850681 0.850739 8
2.176984 0.795174 0.866462 8
2.197593 0.743804 0.896158 8
1.808916 0.486991 0.233398 10
1.793021 0.409049 0.200215 10
1.809208 0.347387 0.221085 10
1.827288 0.286921 0.244957 10
1.803949 0.202418 0.198242 10
1.798722 0.127332 0.181961 10
1.795322 0.052559 0.168479 10
1.797436 -0.019423 0.164093 10
1.797789 -0.093161 0.156405 10
1.840077 -0.138593 0.220155 10
1.807705 -0.236134 0.155887 10
1.821336 -0.302032 0.170074 10
1.808720 -0.387981 0.138897 10
1.829794 -0.449035 0.165317 10
1.846209 -0.513713 0.183488 10
1.863144 -0.578080 0.202311 8
1.886197 -0.637368 0.231476 8
1.940114 -0.669572 0.313958 8
1.991921 -0.702062 0.392771 8
2.045127 -0.731747 0.474013 8
2.198723 -0.664959 0.730418 8
2.227460 -0.712689 0.769284 8
2.264818 -0.751421 0.823106 8
2.257512 -0.834881 0.798410 8
2.246754 -0.923413 0.767195 8
2.247012 -1.001821 0.754934 8
2.286805 -1.037932 0.812206 8
2.277893 -1.127968 0.783041 8
2.174590 -1.328643 0.585525 8
2.182870 -1.404543 0.585525 8
2.266128 -1.390667 0.719192 8
1.968014 6.015651 0.373102 5
1.898002 6.005733 0.266431 5
1.865545 5.951963 0.224597 5
1.749738 5.987699 0.039377 5
1.686874 5.963023 -0.054587 5
1.646237 5.913617 -0.110473 5
0.869168 6.070107 -1.349529 5
0.832840 5.999025 -1.397394 5
0.744456 5.970873 -1.533132 5
1.210449 3.588488 -0.560576 6
1.261366 3.495975 -0.472988 6
1.282520 3.414710 -0.434428 6
1.288152 3.338952 -0.421522 6
1.316871 3.257581 -0.371154 2
1.333270 3.180583 -0.341188 2
1.334734 3.107845 -0.335856 2
1.353460 3.031776 -0.302600 12
1.380459 2.955027 -0.256108 12
1.351026 2.889202 -0.301866 12
1.385543 2.812599 -0.243608 12
1.408383 2.739000 -0.204631 12
1.426066 2.666974 -0.174294 12
1.374121 2.602650 -0.257572 12
1.577453 2.515718 0.074571 11
1.610873 2.447018 0.129809 11
1.573748 2.382782 0.070003 11
1.569563 2.316348 0.063610 11
1.567528 2.249768 0.060507 11
1.533975 2.182837 0.005900 11
1.564344 2.116420 0.055116 11
1.584882 2.050631 0.088125 11
1.478838 1.977520 -0.085123 11
1.274684 1.892502 -0.418358 2
1.299163 1.822786 -0.379630 6
1.281764 1.748922 -0.409319 2
1.295172 1.678500 -0.389063 2
1.255358 1.600214 -0.455750 6
1.766948 1.551699 0.374116 8
1.850944 1.505295 0.508934 8
1.967635 1.469251 0.697018 8
2.103642 1.442081 0.916613 8
2.129547 1.390588 0.956378 8
2.118364 1.329330 0.935379 8
2.141240 1.277715 0.969869 8
2.122092 1.213224 0.935445 8
2.116206 1.152255 0.922502 8
2.166577 1.110969 1.001527 8
2.158552 1.049238 0.984721 8
2.157801 0.989778 0.979633 8
2.183297 0.940886 1.017444 8
2.165655 0.873843 0.984220 8
2.189924 0.824827 1.019686 8
2.196173 0.767825 1.025344 8
2.225771 0.722219 1.069296 8
2.182308 0.639792 0.992593 8
1.799889 0.374053 0.355720 10
1.760846 0.282857 0.284975 10
1.779110 0.222481 0.308685 10
1.797597 0.162417 0.332577 10
1.777052 0.078482 0.291518 10
1.729425 -0.024171 0.205114 8
1.770078 -0.071388 0.265080 10
1.800427 -0.124556 0.307783 10
1.781339 -0.211755 0.267879 10
1.788545 -0.281511 0.271517 10
1.770540 -0.370465 0.232717 10
1.779812 -0.440100 0.239226 10
1.808203 -0.495065 0.277561 10
1.801742 -0.577862 0.257149 10
1.826627 -0.635694 0.289163 10
1.872333 -0.675449 0.356117 8
1.871382 -0.755076 0.344167 8
2.078311 -0.647830 0.683837 8
2.111331 -0.693023 0.729496 8
2.201782 -0.682921 0.872659 8
2.212230 -0.747505 0.879849 8
2.205991 -0.829294 0.858291 8
2.234185 -0.877097 0.895238 8
2.265039 -0.921749 0.936604 8
2.212586 -1.055747 0.834698 8
2.201755 -1.147691 0.803684 8
2.222192 -1.206065 0.826175 8
2.165124 -1.354393 0.714285 8
2.223744 -1.369973 0.802235 8
2.210679 -1.470696 0.765561 8
1.908740 6.100390 0.423545 5
1.918960 5.998901 0.454142 5
1.874957 5.959522 0.393308 5
1.776057 5.978668 0.240552 5
1.652898 6.019690 0.047629 5
1.623889 5.958524 0.012062 5
1.550151 5.942260 -0.098063 5
0.684415 6.057003 -1.440313 5
0.664353 5.970385 -1.460985 5
0.563965 5.948026 -1.613372 5
1.212692 3.416211 -0.385349 6
1.245376 3.332873 -0.329843 2
1.233621 3.262601 -0.345414 2
1.257560 3.183514 -0.304342 2
1.423715 3.073662 -0.037139 12
1.397246 3.009753 -0.076862 12
1.395908 2.940360 -0.076785 12
1.329759 2.882113 -0.179966 12
1.361463 2.806783 -0.127739 12
1.345013 2.739191 -0.152272 12
1.347819 2.668905 -0.146402 12
1.509864 2.583207 0.112223 11
1.521594 2.515459 0.131818 11
1.550965 2.447104 0.179230 11
1.526614 2.382248 0.141134 11
1.551106 2.315260 0.180406 11
1.544000 2.249450 0.169313 11
1.553566 2.183544 0.184503 11
1.564490 2.118007 0.201658 11
1.565212 2.052380 0.202425 11
1.622693 1.990280 0.293141 11
1.233506 1.894330 -0.325750 2
1.253991 1.824595 -0.294243 2
1.275705 1.755637 -0.260981 2
1.255605 1.681742 -0.294362 2
1.180942 1.598703 -0.414703 6
1.747158 1.495252 0.479917 8
1.895363 1.464981 0.713641 8
2.058605 1.443550 0.971325 8
2.095245 1.394877 1.027359 8
2.091083 1.335954 1.018236 8
2.099310 1.280338 1.028692 8
2.097084 1.221484 1.022307 8
2.092178 1.161397 1.011460 8
2.106321 1.107579 1.030859 8
2.122150 1.054629 1.052803 8
2.117266 0.993882 1.041461 8
2.149097 0.947665 1.088709 8
2.153327 0.890495 1.091622 8
2.150799 0.830110 1.083521 8
2.115790 0.754091 1.023091 8
2.159366 0.714548 1.088613 8
2.139698 0.644303 1.052373 8
2.157301 0.592448 1.075863 8
1.719956 0.292739 0.366214 10
1.744270 0.236090 0.399469 10
1.726495 0.155226 0.364616 10
1.728109 0.084814 0.360799 10
1.697895 -0.006062 0.305234 10
1.723271 -0.062855 0.339374 10
1.758841 -0.112443 0.389897 10
1.735166 -0.202010 0.344071 10
1.746288 -0.268582 0.354481 10
1.727291 -0.357433 0.315609 10
1.763827 -0.406059 0.366962 10
1.746395 -0.495689 0.330045 10
1.815770 -0.517742 0.434784 10
1.770312 -0.631607 0.351407 10
1.813126 -0.674098 0.412383 8
1.890448 -0.685715 0.530027 8
2.003804 -0.662709 0.707154 8
2.171983 -0.585405 0.975095 8
2.218759 -0.614563 1.043070 8
2.173987 -0.730188 0.959420 8
2.161138 -0.817572 0.928150 8
2.189700 -0.864873 0.965337 8
2.168503 -0.963191 0.919488 8
2.181475 -1.027519 0.930210 8
2.121330 -1.171561 0.818331 8
2.152179 -1.218929 0.858260 8
2.183600 -1.265261 0.899019 8
2.191393 -1.338670 0.899841 8
2.203971 -1.407278 0.908426 8
1.885933 6.053433 0.547277 5
1.863097 5.990625 0.522074 5
1.803315 5.968211 0.436455 5
1.727127 5.961491 0.324204 5
1.629220 5.974767 0.176850 5
1.569709 5.945504 0.091969 5
1.483168 5.941313 -0.036597 5
1.421179 5.910451 -0.125365 5
1.410392 5.829613 -0.131633 5
0.591099 6.067626 -1.389866 5
0.574223 5.978218 -1.405604 5
0.461654 5.964136 -1.574056 5
1.070738 3.438842 -0.448659 6
1.160465 3.338618 -0.305951 2
1.105303 3.279085 -0.388785 2
1.534113 3.102367 0.280194 2
1.348240 3.076891 -0.006205 12
1.386641 2.999495 0.055614 12
1.353279 2.936938 0.005828 12
1.400775 2.859847 0.081343 12
1.394045 2.792708 0.072522 12
1.443808 2.718022 0.151131 12
1.467649 2.648177 0.189334 12
1.539963 2.574595 0.302487 11
1.564095 2.507454 0.340751 11
1.583063 2.441549 0.370829 11
1.548282 2.378723 0.317444 11
1.525886 2.314389 0.283086 11
1.565668 2.248748 0.344898 11
1.564075 2.184147 0.342429 11
1.567555 2.119616 0.347650 11
1.521909 2.053029 0.276577 11
1.561946 1.990063 0.338104 11
1.569686 1.925897 0.349415 2
1.114521 1.817216 -0.357005 6
1.614499 1.801505 0.417012 2
1.105117 1.670226 -0.374089 6
0.915274 1.568604 -0.670102 10
1.776396 1.512463 0.660712 8
1.942338 1.487117 0.916475 8
1.963934 1.433087 0.948003 8
2.081892 1.404359 1.129177 8
2.050079 1.338552 1.077456 8
2.080554 1.289607 1.122438 8
2.092633 1.235817 1.138672 8
2.067316 1.169914 1.096523 8
2.063820 1.110402 1.088172 8
2.077447 1.056746 1.106351 8
2.095232 1.004896 1.130880 8
2.130499 0.960440 1.182576 8
2.121850 0.898460 1.165560 8
2.117127 0.837544 1.154494 8
2.152293 0.794417 1.205670 8
2.153405 0.735961 1.203426 8
2.136476 0.668178 1.172726 8
2.116900 0.597964 1.137647 8
2.146051 0.552700 1.178855 8
2.170943 0.505759 1.213271 8
1.694490 0.170662 0.458667 10
1.689767 0.097125 0.445394 10
1.664872 0.010395 0.400073 10
1.716228 -0.029452 0.474815 10
1.734815 -0.089348 0.497720 10
1.731153 -0.164194 0.485256 10
1.713176 -0.249858 0.449859 10
1.715871 -0.322120 0.446943 10
1.754316 -0.368547 0.500579 10
1.705850 -0.480268 0.415880 10
1.755913 -0.517715 0.487658 10
1.748153 -0.600344 0.467160 10
1.711467 -0.708085 0.400142 10
1.830979 -0.685668 0.582612 8
1.967971 -0.643520 0.793426 8
2.136173 -0.568094 1.054786 8
2.200545 -0.581125 1.149816 8
2.174248 -0.677422 1.098880 8
2.157417 -0.766757 1.062795 8
2.155560 -0.843055 1.050541 8
2.146137 -0.928127 1.025729 8
2.206338 -0.942397 1.113566 8
2.092864 -1.139500 0.919030 8
2.114833 -1.195960 0.944155 8
2.118505 -1.272891 0.939219 8
2.136674 -1.334318 0.957702 8
2.164653 -1.384604 0.992064 8
1.791070 6.179131 0.540639 5
1.830729 6.044741 0.615142 5
1.786528 6.005551 0.555938 5
1.781091 5.923957 0.558093 5
1.655060 5.969331 0.369277 5
1.475759 6.064074 0.096812 5
1.480628 5.967930 0.115198 5
1.439411 5.918041 0.060758 5
1.383131 5.881676 -0.017423 5
1.318690 5.851391 -0.108413 5
0.514362 6.064628 -1.313202 5
0.491906 5.979816 -1.337924 5
0.496431 5.874368 -1.321018 5
0.233702 5.970269 -1.718520 5
1.466794 3.373412 0.307358 6
1.535866 3.285910 0.414966 6
1.483495 3.233965 0.338028 2
1.502530 3.162369 0.369300 2
1.520110 3.092020 0.398176 6
1.288472 3.076652 0.049143 12
1.466258 2.971576 0.320517 6
1.497179 2.899676 0.369103 6
1.451148 2.841698 0.300976 6
1.504817 2.767580 0.383658 6
1.509814 2.701784 0.392473 6
1.460389 2.642399 0.318775 6
1.476782 2.575139 0.344525 6
1.533803 2.505371 0.431574 11
1.521917 2.441815 0.414213 11
1.499626 2.378351 0.380963 11
1.511787 2.313262 0.399668 11
1.500787 2.248816 0.383187 11
1.476395 2.183882 0.346296 11
1.503586 2.119434 0.387265 11
1.490570 2.054167 0.367265 11
1.541403 1.992273 0.443689 2
1.495640 1.924569 0.373840 2
1.506393 1.860587 0.389327 2
1.516234 1.796791 0.403282 2
1.549236 1.736244 0.452141 2
1.512484 1.666458 0.395264 6
1.035622 1.522775 -0.328239 10
0.995345 1.441809 -0.391014 10
1.703781 1.508768 0.680399 8
1.790434 1.465322 0.809942 8
1.890086 1.427798 0.959134 8
2.019190 1.401041 1.152967 8
2.079798 1.360142 1.242876 8
2.072719 1.301687 1.229970 8
2.063199 1.242008 1.213202 8
2.035079 1.175723 1.168012 8
2.046986 1.121858 1.183487 8
2.109241 1.086285 1.275428 8
2.106400 1.028063 1.268245 8
2.123823 0.977478 1.291771 8
2.093603 0.907447 1.242568 8
2.115353 0.858501 1.272413 8
2.112246 0.798778 1.264212 8
2.116313 0.741955 1.266806 8
2.107902 0.678794 1.250175 8
2.072113 0.600987 1.191477 8
2.114003 0.562401 1.251467 8
2.117218 0.503828 1.252128 8
2.125418 0.447751 1.260278 8
2.105921 0.375290 1.225751 8
2.143055 0.335875 1.278034 8
1.681293 -0.014712 0.562650 10
1.693253 -0.078459 0.575222 10
1.664565 -0.169424 0.524947 10
1.674808 -0.235496 0.534457 10
1.689404 -0.298757 0.550511 10
1.685408 -0.375653 0.537627 10
1.726021 -0.420056 0.593617 10
2.115979 -0.194536 1.191500 8
1.689471 -0.599200 0.522433 10
2.129909 -0.318222 1.199937 8
2.168105 -0.354651 1.252528 8
2.166324 -0.424432 1.242703 8
2.157308 -0.501457 1.221341 8
2.125425 -0.600354 1.163918 8
2.134055 -0.664098 1.169600 8
2.139972 -0.730922 1.170819 8
2.115041 -0.828391 1.123305 8
2.128311 -0.889979 1.135579 8
2.095696 -0.998750 1.075242 8
2.138435 -1.031454 1.133590 8
2.159094 -1.086749 1.156933 8
2.160912 -1.162758 1.150210 8
2.132591 -1.273610 1.095265 8
2.136847 -1.349796 1.091753 8
2.161175 -1.403481 1.120016 8
1.783385 6.205318 0.673396 5
1.811555 6.084239 0.727485 5
1.780643 6.030945 0.689757 5
1.750391 5.976678 0.652928 5
1.695583 5.947965 0.578148 5
1.349037 6.031374 0.074708 5
1.330932 5.957598 0.056538 5
1.303763 5.892605 0.024320 5
1.266177 5.836977 -0.023942 5
0.473601 6.033165 -1.182926 5
0.512160 5.901727 -1.115472 5
0.425995 5.867420 -1.236941 5
0.354315 5.819875 -1.336515 5
1.441774 3.430605 0.405758 6
1.448111 3.361438 0.417772 6
1.467820 3.288977 0.449436 6
1.486662 3.217695 0.479639 2
1.478571 3.154012 0.469797 6
1.444045 3.096385 0.420695 2
1.450110 3.029080 0.431532 6
1.470990 2.959263 0.464126 6
1.443261 2.899066 0.424686 6
1.479150 2.827753 0.479162 6
1.464911 2.765088 0.459386 6
1.433482 2.704262 0.414075 6
1.491506 2.632563 0.500792 6
1.416957 2.575368 0.391514 6
1.448208 2.507602 0.438381 11
1.470928 2.441479 0.472498 11
1.481768 2.376687 0.488926 11
1.479844 2.312629 0.486364 11
1.441480 2.248836 0.429858 6
1.516512 2.184711 0.540646 11
1.510464 2.121062 0.531577 11
1.533584 2.058426 0.565441 11
1.504800 1.993448 0.522519 11
1.466126 1.926680 0.464844 6
1.473337 1.862824 0.474793 2
1.479600 1.799027 0.483203 2
1.461412 1.732219 0.455345 2
1.486253 1.670916 0.490927 6
1.389217 1.590567 0.346220 6
1.028883 1.459489 -0.188016 10
1.100538 1.400780 -0.083778 10
1.714684 1.460447 0.822959 8
1.847631 1.429895 1.017985 8
1.887693 1.380672 1.075498 8
1.952764 1.339305 1.169961 8
2.047526 1.308432 1.308364 8
2.042810 1.250691 1.299300 8
2.012518 1.184392 1.252171 8
2.012645 1.127016 1.250001 8
2.060152 1.086181 1.318032 8
2.068869 1.032320 1.328391 8
2.063531 0.972992 1.317744 8
2.091044 0.926590 1.355801 8
2.066543 0.858667 1.316377 8
2.081993 0.807295 1.336253 8
2.062085 0.739747 1.303336 8
2.094808 0.696467 1.348709 8
2.069991 0.625204 1.308151 8
2.051132 0.555701 1.276285 8
2.115812 0.530048 1.369081 8
2.056861 0.437483 1.276954 8
2.060877 0.378518 1.278791 8
2.119410 0.351724 1.362176 8
2.120672 0.291455 1.359663 8
2.140435 0.242478 1.384771 8
2.091382 0.148665 1.306352 8
2.106817 0.095878 1.324634 8
2.083885 0.016453 1.285011 8
2.113267 -0.027062 1.324013 8
1.671112 -0.417247 0.651163 10
2.074309 -0.186354 1.254105 8
2.083301 -0.246068 1.261847 8
2.128498 -0.277162 1.324283 8
2.104155 -0.364136 1.281211 8
2.113887 -0.424202 1.289603 8
2.074003 -0.527525 1.222361 8
2.076875 -0.595511 1.219869 8
2.147153 -0.602920 1.320005 8
2.105603 -0.712254 1.249388 8
2.175302 -0.718130 1.348589 8
2.111469 -0.852364 1.243241 8
2.088563 -0.949555 1.200172 8
2.086057 -1.027921 1.188112 8
2.087405 -1.103418 1.181724 8
2.070926 -1.199114 1.147575 8
2.053123 -1.298230 1.111021 8
2.059681 -1.372016 1.111823 8
2.132358 -1.370568 1.214997 8
1.760778 6.159558 0.790056 5
1.754645 6.078495 0.790081 5
1.733059 6.015122 0.766637 5
1.711094 5.952343 0.742470 5
1.538389 6.045322 0.492298 5
1.265836 5.955255 0.119865 5
1.287278 5.845713 0.160080 5
1.182909 5.850719 0.013112 5
1.170410 5.772063 0.002574 5
1.044325 5.790493 -0.176410 5
0.337951 6.077534 -1.196314 5
0.458906 5.882628 -1.009731 5
0.445122 5.794140 -1.022215 5
0.361342 5.756795 -1.137870 5
-0.080698 5.969356 -1.779962 5
1.407881 3.423074 0.491473 6
1.412324 3.354949 0.500241 6
1.446028 3.279067 0.551191 2
1.427423 3.218320 0.526336 2
1.405648 3.157942 0.496786 2
1.407706 3.091603 0.501559 2
1.376461 3.032559 0.458092 6
1.381251 2.965655 0.466555 6
1.386760 2.898959 0.475922 6
1.402201 2.831020 0.499489 6
1.400388 2.766211 0.498019 6
1.397428 2.701612 0.494765 6
1.456870 2.630212 0.581403 6
1.433522 2.568553 0.548476 6
1.449975 2.503184 0.572833 11
1.414448 2.441484 0.522100 11
1.432498 2.376397 0.548506 11
1.450955 2.311941 0.575370 11
1.450366 2.248286 0.574645 11
1.493021 2.184981 0.636148 11
1.513626 2.122544 0.665735 11
1.455671 2.057484 0.581921 11
1.396827 1.990390 0.496690 2
1.448411 1.929607 0.570577 2
1.464732 1.867237 0.593493 2
1.457922 1.802812 0.582921 2
1.474905 1.741060 0.606548 2
1.388952 1.665063 0.481515 6
1.381518 1.598583 0.469636 6
1.282452 1.515510 0.325334 6
1.055120 1.404056 -0.004397 10
1.704500 1.469509 0.931931 8
1.719601 1.412392 0.952213 8
1.807699 1.373495 1.077895 8
1.822779 1.318277 1.097967 8
1.983171 1.303989 1.328114 8
1.990945 1.249729 1.337492 8
2.023905 1.203426 1.383219 8
2.024865 1.147418 1.382530 8
1.997057 1.081141 1.340041 8
2.023451 1.033503 1.375967 8
1.991041 0.963897 1.326523 8
2.011019 0.913921 1.352931 8
2.035422 0.866204 1.385672 8
2.034222 0.807811 1.381133 8
2.044935 0.754469 1.393786 8
2.055906 0.701280 1.406706 8
2.010655 0.620393 1.337675 8
2.063853 0.587806 1.411836 8
2.049195 0.520808 1.387056 8
2.054599 0.463847 1.391377 8
2.048173 0.399926 1.378300 8
2.029956 0.328378 1.347840 8
2.039751 0.272621 1.358160 8
2.078694 0.234962 1.411028 8
2.079226 0.173528 1.407574 8
2.088021 0.117065 1.416091 8
2.059858 0.035099 1.370228 8
2.090813 -0.006937 1.411001 8
2.093860 -0.068552 1.410657 8
2.141843 -0.097194 1.476332 8
2.093172 -0.198505 1.399516 8
2.077936 -0.276214 1.371715 8
2.127325 -0.303080 1.439183 8
2.064659 -0.421445 1.340875 8
2.101272 -0.458833 1.389219 8
2.114630 -0.515696 1.403025 8
2.084462 -0.611699 1.352055 8
2.086808 -0.680084 1.349126 8
2.110095 -0.729575 1.377196 8
2.041960 -0.866844 1.268815 8
2.016380 -0.966285 1.223486 8
2.039877 -1.018420 1.251241 8
2.041647 -1.092901 1.246329 8
2.071493 -1.138701 1.283330 8
2.087533 -1.199067 1.299493 8
2.070296 -1.296567 1.265390 8
2.060321 -1.387894 1.241905 8
1.735867 6.118143 0.899564 5
1.709379 6.060473 0.868917 5
1.695472 5.989399 0.856549 5
1.668338 5.932602 0.824700 5
1.513128 6.005653 0.606044 5
1.161815 5.898749 0.133623 5
1.121788 5.844687 0.082985 5
1.097120 5.776766 0.054455 5
1.045709 5.731180 -0.012792 5
0.961633 5.711046 -0.127160 5
0.412420 5.859191 -0.896609 5
0.401684 5.769209 -0.905111 5
0.338245 5.717337 -0.989368 5
-0.168375 5.971118 -1.708521 5
1.339556 3.426472 0.526539 6
1.348776 3.356814 0.541655 2
1.358880 3.287491 0.557886 2
1.379405 3.216065 0.588700 2
1.355308 3.156339 0.556399 2
1.350648 3.091648 0.551424 6
1.351221 3.025910 0.553717 6
1.332082 2.964140 0.528093 6
1.343315 2.896606 0.545186 6
1.330255 2.833428 0.527914 6
1.313078 2.770532 0.504730 6
1.352932 2.700105 0.561802 6
1.338625 2.636939 0.542435 6
1.427177 2.564034 0.667858 11
1.432479 2.500337 0.675880 11
1.432948 2.437159 0.676981 11
1.426148 2.374347 0.667735 11
1.431219 2.311050 0.675097 11
1.439004 2.247920 0.686170 11
1.422378 2.184852 0.662755 11
1.429568 2.121818 0.672771 11
1.380926 2.056694 0.604044 11
1.379580 1.992662 0.601814 11
1.365061 1.927555 0.580915 2
1.393007 1.865766 0.619723 2
1.407846 1.803416 0.639959 2
1.423873 1.741614 0.661765 2
1.342360 1.666501 0.545998 6
1.283352 1.592094 0.461799 6
1.032733 1.482195 0.107301 10
1.029283 1.410946 0.101083 10
1.034619 1.341223 0.107132 10
1.616750 1.401026 0.926878 8
1.668963 1.352312 0.999075 8
1.722086 1.305402 1.072494 8
1.876343 1.287943 1.288680 8
1.650754 1.164423 0.968278 8
1.611949 1.090779 0.911513 8
1.971078 1.145602 1.417215 8
2.031165 1.109656 1.500245 8
2.027564 1.052511 1.493121 8
2.057203 1.007563 1.532948 8
1.933969 0.902758 1.356171 8
1.980183 0.863477 1.419247 8
1.993007 0.811089 1.434937 8
2.019173 0.764820 1.469464 8
2.045700 0.719306 1.504433 8
1.986262 0.632636 1.417226 8
2.009437 0.585049 1.447219 8
2.048933 0.546428 1.500352 8
2.077836 0.503120 1.538364 8
2.057365 0.432849 1.505993 8
2.015981 0.349285 1.443651 8
2.065554 0.317966 1.510837 8
2.018538 0.228575 1.440122 8
2.022555 0.169278 1.442082 8
2.078156 0.143348 1.517681 8
2.017270 0.040569 1.426570 8
2.011868 -0.026700 1.414647 8
2.033737 -0.075330 1.441670 8
2.063564 -0.117867 1.480033 8
2.056429 -0.187679 1.465235 8
2.058569 -0.251260 1.463607 8
2.055565 -0.319521 1.454430 8
2.040485 -0.398458 1.427685 8
2.079020 -0.433916 1.478091 8
2.085199 -0.496247 1.481726 8
2.089047 -0.561143 1.481848 8
2.037305 -0.676782 1.401321 8
2.056513 -0.730031 1.423300 8
2.013057 -0.842569 1.354202 8
1.993009 -0.935317 1.318781 8
2.027992 -0.975383 1.363195 8
2.042029 -1.036072 1.377024 8
1.991552 -1.164105 1.296535 8
1.976192 -1.258307 1.266964 8
2.012163 -1.298598 1.312272 8
1.683033 6.108802 0.965903 5
1.667773 6.039313 0.951305 5
1.637107 5.986396 0.914650 5
1.576365 5.963914 0.835191 5
1.059276 5.840191 0.150019 5
0.983616 5.815396 0.049795 5
0.975098 5.733158 0.043984 5
0.900821 5.704308 -0.054332 5
0.890120 5.623642 -0.063435 5
0.285930 5.895955 -0.898193 5
0.409268 5.708360 -0.719491 5
0.277889 5.705391 -0.897347 5
-0.304493 6.006026 -1.705012 5
1.239597 3.439467 0.518372 6
1.299006 3.354692 0.602196 2
1.284195 3.292324 0.583494 2
1.256992 3.232857 0.547613 2
1.273136 3.162391 0.571397 6
1.284291 3.093779 0.588188 2
1.264171 3.032137 0.561780 6
1.230356 2.972587 0.516416 12
1.239888 2.904644 0.530662 12
1.239237 2.838748 0.530780 12
1.287390 2.766193 0.597980 12
1.301422 2.699516 0.618093 12
1.293099 2.635777 0.607333 6
1.349253 2.566074 0.685204 11
1.374803 2.500529 0.720851 11
1.364859 2.437904 0.707558 11
1.369709 2.374400 0.714523 11
1.369133 2.311222 0.713924 11
1.413915 2.247677 0.775630 11
1.406805 2.185174 0.765848 11
1.378358 2.121912 0.726616 11
1.325441 2.056705 0.653619 11
1.276311 1.989955 0.585726 2
1.284642 1.925767 0.596790 2
1.333093 1.865385 0.662967 2
1.319807 1.799964 0.644091 2
1.295906 1.732717 0.610500 2
1.215955 1.656800 0.499639 6
1.028363 1.561422 0.240433 10
1.021829 1.490819 0.230368 10
0.998707 1.416718 0.197342 10
1.039103 1.354683 0.251702 10
1.572818 1.403001 0.985789 8
1.611326 1.351011 1.037557 8
1.667127 1.304516 1.113099 8
1.839499 1.291328 1.349364 8
1.851892 1.237600 1.364971 8
1.970379 1.216443 1.526918 8
1.968481 1.160292 1.522686 8
2.005673 1.117092 1.572349 8
2.008631 1.062715 1.574660 8
2.013475 1.008879 1.579490 8
1.867264 0.895919 1.375351 8
1.970679 0.879444 1.516281 8
1.985733 0.828662 1.534946 8
1.987019 0.771983 1.534468 8
2.006861 0.723557 1.559606 8
1.967753 0.647275 1.502949 8
1.960395 0.584983 1.490172 8
2.008329 0.550475 1.554020 8
2.000047 0.487363 1.539773 8
1.990675 0.422930 1.523894 8
1.986530 0.360688 1.515157 8
2.003283 0.310115 1.535383 8
1.999695 0.247360 1.527207 8
2.036071 0.208959 1.574600 8
2.043787 0.152966 1.581987 8
2.047787 0.094278 1.584089 8
1.926886 -0.050054 1.411630 8
1.978991 -0.078206 1.480614 8
1.970407 -0.148718 1.464687 8
1.994707 -0.195806 1.494659 8
1.985740 -0.267905 1.477937 8
2.027738 -0.301182 1.532557 8
2.040635 -0.356783 1.546291 8
2.009314 -0.448956 1.497768 8
2.022380 -0.505707 1.511473 8
2.050406 -0.549728 1.546146 8
1.995173 -0.667160 1.463350 8
1.992899 -0.739697 1.454994 8
2.032412 -0.774318 1.505536 8
1.929412 -0.943809 1.354389 8
1.966289 -0.982473 1.400896 8
2.003376 -1.020220 1.447664 8
2.003405 -1.095082 1.441756 8
2.074772 -1.096475 1.537133 8
1.890154 -1.368916 1.268026 8
1.646188 6.082748 1.053468 5
1.631190 6.013721 1.038832 5
1.560518 6.002336 0.947019 5
1.540817 5.937674 0.925724 5
0.948417 5.787872 0.155479 5
0.883882 5.751883 0.072388 5
0.874992 5.670261 0.065448 5
0.841781 5.607928 0.025113 5
0.702334 5.624832 -0.160451 5
0.305356 5.728728 -0.692220 5
0.364858 5.592067 -0.606046 5
-0.422287 6.027676 -1.673403 5
-0.497298 5.969053 -1.770062 5
0.704589 4.278852 -0.094927 13
0.655916 4.062895 -0.152591 13
0.678230 3.975821 -0.119971 13
0.648346 3.909119 -0.157940 13
0.694289 3.815160 -0.093684 13
0.702356 3.735773 -0.080668 13
0.698745 3.660705 -0.083514 13
1.179185 3.305168 0.569127 2
1.176540 3.238667 0.566996 2
1.152479 3.177330 0.535937 2
1.169421 3.106463 0.559997 12
1.160472 3.041573 0.549109 2
1.179943 2.971296 0.576375 12
1.213971 2.899353 0.623127 12
1.235577 2.830565 0.653064 12
1.260419 2.762167 0.687257 12
1.234478 2.700821 0.653061 12
1.236043 2.635865 0.655773 12
1.307904 2.564834 0.752907 11
1.344403 2.498750 0.802400 11
1.310661 2.437853 0.757377 11
1.304332 2.374816 0.749123 11
1.356873 2.310192 0.819917 11
1.335062 2.247873 0.790683 11
1.363983 2.185268 0.829557 11
1.347599 2.122493 0.807451 11
1.092034 2.049566 0.463746 11
1.333942 1.996365 0.788673 11
1.209464 1.924399 0.620991 2
1.098278 1.849538 0.471067 2
1.050804 1.777676 0.406697 2
1.003770 1.704241 0.342813 10
1.057494 1.642967 0.414335 10
1.049572 1.573872 0.402863 10
0.996092 1.496668 0.330003 10
0.938622 1.416829 0.251657 10
1.005470 1.360042 0.340500 10
1.026818 1.295323 0.368034 10
1.557499 1.350616 1.081273 8
1.610947 1.303322 1.152042 8
1.784907 1.289839 1.385108 8
1.812400 1.240284 1.420858 8
1.834152 1.189699 1.448810 8
1.891839 1.151020 1.525152 8
1.910208 1.100892 1.548434 8
1.973448 1.066886 1.632194 8
1.918764 0.991357 1.556771 8
1.946616 0.945476 1.592655 8
1.971030 0.898873 1.623842 8
2.003560 0.856210 1.665942 8
2.002885 0.799859 1.663106 8
1.936484 0.713320 1.571287 8
1.918289 0.646844 1.544531 8
1.931667 0.594805 1.560409 8
1.954468 0.547633 1.588979 8
1.956087 0.489765 1.588785 8
1.961953 0.433848 1.594261 8
1.951097 0.368341 1.576965 8
1.953687 0.309777 1.577812 8
1.984979 0.267986 1.617559 8
1.974368 0.201070 1.600302 8
2.004742 0.159264 1.638678 8
1.985535 0.085696 1.609521 8
2.021149 0.047718 1.654899 8
1.979425 -0.042919 1.594821 8
1.997614 -0.093158 1.616285 8
1.969862 -0.176833 1.574959 8
1.993238 -0.223878 1.603319 8
1.977951 -0.300400 1.578750 8
1.991762 -0.355217 1.593854 8
1.964330 -0.443581 1.552378 8
1.938847 -0.532166 1.513386 8
1.944558 -0.595994 1.517013 8
1.969419 -0.643653 1.546832 8
1.951701 -0.729118 1.518041 8
1.946373 -0.804832 1.506123 8
1.860184 -0.957409 1.382643 8
2.008137 -0.890131 1.581711 8
1.988559 -0.981609 1.549756 8
1.963244 -1.080677 1.509664 8
2.054479 -1.062210 1.630640 8
1.928604 -1.268513 1.450933 8
1.611358 6.140478 1.136328 5
1.630018 6.035845 1.166865 5
1.585875 5.998105 1.112518 5
1.529795 5.971542 1.042067 5
0.766606 5.790921 0.067325 5
0.767832 5.700617 0.073468 5
0.769307 5.611085 0.079805 5
0.779734 5.515879 0.097933 5
0.650109 5.522645 -0.070530 5
0.208621 5.743555 -0.653770 5
0.293453 5.590089 -0.536650 5
0.158704 5.586071 -0.711552 5
-0.608802 5.985023 -1.726564 5
0.461314 5.120030 -0.298273 5
0.417918 4.884656 -0.345607 13
0.510034 4.582618 -0.214624 13
0.643926 4.435489 -0.034878 13
0.635844 4.359498 -0.042954 13
0.704644 4.249315 0.050404 13
0.674908 4.184362 0.013516 13
0.670231 4.108480 0.009626 13
0.670745 4.030806 0.012491 13
0.691652 3.945814 0.042150 13
0.635412 3.889900 -0.030001 13
0.653387 3.806786 -0.004398 13
0.710116 3.711847 0.072150 13
0.654214 3.654374 0.000227 13
0.593317 3.596854 -0.078324 13
0.496885 3.547589 -0.203699 13
0.655867 3.428061 0.007020 12
0.664503 3.351203 0.019742 12
0.761127 3.254512 0.148113 12
0.831457 3.166831 0.241766 12
1.142459 3.033710 0.651769 12
1.150351 2.966250 0.663048 12
1.191454 2.893658 0.717903 12
1.196375 2.827989 0.725111 12
1.222833 2.759700 0.760546 12
1.213560 2.696624 0.748947 12
1.189952 2.634831 0.718442 12
1.283701 2.562141 0.842050 11
1.257162 2.501083 0.807545 11
1.298102 2.435499 0.861615 11
1.295548 2.372983 0.858475 11
1.329026 2.309563 0.902593 11
1.330923 2.247474 0.905154 11
1.319033 2.185341 0.889538 11
1.312070 2.122943 0.880320 11
1.336079 2.061531 0.911715 11
1.174420 1.990550 0.699143 11
1.227489 1.929710 0.768564 11
0.945154 1.841243 0.397272 10
0.958330 1.774195 0.414115 2
0.940927 1.703833 0.390700 10
0.966725 1.638639 0.423976 10
0.919744 1.563161 0.361525 10
0.958971 1.500435 0.412299 10
0.963472 1.432459 0.417354 10
0.953204 1.361521 0.402910 10
0.998594 1.302048 0.461581 10
1.012619 1.236588 0.478935 10
1.574938 1.307131 1.217612 8
1.710700 1.283192 1.395188 8
1.695189 1.221091 1.373655 8
1.714625 1.168631 1.398054 8
1.768842 1.127470 1.468206 8
1.833152 1.091186 1.551623 8
1.864614 1.045414 1.591735 8
1.875548 0.992983 1.604743 8
1.902369 0.946677 1.638641 8
1.943618 0.906709 1.691524 8
1.949212 0.853104 1.697327 8
1.965091 0.803809 1.716643 8
1.900371 0.718669 1.629465 8
1.929296 0.674485 1.665863 8
1.953521 0.628682 1.696006 8
1.960681 0.574834 1.703540 8
1.891165 0.481213 1.609571 8
1.935490 0.445609 1.666111 8
1.961909 0.401270 1.698919 8
1.921895 0.319552 1.643668 8
1.909410 0.252143 1.624772 8
1.962674 0.223698 1.692979 8
1.977785 0.172873 1.710551 8
1.942274 0.089532 1.660844 8
1.957509 0.037951 1.678417 8
1.947554 -0.030751 1.662439 8
1.933536 -0.103235 1.640949 8
1.871279 -0.211530 1.555124 8
1.920075 -0.240826 1.617031 8
1.917460 -0.307827 1.610397 8
1.957278 -0.342581 1.660267 8
1.939395 -0.422454 1.633083 8
1.908115 -0.514698 1.587861 8
1.927845 -0.566181 1.610676 8
1.947628 -0.617562 1.633498 8
1.933227 -0.698967 1.610468 8
1.967170 -0.738236 1.652103 8
1.985295 -0.791475 1.672479 8
1.924306 -0.919443 1.586532 8
1.935349 -0.981410 1.597143 8
1.946980 -1.043236 1.608451 8
1.919554 -1.144950 1.567054 8
1.544446 6.147307 1.181209 5
1.561028 6.045430 1.207448 5
1.511496 6.012625 1.146759 5
1.471814 5.968924 1.098978 5
0.693998 5.704611 0.127206 5
0.669141 5.634905 0.098542 5
0.598862 5.598149 0.010800 5
0.554634 5.541100 -0.043123 5
0.508543 5.484486 -0.099505 5
0.288036 5.543973 -0.382122 5
0.273119 5.461940 -0.398062 5
0.252302 5.383883 -0.421733 5
0.356112 5.229068 -0.284108 5
0.413449 5.106514 -0.206863 5
0.456668 4.994894 -0.148054 13
0.490525 4.890729 -0.101499 13
0.490515 4.806827 -0.098850 13
0.473219 4.732633 -0.118628 13
0.505132 4.633334 -0.074929 13
0.607333 4.501085 0.059386 13
0.610083 4.420132 0.065175 13
0.570499 4.359163 0.016265 13
0.610960 4.262012 0.070528 13
0.605827 4.186032 0.065895 13
0.653266 4.088887 0.128936 13
0.661205 4.009181 0.140969 13
0.609315 3.952525 0.075859 13
0.626994 3.869638 0.100284 13
0.633116 3.791637 0.109743 13
0.615708 3.721823 0.088839 13
0.605959 3.649400 0.077724 13
0.589764 3.578852 0.058246 13
0.553848 3.513520 0.013339 13
0.563822 3.435362 0.027382 12
0.761865 3.311855 0.283118 12
0.861914 3.217287 0.412735 12
0.886841 3.142070 0.445699 12
1.156726 3.019740 0.793335 12
1.111510 2.963027 0.735984 12
1.139202 2.893030 0.772242 12
1.151829 2.826293 0.789078 12
1.203895 2.754829 0.856498 12
1.132138 2.699655 0.764835 12
0.828919 2.665867 0.375914 12
1.249959 2.560349 0.916914 11
1.252171 2.497571 0.920052 11
1.269989 2.434066 0.943165 11
1.259222 2.372280 0.929521 11
1.241121 2.310361 0.906402 11
1.238479 2.247775 0.903070 11
1.234040 2.185099 0.897372 11
1.224028 2.122147 0.884459 11
1.250677 2.060295 0.918551 11
1.245577 1.997508 0.911825 11
0.890724 1.909906 0.455992 10
0.886222 1.841268 0.449886 10
0.848168 1.769000 0.400631 10
0.923261 1.708729 0.496603 10
0.908125 1.638700 0.476645 10
0.928982 1.573434 0.502848 10
0.913120 1.502646 0.481824 10
0.902172 1.432095 0.467041 10
0.954617 1.373481 0.533642 10
0.915598 1.296943 0.482655 10
0.945508 1.234699 0.520180 10
1.474965 1.295196 1.199846 8
1.587441 1.263942 1.343548 8
1.624141 1.215161 1.389797 8
1.602259 1.150216 1.360650 8
1.718140 1.126866 1.508681 8
1.708604 1.066289 1.495321 8
1.808422 1.042482 1.622663 8
1.816844 0.988995 1.632333 8
1.804270 0.927659 1.614908 8
1.869979 0.896227 1.698271 8
1.924706 0.862216 1.767472 8
1.869802 0.783218 1.695330 8
1.899627 0.739438 1.732345 8
1.908290 0.686643 1.742027 8
1.918776 0.634667 1.754008 8
1.916543 0.576432 1.749519 8
1.939545 0.530609 1.777554 8
1.909486 0.457235 1.736998 8
1.904818 0.396235 1.729162 8
1.920322 0.345990 1.747340 8
1.877987 0.262316 1.690645 8
1.914601 0.223873 1.736012 8
1.922991 0.168893 1.744808 8
1.913123 0.102152 1.729891 8
1.917551 0.043871 1.733421 8
1.915653 -0.019017 1.728678 8
1.899400 -0.092420 1.705234 8
1.921890 -0.139554 1.731990 8
1.893012 -0.223790 1.691972 8
1.890079 -0.290369 1.685555 8
1.883729 -0.360314 1.674609 8
1.909151 -0.406204 1.704918 8
1.908069 -0.473116 1.700671 8
1.882768 -0.560763 1.664774 8
1.868556 -0.640783 1.643204 8
1.901096 -0.681652 1.682530 8
1.926937 -0.727905 1.713074 8
1.931076 -0.793582 1.715214 8
1.928611 -0.866050 1.708626 8
1.893730 -0.970284 1.659502 8
1.508977 6.121160 1.266595 5
1.504392 6.042166 1.264298 5
1.475461 5.988421 1.230807 5
1.422998 5.957503 1.167231 5
1.346111 5.948735 1.072493 5
0.544785 5.675884 0.088472 5
0.553657 5.580822 0.102612 5
0.559788 5.488832 0.113182 5
0.478123 5.457528 0.012525 5
0.396012 5.424287 -0.088687 5
0.454550 5.298371 -0.012015 5
0.438217 5.222098 -0.030139 5
0.396442 5.161388 -0.080478 5
0.375223 5.087761 -0.104889 5
0.510856 4.924374 0.068696 13
0.448601 4.876041 -0.007703 13
0.469217 4.781656 0.020444 13
0.469116 4.699328 0.022367 13
0.544215 4.579767 0.119040 13
0.565442 4.489450 0.147674 13
0.565634 4.410214 0.149713 13
0.601908 4.315167 0.197139 13
0.569869 4.251515 0.158435 13
0.610423 4.156861 0.211090 13
0.607108 4.081605 0.208430 13
0.603647 4.006696 0.205524 13
0.575066 3.941332 0.170952 13
0.602386 3.855675 0.206650 13
0.580292 3.787891 0.180127 13
0.566710 3.716997 0.164255 13
0.604937 3.630205 0.213459 13
0.489917 3.589150 0.069972 13
0.489520 3.513464 0.070516 13
0.575619 3.415829 0.179677 12
0.631416 3.328472 0.250678 12
0.836369 3.209528 0.508951 12
0.859798 3.135256 0.539119 12
1.112165 3.017558 0.856714 12
1.094115 2.956085 0.834646 12
1.114881 2.887893 0.861265 12
1.066806 2.830599 0.801408 12
1.061075 2.766371 0.794664 12
1.093518 2.697655 0.835783 12
1.082000 2.634454 0.821673 12
1.169753 2.562555 0.932100 11
1.179733 2.498840 0.944866 11
1.220865 2.433808 0.996677 11
1.214550 2.371919 0.988895 11
1.207761 2.309878 0.980472 11
1.189598 2.247733 0.957729 11
1.212340 2.185351 0.986265 11
1.216987 2.123245 0.992048 11
1.181901 2.059731 0.947926 11
1.124824 1.993917 0.876156 11
0.890595 1.913997 0.582018 10
0.865932 1.844566 0.550808 10
0.895508 1.779740 0.587615 10
0.855686 1.707703 0.537269 10
0.827591 1.635868 0.501584 10
0.825687 1.566889 0.498719 10
0.888182 1.508183 0.576651 10
0.849469 1.433257 0.527468 10
0.902239 1.374684 0.593100 10
0.847596 1.295098 0.523795 10
0.838602 1.223884 0.511755 10
0.856340 1.158622 0.533240 10
0.888862 1.097497 0.573250 10
1.479042 1.189188 1.314000 8
1.517532 1.140257 1.361550 8
1.549944 1.090480 1.401430 8
1.573847 1.038777 1.430577 8
1.617502 0.994246 1.484528 8
1.741463 0.979208 1.639470 8
1.737379 0.920661 1.633332 8
1.808195 0.890580 1.721402 8
1.885165 0.865009 1.817216 8
1.878396 0.806642 1.807595 8
1.894815 0.757833 1.827127 8
1.877878 0.694185 1.804601 8
1.888083 0.642354 1.816217 8
1.884768 0.583956 1.810748 8
1.913706 0.541291 1.845897 8
1.898289 0.476193 1.825071 8
1.890587 0.414317 1.813916 8
1.887199 0.354157 1.808146 8
1.890948 0.297535 1.811332 8
1.862674 0.221733 1.774018 8
1.901210 0.185029 1.821046 8
1.890779 0.118622 1.806153 8
1.765627 -0.022418 1.646106 8
1.804929 -0.059785 1.693939 8
1.842839 -0.097206 1.739992 8
1.894704 -0.124042 1.803702 8
1.888196 -0.191358 1.793452 8
1.882957 -0.258575 1.784740 8
1.862597 -0.338014 1.756781 8
1.868157 -0.398810 1.761619 8
1.908603 -0.432375 1.810688 8
1.838882 -0.554596 1.719803 8
1.892191 -0.577823 1.785118 8
1.892571 -0.644792 1.783128 8
1.879773 -0.724004 1.764296 8
1.900689 -0.774391 1.788296 8
1.924339 -0.822219 1.815738 8
1.780714 -1.026356 1.629883 8
1.485642 6.167022 1.362460 5
1.443513 6.126743 1.312777 5
1.428365 6.058577 1.296657 5
1.411712 5.992319 1.278611 5
1.367822 5.952627 1.226653 5
1.315778 5.919779 1.164551 5
0.447955 5.518614 0.120157 5
0.440806 5.436014 0.113428 5
0.422925 5.360907 0.093392 5
0.454060 5.254822 0.133799 5
0.428192 5.185670 0.103793 5
0.381212 5.128920 0.047705 5
0.351797 5.060981 0.013249 5
0.461578 4.914196 0.150333 13
0.464936 4.829969 0.156137 13
0.453522 4.754259 0.143684 13
0.528999 4.634199 0.238199 13
0.525356 4.556431 0.235189 13
0.511077 4.484145 0.219035 13
0.543432 4.390322 0.260230 13
0.589592 4.291892 0.318341 13
0.602514 4.209693 0.335487 13
0.591850 4.138079 0.323568 13
0.580757 4.066695 0.311076 13
0.614079 3.978450 0.353146 13
0.541170 3.930338 0.264574 13
0.602417 3.833537 0.340861 13
0.589325 3.763724 0.325729 13
0.567952 3.696434 0.300381 13
0.540261 3.630669 0.267234 13
0.486567 3.571722 0.202112 13
0.510704 3.490429 0.232545 13
0.551959 3.405816 0.283943 12
0.573210 3.327490 0.310723 12
0.663780 3.234653 0.422550 12
1.043093 3.085175 0.888742 12
1.062238 3.016471 0.912736 12
1.053955 2.953339 0.903028 12
1.040884 2.890867 0.887405 12
1.017272 2.829656 0.858813 12
1.040775 2.761735 0.887996 12
1.012657 2.700544 0.853800 12
1.011759 2.635894 0.852967 12
1.080403 2.565474 0.937409 11
1.182991 2.494894 1.063447 11
1.191251 2.432522 1.073725 11
1.191173 2.370760 1.073740 11
1.196650 2.308901 1.080531 11
1.197593 2.247261 1.081724 11
1.144871 2.185247 1.017051 11
1.086172 2.121487 0.945010 11
1.143352 2.060329 1.015078 11
1.148330 1.998101 1.021073 11
0.912412 1.919479 0.731511 11
0.821591 1.845757 0.619896 10
0.839922 1.779999 0.642146 10
0.830070 1.711493 0.629780 10
0.873921 1.649546 0.683267 10
0.804626 1.572428 0.597880 10
0.796263 1.502823 0.587215 10
0.819904 1.438442 0.615784 10
0.815039 1.369185 0.609331 10
0.793105 1.296081 0.581882 10
0.802856 1.229149 0.593283 10
0.820308 1.164152 0.614100 10
0.841153 1.100345 0.639046 10
0.808377 1.022541 0.598107 10
0.832300 0.959606 0.626753 10
1.450209 1.075622 1.385020 8
1.518073 1.036968 1.467691 8
1.542521 0.985803 1.497004 8
1.658567 0.967051 1.638863 8
1.682679 0.918273 1.667726 8
1.748308 0.885787 1.747608 8
1.797416 0.848592 1.807167 8
1.833534 0.807341 1.850738 8
1.852906 0.759784 1.873689 8
1.829624 0.693547 1.844131 8
1.862601 0.652213 1.883763 8
1.854062 0.591760 1.872268 8
1.852502 0.534128 1.869324 8
1.847080 0.474096 1.861583 8
1.854455 0.420273 1.869566 8
1.849082 0.359337 1.861804 8
1.847986 0.300214 1.859271 8
1.857137 0.246576 1.869328 8
1.845665 0.180469 1.853916 8
1.646638 -0.002060 1.607055 8
1.669914 -0.051225 1.634349 8
1.734709 -0.073026 1.712873 8
1.766784 -0.114947 1.750995 8
1.833699 -0.132284 1.832140 8
1.854909 -0.180016 1.856812 8
1.876621 -0.227176 1.882076 8
1.858659 -0.303621 1.858243 8
1.848855 -0.375136 1.844437 8
1.849878 -0.439199 1.843973 8
1.852544 -0.502568 1.845492 8
1.872954 -0.551960 1.868944 8
1.863202 -0.626595 1.854980 8
1.853383 -0.702403 1.840866 8
1.865984 -0.759630 1.854500 8
1.842907 -0.849256 1.823807 8
1.377350 6.132911 1.358363 5
1.378205 6.048912 1.361324 5
1.362678 5.981884 1.344388 5
1.296725 5.963046 1.266363 5
0.253484 5.693864 0.028437 0
0.310707 5.564829 0.098976 0
0.281558 5.495664 0.065350 5
0.387094 5.339669 0.193958 5
0.392211 5.250879 0.201508 5
0.377059 5.175268 0.184604 5
0.388595 5.084046 0.199794 5
0.303075 5.049470 0.098113 5
0.415610 4.902492 0.234779 13
0.399747 4.829134 0.216860 13
0.460220 4.715952 0.290739 13
0.419694 4.656387 0.243076 13
0.519116 4.527592 0.363681 13
0.493504 4.461633 0.333879 13
0.538212 4.363253 0.388581 13
0.525493 4.292032 0.374208 13
0.515165 4.219820 0.362677 13
0.529958 4.137464 0.381299 13
0.514331 4.067882 0.363334 13
0.498908 3.998107 0.345586 13
0.514044 3.917226 0.364511 13
0.505201 3.845410 0.354601 13
0.517120 3.766843 0.369592 13
0.518569 3.692232 0.371974 13
0.515128 3.619415 0.368454 13
0.420938 3.572265 0.255969 13
0.473359 3.483550 0.319445 13
0.527518 3.396276 0.384963 12
0.549043 3.318563 0.411276 12
0.559386 3.244181 0.424135 12
1.018875 3.078732 0.975874 12
1.002503 3.017272 0.956579 12
0.982817 2.956045 0.933284 12
1.009516 2.887025 0.965609 12
0.999107 2.824256 0.953390 12
0.981207 2.762249 0.932159 12
0.928813 2.703700 0.869529 12
0.963238 2.635177 0.911008 12
1.032219 2.564918 0.993904 11
1.056505 2.499827 1.023163 11
1.089720 2.435052 1.063103 11
1.106246 2.371945 1.083002 11
1.095000 2.309990 1.069565 11
1.068991 2.247826 1.038400 11
1.043784 2.184894 1.008169 11
1.077050 2.122515 1.048039 11
0.712550 2.046182 0.610839 11
1.044395 1.995474 1.008745 11
0.792320 1.915219 0.706313 10
0.755469 1.845112 0.661976 10
0.770533 1.778897 0.679874 10
0.773618 1.711700 0.683378 10
0.761826 1.642593 0.669008 10
0.798706 1.579982 0.712995 10
0.793198 1.511656 0.706107 10
0.809490 1.446805 0.725343 10
0.815364 1.380333 0.732054 10
0.746702 1.298676 0.649304 10
0.759674 1.232635 0.664470 10
0.776727 1.167754 0.684507 10
0.739422 1.089602 0.639279 10
0.767125 1.027328 0.672040 10
0.759416 0.955726 0.662269 10
0.871988 0.919290 0.796861 10
1.380650 1.009713 1.407008 8
1.450759 0.972070 1.490667 8
1.568775 0.952834 1.631848 8
1.619695 0.912956 1.692455 8
1.657309 0.869434 1.737068 8
1.723539 0.838025 1.816044 8
1.736121 0.786606 1.830557 8
1.777048 0.747293 1.879111 8
1.801721 0.701853 1.908118 8
1.820462 0.654194 1.929979 8
1.819523 0.597523 1.928159 8
1.840239 0.551061 1.952353 8
1.835527 0.492078 1.945944 8
1.801922 0.417481 1.904749 8
1.830107 0.374669 1.937857 8
1.838340 0.321316 1.946938 8
1.825679 0.255855 1.930846 8
1.847204 0.209702 1.955875 8
1.841533 0.147323 1.948137 8
1.597682 -0.064577 1.653480 8
1.638427 -0.102668 1.701528 8
1.709222 -0.120004 1.785778 8
1.756580 -0.151249 1.841787 8
1.837968 -0.157645 1.938822 8
1.823797 -0.229925 1.920631 8
1.848748 -0.274627 1.949590 8
1.820153 -0.359243 1.913919 8
1.851602 -0.399295 1.950669 8
1.848954 -0.465708 1.946237 8
1.825482 -0.549715 1.916614 8
1.814895 -0.624646 1.902504 8
1.833747 -0.675759 1.923926 8
1.749570 -0.816190 1.820765 8
1.323684 6.126473 1.419013 5
1.300543 6.066403 1.392844 5
1.305894 5.979198 1.400267 5
1.258407 5.942568 1.345344 5
0.161592 5.799283 0.065844 7
0.212850 5.672908 0.127099 0
0.242121 5.563859 0.162447 0
0.328192 5.419621 0.264552 5
0.299262 5.351998 0.231381 5
0.334942 5.244247 0.274152 5
0.312018 5.173512 0.247996 5
0.317798 5.085933 0.255560 5
0.345469 4.986805 0.288823 13
0.336659 4.909216 0.279186 13
0.331108 4.830177 0.273357 13
0.314557 4.757178 0.254584 13
0.407218 4.629720 0.364076 13
0.420895 4.543900 0.380754 13
0.458462 4.447883 0.425463 13
0.432998 4.381900 0.396125 13
0.446215 4.298768 0.412190 13
0.439141 4.224964 0.404407 13
0.479339 4.132351 0.452101 13
0.438911 4.072525 0.405123 13
0.447649 3.993595 0.415841 13
0.508896 3.896679 0.488164 13
0.490203 3.829114 0.466641 13
0.449699 3.768345 0.419508 13
0.428816 3.700585 0.395385 13
0.381385 3.640244 0.340096 13
0.387659 3.563835 0.347804 13
0.426522 3.479347 0.393726 13
0.978036 3.269811 1.041026 2
0.958999 3.209363 1.018949 2
0.764611 3.186474 0.791169 2
0.998177 3.071754 1.065366 12
0.941083 3.018372 0.998604 12
0.924193 2.956545 0.978986 12
0.911280 2.893732 0.964016 12
0.927425 2.826559 0.983110 12
0.969135 2.756757 1.032169 12
0.967729 2.693106 1.030646 12
0.989892 2.627230 1.056746 12
1.040584 2.559764 1.116285 11
1.012721 2.499115 1.083688 11
0.991573 2.437343 1.058951 11
0.999941 2.373892 1.068811 11
1.005697 2.310777 1.075591 11
0.988348 2.248022 1.055262 11
0.997859 2.184958 1.066416 11
1.003568 2.122085 1.073095 11
0.636243 2.045536 0.642326 11
0.925082 1.992115 0.980980 11
0.967667 1.930787 1.030854 2
0.985185 1.868624 1.051319 2
1.007924 1.807419 1.077892 2
0.979011 1.741060 1.043876 2
0.709136 1.643317 0.727254 10
0.761394 1.582902 0.788391 10
0.826360 1.525913 0.864419 10
0.757015 1.447745 0.782908 10
0.747120 1.378417 0.771103 10
0.764862 1.314193 0.791698 10
0.721037 1.237006 0.740057 10
0.748840 1.174888 0.772419 10
0.710050 1.096981 0.726646 10
0.733607 1.034006 0.753995 10
0.734272 0.965172 0.754470 10
0.750038 0.900531 0.772646 10
0.789797 0.843505 0.818961 10
0.888030 0.806347 0.933880 10
1.422515 0.919839 1.560768 8
1.516221 0.893413 1.670412 8
1.576148 0.857143 1.740408 8
1.613232 0.813665 1.783587 8
1.632300 0.763834 1.805607 8
1.682329 0.727244 1.863965 8
1.698632 0.677318 1.882719 8
1.745945 0.641545 1.937875 8
1.750862 0.587218 1.943237 8
1.782317 0.545508 1.979753 8
1.818361 0.506763 2.021652 8
1.812216 0.447110 2.013982 8
1.804360 0.385970 2.004283 8
1.813240 0.333354 2.014231 8
1.821734 0.280413 2.023713 8
1.809183 0.215088 2.008444 8
1.820229 0.163038 2.020891 8
1.832362 0.111585 2.034603 8
1.542394 -0.131349 1.693085 8
1.613857 -0.149555 1.776488 8
1.808096 -0.083678 2.004302 8
1.811008 -0.142801 2.007100 8
1.819636 -0.198336 2.016604 8
1.797783 -0.276141 1.990223 8
1.788847 -0.345754 1.979016 8
1.822846 -0.383698 2.018326 8
1.809123 -0.458123 2.001443 8
1.786591 -0.540722 1.974160 8
1.744275 -0.640978 1.923542 8
1.655783 -0.782101 1.818486 8
1.191507 6.197309 1.389001 5
1.249022 6.058274 1.455464 5
1.234585 5.990273 1.439240 5
1.099095 6.034064 1.283945 5
0.057220 5.821952 0.091652 7
0.305165 5.562540 0.376573 5
0.264069 5.503222 0.329696 5
0.251651 5.424787 0.315730 5
0.189144 5.377936 0.244270 5
0.213890 5.276589 0.272942 5
0.208963 5.194285 0.267551 5
0.238437 5.092702 0.301628 5
0.257949 4.998274 0.324262 13
0.307044 4.889082 0.380832 13
0.291457 4.816000 0.363174 13
0.331532 4.714665 0.409373 13
0.346670 4.627422 0.426950 13
0.341276 4.550937 0.420964 13
0.379846 4.454543 0.465407 13
0.352754 4.388983 0.434513 13
0.368946 4.304477 0.453268 13
0.357728 4.232204 0.440572 13
0.368723 4.151173 0.453351 13
0.372661 4.073562 0.458026 13
0.060679 4.111890 0.100334 7
0.367911 3.924214 0.452875 13
0.335677 3.859934 0.416043 13
0.357590 3.777698 0.441308 13
0.401215 3.689835 0.491468 13
0.348892 3.631299 0.431579 13
0.365895 3.552477 0.451193 13
0.329816 3.488153 0.409923 12
0.912430 3.272298 1.078168 2
0.915476 3.206612 1.081745 2
0.895338 3.146159 1.058729 2
0.890554 3.082232 1.053317 2
0.888773 3.017774 1.051343 12
0.857554 2.958390 1.015606 12
0.881016 2.889790 1.042568 12
0.869466 2.826892 1.029376 12
0.882998 2.760641 1.044940 12
0.915191 2.692839 1.081897 12
0.874417 2.633025 1.035179 12
0.958668 2.562017 1.131817 11
0.955538 2.499306 1.128253 11
0.937573 2.437316 1.107674 11
0.945534 2.373892 1.116818 11
0.969751 2.310373 1.144596 11
0.970131 2.247756 1.145036 11
0.972420 2.185170 1.147662 11
0.929904 2.121661 1.098905 11
0.960540 2.059567 1.134024 11
0.919191 1.994651 1.086596 2
0.908805 1.930523 1.074667 2
0.909298 1.866914 1.075207 2
0.938285 1.805968 1.108414 2
0.943264 1.743157 1.114086 2
0.864129 1.669915 1.023303 6
0.787184 1.594544 0.935024 6
0.690338 1.513715 0.823917 10
0.692868 1.446685 0.826758 10
0.651794 1.371568 0.779591 10
0.565602 1.286105 0.680679 10
0.679083 1.240553 0.810736 10
0.669902 1.170166 0.800125 10
0.685299 1.105291 0.817693 10
0.695705 1.039374 0.829533 10
0.668336 0.963206 0.798045 10
0.678089 0.896691 0.809125 10
0.772290 0.855890 0.917051 10
0.795611 0.795064 0.943683 10
0.867754 0.751008 1.026306 10
1.435285 0.882257 1.677124 8
1.463812 0.833774 1.709731 8
1.493797 0.786456 1.744007 8
1.557904 0.753319 1.817419 8
1.584804 0.706556 1.848151 8
1.614696 0.661618 1.882313 8
1.641144 0.615781 1.912519 8
1.667902 0.570604 1.943078 8
1.686259 0.521948 1.963997 8
1.703929 0.473197 1.984123 8
1.707199 0.417340 1.987723 8
1.748391 0.381107 2.034829 8
1.763762 0.331871 2.052305 8
1.768909 0.277046 2.058046 8
1.764384 0.216426 2.052684 8
1.775388 0.164406 2.065136 8
1.798731 0.119817 2.091743 8
1.791363 0.056371 2.083101 8
1.796885 0.000479 2.089246 8
1.786623 -0.066121 2.077269 8
1.799420 -0.117974 2.091753 8
1.793258 -0.183071 2.084470 8
1.775409 -0.257256 2.063762 8
1.761226 -0.329965 2.047254 8
1.747183 -0.403668 2.030899 8
1.675826 -0.522442 1.948729 8
1.634979 -0.620523 1.901573 8
1.528103 -0.773881 1.778583 8
1.096662 6.145853 1.404719 5
1.165347 5.999110 1.481219 5
1.114346 5.964595 1.423788 5
0.379835 5.722665 0.598119 5
0.320270 5.678533 0.531100 5
0.338821 5.579559 0.551577 5
0.252389 5.552082 0.454470 5
0.180941 5.512601 0.374147 5
0.172426 5.431518 0.364326 5
0.154861 5.356420 0.344372 5
0.109251 5.298222 0.293005 5
0.138047 5.195766 0.325008 5
0.131099 5.115145 0.316971 5
0.018992 5.092751 0.191111 5
0.217556 4.901446 0.413370 13
0.286186 4.784407 0.490051 13
0.219660 4.737892 0.415286 13
0.275174 4.630505 0.477290 13
0.287384 4.545712 0.490774 13
0.201892 4.506112 0.394768 13
0.262247 4.400382 0.462225 13
-0.029926 4.445904 0.134572 7
-0.057881 4.375247 0.103057 7
0.017611 4.263655 0.187499 7
-0.033826 4.202524 0.129677 7
-0.027895 4.119506 0.136165 7
-0.018985 4.036009 0.145999 7
0.105788 3.914862 0.285725 3
0.147933 3.823866 0.332835 3
0.266670 3.711460 0.465819 13
0.252434 3.640825 0.449740 13
0.793519 3.419978 1.056241 6
0.818626 3.347242 1.084294 6
0.869370 3.269302 1.141097 2
0.846811 3.209607 1.115722 2
0.864423 3.140958 1.135390 2
0.860030 3.077319 1.130393 2
0.887460 3.007934 1.161081 12
0.888489 2.943907 1.162173 12
0.846095 2.886657 1.114583 12
0.866355 2.819666 1.137249 12
0.864247 2.756132 1.134838 12
0.861441 2.692712 1.131652 12
0.846623 2.630428 1.115001 12
0.881563 2.563831 1.154148 12
0.844496 2.502997 1.112559 6
0.868285 2.438062 1.139214 11
0.857906 2.375092 1.127561 11
0.843612 2.311935 1.111523 11
0.885432 2.247977 1.158411 11
0.887989 2.184950 1.161277 11
0.890586 2.121992 1.164195 11
0.873574 2.058383 1.145129 11
0.884422 1.995663 1.157309 11
0.863677 1.931160 1.134067 2
0.843065 1.866015 1.110980 6
0.853625 1.803140 1.122852 2
0.930246 1.747668 1.208801 2
0.821784 1.671549 1.087226 6
0.775743 1.600767 1.035649 6
0.808100 1.540467 1.071981 6
0.619574 1.444124 0.860657 10
0.601821 1.373122 0.840817 10
0.576309 1.299921 0.812284 10
0.631819 1.242888 0.874598 10
0.572743 1.161449 0.808445 10
0.559282 1.089037 0.793442 10
0.616707 1.034112 0.857917 10
0.532899 0.942508 0.764058 10
0.583039 0.886359 0.820376 10
0.654991 0.838006 0.901150 10
0.669097 0.773318 0.917078 10
0.742335 0.728312 0.999300 10
0.783291 0.674086 1.045335 10
1.375323 0.819605 1.709105 8
1.405866 0.771792 1.743459 8
1.466733 0.736507 1.811807 8
1.475100 0.681446 1.821310 8
1.504513 0.635234 1.854406 8
1.518978 0.583078 1.870752 8
1.568568 0.546989 1.926469 8
1.578599 0.493553 1.937853 8
1.592734 0.442081 1.953841 8
1.605559 0.390045 1.968366 8
1.624981 0.341462 1.990286 8
1.639847 0.290690 2.007106 8
1.645781 0.235091 2.013921 8
1.691780 0.201973 2.065632 8
1.672666 0.131984 2.044392 8
1.692282 0.084149 2.066551 8
1.665576 0.007957 2.036818 8
1.678585 -0.044448 2.051587 8
1.675470 -0.107390 2.048296 8
1.639822 -0.192667 2.008572 8
1.653743 -0.245745 2.024378 8
1.633740 -0.322717 2.002195 8
1.611937 -0.402257 1.978004 8
1.560888 -0.504748 1.921072 8
1.513468 -0.606942 1.868216 8
1.400942 -0.761910 1.742473 8
1.076512 6.190468 1.504574 5
1.068531 6.114985 1.494773 5
1.085839 6.017065 1.512567 5
1.056658 5.962311 1.479704 5
0.524886 5.822519 0.892403 5
0.428619 5.809932 0.786311 5
0.402991 5.743301 0.757375 5
0.398953 5.661212 0.752046 5
0.333604 5.622235 0.679741 5
0.220937 5.613721 0.555721 5
0.210715 5.534586 0.543675 5
0.150668 5.487797 0.477178 5
0.141116 5.408116 0.465901 5
0.080068 5.360117 0.398328 5
0.075209 5.277496 0.392220 5
0.028519 5.219420 0.340376 5
0.024073 5.136818 0.334760 5
0.122264 4.998947 0.441475 13
0.104041 4.926142 0.420842 13
0.132172 4.829619 0.450961 13
0.110162 4.759337 0.426224 13
0.118063 4.674531 0.434249 13
0.118888 4.593741 0.434551 13
0.080542 4.530993 0.391984 13
0.007808 4.482377 0.311772 13
-0.217025 4.495388 0.064991 7
-0.399558 4.484935 -0.135485 13
-0.398867 4.398528 -0.135274 13
-0.159006 4.223762 0.126963 7
-0.429871 4.238551 -0.170266 13
-0.243973 4.089741 0.032930 7
0.068535 3.905572 0.374908 3
0.051282 3.833698 0.355601 3
0.154905 3.725787 0.468777 13
0.758447 3.480466 1.129870 6
0.772722 3.410448 1.145219 6
0.803719 3.336857 1.178914 2
0.793230 3.274235 1.167156 2
0.834900 3.199877 1.212588 6
0.824882 3.137682 1.201377 2
0.803134 3.077637 1.177323 12
0.843220 3.006033 1.221072 6
0.819803 2.946200 1.195217 6
0.809652 2.883829 1.183921 12
0.848285 2.814653 1.226129 12
0.832232 2.753347 1.208392 12
0.809024 2.692444 1.182824 6
0.808075 2.628893 1.181678 6
0.795762 2.566283 1.168085 6
0.822961 2.500844 1.197835 6
0.775795 2.439950 1.146054 6
0.824401 2.374331 1.199310 11
0.842364 2.310784 1.218978 11
0.858534 2.247780 1.236695 11
0.849477 2.185064 1.226762 11
0.851618 2.122323 1.229126 11
0.837006 2.059028 1.213131 11
0.855465 1.996941 1.233418 2
0.837915 1.933027 1.214233 2
0.788771 1.866077 1.160419 2
0.841051 1.807079 1.217836 2
0.861379 1.746080 1.240231 2
0.881351 1.685535 1.262249 2
0.734417 1.602773 1.101279 6
0.690734 1.531197 1.053538 6
0.566625 1.444981 0.917639 10
0.542250 1.372919 0.891108 10
0.497275 1.296005 0.842013 10
0.522815 1.232307 0.870239 10
0.540969 1.167524 0.890384 10
0.559307 1.103122 0.910745 10
0.525835 1.025989 0.874333 10
0.580695 0.971222 0.934755 10
0.571778 0.899881 0.925292 10
-1.410653 0.243121 -1.246881 10
0.539288 0.751097 0.890359 10
0.693745 0.731250 1.059966 10
0.690189 0.661838 1.056439 10
0.768647 0.621235 1.142781 10
0.702644 0.529059 1.070875 10
0.740828 0.474826 1.113122 10
1.361259 0.655317 1.793104 8
1.392847 0.608910 1.828090 8
1.432060 0.566459 1.871436 8
1.450046 0.515390 1.891545 8
1.441530 0.452262 1.882650 8
1.478814 0.410468 1.923912 8
1.489782 0.356463 1.936376 8
1.530097 0.317425 1.980974 8
1.518243 0.251806 1.968486 8
1.517586 0.191489 1.968269 8
1.562806 0.156387 2.018263 8
1.551267 0.089675 2.006171 8
1.553844 0.030499 2.009539 8
1.565391 -0.023589 2.022734 8
1.539424 -0.101210 1.994923 8
1.524844 -0.172882 1.979587 8
1.533303 -0.230376 1.989461 8
1.508224 -0.310775 1.962694 8
1.485285 -0.391098 1.938294 8
1.449080 -0.482210 1.899428 8
1.392225 -0.590214 1.838037 8
1.013630 6.192227 1.556392 5
1.013007 6.110170 1.553917 5
1.018161 6.023838 1.557627 5
1.004062 5.955585 1.540931 5
0.896187 5.968551 1.424594 5
0.503761 5.873321 0.998850 5
0.479270 5.807609 0.971179 5
0.460593 5.737550 0.949731 5
0.393173 5.702617 0.876368 5
0.350209 5.648963 0.829076 5
0.258141 5.628150 0.729442 5
0.155471 5.611999 0.618489 5
0.085352 5.571940 0.542248 5
0.058716 5.502698 0.512414 5
-0.117159 5.525305 0.323308 5
-0.019301 5.378456 0.426410 5
-0.031925 5.299988 0.411616 5
-0.090107 5.247610 0.348194 5
-0.039951 5.134184 0.400533 5
-0.071378 5.066668 0.365753 5
0.007053 4.941592 0.448419 13
0.039347 4.842799 0.481835 13
0.005826 4.777696 0.444927 13
0.042184 4.678990 0.482774 13
0.020342 4.608524 0.458420 13
-0.007242 4.540386 0.427949 13
-0.100328 4.499816 0.327417 13
-0.165976 4.445547 0.256252 13
-0.458433 4.479673 -0.057663 13
-0.469551 4.398044 -0.070461 13
-0.485780 4.318366 -0.088698 13
-0.517801 4.244151 -0.123814 13
-0.478558 4.145355 -0.082583 13
-0.061754 3.926472 0.363084 4
0.061796 3.810338 0.494763 3
0.036819 3.741602 0.467384 3
0.713639 3.477253 1.191953 6
0.776242 3.394742 1.258545 6
0.729996 3.341370 1.208532 6
0.801016 3.259357 1.284214 6
0.782114 3.199379 1.263555 6
0.780037 3.135573 1.260954 2
0.743719 3.078425 1.221671 2
0.749121 3.013004 1.227137 6
0.721226 2.953301 1.196929 6
0.739181 2.886122 1.215903 6
0.766551 2.818310 1.245000 6
0.724100 2.759769 1.199257 6
0.735911 2.694372 1.211722 6
0.768402 2.627497 1.246389 6
0.734430 2.566774 1.209809 6
0.752738 2.501833 1.229319 6
0.795747 2.436240 1.275345 11
0.800122 2.373262 1.279963 11
0.786598 2.310814 1.265410 11
0.782897 2.247932 1.261416 11
0.747000 2.184724 1.222917 11
0.768997 2.121723 1.246533 6
0.752968 2.057984 1.229392 6
0.780019 1.995893 1.258477 2
0.800173 1.934088 1.280190 2
0.796892 1.870983 1.276794 2
0.781985 1.806658 1.260955 6
0.822297 1.747687 1.304356 2
0.738289 1.674844 1.214471 6
0.710561 1.607079 1.184966 6
0.443059 1.502800 0.898407 10
0.434389 1.432913 0.889406 10
0.498075 1.375450 0.958002 10
0.427703 1.294001 0.882910 10
0.460070 1.231507 0.917981 10
0.470079 1.164844 0.929112 10
0.452097 1.091714 0.910269 10
0.468472 1.026416 0.928275 10
0.475334 0.958870 0.936114 10
0.476588 0.889735 0.937971 10
0.449436 0.812079 0.909424 10
0.448704 0.741492 0.909214 10
0.660505 0.739065 1.136669 10
0.552261 0.634802 1.021352 10
0.585316 0.576735 1.057396 10
0.579835 0.505217 1.052201 10
0.608768 0.446347 1.083876 10
0.662957 0.398031 1.142607 10
0.668165 0.330837 1.148931 10
0.702666 0.275950 1.186626 10
1.338794 0.487818 1.867979 8
1.366012 0.440200 1.897810 8
1.388905 0.391032 1.923033 8
1.382439 0.327873 1.916881 8
1.385858 0.269128 1.921326 8
1.439731 0.236344 1.979726 8
1.435047 0.173492 1.975554 8
1.437146 0.113825 1.978659 8
1.446899 0.058151 1.989967 8
1.429531 -0.013486 1.972336 8
1.445545 -0.066099 1.990385 8
1.432995 -0.136274 1.977966 8
1.419830 -0.207739 1.964928 8
1.401173 -0.283718 1.946068 8
1.352304 -0.380993 1.895026 8
1.309006 -0.476659 1.849986 8
0.903658 6.154251 1.557180 5
0.994466 5.991349 1.648681 5
0.958709 5.942722 1.609312 5
0.811914 5.988046 1.454947 5
0.753972 5.954902 1.392576 5
0.563927 6.028003 1.193229 5
0.497316 5.996863 1.121808 5
0.504165 5.907029 1.126626 5
0.448393 5.865872 1.066492 5
0.403302 5.815621 1.017463 5
0.358191 5.764599 0.968434 5
0.286003 5.731971 0.891275 5
0.213238 5.698027 0.813515 5
0.132714 5.667592 0.727682 5
-0.318038 5.604475 0.250255 5
-0.221000 5.456933 0.349453 5
-0.258560 5.390769 0.308431 5
-0.349086 5.353727 0.212196 5
-0.325983 5.252531 0.234516 5
-0.150734 4.987840 0.414083 13
-0.090064 4.873838 0.475878 13
-0.063655 4.778756 0.501973 13
-0.095150 4.712024 0.467635 13
-0.018929 4.596132 0.545901 13
-0.120517 4.560657 0.438390 13
-0.222719 4.522811 0.330235 13
-0.355703 4.494840 0.189891 13
-0.513121 4.472885 0.023979 13
-0.445432 4.361829 0.093560 13
-0.531039 4.308679 0.002807 13
-0.566336 4.235914 -0.035275 13
-0.543041 4.142987 -0.011986 13
-0.100515 3.917728 0.450292 4
-0.061251 3.828088 0.490489 3
-0.052928 3.748824 0.498340 13
-0.090867 3.682783 0.457777 13
0.637372 3.416475 1.219917 6
0.660825 3.344644 1.243851 2
0.724210 3.264433 1.309672 6
0.703733 3.204452 1.287657 2
0.705075 3.139629 1.288542 2
0.646154 3.086401 1.226292 2
0.696744 3.012502 1.278872 6
0.698278 2.948060 1.280064 12
0.702174 2.883444 1.283769 12
0.697148 2.820238 1.278154 12
0.635243 2.763746 1.212926 12
0.615940 2.701155 1.192403 12
0.641174 2.634070 1.218623 12
0.674483 2.567144 1.253350 11
0.745910 2.498819 1.328094 11
0.714377 2.437559 1.294883 11
0.709851 2.374516 1.290034 11
0.717008 2.311131 1.297472 11
0.677347 2.248288 1.255836 11
0.689107 2.184703 1.268172 6
0.664997 2.120691 1.242916 11
0.728341 2.059037 1.309428 11
0.733111 1.996264 1.314534 2
0.756210 1.934736 1.338898 2
0.693835 1.867248 1.273646 2
0.706645 1.804774 1.287287 6
0.675395 1.737976 1.254755 2
0.568156 1.661202 1.142575 6
0.632809 1.604134 1.210688 6
0.318138 1.493110 0.881100 10
0.343373 1.427772 0.907969 10
0.347189 1.359260 0.912417 10
0.363794 1.293123 0.930309 10
0.406502 1.232599 0.975595 10
0.406816 1.163895 0.976481 10
0.389680 1.090970 0.959119 10
0.408675 1.026243 0.979656 10
0.383815 0.950433 0.954283 10
0.350132 0.871259 0.919716 10
0.358386 0.802998 0.929120 10
0.395502 0.743483 0.968785 10
0.447974 0.689664 1.024556 10
0.433590 0.614853 1.010363 10
0.411005 0.536481 0.987634 10
0.448008 0.478714 1.027309 10
0.482947 0.420941 1.064850 10
0.496707 0.355576 1.080266 10
0.545897 0.304682 1.132770 10
0.580130 0.248598 1.169655 10
0.570891 0.174191 1.161125 10
0.578892 0.106910 1.170659 10
0.603442 0.047202 1.197524 10
0.610204 -0.020749 1.205838 10
0.574628 -0.110000 1.169982 10
0.580912 -0.179311 1.177893 10
1.290132 0.122973 1.919472 8
1.294312 0.063017 1.925056 8
1.302874 0.005226 1.935247 8
1.303425 -0.057348 1.937121 8
0.344043 -0.689193 0.938434 10
-0.025093 -0.993234 0.555508 10
0.057191 -1.027752 0.643125 10
0.939313 6.067439 1.709229 5
0.933936 5.991957 1.700751 5
0.872500 5.965178 1.635790 5
0.774840 5.967379 1.534255 5
0.707717 5.941826 1.463519 5
0.637869 5.916881 1.390021 5
0.533074 5.917708 1.281167 5
0.518655 5.846283 1.263730 5
0.485515 5.789188 1.227395 5
0.325856 5.824463 1.062907 5
0.257583 5.789605 0.990962 5
0.205329 5.741985 0.935267 5
-0.356345 5.673876 0.351674 5
-0.363200 5.587997 0.342162 5
-0.325946 5.476764 0.377611 5
-0.377130 5.417690 0.323126 5
-1.506558 5.954367 -0.829546 5
-0.308247 4.947711 0.382498 13
-0.276917 4.848258 0.412522 13
-0.325446 4.787087 0.361119 13
-0.270677 4.678836 0.415224 13
-0.295698 4.607098 0.387932 13
-0.418377 4.575720 0.260913 13
-0.470470 4.512787 0.206023 13
-0.482063 4.433067 0.192569 13
-0.501276 4.356245 0.171380 13
-0.531852 4.283313 0.138623 13
-0.510382 4.192006 0.159158 13
-0.499514 4.105159 0.168916 13
-0.518126 4.028228 0.148567 13
-0.246142 3.863936 0.425756 3
-0.135423 3.753784 0.537997 3
-0.202152 3.695213 0.468610 13
-0.187479 3.614072 0.482635 13
0.568109 3.353548 1.255761 2
0.577391 3.285401 1.264502 2
0.577362 3.219702 1.263753 2
0.648098 3.139967 1.335579 2
0.574112 3.089409 1.259121 2
0.598825 3.019874 1.283875 12
0.660905 2.945231 1.346992 12
0.638651 2.884668 1.323692 12
0.632964 2.821430 1.317421 12
0.588526 2.762681 1.271451 12
0.595230 2.697507 1.277973 12
0.590476 2.633626 1.272788 12
0.632105 2.566171 1.315225 11
0.645356 2.501684 1.328600 11
0.640995 2.438459 1.323951 11
0.622045 2.375655 1.304380 11
0.620514 2.311995 1.302721 11
0.640961 2.248159 1.323655 11
0.628329 2.184663 1.310696 11
0.646142 2.121443 1.329014 11
0.631392 2.057576 1.313969 11
0.597707 1.992363 1.279544 2
0.605930 1.928781 1.288155 2
0.611182 1.865152 1.293762 2
0.573553 1.797767 1.255429 2
0.472074 1.722668 1.151657 2
0.514283 1.661523 1.195309 6
0.249421 1.561195 0.924097 10
0.274216 1.495403 0.949998 10
0.286668 1.428214 0.963288 10
0.327423 1.366128 1.005637 10
0.253978 1.283701 0.930964 10
0.263172 1.215652 0.941058 10
0.258595 1.144728 0.937087 10
0.245707 1.071588 0.924650 10
0.263409 1.005318 0.943606 10
0.248962 0.931069 0.929677 10
0.254704 0.861664 0.936479 10
0.274469 0.796189 0.957688 10
0.247020 0.716868 0.930609 10
0.257792 0.648505 0.942711 10
0.272869 0.581588 0.959267 10
0.306811 0.521287 0.995169 10
0.315561 0.452657 1.005340 10
0.334691 0.387827 1.026175 10
0.367270 0.328428 1.060801 10
0.375514 0.259871 1.070595 10
0.431258 0.210979 1.128969 10
0.462116 0.152639 1.161945 10
0.444566 0.073238 1.145531 10
0.463908 0.009930 1.166841 10
0.435407 -0.075999 1.139376 10
0.434281 -0.149766 1.139912 10
0.388447 -0.246677 1.094919 10
0.350332 -0.341433 1.057888 10
0.293490 -0.447928 1.001866 10
0.219897 -0.565976 0.928891 10
0.218737 -0.645644 0.929785 10
0.160131 -0.759511 0.872285 10
-0.155951 -1.030548 0.552986 10
0.819922 6.119643 1.704180 5
0.834897 6.025735 1.715153 5
0.802023 5.973669 1.679208 5
0.700944 5.977677 1.576199 5
0.686324 5.908919 1.558261 5
0.523289 5.957993 1.394138 5
0.492363 5.899843 1.360153 5
0.445358 5.853588 1.310349 5
0.313998 5.868943 1.177261 5
0.234619 5.842997 1.095459 5
0.220566 5.768965 1.078248 5
-0.431262 5.675346 0.413219 5
-0.452493 5.598072 0.389070 5
-0.453653 5.509192 0.384934 5
-1.495258 6.005601 -0.653434 5
-1.587502 5.951552 -0.748497 5
-0.647939 4.469449 0.159786 13
-0.628553 4.040676 0.170476 13
-0.144959 3.436019 0.646999 12
-0.157543 3.363746 0.633396 12
0.019621 3.253673 0.810027 12
0.536927 3.085900 1.327738 12
0.552526 3.018246 1.342677 12
0.541957 2.955266 1.331436 12
0.557893 2.888323 1.346828 12
0.564807 2.823100 1.353228 12
0.583819 2.756767 1.371820 12
0.566981 2.694708 1.354506 12
0.584652 2.629215 1.371862 12
0.564499 2.567106 1.351327 12
0.572372 2.502789 1.358961 11
0.548196 2.440261 1.334492 11
0.577852 2.375281 1.364090 11
0.575476 2.311788 1.361600 11
0.574091 2.248240 1.360157 11
0.557894 2.184559 1.343905 11
0.560065 2.120806 1.346136 11
0.533384 2.056116 1.319471 11
0.466633 1.988764 1.252654 11
0.179679 1.906069 0.964963 10
0.174599 1.836608 0.960153 10
0.132633 1.763680 0.918398 10
0.160028 1.696618 0.946284 10
0.169327 1.628120 0.956072 10
0.163347 1.557799 0.950594 10
0.178348 1.490209 0.966215 10
0.184970 1.421592 0.973490 10
0.151176 1.346121 0.940303 10
0.202622 1.285305 0.992630 10
0.164074 1.207896 0.954804 10
0.180178 1.140850 0.971817 10
0.162065 1.066328 0.954601 10
0.180029 0.999767 0.973592 10
0.161237 0.924160 0.955827 10
0.157820 0.851927 0.953525 10
0.161571 0.781384 0.958463 10
0.150996 0.706454 0.949124 10
0.165385 0.638713 0.964832 10
0.194362 0.575841 0.995187 10
0.157382 0.491151 0.959635 10
0.212751 0.437726 1.016489 10
0.219494 0.367698 1.024780 10
0.225166 0.297127 1.032062 10
0.245222 0.232084 1.053772 10
0.280919 0.173704 1.091151 10
0.268725 0.095600 1.080777 10
0.292082 0.032422 1.105947 10
0.298355 -0.038246 1.114131 10
0.267170 -0.126763 1.085040 10
0.248222 -0.210705 1.068239 10
0.208796 -0.305917 1.031131 10
0.151356 -0.412086 0.976197 10
0.103850 -0.515222 0.931277 10
-0.000184 -0.651223 0.830256 10
-0.002492 -0.733814 0.830544 10
0.034560 -0.794310 0.870024 10
-0.387895 -1.126839 0.453221 10
0.671629 6.195488 1.674649 5
0.714762 6.076495 1.711488 5
0.712586 5.997671 1.705118 5
0.580553 6.025582 1.574331 5
0.556475 5.963453 1.547035 5
0.481021 5.941436 1.470451 5
0.332234 5.973667 1.323335 5
0.383507 5.852081 1.368614 5
-0.564137 5.802895 0.422632 5
-0.492260 5.668350 0.488546 5
-0.538826 5.606102 0.439830 5
-0.543032 5.518892 0.432257 5
-1.579949 6.005272 -0.577648 5
-1.693815 5.962437 -0.692114 5
-0.320954 3.384500 0.593307 12
-0.203615 3.285231 0.707200 12
0.060141 3.162645 0.964736 12
0.480395 3.021002 1.375871 12
0.488900 2.954831 1.383457 12
0.481442 2.891272 1.375454 12
0.485509 2.826148 1.378818 12
0.494870 2.760629 1.387439 12
0.483853 2.697510 1.376132 12
0.505181 2.631344 1.396622 12
0.493312 2.568277 1.384604 12
0.474023 2.505398 1.365364 11
0.477809 2.440961 1.368830 11
0.501090 2.376008 1.391491 11
0.504524 2.312107 1.394738 11
0.473267 2.248547 1.364000 11
0.500833 2.184547 1.391054 11
0.479949 2.120307 1.370620 11
0.501349 2.056910 1.391745 11
0.329078 1.984947 1.222872 11
0.052343 1.901985 0.951565 10
0.069260 1.833250 0.968505 10
0.065189 1.763072 0.964916 10
0.057198 1.692313 0.957551 10
0.071643 1.623820 0.972265 10
0.059525 1.552220 0.960990 10
0.064203 1.482560 0.966260 10
0.062302 1.411884 0.965145 10
0.059387 1.340852 0.963107 10
0.074559 1.272894 0.978869 10
0.043546 1.196138 0.949433 10
0.056501 1.127585 0.963161 10
0.064764 1.058157 0.972359 10
0.067779 0.987517 0.976484 10
0.048668 0.911197 0.959015 10
0.055577 0.841022 0.967099 10
0.075996 0.774572 0.988477 10
0.054255 0.696103 0.968666 10
0.048676 0.621725 0.964751 10
0.045712 0.547756 0.963472 10
0.042930 0.473478 0.962449 10
0.046074 0.400889 0.967295 10
0.068599 0.335114 0.991146 10
0.081390 0.265980 1.005556 10
0.104163 0.200782 1.029776 10
0.088410 0.120230 1.016473 10
0.119835 0.058706 1.049269 10
0.096644 -0.026066 1.028884 10
0.101602 -0.099248 1.036027 10
0.077444 -0.186233 1.014895 10
0.049046 -0.276397 0.989744 10
0.017707 -0.369311 0.961846 10
-0.054419 -0.484412 0.894410 10
-0.142513 -0.610553 0.811623 10
-0.160527 -0.702061 0.797090 10
-0.173560 -0.791899 0.787507 10
0.591457 6.210770 1.713054 5
0.608006 6.114575 1.723406 5
0.627599 6.017295 1.736766 5
0.553350 5.997085 1.662593 5
0.580745 5.894989 1.683491 5
0.378313 5.971851 1.489320 5
-0.578564 5.766716 0.543819 5
-0.580509 5.677643 0.537775 5
-0.625721 5.614190 0.490902 5
-1.644871 6.098555 -0.478359 5
-1.660167 6.002426 -0.497400 5
-1.746355 5.944317 -0.583557 5
-0.315614 3.294480 0.718146 12
-0.034332 3.168663 0.986613 12
0.408123 3.023704 1.409802 12
0.401560 2.959649 1.402646 12
0.395414 2.895481 1.395960 12
0.409040 2.828756 1.408311 12
0.391670 2.766004 1.391003 12
0.420090 2.698305 1.417698 12
0.427922 2.633224 1.424715 12
0.411585 2.570187 1.408610 12
0.450262 2.503480 1.445375 11
0.398765 2.442044 1.395664 11
0.403148 2.377419 1.399657 11
0.396501 2.313155 1.393134 11
0.427394 2.248481 1.422717 11
0.412757 2.184331 1.408667 11
0.404211 2.119908 1.400534 11
0.418146 2.055989 1.414053 11
0.278186 1.985254 1.279929 11
-0.059851 1.898908 0.955783 10
-0.045878 1.829260 0.969584 10
-0.074743 1.756217 0.942354 10
-0.050661 1.687615 0.966010 10
-0.043597 1.617644 0.973413 10
-0.040463 1.547268 0.977124 10
-0.048205 1.475345 0.970482 10
-0.087472 1.398259 0.933691 10
-0.078035 1.328109 0.943690 10
-0.054698 1.260574 0.967091 10
-0.075194 1.185018 0.948555 10
-0.063669 1.115378 0.960791 10
-0.073894 1.041064 0.952269 10
-0.046098 0.975195 0.980245 10
-0.063808 0.898586 0.964724 10
-0.063489 0.825995 0.966551 10
-0.084266 0.747368 0.948279 10
-0.072619 0.677307 0.961118 10
-0.092671 0.597699 0.943726 10
-0.061329 0.533556 0.975556 10
-0.051787 0.462787 0.986625 10
-0.074354 0.380912 0.967108 10
-0.084868 0.302419 0.959205 10
-0.052901 0.239150 0.991938 10
-0.053258 0.163930 0.993903 10
-0.053737 0.088296 0.995845 10
-0.038966 0.018620 1.012412 10
-0.059496 -0.066199 0.995438 10
-0.091962 -0.157315 0.967220 10
-0.114967 -0.245447 0.948133 10
-0.161556 -0.345857 0.906746 10
-0.189741 -0.439100 0.883000 10
-0.305407 -0.577668 0.776313 10
-0.386968 -0.702502 0.702237 10
-0.443247 -0.816822 0.652349 10
-1.686485 -1.583941 -0.522343 9
0.527298 6.129959 1.761365 5
0.524265 6.051208 1.753066 5
0.480727 6.005344 1.708012 5
0.425744 5.967688 1.652564 5
-0.685036 5.877983 0.582538 5
-0.641840 5.760752 0.617504 5
-0.700898 5.705480 0.558283 5
-0.795146 5.669159 0.466594 5
-1.718118 6.091673 -0.391413 5
-1.758463 6.009351 -0.433828 5
-0.135739 3.319577 1.006195 2
-0.077082 3.236349 1.059827 2
-0.177005 3.183112 0.964932 2
0.310963 3.030429 1.421273 12
0.304567 2.965805 1.414299 12
0.307490 2.899841 1.416148 12
0.308343 2.834322 1.416137 12
0.328364 2.766781 1.434193 12
0.332462 2.701427 1.437394 12
0.313343 2.638243 1.418888 12
0.346828 2.570818 1.449833 12
0.348901 2.506189 1.451379 11
0.324841 2.442863 1.428472 11
0.309500 2.378653 1.413830 11
0.305681 2.313838 1.410084 11
0.326523 2.248777 1.429570 11
0.336784 2.184199 1.439204 11
0.317708 2.119307 1.421375 11
0.327737 2.054855 1.430951 11
0.033860 1.976663 1.155314 11
-0.054355 1.902869 1.072848 2
-0.088475 1.830614 1.041256 2
-0.212775 1.749692 0.925123 10
-0.190279 1.679902 0.946858 10
-0.198616 1.607172 0.939748 10
-0.179885 1.537511 0.958124 10
-0.193617 1.463746 0.946135 10
-0.188206 1.392399 0.952193 10
-0.204327 1.317514 0.938152 10
-0.209161 1.244067 0.934790 10
-0.221324 1.168931 0.924654 10
-0.193542 1.101487 0.952041 10
-0.201219 1.026866 0.946294 10
-0.217926 0.949753 0.932192 10
-0.210098 0.878002 0.941159 10
-0.201034 0.806564 0.951373 10
-0.222134 0.726928 0.933463 10
-0.207951 0.656563 0.948655 10
-0.230302 0.575382 0.929787 10
-0.225075 0.501960 0.936800 10
-0.223881 0.427079 0.940143 10
-0.199254 0.359920 0.965459 10
-0.235808 0.271431 0.933774 10
-0.219595 0.201052 0.951431 10
-0.249219 0.113248 0.926454 10
-0.246145 0.037228 0.932073 10
-0.227573 -0.032710 0.952222 10
-0.258982 -0.123747 0.925954 10
-0.268739 -0.206568 0.919966 10
-0.331237 -0.314011 0.865084 10
-0.380479 -0.417485 0.822702 10
-0.477040 -0.545676 0.736579 10
-0.547867 -0.664367 0.674566 10
-0.531831 -0.741186 0.693274 10
-1.756164 -1.471147 -0.436653 9
-1.742054 -1.567558 -0.418643 9
0.458386 6.054119 1.804740 5
0.450434 5.980077 1.791716 5
0.277233 6.033432 1.631950 5
-0.762393 5.880005 0.644852 5
-0.723134 5.765554 0.674803 5
-0.869224 5.760320 0.537963 5
-0.886992 5.678914 0.516766 5
-1.749335 6.061760 -0.266745 5
-1.809053 5.990497 -0.326273 5
-0.078482 3.295351 1.170719 2
-0.125779 3.233910 1.125934 2
-0.122230 3.162424 1.127828 2
0.229350 3.034448 1.448904 12
0.220392 2.969881 1.439606 12
0.222972 2.903619 1.440978 12
0.230838 2.836879 1.447293 12
0.243499 2.769911 1.458101 12
0.200476 2.708793 1.417902 12
0.214164 2.641836 1.429833 12
0.237726 2.574596 1.450923 12
0.224602 2.510171 1.438427 11
0.247472 2.443813 1.459065 11
0.237357 2.379157 1.449511 11
0.234907 2.314114 1.447083 11
0.241867 2.248961 1.453384 11
0.240838 2.183942 1.452439 11
0.224939 2.118601 1.437929 11
0.259997 2.054487 1.470298 11
-0.113201 1.972695 1.127929 11
-0.095095 1.904043 1.144934 2
-0.111921 1.833317 1.129965 2
-0.285812 1.748818 0.970936 2
-0.357266 1.669708 0.906054 10
-0.350883 1.597257 0.912714 10
-0.393615 1.518801 0.874414 10
-0.371128 1.448039 0.896052 10
-0.377037 1.373489 0.891744 10
-0.382907 1.298658 0.887577 10
-0.376548 1.225682 0.894726 10
-0.375992 1.151619 0.896657 10
-0.395544 1.073329 0.880272 10
-0.385577 1.000712 0.891038 10
-0.372346 0.928914 0.904891 10
-0.401766 0.846922 0.879810 10
-0.403329 0.771053 0.880341 10
-0.390455 0.698797 0.894183 10
-0.421622 0.614194 0.867869 10
-0.426422 0.536302 0.865781 10
-0.404793 0.466192 0.887944 10
-0.428974 0.381576 0.868387 10
-0.407234 0.311473 0.890859 10
-0.408796 0.233483 0.892178 10
-0.436253 0.145690 0.870017 10
-0.427979 0.070309 0.880545 10
-0.425137 -0.007328 0.886238 10
-0.457338 -0.099484 0.860171 10
-0.461921 -0.181329 0.859370 10
-0.509017 -0.282158 0.820078 10
-0.574690 -0.393067 0.764107 10
-0.658390 -0.514621 0.691995 10
-0.716887 -0.627015 0.642975 10
-0.660758 -0.685281 0.698000 10
-1.807879 -1.350807 -0.335936 9
-1.809234 -1.454266 -0.331883 9
-1.806922 -1.556449 -0.324348 9
0.336687 6.100996 1.808628 5
0.332691 6.023075 1.798577 5
0.283398 5.980115 1.749447 5
-0.938643 6.034561 0.626993 5
-0.786821 5.850002 0.754065 5
-0.863840 5.805025 0.680559 5
-0.912198 5.741987 0.632283 5
-1.711774 6.097032 -0.077282 5
-1.746483 6.013959 -0.114037 5
-1.870942 5.977961 -0.229840 5
-0.128126 3.293055 1.234878 2
-0.163890 3.229518 1.201257 2
-0.122348 3.151739 1.237010 2
0.129931 3.041224 1.461812 12
0.129627 2.974822 1.460344 12
0.120654 2.909701 1.451202 12
0.142226 2.840720 1.469560 12
0.148824 2.774030 1.474590 12
0.130317 2.710017 1.457191 12
0.113819 2.645435 1.441691 12
0.133606 2.577928 1.458858 12
0.130196 2.512328 1.455303 11
0.131542 2.446471 1.456117 11
0.155599 2.379954 1.477422 11
0.136262 2.314917 1.459862 11
0.126301 2.249338 1.450818 11
0.134160 2.183622 1.457875 11
0.137557 2.118017 1.461024 11
0.114213 2.051626 1.440260 11
-0.125820 1.974867 1.225037 2
-0.137120 1.905125 1.215306 2
-0.133126 1.836127 1.219411 2
-0.259105 1.756312 1.106958 2
-0.857708 1.627594 0.570485 10
-0.825366 1.552344 0.600452 10
-0.862386 1.469345 0.568299 10
-0.808138 1.397616 0.618142 10
-0.827238 1.316297 0.602308 10
-0.950514 1.217554 0.493212 10
-1.049382 1.119704 0.406175 10
-1.641309 0.926802 -0.122443 10
-1.458070 0.873498 0.043698 10
-0.900980 0.904548 0.544591 10
-0.888169 0.826724 0.558112 10
-0.857867 0.753211 0.587397 10
-0.845234 0.675799 0.600984 10
-0.882358 0.585239 0.570212 10
-0.833414 0.517483 0.616498 10
-0.764479 0.456613 0.680722 10
-0.700593 0.395759 0.740507 10
-0.707528 0.313697 0.737180 10
-0.677717 0.243381 0.766752 10
-0.663915 0.168005 0.782158 10
-0.640314 0.096201 0.806405 10
-0.635438 0.017698 0.814094 10
-0.646178 -0.067080 0.808021 10
-0.656643 -0.152417 0.802342 10
-0.706515 -0.254788 0.761814 10
-0.770023 -0.364799 0.709388 10
-0.864710 -0.490820 0.629543 10
-0.992922 -0.635266 0.520271 10
-0.921720 -0.689858 0.587881 10
-1.829997 -1.218270 -0.210875 9
-1.813496 -1.311130 -0.190753 9
-1.798889 -1.405094 -0.172152 9
-1.823664 -1.520069 -0.188133 9
0.213201 6.147947 1.813927 5
0.250139 6.037949 1.837835 5
0.214094 5.984517 1.800419 5
0.113108 5.978228 1.708173 5
-0.913584 5.972950 0.780430 5
-0.916613 5.883288 0.771269 5
-1.001307 5.841555 0.692273 5
-1.687691 6.138216 0.096832 5
-1.641473 6.011900 0.129773 5
-1.792963 5.993646 -0.007082 5
-1.925405 5.961728 -0.127617 5
-0.327954 3.392698 1.169220 6
-0.169416 3.289125 1.306173 2
-0.188858 3.222762 1.287438 2
-0.164914 3.148578 1.306827 2
0.015172 3.050269 1.463211 12
0.014294 2.983231 1.461132 12
0.005872 2.917294 1.452547 12
0.027476 2.847618 1.470408 12
0.022767 2.781434 1.465300 12
0.043678 2.712772 1.482785 12
0.032842 2.647341 1.472519 12
0.038603 2.580538 1.476928 12
0.018082 2.515440 1.458372 11
0.025459 2.448624 1.464416 11
0.009585 2.382769 1.450154 11
-0.002126 2.316457 1.439653 11
0.020232 2.249645 1.459179 11
0.002489 2.183151 1.443597 11
0.027098 2.117009 1.465316 11
0.010571 2.050171 1.451020 11
-0.188853 1.974756 1.276240 2
-0.175848 1.906381 1.288108 2
-0.170570 1.837750 1.293303 2
-0.281241 1.759615 1.196835 2
-0.269261 1.690290 1.208151 6
-1.854541 1.448470 -0.181900 9
-1.815411 1.362463 -0.146245 9
-1.914130 1.258896 -0.231356 9
-1.868325 1.173832 -0.189553 9
-1.907414 1.076257 -0.222036 9
-1.793844 1.003795 -0.120573 9
-1.722230 0.926307 -0.055777 10
-1.671482 0.846339 -0.009146 10
-1.490363 0.794978 0.151721 10
-1.479595 0.709944 0.163555 10
-1.224677 0.682814 0.389062 10
-0.936482 0.670410 0.643602 10
-1.104294 0.545326 0.499596 10
-1.035086 0.481055 0.562875 10
-0.976336 0.415307 0.617104 10
-0.931733 0.346549 0.659077 10
-0.900507 0.274453 0.689484 10
-0.862631 0.205071 0.725795 10
-0.852676 0.126818 0.737897 10
-0.850667 0.045672 0.743216 10
-0.857504 -0.039034 0.740987 10
-0.880795 -0.130585 0.724617 10
-0.906746 -0.224201 0.706116 10
-0.970631 -0.334480 0.654893 10
-1.078006 -0.465360 0.566213 10
-1.177983 -0.596393 0.484256 10
-1.425942 -0.797487 0.274552 10
-1.788804 -1.059469 -0.033941 9
-1.876453 -1.200148 -0.103944 9
-1.835417 -1.280330 -0.062565 9
-1.874679 -1.400718 -0.090286 9
-1.862125 -1.495778 -0.073121 9
0.153801 6.062725 1.866919 5
0.103818 6.018965 1.818246 5
0.039834 5.984467 1.758084 5
-1.046783 6.100828 0.805303 5
-0.955495 5.953032 0.874141 5
-1.002587 5.889898 0.827774 5
-1.111300 5.861344 0.729950 5
-1.611195 6.048841 0.304416 5
-1.693988 5.995518 0.227860 5
-1.908168 6.010121 0.041020 5
-0.373989 3.389168 1.239221 6
-0.241681 3.291314 1.350475 2
-0.235083 3.220015 1.354288 2
-0.270840 3.156247 1.321946 2
-0.088733 3.057377 1.476418 12
-0.088687 2.989639 1.475036 12
-0.108334 2.924620 1.456888 12
-0.119888 2.858242 1.445792 12
-0.099777 2.788281 1.461979 12
-0.095598 2.720414 1.464620 12
-0.095415 2.653055 1.463952 12
-0.084679 2.585034 1.472462 12
-0.083331 2.517870 1.473032 11
-0.073583 2.450414 1.480932 11
-0.109809 2.384681 1.449475 11
-0.085994 2.316932 1.469690 11
-0.092250 2.249985 1.464200 11
-0.098694 2.182884 1.458666 11
-0.096754 2.115774 1.460450 11
-0.103626 2.048422 1.454784 11
-0.242387 1.975073 1.335996 2
-0.246693 1.905803 1.332784 2
-0.240110 1.837131 1.339039 2
-0.320695 1.761445 1.270601 6
-0.367392 1.686859 1.231389 6
-1.094537 1.538250 0.608535 6
-1.973475 1.353028 -0.144105 9
-1.886655 1.273151 -0.068057 9
-1.895156 1.181521 -0.073605 9
-1.897616 1.090473 -0.073812 9
-1.907920 0.997859 -0.080575 9
-1.829311 0.921076 -0.011022 9
-1.744736 0.847273 0.063748 10
-1.567584 0.794740 0.217841 10
-1.527415 0.716199 0.254795 10
-1.391983 0.660785 0.373318 10
-1.341901 0.587526 0.418953 10
-1.270720 0.520802 0.482720 10
-1.210929 0.452555 0.536853 10
-1.170123 0.380160 0.574887 10
-1.129398 0.308524 0.612967 10
-1.154561 0.217083 0.595021 10
-1.075569 0.158572 0.665944 10
-1.058552 0.080836 0.684200 10
-1.077502 -0.009439 0.672014 10
-1.109896 -0.105476 0.648592 10
-1.115872 -0.192738 0.647802 10
-1.168322 -0.298760 0.607765 10
-1.283104 -0.431869 0.515148 10
-1.448925 -0.589893 0.379659 10
-1.735673 -0.805199 0.142308 10
-1.887862 -0.968755 0.019320 9
-1.884067 -1.065227 0.028476 9
-1.910473 -1.176442 0.012351 9
-1.934481 -1.287773 -0.001505 9
-1.930784 -1.386444 0.008207 9
-1.938639 -1.491569 0.008409 9
0.010371 6.121854 1.860052 5
0.033517 6.023229 1.870413 5
-0.024601 5.984092 1.815794 5
-0.119080 5.969274 1.731953 5
-1.121983 6.193494 0.881376 5
-1.188614 6.140843 0.819178 5
-1.081224 5.983340 0.898672 5
-1.108145 5.907592 0.869167 5
-1.177725 5.855854 0.804990 5
-1.714593 6.060764 0.358913 5
-1.809944 6.013517 0.273240 5
-2.006782 6.017381 0.104415 5
-0.318290 3.294260 1.391896 2
-0.309542 3.222406 1.397251 2
-0.294973 3.149940 1.407621 2
-0.235404 3.070964 1.455836 12
-0.239714 3.002764 1.450680 12
-0.252007 2.935615 1.438959 12
-0.216526 2.862613 1.467427 12
-0.246719 2.797538 1.440951 12
-0.254576 2.729710 1.433332 12
-0.237246 2.659725 1.446977 12
-0.241699 2.591726 1.442473 12
-0.232124 2.522885 1.449870 11
-0.252875 2.455646 1.431939 11
-0.284831 2.388273 1.404725 11
-0.238353 2.318670 1.443493 11
-0.234181 2.250499 1.446868 11
-0.236419 2.182396 1.444989 11
-0.206655 2.114830 1.470108 11
-0.235103 2.046180 1.446477 11
-0.286760 1.975790 1.403493 2
-0.324225 1.904873 1.372558 2
-0.330860 1.835088 1.367638 2
-1.066557 1.706159 0.751043 2
-1.132322 1.621318 0.696897 6
-1.952976 1.454911 0.009706 9
-1.893038 1.372035 0.061485 9
-1.917899 1.279446 0.042314 9
-1.906090 1.191353 0.054058 9
-1.919018 1.099551 0.045241 9
-1.921800 1.008970 0.045101 9
-1.909381 0.920894 0.057862 9
-1.853723 0.841313 0.106972 10
-1.842959 0.753676 0.118661 9
-1.650637 0.705854 0.282310 10
-1.514936 0.649575 0.398655 10
-1.545312 0.555920 0.376344 10
-1.476202 0.486835 0.437272 10
-1.442207 0.409779 0.469008 10
-1.390977 0.338202 0.515248 10
-1.350095 0.264601 0.552981 10
-1.343485 0.181181 0.562305 10
-1.287927 0.113376 0.612515 10
-1.295945 0.025410 0.609977 10
-1.343290 -0.076783 0.574955 10
-1.329826 -0.158613 0.590642 10
-1.401291 -0.272242 0.536062 10
-1.504324 -0.400383 0.455613 10
-1.667368 -0.555729 0.325832 10
-1.584599 -0.614025 0.399775 10
-1.612693 -0.717963 0.382191 10
-1.935981 -0.953382 0.121233 9
-1.944701 -1.054984 0.120374 9
-1.917901 -1.140701 0.148993 9
-1.897537 -1.229326 0.172481 9
-1.971978 -1.364976 0.118257 9
-2.014832 -1.487161 0.090320 9
-0.118951 6.086489 1.859016 5
-0.134475 6.015650 1.838288 5
-0.178431 5.964653 1.795439 5
-0.349031 5.998577 1.653187 5
-1.094818 6.129383 1.031284 5
-1.056798 6.014879 1.053002 5
-1.120697 5.962051 0.994140 5
-1.232069 5.935265 0.897595 5
-1.393429 5.933915 0.761195 5
-1.668512 5.990684 0.533940 5
-1.718577 5.920704 0.485993 5
-0.502666 3.245953 1.343950 2
-0.527926 3.178522 1.321275 2
-0.444827 3.093897 1.387478 2
-0.413714 3.018831 1.411284 12
-0.426858 2.950376 1.398975 12
-0.405669 2.877685 1.414950 12
-0.436782 2.811084 1.388184 12
-0.436490 2.740902 1.387307 12
-0.408191 2.668562 1.409548 12
-0.408221 2.598901 1.408692 12
-0.822097 2.552184 1.068333 12
-0.419578 2.460214 1.398122 11
-0.405050 2.390097 1.409632 11
-0.396579 2.320474 1.416309 11
-0.405193 2.251179 1.409099 11
-0.415972 2.181664 1.400250 11
-0.398619 2.112397 1.414635 11
-0.411765 2.042605 1.404119 11
-0.439349 1.971844 1.381895 2
-0.451976 1.901198 1.372089 2
-0.425394 1.832847 1.394600 2
-2.209771 1.528390 -0.067233 9
-2.096309 1.448221 0.027278 9
-1.963264 1.373036 0.137979 9
-1.949328 1.285615 0.151175 9
-1.968552 1.193705 0.137376 9
-1.979098 1.102510 0.130877 9
-1.944991 1.018332 0.161124 9
-1.982574 0.921994 0.132862 9
-1.910777 0.845481 0.194281 9
-1.873176 0.763588 0.227870 9
-1.848114 0.679710 0.251366 10
-1.729844 0.617597 0.351148 10
-1.789957 0.515104 0.305400 10
-1.736604 0.439711 0.352453 10
-1.665627 0.370114 0.414003 10
-1.594582 0.302069 0.475717 10
-1.585141 0.217528 0.487383 10
-1.520525 0.149781 0.544107 10
-1.544000 0.055354 0.529333 10
-1.547079 -0.033247 0.531341 10
-1.566831 -0.128000 0.520014 10
-1.621237 -0.235992 0.480810 10
-1.721257 -0.362652 0.404934 10
-1.823078 -0.493010 0.327954 9
-1.782202 -0.569894 0.366700 10
-2.004822 -0.754053 0.192791 9
-1.973045 -0.836990 0.224702 9
-1.984922 -0.938597 0.221597 9
-2.008944 -1.046473 0.208959 9
-2.002471 -1.141380 0.221106 9
-1.991661 -1.234573 0.236950 9
-2.069425 -1.371449 0.181971 9
-0.301343 6.169361 1.828788 5
-0.255789 6.054258 1.854247 5
-0.297207 6.000538 1.813649 5
-0.351232 5.954656 1.763498 5
-0.524240 5.985521 1.622138 5
-1.086359 6.078023 1.163111 5
-1.061938 5.973260 1.173202 5
-1.184347 5.955156 1.069918 5
-1.300653 5.930748 0.971282 5
-1.536210 5.969661 0.779948 5
-1.810304 6.023408 0.558282 5
-0.670557 3.046133 1.310094 12
-0.716822 2.979517 1.271349 12
-0.705114 2.905168 1.279194 12
-0.675172 2.829315 1.301817 12
-0.694762 2.758800 1.284890 12
-0.659881 2.683576 1.311796 12
-0.661939 2.611738 1.309235 12
-0.974437 2.556892 1.057759 12
-0.660540 2.467834 1.308993 11
-0.670205 2.396280 1.300783 11
-0.662968 2.324208 1.306287 11
-0.664016 2.252377 1.305295 11
-0.642920 2.180660 1.322225 11
-0.642971 2.109066 1.322335 11
-0.679331 2.036352 1.293459 11
-2.372457 1.520986 -0.060349 9
-2.200492 1.445757 0.079072 9
-2.110451 1.365143 0.152957 9
-2.372107 1.241617 -0.054769 9
-1.966182 1.205135 0.272482 9
-1.974157 1.115362 0.268336 9
-2.157249 0.996384 0.124254 9
-2.118052 0.912091 0.158295 9
-1.978174 0.847653 0.272992 9
-1.917801 0.770433 0.324243 9
-1.941076 0.676585 0.308833 9
-1.934684 0.588663 0.317318 9
-1.987619 0.486482 0.278672 9
-1.907071 0.416316 0.346678 10
-1.890674 0.330963 0.363695 10
-1.838325 0.255699 0.409511 10
-1.811537 0.174073 0.435133 10
-1.804814 0.086769 0.444976 10
-1.794671 0.000400 0.457727 10
-1.812097 -0.095061 0.448796 10
-1.861042 -0.202031 0.415112 10
-1.909524 -0.310448 0.382076 9
-1.927790 -0.409430 0.373232 9
-2.507574 -0.722042 -0.079129 9
-2.050271 -0.643686 0.288429 9
-2.002747 -0.719791 0.332286 9
-1.935877 -0.787005 0.391522 9
-2.364846 -1.066772 0.060771 9
-2.124961 -1.061038 0.256637 9
-2.011225 -1.107192 0.353271 9
-1.998519 -1.198431 0.370732 9
-0.416306 6.118774 1.843694 5
-0.427141 6.042916 1.826038 5
-0.497512 6.006664 1.764182 5
-0.577579 5.975258 1.695094 5
-0.729742 5.987655 1.571988 5
-0.873842 5.991347 1.454710 5
-1.011599 5.987741 1.342018 5
-1.162072 5.988344 1.219590 5
-1.232514 5.939359 1.157405 5
-1.292253 5.883008 1.103371 5
-1.610653 5.967044 0.853446 5
-2.372906 1.436394 0.078782 9
-2.268579 1.356203 0.162343 9
-2.069341 1.290431 0.320372 9
-2.017977 1.208850 0.362743 9
-2.036658 1.117811 0.350478 9
-1.952168 1.042982 0.419111 9
-2.315470 0.891605 0.137855 9
-1.961254 0.865634 0.417666 9
-2.008044 0.768084 0.384263 9
-2.054977 0.669155 0.350994 9
-2.002627 0.591114 0.395405 9
-2.017336 0.498273 0.387705 9
-1.979156 0.417990 0.421420 9
-2.014325 0.319235 0.398219 9
-1.989461 0.235769 0.421953 9
-1.984540 0.146933 0.430373 9
-1.955415 0.065155 0.457791 9
-1.940381 -0.020588 0.474453 9
-1.904357 -0.099476 0.507577 9
-2.030077 -0.232210 0.415649 9
-2.003642 -0.315357 0.441810 9
-2.027021 -0.416228 0.429669 9
-2.100741 -0.536943 0.378947 9
-2.070068 -0.619494 0.409052 9
-2.059970 -0.709913 0.423495 9
-2.024968 -0.790207 0.457307 9
-2.013399 -0.880031 0.473293 9
-2.150627 -1.035420 0.375372 9
-2.071177 -1.096807 0.443942 9
-2.150833 -1.230733 0.390898 9
-0.626477 6.045973 1.780926 5
-0.685135 5.999629 1.728408 5
-0.778335 5.973770 1.650737 5
-0.934382 5.984190 1.527047 5
-1.102303 5.997913 1.394424 5
-1.212008 5.973702 1.304320 5
-1.398568 5.990698 1.157581 5
-1.501455 5.956789 1.072281 5
-2.394632 1.259605 0.201740 9
-2.271403 1.184865 0.298352 9
-2.066595 1.125115 0.457471 9
-2.050535 1.039706 0.472414 9
-2.058161 0.950419 0.469462 9
-2.105328 0.853445 0.436541 9
-2.077456 0.769962 0.461127 9
-2.076022 0.681415 0.465741 9
-2.065609 0.594683 0.477411 9
-2.003579 0.520057 0.528588 9
-2.058374 0.417951 0.491026 9
-2.023055 0.337543 0.522256 9
-2.021249 0.248668 0.528206 9
-2.052028 0.150340 0.509643 9
-2.004924 0.073971 0.550402 9
-2.076688 -0.038124 0.501271 9
-2.058894 -0.123636 0.520251 9
-2.051612 -0.212533 0.531487 9
-2.037302 -0.299166 0.548251 9
-2.090327 -0.409899 0.514431 9
-2.123089 -0.514838 0.496209 9
-2.069032 -0.587724 0.543622 9
-2.109426 -0.697045 0.520188 9
-2.102781 -0.788590 0.532387 9
-2.095069 -0.879953 0.545622 9
-2.070366 -0.964185 0.571811 9
-2.411807 -1.212146 0.324521 9
-2.487871 1.349867 0.263555 9
-2.491465 1.257779 0.263109 9
-2.306954 1.191011 0.403481 9
-2.257879 1.108495 0.442775 9
-2.240412 1.021955 0.458656 9
-2.161790 0.946157 0.520383 9
-2.089640 0.870878 0.577438 9
-2.094141 0.782169 0.577516 9
-2.039396 0.705444 0.621950 9
-2.034876 0.618812 0.629166 9
-2.091834 0.517844 0.590874 9
-2.070252 0.434397 0.611244 9
-2.096158 0.339090 0.596551 9
-2.077017 0.254961 0.615542 9
-2.111283 0.156076 0.595151 9
-2.191585 0.042619 0.540953 9
-2.295292 -0.080232 0.469796 9
-2.174017 -0.134675 0.565297 9
-2.111734 -0.205871 0.617302 9
-2.104062 -0.294515 0.629179 9
-2.121200 -0.392103 0.623017 9
-2.111604 -0.480686 0.636796 9
-2.054643 -0.551456 0.685601 9
-2.094824 -0.659232 0.663282 9
-2.137069 -0.769267 0.639786 9
-2.374032 -0.962006 0.474193 9
-2.529345 -1.126149 0.369018 9
-2.594219 1.071093 0.326684 9
-2.482197 0.996445 0.411460 9
-2.394778 0.920104 0.478446 9
-2.299762 0.847035 0.551128 9
-2.220573 0.772974 0.612431 9
-2.137503 0.701396 0.676712 9
-2.099440 0.621822 0.708418 9
-2.136121 0.525829 0.686017 9
-2.126416 0.439909 0.697562 9
-2.130358 0.350534 0.699435 9
-2.137770 0.259894 0.699037 9
-2.114636 0.177275 0.720999 9
-2.557836 -0.039868 0.405986 9
-2.425439 -0.094677 0.507641 9
-2.289085 -0.145343 0.612198 9
-2.095521 -0.174377 0.758011 9
-2.142920 -0.280412 0.730307 9
-2.120722 -0.363584 0.752970 9
-2.150613 -0.465447 0.738453 9
-2.132535 -0.550436 0.758643 9
-2.359839 -0.730416 0.603383 9
-2.568182 0.813298 0.488415 9
-2.455359 0.743325 0.572533 9
-2.355267 0.673222 0.647738 9
-2.284460 0.598982 0.702288 9
-2.221581 0.524404 0.751378 9
-2.166614 0.449202 0.795027 9
-2.146525 0.366344 0.814156 9
-2.169159 0.272521 0.803281 9
-2.169398 0.184040 0.808512 9
-2.148770 0.101251 0.828725 9
-2.176048 0.004401 0.815378 9
-2.166805 -0.082077 0.828051 9
-2.177718 -0.175132 0.826787 9
-2.196212 -0.271306 0.820476 9
-2.274177 -0.388863 0.772740 9
-2.423833 -0.534381 0.675195 9
-2.592454 0.550580 0.615119 9
-2.510184 0.477565 0.676900 9
-2.483690 0.393094 0.700245 9
-2.427180 0.316441 0.744566 9
-2.415105 0.229345 0.758387 9
-2.389605 0.145917 0.781715 9
-2.359298 0.064182 0.808580 9
-2.404733 -0.039445 0.783539 9
-2.407971 -0.131505 0.787847 9
-2.501681 -0.252778 0.730330 9
-2.596993 -0.377148 0.672163 9
-1.611721 5.986311 -1.048091 5
-1.621290 6.041915 -1.023728 5
-1.658863 6.106201 -0.980335 5
-1.651021 6.154557 -0.968934 5
-1.615215 6.194030 -0.977002 5
-1.559840 6.228121 -0.998479 5
-1.338325 6.215506 -1.132705 5
-0.766302 6.111230 -1.502429 5
-0.662663 6.143190 -1.553616 5
-0.481385 6.157538 -1.656330 5
-0.352587 6.188249 -1.723242 5
-1.484730 5.825199 -1.101241 5
-1.552238 5.904946 -1.036100 5
-1.710966 6.015351 -0.909267 5
-1.627203 6.037241 -0.949494 5
-1.688717 6.109432 -0.890840 5
-1.671113 6.154153 -0.886347 5
-1.536983 6.162578 -0.960183 5
-1.454002 6.189104 -0.999213 5
-1.418294 6.230810 -1.006588 5
-0.662231 6.133922 -1.470786 5
-0.551883 6.165842 -1.524684 5
-0.274795 6.159411 -1.686459 5
-0.143657 6.192605 -1.752435 5
-1.639271 5.930901 -0.906317 5
-1.746336 6.021726 -0.817386 5
-1.806944 6.093315 -0.760572 5
-1.753010 6.124447 -0.780400 5
-1.675565 6.148819 -0.815603 5
-1.561690 6.163214 -0.874383 5
-1.473221 6.187550 -0.916083 5
-1.452847 6.233311 -0.913348 5
-0.189738 5.998704 -1.691458 5
-0.552543 6.156657 -1.440845 5
-0.183179 6.127048 -1.657169 5
-0.088761 6.169466 -1.698001 5
-1.722213 6.006727 -0.766427 5
-1.804983 6.086357 -0.696406 5
-1.799072 6.133577 -0.684648 5
-1.743795 6.164417 -0.704868 5
-1.642345 6.181635 -0.754484 5
-1.471039 6.179664 -0.848056 5
-1.429791 6.219220 -0.858497 5
-1.391102 6.260073 -0.867331 5
-1.285078 6.283358 -0.918288 5
-0.072815 6.023932 -1.656872 5
-0.073309 6.090000 -1.637483 5
-0.009506 6.140540 -1.658017 5
0.103276 6.181144 -1.708480 5
-1.784717 6.023259 -0.660242 5
-1.807067 6.080894 -0.630430 5
-1.778707 6.120344 -0.633066 5
-1.784047 6.171129 -0.614636 5
-1.750001 6.208942 -0.621085 5
-1.419464 6.156804 -0.811459 5
-1.261618 6.162586 -0.893309 5
0.063437 6.046035 -1.631792 5
0.076866 6.109780 -1.621021 5
0.135046 6.163327 -1.637235 5
0.304603 6.193875 -1.719623 5
-1.706899 5.937749 -0.660094 5
-1.811002 6.026816 -0.579370 5
-1.882575 6.101458 -0.519846 5
-1.829014 6.131260 -0.538141 5
-1.799568 6.169889 -0.541562 5
-1.763711 6.206791 -0.548941 5
-1.299802 6.113006 -0.815321 5
-1.232293 6.146444 -0.840324 5
0.150043 6.014240 -1.593568 5
0.147853 6.082515 -1.573519 5
0.203121 6.137272 -1.587285 5
0.303698 6.183057 -1.627305 5
-1.795878 5.965479 -0.540453 5
-1.914046 6.058675 -0.453445 5
-1.918269 6.108190 -0.436372 5
-1.927175 6.158813 -0.416778 5
-1.813370 6.168202 -0.470737 5
-1.800228 6.212047 -0.464430 5
-1.264276 6.094828 -0.766754 5
-1.178468 6.123034 -0.801669 5
0.233045 6.051717 -1.533088 5
0.284877 6.107972 -1.544165 5
0.339727 6.164316 -1.556954 5
0.575623 6.183976 -1.671526 5
-1.960511 6.022295 -0.379205 5
-1.920524 6.055340 -0.388578 5
-1.997096 6.130460 -0.329300 5
-2.004630 6.179594 -0.311209 5
-1.836922 6.169873 -0.395373 5
-1.692121 6.171054 -0.465392 5
-1.171984 6.059055 -0.750582 5
-0.938563 6.044083 -0.868653 5
0.296481 6.026012 -1.479093 5
0.301013 6.093658 -1.463373 5
0.354736 6.150195 -1.475020 5
0.534897 6.181112 -1.555935 5
-1.994319 5.982025 -0.313763 5
-1.946914 6.011614 -0.327157 5
-1.885980 6.036924 -0.348275 5
-2.014443 6.131030 -0.260544 5
-1.968401 6.161343 -0.273464 5
-1.802915 6.152447 -0.354035 5
-1.785485 6.194795 -0.350280 5
-1.751774 6.232119 -0.355768 5
0.288478 6.017605 -1.385535 5
0.341987 6.073632 -1.396508 5
0.426397 6.123592 -1.424048 5
0.595095 6.157255 -1.496391 5
0.787414 6.189485 -1.580638 5
-1.991989 5.927777 -0.270091 5
-1.986737 5.973742 -0.258994 5
-1.958656 6.010660 -0.261024 5
-2.072339 6.100433 -0.183372 5
-2.031535 6.131619 -0.193087 5
-2.012690 6.171017 -0.190551 5
-1.810355 6.148899 -0.289468 5
-1.793179 6.191121 -0.285617 5
-1.780755 6.234863 -0.279284 5
-1.754939 6.274509 -0.280361 5
0.287534 5.938874 -1.314746 5
0.255188 6.015534 -1.279812 5
0.275491 6.078745 -1.272999 5
0.492482 6.098106 -1.369105 5
0.682009 6.127639 -1.450026 5
0.824811 6.170315 -1.506046 5
-2.044348 5.944036 -0.182079 5
-2.010399 5.977881 -0.187308 5
-2.077006 6.050772 -0.137124 5
-2.044557 6.084770 -0.141873 5
-2.023474 6.123247 -0.140439 5
-1.999770 6.160926 -0.140502 5
-1.828134 6.148922 -0.220197 5
-1.811116 6.190869 -0.216338 5
-1.804571 6.236138 -0.207019 5
0.255353 5.868517 -1.228305 5
0.238858 5.941435 -1.202058 5
0.242402 6.008619 -1.186485 5
0.347532 6.051522 -1.223097 5
0.785274 6.021529 -1.428536 5
0.773362 6.096896 -1.404447 5
0.809883 6.161773 -1.405069 5
-2.027281 5.979440 -0.120588 5
-2.090089 6.050656 -0.073767 5
-2.039558 6.077603 -0.088007 5
-2.025393 6.118520 -0.082860 5
-2.011264 6.159405 -0.077812 5
-1.825067 6.142000 -0.162966 5
-1.826017 6.189739 -0.149766 5
-1.826899 6.237078 -0.136813 5
0.270287 5.785637 -1.167052 5
0.128751 5.893056 -1.077764 5
0.308553 5.913549 -1.151146 5
0.387768 5.962568 -1.173489 5
0.380823 6.033367 -1.152810 5
0.851353 6.068841 -1.350712 5
0.878848 6.136205 -1.346509 5
1.022282 6.181265 -1.398879 5
-1.816237 0.507247 -2.032510 9
-1.866188 0.755944 -1.921171 9
-1.878834 0.934425 -1.848957 9
-1.912885 1.140800 -1.759319 9
-2.091765 6.046212 -0.017311 5
-2.068511 6.083211 -0.016954 5
-2.024063 6.112674 -0.027580 5
-1.978819 6.142524 -0.038533 5
-1.966426 6.184228 -0.032673 5
-1.848872 6.191325 -0.080176 5
-0.913694 5.941595 -0.538702 5
-0.832634 5.973812 -0.564532 5
0.278648 5.773776 -1.084986 5
0.197338 5.864992 -1.027592 5
0.183332 5.936404 -1.003829 5
0.341098 5.964153 -1.063943 5
0.958629 6.034273 -1.309772 5
0.998966 6.099948 -1.311329 5
1.033077 6.167328 -1.309991 5
-1.828545 0.197440 -2.032266 9
-1.930528 0.551372 -1.868295 9
-1.924778 0.707110 -1.812127 9
-1.950625 0.910194 -1.728587 9
-1.995859 1.137412 -1.630136 9
-1.956938 1.222566 -1.611166 9
-1.868972 1.229705 -1.636823 9
-1.809505 1.281716 -1.636988 9
-1.633985 1.161302 -1.738052 9
-0.725408 3.104248 -1.378275 12
-0.819482 3.275929 -1.287568 2
-0.747276 3.307131 -1.304186 6
-0.688827 3.350272 -1.311988 2
-2.076163 6.035113 0.029781 5
-2.078035 6.081634 0.042923 5
-2.048487 6.116267 0.040104 5
-2.000821 6.144824 0.028247 5
-1.953693 6.174308 0.016758 5
-1.836807 6.181515 -0.028980 5
-0.846995 5.913078 -0.501420 5
-0.728402 5.934295 -0.544487 5
0.167914 5.727696 -0.963272 5
0.142179 5.803208 -0.933874 5
0.175929 5.861425 -0.933314 5
0.204882 5.921215 -0.930539 5
0.342948 5.953777 -0.979438 5
1.134333 5.984473 -1.298640 5
1.056444 6.076448 -1.244832 5
1.080933 6.146142 -1.238755 5
1.221586 6.194267 -1.285952 5
-1.933057 0.040591 -1.943477 9
-1.759569 -0.093163 -2.044426 9
-1.931288 0.397572 -1.814339 9
-1.913642 0.537294 -1.769179 9
-1.987500 0.828089 -1.641622 9
-1.919520 0.871827 -1.646870 9
-1.998678 1.154234 -1.521027 9
-2.016606 1.328671 -1.453065 9
-1.975339 1.405450 -1.438650 9
-1.836727 1.333293 -1.508033 9
-1.714257 1.290177 -1.562164 9
-1.547591 1.186956 -1.651772 9
-0.668065 2.861074 -1.382874 12
-0.839029 3.107210 -1.243169 2
-0.893454 3.246199 -1.179409 2
-0.874758 3.320691 -1.162476 2
-0.810822 3.357386 -1.173898 6
-0.779521 3.420825 -1.165275 6
-0.741946 3.478951 -1.160727 6
-0.619695 3.472171 -1.207298 6
-2.028681 6.011600 0.061061 5
-2.071139 6.073928 0.093956 5
-2.028652 6.103777 0.085008 5
-1.971600 6.129086 0.069078 5
-1.953714 6.168777 0.072157 5
-1.833623 6.174668 0.026261 5
-0.624912 5.834734 -0.536852 5
0.145912 5.656931 -0.886305 5
0.144083 5.725752 -0.868565 5
0.193566 5.779382 -0.875059 5
0.203943 5.844417 -0.863362 5
0.363536 5.869846 -0.920772 5
0.460340 5.914244 -0.948742 5
1.156590 6.043908 -1.196832 5
1.169977 6.116697 -1.185510 5
1.267100 6.173598 -1.211566 5
-1.957789 -0.082758 -1.865715 9
-1.929431 0.052344 -1.826325 9
-2.021800 0.403202 -1.675559 9
-2.024631 0.579911 -1.612659 9
-2.065592 0.816519 -1.517577 9
-2.077570 0.994835 -1.451702 9
-2.089524 1.166787 -1.388206 9
-2.094518 1.321492 -1.332960 9
-2.076506 1.434654 -1.299259 9
-1.987770 1.435223 -1.326242 9
-1.915043 1.461849 -1.339470 9
-1.848150 1.497820 -1.347831 9
-1.685791 1.396119 -1.433133 9
-1.438590 1.180839 -1.583840 9
-0.824130 2.499301 -1.348418 11
-0.828980 2.709715 -1.279892 6
-0.718534 2.707272 -1.318414 12
-0.918180 2.988267 -1.161589 12
-0.800463 2.978144 -1.205300 12
-0.892452 3.152919 -1.119066 2
-0.943802 3.288059 -1.059357 2
-0.902598 3.342633 -1.056867 2
-0.795712 3.343534 -1.093941 6
-0.750249 3.395667 -1.093954 6
-0.719186 3.459123 -1.085591 6
-0.627419 3.475752 -1.112959 6
0.035166 3.066747 -1.470772 12
-2.029852 6.053214 0.128300 5
-2.037697 6.101892 0.143635 5
-2.009920 6.137342 0.141989 5
-1.982119 6.173065 0.140319 5
-1.834002 6.169050 0.082727 5
-1.727571 6.181459 0.045054 5
0.176364 5.638706 -0.817501 5
0.120273 5.723953 -0.775272 5
0.158169 5.780448 -0.776228 5
0.237944 5.825752 -0.796107 5
1.242314 6.014194 -1.140734 5
1.252504 6.088371 -1.127930 5
1.287279 6.157709 -1.125908 5
-2.089514 0.000735 -1.685452 9
-2.008253 0.033166 -1.697486 9
-2.054441 0.303779 -1.591846 9
-1.972261 0.329760 -1.606656 9
-2.038653 0.620413 -1.488677 9
-2.105363 0.899898 -1.374544 9
-2.071241 0.997541 -1.351526 9
-2.078512 1.161062 -1.294268 9
-2.090727 1.327002 -1.234877 9
-2.124979 1.522110 -1.159297 9
-2.106514 1.628924 -1.129114 9
-1.930403 1.494874 -1.226673 9
-1.837483 1.491375 -1.255880 9
-1.741753 1.485874 -1.286738 9
-1.595968 1.411860 -1.355612 9
-0.655701 2.113700 -1.427425 11
-1.013547 2.585260 -1.163412 11
-0.835078 2.511225 -1.244979 11
-0.893827 2.671308 -1.176124 12
-0.886609 2.764653 -1.149770 12
-0.922167 2.895929 -1.097717 12
-0.928192 2.997196 -1.064796 12
-0.893105 3.059946 -1.057459 12
-0.898690 3.157628 -1.026029 2
-0.870102 3.224350 -1.015560 2
-0.864916 3.309990 -0.991634 2
-0.793776 3.340438 -1.006674 2
-0.718546 3.368565 -1.023918 6
-0.690880 3.434962 -1.013734 6
-0.636236 3.480199 -1.019140 6
-0.525704 3.483978 -1.056015 6
0.164460 3.065164 -1.415938 12
0.305554 3.060595 -1.466048 12
0.253661 3.289473 -1.382177 2
0.379006 3.299140 -1.423148 2
-2.009981 6.040584 0.173211 5
-2.015047 6.088392 0.186962 5
-2.015324 6.133996 0.198326 5
-1.970725 6.163728 0.189155 5
-1.819541 6.158526 0.131991 5
-1.894856 6.229511 0.177046 5
0.142255 5.640577 -0.719832 5
0.053978 5.735058 -0.664525 5
0.137388 5.777472 -0.685508 5
0.276118 5.805907 -0.730493 5
1.351262 5.979352 -1.093028 5
1.287616 6.069482 -1.049068 5
1.308816 6.141595 -1.041109 5
1.479581 6.186645 -1.095470 5
-1.894784 -0.776480 -1.885998 9
-2.014674 -0.323626 -1.702480 9
-2.009791 -0.135353 -1.641395 9
-2.044504 0.121230 -1.546843 9
-2.047177 0.307751 -1.484529 9
-2.088536 0.557547 -1.390645 9
-2.195094 0.912979 -1.243771 9
-2.157715 1.004567 -1.224386 9
-2.116236 1.086851 -1.209343 9
-2.030245 1.093752 -1.231780 9
-2.176661 1.477125 -1.064913 9
-2.163508 1.593483 -1.031005 9
-2.091955 1.616437 -1.044433 9
-1.965911 1.558069 -1.100152 9
-1.858235 1.531169 -1.140476 9
-1.744469 1.498540 -1.184559 9
-1.648513 1.494347 -1.214394 9
-1.595660 1.551741 -1.211878 9
-1.099869 2.141768 -1.178749 11
-1.093794 2.246220 -1.148587 11
-1.043012 2.300619 -1.147894 11
-0.989733 2.352262 -1.148952 11
-1.071934 2.543020 -1.065046 11
-0.994095 2.567116 -1.082483 11
-0.920918 2.596913 -1.096838 12
-1.024449 2.798126 -1.003355 12
-1.032532 2.903023 -0.969421 12
-0.982737 2.952145 -0.970855 12
-1.008372 3.069740 -0.927721 12
-0.979852 3.136535 -0.917269 12
-0.782354 3.055770 -1.005319 12
-0.827094 3.186756 -0.952382 2
-0.804023 3.257989 -0.939200 2
-0.802200 3.345813 -0.914335 2
-0.697050 3.349615 -0.947938 2
-0.608204 3.368262 -0.971994 6
-0.482556 3.360243 -1.016015 6
-0.061233 3.133328 -1.220964 12
0.141175 3.079108 -1.303956 12
0.155100 3.165102 -1.284374 2
0.137655 3.272116 -1.248481 2
0.243613 3.292470 -1.278513 2
0.267471 3.369826 -1.265084 6
0.382391 3.386787 -1.299348 6
-1.985710 6.026268 0.216227 5
-2.013664 6.082745 0.239928 5
-1.971636 6.113117 0.232301 5
-1.963854 6.155975 0.239827 5
-1.788340 6.142396 0.173843 5
-1.866185 6.214571 0.218834 5
0.035785 5.665259 -0.592503 5
0.068940 5.721915 -0.591148 5
0.120297 5.773562 -0.597609 5
1.446711 5.947158 -1.037750 5
1.379724 6.038938 -0.993316 5
1.400530 6.111920 -0.984985 5
1.346583 6.198669 -0.946637 5
-2.079132 -0.584141 -1.654497 9
-2.083541 -0.365429 -1.582984 9
-2.083564 -0.164454 -1.518487 9
-2.019801 -0.095857 -1.513769 9
-2.073935 0.195729 -1.405896 9
-2.188167 0.586720 -1.250051 9
-2.132116 0.652477 -1.244533 9
-2.074230 0.713804 -1.241053 9
-2.159374 1.021151 -1.120165 9
-2.127229 1.118349 -1.098437 9
-2.269315 1.500030 -0.938450 9
-2.247515 1.602321 -0.912454 9
-2.187822 1.642146 -0.916853 9
-2.029243 1.529817 -0.996989 9
-1.982164 1.592009 -0.991043 9
-1.902195 1.604914 -1.009954 9
-1.783950 1.564014 -1.056672 9
-1.667496 1.529276 -1.101083 9
-1.277111 2.342679 -0.970059 11
-1.295723 2.469632 -0.926662 11
-1.235941 2.509514 -0.933078 11
-1.196193 2.570755 -0.927167 11
-1.069924 2.542692 -0.974212 12
-1.140763 2.716004 -0.901587 12
-1.111547 2.785762 -0.890264 12
-0.978221 2.754275 -0.940822 12
-1.008589 2.880836 -0.894696 12
-1.261804 3.210604 -0.720364 2
-0.972599 3.037167 -0.860947 12
-0.958094 3.116796 -0.842718 12
-0.760345 3.035915 -0.928230 2
-0.809073 3.170435 -0.874599 2
-0.764179 3.223524 -0.873859 2
-0.718612 3.276070 -0.873594 2
-0.602523 3.272279 -0.911787 2
-0.537125 3.310596 -0.922072 2
-0.264929 3.191182 -1.042840 12
-0.043378 3.117191 -1.134808 12
0.090480 3.113221 -1.179225 12
0.073736 3.220190 -1.144466 2
0.021961 3.349835 -1.092237 2
0.185492 3.328554 -1.151390 2
0.258432 3.371799 -1.163571 6
0.330229 3.416672 -1.175058 6
-1.950517 6.007749 0.254702 5
-1.995021 6.070729 0.285023 5
-1.977046 6.109827 0.288104 5
-1.938917 6.141958 0.282527 5
-1.824235 6.148826 0.244532 5
-1.849721 6.203572 0.266083 5
-1.752292 6.218781 0.235858 5
0.116228 5.699002 -0.531494 5
0.309035 5.709665 -0.596010 5
1.503769 5.923062 -0.965540 5
1.420955 6.018664 -0.915872 5
1.411695 6.097773 -0.895653 5
1.441414 6.169119 -0.890885 5
-2.147248 -0.630563 -1.535286 9
-2.067158 -0.585607 -1.542169 9
-2.097223 -0.315296 -1.450468 9
-2.037220 -0.236250 -1.441781 9
-2.022641 -0.070673 -1.394493 9
-1.951760 -0.017995 -1.397080 9
-1.966623 0.192960 -1.328238 9
-2.213567 0.815289 -1.071074 9
-2.174505 0.905546 -1.053963 9
-2.217695 1.135188 -0.972133 9
-2.200614 1.254629 -0.940379 9
-2.238091 1.460155 -0.867668 9
-2.239493 1.600200 -0.824816 9
-2.172899 1.628910 -0.834480 9
-2.010800 1.511404 -0.914791 9
-1.964657 1.575053 -0.908463 9
-1.912343 1.628686 -0.906969 9
-1.775595 1.560474 -0.965720 9
-1.700895 1.584314 -0.979633 9
-1.607720 1.583608 -1.006182 9
-1.278103 2.127001 -0.941404 11
-1.300053 2.263198 -0.895529 11
-1.329463 2.404127 -0.846201 11
-1.340030 2.520703 -0.809541 11
-1.280162 2.559165 -0.816235 11
-1.174990 2.550563 -0.849938 11
-1.194715 2.672466 -0.809341 12
-1.244917 2.822060 -0.751871 12
-1.500069 3.169389 -0.577070 2
-1.518672 3.276357 -0.541329 2
-1.436888 3.285985 -0.563340 2
-1.425121 3.361906 -0.545674 6
-1.406698 3.430600 -0.532138 6
-1.323805 3.441145 -0.554502 6
-1.060611 3.296368 -0.675080 2
-0.756560 3.124733 -0.815689 2
-0.650668 3.127598 -0.847511 2
-0.677965 3.241370 -0.807998 2
-0.604209 3.271850 -0.822552 2
-0.325941 3.143179 -0.943861 12
-0.221047 3.155152 -0.973309 12
-0.113361 3.166973 -1.003776 12
0.063835 3.129750 -1.069246 2
0.061411 3.225779 -1.042905 2
0.138372 3.264509 -1.056873 2
0.166094 3.338107 -1.046195 2
0.310204 3.332904 -1.093189 6
0.401949 3.365151 -1.113873 6
-0.014375 4.977067 -0.574440 13
-1.861529 5.968513 0.271016 5
-1.989802 6.063707 0.335814 5
-1.940172 6.091327 0.325734 5
-1.913615 6.127790 0.325313 5
-1.751521 6.118671 0.269195 5
-1.800932 6.182006 0.300135 5
-1.736620 6.207994 0.284535 5
1.530944 5.984089 -0.864384 5
1.440521 6.080206 -0.813480 5
1.487146 6.148508 -0.814917 5
1.636631 6.199320 -0.854956 5
-2.021165 -1.105558 -1.594684 9
-2.111428 -0.683046 -1.445093 9
-2.107509 -0.477609 -1.384587 9
-2.053345 -0.383123 -1.370205 9
-2.016633 -0.256560 -1.341892 9
-1.956616 -0.179409 -1.334419 9
-1.831746 -0.226720 -1.380846 9
-1.818076 -0.064233 -1.336243 9
-2.295042 0.977294 -0.903404 9
-2.268016 1.084441 -0.878880 9
-2.313185 1.312559 -0.799781 9
-2.270912 1.385086 -0.789674 9
-2.220999 1.443540 -0.785822 9
-2.254922 1.635626 -0.720576 9
-2.152775 1.607482 -0.756204 9
-2.087545 1.638950 -0.764625 9
-1.987579 1.618711 -0.797555 9
-1.903030 1.623766 -0.819064 9
-1.811198 1.619968 -0.845214 9
-1.692823 1.580900 -0.888892 9
-1.575616 1.546979 -0.930867 9
-1.339732 1.975807 -0.874543 11
-1.270101 2.007952 -0.885141 11
-1.418165 2.293498 -0.763004 11
-1.455227 2.443107 -0.710579 11
-0.953790 1.988704 -0.980444 11
-1.310627 2.491269 -0.738473 11
-1.300007 2.582694 -0.716166 11
-1.167366 2.544590 -0.764921 11
-1.197378 2.676855 -0.719799 12
-1.443842 3.023284 -0.553173 6
-1.473368 3.144050 -0.511528 2
-1.489622 3.249000 -0.478157 2
-1.459582 3.307823 -0.470964 2
-1.397211 3.336204 -0.481596 6
-1.393753 3.418736 -0.460340 6
-1.348135 3.462370 -0.462086 6
-1.265356 3.473814 -0.483554 6
-0.746047 3.114807 -0.733745 12
-0.624241 3.104296 -0.772850 12
-0.549541 3.134933 -0.787064 12
-0.489841 3.178576 -0.793443 12
-0.404450 3.202586 -0.812799 12
-0.369707 3.266789 -0.806460 12
-0.304839 3.308066 -0.815298 12
-0.046192 3.207610 -0.919760 12
0.142671 3.164102 -0.988386 2
0.168111 3.240073 -0.976563 2
0.209112 3.304741 -0.972491 2
0.365841 3.291371 -1.023873 2
0.464380 3.319687 -1.046901 2
0.602310 3.324236 -1.088164 2
-0.523937 4.204419 -0.519174 13
-0.453330 4.237844 -0.532682 13
-0.451853 4.312892 -0.514469 13
-0.458578 4.391754 -0.492848 13
-0.436559 4.453426 -0.484507 13
-0.428077 4.522220 -0.470276 13
-0.400487 4.580195 -0.464751 13
-0.101182 4.646419 -0.542756 13
-0.353096 4.841658 -0.416563 13
-0.196664 4.837980 -0.466854 13
-0.261638 4.938761 -0.422395 13
-0.144716 4.956280 -0.455324 13
-0.070614 4.994521 -0.469877 13
-0.206383 5.122242 -0.396871 5
-0.319167 5.236682 -0.334358 5
-0.260316 5.279678 -0.343199 5
-1.814352 5.945209 0.306363 5
-1.958502 6.046962 0.375757 5
-1.914352 6.076777 0.368387 5
-1.909513 6.121034 0.376843 5
-1.767519 6.118482 0.330636 5
-1.802291 6.176811 0.354871 5
-1.742813 6.204140 0.341785 5
0.209740 5.653302 -0.409929 5
1.567902 5.964517 -0.783844 5
1.544952 6.047626 -0.759050 5
1.509512 6.132235 -0.729973 5
1.700230 6.175560 -0.783308 5
-2.045516 -1.260399 -1.513310 9
-2.172988 -0.744309 -1.332683 9
-2.175051 -0.522106 -1.268046 9
-2.103141 -0.463828 -1.269143 9
-1.996274 -0.477599 -1.299801 9
-1.952910 -0.362534 -1.277653 9
-1.859444 -0.348032 -1.297049 9
-1.761936 -0.339760 -1.319357 9
-2.344384 0.923382 -0.810872 9
-2.277415 0.960168 -0.817482 9
-2.239292 1.047723 -0.802363 9
-2.280008 1.268320 -0.729319 9
-2.290552 1.430014 -0.680830 9
-2.290136 1.568174 -0.641918 9
-2.211660 1.576854 -0.659903 9
-2.152897 1.617750 -0.663762 9
-2.066322 1.616009 -0.686964 9
-1.985157 1.624211 -0.706045 9
-1.892414 1.616883 -0.732609 9
-1.784673 1.590184 -0.768634 9
-1.677665 1.567495 -0.803438 9
-1.497989 2.171869 -0.685760 11
-1.467865 2.246484 -0.673718 11
-1.490646 2.381320 -0.630885 11
-1.454107 2.445140 -0.623702 11
-1.432565 2.524943 -0.608142 11
-1.417268 2.610210 -0.589464 6
-1.386852 2.677764 -0.579825 6
-1.440024 2.831976 -0.523765 6
-1.453666 2.941313 -0.490817 6
-1.523317 3.104379 -0.427939 2
-1.520062 3.190955 -0.405939 6
-1.476083 3.236603 -0.406327 2
-1.467311 3.315516 -0.388061 2
-1.443622 3.379289 -0.378080 6
-1.429570 3.451084 -0.363331 6
-1.314354 3.431987 -0.401254 6
-1.278183 3.484344 -0.398042 6
-1.191488 3.493451 -0.420618 6
-0.664375 3.136550 -0.664564 12
-0.623711 3.194045 -0.661559 12
-0.521291 3.201969 -0.689221 12
-0.453285 3.238809 -0.699595 12
-0.374034 3.267804 -0.715323 12
-0.289924 3.294294 -0.733189 12
-0.212418 3.326932 -0.747658 12
-0.182708 3.395043 -0.739278 12
0.068985 3.306396 -0.835499 12
0.276967 3.254236 -0.909827 2
0.305411 3.328048 -0.899920 2
0.451180 3.324043 -0.944094 2
0.517406 3.374320 -0.951383 2
-0.490423 4.102379 -0.473032 13
-0.482671 4.174781 -0.457670 13
-0.643124 4.347711 -0.367685 13
-0.590562 4.389907 -0.373210 13
-0.611475 4.474872 -0.346457 13
-0.535803 4.504190 -0.362172 13
-0.494210 4.553356 -0.362953 13
-0.460552 4.607035 -0.360342 13
-0.467312 4.681874 -0.340574 13
-0.323474 4.679133 -0.384794 13
-0.323543 4.750689 -0.367978 13
-0.441875 4.878664 -0.302106 13
-0.373023 4.914811 -0.314668 13
-0.346707 4.971481 -0.309578 13
-0.187131 4.968652 -0.358987 13
-0.379402 5.121805 -0.265031 5
-0.290383 5.150945 -0.285668 5
-0.323625 5.231758 -0.257113 5
-0.379015 5.320018 -0.220141 5
-1.791221 5.931125 0.352049 5
-1.940854 6.035296 0.421489 5
-1.904207 6.067899 0.417432 5
-1.894818 6.110576 0.423981 5
-1.744510 6.105082 0.376244 5
-1.764135 6.158637 0.394066 5
-1.668815 6.174812 0.368015 5
-0.099554 5.803999 -0.200015 7
1.531517 5.960361 -0.676889 5
1.584499 6.027784 -0.679667 5
1.565516 6.109595 -0.657010 5
1.623979 6.176767 -0.661744 5
-2.160553 -0.972707 -1.284886 9
-2.160745 -0.745755 -1.221793 9
-1.994424 -0.884614 -1.300558 9
-2.080980 -0.487355 -1.169527 9
-1.954456 -0.540743 -1.215153 9
-1.876697 -0.492827 -1.220977 9
-1.800156 -0.442796 -1.226018 9
-1.688601 -0.459032 -1.258021 9
-2.317702 0.889523 -0.732001 9
-2.316497 1.044816 -0.689761 9
-2.321923 1.206278 -0.644260 9
-2.336983 1.378553 -0.593476 9
-2.307282 1.469811 -0.576096 9
-2.258874 1.528078 -0.572485 9
-2.236195 1.626596 -0.551513 9
-2.128587 1.589720 -0.588864 9
-2.043965 1.591338 -0.610028 9
-1.945828 1.574444 -0.639720 9
-1.875368 1.600552 -0.650814 9
-1.826140 1.657740 -0.648172 9
-1.695007 1.599590 -0.697678 9
-0.959619 0.717325 -1.124247 10
-0.904828 0.787571 -1.119814 10
-1.527675 2.100381 -0.608577 11
-1.492636 2.169873 -0.599577 11
-1.476420 2.260681 -0.580061 11
-1.459238 2.348549 -0.561647 11
-1.473016 2.469889 -0.526298 6
-1.479403 2.579966 -0.495938 6
-1.422934 2.618942 -0.501009 6
-1.492188 2.792476 -0.437417 6
-1.461629 2.856444 -0.429177 6
-1.454175 2.943374 -0.408830 6
-1.492137 3.074276 -0.364916 2
-1.477826 3.150317 -0.349370 2
-1.483969 3.244862 -0.323577 6
-1.469533 3.318001 -0.308941 2
-1.408414 3.346830 -0.318447 2
-1.352123 3.380735 -0.325407 6
-1.325009 3.441073 -0.317707 6
-1.253123 3.461914 -0.332406 6
-1.046686 3.369150 -0.413007 2
-0.704053 3.168451 -0.558553 12
-0.642289 3.207753 -0.566037 12
-0.552577 3.225264 -0.586822 12
-0.435351 3.222725 -0.620358 12
-0.422060 3.302395 -0.604492 12
-0.416818 3.387134 -0.585191 12
-0.215383 3.326299 -0.657002 12
-0.224571 3.422145 -0.631061 12
-0.045529 3.383707 -0.691230 12
-0.627067 3.874028 -0.407200 13
-0.464854 3.843824 -0.460738 13
-0.483915 3.936952 -0.432944 13
-0.563883 4.067745 -0.378775 13
-0.613467 4.176012 -0.338762 13
-0.579920 4.230577 -0.335464 13
-0.535590 4.278616 -0.336885 13
-0.541727 4.356681 -0.316738 13
-0.577641 4.450807 -0.284282 13
-0.534683 4.498750 -0.285534 13
-0.505535 4.554571 -0.281014 13
-0.420754 4.580535 -0.299656 13
-0.433003 4.658619 -0.278075 13
-0.400100 4.712585 -0.275281 13
-0.405070 4.785457 -0.257158 13
-0.483734 4.893171 -0.209588 13
-0.478795 4.958751 -0.196161 13
-0.334369 4.959662 -0.238380 13
-0.364085 5.041364 -0.211267 5
-0.366898 5.109986 -0.195075 5
-0.439327 5.207386 -0.151995 5
-0.340649 5.232064 -0.175678 5
-0.345724 5.299957 -0.159180 5
-1.778500 5.921060 0.401922 5
-1.968828 6.040793 0.484597 5
-1.861460 6.047136 0.454083 5
-1.893519 6.104854 0.476134 5
-1.799059 6.118199 0.450883 5
-1.738181 6.144440 0.438369 5
-0.242370 5.712820 -0.100394 0
-0.148566 5.746820 -0.121192 7
-0.116503 5.800837 -0.119348 7
0.002205 5.830286 -0.148692 7
-0.041880 5.906829 -0.119432 7
1.559981 5.942643 -0.593836 5
1.618118 6.009096 -0.597927 5
1.602371 6.090523 -0.576793 5
1.623776 6.164545 -0.568444 5
-2.159172 -1.183969 -1.225648 9
-2.227228 -0.795791 -1.106040 9
-2.186395 -0.664402 -1.080630 9
-2.093144 -0.649525 -1.098716 9
-1.983538 -0.667302 -1.129450 9
-1.913911 -0.601116 -1.128469 9
-1.801400 -0.620778 -1.160571 9
-1.776986 -0.467658 -1.125927 9
-2.328081 0.761854 -0.668593 9
-2.327487 0.922617 -0.626359 9
-2.277467 0.989078 -0.620997 9
-2.293529 1.169842 -0.569607 9
-2.314823 1.353010 -0.516383 9
-2.321815 1.505703 -0.474710 9
-2.279250 1.572343 -0.467764 9
-2.199096 1.577732 -0.486125 9
-2.121638 1.588806 -0.502408 9
-2.029525 1.578762 -0.527881 9
-1.949869 1.589510 -0.544933 9
-1.879050 1.614481 -0.556168 9
-1.758313 1.568832 -0.598208 9
-1.673727 1.577515 -0.617238 9
-0.977576 0.750273 -1.005374 10
-0.885883 0.769983 -1.023517 10
-0.778554 0.770518 -1.050615 10
-1.537799 1.886919 -0.572435 2
-1.564888 2.037867 -0.527082 11
-1.530245 2.108391 -0.518036 11
-1.542994 2.235108 -0.482648 11
-1.558953 2.362313 -0.446378 11
-1.509617 2.410547 -0.446955 11
-1.525959 2.533211 -0.411864 11
-1.424253 2.521498 -0.441216 6
-1.441819 2.642048 -0.406469 6
-1.469031 2.769909 -0.367444 6
-1.473956 2.871175 -0.340941 6
-1.438613 2.928952 -0.335872 6
-1.494351 3.077712 -0.284362 2
-1.485800 3.159091 -0.266520 2
-1.414615 3.178651 -0.280536 2
-1.403763 3.256259 -0.264355 2
-1.400954 3.340053 -0.244582 2
-1.301242 3.334471 -0.272523 2
-1.264365 3.386825 -0.269630 6
-1.090857 3.320070 -0.332307 2
-1.009824 3.336830 -0.350005 2
-0.922565 3.349733 -0.370373 2
-0.649817 3.212443 -0.476961 12
-0.558404 3.228199 -0.497893 12
-0.532669 3.297066 -0.488402 12
-0.486146 3.349381 -0.488567 12
-0.497397 3.445270 -0.462728 12
-0.336359 3.412592 -0.514377 12
-0.594416 3.685726 -0.379405 13
-0.587947 3.763043 -0.362990 13
-0.555709 3.821584 -0.358112 13
-0.520661 3.878045 -0.354555 13
-0.539679 3.970149 -0.327872 13
-0.642147 4.114550 -0.266086 13
-0.555430 4.135429 -0.285236 13
-0.603356 4.240954 -0.247645 13
-0.586301 4.304936 -0.237688 13
-0.619069 4.397860 -0.207320 13
-0.600228 4.459243 -0.198576 13
-0.549071 4.502074 -0.203121 13
-0.527883 4.561902 -0.195505 13
-0.463868 4.598489 -0.205178 13
-0.549640 4.714376 -0.155103 13
-0.482985 4.749428 -0.165980 13
-0.444944 4.799688 -0.165479 13
-0.465050 4.878412 -0.142339 13
-0.492514 4.959414 -0.116678 13
-0.378595 4.973921 -0.145669 13
-0.276973 4.996073 -0.169562 13
-0.390295 5.113853 -0.111718 5
-0.374587 5.173516 -0.103191 5
-0.393376 5.247189 -0.081885 5
-0.376183 5.305417 -0.074208 5
-1.745983 5.903295 0.444452 5
-1.937961 6.024175 0.525072 5
-1.857437 6.040479 0.505557 5
-1.857580 6.086875 0.515445 5
-1.788724 6.109212 0.500462 5
-1.802746 6.160288 0.515226 5
-1.605998 6.143028 0.455186 5
-0.182112 5.749256 -0.035716 7
-0.148767 5.802361 -0.034270 7
-0.110933 5.854482 -0.034377 7
-0.123043 5.920876 -0.017226 7
1.578359 6.005300 -0.491771 5
1.587093 6.081472 -0.479197 5
1.668289 6.144241 -0.490349 5
1.684956 6.219463 -0.480411 5
-2.210247 -1.037791 -1.059079 9
-2.209793 -0.808725 -1.000584 9
-2.150315 -0.718442 -0.991204 9
-2.034220 -0.751121 -1.026344 9
-1.931963 -0.751368 -1.050093 9
-1.855537 -0.697316 -1.054103 9
-1.802103 -0.598523 -1.041467 9
-1.724829 -0.548223 -1.046785 9
-2.379443 0.874112 -0.532980 9
-2.334880 0.951082 -0.524009 9
-2.312232 1.065383 -0.500504 9
-2.319176 1.227817 -0.457923 9
-2.291047 1.324730 -0.440224 9
-2.329541 1.530035 -0.379482 9
-2.293987 1.607185 -0.368639 9
-2.187983 1.570365 -0.403276 9
-2.125627 1.604866 -0.409655 9
-2.029262 1.587764 -0.437167 9
-1.945451 1.591860 -0.456425 9
-1.898145 1.650794 -0.453262 9
-1.801346 1.638351 -0.479904 9
-1.220755 0.952328 -0.791373 10
-1.047412 0.854035 -0.858073 10
-0.972695 0.893984 -0.866563 10
-1.515035 1.743388 -0.524157 2
-1.556146 1.916201 -0.471592 2
-1.615892 2.107212 -0.410020 11
-1.518815 2.099113 -0.436085 11
-1.585497 2.290728 -0.372764 11
-1.552355 2.358433 -0.364554 11
-1.485449 2.386128 -0.374560 11
-1.495383 2.501696 -0.344073 11
-1.429231 2.529895 -0.353884 6
-1.414259 2.614537 -0.337247 6
-1.360861 2.656644 -0.340605 6
-1.390475 2.785717 -0.302133 6
-1.400965 2.891902 -0.274051 6
-1.362217 2.946272 -0.270926 6
-1.450422 3.125210 -0.205809 2
-1.314186 3.082502 -0.250780 2
-1.381586 3.235699 -0.197206 2
-1.263559 3.213025 -0.232872 2
-1.292527 3.326443 -0.198678 2
-1.261053 3.383506 -0.193379 2
-1.076857 3.307246 -0.258872 2
-0.793436 3.151411 -0.368731 12
-0.730212 3.187898 -0.376634 12
-0.633004 3.197231 -0.399749 12
-0.644613 3.295574 -0.373917 12
-0.581072 3.333099 -0.381836 12
-0.484672 3.346043 -0.404080 12
-0.467939 3.420678 -0.391308 12
-0.434864 3.482465 -0.385834 12
-0.547698 3.649236 -0.318016 13
-0.653817 3.806557 -0.254180 13
-0.510683 3.787272 -0.296380 13
-0.529753 3.880780 -0.270155 13
-0.645181 4.036344 -0.204423 13
-0.558064 4.056465 -0.223036 13
-0.643692 4.187345 -0.170886 13
-0.604888 4.237847 -0.169934 13
-0.583864 4.299232 -0.161863 13
-0.596976 4.380443 -0.140311 13
-0.620045 4.466150 -0.115149 13
-0.563315 4.505377 -0.121711 13
-0.565419 4.577673 -0.105240 13
-0.502229 4.614004 -0.114279 13
-0.455115 4.659622 -0.117009 13
-0.485594 4.745389 -0.090105 13
-0.497407 4.820320 -0.070652 13
-0.455785 4.868236 -0.071556 13
-0.473393 4.944575 -0.050333 13
-0.450734 5.001209 -0.044321 13
-0.365597 5.029650 -0.061374 13
-0.366614 5.097214 -0.046693 5
-0.388009 5.172808 -0.024807 5
-0.362403 5.227848 -0.020145 5
-0.404804 5.310256 0.008811 5
-0.413128 5.377814 0.025278 5
-1.883824 5.998697 0.557787 5
-1.839294 6.028659 0.551831 5
-1.840122 6.075419 0.561769 5
-1.766099 6.095996 0.545698 5
-1.746750 6.136126 0.548649 5
-1.568724 6.125176 0.497416 5
-1.586682 6.178870 0.513341 5
-0.184545 5.805083 0.050691 7
-0.047206 5.827827 0.017411 7
0.013257 5.874577 0.010159 7
1.637763 5.981390 -0.418703 5
1.568593 6.073174 -0.381556 5
1.639892 6.137303 -0.388892 5
1.695173 6.205346 -0.391081 5
-2.085134 -1.544209 -1.096397 9
-2.250877 -0.916719 -0.905628 9
-2.219825 -0.760350 -0.874315 9
-2.106798 -0.788495 -0.906591 9
-2.038655 -0.717958 -0.904727 9
-1.931361 -0.729800 -0.931864 9
-1.828456 -0.730109 -0.955265 9
-1.750185 -0.679888 -0.960847 9
-2.410823 0.786309 -0.454183 9
-2.391758 0.912701 -0.427892 9
-2.397280 1.079784 -0.386166 9
-2.406110 1.246700 -0.343775 9
-2.423906 1.423246 -0.297046 9
-2.372136 1.474996 -0.296539 9
-2.344885 1.566877 -0.280740 9
-2.283512 1.600826 -0.286847 9
-2.218256 1.628771 -0.295352 9
-2.122965 1.610466 -0.322006 9
-2.047622 1.625008 -0.336182 9
-1.926849 1.573032 -0.376964 9
-1.829090 1.558555 -0.403440 9
-1.343078 0.993034 -0.652763 10
-1.230906 0.974887 -0.683628 10
-1.107129 0.943667 -0.720406 10
-1.057451 1.014901 -0.715366 10
-1.505542 1.737163 -0.437880 2
-1.600838 1.979174 -0.358035 11
-1.592195 2.082552 -0.335778 11
-1.558102 2.152221 -0.327604 11
-1.576581 2.284249 -0.292205 11
-1.584914 2.400769 -0.262935 11
-1.617300 2.542218 -0.222075 11
-1.521372 2.534317 -0.247175 11
-1.420833 2.523407 -0.274145 11
-1.356284 2.553935 -0.282783 6
-1.377380 2.676439 -0.249270 6
-1.373850 2.770180 -0.228476 12
-1.366769 2.858401 -0.209875 12
-1.356619 2.941883 -0.193166 12
-1.338908 3.016457 -0.180412 12
-1.311025 3.080118 -0.172714 12
-1.287971 3.147672 -0.162980 2
-1.247083 3.197907 -0.161660 2
-1.163280 3.209114 -0.179912 2
-0.958968 3.114721 -0.252139 12
-0.890027 3.143961 -0.262702 12
-0.791052 3.148453 -0.286399 12
-0.719443 3.177717 -0.297722 12
-0.683964 3.237497 -0.293185 12
-0.633230 3.284768 -0.295331 12
-0.605956 3.350711 -0.287453 12
-0.567185 3.407312 -0.284606 12
-0.449375 3.404282 -0.315018 12
-0.523440 3.545132 -0.265054 13
-0.631525 3.706952 -0.201886 13
-0.662212 3.809555 -0.171468 13
-0.627244 3.864670 -0.168230 13
-0.639275 3.951510 -0.146117 13
-0.666981 4.047289 -0.118098 13
-0.659073 4.118158 -0.104656 13
-0.594961 4.152649 -0.113551 13
-0.632737 4.251069 -0.082523 13
-0.615388 4.314114 -0.073337 13
-0.578005 4.364866 -0.071995 13
-0.618900 4.461003 -0.040797 13
-0.641628 4.544921 -0.016947 13
-0.559249 4.569439 -0.032962 13
-0.511912 4.614184 -0.035655 13
-0.511897 4.684240 -0.020772 13
-0.472402 4.733290 -0.020613 13
-0.467772 4.800038 -0.007716 13
-0.467893 4.868500 0.006730 13
-0.446294 4.925944 0.013170 13
-0.425737 4.983728 0.019908 13
-0.412485 5.044652 0.029160 5
-0.371064 5.092906 0.028382 5
-0.303683 5.130456 0.018560 5
-0.366589 5.223067 0.054142 5
-0.395430 5.299885 0.077510 5
-1.840579 5.930144 0.585633 5
-1.814790 5.967454 0.586497 5
-1.819398 6.016180 0.597640 5
-1.807816 6.058646 0.603222 5
-1.754988 6.086741 0.595009 5
-1.705070 6.116645 0.587894 5
-1.729151 6.171284 0.605229 5
-1.521798 6.152665 0.546790 5
-0.100125 5.771667 0.095310 7
0.023090 5.799133 0.068213 7
0.085366 5.845932 0.061021 7
0.727563 5.737375 -0.130399 5
0.694822 5.816837 -0.106085 5
1.014663 5.807668 -0.192657 5
1.585058 5.980510 -0.310499 5
1.563991 6.062283 -0.289152 5
1.637370 6.125724 -0.296501 5
1.780513 6.178085 -0.324590 5
-2.204276 -1.482129 -0.935782 9
-2.356322 -0.875852 -0.760695 9
-2.268709 -0.848768 -0.773474 9
-2.200192 -0.778522 -0.772044 9
-2.079340 -0.823434 -0.809035 9
-1.975497 -0.828014 -0.832936 9
-1.932603 -0.704686 -0.813662 9
-1.802503 -0.760595 -0.855422 9
-2.465737 0.742974 -0.359050 9
-2.457078 0.891039 -0.326603 9
-2.455945 1.047828 -0.290506 9
-2.391894 1.084302 -0.296356 9
-2.375225 1.205118 -0.272147 9
-2.398204 1.391024 -0.224059 9
-2.350708 1.450425 -0.221037 9
-2.296924 1.498383 -0.222110 9
-2.229323 1.523453 -0.231612 9
-2.182736 1.582464 -0.228606 9
-2.110729 1.601118 -0.240666 9
-2.019356 1.591252 -0.263707 9
-1.912297 1.560222 -0.295206 9
-1.870451 1.627120 -0.289491 9
-1.313226 0.959274 -0.569336 10
-1.279047 1.050278 -0.556464 10
-1.153443 1.014747 -0.593425 10
-1.021166 0.973794 -0.633203 10
-1.466385 1.692102 -0.367650 6
-1.475278 1.823842 -0.335796 6
-1.539183 2.021114 -0.276433 11
-1.576222 2.179183 -0.232196 11
-1.563356 2.272562 -0.214181 11
-1.567493 2.384042 -0.188175 11
-1.560582 2.480062 -0.168261 11
-1.506996 2.521149 -0.171621 11
-1.433978 2.540820 -0.184369 11
-1.314488 2.510976 -0.219131 11
-1.343572 2.642555 -0.182990 12
-1.289817 2.684224 -0.186426 12
-1.292461 2.783845 -0.163711 12
-1.312021 2.898357 -0.133733 12
-1.316460 2.995319 -0.111264 12
-1.348839 3.117215 -0.076692 12
-1.241036 3.103740 -0.105347 12
-1.119842 3.080286 -0.139429 12
-1.043394 3.100267 -0.153335 12
-0.965217 3.119880 -0.167775 12
-0.871827 3.127459 -0.188533 12
-0.780582 3.138602 -0.208041 12
-0.705421 3.164820 -0.220443 12
-0.736626 3.279194 -0.188125 12
-0.657567 3.302618 -0.202157 12
-0.638954 3.374730 -0.191098 12
-0.587734 3.420982 -0.193551 12
-0.566341 3.490011 -0.183914 12
-0.598429 3.597876 -0.152994 13
-0.575422 3.663694 -0.144521 13
-0.636186 3.788243 -0.103134 13
-0.616180 3.853896 -0.094045 13
-0.746782 4.021034 -0.026623 13
-0.719693 4.078771 -0.021025 13
-0.700954 4.141682 -0.012326 13
-0.674369 4.199159 -0.006738 13
-0.698659 4.287966 0.017908 13
-0.709568 4.367054 0.037182 13
-0.684681 4.423735 0.042906 13
-0.639780 4.468635 0.041193 13
-0.597495 4.515370 0.040472 13
-0.607280 4.591167 0.058630 13
-0.540410 4.624562 0.048979 13
-0.465669 4.654765 0.036680 13
-0.427561 4.704940 0.037553 13
-0.488252 4.804844 0.073165 13
-0.482789 4.870187 0.085193 13
-0.455333 4.924501 0.089451 13
-0.410267 4.970650 0.087615 13
-0.292564 4.984423 0.061028 13
-0.165722 4.996373 0.031749 7
-0.330586 5.135549 0.101119 5
-0.372340 5.218988 0.128390 5
-0.357637 5.278040 0.136571 5
-0.396272 5.357832 0.162252 5
-1.812712 5.961606 0.638570 5
-1.799899 6.003830 0.643762 5
-1.808750 6.053743 0.655904 5
-1.708772 6.065295 0.633022 5
-1.681962 6.103334 0.633779 5
-1.773371 6.180068 0.671937 5
-1.538459 6.151940 0.607136 5
-0.029527 5.742260 0.145906 7
0.020914 5.791486 0.142764 7
0.161505 5.816000 0.111980 7
0.592091 5.764557 -0.006956 5
0.742990 5.794695 -0.039339 5
0.803971 5.850081 -0.044114 5
0.895871 5.898964 -0.058020 5
0.968607 5.953774 -0.065973 5
1.223614 5.969940 -0.127607 5
1.251779 6.038209 -0.121766 5
1.581774 6.047052 -0.203926 5
1.617037 6.117561 -0.199555 5
1.744689 6.172088 -0.221738 5
-2.333249 -1.140050 -0.713948 9
-2.280533 -1.025687 -0.699631 9
-2.330960 -0.680057 -0.611814 9
-2.187598 -0.781090 -0.664934 9
-2.067766 -0.823944 -0.700115 9
-1.985257 -0.783873 -0.708898 9
-1.892475 -0.764844 -0.724609 9
-2.470122 0.598725 -0.297587 9
-2.404470 0.640155 -0.302570 9
-2.419730 0.835700 -0.255960 9
-2.443351 1.039276 -0.205801 9
-2.426141 1.160779 -0.182685 9
-2.417712 1.293939 -0.155122 9
-2.013353 0.735688 -0.366385 9
-2.409044 1.561134 -0.098125 9
-2.328802 1.562417 -0.115407 9
-2.251059 1.569338 -0.130936 9
-2.117895 1.489780 -0.177661 9
-2.076856 1.558201 -0.171698 9
-2.007398 1.582280 -0.181748 9
-1.895102 1.543475 -0.215053 9
-1.814742 1.554454 -0.230449 9
-1.323308 0.982323 -0.464257 10
-1.223377 0.980943 -0.486768 10
-1.166132 1.039785 -0.486716 10
-0.032859 -0.337668 -1.038734 10
-1.397145 1.607783 -0.311838 6
-1.393098 1.724310 -0.287502 6
-1.598190 2.100213 -0.160196 11
-1.584724 2.194255 -0.142909 11
-1.562761 2.276066 -0.130207 11
-1.576499 2.398474 -0.100749 11
-1.579619 2.505491 -0.077032 11
-1.491301 2.506483 -0.096797 11
-1.447377 2.558478 -0.095604 11
-1.405114 2.612016 -0.093737 12
-1.360035 2.662249 -0.093250 12
-1.351324 2.750302 -0.076447 12
-1.345857 2.840025 -0.058583 12
-1.379426 2.967190 -0.023874 12
-1.310961 2.990845 -0.034515 12
-1.320815 3.090863 -0.011059 12
-1.247618 3.110345 -0.023734 12
-1.103124 3.064946 -0.066529 12
-1.046665 3.103104 -0.071478 12
-0.943333 3.100040 -0.095941 12
-0.895699 3.147595 -0.096945 12
-0.789113 3.144968 -0.122133 12
-0.773574 3.220628 -0.109892 12
-0.705734 3.252491 -0.118960 12
-0.661603 3.304205 -0.118419 12
-0.681068 3.405951 -0.092714 12
-0.560657 3.398018 -0.122388 12
-0.587744 3.503808 -0.094137 12
-0.572320 3.576068 -0.082781 13
-0.607493 3.684134 -0.052240 13
-0.670150 3.809376 -0.011761 13
-0.672682 3.889933 0.005407 13
-0.637902 3.944018 0.008356 13
-0.646755 4.026994 0.027438 13
-0.666825 4.115957 0.050349 13
-0.662311 4.187745 0.063937 13
-0.647713 4.252436 0.073672 13
-0.613430 4.304650 0.076196 13
-0.659484 4.404562 0.107334 13
-0.598955 4.440551 0.100308 13
-0.611044 4.518450 0.118899 13
-0.512701 4.534101 0.098754 13
-0.608640 4.656491 0.146113 13
-0.501046 4.668276 0.122935 13
-0.496159 4.734922 0.135114 13
-0.466763 4.788652 0.138853 13
-0.492743 4.869518 0.161152 13
-0.430613 4.907001 0.153799 13
-0.393370 4.956912 0.154816 13
-0.360495 5.009054 0.157287 13
-0.313413 5.055089 0.155126 5
-0.375219 5.148348 0.188278 5
-0.333758 5.196461 0.187810 5
-0.318952 5.255783 0.195893 5
-0.254961 5.295510 0.188323 5
-1.769777 5.940153 0.677532 5
-1.753880 5.981618 0.681787 5
-1.723985 6.018033 0.681675 5
-1.711936 6.060980 0.687097 5
-1.637093 6.082649 0.673276 5
-1.760779 6.170453 0.719980 5
-1.544210 6.147852 0.663458 5
0.202801 5.663438 0.149391 0
0.466760 5.652259 0.083580 5
0.537060 5.701152 0.075942 5
0.667206 5.734823 0.050920 5
0.709572 5.793824 0.051884 5
0.833956 5.832715 0.029178 5
0.980371 5.868528 0.000526 5
1.005921 5.934848 0.006836 5
1.043640 5.998652 0.009692 5
1.265328 6.024340 -0.039193 5
1.290971 6.093302 -0.032518 5
1.460337 6.135296 -0.065750 5
1.651440 6.176539 -0.104429 5
-2.251242 -1.560440 -0.707316 9
-2.378793 -1.000935 -0.562048 9
-2.354555 -0.824561 -0.529647 9
-2.284891 -0.758916 -0.530213 9
-2.184218 -0.763377 -0.552131 9
-2.066435 -0.802490 -0.584994 9
-1.980126 -0.771405 -0.596458 9
-1.856751 -0.815776 -0.631673 9
-2.466091 0.608545 -0.202963 9
-2.516485 0.875630 -0.135997 9
-2.471566 0.950252 -0.129711 9
-2.460199 1.085378 -0.103632 9
-2.405583 1.137414 -0.104208 9
-2.460216 1.382345 -0.041132 9
-2.412287 1.440153 -0.039135 9
-2.332966 1.443864 -0.055184 9
-2.295784 1.518780 -0.047370 9
-2.238436 1.559416 -0.051059 9
-2.103211 1.476712 -0.097197 9
-2.034934 1.502908 -0.106294 9
-1.979873 1.549707 -0.108289 9
-1.936944 1.614214 -0.104017 9
-1.820808 1.571540 -0.137821 9
-1.338716 1.012824 -0.357738 10
-1.206103 0.965106 -0.396191 10
-1.118366 0.982435 -0.411490 10
-1.000756 0.961246 -0.441261 10
-0.987061 1.078633 -0.419877 10
-1.316413 1.631966 -0.234008 6
-1.566930 2.066057 -0.089921 11
-1.477150 2.066816 -0.109243 11
-1.517914 2.226329 -0.067463 11
-1.557765 2.380178 -0.027076 11
-1.550852 2.475670 -0.008920 11
-1.507292 2.527667 -0.007730 11
-1.386763 2.494030 -0.040968 11
-1.408785 2.618448 -0.010629 12
-1.344448 2.647779 -0.018712 12
-1.310953 2.709971 -0.013333 12
-1.408887 2.906016 0.048230 12
-1.432606 3.021715 0.077054 12
-1.423687 3.102565 0.091566 12
-1.228736 3.002809 0.028295 12
-1.277302 3.138759 0.066641 12
-1.079933 3.043617 0.003724 12
-1.015352 3.074576 -0.004289 12
-0.943323 3.099641 -0.015170 12
-0.877385 3.131000 -0.023454 12
-0.820194 3.170589 -0.028161 12
-0.752342 3.201724 -0.036968 12
-0.716686 3.260066 -0.033164 12
-0.706257 3.338410 -0.019749 12
-0.644410 3.375270 -0.026147 12
-0.585186 3.414795 -0.031451 12
-0.583033 3.497938 -0.015307 13
-0.595955 3.591001 0.006165 13
-0.700642 3.748808 0.061065 13
-0.589542 3.749420 0.036282 13
-0.613615 3.845934 0.060862 13
-0.635846 3.939373 0.084392 13
-0.631322 4.013327 0.098023 13
-0.623391 4.084164 0.110246 13
-0.649088 4.175597 0.134084 13
-0.559911 4.193947 0.117594 13
-0.595398 4.289590 0.144421 13
-0.610161 4.371039 0.163754 13
-0.560395 4.413742 0.160876 13
-0.533647 4.469982 0.165833 13
-0.477646 4.509885 0.160949 13
-0.448527 4.564990 0.165098 13
-0.451717 4.637129 0.179869 13
-0.487997 4.725486 0.205280 13
-0.407659 4.753527 0.192468 13
-0.445912 4.841042 0.218117 13
-0.403034 4.888115 0.217461 13
-0.329576 4.921313 0.207140 13
-0.328614 4.988552 0.219873 13
-0.148582 4.976019 0.176409 13
-0.273713 5.098417 0.228454 5
-0.262452 5.160190 0.237715 5
-0.277711 5.232432 0.255014 5
-0.236264 5.281349 0.254873 5
-0.309632 5.374738 0.289447 5
-1.756972 5.977611 0.735397 5
-1.737209 6.017526 0.738443 5
-1.701217 6.051845 0.736693 5
-1.654846 6.083098 0.731965 5
-1.665061 6.133586 0.743833 5
-1.561822 6.147571 0.722765 5
-1.039799 6.035342 0.581772 5
0.719297 5.568914 0.090055 5
0.619187 5.668768 0.131759 5
0.714296 5.712600 0.118067 5
0.825649 5.753757 0.100113 5
0.958554 5.791413 0.076518 5
0.999769 5.853664 0.078580 5
1.085613 5.906046 0.068504 5
1.163312 5.961641 0.060871 5
1.255141 6.015499 0.049632 5
1.314318 6.077451 0.047387 5
1.523064 6.111782 0.005525 5
1.613984 6.171290 -0.004551 5
1.860658 6.205820 -0.055190 5
-2.464838 -1.002260 -0.434417 9
-2.416080 -0.882684 -0.420196 9
-2.370947 -0.759139 -0.404466 9
-2.291201 -0.718654 -0.412500 9
-2.158149 -0.795989 -0.455086 9
-2.035465 -0.845031 -0.489901 9
-1.961307 -0.787822 -0.493511 9
-2.482082 0.484546 -0.131850 9
-2.559265 0.812001 -0.050385 9
-2.512108 0.883467 -0.045694 9
-2.488689 0.998280 -0.027478 9
-2.477816 1.132618 -0.002802 9
-2.451111 1.233712 0.011952 9
-2.457422 1.390200 0.044548 9
-2.418590 1.463195 0.051152 9
-2.310469 1.417491 0.019762 9
-2.247765 1.450469 0.013419 9
-2.200878 1.509201 0.015457 9
-2.067571 1.430530 -0.027763 9
-2.011610 1.476479 -0.030186 9
-1.950258 1.514023 -0.035419 9
-1.889690 1.552856 -0.040253 9
-1.369668 0.926305 -0.272663 10
-1.314781 0.987408 -0.271935 10
-1.249604 1.033639 -0.276320 10
-1.173965 1.065700 -0.285714 10
-1.060010 1.047410 -0.313088 10
-1.033547 1.145980 -0.299105 10
-1.056381 1.305544 -0.262788 10
-1.082580 1.464873 -0.225836 10
-1.486506 2.082949 -0.019302 11
-1.550036 2.269123 0.030721 11
-1.597952 2.431257 0.072714 11
-1.544372 2.471585 0.069403 11
-1.496942 2.519021 0.068763 11
-1.468786 2.587708 0.076335 11
-1.408829 2.620917 0.070228 12
-1.377487 2.685074 0.076202 12
-1.355823 2.758607 0.086037 12
-1.401168 2.899594 0.123206 12
-1.394765 2.984953 0.138542 12
-1.414396 3.094333 0.164060 12
-1.278936 3.051816 0.127078 12
-1.178578 3.045938 0.104660 12
-1.068692 3.033345 0.078895 12
-1.013737 3.072982 0.074936 12
-0.930674 3.088011 0.060204 12
-0.869016 3.123066 0.053893 12
-0.855654 3.199964 0.065959 12
-0.789597 3.231741 0.058038 12
-0.747186 3.283678 0.059043 12
-0.673978 3.310874 0.048674 12
-0.663736 3.388618 0.061495 12
-0.619987 3.439522 0.061958 12
-0.555040 3.474504 0.054801 13
-0.531299 3.540704 0.062454 13
-0.664593 3.720067 0.125482 13
-0.606085 3.758252 0.120265 13
-0.551319 3.799645 0.116448 13
-0.584575 3.901321 0.143059 13
-0.583082 3.977856 0.157376 13
-0.638899 4.090665 0.190929 13
-0.565522 4.118699 0.180486 13
-0.506263 4.156604 0.174947 13
-0.168883 4.025960 0.077374 7
-0.128060 4.079995 0.078841 7
-0.152655 4.172222 0.101657 7
-0.535403 4.466383 0.240081 13
-0.505521 4.520567 0.243885 13
-0.415124 4.541918 0.228378 13
-0.413165 4.611622 0.241120 13
-0.429666 4.690146 0.259504 13
-0.405164 4.746849 0.264879 13
-0.384714 4.805440 0.271470 13
-0.335388 4.849999 0.269146 13
-0.319234 4.910583 0.277009 13
-0.232672 4.938859 0.263516 13
-0.231066 5.006217 0.275772 13
-0.272144 5.091397 0.300617 5
-0.185863 5.121574 0.287489 5
-0.177440 5.184941 0.297466 5
-0.102547 5.221585 0.287986 5
-0.233667 5.338704 0.338303 5
-1.687440 5.946504 0.767790 5
-1.736215 6.011927 0.790544 5
-1.672016 6.036220 0.781043 5
-1.635321 6.070943 0.779456 5
-1.628586 6.115995 0.786300 5
-1.570098 6.144397 0.778766 5
-1.492230 6.167793 0.766066 5
-1.044323 6.082822 0.652601 5
-0.990534 6.119799 0.647630 5
0.980554 5.848202 0.166832 5
1.159349 5.878451 0.133203 5
1.263515 5.928664 0.119526 5
1.437763 5.965766 0.088099 5
1.527313 6.023223 0.078897 5
1.554962 6.094054 0.085661 5
1.610256 6.160086 0.085477 5
1.759331 6.210811 0.061949 5
-2.385618 -1.418214 -0.419928 9
-2.442624 -1.026852 -0.334058 9
-2.397705 -0.898205 -0.318413 9
-2.484425 -0.468842 -0.219459 9
-2.309750 -0.651107 -0.288739 9
-2.230308 -0.612307 -0.297084 9
-2.526425 0.231934 -0.077715 9
-2.507574 0.377043 -0.053845 9
-2.575621 0.693855 0.019914 9
-2.523300 0.757549 0.021630 9
-2.494949 0.866383 0.036677 9
-2.563029 1.154375 0.104928 9
-2.530558 1.244535 0.115584 9
-2.481108 1.301469 0.116538 9
-2.419421 1.335822 0.110757 9
-2.360767 1.375479 0.106576 9
-2.304197 1.418512 0.103438 9
-2.220326 1.416277 0.086257 9
-2.143635 1.427373 0.073025 9
-2.005155 1.342224 0.029198 9
-1.957528 1.402627 0.031091 9
-1.882716 1.421138 0.019602 9
-1.476589 0.951039 -0.150691 10
-1.386074 0.959070 -0.167335 10
-1.293117 0.965229 -0.184836 10
-1.234996 1.021383 -0.185914 10
-1.141427 1.029047 -0.203280 10
-1.063733 1.059491 -0.213171 10
-1.014081 1.127229 -0.210401 10
-0.955385 1.182695 -0.211778 10
-1.481690 1.969437 0.042415 11
-1.566328 2.185363 0.100112 11
-1.502163 2.215786 0.092882 11
-1.608090 2.446887 0.157706 11
-1.557959 2.490622 0.155790 11
-1.041990 2.007946 -0.039153 11
-1.421942 2.538535 0.137268 11
-1.400478 2.614257 0.147120 12
-1.347632 2.655396 0.144123 12
-1.325876 2.729155 0.153526 12
-1.331804 2.830136 0.173627 12
-1.361378 2.952667 0.202547 12
-1.314947 2.997522 0.201503 12
-1.284903 3.058207 0.206734 12
-1.188080 3.055296 0.186508 12
-1.353877 3.297357 0.265391 2
-1.314101 3.345267 0.266228 2
-1.213407 3.338952 0.244547 2
-0.888697 3.139573 0.141268 12
-0.771935 3.127600 0.115238 12
-0.715359 3.168494 0.111303 12
-0.653067 3.205140 0.105401 12
-0.682432 3.316050 0.131990 12
-0.645107 3.372119 0.134770 12
-0.618129 3.436022 0.141106 12
-0.495919 3.427551 0.114547 13
-0.516778 3.527446 0.137311 13
-0.567127 3.646815 0.169703 13
-0.563496 3.725177 0.183448 13
-0.561362 3.803536 0.197489 13
-0.491355 3.834710 0.188895 13
-0.338100 3.811452 0.153178 3
-0.312624 3.874704 0.159613 3
-0.244116 3.910220 0.152094 3
-0.109171 3.905237 0.123469 7
-0.084461 3.970131 0.130329 7
-0.036911 4.021105 0.129926 7
0.003050 4.076819 0.131942 7
0.015689 4.148208 0.142442 7
-0.079999 4.279248 0.186157 7
0.032289 4.293997 0.165747 7
-0.301446 4.547276 0.280834 13
-0.376346 4.657317 0.316391 13
-0.317703 4.697286 0.311612 13
-0.366020 4.790682 0.338628 13
-0.348568 4.850599 0.345962 13
-0.318734 4.904471 0.349630 13
-0.277426 4.953174 0.349978 13
-0.131237 4.955637 0.320249 13
-0.031574 4.981056 0.304292 13
-0.129601 5.091369 0.344586 5
-0.152273 5.167977 0.363180 5
-0.029951 5.185841 0.341138 5
-0.093247 5.277632 0.370862 5
-1.609881 5.912244 0.799445 5
-1.729761 6.004368 0.840914 5
-1.715166 6.046050 0.845430 5
-1.664922 6.075538 0.840356 5
-1.580992 6.094663 0.826431 5
-1.586880 6.143991 0.836545 5
-1.505458 6.165919 0.823630 5
-1.034112 6.073127 0.709271 5
1.623860 5.992131 0.143425 5
1.584459 6.076748 0.166698 5
1.692381 6.133200 0.154351 5
1.700113 6.208884 0.166221 5
-2.395430 -1.361100 -0.294059 9
-2.324612 -1.285689 -0.294148 9
-2.506234 -0.611908 -0.137996 9
-2.447986 -0.527510 -0.134056 9
-2.475168 -0.253152 -0.079497 9
-2.530629 0.070924 -0.010553 9
-2.587704 0.383749 0.056677 9
-2.529979 0.443302 0.056235 9
-2.536644 0.632558 0.091522 9
-2.544265 0.816212 0.125984 9
-2.494453 0.881559 0.128098 9
-2.558352 1.160359 0.190512 9
-2.506186 1.213585 0.189986 9
-2.478542 1.310176 0.201983 9
-2.372814 1.266449 0.173689 9
-2.326884 1.329262 0.176078 9
-2.232723 1.309752 0.154360 9
-2.163866 1.334398 0.145457 9
-2.104055 1.374201 0.141020 9
-2.015993 1.369488 0.123125 9
-1.966008 1.425334 0.123459 9
-1.533289 0.903543 -0.053917 10
-1.482727 0.969499 -0.051890 10
-1.388858 0.972025 -0.069628 10
-1.302370 0.986789 -0.083748 10
-1.209481 0.994009 -0.100464 10
-1.122216 1.010515 -0.114430 10
-1.112945 1.131941 -0.094480 10
-1.030631 1.155354 -0.106258 10
-1.076707 1.343514 -0.063627 10
-1.050512 1.435803 -0.052191 10
-1.519517 2.132562 0.163568 11
-1.518282 2.239277 0.182424 11
-1.504935 2.329282 0.195934 11
-1.503259 2.430932 0.213790 11
-1.035865 2.004362 0.046682 11
-1.418925 2.537915 0.216531 11
-1.402982 2.619369 0.227992 12
-1.347400 2.657243 0.223954 12
-1.300642 2.704627 0.223327 12
-1.345788 2.845908 0.257348 12
-1.343025 2.935456 0.272805 12
-1.346615 3.029535 0.290303 12
-1.431650 3.200150 0.337314 2
-1.364319 3.222035 0.328112 2
-1.318319 3.264578 0.326747 2
-1.256055 3.292501 0.319603 2
-1.188242 3.316219 0.310624 2
-1.212277 3.420888 0.333972 6
-0.856234 3.198698 0.224979 12
-0.775983 3.218093 0.212796 12
-0.738300 3.273657 0.215352 12
-0.673960 3.307637 0.208861 12
-0.642222 3.368013 0.213426 12
-0.584282 3.407856 0.209220 12
-0.521447 3.444528 0.203492 12
-0.491397 3.506150 0.208597 13
-0.481847 3.582315 0.220286 13
-0.507328 3.682432 0.243070 13
-0.446273 3.720489 0.237920 13
-0.415246 3.779646 0.242381 13
-0.344647 3.812254 0.234392 3
-0.259942 3.836620 0.222180 3
-0.181098 3.866065 0.212011 3
-0.083779 3.885155 0.196390 3
0.066590 3.873550 0.164950 3
0.193459 3.879051 0.141135 3
0.491082 3.787400 0.066701 13
0.504320 3.864725 0.077834 13
0.514186 3.943296 0.089842 13
0.164835 4.216562 0.206608 7
-0.176295 4.475617 0.319242 13
-0.304913 4.615022 0.369104 13
-0.293606 4.679642 0.378343 13
-0.242526 4.724184 0.376240 13
-0.308993 4.825860 0.407251 13
-0.234104 4.858909 0.398448 13
-0.216790 4.919428 0.405771 13
-0.172377 4.967649 0.405611 13
0.063626 4.933236 0.353328 13
0.116685 4.980908 0.351371 13
0.305809 4.973379 0.313012 13
0.103135 5.262765 0.403831 5
-1.606945 5.954362 0.860903 5
-1.695196 6.033688 0.892193 5
-1.655105 6.066727 0.890170 5
-1.633338 6.106388 0.892902 5
-1.584048 6.137365 0.888708 5
-1.557105 6.176020 0.890244 5
-1.397957 6.175380 0.858943 5
1.628537 5.979663 0.231145 5
1.623540 6.057535 0.245809 5
1.703199 6.119306 0.241038 5
1.696852 6.197411 0.256000 5
-2.476823 -1.377905 -0.169147 9
-2.452078 -1.187124 -0.141559 9
-2.503421 -0.819471 -0.069761 9
-2.507365 -0.582231 -0.028916 9
-2.540114 -0.289298 0.026765 9
-2.554315 -0.051543 0.069635 9
-2.511506 0.051008 0.078935 9
-2.524209 0.268528 0.118111 9
-2.568817 0.543283 0.172963 9
-2.529563 0.636182 0.181312 9
-2.539984 0.824555 0.215141 9
-2.550530 1.005834 0.247797 9
-2.560860 1.179796 0.279179 9
-2.479018 1.177562 0.263455 9
-2.487948 1.340320 0.292685 9
-2.340869 1.223073 0.245267 9
-2.261180 1.228501 0.231255 9
-2.249421 1.349443 0.249539 9
-2.178299 1.369209 0.239569 9
-2.066209 1.323950 0.210914 9
-1.966514 1.301809 0.188502 9
-1.586327 0.850922 0.040931 10
-1.491841 0.851036 0.023274 10
-1.446117 0.924876 0.027243 10
-1.387654 0.979148 0.025515 10
-1.279945 0.963510 0.002727 10
-1.185782 0.969178 -0.013910 10
-1.086799 0.970033 -0.032261 10
-1.043143 1.046255 -0.027479 10
-1.178700 1.354380 0.050145 10
-1.129178 1.416291 0.051410 10
-1.456465 1.947968 0.202800 11
-1.484347 2.094064 0.232819 11
-1.521169 2.246849 0.265647 11
-1.517096 2.347300 0.281957 11
-1.587950 2.531811 0.326533 11
-1.050331 2.024004 0.139956 11
-1.398486 2.518008 0.288861 11
-1.352176 2.566643 0.288501 12
-1.326147 2.636725 0.295572 12
-1.401059 2.811077 0.339195 12
-1.396862 2.899560 0.353472 12
-1.338702 2.932300 0.348214 12
-1.441609 3.123721 0.399966 2
-1.408765 3.178734 0.403221 2
-1.454503 3.307521 0.433672 2
-1.373700 3.315940 0.420071 6
-1.332012 3.361273 0.420041 6
-1.342664 3.453150 0.437684 6
-1.263828 3.465223 0.425082 6
-1.192006 3.484629 0.415038 6
-1.042602 3.440171 0.379682 6
-0.691767 3.234124 0.279319 12
-0.642913 3.281080 0.278255 12
-0.623088 3.351116 0.286528 12
-0.583549 3.405233 0.288424 12
-0.514705 3.437140 0.281089 12
-0.454832 3.476562 0.276706 12
-0.374948 3.502061 0.266233 13
-0.395296 3.599959 0.286744 13
-0.346158 3.647743 0.285795 13
-0.326749 3.716071 0.293880 3
-0.337554 3.803991 0.310925 3
-0.255973 3.830263 0.300288 3
-0.189816 3.867632 0.294414 3
-0.092518 3.886371 0.279580 3
0.048586 3.880021 0.252330 3
0.147228 3.901867 0.237787 3
0.472373 3.793116 0.158887 13
0.458996 3.885198 0.177148 13
0.434532 3.982144 0.198302 13
0.410119 4.077495 0.219178 13
0.484539 4.118737 0.212467 13
-0.203269 4.556924 0.415049 13
-0.187301 4.620301 0.422969 13
-0.223062 4.708923 0.444807 13
-0.212825 4.773769 0.454048 13
-0.156154 4.816341 0.450870 13
-0.089785 4.855165 0.445257 13
-0.107430 4.932422 0.461803 13
-0.017541 4.961892 0.450236 13
0.085289 4.987375 0.435592 13
-1.619291 5.953559 0.917195 5
-1.589450 5.990850 0.918102 5
-1.677728 6.069074 0.947905 5
-1.645193 6.104789 0.948048 5
-1.627228 6.145580 0.951762 5
-1.518197 6.158091 0.933767 5
-1.489524 6.196793 0.935146 5
-1.393017 6.216136 0.920651 5
-1.126105 6.189628 0.866752 5
1.749092 5.943261 0.293035 5
1.618050 6.047020 0.335196 5
1.717635 6.104756 0.326803 5
1.772643 6.172047 0.328300 5
-2.492818 -1.303682 -0.042778 9
-2.518296 -0.990611 0.011435 9
-2.495194 -0.810841 0.035654 9
-2.506852 -0.556742 0.078028 9
-2.614862 -0.092663 0.171323 9
-2.570639 0.008051 0.179194 9
-2.583000 0.228831 0.216458 9
-2.588201 0.424982 0.248522 9
-2.528879 0.479304 0.246315 9
-2.551357 0.698114 0.285153 9
-2.594909 0.949631 0.333038 9
-2.587172 1.092007 0.354254 9
-2.522177 1.121602 0.347136 9
-2.465326 1.166396 0.343928 9
-2.421883 1.234817 0.346926 9
-2.319585 1.198517 0.322581 9
-2.242369 1.208485 0.310168 9
-2.167059 1.222860 0.298813 9
-2.126703 1.295583 0.303104 9
-2.058060 1.321453 0.294814 9
-1.630902 0.785294 0.132001 10
-1.595058 0.874712 0.139810 10
-1.456022 0.807100 0.103909 10
-1.389583 0.851021 0.098950 10
-1.356263 0.942725 0.107618 10
-1.208932 0.871709 0.069717 10
-1.209894 1.010423 0.092111 10
-1.114333 1.014797 0.075629 10
-1.160026 1.208204 0.114860 10
-1.107744 1.268502 0.115150 10
-1.071071 1.348181 0.121365 10
-1.445276 1.939000 0.283397 11
-1.449943 2.056544 0.303134 11
-1.499769 2.225300 0.339207 11
-1.532044 2.368546 0.368045 11
-1.523429 2.460837 0.381374 11
-1.064397 2.043156 0.232024 11
-1.347965 2.464842 0.350682 11
-1.373775 2.592447 0.375887 12
-1.336587 2.649898 0.378538 12
-1.314613 2.722741 0.386399 6
-1.320260 2.822750 0.403583 12
-1.371786 2.966603 0.436041 12
-1.361170 3.045612 0.446953 2
-1.464928 3.233414 0.495839 2
-1.399245 3.255731 0.487795 2
-1.382544 3.324242 0.495954 2
-1.375728 3.400805 0.507186 6
-1.289619 3.405637 0.492708 6
-1.276032 3.475280 0.501634 6
-1.182919 3.476055 0.485275 6
-1.153007 3.531563 0.489029 6
-0.676635 3.220343 0.354032 12
-0.608174 3.251543 0.347026 12
-0.602899 3.333383 0.359464 12
-0.560831 3.385643 0.360582 12
-0.444942 3.382080 0.339554 12
-0.359561 3.403445 0.327998 12
-0.347155 3.479137 0.338216 13
-0.299772 3.529117 0.338069 13
-0.347286 3.645377 0.365517 13
-0.281531 3.681905 0.359949 13
-0.310368 3.782331 0.381532 3
-0.288439 3.847711 0.388437 3
-0.253673 3.904465 0.391677 3
-0.159404 3.923973 0.378341 4
-0.004973 3.908284 0.348653 4
0.082076 3.936095 0.337976 3
0.424355 3.816024 0.258127 13
0.402547 3.912131 0.277844 13
0.404779 3.993283 0.290887 13
0.329515 4.115856 0.324372 13
0.458310 4.126862 0.303659 13
0.295759 4.291868 0.359478 13
0.318376 4.357927 0.366498 13
-0.101508 4.643053 0.487285 13
-0.038231 4.683598 0.482979 13
-0.113576 4.790310 0.513910 13
-0.145302 4.874501 0.533483 13
0.032668 4.863453 0.500588 13
-0.001774 4.948518 0.520802 13
0.108930 4.970602 0.505193 13
-1.572531 5.931099 0.959021 5
-1.613394 5.993972 0.976698 5
-1.566845 6.025412 0.973892 5
-1.575231 6.075892 0.983851 5
-1.578165 6.124096 0.992486 5
-1.523919 6.154038 0.988111 5
-1.484384 6.189276 0.987194 5
-1.436597 6.222651 0.984536 5
-1.325142 6.238872 0.967929 5
1.598509 6.039354 0.427002 5
1.620685 6.111165 0.435413 5
1.798405 6.155404 0.412180 5
-2.477939 -1.309197 0.064031 9
-2.451224 -1.127375 0.086068 9
-2.620915 -0.478153 0.212236 9
-2.633406 -0.232264 0.250787 9
-2.603850 -0.093972 0.265960 9
-2.620091 0.141165 0.303635 9
-2.590040 0.265319 0.316673 9
-2.636385 0.546962 0.366628 9
-2.617317 0.681070 0.383132 9
-2.581218 0.775932 0.390819 9
-2.610644 0.996874 0.428834 9
-2.540673 1.017929 0.419611 9
-2.442753 0.987158 0.397770 9
-2.379034 1.022135 0.391760 9
-2.356845 1.131543 0.404164 9
-2.316604 1.206049 0.408212 9
-2.215625 1.174920 0.385859 9
-2.127521 1.168360 0.369451 9
-2.093969 1.253045 0.376251 9
-2.041059 1.304746 0.374752 9
-1.624415 0.786049 0.224356 10
-1.484263 0.715122 0.189306 10
-1.377178 0.698680 0.168210 10
-1.350822 0.803447 0.179380 10
-1.287770 0.852983 0.175895 10
-1.231000 0.911244 0.174835 10
-1.105189 0.873778 0.147416 10
-1.123421 1.034492 0.174825 10
-1.070104 1.095914 0.174904 10
-1.088740 1.250175 0.201451 10
-1.047740 1.324386 0.205631 10
-1.470738 1.975691 0.377105 11
-1.475440 2.092211 0.395598 11
-1.473737 2.198221 0.411414 11
-1.424336 2.245852 0.410197 11
-1.365694 2.282746 0.405782 11
-1.406506 2.432087 0.435529 11
-1.467474 2.599638 0.471515 11
-1.326470 2.543555 0.438903 6
-1.349403 2.665572 0.461481 12
-1.333450 2.744118 0.470802 6
-1.331769 2.835960 0.484606 12
-1.351960 2.947907 0.505228 12
-1.360717 3.046050 0.521806 2
-1.358281 3.131371 0.534532 2
-1.322919 3.184065 0.536676 6
-1.369847 3.312614 0.564450 2
-1.325543 3.355169 0.563552 6
-1.293400 3.408648 0.566412 6
-1.265412 3.465446 0.570503 6
-1.163487 3.458643 0.552303 6
-1.141599 3.520980 0.558313 6
-0.651809 3.198604 0.425935 12
-0.574670 3.222986 0.416800 12
-0.586048 3.318278 0.433575 12
-0.536937 3.365137 0.432680 12
-0.449624 3.383324 0.420929 12
-0.397757 3.429227 0.419460 12
-0.303949 3.445004 0.406285 12
-0.196807 3.452894 0.389666 13
-0.301555 3.610383 0.431890 13
-0.265434 3.667565 0.434892 13
-0.211373 3.712698 0.433028 13
-0.248977 3.818203 0.455946 3
-0.153243 3.836310 0.442928 3
-0.136705 3.905619 0.451172 1
0.058271 3.865131 0.412454 3
0.301965 3.799752 0.361737 13
0.369871 3.842820 0.357366 13
0.392816 3.912440 0.364675 13
0.372512 4.005902 0.382949 13
0.354527 4.096657 0.400427 13
0.360533 4.173259 0.411705 13
0.386421 4.238792 0.417953 13
0.326953 4.347577 0.445212 13
0.342526 4.416829 0.453792 13
-1.562850 5.970548 1.017983 5
-1.545955 6.012673 1.022144 5
-1.588173 6.074660 1.039214 5
-1.570929 6.116090 1.043228 5
-1.488470 6.137095 1.033272 5
-1.415705 6.162497 1.025632 5
-1.458876 6.223075 1.042674 5
-1.391470 6.251250 1.036389 5
0.347318 5.826554 0.683443 5
1.543883 6.038801 0.524874 5
1.570035 6.109137 0.532465 5
1.662894 6.167698 0.527295 5
1.745379 6.229575 0.524384 5
-2.492328 -1.240104 0.185911 9
-2.552590 -0.845505 0.250422 9
-2.571709 -0.569797 0.291517 9
-2.561578 -0.375679 0.316374 9
-2.616010 -0.042400 0.371566 9
-2.624291 0.172666 0.402555 9
-2.631054 0.375220 0.431591 9
-2.617877 0.527157 0.450248 9
-2.601167 0.665986 0.466518 9
-2.610530 0.852183 0.493835 9
-2.534028 0.862463 0.482144 9
-2.461641 0.881771 0.472435 9
-2.380517 0.885454 0.459096 9
-2.334677 0.955156 0.460960 9
-2.257465 0.967268 0.449514 9
-2.218862 1.047949 0.454190 9
-2.185582 1.135803 0.460794 9
-2.093164 1.122671 0.443340 9
-2.000011 1.110584 0.425935 9
-1.627917 0.654835 0.299508 10
-1.610468 0.775091 0.313428 10
-1.463037 0.693100 0.277191 10
-1.372777 0.702100 0.263345 10
-1.300734 0.739349 0.256550 10
-1.202226 0.738946 0.240064 10
-1.166485 0.828814 0.246803 10
-1.115621 0.896116 0.247869 10
-1.044627 0.935457 0.241667 10
-1.025648 1.043979 0.253921 10
-0.985120 1.122181 0.258336 10
-1.421941 1.805550 0.427646 2
-1.395834 1.887357 0.435011 2
-1.396087 1.999874 0.451121 11
-1.446054 2.169191 0.483538 11
-1.391162 2.210693 0.480496 11
-1.353899 2.272590 0.483290 11
-1.411899 2.441174 0.516995 11
-1.342579 2.464306 0.509036 6
-1.337425 2.557796 0.521688 6
-1.344810 2.662737 0.538057 12
-1.327907 2.740087 0.546520 6
-1.317286 2.822618 0.556776 6
-1.306801 2.903857 0.566891 6
-1.337189 3.023837 0.589262 6
-1.348963 3.123020 0.605628 2
-1.289056 3.152477 0.600307 2
-1.389028 3.330478 0.642413 2
-1.289598 3.322446 0.625309 2
-1.246667 3.366740 0.624956 6
-1.196649 3.404923 0.622594 2
-1.122984 3.423218 0.613551 6
-1.051295 3.444298 0.605258 6
-0.655150 3.199989 0.506107 12
-0.611806 3.251272 0.506843 12
-0.597621 3.325590 0.515651 12
-0.535276 3.361809 0.511187 12
-0.432838 3.368324 0.495978 12
-0.377297 3.411532 0.493684 12
-0.337960 3.466967 0.495802 12
-0.201178 3.452996 0.472189 12
-0.098022 3.465323 0.457844 12
-0.180570 3.606271 0.492061 13
-0.146992 3.666094 0.495848 13
-0.184807 3.772492 0.517886 3
-0.174147 3.845735 0.527344 3
-0.002593 3.817437 0.496275 3
0.346069 3.684244 0.421643 13
0.340152 3.772039 0.435981 13
0.388072 3.827106 0.436969 13
0.349488 3.932046 0.459064 13
0.415152 3.976632 0.455743 13
0.380618 4.076845 0.476538 13
-1.526952 5.952272 1.063362 5
-1.484378 5.985754 1.062244 5
-1.472094 6.030021 1.067478 5
-1.494252 6.085446 1.079758 5
-1.531520 6.144833 1.094987 5
-1.392183 6.149314 1.074576 5
-1.330246 6.179209 1.070029 5
-1.310731 6.222139 1.074040 5
0.231380 5.849486 0.780026 5
0.379804 5.874668 0.761682 5
1.670210 5.925268 0.575191 5
1.522269 6.031811 0.615097 5
1.535444 6.104235 0.625109 5
1.601447 6.167037 0.625598 5
1.731845 6.219830 0.614758 5
-2.627320 -1.110182 0.333955 9
-2.572077 -1.005453 0.337733 9
-2.615315 -0.661207 0.388530 9
-2.614758 -0.439110 0.416505 9
-2.568127 -0.334857 0.421814 9
-2.582998 -0.094142 0.454837 9
-2.487151 -0.109799 0.436724 9
-2.616213 0.363603 0.518581 9
-2.620483 0.551925 0.543283 9
-2.609911 0.702128 0.560683 9
-2.553072 0.753834 0.557829 9
-2.495465 0.803201 0.554585 9
-2.413231 0.804770 0.541170 9
-2.342551 0.829496 0.532674 9
-2.276373 0.862961 0.526081 9
-2.215323 0.905723 0.521565 9
-2.152729 0.945549 0.516453 9
-2.081827 0.971125 0.508176 9
-2.037284 1.041221 0.510005 9
-1.654785 0.558765 0.385133 10
-1.593130 0.610841 0.381914 10
-1.504052 0.619720 0.368664 10
-1.424242 0.644254 0.358995 10
-1.349021 0.676509 0.351115 10
-1.252580 0.678227 0.335860 10
-1.207186 0.755038 0.338694 10
-1.075214 0.708958 0.311543 10
-1.090126 0.868912 0.335047 10
-1.039432 0.935875 0.335856 10
-0.966699 0.972976 0.329248 10
-1.491796 1.784679 0.520210 2
-1.380833 1.758764 0.499253 2
-1.401733 1.899655 0.521360 2
-1.471130 2.095890 0.558525 11
-1.437984 2.163626 0.562424 11
-1.339121 2.153465 0.545613 11
-1.395272 2.323498 0.577287 6
-1.331076 2.353154 0.571314 11
-1.326716 2.449482 0.583687 11
-1.347428 2.570981 0.603391 6
-1.289079 2.605617 0.599098 12
-1.281307 2.693321 0.609869 12
-1.313551 2.820248 0.632188 12
-1.265437 2.863621 0.630759 12
-1.327967 3.015665 0.661229 12
-1.338370 3.113441 0.676295 2
-1.278597 3.142976 0.671273 6
-1.319328 3.266113 0.694523 2
-1.248826 3.285344 0.686504 2
-1.167745 3.296198 0.675748 2
-1.095439 3.316091 0.667609 2
-1.066444 3.374075 0.671359 2
-0.719980 3.165615 0.590009 12
-0.669317 3.210274 0.588694 12
-0.617324 3.254130 0.587099 12
-0.593884 3.320837 0.593037 12
-0.495867 3.329296 0.579623 12
-0.413437 3.351338 0.570493 12
-0.360697 3.396695 0.569132 12
-0.306925 3.441663 0.567596 12
-0.187633 3.440350 0.549761 12
-0.059721 3.435349 0.530156 12
0.022301 3.464253 0.522239 12
0.184698 3.440581 0.494927 12
0.096538 3.584470 0.528745 13
0.828837 3.198829 0.365325 12
1.019906 3.171767 0.333426 2
0.985631 3.287046 0.355298 2
1.120931 3.298452 0.337250 2
1.141967 3.379427 0.346105 6
1.154243 3.464894 0.356934 6
1.228482 3.514855 0.353562 6
1.280607 3.577817 0.355361 6
-1.290350 5.861686 1.069776 5
-1.502022 5.986348 1.119148 5
-1.461553 6.020791 1.118825 5
-1.431148 6.059066 1.120545 5
-1.475008 6.121181 1.136503 5
-1.392554 6.143399 1.128407 5
-1.314388 6.168328 1.121366 5
-1.298926 6.212467 1.126207 5
0.223478 5.843124 0.853753 5
0.265055 5.896111 0.856392 5
1.514605 6.022096 0.702125 5
1.514307 6.096885 0.714370 5
1.574707 6.160263 0.716328 5
1.742203 6.206040 0.700524 5
-2.597916 -0.675625 0.485515 9
-2.615575 -0.410573 0.519133 9
-2.618505 -0.192149 0.544968 9
-2.532503 -0.185349 0.531660 9
-2.630460 0.229954 0.596068 9
-2.632495 0.419121 0.618494 9
-2.618560 0.566971 0.633538 9
-2.549184 0.595496 0.625663 9
-2.498525 0.661757 0.625286 9
-2.408176 0.648949 0.609260 9
-2.365775 0.729900 0.612032 9
-2.312118 0.787784 0.610320 9
-2.235603 0.803052 0.599960 9
-2.156292 0.814325 0.588726 9
-2.114805 0.892597 0.591504 9
-1.699334 0.332736 0.459129 10
-1.610737 0.343134 0.446466 10
-1.535534 0.376753 0.438737 10
-1.487691 0.454395 0.440629 10
-1.419547 0.498972 0.435420 10
-1.329858 0.510677 0.422939 10
-1.267568 0.564742 0.419884 10
-1.240047 0.669362 0.428387 10
-1.160267 0.696714 0.419484 10
-1.112575 0.769918 0.421152 10
-1.034402 0.800180 0.412948 10
-0.960001 0.836258 0.406081 10
-0.960255 0.971406 0.422813 10
-0.950286 1.089911 0.435987 10
-1.399823 1.788237 0.590440 2
-1.358957 1.851428 0.592180 2
-1.346346 1.948328 0.602404 2
-1.387297 2.107165 0.628426 11
-1.374272 2.198375 0.637958 11
-1.328920 2.250682 0.637831 11
-1.295544 2.316196 0.641187 11
-1.288711 2.410229 0.652115 11
-1.271660 2.491341 0.659938 12
-1.279260 2.597248 0.674579 6
-1.266964 2.680141 0.683405 12
-1.270608 2.777870 0.696499 12
-1.258756 2.858100 0.705126 12
-1.257892 2.947790 0.716606 12
-1.204687 2.985438 0.713813 12
-0.740639 2.635812 0.601474 12
-1.112480 3.074873 0.712227 12
-1.003294 3.062497 0.694976 12
-1.113360 3.247470 0.735022 2
-1.073254 3.296154 0.735740 2
-0.991642 3.309302 0.725897 2
-0.738790 3.180275 0.672955 12
-0.700456 3.234519 0.674778 12
-0.634845 3.266666 0.669842 12
-0.511016 3.253618 0.650702 12
-0.491989 3.324251 0.657556 12
-0.396401 3.336139 0.645812 12
-0.283398 3.336760 0.630152 12
-0.190615 3.354274 0.619643 12
-0.198022 3.444766 0.633038 12
-0.008554 3.396362 0.600201 12
0.054660 3.438627 0.597300 12
0.180054 3.439905 0.580224 12
0.226316 3.495467 0.581577 12
0.419101 3.457176 0.549851 12
1.067854 3.136720 0.416476 2
1.044036 3.246047 0.435044 2
1.068557 3.324530 0.442750 2
1.152338 3.367713 0.437479 6
1.195325 3.435460 0.441259 6
1.292697 3.472702 0.433404 6
-1.436808 5.957985 1.160223 5
-1.393491 5.992031 1.159769 5
-1.430108 6.052939 1.173864 5
-1.447689 6.106682 1.184410 5
-1.400977 6.139980 1.183483 5
-1.280461 6.152063 1.169729 5
-1.136484 6.159667 1.152270 5
0.193937 5.842779 0.930793 5
0.201908 5.904207 0.939383 5
0.416060 5.912851 0.913116 5
1.437888 6.026545 0.799828 5
1.479046 6.092379 0.805132 5
1.537237 6.155585 0.807873 5
-2.645650 -0.312423 0.632807 9
-2.660359 -0.070236 0.660735 9
-2.659161 0.125084 0.681227 9
-2.640986 0.274670 0.694227 9
-2.584313 0.335614 0.691767 9
-2.539340 0.419755 0.693678 9
-2.472379 0.456469 0.687122 9
-2.426106 0.534402 0.688273 9
-2.358338 0.568409 0.681408 9
-2.298803 0.618176 0.677573 9
-2.230702 0.651392 0.670678 9
-2.170616 0.699345 0.666668 9
-2.113558 0.752210 0.663710 9
-1.612881 0.033978 0.508937 10
-1.574494 0.134310 0.514126 10
-1.523411 0.211075 0.514862 10
-1.443718 0.239924 0.506062 10
-1.412493 0.346532 0.513198 10
-1.349763 0.401488 0.509948 10
-1.282045 0.448444 0.505124 10
-1.219233 0.502683 0.501898 10
-1.148999 0.545766 0.496383 10
-1.138063 0.673883 0.509223 10
-0.998409 0.618280 0.482502 10
-0.973186 0.724042 0.490838 10
-0.962237 0.846733 0.503233 10
-0.912896 0.915863 0.504008 10
-0.873643 0.997251 0.507701 10
-0.837046 1.080756 0.512075 10
-1.281827 1.760614 0.654288 2
-1.302199 1.899131 0.673275 6
-1.401205 2.127849 0.713979 11
-1.356862 2.181720 0.714019 11
-1.336032 2.262213 0.720545 11
-1.302621 2.327192 0.723526 11
-1.252118 2.372565 0.721845 11
-1.344547 2.572535 0.758482 12
-1.213543 2.529596 0.735194 11
-1.263873 2.678666 0.760013 12
-1.237451 2.745494 0.764419 12
-1.226040 2.826537 0.772648 12
-1.263034 2.953719 0.793133 12
-1.195354 2.977087 0.786767 12
-1.213526 3.082319 0.802107 12
-1.123234 3.084945 0.790226 12
-0.980247 3.041466 0.765606 12
-0.899279 3.056682 0.756625 12
-0.810197 3.066125 0.745886 12
-0.736569 3.090344 0.739100 12
-0.672589 3.123673 0.734785 12
0.081716 2.590278 0.567724 12
-0.596334 3.234071 0.738652 12
-0.504123 3.246355 0.728090 12
-0.362964 3.222340 0.706527 12
-0.333860 3.286414 0.710942 12
-0.303494 3.349164 0.715070 12
-0.105771 3.289700 0.681722 12
-0.076578 3.355139 0.686448 12
0.065139 3.341586 0.666407 12
0.129966 3.383578 0.663578 12
0.291573 3.361386 0.639949 12
0.376711 3.392780 0.633225 12
1.005598 3.076094 0.511068 12
1.065234 3.133417 0.511144 2
1.088349 3.213651 0.518970 2
1.148386 3.271133 0.519130 2
1.233844 3.314123 0.514186 6
1.162751 3.448383 0.541345 6
1.323593 3.449215 0.521328 6
-1.411220 5.943404 1.209505 5
-1.357888 5.974173 1.207699 5
-1.349847 6.020691 1.213685 5
-1.372484 6.076843 1.224805 5
-1.367480 6.123663 1.231264 5
-1.334599 6.161974 1.233158 5
-1.146594 6.156067 1.209972 5
0.214196 5.828738 0.998930 5
0.241161 5.885184 1.004403 5
0.295732 5.934751 1.005602 5
0.312093 5.994505 1.012922 5
1.583163 5.910092 0.850435 5
1.534276 5.995635 0.869639 5
1.434940 6.089745 0.896155 5
1.436587 6.162797 0.907573 5
-2.555097 -0.087290 0.737236 9
-2.525543 0.041943 0.745078 9
-2.494451 0.163133 0.751977 9
-2.449925 0.251958 0.753772 9
-2.387224 0.301078 0.749031 9
-2.353711 0.407688 0.754343 9
-2.288679 0.449663 0.748683 9
-2.227606 0.498898 0.744387 9
-2.187531 0.586535 0.747050 9
-1.161177 -0.734261 0.465098 10
-1.419002 -0.115367 0.564522 10
-1.403593 0.025576 0.576430 10
-1.361512 0.119125 0.579781 10
-1.332566 0.231479 0.586992 10
-1.269927 0.288654 0.583846 10
-1.225768 0.373486 0.586221 10
-1.144390 0.401277 0.577545 10
-1.071161 0.441756 0.571392 10
-1.008432 0.497546 0.568363 10
-0.921563 0.519243 0.558489 10
-0.923157 0.663403 0.573755 10
-0.898566 0.768573 0.581380 10
-0.876514 0.874875 0.589540 10
-0.820334 0.934877 0.588193 10
-0.774851 1.008032 0.589768 10
-0.769945 1.130638 0.602197 10
-1.068841 1.619895 0.695079 6
-1.257806 1.960930 0.757261 11
-1.273577 2.088065 0.773148 11
-1.272472 2.192708 0.784394 11
-1.256907 2.278824 0.791752 11
-1.226804 2.347363 0.795315 11
-1.209731 2.429123 0.802105 11
-1.211667 2.529670 0.813524 12
-1.214324 2.628885 0.824943 12
-1.207461 2.716362 0.833865 12
-1.178340 2.780001 0.837281 12
-1.201895 2.894640 0.853297 12
-1.233093 3.014012 0.870882 12
-1.191193 3.061621 0.870996 12
-1.134990 3.095942 0.867818 12
-0.991811 3.051832 0.844641 12
-0.852174 3.014406 0.822737 12
-0.854971 3.104562 0.833623 12
-0.710904 3.067527 0.811317 12
-0.073617 2.620243 0.679410 12
-0.581378 3.133958 0.803142 12
-0.481128 3.139639 0.791482 12
-0.429712 3.185747 0.790711 12
-0.389436 3.240764 0.792430 12
-0.287518 3.248941 0.781032 12
-0.125003 3.213886 0.757084 12
-0.039972 3.238934 0.749899 12
0.016859 3.285396 0.748797 12
0.070745 3.334364 0.748414 12
0.407638 3.189815 0.690267 12
0.394293 3.288646 0.704223 12
0.849054 3.078421 0.623983 12
1.035990 3.051863 0.598598 12
1.150866 3.074584 0.588004 2
1.186052 3.148319 0.593320 2
1.343707 3.148029 0.574912 2
1.323076 3.255868 0.591250 2
-1.255442 5.933387 1.245735 5
-1.318333 6.004398 1.262902 5
-1.346928 6.062738 1.274536 5
-1.324815 6.104434 1.278277 5
-1.336710 6.156470 1.287254 5
-1.221597 6.171262 1.277059 5
-1.089671 6.183480 1.264712 5
0.232451 5.878938 1.077216 5
0.308435 5.922703 1.075694 5
0.394509 5.965184 1.072949 5
0.399067 6.028448 1.082116 5
1.515591 5.988318 0.957327 5
1.348032 6.095719 0.991801 5
1.373016 6.163400 0.999758 5
-2.356867 -0.110495 0.800547 9
-2.345255 0.053197 0.812964 9
-2.282090 0.105777 0.808276 9
-2.243552 0.206525 0.811442 9
-2.218003 0.329471 0.818504 9
-0.970012 -0.678666 0.552007 10
-1.203571 -0.123963 0.634856 10
-1.187561 0.013609 0.645255 10
-1.151553 0.116343 0.649791 10
-1.102181 0.196458 0.650494 10
-1.055627 0.279422 0.651922 10
-0.997278 0.343767 0.650099 10
-0.920749 0.381518 0.643419 10
-0.871774 0.458264 0.644172 10
-0.811359 0.518248 0.641894 10
-0.773522 0.608160 0.645526 10
-0.730398 0.689554 0.647725 10
-0.718641 0.810206 0.657879 10
-0.726985 0.953539 0.672916 10
-0.694730 1.042946 0.677528 10
-0.682083 1.154694 0.686922 10
-1.079961 1.753208 0.796829 2
-0.654977 1.369152 0.704805 10
-1.197031 2.109669 0.847236 11
-1.200790 2.218815 0.858719 11
-1.183100 2.301919 0.864955 11
-1.192307 2.412675 0.877406 11
-1.176903 2.494887 0.883959 11
-1.195143 2.610696 0.898163 12
-1.178751 2.688546 0.904266 12
-1.138753 2.741594 0.904977 12
-1.153877 2.848444 0.918050 12
-1.174579 2.958358 0.932175 12
-1.148167 3.021406 0.935752 12
-1.113941 3.076592 0.937618 12
-1.005101 3.063766 0.923406 12
-0.929259 3.082613 0.916562 12
-0.768400 3.028422 0.891877 12
-0.690609 3.049298 0.885149 12
-0.654732 3.106484 0.887338 12
-0.579759 3.131277 0.881491 2
-0.515129 3.165457 0.877939 2
-0.451664 3.201266 0.874764 2
-0.450109 3.285714 0.884178 2
-0.449791 3.369865 0.893759 2
-0.366037 3.390688 0.886773 2
-0.011562 3.215381 0.826976 12
0.025067 3.276467 0.830029 12
0.231635 3.218447 0.800426 12
0.372031 3.210546 0.784071 12
0.638642 3.120685 0.744252 12
0.835232 3.083147 0.718373 12
0.535554 3.369336 0.785252 2
1.146022 3.072660 0.683522 12
-1.276015 6.033985 1.318223 5
-1.312131 6.094439 1.330413 5
-1.265284 6.128872 1.330836 5
-1.222690 6.165221 1.331993 5
-1.135747 6.189751 1.327183 5
0.307667 5.850112 1.138244 5
0.299025 5.916375 1.148876 5
0.320858 5.974527 1.155438 5
0.310821 6.040410 1.166262 5
0.366572 6.090718 1.168521 5
1.362723 5.936092 1.050276 5
1.212722 6.040416 1.080425 5
1.270924 6.100034 1.084050 5
1.367583 6.153242 1.083112 5
1.367054 6.225471 1.094368 5
-0.790528 -0.602451 0.643332 10
-0.959715 -0.169282 0.701196 10
-0.925091 -0.061236 0.705688 10
-0.945391 0.125988 0.723975 10
-0.884584 0.189541 0.721547 10
-0.833970 0.267055 0.721689 10
-0.764467 0.317077 0.717183 10
-0.728463 0.412966 0.720915 10
-0.690459 0.504384 0.724098 10
-0.657197 0.600449 0.728361 10
-0.642602 0.718814 0.736966 10
-0.616248 0.819716 0.742675 10
-0.621405 0.957731 0.755604 10
-0.623936 1.089214 0.767714 10
-0.558770 1.137021 0.764228 10
-0.581810 1.287975 0.780721 10
-1.157071 2.067344 0.920272 11
-1.124999 2.136778 0.922921 11
-1.174972 2.295687 0.943551 11
-1.111788 2.328094 0.939262 11
-1.126995 2.444084 0.951974 11
-1.094398 2.507773 0.954304 11
-1.111022 2.620982 0.967052 12
-1.078443 2.682489 0.969312 12
-1.104970 2.801392 0.983865 12
-1.081936 2.869900 0.988013 12
-1.060121 2.938738 0.992396 12
-1.027991 2.997210 0.994676 12
-1.046254 3.100979 1.007084 12
-0.929453 3.082419 0.992500 12
-0.798824 3.054349 0.975519 12
-0.718582 3.072367 0.968745 12
-0.639467 3.092572 0.962386 12
-0.556397 3.110712 0.955459 2
-0.605696 3.236927 0.973903 2
-0.587574 3.306922 0.979405 2
-0.521327 3.338891 0.975907 2
-0.416703 3.342488 0.965457 2
-0.315626 3.350675 0.955936 2
0.032923 3.180079 0.901672 12
0.126447 3.200914 0.894444 12
0.450031 3.062076 0.846354 12
0.481705 3.131631 0.850922 2
0.425444 3.259969 0.870962 2
0.501946 3.298173 0.867680 2
0.578467 3.337338 0.864581 2
0.743785 3.321455 0.846507 2
-1.238592 6.015883 1.367865 5
-1.241052 6.066172 1.375115 5
-1.258512 6.120628 1.384294 5
-1.199583 6.152139 1.383697 5
-1.133864 6.182673 1.382428 5
0.470831 5.797265 1.189911 5
0.338617 5.897317 1.215663 5
0.322105 5.965335 1.226985 5
0.315457 6.030317 1.237091 5
0.349629 6.085448 1.242359 5
0.578581 6.098060 1.224967 5
1.153352 6.042239 1.168354 5
1.085010 6.126402 1.186776 5
1.207764 6.172523 1.183529 5
-0.609035 -0.699763 0.722408 10
-0.516428 -0.668978 0.713245 10
-0.747458 -0.157140 0.779603 10
-0.727456 -0.028860 0.786790 10
-0.696681 0.080956 0.791381 10
-0.640760 0.153340 0.790207 10
-0.606983 0.255165 0.794027 10
-0.577151 0.360300 0.798668 10
-0.553270 0.471163 0.804552 10
-0.523290 0.571883 0.809023 10
-0.518554 0.702585 0.818888 10
-0.512491 0.828614 0.828321 10
-0.488255 0.929761 0.833770 10
-0.516331 1.091281 0.850139 10
-0.444933 1.132571 0.845570 10
-0.457536 1.270426 0.858441 10
-1.038923 2.043285 0.987292 11
-1.076639 2.190177 1.003854 11
-1.078232 2.294281 1.012926 11
-1.059017 2.374184 1.017753 11
-1.045688 2.458960 1.023708 11
-1.062478 2.572998 1.035499 12
-1.025408 2.630680 1.036715 12
-1.040985 2.739576 1.048074 12
-1.021092 2.812036 1.052552 12
-1.001181 2.883530 1.057014 12
-1.040086 3.008521 1.072457 12
-0.994987 3.054346 1.072142 12
-0.919762 3.073430 1.066374 12
-0.814536 3.067446 1.055325 12
-0.735310 3.085824 1.049238 12
-0.633627 3.086568 1.039328 12
-0.624006 3.165005 1.045991 2
-0.590910 3.223443 1.048504 2
-0.571968 3.292806 1.053528 2
-0.483757 3.307753 1.046608 2
-0.450368 3.365837 1.049282 6
-0.306822 3.341627 1.033343 2
-0.145212 3.307311 1.014762 2
0.167709 3.168284 0.971444 12
0.391240 3.099815 0.943765 12
0.418559 3.171296 0.948775 2
0.419695 3.259964 0.958064 2
0.475424 3.311530 0.958556 2
0.551800 3.350181 0.955893 2
0.597966 3.408883 0.958177 6
0.621430 3.481778 0.964104 6
-1.163505 6.035702 1.420599 5
-1.197596 6.095951 1.431454 5
-1.150288 6.131335 1.432798 5
-1.129850 6.175000 1.437364 5
-1.012878 6.192510 1.431105 5
0.370964 5.880063 1.284027 5
0.322609 5.956344 1.298505 5
0.362030 6.010086 1.303339 5
0.462093 6.050253 1.301821 5
0.652893 6.072002 1.291040 5
0.724725 6.122456 1.293235 5
1.004235 6.132130 1.274354 5
1.199054 6.163308 1.264900 5
1.456132 6.186709 1.249853 5
-0.301445 -0.636914 0.801237 10
-0.452509 -0.256660 0.843733 10
-0.482834 -0.057694 0.860518 10
-0.453172 0.053567 0.864740 10
-0.442527 0.187987 0.872775 10
-0.435825 0.324395 0.881491 10
-0.388616 0.405466 0.882017 10
-0.357023 0.505166 0.885659 10
-0.361724 0.647965 0.896385 10
-0.367325 0.788432 0.907144 10
-0.334346 0.879713 0.910347 10
-0.315422 0.985958 0.916228 10
-0.300294 1.094563 0.922780 10
-1.010756 2.014834 1.065133 11
-0.994508 2.102592 1.070184 11
-0.987699 2.199015 1.076943 11
-0.962910 2.274565 1.080365 11
-0.979186 2.391706 1.091215 11
-0.977117 2.487542 1.098654 11
-0.957427 2.563961 1.102902 12
-0.990216 2.690733 1.116386 12
-0.942512 2.737137 1.115658 12
-0.949582 2.835253 1.124494 12
-0.948282 2.923729 1.131817 12
-0.915686 2.982276 1.133770 12
-0.935442 3.087018 1.144591 12
-0.783771 3.039984 1.126674 12
-0.773159 3.117370 1.132510 12
-0.627336 3.080186 1.116148 12
-0.611172 3.153113 1.121253 2
-0.593811 3.224233 1.126171 2
-0.594762 3.309077 1.134026 2
-0.506811 3.323634 1.127769 6
-0.467275 3.376474 1.129323 6
-0.362562 3.380701 1.120826 6
-0.168308 3.321428 1.098805 2
0.187217 3.151198 1.052692 12
0.301367 3.159434 1.044046 2
0.388565 3.188254 1.039729 2
0.331121 3.315745 1.057093 2
0.505183 3.287815 1.040241 2
0.530890 3.359353 1.045451 2
0.457920 3.492875 1.064942 6
0.622643 3.476272 1.050262 6
-1.118515 6.015301 1.471278 5
-1.125176 6.067618 1.478718 5
-1.124677 6.117381 1.485413 5
-1.073530 6.152473 1.486920 5
-1.022984 6.188495 1.488654 5
0.390126 5.866209 1.354330 5
0.439094 5.917980 1.358486 5
0.373587 5.998255 1.373931 5
0.482844 6.036136 1.372497 5
0.413524 6.115759 1.388243 5
0.710962 6.115494 1.369782 5
1.044437 6.113519 1.348926 5
1.144140 6.163076 1.350099 5
1.183267 6.225438 1.356965 5
-0.018866 -0.694107 0.879200 10
-0.178385 -0.312571 0.918451 10
-0.214011 -0.109479 0.934269 10
-0.219933 0.048908 0.944443 10
-0.222126 0.198486 0.953819 10
-0.180092 0.288696 0.955159 10
-0.164954 0.410791 0.961315 10
-0.138399 0.516506 0.965416 10
-0.061213 0.560171 0.960663 10
-0.065159 0.698853 0.970115 10
0.010052 0.743959 0.965881 10
0.067190 0.809782 0.964871 10
-0.925451 2.029464 1.141202 11
-0.924859 2.133698 1.148332 11
-0.898995 2.209079 1.151216 11
-0.909189 2.320866 1.160056 11
-0.890715 2.401075 1.164141 11
-0.911027 2.518826 1.174505 11
-0.869197 2.573075 1.174806 12
-0.893355 2.690537 1.185669 12
-0.863413 2.754386 1.187904 12
-0.855101 2.837667 1.193562 12
-0.845018 2.918035 1.198934 12
-0.826576 2.989769 1.203018 12
-0.837202 3.086012 1.211543 12
-0.749334 3.096126 1.205162 12
-0.653338 3.100920 1.197776 12
-0.585082 3.130302 1.194729 2
-0.594480 3.223225 1.203235 2
-0.585659 3.300111 1.209045 2
-0.483514 3.303553 1.201410 6
-0.483927 3.386935 1.208668 6
-0.404758 3.409725 1.204650 6
-0.136692 3.295568 1.174354 2
0.263217 3.093618 1.126446 12
0.343477 3.126480 1.123525 2
0.396929 3.178866 1.124454 2
0.384734 3.275814 1.134365 2
0.473621 3.304550 1.130732 2
0.474172 3.391709 1.139007 6
0.557604 3.425334 1.136421 6
0.613864 3.476965 1.137571 6
0.704469 3.508216 1.134455 6
-1.021927 6.029668 1.524681 5
-1.062451 6.092541 1.535144 5
-1.062289 6.142666 1.541808 5
-1.026776 6.182780 1.545320 5
-0.874810 6.192491 1.538648 5
0.455125 5.969280 1.438684 5
0.364674 6.054571 1.455260 5
0.345159 6.121811 1.465739 5
0.406478 6.171015 1.469614 5
0.766360 6.159999 1.449791 5
0.834751 6.212645 1.453974 5
0.394699 -0.748016 0.949678 10
0.019988 -0.105170 1.019058 10
0.033192 0.026857 1.024840 10
0.080406 0.114044 1.025163 10
0.104259 0.228382 1.029261 10
0.178210 0.281106 1.025491 10
0.236834 0.351905 1.024256 10
0.314354 0.400688 1.020202 10
0.392366 0.449345 1.016229 10
0.484892 0.482510 1.010206 10
-0.805416 2.007417 1.213012 11
-0.812325 2.119578 1.220513 11
-0.810341 2.220140 1.226649 11
-0.782588 2.292543 1.228975 11
-0.781181 2.390387 1.235190 11
-0.788569 2.495027 1.242657 11
-0.780292 2.582531 1.247841 12
-0.757232 2.654663 1.250925 12
-0.754502 2.744748 1.256913 12
-0.738326 2.821106 1.261015 12
-0.736068 2.908843 1.267069 12
-0.728691 2.990673 1.272414 12
-0.699709 3.052784 1.274828 12
-0.632311 3.082168 1.272124 12
-0.585542 3.129352 1.272331 2
-0.584404 3.213542 1.278685 2
-0.594866 3.305647 1.286556 2
-0.483862 3.301825 1.278616 2
-0.416048 3.333048 1.276501 6
-0.388993 3.395526 1.279744 6
-0.159483 3.309493 1.257487 2
0.358252 3.022316 1.199739 12
0.444691 3.051954 1.196666 2
0.425269 3.155719 1.206788 2
0.486698 3.203210 1.207050 2
0.523184 3.267728 1.210464 2
0.524443 3.354915 1.218165 2
0.636558 3.370798 1.212822 6
0.719491 3.406708 1.211162 6
-0.926704 5.993921 1.573626 5
-1.012375 6.071151 1.587229 5
-0.975352 6.111133 1.590846 5
-0.959548 6.157448 1.596260 5
-0.873956 6.185218 1.596370 5
-0.655769 6.180480 1.586704 5
0.376174 5.979583 1.517144 5
0.266939 6.068535 1.533766 5
0.234619 6.137612 1.544626 5
0.499533 6.141495 1.534567 5
0.785691 6.145957 1.523832 5
0.809757 6.207281 1.531630 5
0.342598 -0.202963 1.095030 10
0.326356 -0.034430 1.104227 10
0.350302 0.082306 1.107755 10
0.380431 0.189705 1.110465 10
0.423022 0.281108 1.111516 10
0.492375 0.341398 1.108996 10
0.545592 0.419456 1.108807 10
-0.596578 1.784927 1.269385 2
-0.596331 1.893436 1.275174 2
-0.665771 2.072063 1.290175 11
-0.668706 2.178217 1.296302 11
-0.669250 2.279892 1.302112 11
-0.643672 2.354059 1.304553 11
-0.676047 2.483026 1.314460 11
-0.615028 2.520996 1.312461 11
-0.632536 2.632072 1.320466 12
-0.622601 2.715976 1.325019 12
-0.644560 2.827015 1.333537 12
-0.603804 2.881009 1.334338 12
-0.596286 2.963348 1.339266 12
-0.571834 3.030268 1.342184 12
-0.562714 3.109215 1.346989 12
-0.483349 3.130337 1.343536 2
-0.504160 3.232018 1.351977 2
-0.465084 3.285239 1.353450 2
-0.369537 3.295390 1.348546 2
-0.247766 3.287610 1.340888 2
0.192247 3.049237 1.297729 12
0.354063 3.022127 1.286539 12
0.504304 3.006581 1.277003 12
0.541529 3.071959 1.280152 12
0.563271 3.147632 1.285076 2
0.570969 3.232027 1.291570 6
0.692300 3.241891 1.286091 6
-0.889837 6.028016 1.635370 5
-0.892608 6.080579 1.642114 5
-0.921710 6.140104 1.650656 5
-0.841271 6.169429 1.651966 5
-0.741150 6.195035 1.652264 5
-0.406178 6.164248 1.638071 5
-0.007059 6.124661 1.620865 5
0.069231 6.166229 1.624260 5
0.453688 6.141946 1.609744 5
0.516824 6.191766 1.614842 5
0.710887 -0.339625 1.172598 10
0.604124 -0.065406 1.191569 10
0.614989 0.066663 1.196176 10
0.641993 0.178057 1.198897 10
0.706224 0.246760 1.197270 10
0.776031 0.309258 1.195130 10
0.857064 0.359949 1.191834 10
-0.486016 1.887608 1.354073 2
-0.542561 2.051481 1.365656 11
-0.528935 2.141119 1.369140 11
-0.501293 2.215608 1.371086 11
-0.455511 2.271816 1.371069 11
-0.502017 2.414869 1.381446 11
-0.459320 2.472003 1.381906 11
-0.436543 2.547021 1.384653 12
-0.475094 2.675778 1.394126 12
-0.450648 2.746630 1.396773 12
-0.455258 2.841667 1.402591 12
-0.414656 2.897086 1.403650 12
-0.390656 2.966073 1.406553 12
-0.398737 3.060369 1.412855 12
-0.400995 3.148455 1.418570 2
-0.215491 3.089209 1.405220 12
-0.073633 3.067596 1.396663 12
0.063303 3.052646 1.388911 12
0.137061 3.086769 1.387698 12
0.264488 3.083265 1.381428 12
0.404994 3.073001 1.374186 12
-0.819610 6.052626 1.695795 5
-0.871927 6.119326 1.705213 5
-0.794559 6.149778 1.707507 5
-0.688730 6.174144 1.708540 5
-0.523903 6.185675 1.706849 5
-0.299514 6.185997 1.702643 5
-0.075946 6.190706 1.699123 5
0.177777 6.192966 1.694816 5
0.512072 6.183097 1.687514 5
0.576718 6.233331 1.693317 5
1.523930 -1.296838 1.202045 8
1.472606 -1.069350 1.212683 8
1.229399 -0.629045 1.243233 10
0.877410 -0.081052 1.284710 10
0.901908 0.035778 1.287219 10
0.921327 0.156141 1.290344 10
0.978947 0.234094 1.289710 10
1.030678 0.317695 1.289814 10
1.131491 0.350736 1.285188 10
1.201915 0.415366 1.283773 10
-0.293779 2.013437 1.435536 11
-0.268932 2.093283 1.437632 11
-0.259940 2.187101 1.441339 11
-0.226758 2.257056 1.442804 11
-0.215914 2.346688 1.446479 11
-0.201027 2.431395 1.449841 11
-0.147444 2.481165 1.449685 11
-0.166034 2.592963 1.456300 12
-0.118929 2.647390 1.456947 12
-0.119190 2.740890 1.461994 12
-0.071246 2.793950 1.462780 12
-0.024316 2.847905 1.463787 12
0.066457 2.867833 1.461083 12
-0.715573 6.068510 1.756182 5
-0.671030 6.109223 1.760794 5
-0.645253 6.155437 1.766354 5
-0.505443 6.173338 1.767438 5
-0.331891 6.185647 1.767619 5
-0.114160 6.190952 1.766642 5
0.167890 6.186105 1.763950 5
1.414374 -1.160726 1.340428 8
1.492670 -1.086845 1.337370 8
1.606206 -1.053232 1.331447 8
1.470662 -0.739812 1.347263 8
1.516029 -0.633861 1.347522 8
1.222090 -0.164125 1.376846 10
1.192790 0.011245 1.383537 10
1.215143 0.129094 1.385953 10
1.286036 0.195736 1.384443 10
1.361881 0.257501 1.382706 10
1.438425 0.318854 1.381101 8
1.470858 0.422889 1.383283 8
1.461495 0.565054 1.388975 8
1.487890 0.671465 1.391880 8
1.443324 0.840917 1.400546 8
1.381617 1.021911 1.410585 8
1.485841 1.053780 1.407678 8
1.587110 1.089612 1.405234 8
1.685391 1.129278 1.403251 8
1.711234 1.229897 1.406989 8
1.870596 1.221430 1.400831 8
2.020253 1.223777 1.395723 8
-0.574820 6.075754 1.817746 5
-0.515327 6.113975 1.822533 5
-0.412211 6.142120 1.826266 5
-0.303352 6.170657 1.830163 5
-0.046363 6.166718 1.830482 5
1.440802 -1.020855 1.467545 8
1.355127 -0.762084 1.476092 8
1.419300 -0.677778 1.474290 8
1.436915 -0.542990 1.475907 8
1.459766 -0.416251 1.477320 8
1.397416 -0.201700 1.484721 8
1.460597 -0.122542 1.483667 8
1.434462 0.047044 1.488833 8
1.482364 0.139090 1.489138 8
1.405159 0.352760 1.497943 8
1.466339 0.428180 1.497651 8
1.448778 0.577599 1.502703 8
1.467545 0.690464 1.505493 8
1.403458 0.876913 1.513755 8
1.460772 0.950906 1.514307 8
1.554020 0.993343 1.512762 8
1.656019 1.029328 1.510891 8
1.741486 1.080543 1.510279 8
1.839032 1.122583 1.509142 8
1.939205 1.163669 1.508079 8
1.341351 -0.741287 1.599446 8
1.395872 -0.647001 1.597922 8
1.353271 -0.447251 1.601730 8
1.377440 -0.324135 1.602185 8
1.368003 -0.167573 1.604582 8
1.411422 -0.068975 1.604391 8
1.512389 -0.029933 1.601414 8
1.418992 0.204053 1.608646 8
1.416140 0.343357 1.611351 8
1.423667 0.470106 1.613679 8
1.418109 0.607058 1.616818 8
1.430475 0.724928 1.619202 8
1.948131 0.382459 1.596762 8
1.500423 0.915067 1.622209 8
1.589666 0.961316 1.621332 8
1.714869 0.977646 1.618947 8
1.892038 0.952337 1.614350 8
1.952350 1.027157 1.615563 8
1.370891 -0.769770 1.720580 8
1.386223 -0.631636 1.720102 8
1.364164 -0.455124 1.721201 8
1.354285 -0.295688 1.722069 8
1.376058 -0.172985 1.721995 8
1.498125 -0.156073 1.718512 8
1.599031 -0.115720 1.716019 8
1.349034 0.275549 1.726283 8
1.359118 0.400486 1.727401 8
1.362712 0.529573 1.728932 8
1.353236 0.668743 1.731095 8
1.408550 0.745385 1.731172 8
1.489472 0.798499 1.730565 8
1.543260 0.876385 1.731099 8
1.675178 0.885705 1.729190 8
1.834819 0.873554 1.726609 8
1.321717 -0.404614 1.841961 8
1.294825 -0.228272 1.841801 8
1.340405 -0.132320 1.840430 8
1.465712 -0.119875 1.837684 8
1.328546 0.161178 1.840433 8
1.328035 0.298216 1.840656 8
1.321389 0.438722 1.841212 8
1.362178 0.531020 1.841030 8
1.401862 0.623476 1.841079 8
1.506869 0.654649 1.840052 8
1.598501 0.699373 1.839513 8
1.691542 0.743787 1.839173 8
1.765436 0.805927 1.839426 8
1.417489 -0.210479 1.957185 8
1.362630 -0.010614 1.956035 8
1.390924 0.100016 1.954804 8
1.421741 0.206586 1.953803 8
1.478118 0.286769 1.952924 8
1.521247 0.379265 1.952337 8
1.563704 0.471553 1.951983 8
1.667306 0.506479 1.951578 8
1.763496 0.549449 1.951438 8
1.815631 0.632716 1.951727 8
1.792284 -0.160768 2.072957 8
1.735318 0.036636 2.070571 8
1.733527 0.176481 2.069083 8
-1.756435 0.009781 -2.128345 9
-1.763978 -0.117868 -2.131727 9
-1.456750 -0.000437 -2.041510 9
-1.483069 -0.089976 -2.045627 9
-1.513634 -0.164380 -2.049700 9
-1.544783 -0.234258 -2.053802 9
-1.583825 -0.281757 -2.057874 9
-1.634525 -0.299513 -2.061942 9
-1.676835 -0.337207 -2.066178 9
-1.718889 -0.374611 -2.070508 9
-1.757186 -0.419625 -2.074935 9
0.468325 6.059880 -1.788637 5
0.360275 5.974303 -1.788626 5
0.251494 5.974979 -1.786719 5
0.142760 5.972399 -1.785129 5
0.033479 5.981215 -1.783485 5
-0.073338 5.940285 -1.783339 5
-0.183275 5.958180 -1.781935 5
-0.291880 5.951592 -1.781388 5
-0.401222 5.953552 -1.780859 5
-0.513527 5.985304 -1.779801 5
-0.620225 5.954302 -1.780588 5
-0.747070 6.107501 -1.776894 5
-0.867610 6.182605 -1.775446 5
-1.301985 0.236166 -1.958485 9
-1.295138 0.030799 -1.965492 9
-1.292032 -0.151980 -1.971992 9
-1.315542 -0.248591 -1.976819 9
-1.367594 -0.261183 -1.980152 9
-1.402289 -0.320948 -1.984432 9
-1.447771 -0.350051 -1.988259 9
-1.494244 -0.376036 -1.992135 9
-1.527956 -0.433342 -1.996604 9
-1.577783 -0.449649 -2.000525 9
-1.627004 -0.467547 -2.004587 9
-1.671885 -0.495517 -2.008901 9
-1.718104 -0.520112 -2.013275 9
-1.762036 -0.549516 -2.017812 9
-1.807921 -0.574359 -2.022400 9
0.800385 6.058282 -1.666991 5
0.690078 6.013820 -1.665721 5
0.580587 5.949173 -1.665416 5
0.471439 5.998443 -1.661286 5
0.361933 6.013090 -1.658608 5
0.253040 5.992566 -1.657421 5
0.143502 5.999204 -1.655479 5
0.032739 6.028411 -1.652938 5
-0.077482 6.035859 -1.651410 5
-0.191010 6.090913 -1.648363 5
-0.406860 6.023332 -1.649454 5
-0.516743 6.018381 -1.649282 5
-0.620736 5.954729 -1.651497 5
-0.738189 6.020749 -1.649169 5
-0.837407 5.923826 -1.653058 5
-0.964588 6.053293 -1.648861 5
-1.071694 6.019937 -1.650871 5
-1.333609 0.521694 -1.878545 9
-1.333788 0.323424 -1.887611 9
-1.319705 0.093167 -1.897638 9
-1.324327 -0.068906 -1.905468 9
-1.315547 -0.260624 -1.914167 9
-1.310999 -0.430401 -1.922136 9
-1.356762 -0.455852 -1.925815 9
-1.402016 -0.482193 -1.929617 9
-1.438831 -0.529575 -1.934107 9
-1.480998 -0.562124 -1.938260 9
-1.530863 -0.575363 -1.941983 9
-1.573919 -0.604915 -1.946247 9
-1.606955 -0.656915 -1.951172 9
-1.663848 -0.654012 -1.954802 9
-1.711877 -0.671563 -1.959062 9
-1.757467 -0.694453 -1.963556 9
-1.821975 -0.677997 -1.967279 9
1.022796 6.019685 -1.545437 5
0.910858 5.950658 -1.545353 5
0.802326 5.979819 -1.540984 5
0.692740 5.961950 -1.539001 5
0.583554 5.967442 -1.536151 5
0.474401 5.954123 -1.534394 5
0.365586 5.934364 -1.533159 5
-0.527806 6.136273 -1.513857 5
-0.637477 6.114207 -1.514667 5
-0.736019 5.994248 -1.520387 5
-0.850402 6.022067 -1.519240 5
-0.954099 5.962130 -1.522515 5
-1.070079 5.996008 -1.521514 5
-1.188794 6.041835 -1.520166 5
-1.348107 0.555653 -1.805768 9
-1.348526 0.356837 -1.816978 9
-1.336846 0.132722 -1.829240 9
-1.391396 0.116044 -1.832586 9
-1.337140 -0.211046 -1.849129 9
-1.330430 -0.388385 -1.859237 9
-1.324851 -0.553534 -1.868782 9
-1.361121 -0.601030 -1.873495 9
-1.419421 -0.590895 -1.875969 9
-1.448009 -0.655761 -1.881531 9
-1.490441 -0.684845 -1.885748 9
-1.551583 -0.669510 -1.888357 9
-1.602856 -0.678493 -1.892022 9
-1.641225 -0.716773 -1.896880 9
-1.694168 -0.722484 -1.900637 9
-1.746394 -0.730434 -1.904596 9
-1.767100 -0.804266 -1.910948 9
-1.837514 -0.775146 -1.913846 9
1.248043 6.028164 -1.422638 5
1.134808 5.971039 -1.422225 5
1.025836 5.990918 -1.417679 5
0.916095 5.995583 -1.414197 5
0.806662 6.016431 -1.409990 5
0.586675 6.047397 -1.402781 5
0.477204 5.929572 -1.407206 5
0.368103 5.922227 -1.405452 5
-0.958571 5.985488 -1.391303 5
-1.065480 5.950869 -1.393804 5
-1.178163 5.957224 -1.394091 5
-1.299454 6.014720 -1.391574 5
-1.392276 0.902748 -1.712362 9
-1.370586 0.615239 -1.730686 9
-1.363516 0.390876 -1.745440 9
-1.353238 0.169822 -1.759962 9
-1.409790 0.157344 -1.763088 9
-1.353063 -0.177838 -1.783721 9
-1.355239 -0.331722 -1.794479 9
-1.341039 -0.521740 -1.807119 9
-1.348044 -0.646798 -1.816276 9
-1.367473 -0.734452 -1.823472 9
-1.424241 -0.726217 -1.825761 9
-1.464718 -0.758507 -1.830230 9
-1.519523 -0.756563 -1.833058 9
-1.559741 -0.788945 -1.837706 9
-1.623177 -0.769070 -1.839874 9
-1.657213 -0.814894 -1.845358 9
-1.703743 -0.833057 -1.849585 9
-1.764516 -0.821928 -1.852538 9
-1.798329 -0.866684 -1.858206 9
-1.842876 -0.889226 -1.862927 9
-1.983058 -0.727683 -1.859554 9
1.359771 5.971188 -1.300491 5
1.248393 5.952838 -1.297960 5
1.139213 5.969248 -1.293286 5
0.479964 5.910082 -1.280050 5
0.371609 5.849714 -1.282034 5
0.336796 2.993547 -1.478508 12
0.263631 2.750569 -1.494072 12
0.191240 2.591850 -1.503967 12
0.121338 2.441543 -1.513452 11
0.048726 2.377108 -1.517092 11
-0.026390 2.362179 -1.517406 11
-0.105647 2.399310 -1.514201 11
-0.196206 2.549595 -1.503175 12
-0.296820 2.768858 -1.487422 12
-1.075737 6.011474 -1.259502 5
-1.171204 5.897224 -1.268016 5
-1.292664 5.957321 -1.264476 5
-1.405335 5.956780 -1.265394 5
-1.371105 1.047492 -1.624816 9
-1.406549 0.936814 -1.634350 9
-1.411567 0.734202 -1.650116 9
-1.366776 0.388159 -1.675456 9
-1.339704 0.116340 -1.695732 9
-1.342676 -0.051886 -1.709070 9
-1.366532 -0.151771 -1.717898 9
-1.372155 -0.297089 -1.729718 9
-1.368090 -0.461032 -1.742728 9
-1.361386 -0.623644 -1.755610 9
-1.349024 -0.792610 -1.768848 9
-1.387953 -0.827177 -1.773509 9
-1.441146 -0.826681 -1.776036 9
-1.497918 -0.818812 -1.778211 9
-1.548354 -0.826712 -1.781476 9
-1.587260 -0.860754 -1.786438 9
-1.631487 -0.882582 -1.790732 9
-1.693266 -0.867289 -1.792890 9
-1.721170 -0.923483 -1.799410 9
-1.746995 -0.982206 -1.806117 9
-1.780993 -1.023135 -1.811830 9
-1.837908 -1.019188 -1.815045 9
-1.857890 -1.085702 -1.822344 9
-1.913340 -1.085186 -1.825946 9
1.477211 5.991188 -1.173445 5
1.364707 5.968420 -1.171329 5
1.254956 5.982175 -1.166549 5
0.583652 2.841270 -1.399651 12
0.505934 2.433081 -1.430650 11
0.434574 2.110536 -1.455049 11
0.363612 2.009858 -1.461798 11
0.293053 1.950980 -1.465323 11
0.218753 1.999539 -1.460287 11
0.145805 2.004994 -1.458852 11
0.073456 1.998215 -1.458527 11
0.000189 2.004491 -1.457261 11
-0.075573 2.038153 -1.453885 11
-0.143859 1.982819 -1.457871 11
-0.222122 2.034293 -1.453278 11
-0.293538 2.014386 -1.454621 11
-0.365411 2.000124 -1.455624 11
-0.450687 2.088935 -1.448343 11
-0.601015 2.626400 -1.404599 12
-0.774736 3.248661 -1.354094 2
-1.294740 5.955395 -1.133945 5
-1.405704 5.943005 -1.135632 5
-1.526058 5.982200 -1.133309 5
-1.413315 1.179385 -1.537020 9
-1.380240 0.835645 -1.566114 9
-1.418312 0.742497 -1.575369 9
-1.384487 0.430411 -1.601876 9
-1.375254 0.211016 -1.621045 9
-1.360132 -0.013179 -1.640546 9
-1.380981 -0.123063 -1.651135 9
-1.383970 -0.276662 -1.665115 9
-1.383149 -0.432652 -1.679260 9
-1.389434 -0.562449 -1.691378 9
-1.412433 -0.643917 -1.699821 9
-1.366070 -0.892306 -1.720865 9
-1.427112 -0.871751 -1.721638 9
-1.454086 -0.932534 -1.728577 9
-1.502152 -0.943309 -1.731862 9
-1.564415 -0.923092 -1.732965 9
-1.567585 -1.032310 -1.743602 9
-1.613467 -1.047287 -1.747420 9
-1.667512 -1.045731 -1.750142 9
-1.683132 -1.122292 -1.758504 9
-1.734770 -1.125691 -1.761739 9
-1.770443 -1.160460 -1.767257 9
-1.853778 -1.105445 -1.766662 9
-1.908090 -1.106953 -1.770104 9
1.597105 6.025306 -1.044504 5
1.478463 5.938185 -1.048252 5
1.372339 6.004152 -1.038558 5
0.745625 2.770612 -1.315529 12
0.658927 2.239985 -1.361808 11
0.583288 2.014463 -1.380618 11
0.511387 1.875589 -1.391716 2
0.441320 1.786577 -1.398412 2
0.370686 1.785207 -1.397204 2
0.300359 1.774729 -1.396943 2
0.225755 1.863401 -1.387660 2
0.145319 2.027207 -1.371530 11
0.072458 2.021919 -1.371090 11
0.002157 1.981875 -1.373976 11
-0.077256 2.059688 -1.366072 11
-0.143089 1.973391 -1.373472 11
-0.223176 2.041557 -1.366675 11
-0.289483 1.973489 -1.372620 11
-0.368039 2.015769 -1.368444 11
-0.441006 2.007926 -1.369030 11
-0.509489 1.968038 -1.372703 11
-0.586754 1.990307 -1.370721 11
-0.666360 2.023152 -1.367873 2
-0.745831 2.050114 -1.365687 2
-0.814394 2.012219 -1.369630 2
-1.643521 5.982241 -1.002505 5
-1.417762 1.180818 -1.457881 9
-1.381592 0.826741 -1.491704 9
-1.406748 0.691951 -1.505603 9
-1.416944 0.518258 -1.523048 9
-1.376239 0.201297 -1.553385 9
-1.323659 -0.131855 -1.585080 9
-1.401363 -0.077739 -1.582073 9
-1.375576 -0.311796 -1.604835 9
-1.376535 -0.462175 -1.620113 9
-1.441521 -0.439318 -1.620093 9
-1.357000 -0.795186 -1.653436 9
-1.395240 -0.832079 -1.658708 9
-1.494140 -0.723310 -1.651378 9
-1.972745 0.260785 -1.568560 9
-1.439842 -1.095818 -1.688039 9
-1.483538 -1.113191 -1.691801 9
-1.526133 -1.133008 -1.695845 9
-1.566015 -1.158490 -1.700439 9
-1.630376 -1.133526 -1.700871 9
-1.695647 -1.108863 -1.701453 9
-1.748562 -1.110452 -1.704334 9
-1.780641 -1.152725 -1.710650 9
-1.840505 -1.142210 -1.712720 9
-1.895515 -1.142002 -1.715739 9
-1.968786 -1.110214 -1.716340 9
1.723425 6.108956 -0.909617 5
1.596867 5.957768 -0.920603 5
1.488491 5.995500 -0.912926 5
1.380935 6.052987 -0.903404 5
0.920004 3.040047 -1.198686 12
0.812205 2.261461 -1.275556 11
0.731177 2.010726 -1.299130 11
0.658074 2.001301 -1.298277 11
0.584473 1.782901 -1.318932 2
0.513573 1.799805 -1.315640 2
0.443694 1.730984 -1.321256 6
0.373370 1.730503 -1.319961 6
0.301147 1.783525 -1.313248 6
0.231819 1.747612 -1.315806 2
0.159414 1.780109 -1.311399 2
0.073504 2.013605 -1.286264 11
-0.001334 2.033690 -1.283307 11
-0.076237 2.048663 -1.280980 11
-0.146145 2.005290 -1.284818 11
-0.220056 2.007987 -1.283977 11
-0.292009 1.991440 -1.285243 11
-0.370505 2.030046 -1.280875 11
-0.437869 1.976885 -1.286163 11
-0.504312 1.923224 -1.291611 11
-0.543890 1.697089 -1.315123 2
-0.620141 1.725550 -1.312229 6
-0.696691 1.751222 -1.309730 2
-0.759113 1.694445 -1.315915 2
-0.872550 1.910531 -1.293821 2
-0.963133 1.989688 -1.286091 2
-1.357531 1.202175 -1.375126 9
-1.489492 1.413176 -1.354819 9
-1.465061 1.090022 -1.389441 9
-1.407528 0.681132 -1.432790 9
-1.321011 0.207776 -1.482618 9
-1.349649 0.108837 -1.494211 9
-1.343159 -0.087251 -1.515699 9
-1.316486 -0.329525 -1.541837 9
-1.355774 -0.378025 -1.548375 9
-1.402396 -0.405259 -1.552833 9
-1.326377 -0.748812 -1.589048 9
-1.358329 -0.803184 -1.596241 9
-1.394948 -0.844173 -1.602149 9
-1.364700 -1.043029 -1.623743 9
-1.427450 -1.016998 -1.623081 9
-1.426640 -1.136734 -1.636837 9
-1.480891 -1.130199 -1.638231 9
-1.523902 -1.149041 -1.642185 9
-1.576688 -1.147432 -1.644229 9
-1.587493 -1.232651 -1.654719 9
-1.649159 -1.213286 -1.655198 9
-1.688076 -1.240108 -1.660183 9
-1.722065 -1.276038 -1.666091 9
-1.817762 -1.196438 -1.661190 9
-1.853170 -1.231065 -1.667148 9
-1.899451 -1.245797 -1.671314 9
-1.951349 -1.251100 -1.674692 9
1.847095 6.144960 -0.777823 5
1.721062 6.023183 -0.787130 5
1.610071 6.040135 -0.781262 5
1.499768 6.067502 -0.774379 5
0.988836 2.700359 -1.142108 12
0.878974 1.986202 -1.220250 11
0.805571 1.974178 -1.219607 11
0.733618 2.014131 -1.213188 11
0.660730 2.039426 -1.208510 11
0.586368 1.783153 -1.235908 2
0.515561 1.751902 -1.237900 2
0.446408 1.652329 -1.247789 6
0.377138 1.632167 -1.248740 6
0.306642 1.657255 -1.244615 6
0.232179 1.759691 -1.231715 2
0.159371 1.793875 -1.226705 2
0.078708 1.939953 -1.208931 11
-0.001159 2.035552 -1.197018 11
-0.071993 1.998740 -1.200414 11
-0.148349 2.027971 -1.196310 11
-0.220221 2.006550 -1.198135 11
-0.293699 2.001893 -1.198127 11
-0.372988 2.044427 -1.192773 11
-0.411345 1.767953 -1.224329 2
-0.480687 1.747836 -1.226407 2
-0.549445 1.725190 -1.228873 6
-0.605966 1.627939 -1.240050 6
-0.684345 1.668708 -1.235384 6
-0.759317 1.684876 -1.233655 6
-0.844370 1.751004 -1.226256 2
-0.928714 1.805734 -1.220275 2
-1.071714 2.132727 -1.183004 11
-1.215456 0.683898 -1.355039 10
-1.168314 0.094558 -1.424536 10
-1.205007 0.020402 -1.434114 10
-1.240382 -0.054077 -1.443782 10
-1.276941 -0.121353 -1.452681 10
-1.302931 -0.216198 -1.464754 9
-1.360359 -0.217896 -1.466333 9
-1.347462 -0.412609 -1.489760 9
-1.392748 -0.442818 -1.494655 9
-1.437910 -0.472664 -1.499574 9
-1.330348 -0.884630 -1.547298 9
-1.372756 -0.909636 -1.551676 9
-1.405032 -0.958309 -1.558746 9
-1.383875 -1.128907 -1.579367 9
-1.416288 -1.171060 -1.585754 9
-1.492206 -1.116501 -1.581546 9
-1.527948 -1.151589 -1.587286 9
-1.563965 -1.185336 -1.592930 9
-1.576825 -1.265622 -1.603682 9
-1.628482 -1.265827 -1.605774 9
-1.693954 -1.240103 -1.605154 9
-1.742370 -1.248907 -1.608347 9
-1.777808 -1.282364 -1.614246 9
-1.844741 -1.258138 -1.614074 9
-1.874084 -1.302661 -1.621274 9
-1.929787 -1.300471 -1.623610 9
-1.989188 -1.293084 -1.625497 9
1.850438 6.115791 -0.648527 5
1.719725 5.948409 -0.664898 5
1.607306 5.945045 -0.661453 5
1.512533 6.156905 -0.631743 5
1.059535 2.492755 -1.076480 11
0.957360 2.031294 -1.131212 11
0.883675 2.031789 -1.129069 11
0.808921 1.998278 -1.131239 11
0.736465 2.034865 -1.124799 11
0.662373 2.000076 -1.127326 11
0.588299 1.791665 -1.151637 2
0.517009 1.794208 -1.149744 2
0.447278 1.691537 -1.161118 6
0.377996 1.648809 -1.165097 6
0.307566 1.661834 -1.162175 6
0.232671 1.768883 -1.147506 2
0.161696 1.763809 -1.147010 2
0.085595 1.839713 -1.136393 2
0.002287 1.992775 -1.116103 11
-0.072363 2.004452 -1.113727 11
-0.150984 2.055296 -1.106484 11
-0.215684 1.959149 -1.117921 11
-0.291108 1.974106 -1.115397 11
-0.362951 1.955976 -1.117151 2
-0.409059 1.743627 -1.143613 2
-0.469709 1.662278 -1.153576 6
-0.541051 1.660940 -1.153483 6
-0.616377 1.683234 -1.150480 6
-0.669860 1.573880 -1.164264 6
-0.742954 1.583683 -1.163020 6
-0.828887 1.658494 -1.153616 6
-0.967196 1.985493 -1.112317 11
-1.054076 2.036092 -1.106177 11
-0.942862 0.125204 -1.350580 10
-0.956630 -0.041668 -1.372298 10
-1.002626 -0.083140 -1.378225 10
-1.046314 -0.130591 -1.384966 10
-1.089335 -0.178008 -1.391762 10
-1.129721 -0.231685 -1.399402 10
-1.185315 -0.235958 -1.400893 10
-1.228372 -0.278449 -1.407246 10
-1.275831 -0.306596 -1.411861 10
-1.325434 -0.328055 -1.415703 10
-1.317813 -0.505209 -1.439027 9
-1.367631 -0.521171 -1.442275 9
-1.418747 -0.533903 -1.445188 9
-1.345601 -0.857633 -1.486712 9
-1.422247 -0.800458 -1.481026 9
-1.345345 -1.110843 -1.520783 9
-1.371528 -1.168297 -1.529298 9
-1.418072 -1.177985 -1.531985 9
-1.468404 -1.179810 -1.533774 9
-1.508495 -1.204345 -1.538403 9
-1.569699 -1.184626 -1.537705 9
-1.603087 -1.223359 -1.544179 9
-1.610682 -1.312419 -1.556774 9
-1.664376 -1.308887 -1.558226 9
-1.735188 -1.274028 -1.556002 9
-1.775905 -1.297424 -1.560843 9
-1.818319 -1.317669 -1.565366 9
-1.862307 -1.335205 -1.569629 9
-1.926866 -1.317344 -1.569782 9
-1.977446 -1.324917 -1.573023 9
1.730147 5.990946 -0.528345 5
1.610295 5.914027 -0.534861 5
1.144474 2.534741 -0.981645 11
1.033803 2.022569 -1.048215 11
0.958554 1.996671 -1.049573 11
0.884910 1.995178 -1.047732 11
0.812179 2.018893 -1.042563 11
0.738787 2.032247 -1.038871 11
0.665145 2.044303 -1.035434 11
0.590093 1.764031 -1.071863 2
0.518740 1.789779 -1.066777 2
0.447006 1.807089 -1.062913 2
0.377883 1.704864 -1.075465 2
0.307652 1.690828 -1.076062 2
0.235029 1.735953 -1.068632 2
0.162738 1.757522 -1.064499 2
0.091164 1.760020 -1.063058 2
0.002192 1.998325 -1.029269 11
-0.065837 1.926987 -1.038118 11
-0.146668 2.007563 -1.026138 11
-0.219462 1.993017 -1.027336 11
-0.292390 1.980891 -1.028285 11
-0.340489 1.765714 -1.057348 10
-0.401746 1.681153 -1.068484 2
-0.468889 1.648655 -1.072516 10
-0.529413 1.575380 -1.082267 6
-0.606558 1.612900 -1.076783 6
-0.668622 1.556685 -1.084340 6
-0.745352 1.586358 -1.080097 6
-0.838079 1.695380 -1.064956 6
-0.933015 1.803254 -1.050055 2
-1.043536 1.973367 -1.026629 11
-0.815330 0.595352 -1.217386 10
-0.738858 -0.007453 -1.300953 10
-0.784528 -0.054859 -1.307773 10
-0.826258 -0.115099 -1.316424 10
-0.875067 -0.144619 -1.320889 10
-0.925299 -0.167695 -1.324524 10
-0.961681 -0.239089 -1.334882 10
-1.007420 -0.274504 -1.340332 10
-1.054271 -0.304821 -1.345136 10
-1.109403 -0.307756 -1.346229 10
-1.156120 -0.337422 -1.351060 10
-1.201478 -0.370274 -1.356385 10
-1.252366 -0.386132 -1.359435 10
-1.293493 -0.429397 -1.366298 10
-1.344642 -0.443878 -1.369275 10
-1.526167 -0.114335 -1.325353 9
-1.417473 -0.549005 -1.385796 9
-1.476560 -0.542182 -1.386042 9
-1.411541 -0.837912 -1.427450 9
-1.447941 -0.879369 -1.434308 9
-1.382761 -1.153293 -1.472657 9
-1.429771 -1.162691 -1.475207 9
-1.442375 -1.247709 -1.488001 9
-1.496906 -1.240121 -1.488362 9
-1.572174 -1.190731 -1.483190 9
-1.632125 -1.175722 -1.482714 9
-1.617244 -1.310568 -1.502299 9
-1.653157 -1.341843 -1.508081 9
-1.708836 -1.335280 -1.508891 9
-1.762181 -1.334272 -1.510509 9
-1.840163 -1.289803 -1.506474 9
-1.840007 -1.386187 -1.521044 9
-1.911543 -1.355577 -1.518985 9
-1.976447 -1.338476 -1.518790 9
-2.039423 -1.326290 -1.519327 9
1.863565 6.115811 -0.382341 5
1.731453 5.942852 -0.403544 5
1.617526 5.929493 -0.401832 5
1.225458 2.511173 -0.895121 12
1.111256 2.023253 -0.963781 11
1.034141 1.976365 -0.968448 11
0.961923 2.003661 -0.962373 11
0.888442 2.012372 -0.959082 11
0.814619 2.014320 -0.956856 11
0.741087 2.028496 -0.952909 11
0.663752 1.788701 -0.986413 2
0.592083 1.783746 -0.985482 2
0.520703 1.742637 -0.989963 2
0.448665 1.797406 -0.980361 2
0.377626 1.767751 -0.983306 2
0.307570 1.725089 -0.988263 2
0.237381 1.703014 -0.990252 10
0.172907 1.581391 -1.007108 10
0.108114 1.500795 -1.017972 10
0.039288 1.495536 -1.017715 10
-0.026445 1.453012 -1.023082 10
-0.099694 1.499355 -1.015276 10
-0.180672 1.611143 -0.997762 10
-0.260026 1.687740 -0.985548 10
-0.306620 1.482218 -1.015549 10
-0.322696 1.074553 -1.075883 10
-0.377354 0.994691 -1.087309 10
-0.471840 1.186890 -1.058092 10
-0.613674 1.647608 -0.988712 6
-0.686053 1.648440 -0.988236 6
-0.755230 1.630235 -0.990683 6
-0.528486 0.066204 -1.224838 10
-0.562052 -0.050673 -1.242247 10
-0.605737 -0.109588 -1.251029 10
-0.647650 -0.172130 -1.260411 10
-0.692565 -0.217233 -1.267233 10
-0.738982 -0.253326 -1.272759 10
-0.780770 -0.305827 -1.280797 10
-0.835581 -0.305594 -1.280988 10
-0.893707 -0.294214 -1.279566 10
-0.926534 -0.373982 -1.291842 10
-0.987095 -0.354642 -1.289338 10
-1.030940 -0.392580 -1.295456 10
-1.080612 -0.410459 -1.298628 10
-1.124794 -0.445038 -1.304346 10
-1.154578 -0.521258 -1.316325 10
-1.204816 -0.534783 -1.318999 10
-1.252054 -0.556872 -1.323002 10
-1.308393 -0.553967 -1.323338 10
-1.366756 -0.546902 -1.323117 10
-1.412701 -0.573030 -1.327883 10
-1.435838 -0.655484 -1.341049 9
-1.428377 -0.808553 -1.364695 9
-1.450368 -0.885073 -1.377023 9
-1.508916 -0.874696 -1.376552 9
-1.432664 -1.167198 -1.420775 9
-1.467199 -1.204491 -1.427372 9
-1.493262 -1.258872 -1.436516 9
-1.548012 -1.252066 -1.436721 9
-1.595914 -1.260378 -1.439201 9
-1.622935 -1.310485 -1.447836 9
-1.665348 -1.329513 -1.451974 9
-1.729924 -1.306850 -1.450102 9
-1.777923 -1.316704 -1.453022 9
-1.826250 -1.326498 -1.455990 9
-1.815503 -1.440817 -1.474093 9
-1.864305 -1.448590 -1.476846 9
-1.962721 -1.373439 -1.467763 9
-2.017771 -1.373966 -1.469634 9
-2.069743 -1.380444 -1.472423 9
1.850573 5.940332 -0.275942 5
1.739175 5.958078 -0.269518 5
1.368712 3.163053 -0.703132 2
1.189979 2.032818 -0.877636 11
1.111267 1.975962 -0.884358 11
1.039536 2.011136 -0.876710 11
0.963120 1.969452 -0.881221 11
0.891666 2.021973 -0.870958 11
0.818669 2.057363 -0.863444 11
0.743497 2.029079 -0.866062 11
0.669390 2.035066 -0.863330 11
0.594745 1.946178 -0.875724 11
0.522734 1.678887 -0.916585 2
0.451504 1.708103 -0.910427 10
0.386175 1.472376 -0.946546 10
0.321759 1.342549 -0.965921 10
0.259756 1.214099 -0.985185 10
0.199980 1.089566 -1.003928 10
0.138279 1.032521 -1.011967 10
0.078029 0.969715 -1.021006 10
0.012933 0.979051 -1.018551 10
-0.050776 0.970317 -1.019052 10
-0.120821 1.023981 -1.009588 10
-0.192404 1.080829 -0.999657 10
-0.268916 1.167741 -0.984936 10
-0.316407 1.020547 -1.007938 10
-0.393959 1.104644 -0.993775 10
-0.301726 0.057550 -1.161943 10
-0.345817 -0.018754 -1.173816 10
-0.389702 -0.088405 -1.184676 10
-0.438724 -0.123106 -1.189954 10
-0.481856 -0.185894 -1.199817 10
-0.526993 -0.233466 -1.207278 10
-0.576372 -0.257462 -1.210984 10
-0.619059 -0.310388 -1.219412 10
-0.670232 -0.323095 -1.221393 10
-0.717974 -0.349864 -1.225694 10
-0.771405 -0.352913 -1.226212 10
-0.812282 -0.404438 -1.234607 10
-0.863190 -0.416343 -1.236652 10
-0.910715 -0.440271 -1.240685 10
-0.960896 -0.454451 -1.243192 10
-1.001122 -0.501289 -1.251016 10
-1.040581 -0.548397 -1.258928 10
-1.104217 -0.519274 -1.254594 10
-1.151345 -0.541992 -1.258667 10
-1.203152 -0.550838 -1.260552 10
-1.232344 -0.623217 -1.272711 10
-1.284522 -0.630098 -1.274372 10
-1.359271 -0.578261 -1.266647 10
-1.367289 -0.700760 -1.286980 9
-1.415003 -0.718923 -1.290594 9
-1.475836 -0.705418 -1.289179 10
-1.454001 -0.887959 -1.319210 9
-1.496083 -0.915647 -1.324465 9
-1.449635 -1.140328 -1.361233 9
-1.435861 -1.283611 -1.384977 9
-1.550601 -1.148310 -1.364323 9
-1.497867 -1.366859 -1.400085 9
-1.543474 -1.377393 -1.402747 9
-1.594541 -1.377597 -1.403817 9
-1.613864 -1.439797 -1.414758 9
-1.684823 -1.403017 -1.410068 9
-1.754205 -1.371749 -1.406323 9
-1.781584 -1.418252 -1.414903 9
-1.826363 -1.433119 -1.418537 9
-1.867382 -1.454757 -1.423280 9
-1.936632 -1.429023 -1.420650 9
-2.002728 -1.410562 -1.419232 9
1.863909 6.001108 -0.133575 5
1.744460 5.949116 -0.138729 5
1.266455 2.010104 -0.796343 11
1.191425 2.005931 -0.794838 11
1.113903 1.965050 -0.799581 2
1.038333 1.940914 -0.801584 2
0.966353 1.973613 -0.794061 11
0.895538 2.045988 -0.779870 11
0.821343 2.058845 -0.775789 11
0.743905 1.946909 -0.792937 11
0.671751 2.046297 -0.774294 11
0.596124 1.825200 -0.810190 10
0.525489 1.461867 -0.870471 10
0.459513 1.262551 -0.902988 10
0.397836 1.044907 -0.938770 10
0.338002 0.896453 -0.962862 10
0.279971 0.771824 -0.982983 10
0.223760 0.657516 -1.001431 10
0.163598 0.639804 -1.003402 10
0.107465 0.570635 -1.014260 10
0.048671 0.548859 -1.017045 10
-0.007962 0.507307 -1.023285 10
-0.063797 0.464864 -1.029736 10
-0.090072 0.165632 -1.080468 10
-0.129904 0.024582 -1.104060 10
-0.176188 -0.047511 -1.115838 10
-0.219276 -0.133040 -1.129992 10
-0.266808 -0.179118 -1.137395 10
-0.313057 -0.228429 -1.145408 10
-0.362887 -0.252134 -1.149045 10
-0.409667 -0.290966 -1.155343 10
-0.457056 -0.323520 -1.160602 10
-0.499587 -0.377827 -1.169671 10
-0.555083 -0.366806 -1.167478 10
-0.601623 -0.398034 -1.172642 10
-0.643573 -0.447211 -1.180958 10
-0.689570 -0.476535 -1.185879 10
-0.745425 -0.465492 -1.183850 10
-0.792074 -0.491208 -1.188230 10
-0.849602 -0.476225 -1.185601 10
-0.885232 -0.540311 -1.196713 10
-0.936885 -0.546468 -1.197830 10
-0.988970 -0.551756 -1.198839 10
-1.005504 -0.670118 -1.219475 10
-1.062590 -0.657635 -1.217487 10
-1.161317 -0.523571 -1.194493 10
-1.172474 -0.650133 -1.216664 10
-1.226796 -0.649896 -1.216925 10
-1.300400 -0.598597 -1.208400 10
-1.351902 -0.609216 -1.210630 10
-1.384178 -0.669223 -1.221438 10
-1.407585 -0.748879 -1.235672 9
-1.444503 -0.792656 -1.243744 9
-1.405622 -1.012844 -1.282275 9
-1.438667 -1.058247 -1.290675 9
-1.462373 -1.123054 -1.302449 9
-1.492371 -1.171901 -1.311503 9
-1.468546 -1.333074 -1.339896 9
-1.521534 -1.328875 -1.339881 9
-1.574186 -1.326487 -1.340221 9
-1.586268 -1.404869 -1.354449 9
-1.627959 -1.423712 -1.358501 9
-1.675299 -1.432036 -1.360791 9
-1.744883 -1.400179 -1.356263 9
-1.780873 -1.430863 -1.362462 9
-1.832966 -1.432963 -1.363827 9
-1.884368 -1.437129 -1.365591 9
-1.921994 -1.465170 -1.371456 9
-1.974120 -1.469237 -1.373293 9
1.476239 2.504301 -0.625037 11
1.337884 1.937409 -0.724103 2
1.258671 1.884693 -0.731375 2
1.169695 1.700821 -0.762283 2
1.101248 1.745915 -0.752170 2
1.030788 1.771842 -0.745537 2
0.967210 1.933408 -0.714480 2
0.899090 2.062096 -0.689333 11
0.822402 2.013012 -0.696327 11
0.747406 1.992138 -0.698289 10
0.667741 1.627757 -0.762602 10
0.595311 1.286083 -0.823007 10
0.529026 1.055780 -0.863368 10
0.467232 0.824740 -0.904006 10
0.408336 0.659372 -0.932820 10
0.351151 0.537754 -0.953763 10
0.295200 0.441277 -0.970205 10
0.241405 0.338737 -0.987832 10
0.188773 0.248526 -1.003280 10
0.139222 0.139339 -1.022273 10
0.090657 0.043113 -1.038965 10
0.044408 -0.058687 -1.056748 10
-0.005715 -0.104123 -1.064253 10
-0.055910 -0.141913 -1.070402 10
-0.098141 -0.239685 -1.087627 10
-0.151605 -0.238779 -1.086758 10
-0.202505 -0.256996 -1.089444 10
-0.248670 -0.304917 -1.097643 10
-0.294165 -0.352017 -1.105737 10
-0.349474 -0.337567 -1.102523 10
-0.388388 -0.415662 -1.116420 10
-0.439162 -0.424823 -1.117638 10
-0.485200 -0.457423 -1.123223 10
-0.534006 -0.474826 -1.126039 10
-0.574645 -0.528245 -1.135550 10
-0.632362 -0.504623 -1.130856 10
-0.679195 -0.528679 -1.135013 10
-0.684940 -0.713720 -1.168995 10
-0.774761 -0.566721 -1.141576 10
-0.831245 -0.553287 -1.138904 10
-0.852636 -0.664949 -1.159427 10
-0.904783 -0.665531 -1.159422 10
-0.950054 -0.689483 -1.163780 10
-1.001643 -0.692834 -1.164359 10
-1.035674 -0.750531 -1.175037 10
-1.109656 -0.687428 -1.163380 10
-1.138992 -0.757058 -1.176339 10
-1.210456 -0.706467 -1.167072 10
-1.284851 -0.651953 -1.157118 10
-1.313614 -0.720957 -1.170067 10
-1.359597 -0.743283 -1.174409 10
-1.410314 -0.753669 -1.176579 9
-1.447980 -0.795860 -1.184667 9
-1.506175 -0.788780 -1.183680 9
-1.475324 -0.985913 -1.220469 9
-1.484294 -1.085532 -1.239254 9
-1.522526 -1.117798 -1.245623 9
-1.543481 -1.185862 -1.258630 9
-1.494098 -1.396264 -1.297909 9
-1.552035 -1.382020 -1.295777 9
-1.613883 -1.361715 -1.292569 9
-1.674098 -1.346433 -1.290328 9
-1.702940 -1.391468 -1.299223 9
-1.766434 -1.372109 -1.296311 9
-1.789473 -1.426832 -1.307045 9
-1.848355 -1.417523 -1.306058 9
-1.878102 -1.459350 -1.314484 9
-1.935781 -1.453697 -1.314246 9
-1.977275 -1.475732 -1.319115 9
-2.030456 -1.479143 -1.320616 9
1.412776 1.903484 -0.645674 2
1.318805 1.713513 -0.679717 6
1.246399 1.712519 -0.677861 6
1.164759 1.599610 -0.697433 6
1.097216 1.645971 -0.686639 6
1.027223 1.666905 -0.680737 6
0.964037 1.819354 -0.649639 2
0.886587 1.716892 -0.667475 10
0.814247 1.702322 -0.668501 10
0.739041 1.559790 -0.694219 10
0.663435 1.205052 -0.760958 10
0.594823 0.858498 -0.826319 10
0.532505 0.621454 -0.870709 10
0.473502 0.476700 -0.897385 10
0.417979 0.304047 -0.929559 10
0.363908 0.187555 -0.950950 10
0.310278 0.112381 -0.964402 10
0.258709 0.025232 -0.980242 10
0.209608 -0.074872 -0.998666 10
0.159197 -0.131034 -1.008605 10
0.111355 -0.205806 -1.022220 10
0.058565 -0.212255 -1.022571 10
0.011285 -0.272115 -1.033376 10
-0.035107 -0.330289 -1.043900 10
-0.089030 -0.318441 -1.040787 10
-0.132482 -0.388448 -1.053708 10
-0.185314 -0.383658 -1.052040 10
-0.226262 -0.458475 -1.065990 10
-0.280828 -0.441092 -1.061920 10
-0.330020 -0.457841 -1.064567 10
-0.377986 -0.480396 -1.068386 10
-0.400849 -0.631895 -1.097552 10
-0.458195 -0.599037 -1.090567 10
-0.523948 -0.530757 -1.076642 10
-0.565464 -0.578289 -1.085503 10
-0.618053 -0.575134 -1.084430 10
-0.628652 -0.745460 -1.117524 10
-0.689663 -0.704449 -1.109068 10
-0.759144 -0.635569 -1.095145 10
-0.789552 -0.714941 -1.110448 10
-0.851170 -0.680111 -1.103283 10
-0.903182 -0.681149 -1.103213 10
-0.941918 -0.726345 -1.111878 10
-1.008736 -0.680999 -1.102720 10
-1.047929 -0.723739 -1.110963 10
-1.089934 -0.756426 -1.117254 10
-1.123173 -0.813093 -1.128308 10
-1.194754 -0.761063 -1.117943 10
-1.231988 -0.805411 -1.126627 10
-1.310031 -0.741659 -1.114007 10
-1.352658 -0.772314 -1.120049 10
-1.402535 -0.784391 -1.122454 10
-1.441433 -0.823134 -1.130153 9
-1.471542 -0.881322 -1.141718 9
-1.504499 -0.930987 -1.151630 9
-1.512718 -1.033853 -1.172066 9
-1.549810 -1.070210 -1.179407 9
-1.594728 -1.089276 -1.183366 9
-1.516971 -1.360125 -1.236992 9
-1.564440 -1.368120 -1.238813 9
-1.602834 -1.394415 -1.244270 9
-1.649155 -1.405295 -1.246717 9
-1.694844 -1.417803 -1.249514 9
-1.742645 -1.426851 -1.251659 9
-1.801219 -1.417274 -1.250171 9
-1.822447 -1.474123 -1.261776 9
-1.886094 -1.457227 -1.258912 9
-1.933320 -1.469405 -1.261795 9
-1.970968 -1.497667 -1.267864 9
-2.013635 -1.517726 -1.272352 9
1.437058 2.078992 -0.523156 11
1.313034 1.619771 -0.613834 6
1.244200 1.649109 -0.605945 6
1.167677 1.592630 -0.615466 6
1.099611 1.633482 -0.605309 6
1.029889 1.659728 -0.598135 6
0.964288 1.769332 -0.574033 2
0.873081 1.354792 -0.656635 10
0.800877 1.248692 -0.676596 10
0.729864 1.105781 -0.704154 10
0.658697 0.769712 -0.771276 10
0.594378 0.477135 -0.829685 10
0.535896 0.160507 -0.893178 10
0.480527 0.064745 -0.911565 10
0.428444 -0.090995 -0.942326 10
0.375030 -0.117062 -0.946545 10
0.324495 -0.198526 -0.962188 10
0.274212 -0.255558 -0.972862 10
0.220784 -0.245879 -0.969841 10
0.172018 -0.303631 -0.980743 10
0.120071 -0.310132 -0.981115 10
0.073922 -0.378725 -0.994337 10
0.025282 -0.410717 -1.000041 10
-0.024767 -0.425475 -1.002215 10
-0.072038 -0.461446 -1.008808 10
-0.123051 -0.464663 -1.008650 10
-0.173943 -0.469204 -1.008791 10
-0.216033 -0.531809 -1.021003 10
-0.263914 -0.551963 -1.024442 10
-0.319523 -0.525912 -1.018309 10
-0.356667 -0.604730 -1.033995 10
-0.403106 -0.627988 -1.038165 10
-0.453299 -0.631339 -1.038219 10
-0.495439 -0.673058 -1.046288 10
-0.562765 -0.599192 -1.030299 10
-0.598209 -0.669106 -1.044298 10
-0.633831 -0.733299 -1.057141 10
-0.679349 -0.754309 -1.061006 10
-0.742122 -0.709491 -1.051147 10
-0.777963 -0.766751 -1.062631 10
-0.825591 -0.779530 -1.064849 10
-0.882861 -0.759833 -1.060300 10
-0.926035 -0.788298 -1.065845 10
-0.971408 -0.808876 -1.069767 10
-1.043009 -0.749322 -1.056935 10
-1.082221 -0.789837 -1.065077 10
-1.127964 -0.810172 -1.069019 10
-1.170109 -0.840181 -1.075013 10
-1.255005 -0.754726 -1.056828 10
-1.304532 -0.767306 -1.059213 10
-1.356841 -0.773127 -1.060206 10
-1.377256 -0.858055 -1.077816 9
-1.416912 -0.893326 -1.085039 9
-1.477241 -0.879581 -1.082001 10
-1.503443 -0.944908 -1.095581 9
-1.549016 -0.965098 -1.099713 9
-1.556345 -1.067569 -1.121142 9
-1.581637 -1.128238 -1.133823 9
-1.591921 -1.217636 -1.152559 9
-1.561394 -1.385208 -1.187730 9
-1.588964 -1.432499 -1.197674 9
-1.610584 -1.489847 -1.209750 9
-1.668327 -1.478309 -1.207389 9
-1.723665 -1.472617 -1.206278 9
-1.776638 -1.472342 -1.206328 9
-1.820700 -1.488522 -1.209855 9
-1.860592 -1.512049 -1.214946 9
-1.903117 -1.531163 -1.219134 9
-1.956167 -1.533343 -1.219795 9
2.163398 -0.054769 -0.918031 8
2.163743 0.158091 -0.871701 8
2.152705 0.343936 -0.830899 8
2.141250 0.542142 -0.787418 8
1.431854 1.994953 -0.451551 11
1.316424 1.614472 -0.530841 6
1.245643 1.624690 -0.526773 6
1.173014 1.614092 -0.527188 6
1.098057 1.568175 -0.535213 6
1.029998 1.613062 -0.523795 6
0.941544 1.302443 -0.588798 10
0.860518 1.019278 -0.648071 10
0.793075 0.960895 -0.659083 10
0.706267 0.098626 -0.843507 10
0.648557 0.006535 -0.862083 10
0.592588 -0.099366 -0.883707 10
0.538581 -0.174499 -0.898742 10
0.485375 -0.201119 -0.903326 10
0.432487 -0.219883 -0.906238 10
0.380382 -0.251837 -0.912040 10
0.330176 -0.313999 -0.924434 10
0.277301 -0.303797 -0.921143 10
0.229586 -0.379565 -0.936571 10
0.179620 -0.404822 -0.941048 10
0.130634 -0.436796 -0.947017 10
0.082580 -0.472888 -0.953914 10
0.031818 -0.476536 -0.953759 10
-0.013752 -0.526556 -0.963755 10
-0.065307 -0.520522 -0.961529 10
-0.114072 -0.537353 -0.964321 10
-0.151512 -0.632158 -0.984216 10
-0.205859 -0.604631 -0.977344 10
-0.248263 -0.654819 -0.987527 10
-0.293797 -0.681936 -0.992679 10
-0.320048 -0.812345 -1.020547 10
-0.379994 -0.755463 -1.007297 10
-0.414784 -0.828885 -1.022712 10
-0.484491 -0.732709 -1.000829 10
-0.546344 -0.681346 -0.988805 10
-0.589583 -0.714892 -0.995498 10
-0.637173 -0.728732 -0.997871 10
-0.677825 -0.769569 -1.006221 10
-0.726691 -0.777184 -1.007262 10
-0.781935 -0.762045 -1.003292 10
-0.829036 -0.777361 -1.006067 10
-0.873751 -0.800541 -1.010602 10
-0.929593 -0.786934 -1.007015 10
-0.982341 -0.784896 -1.006003 10
-1.033012 -0.790247 -1.006643 10
-1.078441 -0.811601 -1.010848 10
-1.148356 -0.762943 -0.999546 10
-1.156843 -0.887615 -1.026708 10
-1.213606 -0.876681 -1.023809 10
-1.288050 -0.821421 -1.011080 10
-1.362833 -0.769427 -0.999082 10
-1.372639 -0.880737 -1.023387 10
-1.431313 -0.870361 -1.020671 10
-1.455077 -0.942609 -1.036347 9
-1.500559 -0.962955 -1.040503 9
-1.554336 -0.964975 -1.040598 9
-1.572628 -1.044073 -1.057872 9
-1.551335 -1.203082 -1.092972 9
-1.596712 -1.219165 -1.096266 9
-1.571941 -1.375184 -1.130763 9
-1.545115 -1.528735 -1.164743 9
-1.614593 -1.493161 -1.156588 9
-1.648323 -1.526472 -1.163807 9
-1.702194 -1.522711 -1.162775 9
-1.760304 -1.512565 -1.160334 9
-1.828741 -1.485955 -1.154234 9
-1.883453 -1.484737 -1.153816 9
-1.912617 -1.526880 -1.163092 9
-1.948918 -1.556641 -1.169623 9
-2.011272 -1.544823 -1.166890 9
-2.108780 -1.479955 -1.152327 9
2.342803 -0.071476 -0.860143 8
2.256850 -0.156061 -0.876877 8
2.169331 -0.253033 -0.896417 8
2.153841 -0.109091 -0.862984 8
2.157264 0.112614 -0.812332 8
2.133012 0.247366 -0.780772 8
2.120300 0.436753 -0.737068 8
2.101406 0.615945 -0.695532 8
2.083603 0.814258 -0.649672 8
1.429931 1.940091 -0.374909 11
1.329099 1.697407 -0.427681 6
1.250483 1.636072 -0.439685 6
1.175635 1.603237 -0.445306 6
1.110619 1.690939 -0.423711 6
1.000415 1.112716 -0.552822 10
0.873866 0.032523 -0.795968 10
0.813685 -0.062141 -0.816108 10
0.758042 -0.083288 -0.819616 10
0.700625 -0.190286 -0.842662 10
0.645937 -0.259993 -0.857288 10
0.593186 -0.240140 -0.851565 10
0.540395 -0.315238 -0.867491 10
0.488400 -0.340424 -0.872076 10
0.437404 -0.387849 -0.881766 10
0.385477 -0.380017 -0.878857 10
0.336254 -0.439289 -0.891312 10
0.286681 -0.470747 -0.897436 10
0.237301 -0.496255 -0.902221 10
0.186120 -0.491008 -0.899973 10
0.136306 -0.504415 -0.902019 10
0.092368 -0.579227 -0.918195 10
0.047069 -0.627167 -0.928232 10
-0.000213 -0.649923 -0.932500 10
-0.057789 -0.585934 -0.916802 10
-0.103823 -0.619495 -0.923586 10
-0.136456 -0.743112 -0.951178 10
-0.187833 -0.728691 -0.946943 10
-0.231346 -0.765208 -0.954489 10
-0.280018 -0.768530 -0.954379 10
-0.328164 -0.775249 -0.955067 10
-0.383665 -0.744138 -0.947003 10
-0.432526 -0.749650 -0.947429 10
-0.468992 -0.813464 -0.961396 10
-0.519871 -0.808063 -0.959323 10
-0.564009 -0.832770 -0.964254 10
-0.629597 -0.768772 -0.948575 10
-0.677071 -0.781803 -0.950810 10
-0.725537 -0.791004 -0.952167 10
-0.777433 -0.788033 -0.950700 10
-0.824205 -0.804053 -0.953670 10
-0.876034 -0.802894 -0.952646 10
-0.932889 -0.786476 -0.948067 10
-0.974845 -0.818746 -0.954870 10
-1.022273 -0.833290 -0.957546 10
-1.070217 -0.846344 -0.959888 10
-1.103827 -0.900223 -0.971800 10
-1.157670 -0.896113 -0.970152 10
-1.235000 -0.830510 -0.954099 10
-1.282702 -0.846485 -0.957169 10
-1.317147 -0.895915 -0.968103 10
-1.359807 -0.923473 -0.973924 10
-1.410120 -0.932298 -0.975360 10
-1.446989 -0.972784 -0.984250 10
-1.496219 -0.984256 -0.986334 10
-1.561044 -0.961866 -0.980462 9
-1.616001 -0.962752 -0.980073 9
-1.570992 -1.173309 -1.029090 9
-1.582560 -1.259318 -1.048809 9
-1.561410 -1.407153 -1.083140 9
-1.555091 -1.520137 -1.109290 9
-1.626012 -1.482488 -1.099914 9
-1.662503 -1.511211 -1.106214 9
-1.695715 -1.545502 -1.113843 9
-1.773562 -1.500362 -1.102709 9
-1.813495 -1.523676 -1.107764 9
-1.882548 -1.497771 -1.101185 9
-1.917498 -1.530317 -1.108446 9
-1.926889 -1.603757 -1.125409 9
-1.944469 -1.662115 -1.138820 9
-2.044821 -1.590900 -1.121534 9
-2.106187 -1.582749 -1.119199 9
2.645370 0.072080 -0.766171 8
2.506861 -0.140574 -0.813425 8
2.430501 -0.187418 -0.822552 8
2.342788 -0.272535 -0.840575 8
2.279967 -0.287292 -0.842383 8
2.197017 -0.368763 -0.859679 8
2.153623 -0.325663 -0.848134 8
2.146780 -0.154509 -0.806829 8
2.175971 0.157453 -0.732687 8
2.119920 0.175961 -0.726734 8
2.094834 0.314594 -0.692776 8
2.097316 0.574898 -0.630350 8
2.086096 0.799174 -0.576221 8
2.032426 0.855927 -0.561191 8
1.520427 2.022967 -0.268352 11
1.443714 2.021442 -0.266840 11
1.364142 1.991077 -0.272183 11
1.108458 0.111675 -0.716390 10
1.040985 -0.009569 -0.743825 10
0.980667 -0.069313 -0.756704 10
0.919558 -0.160186 -0.777031 10
0.863934 -0.186300 -0.781981 10
0.808169 -0.227838 -0.790631 10
0.752880 -0.280099 -0.801871 10
0.699363 -0.305306 -0.806678 10
0.645963 -0.355216 -0.817416 10
0.593689 -0.385047 -0.823377 10
0.542022 -0.419482 -0.830463 10
0.491211 -0.467633 -0.840863 10
0.439938 -0.455737 -0.836876 10
0.389661 -0.481795 -0.842011 10
0.339243 -0.493462 -0.843705 10
0.291408 -0.550395 -0.856307 10
0.241051 -0.550129 -0.855160 10
0.193838 -0.594002 -0.864663 10
0.147499 -0.638759 -0.874405 10
0.101679 -0.680381 -0.883415 10
0.050758 -0.665148 -0.878702 10
0.003796 -0.688616 -0.883354 10
-0.043202 -0.708844 -0.887237 10
-0.089766 -0.730173 -0.891401 10
-0.132716 -0.774671 -0.901199 10
-0.178449 -0.795995 -0.905394 10
-0.229863 -0.780733 -0.900713 10
-0.283240 -0.756827 -0.893928 10
-0.335501 -0.742552 -0.889482 10
-0.377676 -0.782741 -0.898303 10
-0.415357 -0.841817 -0.911749 10
-0.459150 -0.867599 -0.917099 10
-0.511347 -0.854505 -0.912969 10
-0.579135 -0.777161 -0.893137 10
-0.608682 -0.863026 -0.913197 10
-0.666719 -0.831521 -0.904563 10
-0.705593 -0.875294 -0.914363 10
-0.781905 -0.781601 -0.890481 10
-0.822588 -0.819528 -0.898859 10
-0.862417 -0.858537 -0.907522 10
-0.918802 -0.842263 -0.902616 10
-0.971115 -0.840746 -0.901337 10
-1.001895 -0.905309 -0.916323 10
-1.057335 -0.894605 -0.912798 10
-1.111868 -0.888090 -0.910303 10
-1.180541 -0.844116 -0.898568 10
-1.223776 -0.871482 -0.904429 10
-1.277590 -0.870883 -0.903395 10
-1.312690 -0.918310 -0.914235 10
-1.364103 -0.924249 -0.914830 10
-1.415207 -0.931588 -0.915775 10
-1.451729 -0.973228 -0.925224 10
-1.500070 -0.987084 -0.927799 9
-1.549930 -0.997897 -0.929626 9
-1.626276 -0.952600 -0.917522 9
-1.613829 -1.095485 -0.952172 9
-1.566561 -1.303081 -1.002971 9
-1.604582 -1.332594 -1.009521 9
-1.572361 -1.497539 -1.049817 9
-1.625618 -1.494242 -1.048235 9
-1.646119 -1.552476 -1.062002 9
-1.709813 -1.531146 -1.055927 9
-1.780408 -1.499587 -1.047289 9
-1.811668 -1.538147 -1.056169 9
-1.865115 -1.538632 -1.055537 9
-1.907379 -1.558505 -1.059759 9
-1.977487 -1.533657 -1.052781 9
-2.018707 -1.556432 -1.057735 9
-2.083876 -1.542311 -1.053438 9
-2.137676 -1.546994 -1.053856 9
-2.151354 -1.611877 -1.069402 9
2.619466 -0.184877 -0.759289 8
2.521275 -0.286720 -0.782514 8
2.446130 -0.331404 -0.791922 8
2.363307 -0.402280 -0.807736 8
2.299707 -0.421433 -0.811008 8
2.239332 -0.432991 -0.812449 8
2.164290 -0.493305 -0.825804 8
2.143543 -0.379217 -0.796603 8
2.128176 -0.239317 -0.761042 8
2.171865 0.120545 -0.671579 8
2.119403 0.151544 -0.662523 8
2.079380 0.231838 -0.641370 8
2.048795 0.355640 -0.609504 8
2.032994 0.551075 -0.559982 8
2.034083 0.837148 -0.488073 8
1.967724 0.839597 -0.485881 8
1.275556 0.046134 -0.669091 10
1.208198 -0.043763 -0.690123 10
1.147083 -0.092932 -0.701066 10
1.082830 -0.186038 -0.722983 10
1.027054 -0.203452 -0.726075 10
0.967932 -0.270378 -0.741536 10
0.912334 -0.305305 -0.749039 10
0.857696 -0.336584 -0.755649 10
0.803348 -0.376085 -0.764336 10
0.751101 -0.380575 -0.764275 10
0.697039 -0.457931 -0.782487 10
0.646166 -0.436940 -0.776059 10
0.594400 -0.488624 -0.787878 10
0.543569 -0.512145 -0.792642 10
0.494254 -0.616150 -0.817670 10
0.444365 -0.606549 -0.814138 10
0.396099 -0.652729 -0.824663 10
0.349136 -0.708731 -0.837689 10
0.295042 -0.609621 -0.811575 10
0.256928 -0.797149 -0.857858 10
0.204912 -0.743205 -0.843147 10
0.154604 -0.723750 -0.837146 10
0.108536 -0.755065 -0.844000 10
0.058353 -0.741116 -0.839390 10
0.009655 -0.743683 -0.838966 10
-0.030767 -0.814064 -0.855771 10
-0.071776 -0.870239 -0.868996 10
-0.125300 -0.831882 -0.858188 10
-0.173885 -0.831700 -0.857086 10
-0.239279 -0.729537 -0.829988 10
-0.290780 -0.720310 -0.826555 10
-0.316707 -0.852157 -0.859141 10
-0.355900 -0.902608 -0.870982 10
-0.401961 -0.915261 -0.873174 10
-0.454864 -0.895719 -0.867129 10
-0.522190 -0.814797 -0.845344 10
-0.544901 -0.931356 -0.874169 10
-0.599363 -0.909845 -0.867603 10
-0.651689 -0.899329 -0.863850 10
-0.696103 -0.920172 -0.868153 10
-0.759240 -0.872936 -0.854942 10
-0.810531 -0.871183 -0.853422 10
-0.860098 -0.876247 -0.853656 10
-0.894738 -0.930046 -0.866464 10
-0.957230 -0.894351 -0.856180 10
-0.997199 -0.929815 -0.864270 10
-1.048895 -0.929755 -0.863181 10
-1.120467 -0.874493 -0.847794 10
-1.164142 -0.899974 -0.853303 10
-1.224988 -0.879283 -0.846842 10
-1.255388 -0.939315 -0.861326 10
-1.314605 -0.924695 -0.856431 10
-1.373156 -0.913500 -0.852415 10
-1.419225 -0.933482 -0.856506 10
-1.464466 -0.955302 -0.861078 10
-1.529528 -0.932497 -0.854015 9
-1.557051 -0.993951 -0.868932 9
-1.611783 -0.995334 -0.868174 9
-1.578989 -1.179460 -0.915207 9
-1.557726 -1.332170 -0.954098 9
-1.577646 -1.397061 -0.970044 9
-1.599144 -1.456771 -0.984657 9
-1.993774 -0.811798 -0.814281 9
-1.664697 -1.529265 -1.001616 9
-1.701398 -1.557402 -1.007977 9
-1.746780 -1.569982 -1.010249 9
-1.802870 -1.564581 -1.007779 9
-1.839227 -1.593532 -1.014360 9
-1.922083 -1.545841 -1.000707 9
-1.970307 -1.556856 -1.002538 9
-2.019665 -1.566633 -1.004037 9
-2.059326 -1.591945 -1.009646 9
-2.122689 -1.581525 -1.005784 9
-2.136010 -1.646384 -1.021886 9
-2.166722 -1.684497 -1.030906 9
2.627453 -0.340964 -0.732147 8
2.551576 -0.383701 -0.741813 8
2.465777 -0.457052 -0.759316 8
2.386648 -0.517436 -0.773547 8
2.332282 -0.511345 -0.770818 8
2.255598 -0.572392 -0.785267 8
2.198559 -0.578131 -0.785586 8
2.140199 -0.589517 -0.787359 8
2.120322 -0.475820 -0.757053 8
2.101247 -0.352060 -0.724116 8
2.102875 -0.146483 -0.670102 8
2.110698 0.096990 -0.606252 8
2.054860 0.114802 -0.600386 8
2.044111 0.313295 -0.547963 8
2.044918 0.576246 -0.478833 8
2.026276 0.777071 -0.425622 8
1.976460 0.853233 -0.404527 8
1.956983 1.081273 -0.344133 8
1.514955 0.083146 -0.597135 10
1.437737 -0.038855 -0.627551 10
1.372783 -0.095408 -0.641014 10
1.310862 -0.139252 -0.651197 10
1.245388 -0.219167 -0.670788 10
1.186511 -0.257437 -0.679565 10
1.130419 -0.277869 -0.683707 10
1.073577 -0.311348 -0.691262 10
1.019617 -0.320359 -0.692441 10
0.963535 -0.360439 -0.701744 10
0.908206 -0.402279 -0.711524 10
0.854310 -0.434614 -0.718831 10
0.801485 -0.458906 -0.724044 10
0.748489 -0.502022 -0.734203 10
0.698530 -0.465118 -0.723372 10
0.646067 -0.534092 -0.740341 10
0.595492 -0.530386 -0.738226 10
0.545287 -0.674917 -0.775122 10
0.495934 -0.663676 -0.771046 10
0.447344 -0.696286 -0.778523 10
0.400859 -0.774063 -0.797931 10
0.352905 -0.782103 -0.798952 10
0.303314 -0.756928 -0.791194 10
0.251379 -0.703232 -0.775875 10
0.205955 -0.754665 -0.788364 10
0.160163 -0.790078 -0.796626 10
0.110980 -0.782163 -0.793408 10
0.068511 -0.841950 -0.808155 10
0.021504 -0.851756 -0.809645 10
-0.020394 -0.902360 -0.821984 10
-0.072788 -0.867284 -0.811535 10
-0.122599 -0.856069 -0.807420 10
-0.187113 -0.751369 -0.778366 10
-0.218445 -0.863438 -0.807112 10
-0.268991 -0.852679 -0.803092 10
-0.310927 -0.890779 -0.812125 10
-0.363357 -0.871750 -0.805881 10
-0.412292 -0.872607 -0.804947 10
-0.464441 -0.859336 -0.800218 10
-0.499380 -0.924508 -0.816527 10
-0.537218 -0.972522 -0.828251 10
-0.601157 -0.911458 -0.810664 10
-0.638150 -0.961131 -0.822840 10
-0.700413 -0.913373 -0.808787 10
-0.736850 -0.962972 -0.820951 10
-0.794644 -0.935929 -0.812447 10
-0.841356 -0.948711 -0.814679 10
-0.890354 -0.954175 -0.814928 10
-0.960010 -0.895965 -0.797935 10
-0.998390 -0.936577 -0.807676 10
-1.043289 -0.956561 -0.811834 10
-1.112988 -0.906344 -0.796933 10
-1.163200 -0.913402 -0.797558 10
-1.208871 -0.933050 -0.801601 10
-1.246250 -0.973869 -0.811407 10
-1.326952 -0.905039 -0.791334 10
-1.397246 -0.866333 -0.779429 10
-1.454186 -0.862313 -0.776964 10
-1.480925 -0.928977 -0.793812 10
-1.473844 -1.068863 -0.830730 9
-1.524162 -1.077343 -0.831704 9
-1.530248 -1.180386 -0.858613 9
-1.559744 -1.230767 -0.871105 9
-1.580452 -1.297410 -0.888084 9
-1.602398 -1.359364 -0.903798 9
-1.604963 -1.456626 -0.929266 9
-1.613074 -1.539853 -0.950908 9
-1.656672 -1.555058 -0.953798 9
-1.691578 -1.586105 -0.961063 9
-1.753949 -1.568595 -0.954887 9
-1.761170 -1.647282 -0.975350 9
-1.811425 -1.651402 -0.975153 9
-1.918247 -1.563684 -0.949420 9
-1.978200 -1.555851 -0.945834 9
-2.025531 -1.569160 -0.948114 9
-2.051600 -1.615556 -0.959613 9
-2.223580 -1.441916 -0.909668 9
-2.255923 -1.481898 -0.919319 9
2.569330 -0.508564 -0.710106 8
2.509268 -0.514127 -0.710631 8
2.424398 -0.588107 -0.729472 8
2.367570 -0.589702 -0.728947 8
2.308398 -0.599195 -0.730537 8
2.229259 -0.669607 -0.748472 8
2.173408 -0.674382 -0.748808 8
2.130312 -0.640047 -0.738636 8
2.107020 -0.539219 -0.710570 8
2.104550 -0.361085 -0.661661 8
2.089703 -0.214245 -0.621106 8
2.090223 -0.000519 -0.562468 8
2.038428 0.029463 -0.553288 8
1.988975 0.070165 -0.541200 8
2.001114 0.369370 -0.459286 8
1.981855 0.558176 -0.407082 8
1.962350 0.762581 -0.350580 8
1.951914 1.029379 -0.277106 8
1.688366 0.050217 -0.540962 10
1.614735 -0.030329 -0.561653 10
1.539354 -0.131080 -0.587850 10
1.477582 -0.164240 -0.595737 10
1.411819 -0.228038 -0.611953 10
1.357301 -0.225578 -0.610178 10
1.294578 -0.283439 -0.624807 10
1.244158 -0.255032 -0.615965 10
1.180027 -0.339595 -0.637886 10
1.120429 -0.398846 -0.652935 10
1.069786 -0.379285 -0.646494 10
1.011440 -0.444604 -0.663219 10
0.956451 -0.484419 -0.672995 10
0.906159 -0.467193 -0.667178 10
0.853583 -0.484941 -0.670920 10
0.799069 -0.552342 -0.688266 10
0.749914 -0.512825 -0.676319 10
0.694494 -0.675850 -0.719924 10
0.645394 -0.661765 -0.714956 10
0.595292 -0.748873 -0.737786 10
0.546804 -0.790634 -0.748173 10
0.498553 -0.786169 -0.745844 10
0.451497 -0.838973 -0.759285 10
0.404334 -0.857075 -0.763172 10
0.358187 -0.891302 -0.771510 10
0.311716 -0.907197 -0.774790 10
0.262033 -0.867597 -0.762726 10
0.212201 -0.837695 -0.753318 10
0.166044 -0.860320 -0.758433 10
0.114515 -0.821012 -0.746382 10
0.063303 -0.793334 -0.737528 10
0.020524 -0.846138 -0.750998 10
-0.020413 -0.906105 -0.766475 10
-0.071279 -0.883286 -0.758942 10
-0.115154 -0.913325 -0.766103 10
-0.168042 -0.881568 -0.756047 10
-0.215234 -0.889428 -0.757014 10
-0.265837 -0.877646 -0.752489 10
-0.316122 -0.869793 -0.749043 10
-0.355781 -0.918246 -0.761332 10
-0.401498 -0.933158 -0.764243 10
-0.439135 -0.985018 -0.777504 10
-0.494028 -0.956599 -0.768258 10
-0.538230 -0.976810 -0.772640 10
-0.587670 -0.974988 -0.770826 10
-0.643304 -0.950170 -0.762525 10
-0.681480 -0.993319 -0.773341 10
-0.735635 -0.976781 -0.767336 10
-0.783344 -0.984633 -0.768192 10
-0.837415 -0.971675 -0.763156 10
-0.887193 -0.974333 -0.762514 10
-0.940778 -0.965931 -0.758726 10
-0.991462 -0.967728 -0.757806 10
-1.061078 -0.915387 -0.741507 10
-1.098184 -0.958713 -0.752336 10
-1.137896 -0.993253 -0.760676 10
-1.204802 -0.954774 -0.748228 10
-1.275335 -0.910201 -0.733999 10
-1.326423 -0.917656 -0.734569 10
-1.374834 -0.932184 -0.737145 10
-1.430322 -0.930234 -0.734996 10
-1.461975 -0.984077 -0.748804 10
-1.524524 -0.967096 -0.742319 10
-1.549122 -1.034559 -0.760044 9
-1.626397 -0.987957 -0.745005 9
-1.644473 -1.067043 -0.766085 9
-1.609233 -1.250702 -0.817339 9
-1.606846 -1.361861 -0.847783 9
-1.634247 -1.411523 -0.860518 9
-1.605059 -1.565845 -0.903550 9
-1.670421 -1.540944 -0.894751 9
-1.704202 -1.574603 -0.902899 9
-1.758798 -1.571342 -0.900322 9
-1.780952 -1.624608 -0.914163 9
-1.828987 -1.633279 -0.915029 9
-1.922137 -1.568887 -0.894558 9
-1.983225 -1.559512 -0.890081 9
-2.031864 -1.571021 -0.891678 9
-2.060630 -1.613478 -0.902327 9
-2.123566 -1.604028 -0.897747 9
-2.236473 -1.522770 -0.872016 9
2.611525 -0.567470 -0.662173 8
2.537929 -0.607288 -0.672609 8
2.455809 -0.672815 -0.690251 8
2.403805 -0.662390 -0.686608 8
2.342535 -0.678070 -0.690275 8
2.286074 -0.682039 -0.690650 8
2.203734 -0.763801 -0.712862 8
2.156590 -0.744566 -0.706713 8
2.090040 -0.786349 -0.717701 8
2.094311 -0.600311 -0.664609 8
2.097133 -0.406539 -0.609272 8
2.074762 -0.287844 -0.575004 8
2.067675 -0.104989 -0.522608 8
2.014280 -0.084721 -0.515981 8
1.992839 0.062918 -0.473404 8
1.978645 0.252345 -0.418969 8
1.844016 -0.063535 -0.507180 10
1.779261 -0.093698 -0.514739 10
1.712375 -0.138097 -0.526322 10
1.647185 -0.179715 -0.537123 10
1.584837 -0.211957 -0.545271 10
1.519287 -0.266851 -0.559838 10
1.457865 -0.305043 -0.569677 10
1.393031 -0.370726 -0.587319 10
1.345905 -0.327175 -0.573961 10
1.287322 -0.361117 -0.582590 10
1.226920 -0.415676 -0.597081 10
1.169956 -0.451495 -0.606250 10
1.113815 -0.487419 -0.615450 10
1.061813 -0.489434 -0.614993 10
1.008449 -0.508458 -0.619372 10
0.955099 -0.533247 -0.625392 10
0.901662 -0.567713 -0.634172 10
0.850522 -0.575292 -0.635272 10
0.796965 -0.637944 -0.652108 10
0.745346 -0.683425 -0.664045 10
0.695796 -0.687863 -0.664236 10
0.645867 -0.720127 -0.672390 10
0.596392 -0.779365 -0.688281 10
0.548064 -0.822933 -0.699687 10
0.500103 -0.826780 -0.699690 10
0.453277 -0.878381 -0.713410 10
0.408047 -0.948061 -0.732342 10
0.358570 -0.885876 -0.713320 10
0.307381 -0.815656 -0.691939 10
0.262815 -0.874605 -0.707769 10
0.219036 -0.928916 -0.722273 10
0.169308 -0.898942 -0.712435 10
0.116399 -0.842055 -0.694784 10
0.063891 -0.801098 -0.681700 10
0.021605 -0.858780 -0.697156 10
-0.025087 -0.872074 -0.699754 10
-0.067685 -0.914914 -0.710919 10
-0.122040 -0.870648 -0.696784 10
-0.165439 -0.904396 -0.705294 10
-0.213258 -0.907857 -0.704990 10
-0.248087 -0.986318 -0.726523 10
-0.295650 -0.987926 -0.725668 10
-0.341827 -0.997348 -0.727078 10
-0.382068 -1.035599 -0.736900 10
-0.420263 -1.080511 -0.748675 10
-0.490336 -0.981293 -0.718253 10
-0.533205 -1.006628 -0.724262 10
-0.579490 -1.016887 -0.725843 10
-0.630532 -1.008772 -0.722013 10
-0.680059 -1.007840 -0.720269 10
-0.733749 -0.992992 -0.714408 10
-0.784112 -0.991625 -0.712488 10
-0.832575 -0.997586 -0.712709 10
-0.885163 -0.990843 -0.709158 10
-0.929391 -1.011371 -0.713644 10
-0.991547 -0.977817 -0.702109 10
-1.047822 -0.964402 -0.696497 10
-1.106629 -0.945681 -0.689275 10
-1.138727 -1.001718 -0.704230 10
-1.192958 -0.996978 -0.701117 10
-1.256224 -0.970346 -0.691454 10
-1.304442 -0.983656 -0.693657 10
-1.351157 -1.000847 -0.697002 10
-1.423042 -0.958901 -0.682648 10
-1.480347 -0.953581 -0.679200 10
-1.566324 -0.885696 -0.656956 10
-1.587386 -0.963207 -0.678285 9
-1.600042 -1.055579 -0.704115 9
-1.650345 -1.066763 -0.705545 9
-1.615011 -1.250549 -0.758999 9
-1.619513 -1.348302 -0.786602 9
-1.663706 -1.366404 -0.790171 9
-1.617451 -1.553645 -0.844953 9
-1.654269 -1.581544 -0.851539 9
-1.684524 -1.620824 -0.861578 9
-1.722162 -1.646423 -0.867457 9
-1.789686 -1.620950 -0.857763 9
-1.851881 -1.606460 -0.851362 9
-1.899973 -1.616566 -0.852432 9
-1.969851 -1.592540 -0.843021 9
-2.005595 -1.623765 -0.850499 9
-2.052606 -1.637508 -0.852598 9
-2.146635 -1.581521 -0.833204 9
-2.160143 -1.646616 -0.851053 9
-2.215431 -1.650291 -0.849955 9
2.568702 -0.691505 -0.633423 8
2.517815 -0.676890 -0.628674 8
2.448219 -0.711139 -0.638223 8
2.391711 -0.713463 -0.638404 8
2.318061 -0.764349 -0.652808 8
2.257207 -0.783040 -0.657763 8
2.203111 -0.784079 -0.657526 8
2.143456 -0.803126 -0.662559 8
2.096684 -0.783937 -0.656351 8
2.083855 -0.653717 -0.617501 8
2.093966 -0.437412 -0.553300 8
2.073864 -0.311744 -0.515679 8
2.078548 -0.086960 -0.448849 8
2.021407 -0.079536 -0.445913 8
1.982535 -0.000413 -0.421844 8
1.882907 -0.166086 -0.469851 10
1.812051 -0.223883 -0.486091 10
1.748728 -0.254224 -0.494234 10
1.691321 -0.260615 -0.495301 10
1.627456 -0.300932 -0.506367 10
1.557344 -0.379542 -0.528737 10
1.500203 -0.396137 -0.532789 10
1.445295 -0.402618 -0.533837 10
1.382394 -0.461129 -0.550263 10
1.329758 -0.459862 -0.548995 10
1.271575 -0.499351 -0.559781 10
1.219277 -0.500386 -0.559165 10
1.161727 -0.546913 -0.572024 10
1.111060 -0.539655 -0.568921 10
1.054787 -0.588939 -0.582587 10
1.004174 -0.586337 -0.580836 10
0.948623 -0.647276 -0.597960 10
0.891806 -0.745874 -0.626295 10
0.841431 -0.768578 -0.632055 10
0.791610 -0.790248 -0.637498 10
0.742852 -0.796330 -0.638284 10
0.694570 -0.790752 -0.635575 10
0.647003 -0.739820 -0.619303 10
0.598088 -0.732215 -0.615936 10
0.549176 -0.793191 -0.633057 10
0.502082 -0.903186 -0.664857 10
0.455055 -0.918042 -0.668194 10
0.407587 -0.910832 -0.664904 10
0.362079 -0.954066 -0.676725 10
0.316678 -0.983579 -0.684428 10
0.269775 -0.980396 -0.682301 10
0.223250 -0.984122 -0.682231 10
0.176679 -0.987229 -0.681956 10
0.129312 -0.981923 -0.679128 10
0.082287 -0.981832 -0.677849 10
0.030961 -0.944581 -0.665333 10
-0.010252 -0.996366 -0.679674 10
-0.057677 -0.994563 -0.677819 10
-0.105317 -0.992388 -0.675827 10
-0.155498 -0.974857 -0.669160 10
-0.200503 -0.991908 -0.672948 10
-0.246343 -1.003035 -0.674925 10
-0.295603 -0.995297 -0.671153 10
-0.341200 -1.008016 -0.673576 10
-0.383997 -1.033935 -0.680002 10
-0.436456 -1.013550 -0.672306 10
-0.482272 -1.025237 -0.674359 10
-0.524184 -1.053227 -0.681375 10
-0.587480 -0.993458 -0.661544 10
-0.618311 -1.065073 -0.681875 10
-0.662931 -1.080693 -0.685064 10
-0.721970 -1.044526 -0.672345 10
-0.787685 -0.989004 -0.653625 10
-0.833268 -1.005121 -0.656874 10
-0.876789 -1.027635 -0.662077 10
-0.934631 -1.005316 -0.653442 10
-0.989667 -0.993796 -0.648094 10
-1.045995 -0.980229 -0.642074 10
-1.090440 -1.001740 -0.646871 10
-1.124327 -1.051545 -0.660424 10
-1.200310 -0.988530 -0.638967 10
-1.237489 -1.029321 -0.649689 10
-1.307174 -0.988081 -0.634880 10
-1.354033 -1.005204 -0.638191 10
-1.399101 -1.026588 -0.642811 10
-1.501962 -0.915916 -0.606136 10
-1.536430 -0.964082 -0.619046 9
-1.541647 -1.074083 -0.651347 9
-1.599251 -1.069030 -0.647589 9
-1.658363 -1.062157 -0.643214 9
-1.737378 -1.016763 -0.626659 9
-1.649077 -1.301849 -0.714274 9
-1.640089 -1.422910 -0.750310 9
-1.623930 -1.552606 -0.789164 9
-1.675745 -1.553526 -0.787288 9
-1.695301 -1.612727 -0.803882 9
-1.740146 -1.626278 -0.805975 9
-1.804539 -1.607004 -0.797581 9
-1.878013 -1.574499 -0.784897 9
-1.934336 -1.572278 -0.781817 9
-1.985835 -1.578837 -0.781501 9
-2.041291 -1.580000 -0.779413 9
-2.076798 -1.612496 -0.787357 9
-2.138068 -1.606325 -0.782829 9
-2.211009 -1.584472 -0.773177 9
-2.222948 -1.651642 -0.792253 9
-2.293223 -1.635625 -0.784388 9
2.540325 -0.779414 -0.596382 8
2.487045 -0.772916 -0.594165 8
2.414491 -0.817032 -0.607405 8
2.363211 -0.808081 -0.604391 8
2.293661 -0.849901 -0.616887 8
2.250134 -0.821496 -0.607872 8
2.182881 -0.861845 -0.619878 8
2.121188 -0.889061 -0.627846 8
2.095603 -0.805903 -0.601987 8
2.047613 -0.790594 -0.596880 8
2.030082 -0.672613 -0.560280 8
2.003733 -0.577515 -0.530650 8
2.008898 -0.361583 -0.463920 8
2.010475 -0.142762 -0.396235 8
1.948881 -0.155301 -0.399479 8
1.860897 -0.278453 -0.436660 10
1.791597 -0.333649 -0.452974 10
1.719624 -0.407161 -0.474904 10
1.665696 -0.403843 -0.473212 10
1.607552 -0.422149 -0.478145 10
1.550226 -0.439210 -0.482676 10
1.489650 -0.477243 -0.493643 10
1.438912 -0.463175 -0.488552 10
1.376291 -0.522549 -0.506061 10
1.304767 -0.650521 -0.544709 10
1.258721 -0.615711 -0.533171 10
1.194609 -0.716065 -0.563307 10
1.148728 -0.681561 -0.551816 10
1.092394 -0.737507 -0.568232 10
1.044638 -0.719131 -0.561672 10
0.995071 -0.717927 -0.560393 10
0.940266 -0.784045 -0.579924 10
0.890808 -0.792584 -0.581627 10
0.843548 -0.767409 -0.572863 10
0.793782 -0.784576 -0.577195 10
0.744262 -0.805339 -0.582626 10
0.696006 -0.797113 -0.579040 10
0.647306 -0.805402 -0.580559 10
0.598146 -0.892762 -0.606644 10
0.550630 -0.922836 -0.614918 10
0.503327 -0.921038 -0.613258 10
0.455851 -0.913778 -0.609870 10
0.408374 -0.911811 -0.608106 10
0.360605 -0.904688 -0.604706 10
0.317577 -0.991681 -0.630679 10
0.269875 -0.976563 -0.624747 10
0.223906 -0.990360 -0.627830 10
0.175760 -0.975302 -0.621857 10
0.132548 -1.017515 -0.633803 10
0.083068 -0.991410 -0.624313 10
0.031680 -0.953989 -0.611227 10
-0.011683 -0.988648 -0.620750 10
-0.055468 -1.015723 -0.627881 10
-0.096808 -1.056792 -0.639408 10
-0.144493 -1.052084 -0.636501 10
-0.190690 -1.057880 -0.636879 10
-0.235344 -1.072682 -0.640078 10
-0.290216 -1.031520 -0.625560 10
-0.338208 -1.030784 -0.623784 10
-0.385661 -1.033620 -0.623109 10
-0.426546 -1.067387 -0.632219 10
-0.488122 -1.007821 -0.611680 10
-0.525779 -1.055056 -0.625025 10
-0.577355 -1.043113 -0.619536 10
-0.619906 -1.067887 -0.625708 10
-0.671087 -1.059610 -0.621319 10
-0.730267 -1.024372 -0.608278 10
-0.775280 -1.041276 -0.611855 10
-0.821305 -1.054538 -0.614244 10
-0.875368 -1.042150 -0.608383 10
-0.948050 -0.974152 -0.584618 10
-0.995881 -0.985656 -0.586323 10
-1.033989 -1.025413 -0.597097 10
-1.085650 -1.025777 -0.595167 10
-1.109682 -1.101881 -0.617654 10
-1.191669 -1.022194 -0.589796 10
-1.234903 -1.046925 -0.595637 10
-1.287664 -1.047631 -0.593669 10
-1.334003 -1.064737 -0.596986 10
-1.400716 -1.034220 -0.584786 10
-1.491738 -0.951008 -0.555343 10
-1.520806 -1.010533 -0.572347 10
-1.573721 -1.016519 -0.571868 9
-1.586989 -1.106621 -0.598886 9
-1.641008 -1.109678 -0.597411 9
-1.611920 -1.279774 -0.650761 9
-1.616060 -1.377790 -0.680537 9
-1.658307 -1.399564 -0.685245 9
-1.652686 -1.510256 -0.719294 9
-1.663313 -1.587281 -0.742289 9
-1.677835 -1.654828 -0.762188 9
-1.755369 -1.611112 -0.745172 9
-1.828076 -1.578518 -0.731749 9
-1.829136 -1.666984 -0.758592 9
-1.909102 -1.624817 -0.741860 9
-1.992902 -1.579424 -0.723935 9
-2.027680 -1.612975 -0.732372 9
-2.067889 -1.637905 -0.737899 9
-2.134410 -1.623790 -0.730249 9
-2.184022 -1.635893 -0.731369 9
-2.262149 -1.608014 -0.718914 9
2.589050 -0.815550 -0.544625 8
2.541006 -0.796003 -0.538428 8
2.473472 -0.825241 -0.547754 8
2.407431 -0.853420 -0.556710 8
2.350937 -0.858962 -0.558418 8
2.279918 -0.905710 -0.573235 8
2.234654 -0.883582 -0.566058 8
2.169549 -0.918992 -0.577201 8
2.116897 -0.920175 -0.577400 8
2.092285 -0.834824 -0.549963 8
2.064571 -0.754428 -0.524070 8
2.031379 -0.687521 -0.502442 8
2.013895 -0.561889 -0.462032 8
2.014785 -0.361017 -0.397554 8
1.980913 -0.275736 -0.369927 8
1.883780 -0.432394 -0.419533 8
1.835673 -0.403211 -0.409758 10
1.776314 -0.420557 -0.414817 10
1.711589 -0.464631 -0.428393 10
1.651043 -0.494460 -0.437392 10
1.594641 -0.507932 -0.441134 10
1.541834 -0.505155 -0.439649 10
1.482390 -0.539656 -0.450068 10
1.428203 -0.548633 -0.452290 10
1.365676 -0.611637 -0.471796 10
1.299953 -0.705514 -0.501186 10
1.249961 -0.701948 -0.499325 10
1.197437 -0.718265 -0.503812 10
1.151553 -0.682913 -0.491690 10
1.099585 -0.697470 -0.495557 10
1.044843 -0.743902 -0.509642 10
0.996707 -0.727854 -0.503626 10
0.939359 -0.825151 -0.534037 10
0.891701 -0.811474 -0.528736 10
0.844020 -0.794447 -0.522320 10
0.793723 -0.825051 -0.531220 10
0.744308 -0.849813 -0.538219 10
0.695898 -0.857874 -0.539810 10
0.647380 -0.881774 -0.546490 10
0.598898 -0.960393 -0.570833 10
0.551900 -0.979951 -0.576084 10
0.505686 -1.032941 -0.592134 10
0.457879 -0.965287 -0.569110 10
0.410928 -0.967780 -0.568758 10
0.362975 -0.946133 -0.560548 10
0.316817 -0.968011 -0.566425 10
0.272372 -1.011097 -0.579173 10
0.224323 -0.993279 -0.572111 10
0.178712 -1.010166 -0.576302 10
0.131059 -1.002222 -0.572385 10
0.082065 -0.983670 -0.564972 10
0.036216 -0.997096 -0.567952 10
-0.010514 -1.002031 -0.568135 10
-0.049998 -1.061249 -0.586036 10
-0.097894 -1.054467 -0.582342 10
-0.144605 -1.057139 -0.581708 10
-0.185496 -1.095674 -0.592804 10
-0.240409 -1.050425 -0.576387 10
-0.275938 -1.115616 -0.596200 10
-0.335128 -1.053983 -0.574299 10
-0.379257 -1.072435 -0.578696 10
-0.431367 -1.053202 -0.570645 10
-0.472586 -1.084505 -0.579226 10
-0.523450 -1.073414 -0.573782 10
-0.574185 -1.064689 -0.569075 10
-0.628498 -1.043797 -0.560292 10
-0.682472 -1.026737 -0.552724 10
-0.732323 -1.026565 -0.550712 10
-0.764577 -1.087573 -0.569008 10
-0.823891 -1.055810 -0.556420 10
-0.868204 -1.074959 -0.560742 10
-0.954154 -0.965697 -0.522154 10
-0.998919 -0.987069 -0.527109 10
-1.015481 -1.089174 -0.559077 10
-1.064534 -1.095276 -0.558901 10
-1.109123 -1.114011 -0.562930 10
-1.211292 -0.981735 -0.516130 10
-1.276712 -0.951637 -0.503572 10
-1.302448 -1.022275 -0.524927 10
-1.378566 -0.969019 -0.504432 10
-1.421500 -0.997159 -0.511384 10
-1.462876 -1.028339 -0.519346 10
-1.558411 -0.939167 -0.486407 10
-1.610823 -0.948514 -0.486834 10
-1.622164 -1.044597 -0.516783 9
-1.680579 -1.040640 -0.512628 10
-1.707035 -1.101659 -0.530640 9
-1.701330 -1.223316 -0.569455 9
-1.713386 -1.306453 -0.595141 9
-1.658721 -1.510329 -0.662421 9
-1.708994 -1.515764 -0.661503 9
-1.716523 -1.597507 -0.686896 9
-1.781632 -1.577048 -0.676966 9
-1.827884 -1.590348 -0.678656 9
-1.843663 -1.654364 -0.697934 9
-1.906912 -1.639944 -0.689920 9
-1.957681 -1.646871 -0.689272 9
-2.015914 -1.642999 -0.684790 9
-2.082151 -1.628235 -0.676414 9
-2.152218 -1.609487 -0.666543 9
-2.201912 -1.622106 -0.667622 9
-2.263487 -1.618442 -0.662896 9
2.572124 -0.873657 -0.500429 8
2.504027 -0.904005 -0.510779 8
2.459091 -0.879327 -0.502821 8
2.411069 -0.862159 -0.497318 8
2.340279 -0.905311 -0.511797 8
2.286874 -0.904684 -0.511707 8
2.225003 -0.928899 -0.519823 8
2.169012 -0.938591 -0.523082 8
2.101430 -0.984807 -0.538425 8
2.074880 -0.907497 -0.512742 8
2.071185 -0.752019 -0.461082 8
2.033522 -0.699627 -0.443590 8
2.027452 -0.534763 -0.388730 8
1.990445 -0.469493 -0.366879 8
1.951901 -0.405753 -0.345493 8
1.878531 -0.473719 -0.367792 10
1.825771 -0.464691 -0.364492 10
1.757228 -0.523115 -0.383557 10
1.687953 -0.591363 -0.405858 10
1.640044 -0.567383 -0.397485 10
1.584261 -0.580692 -0.401465 10
1.532815 -0.573955 -0.398748 10
1.461438 -0.676806 -0.432440 10
1.413002 -0.659632 -0.426187 10
1.351662 -0.721128 -0.446077 10
1.306781 -0.683160 -0.432831 10
1.256558 -0.678530 -0.430645 10
1.203811 -0.693479 -0.434946 10
1.156135 -0.669822 -0.426346 10
1.099916 -0.720314 -0.442434 10
1.046377 -0.755293 -0.453326 10
0.993177 -0.795422 -0.465914 10
0.944637 -0.788213 -0.462670 10
0.895016 -0.795448 -0.464215 10
0.843437 -0.839170 -0.477929 10
0.793919 -0.859971 -0.483957 10
0.745502 -0.864320 -0.484451 10
0.695246 -0.936488 -0.507629 10
0.647398 -0.959167 -0.514216 10
0.599810 -1.006152 -0.528932 10
0.553151 -1.037809 -0.538489 10
0.506759 -1.037827 -0.537401 10
0.460769 -1.057084 -0.542745 10
0.414206 -1.046886 -0.538156 10
0.365912 -1.001210 -0.521583 10
0.319754 -1.015072 -0.525011 10
0.272944 -1.014792 -0.523642 10
0.225478 -1.006370 -0.519488 10
0.183785 -1.070712 -0.539872 10
0.133053 -1.024427 -0.522858 10
0.082172 -0.986726 -0.508684 10
0.038948 -1.024263 -0.519931 10
-0.002573 -1.070208 -0.534015 10
-0.049216 -1.071695 -0.533005 10
-0.102092 -1.030608 -0.517496 10
-0.149504 -1.031242 -0.516107 10
-0.182883 -1.117758 -0.543912 10
-0.236830 -1.077575 -0.528567 10
-0.269134 -1.159268 -0.554730 10
-0.327360 -1.101038 -0.533127 10
-0.373930 -1.105967 -0.533033 10
-0.415685 -1.133453 -0.540624 10
-0.466730 -1.118509 -0.533654 10
-0.522257 -1.087004 -0.520945 10
-0.571992 -1.082328 -0.517384 10
-0.623944 -1.070414 -0.511286 10
-0.664487 -1.102469 -0.520277 10
-0.718791 -1.084135 -0.511872 10
-0.746842 -1.157762 -0.535168 10
-0.810604 -1.109409 -0.516295 10
-0.888924 -1.019118 -0.482802 10
-0.920861 -1.078240 -0.500998 10
-0.961057 -1.109886 -0.509660 10
-1.043258 -1.019856 -0.475970 10
-1.115702 -0.963575 -0.453892 10
-1.167022 -0.968652 -0.453115 10
-1.231256 -0.940663 -0.440729 10
-1.271186 -0.976967 -0.450766 10
-1.328534 -0.969282 -0.445361 10
-1.379447 -0.978451 -0.445809 10
-1.419900 -1.012485 -0.454960 10
-1.505779 -0.942808 -0.427529 10
-1.540185 -0.991359 -0.441705 10
-1.601353 -0.980960 -0.435021 10
-1.626446 -1.047622 -0.455576 9
-1.646555 -1.122146 -0.478948 9
-1.707145 -1.113518 -0.472766 9
-1.780744 -1.081127 -0.458031 9
-1.728941 -1.288767 -0.528941 9
-1.779316 -1.298772 -0.529328 9
-1.678745 -1.581767 -0.627603 9
-1.713607 -1.613940 -0.636061 9
-1.796510 -1.562880 -0.614509 9
-1.803955 -1.642166 -0.639879 9
-1.878104 -1.609133 -0.624652 9
-1.923282 -1.625202 -0.627113 9
-1.966230 -1.645111 -0.630921 9
-2.037911 -1.620942 -0.618621 9
-2.125074 -1.575527 -0.598435 9
-2.162237 -1.606859 -0.606201 9
-2.209348 -1.623599 -0.608582 9
-2.326356 -1.541928 -0.574670 9
2.576816 -0.880640 -0.439621 8
2.515296 -0.894678 -0.444984 8
2.456095 -0.904817 -0.448951 8
2.398402 -0.912742 -0.452106 8
2.344110 -0.913205 -0.452640 8
2.291852 -0.909190 -0.451583 8
2.229972 -0.932956 -0.460063 8
2.167222 -0.961814 -0.470252 8
2.107208 -0.985410 -0.478581 8
2.068158 -0.946631 -0.465362 8
2.056928 -0.816774 -0.420706 8
2.009111 -0.800148 -0.415043 8
1.974770 -0.736739 -0.393211 8
1.919352 -0.745007 -0.396043 8
1.899430 -0.622458 -0.353738 10
1.855329 -0.584690 -0.340611 10
1.788489 -0.636939 -0.358474 10
1.751722 -0.567385 -0.334299 10
1.700214 -0.557764 -0.330743 10
1.640921 -0.584499 -0.339682 10
1.579453 -0.625685 -0.353566 10
1.520832 -0.657637 -0.364227 10
1.470676 -0.648012 -0.360503 10
1.408370 -0.708590 -0.380970 10
1.348072 -0.765551 -0.400158 10
1.296311 -0.775060 -0.402926 10
1.250326 -0.746129 -0.392373 10
1.201769 -0.733222 -0.387312 10
1.148180 -0.760678 -0.396163 10
1.092406 -0.813938 -0.413908 10
1.039563 -0.849843 -0.425622 10
0.991099 -0.846334 -0.423660 10
0.945427 -0.808010 -0.409598 10
0.890850 -0.886933 -0.436117 10
0.842736 -0.885473 -0.434751 10
0.792320 -0.930842 -0.449591 10
0.744783 -0.927508 -0.447503 10
0.696787 -0.938546 -0.450366 10
0.648775 -0.963242 -0.457941 10
0.601069 -1.011069 -0.473531 10
0.554247 -0.987514 -0.464262 10
0.507502 -1.013262 -0.472111 10
0.461708 -1.059657 -0.487129 10
0.415986 -1.079398 -0.492835 10
0.368376 -1.045250 -0.479702 10
0.320402 -1.018279 -0.469017 10
0.275915 -1.056990 -0.481238 10
0.230117 -1.067551 -0.483591 10
0.182052 -1.048913 -0.475684 10
0.138261 -1.081242 -0.485587 10
0.088551 -1.050607 -0.473380 10
0.042901 -1.062172 -0.475930 10
-0.004190 -1.061027 -0.473976 10
-0.047534 -1.088877 -0.482180 10
-0.096984 -1.071310 -0.474364 10
-0.137201 -1.116625 -0.488662 10
-0.178452 -1.150838 -0.499031 10
-0.231878 -1.112516 -0.483752 10
-0.269919 -1.162055 -0.499478 10
-0.329688 -1.096648 -0.474490 10
-0.369243 -1.136357 -0.486672 10
-0.405733 -1.187161 -0.502779 10
-0.458090 -1.164641 -0.492821 10
-0.500339 -1.187293 -0.498872 10
-0.556471 -1.153311 -0.484712 10
-0.610211 -1.132209 -0.475067 10
-0.649705 -1.166167 -0.485025 10
-0.713849 -1.111115 -0.463117 10
-0.753399 -1.144923 -0.472941 10
-0.803649 -1.142050 -0.469585 10
-0.881407 -1.053104 -0.435239 10
-0.922537 -1.083299 -0.443622 10
-0.986012 -1.046301 -0.427761 10
-1.059690 -0.983432 -0.402459 10
-1.111177 -0.987042 -0.401066 10
-1.156521 -1.007928 -0.405873 10
-1.228298 -0.959636 -0.385544 10
-1.228511 -1.096269 -0.432302 10
-1.295595 -1.061702 -0.416838 10
-1.360139 -1.036144 -0.404550 10
-1.426205 -1.009469 -0.391755 10
-1.471760 -1.031602 -0.396721 10
-1.553134 -0.974818 -0.372705 10
-1.599743 -0.996498 -0.377371 10
-1.657101 -0.995696 -0.373716 10
-1.697557 -1.030378 -0.383077 10
-1.694856 -1.150003 -0.423819 9
-1.758547 -1.136392 -0.415307 9
-1.756696 -1.248242 -0.453276 9
-1.753689 -1.357966 -0.490556 9
-1.694041 -1.565529 -0.564424 9
-1.752934 -1.556115 -0.557467 9
-1.778474 -1.605422 -0.572414 9
-1.860071 -1.559405 -0.551574 9
-1.874887 -1.626064 -0.572983 9
-1.921975 -1.639016 -0.574166 9
-1.978456 -1.637689 -0.569887 9
-2.024107 -1.654092 -0.572244 9
-2.130956 -1.578893 -0.539712 9
-2.193519 -1.573087 -0.533394 9
-2.267882 -1.551637 -0.520988 9
-2.339377 -1.536244 -0.510761 9
2.549726 -0.962156 -0.405223 8
2.499308 -0.951219 -0.402050 8
2.444224 -0.952256 -0.403119 8
2.397621 -0.932749 -0.396771 8
2.345869 -0.926630 -0.395171 8
2.275565 -0.971451 -0.411762 8
2.194785 -1.049449 -0.440169 8
2.162616 -0.993134 -0.420438 8
2.115624 -0.978278 -0.415502 8
2.065655 -0.972578 -0.413795 8
1.992188 -1.042600 -0.439124 8
1.990522 -0.880735 -0.381464 8
1.957928 -0.814004 -0.357790 8
1.958088 -0.626007 -0.290709 10
1.908367 -0.609289 -0.284828 10
1.856017 -0.602392 -0.282409 10
1.806755 -0.583446 -0.275630 10
1.755438 -0.572504 -0.271663 10
1.699118 -0.583687 -0.275556 10
1.605492 -0.770138 -0.342078 10
1.556931 -0.756912 -0.337151 10
1.512075 -0.724170 -0.325195 10
1.470074 -0.673152 -0.306648 10
1.413061 -0.703533 -0.317174 10
1.352411 -0.761097 -0.337386 10
1.293572 -0.815631 -0.356476 10
1.254642 -0.739121 -0.328603 10
1.210622 -0.690167 -0.310538 10
1.150428 -0.766901 -0.337453 10
1.099022 -0.779855 -0.341477 10
1.038756 -0.884106 -0.378196 10
0.990356 -0.882177 -0.376809 10
0.940671 -0.896649 -0.381263 10
0.891369 -0.910856 -0.385580 10
0.842789 -0.918819 -0.387614 10
0.791080 -0.993688 -0.413653 10
0.744955 -0.967402 -0.403299 10
0.697547 -0.967402 -0.402347 10
0.650464 -0.951687 -0.395693 10
0.602474 -1.000962 -0.412399 10
0.555399 -0.958686 -0.396079 10
0.507700 -0.938228 -0.387564 10
0.461711 -1.018148 -0.415227 10
0.417431 -1.101420 -0.444097 10
0.370799 -1.088473 -0.438181 10
0.324988 -1.097240 -0.440069 10
0.278693 -1.096161 -0.438350 10
0.233486 -1.111254 -0.442446 10
0.184822 -1.081597 -0.430272 10
0.138561 -1.085220 -0.430115 10
0.093858 -1.104065 -0.435444 10
0.045218 -1.085649 -0.427185 10
0.002817 -1.121551 -0.438641 10
-0.041402 -1.139228 -0.443433 10
-0.086387 -1.149924 -0.445642 10
-0.137042 -1.123455 -0.434237 10
-0.181070 -1.141249 -0.438945 10
-0.225026 -1.158212 -0.443312 10
-0.272178 -1.156978 -0.440974 10
-0.320734 -1.149620 -0.436337 10
-0.355548 -1.210111 -0.456564 10
-0.411808 -1.167274 -0.438791 10
-0.455570 -1.183924 -0.442832 10
-0.493419 -1.224654 -0.455713 10
-0.547116 -1.199454 -0.444237 10
-0.608162 -1.149087 -0.423375 10
-0.663888 -1.123200 -0.411468 10
-0.707915 -1.141564 -0.415884 10
-0.754589 -1.150469 -0.416748 10
-0.829348 -1.067581 -0.383426 10
-0.884627 -1.053061 -0.375413 10
-0.947734 -1.016571 -0.359124 10
-0.993515 -1.034626 -0.363108 10
-1.042486 -1.043369 -0.363563 10
-1.103244 -1.019917 -0.351893 10
-1.159831 -1.010074 -0.345235 10
-1.201010 -1.041887 -0.354166 10
-1.268253 -1.007034 -0.337945 10
-1.303476 -1.053686 -0.352376 10
-1.367684 -1.029668 -0.340068 10
-1.404036 -1.072522 -0.352994 10
-1.489604 -1.003162 -0.323297 10
-1.537025 -1.022200 -0.327051 10
-1.582744 -1.044929 -0.332161 10
-1.631649 -1.060915 -0.334650 10
-1.714701 -1.007882 -0.310657 9
-1.742240 -1.068361 -0.330044 9
-1.737604 -1.189041 -0.372594 9
-1.658867 -1.444485 -0.467201 9
-1.693767 -1.479962 -0.477204 9
-1.698805 -1.568379 -0.507684 9
-1.764771 -1.546901 -0.495592 9
-1.803539 -1.573999 -0.502270 9
-1.860111 -1.571089 -0.497208 9
-1.907475 -1.584406 -0.498394 9
-1.951151 -1.604074 -0.502003 9
-2.014344 -1.593385 -0.493626 9
-2.082123 -1.577196 -0.482960 9
-2.140232 -1.577262 -0.478583 9
-2.177812 -1.608513 -0.486462 9
-2.242542 -1.600586 -0.478734 9
-2.293480 -1.613478 -0.479177 9
2.480489 -1.014271 -0.362531 8
2.412896 -1.047521 -0.375818 8
2.363493 -1.037528 -0.372959 8
2.317007 -1.020307 -0.367357 8
2.260879 -1.029062 -0.371349 8
2.201834 -1.047508 -0.378878 8
2.152782 -1.039404 -0.376492 8
2.102773 -1.034588 -0.375270 8
2.049144 -1.041562 -0.378366 8
1.995635 -1.049624 -0.381809 8
1.983159 -0.923780 -0.335558 8
1.946546 -0.872104 -0.316758 8
1.950498 -0.673007 -0.243283 10
1.876427 -0.747749 -0.271231 10
1.853599 -0.632101 -0.228583 10
1.806833 -0.603769 -0.218231 10
1.759477 -0.576387 -0.208174 10
1.655753 -0.795750 -0.289459 10
1.604334 -0.795995 -0.289524 10
1.554371 -0.790181 -0.287290 10
1.514880 -0.731078 -0.265261 10
1.462547 -0.735742 -0.266800 10
1.405443 -0.769348 -0.279010 10
1.354580 -0.770117 -0.279000 10
1.305728 -0.758856 -0.274478 10
1.254453 -0.763881 -0.275940 10
1.200080 -0.794039 -0.286671 10
1.147652 -0.814365 -0.293707 10
1.099278 -0.803177 -0.289002 10
1.039186 -0.906024 -0.326572 10
0.988757 -0.927183 -0.333784 10
0.940733 -0.924986 -0.332276 10
0.890750 -0.950777 -0.341117 10
0.841630 -0.971975 -0.348207 10
0.794978 -0.953737 -0.340585 10
0.747243 -0.954163 -0.339852 10
0.699754 -0.947641 -0.336481 10
0.651966 -0.950572 -0.336579 10
0.603620 -1.019955 -0.361401 10
0.556605 -0.970527 -0.341881 10
0.509292 -0.986748 -0.346793 10
0.461333 -0.957488 -0.334671 10
0.416459 -1.046448 -0.366676 10
0.373204 -1.131437 -0.397193 10
0.325973 -1.106967 -0.386726 10
0.278024 -1.079845 -0.375200 10
0.231122 -1.075730 -0.372233 10
0.187668 -1.115213 -0.385575 10
0.139874 -1.100097 -0.378379 10
0.096820 -1.134762 -0.389839 10
0.052259 -1.150712 -0.394226 10
0.008630 -1.172366 -0.400721 10
-0.040687 -1.149176 -0.390266 10
-0.085722 -1.159767 -0.392492 10
-0.128527 -1.184167 -0.399890 10
-0.170042 -1.214138 -0.409362 10
-0.230558 -1.133510 -0.376909 10
-0.272654 -1.161530 -0.385532 10
-0.308274 -1.220249 -0.405780 10
-0.361310 -1.190069 -0.392228 10
-0.405749 -1.203044 -0.395016 10
-0.447212 -1.228666 -0.402578 10
-0.495088 -1.226157 -0.399369 10
-0.550749 -1.193709 -0.384655 10
-0.588706 -1.232492 -0.397108 10
-0.663583 -1.133635 -0.356784 10
-0.717279 -1.118021 -0.348238 10
-0.769070 -1.110960 -0.342897 10
-0.821603 -1.102912 -0.337101 10
-0.859393 -1.142896 -0.349751 10
-0.915901 -1.124039 -0.339652 10
-0.964956 -1.129337 -0.338805 10
-1.030363 -1.088633 -0.320064 10
-1.114178 -1.000646 -0.282837 10
-1.155807 -1.031918 -0.291801 10
-1.224693 -0.991587 -0.272829 10
-1.288685 -0.966954 -0.259850 10
-1.340425 -0.974723 -0.259426 10
-1.401162 -0.961700 -0.250784 10
-1.451281 -0.974966 -0.252360 10
-1.515691 -0.956440 -0.241361 10
-1.560514 -0.982805 -0.247945 10
-1.631528 -0.953058 -0.232311 10
-1.714652 -0.900777 -0.207612 10
-1.735566 -0.978085 -0.234156 9
-1.759097 -1.047486 -0.257597 9
-1.828720 -1.025891 -0.244789 9
-1.668775 -1.437463 -0.404942 9
-1.750463 -1.387650 -0.380964 9
-1.773348 -1.446439 -0.400405 9
-1.768627 -1.551792 -0.438611 9
-1.779306 -1.627050 -0.464789 9
-1.824662 -1.642041 -0.466640 9
-1.888503 -1.627221 -0.456328 9
-1.920413 -1.665028 -0.467292 9
-2.039828 -1.565685 -0.422284 9
-2.124160 -1.525262 -0.401045 9
-2.185849 -1.521484 -0.394634 9
-2.208168 -1.576516 -0.412299 9
-2.260089 -1.587997 -0.412005 9
-2.306863 -1.607329 -0.414869 9
2.549143 -0.999206 -0.292810 8
2.501687 -0.981346 -0.287155 8
2.426150 -1.032558 -0.308064 8
2.361848 -1.059398 -0.319490 8
2.294207 -1.097598 -0.335211 8
2.220676 -1.155018 -0.358246 8
2.173199 -1.144773 -0.355169 8
2.136926 -1.102723 -0.339806 8
2.088361 -1.095238 -0.337676 8
2.017801 -1.155599 -0.361547 8
1.980438 -1.115891 -0.346915 8
2.001947 -0.880649 -0.257177 8
1.948451 -0.884568 -0.259206 8
1.911361 -0.831631 -0.239359 8
1.883967 -0.739667 -0.204491 10
1.831883 -0.735873 -0.203384 10
1.776826 -0.744688 -0.207050 10
1.724594 -0.743472 -0.206807 10
1.683902 -0.692530 -0.187440 10
1.615688 -0.764232 -0.215026 10
1.566235 -0.753551 -0.210970 10
1.514369 -0.755009 -0.211506 10
1.450285 -0.823483 -0.237672 10
1.417095 -0.724642 -0.199639 10
1.353607 -0.798338 -0.227691 10
1.297939 -0.832270 -0.240443 10
1.242189 -0.872669 -0.255620 10
1.186891 -0.916951 -0.272236 10
1.136081 -0.933136 -0.278021 10
1.080820 -0.992814 -0.300445 10
1.043674 -0.888196 -0.259749 10
0.988434 -0.958019 -0.285965 10
0.941088 -0.949618 -0.282090 10
0.891892 -0.965709 -0.287569 10
0.843196 -0.979980 -0.292298 10
0.794840 -0.994269 -0.296981 10
0.746823 -1.008386 -0.301548 10
0.699452 -1.011713 -0.301910 10
0.649755 -1.135737 -0.348717 10
0.604041 -1.113074 -0.338977 10
0.557870 -1.098238 -0.332191 10
0.511209 -1.066764 -0.318919 10
0.464760 -1.076929 -0.321658 10
0.417812 -1.065200 -0.315884 10
0.373637 -1.126988 -0.338482 10
0.328096 -1.138666 -0.341663 10
0.282804 -1.151322 -0.345173 10
0.233572 -1.106716 -0.326432 10
0.188962 -1.130036 -0.333964 10
0.143546 -1.140355 -0.336404 10
0.099795 -1.165581 -0.344589 10
0.049211 -1.126930 -0.327875 10
0.003192 -1.132413 -0.328265 10
-0.041089 -1.150831 -0.333644 10
-0.082365 -1.188208 -0.346378 10
-0.124780 -1.214080 -0.354587 10
-0.174914 -1.190999 -0.343606 10
-0.230601 -1.140059 -0.321631 10
-0.265141 -1.208852 -0.346500 10
-0.310745 -1.215141 -0.346830 10
-0.359462 -1.206709 -0.341315 10
-0.404451 -1.217004 -0.343099 10
-0.441187 -1.263155 -0.358963 10
-0.499922 -1.214564 -0.337414 10
-0.540916 -1.241637 -0.345653 10
-0.619617 -1.123556 -0.296395 10
-0.666620 -1.131873 -0.297039 10
-0.716450 -1.130521 -0.293783 10
-0.767122 -1.127345 -0.289728 10
-0.810369 -1.149564 -0.295710 10
-0.862880 -1.141984 -0.289758 10
-0.933414 -1.081061 -0.262402 10
-0.980456 -1.094195 -0.264532 10
-1.037794 -1.078167 -0.254906 10
-1.098310 -1.055368 -0.242456 10
-1.177735 -0.984496 -0.210540 10
-1.251318 -0.934013 -0.186654 10
-1.289769 -0.975772 -0.199872 10
-1.342414 -0.981529 -0.198492 10
-1.412192 -0.947384 -0.180843 10
-1.474753 -0.932804 -0.170997 10
-1.508088 -0.985597 -0.188476 10
-1.592944 -0.924216 -0.159341 10
-1.655569 -0.914356 -0.151076 10
-1.706217 -0.930889 -0.153513 10
-1.726150 -1.009656 -0.181455 9
-1.799645 -0.980230 -0.164872 9
-1.904108 -0.893930 -0.124636 10
-1.856641 -1.097393 -0.204069 9
-1.760251 -1.381690 -0.317358 9
-1.785376 -1.436853 -0.335801 9
-1.801547 -1.506107 -0.360135 9
-1.808994 -1.588082 -0.389835 9
-1.831988 -1.641504 -0.407636 9
-1.878532 -1.655250 -0.408764 9
-1.927933 -1.664877 -0.408076 9
-2.046372 -1.567727 -0.362129 9
-2.109549 -1.559958 -0.353741 9
-2.187992 -1.530888 -0.336146 9
-2.221196 -1.570081 -0.347487 9
-2.250153 -1.614797 -0.361167 9
-2.312734 -1.611826 -0.354351 9
2.519171 -1.086470 -0.263997 8
2.458191 -1.102864 -0.272002 8
2.404836 -1.102560 -0.273255 8
2.350214 -1.106453 -0.276108 8
2.269412 -1.179630 -0.306499 8
2.218781 -1.177508 -0.306787 8
2.174388 -1.158984 -0.300475 8
2.124484 -1.155959 -0.300267 8
2.067272 -1.175267 -0.308872 8
2.045732 -1.088003 -0.275043 8
1.995336 -1.086697 -0.275327 8
1.945744 -1.083635 -0.274845 8
1.929158 -0.969137 -0.230059 8
1.903005 -0.880471 -0.195488 8
1.889573 -0.738922 -0.139890 10
1.825523 -0.780225 -0.156776 10
1.773969 -0.776243 -0.155628 10
1.725317 -0.760802 -0.149868 10
1.670837 -0.770369 -0.153955 10
1.612565 -0.799251 -0.165628 10
1.563219 -0.789100 -0.161762 10
1.504047 -0.828736 -0.177561 10
1.446389 -0.865735 -0.192247 10
1.396483 -0.864061 -0.191543 10
1.350334 -0.840405 -0.182061 10
1.301721 -0.830432 -0.177936 10
1.237009 -0.931523 -0.217774 10
1.191968 -0.902420 -0.205940 10
1.141250 -0.915340 -0.210703 10
1.085372 -0.977206 -0.234819 10
1.033514 -1.013370 -0.248688 10
0.985828 -1.013424 -0.248173 10
0.936963 -1.028792 -0.253675 10
0.891518 -1.001856 -0.242320 10
0.842914 -1.018223 -0.248099 10
0.794380 -1.040774 -0.256280 10
0.748748 -1.004612 -0.241060 10
0.700690 -1.024436 -0.248039 10
0.652675 -1.063202 -0.262503 10
0.606026 -1.046465 -0.254817 10
0.559047 -1.081132 -0.267547 10
0.512641 -1.103251 -0.275229 10
0.466198 -1.102442 -0.273712 10
0.420299 -1.120474 -0.279656 10
0.373346 -1.104868 -0.272106 10
0.327737 -1.122340 -0.277713 10
0.283237 -1.152742 -0.288443 10
0.238859 -1.176997 -0.296669 10
0.193509 -1.184253 -0.298033 10
0.142487 -1.129709 -0.274541 10
0.098067 -1.150869 -0.281351 10
0.046849 -1.109239 -0.262868 10
0.007221 -1.168819 -0.285019 10
-0.040228 -1.161912 -0.280367 10
-0.082929 -1.189603 -0.289597 10
-0.128755 -1.194328 -0.289514 10
-0.177820 -1.179821 -0.281593 10
-0.222002 -1.195563 -0.285833 10
-0.271997 -1.179353 -0.277073 10
-0.319888 -1.176399 -0.273606 10
-0.355736 -1.232361 -0.293998 10
-0.407213 -1.212478 -0.283529 10
-0.459924 -1.189977 -0.271900 10
-0.497593 -1.232818 -0.286825 10
-0.561927 -1.166971 -0.257330 10
-0.605469 -1.186628 -0.262660 10
-0.681961 -1.085253 -0.218349 10
-0.708560 -1.167844 -0.249324 10
-0.768836 -1.131367 -0.231387 10
-0.815334 -1.143342 -0.233269 10
-0.866723 -1.140045 -0.228788 10
-0.934061 -1.089536 -0.204715 10
-0.979252 -1.108296 -0.209151 10
-1.051898 -1.048911 -0.181128 10
-1.106870 -1.042818 -0.175063 10
-1.175418 -1.001950 -0.154424 10
-1.223661 -1.016975 -0.156933 10
-1.309617 -0.937637 -0.119946 10
-1.343703 -0.990113 -0.137913 10
-1.412972 -0.957485 -0.120166 10
-1.481755 -0.928826 -0.103929 10
-1.528014 -0.953154 -0.109862 10
-1.596963 -0.927875 -0.094784 10
-1.686202 -0.862005 -0.062368 10
-1.693660 -0.969465 -0.103248 9
-1.757727 -0.958689 -0.093947 9
-1.775296 -1.040775 -0.124097 9
-1.857729 -0.995821 -0.100010 9
-1.857134 -1.109176 -0.143536 9
-1.808557 -1.305681 -0.222913 9
-1.779084 -1.460032 -0.284459 9
-1.784271 -1.548030 -0.317589 9
-1.787424 -1.636479 -0.351007 9
-1.831036 -1.654815 -0.354071 9
-1.885632 -1.655537 -0.349390 9
-1.960019 -1.625882 -0.331317 9
-2.039124 -1.591265 -0.310866 9
-2.087527 -1.605804 -0.311799 9
-2.202772 -1.521599 -0.269097 9
-2.236721 -1.560180 -0.280335 9
-2.296254 -1.561894 -0.275179 9
-2.361151 -1.557213 -0.267035 9
2.492023 -1.166708 -0.234109 8
2.454232 -1.129837 -0.220547 8
2.377621 -1.186580 -0.245584 8
2.324955 -1.187538 -0.247483 8
2.261066 -1.218601 -0.261713 8
2.227530 -1.171572 -0.243673 8
2.189676 -1.134418 -0.229647 8
2.139550 -1.130719 -0.229328 8
2.060792 -1.211895 -0.263832 8
2.004116 -1.232507 -0.273332 8
1.935787 -1.292205 -0.298804 8
1.945332 -1.103173 -0.222070 8
1.934474 -0.969901 -0.168214 8
1.914817 -0.858170 -0.123165 8
1.853774 -0.889817 -0.136863 8
1.817605 -0.830325 -0.113120 10
1.763320 -0.838694 -0.117122 10
1.718665 -0.808806 -0.105376 10
1.662287 -0.828097 -0.113704 10
1.612453 -0.820418 -0.110909 10
1.560863 -0.821367 -0.111575 10
1.510762 -0.815873 -0.109530 10
1.446795 -0.884819 -0.137886 10
1.395984 -0.888518 -0.139458 10
1.346230 -0.887284 -0.138940 10
1.288184 -0.940170 -0.160507 10
1.241389 -0.924088 -0.153771 10
1.188929 -0.948561 -0.163570 10
1.144892 -0.910238 -0.147585 10
1.096553 -0.903681 -0.144538 10
1.040417 -0.972220 -0.172186 10
0.990870 -0.986133 -0.177394 10
0.943465 -0.978546 -0.173724 10
0.892645 -1.017004 -0.188865 10
0.845617 -1.007978 -0.184471 10
0.797486 -1.017706 -0.187702 10
0.749364 -1.033016 -0.193162 10
0.702554 -1.017113 -0.185739 10
0.653029 -1.117882 -0.226188 10
0.606485 -1.132272 -0.231098 10
0.560242 -1.113126 -0.222151 10
0.513799 -1.113659 -0.221228 10
0.467764 -1.134259 -0.228505 10
0.418830 -1.047982 -0.191671 10
0.373047 -1.082255 -0.204445 10
0.328525 -1.128118 -0.221957 10
0.285214 -1.179089 -0.241540 10
0.238326 -1.166732 -0.234904 10
0.190195 -1.143282 -0.223599 10
0.143910 -1.145780 -0.222957 10
0.094664 -1.119983 -0.210514 10
0.049186 -1.132891 -0.214044 10
0.010923 -1.202573 -0.241101 10
-0.045423 -1.128060 -0.208177 10
-0.094959 -1.112084 -0.199486 10
-0.131591 -1.181992 -0.226504 10
-0.172550 -1.217888 -0.239323 10
-0.220183 -1.212639 -0.234914 10
-0.274020 -1.175782 -0.217202 10
-0.323720 -1.164646 -0.210150 10
-0.374927 -1.148327 -0.200835 10
-0.414552 -1.187208 -0.214606 10
-0.459794 -1.198987 -0.216946 10
-0.513726 -1.174609 -0.203993 10
-0.565546 -1.161611 -0.195729 10
-0.607156 -1.189382 -0.204589 10
-0.665414 -1.155156 -0.187171 10
-0.705716 -1.187418 -0.197800 10
-0.780066 -1.103375 -0.159018 10
-0.833370 -1.094769 -0.152105 10
-0.874934 -1.124517 -0.161426 10
-0.926816 -1.121954 -0.156914 10
-0.978290 -1.121718 -0.153301 10
-1.054003 -1.053858 -0.120631 10
-1.119370 -1.019630 -0.102186 10
-1.220988 -0.892247 -0.043531 10
-1.258224 -0.939388 -0.059744 10
-1.284543 -1.012073 -0.086963 10
-1.346782 -0.994417 -0.075123 10
-1.429780 -0.929846 -0.042803 10
-1.497341 -0.905302 -0.027642 10
-1.541199 -0.936029 -0.036389 10
-1.650572 -0.823996 0.017235 10
-1.686320 -0.874547 0.000070 10
-1.756857 -0.851985 0.014990 10
-1.803604 -0.879427 0.008098 9
-1.874867 -0.858675 0.022517 9
-1.835004 -1.052132 -0.057553 9
-1.883268 -1.073279 -0.061588 9
-1.812291 -1.311219 -0.161864 9
-1.792740 -1.447800 -0.217431 9
-1.834565 -1.472736 -0.223329 9
-2.229306 -0.900138 0.038573 9
-1.892431 -1.565020 -0.253990 9
-1.961296 -1.545069 -0.239515 9
-2.020729 -1.541986 -0.232477 9
-2.095790 -1.515962 -0.214884 9
-2.168887 -1.495144 -0.199442 9
-2.211982 -1.520737 -0.204974 9
-2.272398 -1.521294 -0.198965 9
-2.315855 -1.547004 -0.204361 9
-2.374220 -1.552112 -0.200178 9
2.506239 -1.151473 -0.165031 8
2.434560 -1.193889 -0.185087 8
2.374134 -1.212433 -0.194827 8
2.317331 -1.224017 -0.201493 8
2.281616 -1.182923 -0.185617 8
2.240973 -1.153366 -0.174595 8
2.161129 -1.230448 -0.208873 8
2.105006 -1.246352 -0.217010 8
2.041728 -1.285231 -0.234816 8
2.055844 -1.093418 -0.154580 8
1.979870 -1.171382 -0.188825 8
1.950259 -1.105378 -0.161901 8
1.915152 -1.053890 -0.141079 8
1.916021 -0.873381 -0.065541 8
1.872595 -0.840687 -0.052580 10
1.805455 -0.896255 -0.076905 10
1.750989 -0.907467 -0.082363 10
1.716035 -0.839959 -0.054440 10
1.651409 -0.895606 -0.078530 10
1.609340 -0.855227 -0.061931 10
1.555423 -0.868272 -0.067842 10
1.503311 -0.874617 -0.070840 10
1.457589 -0.848680 -0.060118 10
1.405345 -0.857373 -0.063951 10
1.341603 -0.937070 -0.097706 10
1.299134 -0.892370 -0.078824 10
1.244866 -0.923138 -0.091752 10
1.191691 -0.951556 -0.103613 10
1.141979 -0.957953 -0.106094 10
1.093129 -0.958921 -0.106206 10
1.043367 -0.969816 -0.110441 10
0.993035 -0.990182 -0.118608 10
0.945995 -0.976977 -0.112505 10
0.889730 -1.087819 -0.158808 10
0.839924 -1.132865 -0.177222 10
0.791864 -1.163197 -0.189349 10
0.745709 -1.163828 -0.188834 10
0.702257 -1.079473 -0.152234 10
0.654691 -1.109110 -0.163857 10
0.607658 -1.147297 -0.179046 10
0.561438 -1.120767 -0.166715 10
0.515128 -1.140756 -0.174052 10
0.470267 -1.212379 -0.203270 10
0.420860 -1.088446 -0.149298 10
0.372842 -1.061649 -0.136514 10
0.327594 -1.100396 -0.151552 10
0.287013 -1.202558 -0.193568 10
0.241971 -1.214334 -0.197026 10
0.189933 -1.139256 -0.163340 10
0.142443 -1.130758 -0.157971 10
0.100825 -1.181624 -0.177911 10
0.052611 -1.166095 -0.169391 10
0.012710 -1.220894 -0.190921 10
-0.031433 -1.236573 -0.195641 10
-0.084559 -1.189063 -0.173158 10
-0.128443 -1.208103 -0.179167 10
-0.178285 -1.189836 -0.169056 10
-0.229457 -1.167125 -0.156930 10
-0.277210 -1.166081 -0.154050 10
-0.327034 -1.155608 -0.147012 10
-0.373361 -1.163817 -0.147962 10
-0.413580 -1.199864 -0.160901 10
-0.461714 -1.199164 -0.157853 10
-0.507714 -1.208254 -0.158974 10
-0.564404 -1.175182 -0.141668 10
-0.621671 -1.143595 -0.124877 10
-0.689471 -1.077154 -0.092734 10
-0.746800 -1.053422 -0.079082 10
-0.778580 -1.118383 -0.104156 10
-0.829298 -1.118177 -0.100634 10
-0.890014 -1.087676 -0.083696 10
-0.961230 -1.028527 -0.053993 10
-1.038431 -0.956839 -0.018559 10
-1.088552 -0.967275 -0.019208 10
-1.111230 -1.053089 -0.053160 10
-1.196946 -0.967608 -0.011121 10
-1.236740 -1.006281 -0.024041 10
-1.350131 -0.860228 0.045421 10
-1.391082 -0.899026 0.032703 10
-1.440420 -0.916973 0.029363 10
-1.488951 -0.936842 0.025245 10
-1.553140 -0.921882 0.036874 10
-1.659330 -0.817886 0.088803 10
-1.716413 -0.823967 0.091339 10
-1.704162 -0.973223 0.029126 9
-1.802087 -0.895565 0.069776 10
-1.861403 -0.898234 0.074164 10
-1.810931 -1.110818 -0.017169 9
-1.854732 -1.139204 -0.024547 9
-1.886447 -1.189243 -0.041799 9
-1.774607 -1.491996 -0.175405 9
-1.807725 -1.531273 -0.188003 9
-1.855279 -1.545424 -0.188932 9
-1.896644 -1.570194 -0.194695 9
-1.967496 -1.547375 -0.178207 9
-2.047863 -1.511648 -0.155471 9
-2.082490 -1.549091 -0.166794 9
-2.155593 -1.528002 -0.150533 9
-2.224922 -1.514511 -0.137633 9
-2.302881 -1.490280 -0.119436 9
-2.351280 -1.509993 -0.121884 9
2.476688 -1.236670 -0.139281 8
2.407100 -1.275931 -0.158757 8
2.373195 -1.232086 -0.141452 8
2.329402 -1.211285 -0.134241 8
2.279863 -1.204977 -0.133331 8
2.243892 -1.163346 -0.116801 8
2.152010 -1.272809 -0.166583 8
2.096647 -1.287370 -0.174538 8
2.047963 -1.284396 -0.174703 8
2.012136 -1.243399 -0.158118 8
1.965778 -1.233326 -0.155014 8
1.947841 -1.131504 -0.111671 8
1.917291 -1.065327 -0.083887 8
1.869816 -1.054000 -0.080028 8
1.850785 -0.939546 -0.031022 8
1.827440 -0.832840 0.014640 8
1.777586 -0.822398 0.018323 10
1.709654 -0.886493 -0.010438 10
1.653570 -0.906509 -0.019861 10
1.607143 -0.885789 -0.011424 10
1.552599 -0.902523 -0.019238 10
1.500994 -0.907317 -0.021758 10
1.453577 -0.891455 -0.015188 10
1.402926 -0.892815 -0.016042 10
1.347929 -0.921246 -0.028609 10
1.297182 -0.927415 -0.031390 10
1.231829 -1.035162 -0.078353 10
1.180493 -1.057443 -0.087993 10
1.134926 -1.038401 -0.079544 10
1.090480 -1.007070 -0.065657 10
1.045454 -0.975942 -0.051776 10
0.994583 -1.001002 -0.062308 10
0.943329 -1.037848 -0.077905 10
0.890194 -1.111801 -0.109618 10
0.842711 -1.121215 -0.113108 10
0.793792 -1.162663 -0.130508 10
0.748185 -1.146755 -0.122796 10
0.700887 -1.174756 -0.134185 10
0.654452 -1.190468 -0.140137 10
0.608601 -1.183729 -0.136200 10
0.562604 -1.191017 -0.138319 10
0.516820 -1.205159 -0.143367 10
0.470865 -1.197093 -0.138615 10
0.424396 -1.178446 -0.129142 10
0.378582 -1.186111 -0.131123 10
0.331550 -1.167759 -0.121608 10
0.290389 -1.251583 -0.156894 10
0.240132 -1.185924 -0.126428 10
0.195978 -1.211621 -0.136041 10
0.149785 -1.210483 -0.133772 10
0.109256 -1.265175 -0.156039 10
0.059083 -1.226027 -0.136854 10
0.012357 -1.222035 -0.133086 10
-0.035827 -1.208729 -0.125112 10
-0.083410 -1.202356 -0.120111 10
-0.123823 -1.243629 -0.136142 10
-0.179116 -1.191320 -0.110595 10
-0.231809 -1.160821 -0.094598 10
-0.280277 -1.157133 -0.090409 10
-0.305742 -1.270364 -0.138222 10
-0.360120 -1.234990 -0.119780 10
-0.395118 -1.291840 -0.142410 10
-0.446136 -1.275024 -0.132062 10
-0.508762 -1.212720 -0.101216 10
-0.552322 -1.231968 -0.106794 10
-0.629698 -1.122623 -0.054498 10
-0.689331 -1.087407 -0.035323 10
-0.721677 -1.151060 -0.060589 10
-0.785315 -1.105823 -0.036655 10
-0.853720 -1.049418 -0.007491 10
-0.897480 -1.074861 -0.015243 10
-0.943276 -1.093400 -0.019795 10
-1.034753 -0.978671 0.036390 10
-1.064791 -1.045464 0.010103 10
-1.137811 -0.991803 0.038855 10
-1.184369 -1.012411 0.033813 10
-1.282319 -0.901104 0.089388 10
-1.335179 -0.909543 0.090231 10
-1.389383 -0.915310 0.092415 10
-1.443193 -0.922745 0.093943 10
-1.531235 -0.852774 0.131432 10
-1.583968 -0.866036 0.130572 10
-1.642099 -0.868042 0.135056 10
-1.705070 -0.860888 0.143948 10
-1.899170 -0.586732 0.277879 9
-1.943928 -0.625684 0.265803 10
-2.031041 -0.581499 0.292877 9
-1.931551 -0.894769 0.151690 9
-1.843828 -1.172245 0.026762 9
-1.865093 -1.240662 0.000368 9
-1.791586 -1.474126 -0.104554 9
-1.829299 -1.506188 -0.113921 9
-1.873288 -1.527272 -0.117981 9
-1.909696 -1.560929 -0.127986 9
-1.957461 -1.575889 -0.128937 9
-2.040227 -1.536260 -0.103406 9
-2.134890 -1.481193 -0.070103 9
-2.137796 -1.567557 -0.105236 9
-2.229637 -1.520552 -0.075396 9
-2.274523 -1.544255 -0.079850 9
-2.363248 -1.506385 -0.053939 9
2.439628 -1.216911 -0.069850 8
2.368356 -1.261160 -0.092293 8
2.329216 -1.229259 -0.079964 8
2.290070 -1.196438 -0.067145 8
2.259133 -1.140925 -0.043958 8
2.140462 -1.321616 -0.127788 8
2.117752 -1.245449 -0.095041 8
2.047829 -1.302235 -0.122418 8
1.995598 -1.310749 -0.127833 8
1.947547 -1.307815 -0.127975 8
1.938634 -1.179480 -0.071411 8
1.905352 -1.123922 -0.047667 8
1.904061 -0.953895 0.027755 8
1.876452 -0.866262 0.066052 10
1.818798 -0.885394 0.056314 10
1.768006 -0.880250 0.057611 8
1.716883 -0.877004 0.058147 8
1.669920 -0.856592 0.066498 10
1.612051 -0.884290 0.053304 10
1.548833 -0.941145 0.027103 10
1.504700 -0.909886 0.040609 10
1.454860 -0.906146 0.041834 10
1.394936 -0.959251 0.017613 10
1.345609 -0.957124 0.018298 10
1.295317 -0.961786 0.016022 10
1.247155 -0.953605 0.019604 10
1.199846 -0.938877 0.026214 10
1.140101 -1.021268 -0.010708 10
1.084244 -1.085977 -0.039607 10
1.037375 -1.079003 -0.036222 10
0.982171 -1.159533 -0.072069 10
0.938592 -1.122849 -0.055169 10
0.889076 -1.157247 -0.070130 10
0.841669 -1.170568 -0.075540 10
0.794170 -1.191811 -0.084433 10
0.748362 -1.184570 -0.080434 10
0.702473 -1.176111 -0.075800 10
0.657103 -1.136499 -0.057051 10
0.609486 -1.224525 -0.095712 10
0.563771 -1.230928 -0.097534 10
0.518424 -1.262592 -0.110672 10
0.472728 -1.244487 -0.101281 10
0.427337 -1.249654 -0.102307 10
0.382655 -1.270392 -0.110292 10
0.336226 -1.249375 -0.099320 10
0.289462 -1.230861 -0.089383 10
0.241813 -1.206276 -0.076598 10
0.199869 -1.257916 -0.098271 10
0.154762 -1.264758 -0.099569 10
0.109465 -1.269237 -0.099713 10
0.056003 -1.202133 -0.067224 10
0.012257 -1.225242 -0.075650 10
-0.033105 -1.233645 -0.077309 10
-0.080570 -1.227273 -0.072146 10
-0.132536 -1.193867 -0.054538 10
-0.178032 -1.204328 -0.056864 10
-0.224002 -1.211751 -0.057718 10
-0.279787 -1.167153 -0.034636 10
-0.318329 -1.214792 -0.053752 10
-0.373483 -1.179370 -0.034645 10
-0.416004 -1.205498 -0.043733 10
-0.468362 -1.187658 -0.032485 10
-0.521193 -1.170389 -0.021377 10
-0.576981 -1.143896 -0.005876 10
-0.628564 -1.136409 0.000962 10
-0.684353 -1.115234 0.014268 10
-0.721022 -1.163201 -0.004427 10
-0.804308 -1.052363 0.050860 10
-0.852003 -1.065427 0.048640 10
-0.931998 -0.978007 0.093476 10
-0.981961 -0.987850 0.093037 10
-1.028280 -1.008626 0.087568 10
-1.080578 -1.012259 0.090240 10
-1.168969 -0.918481 0.138923 10
-1.257788 -0.830424 0.185217 10
-1.325354 -0.803078 0.203095 10
-1.389296 -0.787421 0.215620 10
-1.430368 -0.828841 0.201187 10
-1.459669 -0.896550 0.174277 10
-1.579551 -0.755556 0.247028 10
-1.668554 -0.691686 0.283330 10
-1.718040 -0.717461 0.276908 10
-1.864229 -0.540329 0.368220 10
-1.895258 -0.608694 0.341691 10
-2.039058 -0.450400 0.424806 9
-2.031829 -0.594250 0.361936 9
-1.937703 -0.896655 0.221713 9
-1.931279 -1.023684 0.166382 9
-1.901299 -1.188223 0.092500 9
-1.961325 -1.187824 0.099255 9
-1.858313 -1.468602 -0.032255 9
-1.897394 -1.499128 -0.040869 9
-1.903883 -1.582778 -0.075738 9
-2.000696 -1.519003 -0.037425 9
-2.058885 -1.519667 -0.030872 9
-2.114823 -1.524861 -0.026412 9
-2.160817 -1.545848 -0.029724 9
-2.288235 -1.447725 0.027117 9
-2.359532 -1.435457 0.041073 9
-2.408678 -1.455987 0.038617 9
2.424717 -1.269278 -0.030953 8
2.409572 -1.179565 0.008646 8
2.332628 -1.238376 -0.021395 8
2.252212 -1.310614 -0.057549 8
2.182053 -1.361379 -0.083474 8
2.145350 -1.325665 -0.068819 8
2.103821 -1.302090 -0.059761 8
2.065493 -1.268642 -0.046014 8
2.014445 -1.271896 -0.049300 8
1.940619 -1.346876 -0.085891 8
1.915400 -1.272269 -0.052706 8
1.880104 -1.226543 -0.032906 8
1.909241 -0.955348 0.091753 8
1.862962 -0.934662 0.099998 8
1.806731 -0.950547 0.091359 10
1.769271 -0.895431 0.115771 10
1.715932 -0.901209 0.112022 10
1.663689 -0.903844 0.109834 10
1.604428 -0.939198 0.092587 10
1.545884 -0.975779 0.074884 10
1.499505 -0.956850 0.082993 10
1.446639 -0.970784 0.075982 10
1.398738 -0.959746 0.080627 10
1.343507 -0.991600 0.065519 10
1.296539 -0.976585 0.072196 10
1.246964 -0.977991 0.071369 10
1.192525 -1.015985 0.053710 10
1.134973 -1.085846 0.021403 10
1.091182 -1.050897 0.037676 10
1.043696 -1.044893 0.040650 10
0.986497 -1.140563 -0.003333 10
0.940990 -1.122808 0.005257 10
0.890538 -1.167594 -0.015012 10
0.848748 -1.092115 0.020488 10
0.801729 -1.086090 0.023927 10
0.752828 -1.121997 0.008029 10
0.704797 -1.155148 -0.006514 10
0.657012 -1.209587 -0.030853 10
0.611964 -1.126364 0.008746 10
0.565013 -1.194739 -0.021902 10
0.518859 -1.196108 -0.021371 10
0.472067 -1.164514 -0.005431 10
0.424550 -1.131538 0.011260 10
0.380277 -1.196266 -0.017408 10
0.335631 -1.228016 -0.030669 10
0.288257 -1.205499 -0.018568 10
0.242432 -1.211889 -0.019845 10
0.196750 -1.219253 -0.021489 10
0.151338 -1.228710 -0.024025 10
0.096232 -1.143500 0.017806 10
0.052486 -1.174474 0.005407 10
0.010775 -1.217399 -0.012527 10
-0.040719 -1.182164 0.006266 10
-0.086079 -1.194983 0.002618 10
-0.130029 -1.215942 -0.004776 10
-0.180076 -1.198666 0.005910 10
-0.232054 -1.173519 0.020427 10
-0.266775 -1.243531 -0.009854 10
-0.319603 -1.216165 0.005916 10
-0.370293 -1.202671 0.015255 10
-0.425644 -1.170362 0.033638 10
-0.471722 -1.181911 0.031345 10
-0.525729 -1.160763 0.044693 10
-0.569258 -1.183557 0.037248 10
-0.628477 -1.146293 0.058534 10
-0.673715 -1.163495 0.053959 10
-0.741476 -1.102079 0.087111 10
-0.789165 -1.113327 0.085629 10
-0.871730 -1.012430 0.138139 10
-0.946792 -0.942967 0.175819 10
-1.013402 -0.904636 0.198735 10
-1.075746 -0.882257 0.214142 10
-1.152659 -0.821541 0.248297 10
-1.223719 -0.781624 0.272613 10
-1.281220 -0.780907 0.278082 10
-1.347833 -0.758088 0.294471 10
-1.405669 -0.759430 0.299248 10
-1.488970 -0.700638 0.333628 10
-1.552988 -0.691305 0.344011 10
-1.602689 -0.716110 0.337768 10
-1.647205 -0.752148 0.326080 10
-2.163127 0.224759 0.815630 9
-2.190639 0.127946 0.775259 9
-2.104044 -0.197588 0.621058 9
-2.055468 -0.432453 0.511388 9
-1.923923 -0.817329 0.326211 9
-1.937353 -0.910941 0.286224 9
-2.017557 -0.878286 0.309670 9
-1.898610 -1.206093 0.151479 9
-1.940613 -1.237314 0.142594 9
-1.928372 -1.361090 0.086782 9
-1.928354 -1.459826 0.043501 9
-1.958946 -1.505133 0.027379 9
-2.016157 -1.506972 0.033577 9
-2.068986 -1.516681 0.035902 9
-2.116799 -1.534737 0.034067 9
-2.244310 -1.434111 0.093883 9
-2.360940 -1.354904 0.143138 9
-2.556616 -1.167314 0.249521 9
2.435082 -1.262648 0.035699 8
2.366972 -1.299324 0.015167 8
2.317115 -1.294222 0.014997 8
2.266430 -1.291910 0.013593 8
2.214466 -1.293787 0.010283 8
2.165099 -1.289756 0.009935 8
2.108277 -1.307215 -0.000646 8
2.076085 -1.255872 0.021981 8
1.985338 -1.376393 -0.037879 8
2.162126 -0.681318 0.293873 8
1.905873 -1.320673 -0.014677 8
1.865000 -1.294869 -0.003936 8
1.850482 -1.177227 0.050861 8
1.866306 -0.942384 0.161757 8
1.817923 -0.928568 0.166935 8
1.752609 -0.980464 0.140816 10
1.701188 -0.981509 0.139119 10
1.673626 -0.882086 0.185488 10
1.608735 -0.940585 0.156570 10
1.562416 -0.918912 0.166020 10
1.505027 -0.950625 0.150115 10
1.444354 -1.004047 0.123977 10
1.395927 -0.997046 0.126748 10
1.352190 -0.962541 0.142724 10
1.303797 -0.953584 0.146626 10
1.242869 -1.028628 0.110621 10
1.188138 -1.071301 0.090139 10
1.135772 -1.103471 0.074761 10
1.094400 -1.048297 0.101077 10
1.045008 -1.058567 0.096324 10
0.997758 -1.049659 0.100804 10
0.949440 -1.052030 0.100009 10
0.900288 -1.067166 0.093230 10
0.848862 -1.123631 0.066847 10
0.801911 -1.119776 0.069303 10
0.754360 -1.128867 0.065683 10
0.706125 -1.165600 0.048968 10
0.659443 -1.168129 0.048660 10
0.613018 -1.154613 0.056108 10
0.566289 -1.158162 0.055505 10
0.519677 -1.167210 0.052368 10
0.472705 -1.148842 0.062435 10
0.429160 -1.258437 0.011364 10
0.382682 -1.239626 0.021819 10
0.338577 -1.275992 0.005936 10
0.291074 -1.245470 0.022206 10
0.245548 -1.252190 0.020718 10
0.198123 -1.235017 0.030802 10
0.151318 -1.229273 0.035501 10
0.099249 -1.174758 0.063783 10
0.053720 -1.188495 0.059328 10
0.008337 -1.201947 0.055098 10
-0.042645 -1.172838 0.071509 10
-0.087044 -1.193920 0.063789 10
-0.132687 -1.205081 0.060951 10
-0.186618 -1.166250 0.082433 10
-0.226753 -1.210362 0.063818 10
-0.267335 -1.247978 0.048410 10
-0.314843 -1.247780 0.051459 10
-0.374256 -1.192054 0.081677 10
-0.428381 -1.166564 0.097328 10
-0.479086 -1.159087 0.104324 10
-0.539914 -1.111699 0.130985 10
-0.580037 -1.150586 0.115531 10
-0.627055 -1.161247 0.113996 10
-0.686276 -1.127989 0.134172 10
-0.770696 -1.010960 0.195821 10
-0.824068 -1.007255 0.201841 10
-0.894271 -0.950751 0.234120 10
-0.946408 -0.955230 0.236407 10
-1.023851 -0.884727 0.276066 10
-1.089917 -0.852866 0.296770 10
-1.148138 -0.846071 0.305179 10
-1.223034 -0.795633 0.335563 10
-1.620123 -0.689923 0.423730 10
-2.151919 0.031183 0.812198 9
-2.130046 -0.160089 0.722185 9
-2.059033 -0.440186 0.586174 9
-1.944027 -0.792382 0.412370 9
-1.976921 -0.850210 0.389877 9
-2.031030 -0.867490 0.388423 9
-2.065722 -0.919919 0.368824 9
-1.955889 -1.223737 0.218067 9
-1.900481 -1.421588 0.121957 9
-1.950504 -1.435597 0.121921 9
-2.052281 -1.365745 0.166225 9
-2.090569 -1.401285 0.155237 9
-2.155952 -1.394202 0.166942 9
-2.304863 -1.261452 0.245825 9
-2.404342 -1.209300 0.282349 9
-2.493556 -1.175596 0.309409 9
-2.601552 -1.117846 0.349800 9
2.473960 -1.312514 0.078168 8
2.420465 -1.314113 0.074238 8
2.377330 -1.292133 0.082199 8
2.335728 -1.266097 0.092279 8
2.269510 -1.301698 0.071795 8
2.216423 -1.306289 0.066884 8
2.168413 -1.298509 0.068241 8
2.113219 -1.311138 0.059594 8
2.062323 -1.313255 0.056284 8
1.984438 -1.396546 0.012942 8
2.177556 -0.654362 0.377719 8
1.895447 -1.371731 0.021331 8
1.861178 -1.325571 0.042327 8
1.831563 -1.260800 0.072571 8
1.805011 -1.180846 0.110357 8
1.801195 -1.010727 0.192578 8
1.753558 -0.996733 0.198007 10
1.694950 -1.026895 0.181836 10
1.665242 -0.938378 0.224106 10
1.617459 -0.922549 0.230749 10
1.553224 -0.982939 0.200084 10
1.508812 -0.953233 0.213765 10
1.446591 -1.013729 0.183301 10
1.399759 -0.997650 0.190516 10
1.357381 -0.954431 0.211141 10
1.299789 -1.001413 0.187654 10
1.237697 -1.086213 0.145749 10
1.191345 -1.071558 0.152696 10
1.139964 -1.094671 0.141241 10
1.097233 -1.049270 0.163462 10
1.048374 -1.053136 0.161648 10
0.998182 -1.072640 0.152274 10
0.948098 -1.096634 0.140803 10
0.899772 -1.104920 0.137131 10
0.853506 -1.084999 0.147390 10
0.803287 -1.131242 0.125309 10
0.754277 -1.173034 0.105500 10
0.706735 -1.197980 0.094046 10
0.660257 -1.199998 0.093941 10
0.614287 -1.164898 0.112168 10
0.567459 -1.204172 0.093963 10
0.520998 -1.192419 0.100930 10
0.473596 -1.145411 0.125351 10
0.425904 -1.122669 0.137957 10
0.380424 -1.167507 0.117389 10
0.333045 -1.157290 0.124035 10
0.292957 -1.270248 0.070020 10
0.243234 -1.216992 0.098095 10
0.200273 -1.260212 0.078636 10
0.148423 -1.198953 0.110928 10
0.102204 -1.205412 0.109851 10
0.053815 -1.192558 0.118447 10
0.010118 -1.220348 0.106995 10
-0.037557 -1.215314 0.111928 10
-0.085974 -1.206830 0.118690 10
-0.138093 -1.176825 0.136289 10
-0.192810 -1.136086 0.159387 10
-0.236721 -1.161676 0.149540 10
-0.282849 -1.173561 0.146623 10
-0.323688 -1.211465 0.130781 10
-0.382779 -1.159980 0.159813 10
-0.435574 -1.142822 0.171805 10
-0.479474 -1.166345 0.163487 10
-0.543448 -1.106527 0.197229 10
-0.607598 -1.052169 0.228440 10
-0.649682 -1.086067 0.215268 10
-0.709988 -1.052628 0.236255 10
-0.761494 -1.053202 0.240184 10
-0.833707 -0.985827 0.278772 10
-0.862996 -1.061938 0.244574 10
-0.970277 -0.892599 0.335578 10
-1.038569 -0.852300 0.361110 10
-1.142029 -0.714345 0.436902 10
-1.153185 -0.843926 0.375802 10
-2.155779 -0.123521 0.824893 9
-2.139811 -0.295708 0.742184 9
-2.091979 -0.521861 0.630506 9
-1.992694 -0.834618 0.472202 9
-2.017682 -0.905991 0.442018 9
-1.956587 -1.128837 0.330629 9
-1.935827 -1.271985 0.261519 9
-1.978150 -1.302205 0.253016 9
-2.038746 -1.301787 0.261189 9
-2.089288 -1.318868 0.260066 9
-2.158732 -1.306330 0.275235 9
-2.312262 -1.165046 0.361102 9
-2.419838 -1.100961 0.405380 9
-2.460780 -1.139816 0.393424 9
2.420009 -1.332704 0.128885 8
2.381672 -1.299475 0.142705 8
2.329952 -1.297982 0.140338 8
2.272418 -1.312036 0.130142 8
2.217619 -1.320863 0.122771 8
2.134458 -1.407162 0.075966 8
2.092607 -1.385863 0.084294 8
2.048785 -1.369727 0.090091 8
1.998768 -1.371733 0.086757 8
1.950014 -1.370968 0.084956 8
1.889279 -1.409064 0.063529 8
1.855563 -1.362106 0.085434 8
1.811835 -1.346637 0.091444 8
1.783167 -1.277360 0.124828 8
1.810441 -0.996310 0.265528 8
1.755095 -1.010816 0.256567 8
1.714635 -0.967598 0.276934 10
1.663766 -0.965260 0.276733 8
1.605155 -0.997939 0.258961 10
1.553765 -1.001359 0.256100 10
1.495005 -1.042222 0.234460 10
1.445730 -1.039587 0.234900 10
1.402444 -1.004769 0.251687 10
1.352315 -1.006403 0.250200 10
1.309019 -0.966749 0.269642 10
1.254270 -0.998660 0.253121 10
1.202041 -1.018369 0.242869 10
1.137229 -1.140018 0.181364 10
1.097205 -1.074724 0.214175 10
1.044894 -1.111746 0.195540 10
0.993223 -1.151201 0.175788 10
0.947362 -1.133962 0.184714 10
0.900977 -1.119765 0.192217 10
0.855810 -1.083193 0.211113 10
0.808516 -1.072393 0.217131 10
0.761167 -1.058631 0.224756 10
0.709491 -1.166173 0.171285 10
0.662267 -1.179713 0.165335 10
0.615385 -1.189638 0.161313 10
0.568799 -1.157316 0.178740 10
0.522114 -1.193695 0.161562 10
0.475085 -1.172700 0.173493 10
0.429007 -1.199588 0.161310 10
0.380595 -1.155106 0.185366 10
0.331487 -1.116293 0.206691 10
0.286833 -1.164400 0.184067 10
0.238741 -1.151382 0.192546 10
0.197561 -1.226435 0.156397 10
0.148423 -1.199751 0.172034 10
0.098809 -1.174821 0.186917 10
0.055169 -1.207668 0.172494 10
0.007823 -1.206160 0.175676 10
-0.038825 -1.210924 0.175772 10
-0.091658 -1.173659 0.197468 10
-0.139116 -1.176580 0.198754 10
-0.185709 -1.185180 0.197244 10
-0.239338 -1.154321 0.216096 10
-0.279108 -1.200933 0.195292 10
-0.336788 -1.154168 0.222606 10
-0.380803 -1.177717 0.213869 10
-0.428182 -1.184765 0.213739 10
-0.503533 -1.072413 0.275466 10
-0.548900 -1.093644 0.268323 10
-0.586537 -1.144171 0.246075 10
-0.636595 -1.144944 0.249729 10
-0.724251 -1.011636 0.323327 10
-0.767008 -1.044605 0.310584 10
-0.893083 -0.799550 0.443220 10
-0.941446 -0.821929 0.436460 10
-1.050464 -0.656758 0.528217 10
-2.127593 -0.468501 0.739281 9
-2.115570 -0.619006 0.665537 9
-1.975681 -0.996691 0.466563 9
-2.032273 -1.007663 0.468798 9
-1.965783 -1.233183 0.352442 9
-2.023069 -1.239275 0.357344 9
-2.043062 -1.308053 0.327498 9
-2.136505 -1.255910 0.365245 9
2.367082 -1.351703 0.180018 8
2.323920 -1.330435 0.187896 8
2.286008 -1.295722 0.202970 8
2.213945 -1.348104 0.172295 8
2.150246 -1.382506 0.151283 8
2.092622 -1.403393 0.137547 8
2.044092 -1.400771 0.136296 8
1.993698 -1.404404 0.131897 8
1.941546 -1.414590 0.124203 8
1.893182 -1.414502 0.122016 8
1.853320 -1.387502 0.134006 8
1.821348 -1.332507 0.160701 8
1.776856 -1.318321 0.166198 8
1.786438 -1.104716 0.275672 8
1.770604 -0.971321 0.343359 8
1.705214 -1.025874 0.313326 8
1.668563 -0.965787 0.343045 8
1.624087 -0.935306 0.357475 10
1.551270 -1.033902 0.305001 10
1.499419 -1.041793 0.299774 10
1.470315 -0.934399 0.354477 10
1.411971 -0.974748 0.332650 10
1.355102 -1.012595 0.312259 10
1.306816 -1.003388 0.316387 10
1.259661 -0.986342 0.324696 10
1.204953 -1.021527 0.306066 10
1.162367 -0.969874 0.332541 10
1.090706 -1.154655 0.236674 10
1.040522 -1.178212 0.224434 10
0.996466 -1.144984 0.241719 10
0.945373 -1.185567 0.220890 10
0.906110 -1.083233 0.274209 10
0.856704 -1.103278 0.264250 10
0.806517 -1.146173 0.242561 10
0.759470 -1.139831 0.246501 10
0.710881 -1.175945 0.228541 10
0.665858 -1.093094 0.272399 10
0.618197 -1.080518 0.279935 10
0.570275 -1.068042 0.287542 10
0.522664 -1.125415 0.258984 10
0.475718 -1.154668 0.245128 10
0.428663 -1.160084 0.243768 10
0.382257 -1.179714 0.235122 10
0.336532 -1.205470 0.223388 10
0.289574 -1.203021 0.226452 10
0.244833 -1.233057 0.212687 10
0.198383 -1.235505 0.213418 10
0.149411 -1.211163 0.228266 10
0.101531 -1.203249 0.234662 10
0.062297 -1.273242 0.200384 10
0.009068 -1.220327 0.230587 10
-0.037297 -1.227168 0.229608 10
-0.094936 -1.157043 0.269187 10
-0.148581 -1.122804 0.290099 10
-0.193630 -1.144958 0.281474 10
-0.234854 -1.186688 0.262620 10
-0.292977 -1.135676 0.292825 10
-0.331394 -1.189141 0.267967 10
-0.374498 -1.215891 0.257309 10
-0.458646 -1.056990 0.345254 10
-0.546424 -0.898572 0.433345 10
-0.590948 -0.931787 0.419835 10
-0.642004 -0.937649 0.420998 10
-0.705830 -0.896345 0.447494 10
-0.763633 -0.880973 0.460340 10
-0.824634 -0.856821 0.478078 10
-0.900548 -0.786151 0.521013 10
-0.984687 -0.695484 0.575024 10
-2.009564 -1.062009 0.512065 9
-2.052568 -1.096334 0.501325 9
-2.039479 -1.225121 0.436678 9
-2.115323 -1.303916 0.409458 9
2.362048 -1.381220 0.228874 8
2.299611 -1.407118 0.211234 8
2.252573 -1.397138 0.213237 8
2.201204 -1.398666 0.209140 8
2.140331 -1.426502 0.190969 8
2.069072 -1.485582 0.156111 8
2.020881 -1.484218 0.154065 8
1.987034 -1.441676 0.174330 8
1.946702 -1.416739 0.185207 8
1.886377 -1.453756 0.162895 8
1.846584 -1.427540 0.174703 8
1.813470 -1.377603 0.199336 8
1.811839 -1.213726 0.285108 8
1.798888 -1.078725 0.355400 8
1.761355 -1.027110 0.381101 10
1.718722 -0.992249 0.397940 10
1.672970 -0.968181 0.409124 8
1.624129 -0.956312 0.413915 10
1.571225 -0.962954 0.408957 10
1.522244 -0.952257 0.413384 10
1.476247 -0.926063 0.426201 10
1.401738 -1.052539 0.357787 10
1.358677 -1.014440 0.377218 10
1.310544 -1.003430 0.382340 10
1.258920 -1.014840 0.375651 10
1.208512 -1.020337 0.372241 10
1.163331 -0.987543 0.389338 10
1.113641 -0.987581 0.389087 10
1.061128 -1.014539 0.374638 10
1.014668 -0.986628 0.389513 10
0.960352 -1.042747 0.359798 10
0.911790 -1.040431 0.361304 10
0.864615 -1.017379 0.373972 10
0.805480 -1.201840 0.276284 10
0.763493 -1.092670 0.335048 10
0.715430 -1.094023 0.335090 10
0.667645 -1.085857 0.340327 10
0.619386 -1.101666 0.332908 10
0.571523 -1.094667 0.337771 10
0.523824 -1.127041 0.321749 10
0.476781 -1.158697 0.306214 10
0.429507 -1.160354 0.306810 10
0.381245 -1.137217 0.320786 10
0.332799 -1.121069 0.331163 10
0.291992 -1.236410 0.271268 10
0.246392 -1.251650 0.265043 10
0.197600 -1.225086 0.281350 10
0.147326 -1.189583 0.302607 10
0.096470 -1.156691 0.322623 10
0.051662 -1.183661 0.310598 10
0.002971 -1.175915 0.317366 10
-0.049003 -1.146177 0.336130 10
-0.108513 -1.070422 0.379905 10
-0.152573 -1.103957 0.364842 10
-0.201999 -1.102284 0.368923 10
-0.234415 -1.196504 0.321175 10
-0.290275 -1.157741 0.345590 10
-0.345196 -1.128790 0.364869 10
-0.400952 -1.099858 0.384325 10
-0.489956 -0.926040 0.482959 10
-0.543078 -0.922540 0.489042 10
-0.576752 -0.999444 0.451304 10
-0.662919 -0.866501 0.528554 10
-0.744354 -0.763368 0.589856 10
2.400607 -1.308546 0.334765 8
2.299532 -1.424914 0.265898 8
2.241667 -1.441923 0.252775 8
2.180690 -1.468939 0.234266 8
2.136855 -1.453320 0.239646 8
2.071876 -1.495358 0.213152 8
2.028597 -1.479946 0.218708 8
1.989822 -1.451277 0.231726 8
1.937019 -1.463893 0.222020 8
1.895284 -1.443722 0.230579 8
2.069973 -0.720399 0.627199 8
1.828943 -1.343799 0.280883 8
1.807023 -1.249813 0.330404 8
1.782014 -1.160268 0.377528 8
1.782301 -0.967666 0.481360 8
1.722661 -0.997235 0.463136 10
1.666533 -1.015944 0.451042 10
1.618220 -1.003350 0.456276 10
1.566062 -1.008107 0.452131 10
1.504911 -1.057800 0.423510 10
1.458619 -1.038245 0.432977 10
1.398329 -1.092979 0.401909 10
1.352704 -1.071349 0.412783 10
1.302454 -1.076114 0.409346 10
1.251104 -1.089730 0.401206 10
1.199892 -1.105408 0.392075 10
1.156870 -1.062050 0.415349 10
1.114885 -1.003241 0.447193 10
1.058931 -1.061534 0.415169 10
1.009838 -1.063938 0.413821 10
0.957544 -1.104257 0.391885 10
0.911751 -1.072564 0.409434 10
0.861920 -1.092279 0.399017 10
0.814042 -1.085583 0.403166 10
0.764406 -1.115462 0.387445 10
0.717045 -1.099055 0.397164 10
0.667782 -1.148174 0.371161 10
0.620442 -1.132936 0.380498 10
0.572614 -1.176969 0.357509 10
0.524897 -1.115815 0.392266 10
0.477798 -1.159641 0.369628 10
0.429454 -1.129421 0.387717 10
0.381532 -1.126905 0.390746 10
0.333794 -1.130007 0.390823 10
0.286755 -1.144386 0.384828 10
0.239029 -1.145791 0.386092 10
0.194855 -1.190848 0.363445 10
0.148873 -1.207024 0.356806 10
0.099524 -1.188338 0.369520 10
0.050336 -1.175469 0.379176 10
-0.001465 -1.144883 0.398780 10
-0.060142 -1.069597 0.443307 10
-0.106267 -1.091682 0.434099 10
-0.155400 -1.092624 0.436736 10
-0.205362 -1.089470 0.441790 10
-0.265519 -1.030951 0.477804 10
-0.318719 -1.016584 0.489450 10
-0.393931 -0.895690 0.560724 10
-0.399598 -1.114986 0.442197 10
-0.485334 -0.956113 0.535161 10
-0.532816 -0.975931 0.528361 10
-0.634932 -0.773246 0.646673 10
2.386232 -1.480105 0.307552 8
2.364059 -1.411986 0.342528 8
2.298029 -1.446204 0.318821 8
2.247129 -1.446038 0.315041 8
2.218897 -1.388996 0.343954 8
2.174589 -1.371642 0.350263 8
2.071568 -1.513726 0.265779 8
2.025979 -1.504950 0.267590 8
1.991176 -1.465183 0.287166 8
1.942499 -1.465272 0.284194 8
1.902814 -1.438289 0.296731 8
1.896464 -1.302475 0.371063 8
1.804118 -1.445799 0.287338 8
1.747677 -1.476179 0.267806 8
1.768845 -1.227869 0.405931 8
1.714002 -1.247336 0.392766 8
1.698495 -1.113729 0.466120 8
1.667238 -1.033936 0.509169 8
1.625468 -0.993057 0.530381 10
1.570226 -1.010528 0.518865 10
1.515608 -1.027852 0.507593 10
1.480595 -0.948572 0.550800 10
1.431384 -0.937249 0.555915 10
1.378495 -0.946513 0.549606 10
1.330786 -0.926453 0.559916 10
1.275085 -0.956674 0.542135 10
1.221902 -0.974809 0.531292 10
1.170881 -0.980487 0.527588 10
1.117709 -1.005964 0.512917 10
1.065795 -1.025967 0.501463 10
1.013963 -1.050448 0.487637 10
0.962328 -1.079595 0.471334 10
0.916710 -1.040443 0.493487 10
0.866121 -1.063800 0.480707 10
0.815446 -1.098478 0.461706 10
0.765959 -1.124354 0.447776 10
0.716672 -1.161238 0.427792 10
0.670455 -1.105705 0.459844 10
0.622041 -1.124594 0.450233 10
0.574240 -1.077715 0.477726 10
0.525254 -1.007001 0.518788 10
0.475681 -0.987777 0.531054 10
0.427408 -1.028690 0.509608 10
0.379846 -1.066426 0.490062 10
0.333196 -1.107158 0.468939 10
0.285271 -1.113605 0.467269 10
0.239350 -1.146986 0.450520 10
0.191356 -1.147438 0.452495 10
0.141529 -1.129010 0.465293 10
0.095529 -1.152157 0.454703 10
0.048855 -1.165989 0.449510 10
-0.017383 -1.022507 0.533741 10
-0.062357 -1.058695 0.516198 10
-0.106642 -1.095162 0.498596 10
-0.165007 -1.038537 0.534126 10
-0.220940 -1.004566 0.556969 10
-0.306551 -0.810932 0.671226 10
-0.361020 -0.803534 0.679416 10
2.294090 -1.473371 0.368458 8
2.254366 -1.445968 0.380479 8
2.193496 -1.471586 0.361466 8
2.157302 -1.435118 0.379092 8
2.077840 -1.514352 0.329043 8
2.033999 -1.500215 0.333908 8
1.990604 -1.484768 0.339674 8
1.941499 -1.486268 0.335688 8
1.905738 -1.447419 0.355371 8
1.864902 -1.422934 0.366795 8
1.803753 -1.465388 0.339424 8
1.774523 -1.401229 0.374175 8
1.731749 -1.381709 0.383103 8
1.732451 -1.197369 0.487701 8
1.709209 -1.091930 0.546567 8
1.674745 -1.023966 0.583802 10
1.615497 -1.057594 0.562388 10
1.566880 -1.047320 0.566527 10
1.519666 -1.030225 0.574753 10
1.473144 -1.008709 0.585673 10
1.432455 -0.954435 0.615633 10
1.376817 -0.979349 0.600054 10
1.329292 -0.959382 0.610510 10
1.270755 -1.009048 0.580986 10
1.222556 -0.995056 0.588301 10
1.171218 -1.003469 0.582859 10
1.121698 -0.999391 0.584761 10
1.070565 -1.010068 0.578315 10
1.023283 -0.985474 0.592325 10
0.971647 -1.004754 0.581222 10
0.914781 -1.097024 0.528240 10
0.868524 -1.062744 0.548266 10
0.819560 -1.064042 0.547952 10
0.770080 -1.078083 0.540442 10
0.720349 -1.108603 0.523577 10
0.671534 -1.129561 0.512355 10
0.624972 -1.023738 0.574374 10
0.575810 -1.017064 0.579393 10
0.526550 -1.017222 0.580619 10
0.478221 -1.069933 0.551643 10
0.430390 -1.101568 0.534957 10
0.380597 -1.067088 0.556622 10
0.328961 -1.011500 0.590675 10
0.280206 -1.023799 0.585613 10
0.230445 -1.019293 0.590430 10
0.180079 -1.009562 0.598432 10
0.137536 -1.087014 0.555977 10
0.089597 -1.097400 0.552564 10
0.039028 -1.083854 0.563213 10
-0.010383 -1.082806 0.566752 10
-0.062347 -1.064178 0.580699 10
-0.116511 -1.034325 0.601380 10
-0.199777 -0.825849 0.726684 10
-0.251362 -0.832399 0.726604 10
-0.329673 -0.691028 0.813392 10
2.274971 -1.536702 0.396210 8
2.243195 -1.491315 0.419341 8
2.210087 -1.447463 0.441631 8
2.145658 -1.483558 0.415853 8
2.085591 -1.511221 0.395390 8
2.051855 -1.468371 0.417494 8
2.018110 -1.423565 0.440868 8
1.960963 -1.446317 0.423873 8
1.905060 -1.467834 0.407818 8
1.837735 -1.528497 0.368570 8
1.802139 -1.489195 0.389221 8
1.761825 -1.464006 0.401566 8
1.739803 -1.371756 0.453972 8
1.740521 -1.187098 0.561405 8
1.687490 -1.197863 0.552637 8
1.687498 -0.992823 0.672211 8
1.642653 -0.961994 0.688371 10
1.571381 -1.048557 0.635055 10
1.523255 -1.035091 0.641253 10
1.481653 -0.988315 0.667332 10
1.434317 -0.967543 0.678150 10
1.384359 -0.960006 0.681286 10
1.336617 -0.939101 0.692485 10
1.263634 -1.079212 0.608642 10
1.218693 -1.046780 0.626988 10
1.174404 -1.005107 0.650939 10
1.130631 -0.952774 0.681335 10
1.078082 -0.970038 0.670767 10
1.026837 -0.979032 0.665243 10
0.975943 -0.987266 0.660326 10
0.920852 -1.051881 0.622261 10
0.873075 -1.030623 0.635069 10
0.827122 -0.970610 0.670932 10
0.776216 -0.990055 0.660008 10
0.724088 -1.056098 0.621691 10
0.675053 -1.056718 0.622186 10
0.625967 -1.062744 0.619635 10
0.577017 -1.068118 0.617620 10
0.528315 -1.093183 0.604097 10
0.479387 -1.076034 0.615717 10
0.429921 -1.053840 0.630491 10
0.379097 -1.010130 0.658197 10
0.328019 -0.981072 0.677399 10
0.276477 -0.955631 0.694636 10
0.215148 -0.802021 0.788251 10
0.165781 -0.834934 0.771205 10
0.113121 -0.825862 0.779294 10
0.061364 -0.828341 0.780675 10
0.006003 -0.799992 0.800618 10
-0.050808 -0.766022 0.824126 10
2.273548 -1.557752 0.449099 8
2.230466 -1.540317 0.455380 8
2.184382 -1.530336 0.457191 8
2.134158 -1.531449 0.452305 8
2.081459 -1.540237 0.442863 8
2.066544 -1.445824 0.497232 8
2.011153 -1.461942 0.483571 8
1.971985 -1.432016 0.498416 8
1.893552 -1.521614 0.440013 8
1.845448 -1.522111 0.436550 8
1.804958 -1.498356 0.448105 8
1.776262 -1.433005 0.485235 8
1.734970 -1.408366 0.497568 8
1.728733 -1.251457 0.590776 8
1.677485 -1.257339 0.584690 8
1.660038 -1.126596 0.662026 8
1.645274 -0.972685 0.753506 8
1.590337 -0.985012 0.743879 10
1.542788 -0.964641 0.754316 10
1.500954 -0.914417 0.783047 10
1.445903 -0.929305 0.772379 10
1.393907 -0.929874 0.770581 10
1.337208 -0.959743 0.751180 10
1.282468 -0.982249 0.736428 10
1.236264 -0.950187 0.754932 10
1.175572 -1.022148 0.710550 10
1.130109 -0.983967 0.733088 10
1.084762 -0.938317 0.760307 10
1.030816 -0.968839 0.741543 10
0.975624 -1.021481 0.709548 10
0.926646 -1.011282 0.715780 10
0.876524 -1.015498 0.713441 10
0.828292 -0.989648 0.729480 10
0.783724 -0.875177 0.799389 10
0.731658 -0.900088 0.785011 10
0.680396 -0.915573 0.776504 10
0.630218 -0.881448 0.798247 10
0.578315 -1.093625 0.670716 10
0.528179 -0.890186 0.795545 10
0.477432 -0.903176 0.789203 10
0.427504 -0.936180 0.770855 10
0.377107 -0.939893 0.770462 10
0.320491 -0.818264 0.846518 10
0.264809 -0.756319 0.886501 10
0.164795 -0.821903 0.851577 10
0.114343 -0.839907 0.843353 10
0.062962 -0.846230 0.842423 10
0.005171 -0.796605 0.875899 10
2.249501 -1.511861 0.540072 8
2.199983 -1.509139 0.537141 8
2.138970 -1.536964 0.515015 8
2.095597 -1.520445 0.521230 8
2.053819 -1.499387 0.530469 8
2.020629 -1.453333 0.555638 8
1.961128 -1.482735 0.533321 8
1.897707 -1.527221 0.501737 8
1.857659 -1.501755 0.514403 8
1.818203 -1.473307 0.529077 8
1.766775 -1.484574 0.518963 8
1.720794 -1.478262 0.520056 8
1.700858 -1.375381 0.581775 8
1.681317 -1.262747 0.649638 8
1.625760 -1.287139 0.631910 8
1.639711 -1.018473 0.797372 8
1.595764 -0.982968 0.817267 10
1.555356 -0.928023 0.849432 10
1.508620 -0.899480 0.865282 10
1.456012 -0.899555 0.863472 10
1.397853 -0.931736 0.841863 10
1.356227 -0.870525 0.878547 10
1.303363 -0.873481 0.875478 10
1.246526 -0.905207 0.854708 10
1.196109 -0.895420 0.859923 10
1.141995 -0.914805 0.847188 10
1.089600 -0.923703 0.841147 10
1.043416 -0.874505 0.871363 10
0.993442 -0.856217 0.882553 10
0.940265 -0.873983 0.871527 10
0.883289 -0.953192 0.822515 10
0.832099 -0.963715 0.816329 10
0.794330 -0.697990 0.981932 10
0.740262 -0.720214 0.968853 10
0.684549 -0.825372 0.904395 10
0.632256 -0.855897 0.886478 10
0.580685 -0.873348 0.876854 10
0.529450 -0.885359 0.870781 10
0.478992 -0.928306 0.845611 10
0.423985 -0.777092 0.941559 10
2.313547 -1.499312 0.621415 8
2.257492 -1.510662 0.608852 8
2.212439 -1.496238 0.613332 8
2.181895 -1.444514 0.642261 8
2.118607 -1.477491 0.616234 8
2.065042 -1.486933 0.605746 8
2.031985 -1.439719 0.632175 8
1.958558 -1.508888 0.583423 8
1.910419 -1.506958 0.580915 8
1.870391 -1.480193 0.594609 8
1.812949 -1.509469 0.572340 8
1.776886 -1.469049 0.595146 8
1.734203 -1.449756 0.604494 8
1.693731 -1.421555 0.619712 8
1.664480 -1.348370 0.663925 8
1.612612 -1.360915 0.653293 8
1.615318 -1.144031 0.789737 8
1.591804 -1.023096 0.864753 10
1.561187 -0.923698 0.926069 10
1.502938 -0.951140 0.906466 10
1.457085 -0.917819 0.925863 10
1.404403 -0.919409 0.923150 10
1.361264 -0.865581 0.955965 10
1.310150 -0.855870 0.960816 10
1.247710 -0.923108 0.916822 10
1.197896 -0.909020 0.924843 10
1.163146 -0.772318 1.011122 10
1.104631 -0.819779 0.980300 10
1.059508 -0.747708 1.025766 10
1.008522 -0.723516 1.040935 10
0.952946 -0.750726 1.023572 10
0.904193 -0.689693 1.062567 10
0.850865 -0.684837 1.065994 10
0.798048 -0.668212 1.077106 10
0.744701 -0.657201 1.084836 10
2.167171 -1.500983 0.674149 8
2.124070 -1.481642 0.682252 8
2.089705 -1.438098 0.706622 8
2.022386 -1.485772 0.670510 8
1.972776 -1.485920 0.666221 8
1.943028 -1.426790 0.701391 8
1.884403 -1.455071 0.678835 8
1.830086 -1.472412 0.663752 8
1.781608 -1.472250 0.660436 8
1.733530 -1.471598 0.657633 8
1.683384 -1.479460 0.649413 8
1.660332 -1.384600 0.708927 8
1.644766 -1.251757 0.793452 8
1.614758 -1.168050 0.845756 8
1.601810 -1.001210 0.952667 8
1.561415 -0.945911 0.986519 8
1.510240 -0.938619 0.989086 8
1.479098 -0.826982 1.060114 10
1.442657 -0.731899 1.120428 8
1.398776 -0.669278 1.159661 10
1.328448 -0.766063 1.094931 10
1.272950 -0.777716 1.086044 10
1.215713 -0.805084 1.067104 10
1.161300 -0.815745 1.059274 10
1.128558 -0.639568 1.173540 10
1.078803 -0.591896 1.204139 10
2.242813 -1.458071 0.778516 8
2.190845 -1.459202 0.772423 8
2.118090 -1.516188 0.728390 8
2.080758 -1.481499 0.747242 8
2.028118 -1.488516 0.737827 8
1.997587 -1.432569 0.771449 8
1.930024 -1.485365 0.731338 8
1.886274 -1.468484 0.738773 8
1.832098 -1.485170 0.723654 8
1.785380 -1.478916 0.724278 8
1.732685 -1.494130 0.710589 8
1.684192 -1.496161 0.706013 8
1.664748 -1.387963 0.775908 8
1.630130 -1.331557 0.810983 8
1.605431 -1.228988 0.877224 8
1.573152 -1.150517 0.927347 8
1.555209 -0.998133 1.027204 8
1.530271 -0.864146 1.114765 8
1.477508 -0.859946 1.115398 8
1.445166 -0.743715 1.191296 10
1.394253 -0.722336 1.203801 10
1.357796 -0.608171 1.278604 10
1.303443 -0.598840 1.283419 10
1.240700 -0.650371 1.247742 10
1.308093 0.322018 1.896857 8
2.137144 -1.485033 0.820433 8
2.081835 -1.497620 0.806531 8
2.032392 -1.495610 0.803072 8
1.983094 -1.494014 0.799539 8
1.935564 -1.487957 0.799323 8
1.894541 -1.462130 0.813044 8
1.843826 -1.466650 0.805872 8
1.783151 -1.506003 0.774783 8
1.734005 -1.509155 0.769021 8
1.690119 -1.494298 0.775916 8
1.659603 -1.428064 0.818460 8
1.650851 -1.269824 0.924563 8
1.597648 -1.283200 0.912407 8
1.546822 -1.288452 0.906066 8
1.528588 -1.144554 1.002521 8
1.468732 -1.188756 0.969748 8
1.472798 -0.909045 1.159685 8
1.451384 -0.735462 1.276736 8
1.439346 -0.485373 1.446343 8
1.394303 -0.407672 1.497807 8
1.373163 -0.158836 1.666731 8
1.346079 0.085908 1.832955 8
1.298163 0.207843 1.915215 8
-1.765773 0.659603 -1.997530 9
-1.724800 0.586190 -1.978198 9
-1.665784 0.534050 -1.974332 9
-1.569521 0.528821 -2.003399 9
-1.518596 0.466932 -1.993225 9
-1.452134 0.424915 -1.997091 9
-1.420956 0.335612 -1.969101 9
-1.345104 0.305955 -1.982014 9
-1.304775 0.227103 -1.962175 9
-1.442197 -0.108700 -1.772689 9
-1.382565 -0.167793 -1.768459 9
-1.358765 -0.281205 -1.729223 9
-1.424307 -0.534843 -1.600244 9
-1.403176 -0.661638 -1.555118 9
-1.333894 -0.714585 -1.558132 9
-1.472808 -1.110176 -1.345090 9
-1.503033 -1.339023 -1.240372 9
-1.799174 0.747467 -1.916537 9
-1.727885 0.710044 -1.922745 9
-1.643660 0.688785 -1.940820 9
-1.581716 0.641163 -1.939905 9
-1.521343 0.591585 -1.937873 9
-1.443980 0.563862 -1.951613 9
-1.401709 0.490743 -1.933538 9
-1.346327 0.434153 -1.927551 9
-1.309145 0.352084 -1.904347 9
-1.358163 0.147120 -1.797569 9
-1.364627 -0.003674 -1.729647 9
-1.392166 -0.190118 -1.639090 9
-1.399645 -0.352650 -1.566330 9
-1.403264 -0.514442 -1.495588 9
-1.434328 -0.724641 -1.394481 9
-1.428492 -0.882854 -1.329354 9
-1.609362 -1.354017 -1.062908 9
-1.592034 -1.510526 -1.003438 9
-1.879303 0.902174 -1.851913 9
-1.809574 0.862349 -1.856151 9
-1.747279 0.814340 -1.854357 9
-1.679259 0.773175 -1.857959 9
-1.601471 0.744171 -1.870792 9
-1.521150 0.719158 -1.886614 9
-1.467335 0.661694 -1.878676 9
-1.411735 0.606112 -1.872497 9
-1.354232 0.552689 -1.868242 9
-1.344049 0.435221 -1.818562 9
-1.384014 0.245524 -1.718759 9
-1.346574 0.158485 -1.693057 9
-1.346270 0.016192 -1.629537 9
-1.400350 -0.210505 -1.508955 9
-1.424625 -0.400460 -1.415878 9
-1.473602 -0.634998 -1.294305 10
-1.403356 -0.690035 -1.296308 9
-1.587517 -1.156088 -1.023318 9
-1.545271 -1.267579 -0.990771 9
-1.612199 -1.566681 -0.835539 9
-1.885753 1.021212 -1.796218 9
-1.783260 1.017688 -1.829052 9
-1.731881 0.958249 -1.817800 9
-1.687442 0.890342 -1.800375 9
-1.614208 0.855686 -1.809054 9
-1.538459 0.824699 -1.820626 9
-1.475143 0.779129 -1.821204 9
-1.426149 0.715597 -1.808528 9
-1.343962 0.694194 -1.827704 9
-1.360735 0.543454 -1.751242 9
-1.343445 0.434006 -1.706561 9
-1.397754 0.223075 -1.589094 9
-1.390206 0.091957 -1.531394 9
-1.382675 -0.042944 -1.472234 9
-1.313787 -0.091286 -1.475784 10
-1.275693 -0.186058 -1.446935 10
-1.253534 -0.307587 -1.400222 10
-1.238378 -0.443607 -1.344594 10
-1.274974 -0.667524 -1.229874 10
-1.681030 -1.512145 -0.694577 9
-1.912974 1.117742 -1.723550 9
-1.836305 1.084860 -1.733540 9
-1.767618 1.043907 -1.737020 9
-1.700821 1.001216 -1.739246 9
-1.638799 0.953313 -1.737492 9
-1.579761 0.901948 -1.733248 9
-1.504424 0.870167 -1.744639 9
-1.436083 0.830501 -1.749949 9
-1.378458 0.777698 -1.745291 9
-1.377528 0.651543 -1.684904 9
-1.380614 0.516567 -1.619076 9
-1.412409 0.338940 -1.522533 9
-1.394352 0.224197 -1.474735 9
-1.326862 0.176194 -1.477365 9
-1.267730 0.116180 -1.471452 10
-1.234150 0.017907 -1.438121 10
-1.180908 -0.052974 -1.425424 10
-1.135086 -0.136391 -1.404303 10
-1.092445 -0.226516 -1.379114 10
-1.057986 -0.331928 -1.343937 10
-1.064909 -0.508882 -1.259763 10
-1.066214 -0.682586 -1.179605 10
-1.943445 1.211465 -1.648746 9
-1.869669 1.174740 -1.655873 9
-1.802812 1.131158 -1.657310 9
-1.706412 1.120553 -1.686299 9
-1.590921 1.133266 -1.734201 9
-1.568514 1.041222 -1.695926 9
-1.509407 0.990585 -1.692038 9
-1.417242 0.979759 -1.720408 9
-1.387219 0.893954 -1.688801 9
-1.425843 0.719859 -1.588199 9
-1.452735 0.555203 -1.496899 9
-1.622297 0.197094 -1.257053 9
-1.389478 0.367761 -1.428895 9
-1.324474 0.317023 -1.428993 10
-1.257896 0.268440 -1.431011 10
-1.220292 0.178007 -1.401839 10
-1.138248 0.151331 -1.420984 10
-1.090497 0.073772 -1.402514 10
-1.033869 0.008564 -1.393730 10
-0.996917 -0.088715 -1.362106 10
-0.970968 -0.206298 -1.316708 10
-0.908880 -0.267115 -1.313020 10
-0.891011 -0.404074 -1.255755 10
-0.881158 -0.559553 -1.186791 10
-0.908437 -0.787132 -1.069066 10
-1.932609 1.234902 -1.552060 9
-1.781719 1.278847 -1.629721 9
-1.761715 1.185648 -1.588346 9
-1.653194 1.188261 -1.629492 9
-1.560062 1.175862 -1.657437 9
-1.482181 1.147525 -1.671746 9
-1.437105 1.081420 -1.654641 9
-1.407255 0.996161 -1.622254 9
-1.397468 0.884496 -1.569061 9
-1.412453 0.738721 -1.489361 9
-1.453169 0.555325 -1.381021 9
-1.499897 0.357838 -1.263519 10
-1.348729 0.420622 -1.353770 10
-1.262837 0.398528 -1.376329 10
-1.210105 0.330846 -1.363391 10
-1.133543 0.296742 -1.376819 10
-1.071648 0.241607 -1.374261 10
-1.015655 0.177183 -1.365018 10
-0.959238 0.112614 -1.356138 10
-0.895531 0.058811 -1.355752 10
-0.855297 -0.033570 -1.327212 10
-0.808835 -0.117806 -1.305459 10
-0.751411 -0.185146 -1.296702 10
-0.740513 -0.335213 -1.228859 10
-0.709248 -0.453920 -1.184930 10
-0.685970 -0.591118 -1.129030 10
-0.628065 -0.667410 -1.117264 10
-1.923118 1.370472 -1.514420 9
-1.899341 1.281566 -1.475363 9
-1.781034 1.290675 -1.524288 9
-1.675026 1.289234 -1.563221 9
-1.659582 1.190193 -1.516360 9
-1.569410 1.173149 -1.541511 9
-1.473708 1.163965 -1.573162 9
-1.441547 1.081742 -1.542273 9
-1.527659 0.855506 -1.390537 9
-1.414759 0.866418 -1.440083 9
-1.418427 0.733187 -1.369389 9
-1.354012 0.683880 -1.369180 9
-1.323624 0.589687 -1.332594 10
-1.291809 0.495323 -1.296739 10
-1.218833 0.455715 -1.305677 10
-1.147199 0.414665 -1.313592 10
-1.077755 0.370810 -1.319445 10
-1.013195 0.319932 -1.319996 10
-0.944811 0.274718 -1.325233 10
-0.887691 0.212096 -1.317300 10
-0.837490 0.137690 -1.300828 10
-0.768563 0.092508 -1.307067 10
-0.744442 -0.027630 -1.257313 10
-0.668986 -0.063355 -1.271528 10
-0.631630 -0.165636 -1.236773 10
-0.575038 -0.236074 -1.226261 10
-0.553150 -0.372158 -1.168691 10
-0.543181 -0.535744 -1.092696 10
-0.523468 -0.686621 -1.027450 10
-0.464982 -0.765323 -1.014770 10
-1.970203 1.449070 -1.425918 9
-1.884708 1.422466 -1.443581 9
-1.800216 1.395981 -1.461164 9
-1.726757 1.359019 -1.469020 9
-1.661780 1.313569 -1.469212 9
-1.622476 1.240111 -1.444466 9
-1.517738 1.239218 -1.484754 9
-1.462782 1.183288 -1.476067 9
-1.423133 1.109046 -1.451734 9
-1.449737 0.953897 -1.358021 9
-1.477775 0.792096 -1.260418 10
-1.431113 0.719232 -1.240325 9
-1.350237 0.689432 -1.257106 10
-1.291779 0.631005 -1.249912 10
-1.161304 0.669430 -1.323349 10
-1.159165 0.534578 -1.253416 10
-1.087773 0.493629 -1.261435 10
-1.017911 0.450830 -1.268097 10
-0.951942 0.402514 -1.270509 10
-0.888238 0.350725 -1.270415 10
-0.841838 0.271750 -1.249210 10
-0.769033 0.233368 -1.260374 10
-0.699912 0.189384 -1.267332 10
-0.642835 0.125303 -1.259069 10
-0.593184 0.047505 -1.240840 10
-0.548692 -0.041067 -1.215129 10
-0.482264 -0.092112 -1.218306 10
-0.442772 -0.193600 -1.184351 10
-0.405692 -0.302735 -1.145719 10
-0.372505 -0.423012 -1.099997 10
-0.369429 -0.608245 -1.008440 10
-0.296094 -0.655512 -1.017865 10
-1.948988 1.484351 -1.338745 9
-1.843522 1.477201 -1.375757 9
-1.749358 1.460505 -1.403211 9
-1.699477 1.398909 -1.388323 9
-1.621188 1.367336 -1.401654 9
-1.555177 1.323160 -1.403321 9
-1.464471 1.307006 -1.430617 9
-1.493343 1.154996 -1.335045 9
-1.430838 1.105675 -1.333144 9
-1.493648 0.905651 -1.197890 9
-1.447672 0.832526 -1.176679 10
-1.390002 0.773078 -1.167960 10
-1.309338 0.742855 -1.184844 10
-1.196520 0.756010 -1.238800 10
-1.165874 0.661136 -1.200387 10
-1.094937 0.619793 -1.207918 10
-1.020043 0.584421 -1.220556 10
-0.962772 0.524104 -1.212613 10
-0.889562 0.486881 -1.224015 10
-0.821183 0.442814 -1.229942 10
-0.765774 0.378648 -1.219857 10
-0.700341 0.329657 -1.222373 10
-0.640087 0.272040 -1.218319 10
-0.586708 0.202258 -1.205093 10
-0.513214 0.165989 -1.218535 10
-0.463438 0.088159 -1.199977 10
-0.403996 0.026190 -1.194231 10
-0.345807 -0.039032 -1.186472 10
-0.312657 -0.153457 -1.142150 10
-0.259020 -0.231319 -1.126266 10
-0.214558 -0.329668 -1.095874 10
-0.200487 -0.494517 -1.017570 10
-0.192489 -0.679386 -0.926439 10
-0.142535 -0.779765 -0.898282 10
-2.158599 1.409528 -1.095557 9
-1.948345 1.499551 -1.231343 9
-1.853718 1.480440 -1.258187 9
-1.743412 1.478936 -1.301675 9
-1.653674 1.458218 -1.326073 9
-1.603096 1.396952 -1.311653 9
-1.482334 1.412146 -1.369578 9
-1.522665 1.249702 -1.260956 9
-1.527868 1.122340 -1.186852 9
-1.565348 0.953489 -1.076231 9
-1.504371 0.897446 -1.070163 9
-1.411291 0.880682 -1.099742 10
-1.411023 0.748685 -1.026219 10
-1.260903 0.805989 -1.121572 10
-1.167542 0.793554 -1.154363 10
-1.093687 0.756546 -1.165463 10
-1.020141 0.719690 -1.176740 10
-0.945756 0.684595 -1.189572 10
-0.860610 0.665770 -1.216213 10
-0.811065 0.595363 -1.199364 10
-0.749632 0.541929 -1.197200 10
-0.709006 0.455603 -1.168216 10
-0.620290 0.444411 -1.201477 10
-0.577302 0.359770 -1.174903 10
-0.523736 0.290968 -1.161827 10
-0.434986 0.281925 -1.196940 10
-0.379242 0.216096 -1.186895 10
-0.327717 0.141423 -1.170426 10
-0.284908 0.048747 -1.140593 10
-0.211332 0.012746 -1.155297 10
-0.169337 -0.085417 -1.122629 10
-0.139299 -0.211057 -1.070081 10
-0.077083 -0.273909 -1.065978 10
-0.034110 -0.379439 -1.030569 10
-0.037795 -0.592454 -0.916819 10
0.045111 -0.617295 -0.943196 10
0.032634 -0.866321 -0.806859 10
-2.132162 1.564262 -1.076493 9
-2.063437 1.516495 -1.076185 9
-1.930670 1.531548 -1.139421 9
-1.836362 1.511411 -1.166342 9
-1.716725 1.518681 -1.220028 9
-1.631612 1.492645 -1.240117 9
-1.562614 1.450568 -1.244345 9
-1.601024 1.291376 -1.135708 9
-1.550143 1.227109 -1.119874 9
-1.499508 1.161959 -1.103642 9
-1.554802 0.971891 -0.970665 9
-1.478344 0.933459 -0.981232 9
-1.402567 0.894834 -0.991618 10
-1.379220 0.790831 -0.942304 10
-1.278832 0.783583 -0.981654 10
-1.132011 0.839747 -1.077429 10
-1.061940 0.797317 -1.084056 10
-0.981553 0.769504 -1.103683 10
-0.885566 0.764861 -1.143459 10
-0.854137 0.668471 -1.103300 10
-0.750929 0.676654 -1.153911 10
-0.711060 0.590817 -1.123853 10
-0.659463 0.521364 -1.108418 10
-0.591539 0.476989 -1.114518 10
-0.514440 0.447854 -1.133454 10
-0.467342 0.368797 -1.111299 10
-0.391042 0.338718 -1.129781 10
-0.319541 0.300889 -1.142001 10
-0.265320 0.231746 -1.129238 10
-0.207678 0.167679 -1.121066 10
-0.140727 0.120531 -1.126716 10
-0.075603 0.069552 -1.129637 10
-0.034611 -0.031336 -1.094210 10
0.013033 -0.121570 -1.067950 10
0.057202 -0.222165 -1.034640 10
0.095279 -0.339891 -0.989368 10
0.137339 -0.453037 -0.948716 10
0.142105 -0.659358 -0.840038 10
0.221547 -0.692710 -0.860947 10
0.283981 -0.768546 -0.850971 10
-2.255742 1.580659 -0.913623 9
-2.203916 1.514711 -0.895211 9
-2.002283 1.590743 -1.025674 9
-1.932967 1.544198 -1.026755 9
-1.801432 1.559959 -1.091799 9
-1.736823 1.510783 -1.089726 9
-1.618072 1.518232 -1.144778 9
-1.605205 1.415491 -1.089053 9
-1.554750 1.351396 -1.072654 9
-1.528517 1.259630 -1.029609 9
-1.528846 1.135554 -0.956164 9
-1.530489 1.006487 -0.879416 9
-1.457930 0.962756 -0.885470 10
-1.371646 0.936295 -0.907887 10
-1.278125 0.920163 -0.939747 10
-1.223657 0.855404 -0.926172 10
-1.114307 0.862404 -0.978951 10
-1.037419 0.828311 -0.993602 10
-0.969751 0.782196 -0.997370 10
-0.858620 0.797965 -1.056650 10
-0.784152 0.763570 -1.070661 10
-0.725692 0.705940 -1.064255 10
-0.685784 0.619362 -1.032999 10
-0.574107 0.643476 -1.098143 10
-0.532550 0.558258 -1.068836 10
-0.455557 0.529588 -1.088310 10
-0.402105 0.461844 -1.074865 10
-0.325822 0.432707 -1.094158 10
-0.288430 0.334752 -1.056519 10
-0.221421 0.288375 -1.062135 10
-0.145681 0.258414 -1.081331 10
-0.091227 0.187822 -1.067795 10
-0.032640 0.123951 -1.060211 10
0.037175 0.082020 -1.070498 10
0.084193 -0.008222 -1.043037 10
0.135667 -0.091598 -1.021774 10
0.189973 -0.171102 -1.004257 10
0.226824 -0.293492 -0.954623 10
0.275004 -0.393828 -0.922991 10
0.309163 -0.532652 -0.863382 10
0.349772 -0.661391 -0.812765 10
0.395846 -0.781537 -0.769836 10
0.458966 -0.860438 -0.758359 10
-2.272468 1.584053 -0.784077 9
-2.129122 1.601527 -0.856367 9
-2.053653 1.558183 -0.862080 9
-1.870349 1.620019 -0.979383 9
-1.817867 1.557498 -0.963758 9
-1.691659 1.569484 -1.026076 9
-1.581668 1.567695 -1.073091 9
-1.593151 1.438945 -0.989644 9
-1.529502 1.388438 -0.987037 9
-1.514014 1.284243 -0.930791 9
-1.512182 1.161927 -0.857728 9
-1.532847 1.009891 -0.756921 10
-1.489350 0.929949 -0.728391 10
-1.352421 0.963402 -0.810076 10
-1.267915 0.935124 -0.831377 10
-1.182201 0.909542 -0.855038 10
-1.063213 0.929143 -0.920941 10
-1.013799 0.858075 -0.901409 10
-0.933288 0.829051 -0.921256 10
-0.858697 0.792623 -0.934200 10
-0.767380 0.781202 -0.969829 10
-0.702012 0.732855 -0.971876 10
-0.640859 0.677995 -0.968332 10
-0.521221 0.714793 -1.046072 10
-0.455632 0.668670 -1.050118 10
-0.412793 0.584785 -1.021592 10
-0.324198 0.576765 -1.059121 10
-0.292322 0.471519 -1.013360 10
-0.217139 0.440796 -1.031710 10
-0.152893 0.390631 -1.033758 10
-0.083567 0.349775 -1.043830 10
-0.019672 0.298465 -1.045445 10
0.034768 0.227657 -1.031447 10
0.112695 0.203865 -1.056114 10
0.157665 0.110864 -1.025152 10
0.222649 0.058777 -1.027658 10
0.270189 -0.033502 -0.998786 10
0.312385 -0.141498 -0.958505 10
0.365654 -0.227038 -0.936739 10
0.407121 -0.344935 -0.890885 10
0.439566 -0.491260 -0.824581 10
0.468431 -0.654367 -0.747184 10
0.522201 -0.757231 -0.716721 10
-2.245385 1.627276 -0.696646 9
-2.144124 1.605235 -0.727331 9
-1.979352 1.644852 -0.825182 9
-1.900162 1.606291 -0.836085 9
-1.783310 1.605799 -0.887836 9
-1.708238 1.565539 -0.896225 9
-1.562030 1.599741 -0.983184 9
-1.688930 1.347902 -0.769325 9
-1.708649 1.203090 -0.670542 9
-1.725724 1.056828 -0.572258 10
-1.584855 1.086389 -0.654704 9
-1.550111 0.995972 -0.614912 10
-1.466465 0.962323 -0.632653 10
-1.326580 0.998653 -0.719411 10
-1.256598 0.951501 -0.722974 10
-1.146207 0.956639 -0.777403 10
-1.065125 0.925892 -0.796520 10
-0.990419 0.887502 -0.808205 10
-0.877315 0.902986 -0.870773 10
-0.814432 0.850299 -0.868623 10
-0.741461 0.812120 -0.880195 10
-0.639799 0.817427 -0.931779 10
-0.507412 0.872723 -1.028250 10
-0.522688 0.700482 -0.917732 10
-0.392850 0.756500 -1.013788 10
-0.349571 0.674067 -0.985550 10
-0.278190 0.637608 -0.998527 10
-0.199536 0.614386 -1.023105 10
-0.149345 0.540981 -1.004165 10
-0.071710 0.516837 -1.028071 10
-0.003106 0.476577 -1.038184 10
0.044440 0.395112 -1.013737 10
0.121009 0.370067 -1.037149 10
0.153790 0.254839 -0.985849 10
0.222765 0.212861 -0.995891 10
0.283625 0.152926 -0.991513 10
0.339432 0.080302 -0.977348 10
0.378880 -0.032900 -0.931365 10
0.450759 -0.071869 -0.945407 10
0.488248 -0.197230 -0.891728 10
0.543696 -0.281645 -0.871289 10
0.577326 -0.427888 -0.803885 10
0.621118 -0.553347 -0.754004 10
0.676431 -0.651700 -0.726021 10
0.723296 -0.779750 -0.676658 10
-2.332084 1.568427 -0.491469 9
-2.157920 1.610386 -0.597391 9
-2.051618 1.593311 -0.634689 9
-1.925538 1.597228 -0.694669 9
-1.823655 1.580163 -0.730337 9
-1.776790 1.509326 -0.706599 9
-1.564974 1.608479 -0.867316 9
-1.695067 1.352514 -0.644507 9
-1.626616 1.302307 -0.644415 9
-1.712242 1.080873 -0.464496 9
-1.598168 1.078856 -0.516499 9
-1.565014 0.984954 -0.472918 10
-1.443109 0.995290 -0.536753 10
-1.368184 0.951220 -0.544506 10
-0.657012 1.707195 -1.354205 2
-0.685111 1.551358 -1.243609 6
-1.034611 0.965452 -0.712014 10
-0.969040 0.914205 -0.711592 10
-0.846354 0.942220 -0.787956 10
-0.645365 1.085792 -0.973786 10
-0.591278 1.024633 -0.962236 10
-0.519545 0.989177 -0.975279 10
-0.363807 1.083631 -1.109384 10
-0.383690 0.907966 -0.991846 10
-0.307414 0.881317 -1.013049 10
-0.263368 0.801919 -0.986268 10
-0.191890 0.767603 -1.000767 10
-0.127424 0.721496 -1.004772 10
-0.064005 0.673365 -1.007201 10
0.015186 0.654357 -1.035388 10
0.069011 0.588111 -1.022365 10
0.127737 0.530138 -1.016998 10
0.174577 0.447059 -0.990619 10
0.245706 0.412372 -1.005961 10
0.299411 0.340491 -0.990185 10
0.345199 0.249050 -0.958770 10
0.400228 0.175637 -0.943116 10
0.452943 0.094612 -0.921884 10
0.510482 0.022750 -0.908823 10
0.563967 -0.061528 -0.886413 10
0.616078 -0.152464 -0.859498 10
0.675071 -0.228296 -0.845384 10
0.714768 -0.361122 -0.787363 10
0.743502 -0.532955 -0.700544 10
0.778434 -0.696098 -0.622373 10
0.869944 -0.690373 -0.674723 10
-2.310989 1.606819 -0.394541 9
-2.224941 1.567136 -0.408426 9
-2.121651 1.544565 -0.441780 9
-1.915382 1.622677 -0.589479 9
-1.798022 1.619899 -0.642748 9
-1.678370 1.622012 -0.700467 9
-1.666709 1.515377 -0.636583 9
-1.761023 1.294029 -0.448174 9
-1.833173 1.088498 -0.280726 9
-1.698244 1.105580 -0.356125 9
-1.659197 1.017181 -0.317797 10
-0.804531 1.878464 -1.282455 2
-0.634501 1.967002 -1.421223 11
-0.638636 1.848859 -1.343513 2
-0.576483 1.810272 -1.348980 2
-0.559737 1.713508 -1.295374 2
-1.016448 0.988697 -0.610721 10
-0.890562 1.018247 -0.691186 10
-0.668591 1.185468 -0.906408 10
-0.524103 1.253482 -1.020761 10
-0.436913 1.243683 -1.057739 10
-0.376298 1.195857 -1.057690 10
-0.333604 1.120233 -1.031367 10
-0.292497 1.040414 -1.001775 10
-0.232152 0.989972 -1.000437 10
-0.157222 0.963583 -1.021676 10
-0.083936 0.935355 -1.041099 10
-0.019438 0.892454 -1.047069 10
0.029057 0.820457 -1.026922 10
0.074436 0.740920 -1.000657 10
0.144565 0.706872 -1.015506 10
0.210186 0.664372 -1.022958 10
0.248707 0.566431 -0.982246 10
0.307948 0.508664 -0.977284 10
0.367194 0.449879 -0.971862 10
0.395838 0.321322 -0.907612 10
0.468044 0.287941 -0.924961 10
0.525022 0.218620 -0.912374 10
0.574549 0.128907 -0.883503 10
0.623252 0.033657 -0.850973 10
0.683914 -0.033803 -0.841998 10
0.747408 -0.095483 -0.838247 10
0.795187 -0.203556 -0.797907 10
0.838957 -0.328717 -0.745161 10
0.884126 -0.456295 -0.691878 10
0.915165 -0.636133 -0.599302 10
0.988591 -0.686547 -0.608686 10
-2.192795 1.615068 -0.322940 9
-2.087496 1.593903 -0.359177 9
-1.900599 1.652720 -0.488271 9
-1.822582 1.610445 -0.497631 9
-1.732864 1.580617 -0.521102 9
-1.084216 2.127863 -1.199023 11
-1.049294 2.057012 -1.169003 11
-0.942701 2.062562 -1.224623 11
-0.855839 2.048897 -1.258056 2
-0.663043 2.157288 -1.424022 11
-0.598961 2.123493 -1.433306 11
-0.560376 2.059782 -1.410513 11
-0.478539 2.048038 -1.443313 11
-0.402189 2.031041 -1.470094 11
-0.493821 1.799051 -1.273045 2
-0.519212 1.644814 -1.159877 6
-0.704774 1.267776 -0.821709 10
-0.575372 1.311411 -0.915081 10
-0.446186 1.359540 -1.011415 10
-0.414624 1.269637 -0.969233 10
-0.368635 1.199039 -0.946992 10
-0.290480 1.176772 -0.972438 10
-0.215203 1.151177 -0.994429 10
-0.136287 1.132560 -1.022921 10
-0.076917 1.082570 -1.021393 10
-0.011892 1.041956 -1.028940 10
0.051730 0.998985 -1.034407 10
0.096351 0.921302 -1.007996 10
0.160767 0.878727 -1.014437 10
0.214988 0.816388 -1.003120 10
0.255891 0.726237 -0.967292 10
0.314946 0.670391 -0.962949 10
0.375201 0.616180 -0.960435 10
0.406808 0.498464 -0.902693 10
0.461551 0.427999 -0.887285 10
0.524675 0.375120 -0.887613 10
0.592826 0.333528 -0.897910 10
0.626470 0.205765 -0.835555 10
0.688933 0.146224 -0.831817 10
0.750706 0.083423 -0.825821 10
0.805031 -0.001755 -0.801900 10
0.872196 -0.053445 -0.806135 10
0.926316 -0.145126 -0.778359 10
0.980136 -0.241970 -0.747355 10
1.019255 -0.391189 -0.675692 10
1.045144 -0.594423 -0.563165 10
1.105965 -0.689035 -0.537940 10
-2.486069 1.491303 0.040061 9
-2.252626 1.579459 -0.134809 9
-2.184452 1.521160 -0.128436 9
-2.006397 1.567815 -0.248031 9
-1.800009 1.647465 -0.404274 9
-1.055797 2.273161 -1.198431 11
-0.984946 2.240946 -1.211763 11
-0.918678 2.204683 -1.220208 11
-0.784657 2.242126 -1.312459 6
-0.710303 2.217770 -1.333263 11
-0.595079 2.240867 -1.406688 11
-0.513750 2.227986 -1.438988 11
-0.448257 2.197798 -1.451807 11
-0.396427 2.151571 -1.447093 11
-0.316967 2.139860 -1.479624 11
-0.264963 2.094400 -1.475770 11
-0.187655 2.082200 -1.507136 11
-0.112174 2.069076 -1.537080 11
-0.433651 1.504969 -0.997247 10
-0.357002 1.481820 -1.021404 10
-0.343156 1.367701 -0.953021 10
-0.262506 1.350483 -0.983457 10
-0.199396 1.307616 -0.987992 10
-0.124537 1.283512 -1.011160 10
-0.057319 1.248007 -1.022973 10
-0.007917 1.182972 -1.006181 10
0.050901 1.132950 -1.004335 10
0.100060 1.065299 -0.985986 10
0.159764 1.015478 -0.985027 10
0.218120 0.962646 -0.981529 10
0.270704 0.897917 -0.967340 10
0.328244 0.841683 -0.961477 10
0.368804 0.749414 -0.923211 10
0.436769 0.712315 -0.935681 10
0.484268 0.630402 -0.908169 10
0.530821 0.543598 -0.877123 10
0.582445 0.465586 -0.854671 10
0.620102 0.351025 -0.801123 10
0.692267 0.318046 -0.819286 10
0.754850 0.260598 -0.816559 10
0.807849 0.175947 -0.791177 10
0.864720 0.098725 -0.772869 10
0.935947 0.060336 -0.787643 10
0.986864 -0.039473 -0.751819 10
1.042967 -0.127963 -0.726307 10
1.100120 -0.217227 -0.701044 10
1.151390 -0.331056 -0.656895 10
1.195476 -0.477353 -0.588071 10
1.248685 -0.599565 -0.539972 10
-2.468896 1.275369 0.324690 9
-1.310955 2.245990 -0.937066 11
-1.175277 2.271763 -1.023753 11
-0.851600 2.489319 -1.339229 11
-0.790099 2.451633 -1.344433 11
-0.749808 2.392076 -1.323803 11
-0.703490 2.338303 -1.310375 11
-0.615977 2.329617 -1.349289 11
-0.500320 2.354682 -1.426031 11
-0.422503 2.339337 -1.455620 11
-0.345004 2.325060 -1.485898 11
-0.301827 2.270290 -1.470775 11
-0.233204 2.246792 -1.490376 11
-0.166565 2.221711 -1.507983 11
-0.114537 2.178190 -1.505507 11
-0.062562 2.134467 -1.502985 11
0.007361 2.115584 -1.526887 11
0.049373 2.057942 -1.509912 11
0.097051 2.007663 -1.501035 11
-0.174114 1.475499 -0.997480 10
-0.097588 1.455429 -1.024564 10
-0.028097 1.425451 -1.041352 10
0.022086 1.364540 -1.027124 10
0.046454 1.259020 -0.969200 10
0.131455 1.255082 -1.012203 10
0.181865 1.191587 -0.996757 10
0.248988 1.157545 -1.010202 10
0.288977 1.072508 -0.974961 10
0.355633 1.036874 -0.987355 10
0.386187 0.928832 -0.931882 10
0.443185 0.871473 -0.924782 10
0.485020 0.780498 -0.887121 10
0.527836 0.688370 -0.849369 10
0.576584 0.606352 -0.821742 10
0.636465 0.547841 -0.816010 10
0.678726 0.444862 -0.771163 10
0.738330 0.381388 -0.762268 10
0.796749 0.313060 -0.749642 10
0.859976 0.255689 -0.747091 10
0.928165 0.210965 -0.755821 10
0.990934 0.149820 -0.750806 10
1.050785 0.077898 -0.737183 10
1.106929 -0.008663 -0.711963 10
1.162910 -0.099945 -0.683686 10
1.218650 -0.196815 -0.651743 10
1.274244 -0.299648 -0.615946 10
1.327817 -0.416371 -0.570018 10
1.370520 -0.584259 -0.484416 10
-1.167512 2.497830 -1.071668 11
-1.008789 2.547054 -1.188990 11
-0.957473 2.496874 -1.180036 11
-0.840693 2.511814 -1.251454 11
-0.646437 2.609123 -1.421722 12
-0.550245 2.610970 -1.473356 12
-0.495273 2.570862 -1.473892 12
-0.438959 2.532409 -1.476410 12
-0.381390 2.495620 -1.480869 11
-0.319945 2.463640 -1.490860 11
-0.267610 2.421358 -1.488918 11
-0.188743 2.411485 -1.523847 11
-0.158308 2.342547 -1.491848 11
-0.091629 2.318794 -1.510812 11
-0.044753 2.269790 -1.501707 11
0.024272 2.250394 -1.525179 11
0.071997 2.202442 -1.517478 11
0.128562 2.166703 -1.523120 11
0.174510 2.115557 -1.512464 11
0.218190 2.060317 -1.497856 11
0.265549 2.009884 -1.488675 11
0.271920 1.893271 -1.411630 2
0.352606 1.894384 -1.456374 2
0.414375 1.865810 -1.470449 2
0.189948 1.339305 -0.985343 10
0.246331 1.287381 -0.980639 10
0.294986 1.220539 -0.961563 10
0.348416 1.161210 -0.950397 10
0.398439 1.094044 -0.932101 10
0.439197 1.006432 -0.894803 10
0.504650 0.967413 -0.904571 10
0.545795 0.875999 -0.865140 10
0.593777 0.796407 -0.837721 10
0.641980 0.714624 -0.809059 10
0.681054 0.608145 -0.758585 10
0.726093 0.511664 -0.718400 10
0.794533 0.470978 -0.729478 10
0.844417 0.380938 -0.696670 10
0.905168 0.316972 -0.687853 10
0.987300 0.312266 -0.731508 10
1.050979 0.255328 -0.729386 10
1.097119 0.142469 -0.679517 10
1.170053 0.109794 -0.699380 10
1.241837 0.073668 -0.716384 10
1.285724 -0.060677 -0.651105 10
1.353756 -0.115106 -0.653858 10
1.401604 -0.249300 -0.591253 10
1.454971 -0.370938 -0.540459 10
1.473794 -0.649130 -0.364222 10
1.537593 -0.751073 -0.333074 10
2.005158 -1.017681 -0.431148 8
2.144592 -0.629316 -0.775006 8
-1.233287 2.553317 -0.961454 11
-1.440057 2.261973 -0.639905 11
-0.993277 2.575562 -1.105150 11
-0.775199 2.686403 -1.301699 12
-0.657884 2.705274 -1.378000 12
-0.565831 2.701718 -1.424685 12
-0.500496 2.672341 -1.438518 12
-0.448881 2.628994 -1.435018 12
-0.354779 2.632415 -1.488137 12
-0.308029 2.584776 -1.479132 12
-0.235752 2.566444 -1.505051 12
-0.187875 2.520331 -1.497949 11
-0.150040 2.461710 -1.476548 11
-0.073865 2.450223 -1.509781 11
-0.019771 2.411898 -1.511925 11
0.039962 2.381143 -1.522643 11
0.102368 2.354524 -1.537870 11
0.121876 2.268785 -1.487627 11
0.191962 2.252978 -1.514952 11
0.251876 2.223497 -1.527073 11
0.282530 2.150223 -1.492110 11
0.322023 2.088739 -1.470482 11
0.382176 2.059034 -1.482876 11
0.415134 1.984986 -1.448944 2
0.447046 1.907036 -1.411778 2
0.497283 1.858726 -1.405830 2
0.308294 1.379055 -0.962496 10
0.379664 1.355457 -0.985984 10
0.405550 1.245902 -0.923637 10
0.460122 1.188585 -0.914223 10
0.507088 1.114685 -0.889001 10
0.557715 1.046278 -0.869815 10
0.601960 0.962110 -0.836092 10
0.640247 0.861552 -0.787639 10
0.690217 0.783934 -0.761986 10
0.723857 0.664359 -0.697838 10
0.773813 0.579674 -0.667487 10
0.836685 0.525028 -0.665604 10
0.918733 0.520638 -0.709869 10
0.962396 0.412044 -0.659612 10
1.031508 0.371541 -0.671533 10
1.087801 0.292243 -0.649194 10
1.161469 0.263998 -0.672516 10
1.222882 0.196436 -0.661546 10
1.282800 0.121036 -0.644394 10
1.347235 0.058234 -0.638739 10
1.416378 0.010570 -0.646454 10
1.479628 -0.061431 -0.633985 10
1.524373 -0.213737 -0.555192 10
1.580080 -0.330826 -0.507353 10
1.636038 -0.455919 -0.454266 10
1.694656 -0.578608 -0.404553 10
1.739901 -0.781360 -0.291752 10
1.919914 -0.728791 -0.436034 8
2.020509 -0.621941 -0.570261 8
2.131112 -0.424660 -0.772945 8
2.219179 -0.355450 -0.873942 8
2.270236 -0.566989 -0.759378 8
2.316400 -0.858114 -0.587205 8
-1.389243 2.532858 -0.743458 11
-1.247514 2.556941 -0.838390 11
-1.160498 2.534782 -0.869336 11
-0.706767 2.859254 -1.357172 12
-0.628506 2.840617 -1.386148 12
-0.540164 2.833341 -1.429129 12
-0.469214 2.810316 -1.451047 12
-0.393199 2.793655 -1.480528 12
-0.337350 2.756789 -1.484137 12
-0.271416 2.731301 -1.501756 12
-0.220174 2.690125 -1.499838 12
-0.172479 2.644869 -1.493056 12
-0.093801 2.636225 -1.530347 12
-0.061480 2.572756 -1.501887 12
-0.024490 2.513898 -1.479483 11
0.053205 2.506426 -1.517354 11
0.108836 2.471573 -1.523037 11
0.167068 2.440515 -1.533028 11
0.208880 2.386992 -1.517565 11
0.247463 2.328016 -1.496417 11
0.288040 2.270840 -1.477787 11
0.347726 2.241599 -1.490275 11
0.384596 2.177271 -1.464551 11
0.429983 2.125091 -1.452529 11
0.483630 2.085729 -1.454548 11
0.512603 2.004253 -1.412225 11
0.520855 1.883774 -1.330057 2
0.593163 1.874001 -1.364326 2
0.406968 1.384222 -0.905230 10
0.466863 1.338994 -0.907072 10
0.506847 1.253954 -0.868968 10
0.569771 1.212967 -0.875804 10
0.608135 1.119942 -0.831241 10
0.648272 1.027191 -0.788005 10
0.686226 0.925842 -0.737450 10
0.737392 0.851089 -0.713709 10
0.769779 0.728274 -0.644777 10
0.809983 0.618994 -0.590184 10
0.909259 0.658518 -0.676487 10
0.958825 0.569499 -0.642055 10
1.018993 0.506332 -0.632393 10
1.081950 0.449319 -0.628867 10
1.141699 0.380939 -0.615465 10
1.207264 0.328418 -0.616900 10
1.285233 0.315737 -0.654132 10
1.343565 0.237097 -0.632928 10
1.411980 0.191112 -0.641037 10
1.469096 0.101073 -0.611238 10
1.537975 0.052631 -0.618107 10
1.585125 -0.088865 -0.546062 10
1.655414 -0.139119 -0.552721 10
1.718399 -0.225536 -0.529471 10
1.767860 -0.385808 -0.445863 10
1.813757 -0.581134 -0.335398 10
1.793823 -1.171775 0.094655 8
1.987792 -0.541307 -0.469380 8
2.070155 -0.539420 -0.520967 8
2.207994 -0.138817 -0.888457 8
2.267514 -0.265514 -0.835413 8
2.333502 -0.356155 -0.811930 8
2.398506 -0.468822 -0.772397 8
2.452962 -0.710889 -0.635090 8
-1.025768 2.866106 -1.075761 12
-0.705024 3.056603 -1.398975 12
-0.651652 3.015340 -1.397548 12
-0.583072 2.988524 -1.415632 12
-0.533854 2.944002 -1.409586 12
-0.447500 2.936134 -1.452097 12
-0.373306 2.917827 -1.479996 12
-0.306391 2.893250 -1.499164 12
-0.269481 2.837567 -1.478122 12
-0.199906 2.816970 -1.501941 12
-0.134168 2.793183 -1.521280 12
-0.100059 2.733768 -1.496098 12
-0.040000 2.704154 -1.508017 12
-0.001893 2.648371 -1.487982 12
0.066741 2.629976 -1.513320 12
0.116385 2.588332 -1.510570 12
0.141611 2.514287 -1.469812 11
0.214301 2.502813 -1.502866 11
0.250254 2.441572 -1.477937 11
0.298348 2.396500 -1.472072 11
0.374196 2.392063 -1.512410 11
0.412777 2.332932 -1.490801 11
0.436326 2.249041 -1.442252 11
0.488349 2.208273 -1.442167 11
0.515181 2.125547 -1.396543 11
0.581694 2.107865 -1.422089 11
0.600344 2.007132 -1.358577 11
0.598644 1.865515 -1.253136 2
0.473901 1.487017 -0.901381 10
0.522525 1.421623 -0.881665 10
0.572672 1.357611 -0.863950 10
0.608058 1.261589 -0.814127 10
0.655458 1.187348 -0.787465 10
0.694148 1.091552 -0.739939 10
0.741900 1.012466 -0.710118 10
0.774906 0.895753 -0.644082 10
0.824384 0.813678 -0.613285 10
0.900099 0.794957 -0.644553 10
0.946328 0.700161 -0.602708 10
0.991984 0.599404 -0.556260 10
1.053151 0.537778 -0.547776 10
1.123492 0.501409 -0.563333 10
1.182690 0.430778 -0.547295 10
1.259106 0.412737 -0.580076 10
1.333481 0.389553 -0.607978 10
1.392186 0.312395 -0.587184 10
1.457735 0.256558 -0.586163 10
1.520655 0.188515 -0.574763 10
1.582169 0.111325 -0.555952 10
1.646879 0.043323 -0.545874 10
1.708214 -0.043809 -0.519929 10
1.778530 -0.093913 -0.526492 10
1.838201 -0.200544 -0.485565 10
1.894716 -0.334043 -0.423289 10
1.929557 -0.608224 -0.245633 10
2.054329 -0.353438 -0.507506 8
2.200575 0.093087 -0.921902 8
2.260134 -0.016564 -0.879227 8
2.323990 -0.106528 -0.853597 8
2.389628 -0.192979 -0.831724 8
2.454660 -0.298224 -0.795948 8
2.520574 -0.412747 -0.754102 8
2.584234 -0.579998 -0.672734 8
-0.935112 3.052464 -1.156617 12
-0.751751 3.119476 -1.313218 2
-0.645630 3.124100 -1.377486 2
-0.609067 3.068086 -1.355162 12
-0.509005 3.070786 -1.414621 12
-0.436350 3.049708 -1.440092 12
-0.349156 3.044141 -1.485938 12
-0.291388 3.010823 -1.493571 12
-0.230288 2.981440 -1.506221 12
-0.164855 2.957342 -1.525499 12
-0.126009 2.905077 -1.507881 12
-0.069926 2.871574 -1.514685 12
-0.011793 2.840830 -1.524860 12
0.043937 2.807760 -1.531934 12
0.090784 2.764248 -1.525936 12
0.136676 2.719323 -1.518374 12
0.176197 2.665893 -1.500684 12
0.216133 2.612211 -1.483114 12
0.275691 2.584377 -1.496766 12
0.310677 2.522809 -1.470441 11
0.360372 2.481065 -1.467880 11
0.410457 2.439695 -1.465904 11
0.449727 2.381657 -1.444990 11
0.497911 2.336392 -1.439085 11
0.534606 2.272118 -1.412072 11
0.574965 2.212306 -1.390674 11
0.621543 2.161769 -1.380046 11
0.664536 2.104059 -1.361944 11
0.700634 2.032470 -1.329338 11
0.531713 1.573171 -0.882224 10
0.569064 1.486904 -0.839444 10
0.613774 1.412318 -0.809942 10
0.645729 1.308959 -0.751225 10
0.703530 1.256617 -0.746471 10
0.744699 1.166508 -0.703414 10
0.802498 1.110960 -0.696416 10
0.848323 1.025744 -0.660006 10
0.876261 0.892980 -0.577194 10
0.933229 0.827396 -0.562417 10
0.418753 -0.759510 0.939047 10
1.052187 0.703656 -0.541737 10
1.116535 0.652902 -0.542814 10
1.178466 0.593828 -0.536279 10
1.240529 0.533308 -0.528831 10
1.305015 0.478622 -0.527314 10
1.369019 0.420650 -0.523137 10
1.441369 0.390510 -0.544965 10
1.504003 0.324457 -0.534089 10
1.569251 0.265599 -0.530283 10
1.640567 0.229471 -0.547274 10
1.707176 0.172523 -0.545915 10
1.761539 0.055949 -0.492594 10
1.830370 0.000678 -0.494043 10
1.896656 -0.070739 -0.481969 10
1.945420 -0.245823 -0.381833 8
2.015924 -0.310495 -0.377598 8
2.178657 0.219170 -0.873721 8
2.248765 0.190676 -0.896368 8
2.310148 0.095467 -0.863967 8
2.375252 0.018669 -0.847694 8
2.442165 -0.051519 -0.837569 8
2.507459 -0.148510 -0.806569 8
2.573809 -0.251409 -0.771931 8
2.640702 -0.369814 -0.726195 8
-0.757693 3.304007 -1.345864 2
-0.719616 3.250099 -1.325542 6
-0.700841 3.179144 -1.280516 6
-0.624354 3.157740 -1.308493 2
-0.518882 3.163893 -1.375272 2
-0.563024 3.033541 -1.246684 12
-0.476020 3.023870 -1.290277 12
-0.374204 3.030620 -1.355570 12
-0.243701 3.069018 -1.462701 12
-0.164720 3.058480 -1.501074 12
-0.128014 3.004682 -1.480604 12
-0.061258 2.983008 -1.503144 12
-0.011073 2.943792 -1.502197 12
0.043970 2.910239 -1.508622 12
0.087718 2.863665 -1.498225 12
0.143150 2.830934 -1.505647 12
0.200963 2.801559 -1.517167 12
0.242313 2.751551 -1.502849 12
0.281199 2.697645 -1.484083 12
0.329015 2.655010 -1.479491 12
0.372043 2.605429 -1.466693 12
0.413227 2.552527 -1.450269 12
0.455456 2.500295 -1.435055 11
0.501855 2.453564 -1.426680 11
0.542869 2.397824 -1.408139 11
0.589177 2.349535 -1.398627 11
0.626145 2.284981 -1.370942 11
0.672883 2.235513 -1.360903 11
0.739071 2.219739 -1.388762 11
0.757926 2.118672 -1.322062 11
0.791627 2.041442 -1.282854 11
0.612918 1.547134 -0.792583 10
0.663090 1.483670 -0.774150 10
0.701631 1.394329 -0.728743 10
0.741655 1.304717 -0.684104 10
0.794108 1.239294 -0.665771 10
0.844775 1.167846 -0.641779 10
0.896279 1.096011 -0.618076 10
0.901392 0.906267 -0.475266 10
0.986121 0.910574 -0.530683 10
1.020346 0.782674 -0.453476 10
1.096460 0.764569 -0.486519 10
1.157561 0.704459 -0.478115 10
1.218588 0.642218 -0.468107 10
1.287970 0.604271 -0.481991 10
1.344555 0.523850 -0.455440 10
1.418112 0.498195 -0.481497 10
1.486866 0.456118 -0.492060 10
1.552707 0.402280 -0.491875 10
1.615045 0.332395 -0.477294 10
1.684417 0.288550 -0.487125 10
1.745679 0.207233 -0.463278 10
1.815172 0.159439 -0.470323 10
1.885672 0.114997 -0.480645 10
1.938767 -0.024985 -0.407036 8
2.044413 0.124083 -0.587606 8
2.167419 0.408839 -0.882922 8
2.230890 0.344063 -0.873580 8
2.295819 0.283825 -0.868706 8
2.361096 0.220503 -0.861771 8
2.424953 0.137515 -0.838993 8
2.490421 0.057954 -0.819935 8
2.556471 -0.028248 -0.796255 8
2.624600 -0.104885 -0.781284 8
-1.456673 3.045858 -0.609293 2
-1.365529 3.021175 -0.643922 2
-0.799544 3.372618 -1.266909 6
-0.681219 3.383373 -1.346561 2
-0.669591 3.308400 -1.293101 2
-0.611689 3.271367 -1.298063 2
-0.561886 3.227658 -1.292836 2
-0.498325 3.196420 -1.305977 2
-0.510761 3.095450 -1.217340 2
-0.463956 3.047789 -1.207296 12
-0.399567 3.017155 -1.221588 12
-0.235886 3.087046 -1.376539 12
-0.155810 3.076835 -1.416794 12
-0.093663 3.049351 -1.432418 12
0.019407 3.078135 -1.523979 12
0.048536 3.016748 -1.492571 12
0.115833 2.998099 -1.518543 12
0.156402 2.949002 -1.504006 12
0.207640 2.912326 -1.505926 12
0.256029 2.872222 -1.503428 12
0.300710 2.827267 -1.494856 12
0.341114 2.776281 -1.478922 12
0.386248 2.730992 -1.470466 12
0.422095 2.672275 -1.445700 12
0.490690 2.659534 -1.477589 12
0.511890 2.577924 -1.425760 12
0.560191 2.535077 -1.421396 11
0.600619 2.479488 -1.402135 11
0.652495 2.441332 -1.403797 11
0.666499 2.339729 -1.331895 11
0.714612 2.292892 -1.324466 11
0.763998 2.247669 -1.319155 11
0.794118 2.166471 -1.273521 11
0.854859 2.140432 -1.290519 11
0.882252 2.049667 -1.235741 11
0.705906 1.542116 -0.725293 10
0.745360 1.454630 -0.680706 10
0.792535 1.380508 -0.651531 10
0.859047 1.347353 -0.666786 10
0.902684 1.261297 -0.626117 10
0.948338 1.176558 -0.587808 10
0.996341 1.094163 -0.552878 10
1.034616 0.982926 -0.489203 10
1.051393 0.807474 -0.361556 10
1.121033 0.770055 -0.375793 10
1.203491 0.770488 -0.427934 10
1.276074 0.743933 -0.452702 10
1.338384 0.685342 -0.445875 10
1.410048 0.656178 -0.468145 10
1.458449 0.545716 -0.411905 10
1.531023 0.517261 -0.435441 10
1.597894 0.467374 -0.438601 10
1.672049 0.445806 -0.468681 10
1.735025 0.377266 -0.454862 10
1.798359 0.306306 -0.439437 10
1.865965 0.251591 -0.439545 10
1.896005 -0.001256 -0.260366 10
2.024529 0.263160 -0.549759 8
2.139706 0.491908 -0.802726 8
2.207141 0.454101 -0.816250 8
2.277078 0.432465 -0.844117 8
2.337549 0.340044 -0.810503 8
2.404428 0.288731 -0.813281 8
2.471827 0.237308 -0.816374 8
2.537023 0.157240 -0.795674 8
2.603571 0.078908 -0.777273 8
-1.422785 3.186030 -0.618979 2
-1.361005 3.139554 -0.618595 2
-1.267181 3.117882 -0.658394 2
-0.755192 3.425825 -1.226807 6
-0.693964 3.390441 -1.235368 6
-0.593304 3.388300 -1.295594 6
-0.559258 3.331864 -1.270196 6
-0.504269 3.293093 -1.272267 2
-0.443137 3.260159 -1.282965 2
-0.433026 3.180736 -1.224065 2
-0.424146 3.098180 -1.161880 2
-0.358197 3.069132 -1.178878 12
-0.198649 3.134697 -1.331327 12
-0.144631 3.097653 -1.334483 12
-0.078032 3.074198 -1.356596 12
0.016129 3.081734 -1.421186 12
0.110132 3.091814 -1.487800 12
0.183690 3.081218 -1.524871 12
0.221843 3.030404 -1.507145 12
0.270573 2.991760 -1.505972 12
0.309148 2.940421 -1.488166 12
0.346404 2.886636 -1.467589 12
0.403867 2.858683 -1.480699 12
0.425918 2.783096 -1.432966 12
0.478179 2.747618 -1.436790 12
0.533851 2.717192 -1.446899 12
0.572885 2.662447 -1.426867 12
0.603705 2.594044 -1.390636 12
0.645423 2.540903 -1.373677 11
0.691760 2.494262 -1.364939 11
0.714569 2.407505 -1.308913 11
0.765364 2.365998 -1.307231 11
0.800772 2.296660 -1.273345 11
0.834362 2.221793 -1.233881 11
0.881815 2.170782 -1.222527 11
0.931978 2.124101 -1.216435 11
0.973315 2.058668 -1.189637 11
0.804857 1.548364 -0.670282 10
0.863434 1.500427 -0.668643 10
0.921978 1.451740 -0.666429 10
0.959648 1.353238 -0.610766 10
0.962359 1.164871 -0.460360 10
1.034674 1.141159 -0.487223 10
1.047334 0.961451 -0.350244 10
1.078045 0.819654 -0.255414 10
1.160254 0.816357 -0.305219 10
1.226568 0.768740 -0.309188 10
1.297194 0.733700 -0.326106 10
1.375846 0.725055 -0.369493 10
1.440340 0.670792 -0.367105 10
1.514225 0.648415 -0.396482 10
1.565765 0.543281 -0.344917 10
1.643537 0.534784 -0.388080 10
1.714724 0.501706 -0.407273 10
1.779644 0.441042 -0.400283 10
1.850552 0.405305 -0.417268 10
1.909603 0.309969 -0.378705 8
2.001515 0.381874 -0.495961 8
2.103236 0.525143 -0.677016 8
2.189134 0.597690 -0.791006 8
2.255908 0.559482 -0.803603 8
2.316069 0.471655 -0.772070 8
2.382528 0.422733 -0.775957 8
2.448431 0.364683 -0.772199 8
2.516376 0.319833 -0.780433 8
2.581328 0.237290 -0.756481 8
2.648732 0.169743 -0.746234 8
-1.439115 3.288829 -0.568382 2
-1.312073 3.288841 -0.648420 2
-1.225432 3.262089 -0.680539 2
-1.224615 3.171708 -0.605118 2
-0.720116 3.471697 -1.175330 6
-0.627790 3.461164 -1.224772 6
-0.602622 3.397299 -1.187094 6
-0.518440 3.382360 -1.227769 6
-0.483095 3.326605 -1.203393 2
-0.430995 3.285211 -1.201683 2
-0.358613 3.262634 -1.228601 2
-0.375930 3.156469 -1.128794 2
-0.308746 3.128909 -1.148322 12
-0.216260 3.127538 -1.205827 12
-0.148389 3.103256 -1.228603 12
-0.070518 3.090562 -1.267443 12
0.014059 3.086806 -1.318041 12
0.083015 3.067751 -1.345975 12
0.178268 3.080110 -1.416878 12
0.250315 3.068072 -1.452701 12
0.315789 3.049615 -1.479021 12
0.365997 3.013253 -1.480729 12
0.395826 2.950793 -1.447738 12
0.440432 2.906444 -1.439289 12
0.481768 2.857252 -1.424755 12
0.523054 2.807295 -1.409587 12
0.566711 2.760006 -1.398185 12
0.592596 2.685641 -1.352942 12
0.665077 2.680481 -1.395072 12
0.682011 2.589412 -1.330285 12
0.724926 2.537301 -1.314541 11
0.770240 2.488236 -1.302900 11
0.808849 2.426694 -1.276634 11
0.844784 2.358689 -1.243323 11
0.890762 2.307177 -1.230184 11
0.921322 2.225059 -1.181785 11
0.965956 2.167652 -1.162964 11
0.999666 2.086319 -1.117318 11
1.043706 2.023667 -1.093842 11
0.881159 1.504301 -0.558884 10
0.939385 1.453062 -0.554094 10
0.943707 1.273173 -0.408029 10
1.008510 1.231149 -0.415201 10
1.037111 1.096269 -0.322167 10
1.064203 0.949537 -0.218397 10
1.125334 0.888176 -0.207326 10
1.209222 0.890713 -0.263885 10
1.273139 0.836576 -0.260680 10
1.340134 0.790675 -0.266324 10
1.412776 0.762653 -0.290454 10
1.477664 0.708620 -0.288098 10
1.548824 0.675663 -0.307275 10
1.618020 0.635505 -0.319270 10
1.692907 0.617861 -0.353607 10
1.770052 0.611871 -0.399080 10
1.824811 0.507814 -0.349041 10
1.887161 0.431477 -0.326881 8
1.967779 0.443359 -0.389504 8
2.076556 0.616546 -0.603672 8
2.160708 0.674918 -0.707039 8
2.232122 0.666235 -0.746792 8
2.297144 0.616878 -0.748850 8
2.360648 0.552292 -0.737396 8
2.428349 0.515529 -0.751683 8
2.493203 0.450503 -0.740840 8
2.557571 0.371204 -0.717955 8
2.627207 0.340167 -0.738363 8
-1.395555 3.432055 -0.591092 6
-1.339837 3.381947 -0.584127 6
-1.255786 3.352162 -0.612935 6
-1.183721 3.314910 -0.627621 2
-1.119021 3.272950 -0.633536 2
-1.068504 3.220539 -0.621350 2
-0.614935 3.489108 -1.144968 6
-0.559428 3.449700 -1.147199 6
-0.517004 3.399616 -1.131845 6
-0.473972 3.349780 -1.117123 6
-0.399175 3.327956 -1.146975 2
-0.338274 3.294700 -1.158069 2
-0.409631 3.137524 -0.977480 12
-0.276838 3.171591 -1.092801 12
-0.257761 3.096914 -1.041440 12
-0.187579 3.072796 -1.066468 12
-0.077576 3.091716 -1.154130 12
0.024882 3.106004 -1.232961 12
0.066208 3.055420 -1.216724 12
0.221224 3.134569 -1.385108 2
0.296255 3.126344 -1.426968 2
0.375526 3.125060 -1.477531 2
0.421715 3.084640 -1.473220 12
0.471998 3.049327 -1.475952 12
0.490408 2.971957 -1.422114 12
0.531003 2.922426 -1.406471 12
0.569854 2.869708 -1.387003 12
0.616336 2.827080 -1.381125 12
0.675995 2.803752 -1.400297 12
0.707753 2.738351 -1.365481 12
0.735890 2.665374 -1.321881 12
0.781517 2.618675 -1.312084 12
0.805541 2.534808 -1.256589 11
0.855186 2.492498 -1.253201 11
0.902956 2.446390 -1.245385 11
0.930144 2.361249 -1.190958 11
0.969027 2.295236 -1.160467 11
1.004369 2.220042 -1.119886 11
1.043975 2.150830 -1.087207 11
1.087003 2.086491 -1.060938 11
1.009058 1.751791 -0.725866 2
1.087844 1.755123 -0.780554 2
1.151224 1.724754 -0.796559 2
1.171351 1.587453 -0.693471 6
1.061541 1.106304 -0.213403 10
1.083822 0.943659 -0.090323 10
1.155959 0.910313 -0.109699 10
1.224951 0.868287 -0.119678 10
1.306661 0.864881 -0.170795 10
1.376153 0.825604 -0.183497 10
1.455627 0.819669 -0.231057 10
1.536731 0.822592 -0.287226 10
1.595627 0.747266 -0.262496 10
1.668514 0.722321 -0.289702 10
1.741479 0.698868 -0.318250 10
1.811447 0.663656 -0.334896 10
1.877693 0.611043 -0.334383 10
1.952274 0.597173 -0.372206 8
2.034624 0.627030 -0.452205 8
2.139047 0.791191 -0.660487 8
2.205453 0.753518 -0.672837 8
2.269738 0.700548 -0.670871 8
2.337719 0.670076 -0.690418 8
2.404369 0.628834 -0.700005 8
2.470955 0.584363 -0.706848 8
2.534607 0.507224 -0.684149 8
2.602081 0.459500 -0.688897 8
-1.364921 3.477602 -0.523055 6
-1.299930 3.433663 -0.527759 6
-1.208718 3.408775 -0.566533 6
-1.171940 3.345931 -0.536027 6
-1.060115 3.338584 -0.603846 2
-1.030495 3.270534 -0.564075 2
-0.613964 3.507841 -1.047960 6
-0.548352 3.475854 -1.063620 6
-0.527994 3.406749 -1.016824 6
-0.480060 3.360056 -1.007933 6
-0.406816 3.335735 -1.035404 2
-0.494262 3.166089 -0.829265 12
-0.389964 3.169134 -0.901289 12
-0.294494 3.166475 -0.962484 12
-0.206161 3.159167 -1.014892 12
-0.130058 3.141496 -1.050144 12
-0.103144 3.073652 -1.008937 12
0.169010 3.269344 -1.360690 2
0.242853 3.258376 -1.400324 2
0.299333 3.229208 -1.412550 2
0.374064 3.222104 -1.456169 2
0.406925 3.166094 -1.429309 2
0.456352 3.129685 -1.430573 2
0.492666 3.076507 -1.408508 12
0.537184 3.033245 -1.400562 12
0.580932 2.988573 -1.390890 12
0.624297 2.942899 -1.380104 12
0.663250 2.890290 -1.360355 12
0.704258 2.839755 -1.343798 12
0.744332 2.786894 -1.324608 12
0.773423 2.715514 -1.281990 12
0.816232 2.664370 -1.266151 12
0.853947 2.603612 -1.238564 12
0.872683 2.507976 -1.167984 11
0.931565 2.480969 -1.183919 11
0.969551 2.415464 -1.152434 11
1.020547 2.373071 -1.149754 11
1.052455 2.291915 -1.100634 11
1.086205 2.211271 -1.053208 11
1.116866 2.120633 -0.995048 11
1.153811 2.039873 -0.949694 11
1.120084 1.791726 -0.711631 2
1.169398 1.727026 -0.688551 2
1.245156 1.726332 -0.738792 2
1.059619 1.046715 -0.024371 10
1.138668 1.032284 -0.064936 10
1.191076 0.944454 -0.023930 10
1.276944 0.951450 -0.087708 10
1.343215 0.901903 -0.089274 10
1.421986 0.891872 -0.133547 10
1.487053 0.837848 -0.130459 10
1.551956 0.781480 -0.125245 10
1.621769 0.741538 -0.137603 10
1.704563 0.752891 -0.203209 10
1.777603 0.728578 -0.231332 10
1.836068 0.640381 -0.194257 10
1.964490 0.878057 -0.486921 8
2.045152 0.909870 -0.568907 8
2.116085 0.897863 -0.606355 8
2.182888 0.864586 -0.622594 8
2.246897 0.813165 -0.621236 8
2.318244 0.808507 -0.665389 8
2.379693 0.733993 -0.642320 8
2.446464 0.694302 -0.653051 8
2.512869 0.648696 -0.658424 8
2.577111 0.576056 -0.638923 8
2.610765 0.124857 -0.270646 8
-1.254155 3.489357 -0.479011 6
-1.172616 3.457606 -0.506247 6
-1.174462 3.366908 -0.424169 6
-1.065672 3.356116 -0.488653 2
-1.011616 3.305902 -0.480736 2
-0.953240 3.259149 -0.478851 2
-0.967658 3.153691 -0.375084 2
-0.913515 3.102183 -0.366091 12
-0.728185 3.163145 -0.546670 12
-0.568156 3.208255 -0.695895 12
-0.435485 3.233967 -0.809206 12
-0.369114 3.201968 -0.825945 12
-0.291355 3.181716 -0.860911 12
-0.209173 3.167295 -0.904090 12
-0.116284 3.165531 -0.965842 12
0.079891 3.274408 -1.196519 2
0.200833 3.311067 -1.311615 2
0.261820 3.285747 -1.330661 2
0.363312 3.307538 -1.419269 2
0.416893 3.276588 -1.428263 2
0.448537 3.219496 -1.399033 2
0.491567 3.175447 -1.389183 2
0.541336 3.139673 -1.391298 2
0.570345 3.076511 -1.354884 12
0.626389 3.048644 -1.368326 12
0.665294 2.997234 -1.349130 12
0.709751 2.952958 -1.340077 12
0.731626 2.874397 -1.285112 12
0.786859 2.844646 -1.296345 12
0.820343 2.780651 -1.262273 12
0.867523 2.737368 -1.255980 12
0.905716 2.678310 -1.229526 12
0.925631 2.585548 -1.160615 12
0.971156 2.535428 -1.147127 11
1.014052 2.479358 -1.126556 11
1.040681 2.390161 -1.065418 11
1.079534 2.321742 -1.031113 11
1.120648 2.255629 -1.000409 11
1.161401 2.186426 -0.966717 11
1.186963 2.080434 -0.889935 11
1.209559 1.961975 -0.800046 2
1.237895 1.850834 -0.720593 2
1.280354 1.769249 -0.677079 2
1.325797 1.691672 -0.639174 6
1.366023 1.596117 -0.581724 6
1.226457 0.978854 0.062477 10
1.300789 0.950824 0.036561 10
1.384145 0.952202 -0.021676 10
1.462603 0.941300 -0.065653 10
1.533576 0.907164 -0.083863 10
1.616611 0.917302 -0.149688 10
1.670751 0.821393 -0.101483 10
1.742253 0.789178 -0.121782 10
1.820623 0.786932 -0.173425 10
1.933270 0.945694 -0.391645 8
2.015560 0.981772 -0.480048 8
2.082261 0.946039 -0.493958 8
2.153002 0.932335 -0.530220 8
2.216863 0.879753 -0.527223 8
2.290251 0.885961 -0.583007 8
2.355756 0.842324 -0.589099 8
2.423951 0.817038 -0.613347 8
2.488605 0.761588 -0.608370 8
2.553499 0.701891 -0.599789 8
2.623022 0.685141 -0.632552 8
-1.207377 3.457186 -0.351524 6
-1.238915 3.343972 -0.226602 2
-1.138914 3.324183 -0.278497 2
-0.966399 3.361475 -0.432935 2
-0.909002 3.314070 -0.429950 2
-1.046299 3.110139 -0.148655 12
-0.875460 3.152538 -0.306545 12
-0.755866 3.156806 -0.393967 12
-0.574824 3.218261 -0.576296 12
-0.364719 3.312499 -0.808727 12
-0.293125 3.286209 -0.834821 12
-0.228964 3.253927 -0.850269 12
-0.181572 3.205854 -0.839642 12
0.059280 3.353854 -1.142412 2
0.103851 3.308161 -1.131969 2
0.172910 3.288541 -1.162332 2
0.311920 3.347654 -1.313138 6
0.381834 3.333909 -1.349433 6
0.431336 3.297697 -1.351036 2
0.509163 3.295884 -1.403697 2
0.542730 3.241087 -1.377262 2
0.569334 3.176273 -1.336849 2
0.597083 3.111273 -1.297059 2
0.656121 3.087265 -1.316396 12
0.730132 3.085164 -1.366110 12
0.751667 3.009020 -1.311829 12
0.781497 2.942743 -1.272310 12
0.817709 2.884393 -1.244450 12
0.857421 2.830177 -1.222790 12
0.902271 2.783234 -1.211328 12
0.939875 2.723174 -1.182867 12
0.975161 2.657354 -1.147541 12
1.019844 2.606587 -1.132465 12
1.048299 2.524064 -1.077163 11
1.094191 2.472284 -1.061996 11
1.122292 2.383196 -1.000459 11
1.148388 2.285865 -0.930013 11
1.194377 2.227260 -0.908684 11
1.187301 2.046457 -0.739108 11
1.239675 1.994309 -0.728095 11
1.299500 1.959112 -0.737703 2
1.321593 1.827490 -0.633214 2
1.377017 1.776448 -0.625315 2
1.185156 1.036012 0.182637 10
1.234193 0.932326 0.242942 10
1.334365 0.978307 0.131341 10
1.411126 0.957849 0.096556 10
1.486166 0.933427 0.066586 10
1.565395 0.925154 0.018998 10
1.642609 0.912517 -0.023207 10
1.714229 0.880623 -0.043972 10
1.778859 0.820171 -0.033851 8
1.852881 0.798015 -0.065144 10
1.991060 1.078560 -0.416812 8
2.061920 1.064650 -0.453406 8
2.123537 1.003660 -0.440675 8
2.186543 0.946128 -0.432054 8
2.255159 0.919372 -0.455365 8
2.322956 0.887709 -0.473631 8
2.393832 0.878767 -0.514732 8
2.460690 0.840922 -0.526699 8
2.529237 0.816592 -0.552149 8
2.597775 0.793232 -0.578469 8
-1.346578 3.096109 0.216977 12
-1.173034 3.129440 0.061701 12
-1.140901 3.054976 0.107755 12
-0.926107 3.129823 -0.115547 12
-0.710415 3.213121 -0.347317 12
-0.558802 3.248475 -0.488685 12
-0.364513 3.327269 -0.700912 12
-0.296833 3.296316 -0.720604 12
-0.193837 3.299938 -0.797660 12
-0.150425 3.247953 -0.780422 12
-0.036703 3.266630 -0.879102 12
0.154621 3.369896 -1.111856 2
0.194620 3.319581 -1.093680 2
0.365101 3.412887 -1.302248 6
0.419320 3.381924 -1.312193 6
0.455221 3.329937 -1.289488 6
0.513753 3.304469 -1.307594 2
0.585353 3.296059 -1.350882 2
0.603650 3.220991 -1.294095 2
0.607448 3.124345 -1.206865 2
0.650976 3.078233 -1.194994 12
0.733848 3.087030 -1.262278 12
0.801875 3.077181 -1.301602 12
0.830093 3.009269 -1.258475 12
0.870284 2.957821 -1.239196 12
0.904325 2.895480 -1.205374 12
0.951822 2.853633 -1.200211 12
0.974367 2.768618 -1.137051 12
1.016166 2.714279 -1.116162 12
1.048323 2.640924 -1.070675 12
1.083582 2.570738 -1.030334 12
1.131797 2.523512 -1.020589 11
1.168374 2.451631 -0.979572 11
1.203170 2.373180 -0.931148 11
1.231848 2.277900 -0.862668 11
1.264936 2.187938 -0.802264 11
1.302841 2.104996 -0.751808 11
1.348503 2.037304 -0.721067 2
1.394750 1.968339 -0.689536 2
1.089673 0.949588 0.477295 10
1.196868 1.003469 0.351028 10
1.286284 1.013789 0.278032 10
1.351328 0.953713 0.288020 10
1.444030 0.981165 0.196748 10
1.521539 0.963689 0.158189 10
1.610075 0.987927 0.072907 10
1.683612 0.962231 0.044872 10
1.750402 0.910762 0.045690 10
1.832029 0.920365 -0.020982 10
1.945459 1.079199 -0.249451 8
2.030882 1.129053 -0.356349 8
2.089650 1.053181 -0.326999 8
2.163004 1.051542 -0.377250 8
2.228712 1.008916 -0.383809 8
2.296673 0.978915 -0.403730 8
2.369315 0.982282 -0.458098 8
2.434637 0.935047 -0.460023 8
2.500307 0.886816 -0.461243 8
2.569144 0.864738 -0.489106 8
-1.386241 3.190675 0.303456 2
-1.340466 3.124530 0.332378 2
-1.233368 3.105149 0.272006 2
-1.177835 3.047028 0.286230 12
-1.007279 3.082982 0.126910 12
-0.575869 3.344561 -0.437655 12
-0.434574 3.372942 -0.568253 12
-0.329642 3.373387 -0.645659 12
-0.267942 3.336812 -0.656221 12
-0.162789 3.342083 -0.738308 12
-0.084088 3.324528 -0.779321 12
-0.040374 3.273324 -0.762735 12
0.061957 3.282556 -0.846430 12
0.211700 3.345731 -1.016035 2
0.372453 3.427487 -1.211324 6
0.428614 3.397878 -1.224253 6
0.485237 3.369388 -1.238557 6
0.504166 3.295999 -1.182597 2
0.588092 3.301353 -1.248985 2
0.615169 3.236432 -1.206980 2
0.621416 3.142178 -1.121831 2
0.637979 3.058405 -1.054159 12
0.718382 3.061748 -1.115958 12
0.798086 3.066753 -1.178805 12
0.863244 3.052640 -1.212816 12
0.901789 2.998633 -1.189410 12
0.955070 2.967075 -1.198100 12
0.979464 2.887796 -1.140256 12
1.010356 2.816644 -1.094861 12
1.061034 2.778183 -1.094997 12
1.092827 2.704697 -1.047976 12
1.132388 2.643251 -1.018057 12
1.165049 2.566186 -0.968199 12
1.197962 2.486463 -0.915959 12
1.217920 2.375650 -0.824618 11
1.252599 2.291521 -0.769395 11
1.300139 2.233121 -0.748031 11
1.336428 2.145795 -0.690863 11
1.378350 2.068146 -0.646988 11
1.417139 1.978623 -0.589471 11
1.120945 0.971066 0.587512 10
1.225622 1.017266 0.467773 10
1.335430 1.087082 0.321789 10
1.410903 1.060163 0.293101 10
1.461290 0.951964 0.360261 10
1.554537 0.984831 0.261654 10
1.647502 1.024449 0.156828 10
1.710284 0.956387 0.176771 10
1.789184 0.950442 0.125724 10
1.875119 0.978799 0.036829 8
1.987106 1.136043 -0.194091 8
2.076635 1.208729 -0.327925 8
2.137875 1.146670 -0.312453 8
2.198631 1.077067 -0.289383 8
2.275591 1.101581 -0.367994 8
2.338535 1.041274 -0.355327 8
2.399717 0.961933 -0.323141 8
2.471977 0.963090 -0.375928 8
2.534997 0.886440 -0.347571 8
-1.449290 3.270273 0.423806 2
-1.230033 3.328528 0.202149 2
-1.194619 3.257268 0.244236 2
-1.155615 3.187788 0.281944 2
-1.073363 3.151611 0.254928 2
-0.735661 3.324596 -0.166654 12
-0.479906 3.442731 -0.473446 12
-0.416831 3.404560 -0.483960 12
-0.265103 3.445963 -0.638142 12
-0.195764 3.417121 -0.662317 12
-0.130659 3.385296 -0.680380 12
-0.040710 3.378502 -0.741322 12
0.021545 3.346189 -0.756692 12
0.056533 3.286337 -0.724851 12
0.098299 3.232698 -0.704082 12
0.273716 3.325475 -0.925586 2
0.340800 3.303766 -0.954715 2
0.452899 3.335907 -1.069827 2
0.541410 3.344130 -1.144005 2
0.599839 3.317901 -1.162154 2
0.640886 3.270113 -1.146305 2
0.615949 3.134247 -0.995429 2
0.646176 3.067488 -0.952962 12
0.700823 3.033366 -0.960455 12
0.784468 3.041827 -1.031010 12
0.883312 3.076290 -1.138190 12
0.934465 3.041254 -1.142078 12
0.984276 3.004120 -1.142885 12
1.016729 2.937939 -1.102415 12
1.064693 2.896358 -1.097437 12
1.096432 2.825327 -1.051627 12
1.130734 2.756429 -1.009765 12
1.157036 2.669668 -0.944487 12
1.193549 2.599354 -0.902803 12
1.231503 2.529317 -0.862418 12
1.211624 2.332245 -0.655025 6
1.273064 2.303965 -0.672753 11
1.319775 2.242039 -0.646653 6
1.363202 2.169933 -0.608128 11
1.394793 2.064739 -0.528453 11
1.461185 2.045192 -0.558216 11
1.122864 0.910649 0.801722 10
1.217193 0.922527 0.720721 10
1.328270 0.990355 0.572654 10
1.414942 0.991547 0.507848 10
1.497218 0.982329 0.456518 10
1.573613 0.955643 0.426672 10
1.656543 0.954595 0.366954 10
1.743150 0.972346 0.286163 8
1.819767 0.955081 0.247064 8
1.948764 1.173185 -0.061105 8
2.041656 1.254252 -0.208443 8
2.113132 1.242765 -0.249315 8
2.178900 1.203170 -0.258400 8
2.248996 1.187907 -0.294471 8
2.306821 1.096338 -0.246681 8
2.374429 1.062200 -0.262326 8
2.443027 1.034964 -0.285420 8
2.508304 0.979498 -0.278347 8
2.572488 0.906655 -0.253375 8
-1.414455 3.321122 0.500063 2
-1.198153 3.376155 0.278422 6
-1.139152 3.322189 0.285945 2
-1.057074 3.285893 0.258263 2
-1.051467 3.190766 0.347778 2
-0.679245 3.389778 -0.136139 12
-0.439343 3.494137 -0.424375 12
-0.331851 3.494196 -0.507341 12
-0.286321 3.442272 -0.491084 12
-0.193640 3.433115 -0.553411 12
-0.121247 3.407144 -0.583422 12
-0.021373 3.409077 -0.662161 12
0.048648 3.384018 -0.691145 12
0.096131 3.336861 -0.680848 12
0.171256 3.318898 -0.720686 12
0.259955 3.317408 -0.787241 12
0.377005 3.350594 -0.909918 2
0.444098 3.330142 -0.940975 2
0.542367 3.348521 -1.034453 2
0.607594 3.329518 -1.065427 2
0.648023 3.279947 -1.046977 2
0.614910 3.132164 -0.874531 12
0.691898 3.127885 -0.928999 12
0.781376 3.143554 -1.012820 12
0.833936 3.108871 -1.018265 12
0.890742 3.080769 -1.033459 12
0.966073 3.082201 -1.092165 12
1.029772 3.067450 -1.125828 12
1.067750 3.011133 -1.098401 12
1.090931 2.927664 -1.032573 12
1.125651 2.861398 -0.992638 12
1.171740 2.813994 -0.980124 12
1.193621 2.718917 -0.901559 12
1.234711 2.657740 -0.871386 12
1.249124 2.538962 -0.763358 11
1.284601 2.459118 -0.710160 6
1.328440 2.394481 -0.678443 11
1.382380 2.351091 -0.675571 11
1.386763 2.185720 -0.513104 11
1.434431 2.119450 -0.482472 11
1.473374 2.027105 -0.419087 11
1.497288 1.887479 -0.296941 11
1.235894 0.903033 0.886786 10
1.323206 0.895564 0.828937 10
1.445988 1.006119 0.626138 10
1.524536 0.982440 0.591249 10
1.624865 1.038639 0.459939 10
1.697196 0.999591 0.445256 8
1.839560 1.242012 0.095647 8
1.924610 1.274706 -0.000475 8
1.999056 1.268017 -0.049067 8
2.076211 1.278350 -0.116724 8
2.147710 1.265497 -0.156811 8
2.216308 1.239307 -0.181276 8
2.283729 1.206815 -0.198473 8
2.353009 1.186528 -0.229264 8
2.422867 1.172558 -0.266778 8
2.482787 1.080737 -0.218567 8
2.518320 0.749796 0.088307 8
-1.274509 3.444396 0.420827 6
-1.145887 3.438397 0.324692 6
-0.605175 3.737447 -0.405245 13
-0.554096 3.689009 -0.397006 13
-0.424438 3.701853 -0.512707 13
-0.374982 3.654081 -0.503719 13
-0.303110 3.624868 -0.531126 13
-0.231205 3.596796 -0.559645 13
-0.203069 3.531266 -0.515674 13
-0.132378 3.503211 -0.543120 13
-0.081726 3.457468 -0.536798 12
-0.024198 3.418344 -0.542532 12
0.067157 3.413340 -0.609404 12
0.151395 3.403495 -0.665706 12
0.183543 3.340476 -0.627051 12
0.276409 3.342687 -0.702237 12
0.340625 3.315379 -0.724893 12
0.399086 3.282290 -0.737098 12
0.446732 3.236708 -0.728063 12
0.512049 3.212786 -0.754835 12
0.587857 3.203418 -0.804566 12
0.646013 3.172668 -0.818663 12
0.651915 3.070919 -0.719551 12
0.736004 3.075634 -0.789911 12
0.844238 3.118663 -0.918110 12
0.907065 3.098546 -0.946448 12
0.969934 3.079675 -0.976032 12
1.023429 3.046857 -0.984023 12
1.101321 3.055229 -1.052995 12
1.128836 2.979154 -0.996483 12
1.165820 2.917129 -0.961623 12
1.191010 2.831014 -0.892916 12
1.220716 2.749765 -0.832622 12
1.258743 2.681711 -0.792208 12
1.270205 2.555329 -0.671460 11
1.331482 2.530248 -0.692895 6
1.367593 2.448827 -0.637108 11
1.423112 2.409433 -0.639301 11
1.438866 2.271357 -0.509596 11
1.452885 2.119551 -0.364391 11
1.494898 2.032598 -0.307186 11
1.342399 0.871688 1.002967 10
1.437956 0.891009 0.910324 10
1.550700 0.976428 0.736669 10
1.722875 1.293372 0.279612 8
1.789506 1.243932 0.279975 8
1.905642 1.396391 0.034958 8
1.982539 1.401553 -0.028547 8
2.042159 1.331225 -0.001135 8
2.117170 1.332782 -0.059353 8
2.178902 1.267826 -0.038924 8
2.247304 1.236518 -0.058134 8
2.313032 1.188240 -0.057761 8
2.390843 1.221231 -0.150202 8
2.459175 1.194369 -0.173724 8
2.526428 1.158901 -0.187488 8
2.582678 1.014402 -0.080461 8
-1.193148 3.526606 0.424939 6
-0.540989 3.889536 -0.478845 13
-0.460453 3.864223 -0.518438 13
-0.392998 3.830572 -0.538742 13
-0.396783 3.742669 -0.445249 13
-0.313271 3.721882 -0.491679 13
-0.225545 3.706265 -0.546778 13
-0.181476 3.655497 -0.530150 13
-0.164519 3.580629 -0.466608 13
-0.102855 3.544376 -0.479059 13
0.006426 3.553201 -0.576535 13
0.047362 3.499607 -0.554142 13
0.102722 3.459757 -0.557544 12
0.201972 3.465205 -0.643194 12
0.255754 3.425649 -0.645476 12
0.303079 3.379234 -0.635369 12
0.366846 3.351098 -0.657385 12
0.436134 3.330290 -0.691374 12
0.489152 3.291262 -0.693288 12
0.546024 3.257141 -0.703323 12
0.574605 3.187140 -0.653270 12
0.631605 3.152823 -0.663051 12
0.688881 3.119274 -0.673779 12
0.778568 3.132072 -0.758649 12
0.838067 3.104195 -0.776921 12
0.877649 3.046831 -0.748459 12
0.962224 3.058735 -0.828102 12
1.080527 3.129022 -0.995526 12
1.127379 3.086660 -0.988311 12
1.163838 3.025621 -0.953232 12
1.210865 2.981786 -0.944469 12
1.203473 2.834917 -0.784621 12
1.238100 2.761448 -0.734846 12
1.287838 2.715656 -0.725949 12
1.324556 2.641512 -0.676962 12
1.361493 2.564625 -0.625189 11
1.423830 2.542424 -0.650750 11
1.436551 2.402678 -0.513752 11
1.480361 2.331224 -0.472848 11
1.480689 2.142904 -0.274892 11
1.533820 2.084507 -0.254851 11
1.687216 1.356562 0.393356 8
1.783488 1.416397 0.255767 8
1.870610 1.451850 0.151072 8
1.942840 1.433749 0.114486 8
2.008579 1.388722 0.111423 8
2.074727 1.344094 0.107711 8
2.146404 1.326399 0.071390 8
2.215263 1.295425 0.051350 8
2.294014 1.324821 -0.039978 8
2.363453 1.303804 -0.070809 8
2.414818 1.152449 0.050043 8
2.459167 0.916885 0.265378 8
-0.545943 3.990623 -0.446497 13
-0.489125 3.947994 -0.449374 13
-0.416673 3.917016 -0.477434 13
-0.373745 3.865179 -0.458868 13
-0.381396 3.774189 -0.356901 13
-0.287422 3.760992 -0.421311 13
-0.201805 3.743181 -0.473815 13
-0.113838 3.729230 -0.532248 13
-0.023259 3.719625 -0.597342 13
0.002876 3.654266 -0.550020 13
0.081553 3.636404 -0.596344 13
0.092908 3.555643 -0.520319 13
0.166970 3.534607 -0.559286 13
0.176018 3.448563 -0.475580 12
0.235891 3.413404 -0.487682 12
0.346290 3.433871 -0.600373 12
0.385917 3.378817 -0.574493 12
0.451503 3.353081 -0.601039 12
0.515105 3.326020 -0.624455 12
0.554962 3.270423 -0.597921 12
0.610398 3.233808 -0.604288 12
0.668636 3.201170 -0.617102 12
0.736357 3.182046 -0.652000 12
0.797717 3.155311 -0.673489 12
0.833651 3.092100 -0.635181 12
0.908131 3.085740 -0.688966 12
0.989566 3.092621 -0.762488 12
1.050737 3.069673 -0.787528 12
1.120257 3.061868 -0.835480 12
1.193875 3.063382 -0.896656 12
1.267019 3.066853 -0.959465 12
1.265418 2.931926 -0.813263 12
1.276721 2.814433 -0.696104 6
1.315507 2.746490 -0.654241 12
1.351254 2.669393 -0.600001 12
1.341156 2.487099 -0.395681 11
1.428186 2.516813 -0.497351 11
1.478503 2.463659 -0.480295 11
1.478833 2.282686 -0.285463 11
1.530619 2.224021 -0.263451 11
1.542828 2.053572 -0.089245 11
1.599853 1.999936 -0.076634 11
1.608296 1.274910 0.699987 8
1.737692 1.439978 0.419439 8
1.817151 1.439527 0.357346 8
1.900742 1.460336 0.269111 8
1.987274 1.501310 0.156852 8
2.052749 1.455754 0.154869 8
2.120380 1.419136 0.141624 8
2.189433 1.389609 0.119693 8
2.262529 1.384051 0.068747 8
2.333806 1.371850 0.026518 8
2.401650 1.339639 0.008746 8
2.460518 1.238133 0.073154 8
-0.479142 4.137830 -0.525213 13
-0.446789 4.080292 -0.491560 13
-0.389643 4.039241 -0.496711 13
-0.351080 3.985350 -0.472079 13
-0.355203 3.899498 -0.376528 13
-0.294567 3.860485 -0.386537 13
-0.330826 3.745690 -0.232222 13
-0.158139 3.796474 -0.434246 13
-0.072592 3.780494 -0.489975 3
0.010266 3.764141 -0.542908 3
0.069729 3.728704 -0.555242 3
0.115609 3.681283 -0.542989 13
0.156883 3.629233 -0.521721 4
0.235093 3.613086 -0.570516 13
0.247222 3.531383 -0.492242 13
0.247869 3.435034 -0.388274 12
0.356737 3.452848 -0.499512 12
0.409978 3.412228 -0.500244 12
0.500169 3.414611 -0.578761 12
0.533391 3.351610 -0.538087 12
0.588823 3.314667 -0.544357 12
0.623360 3.251196 -0.504072 12
0.660057 3.189012 -0.466897 12
0.723926 3.162615 -0.491437 12
0.791988 3.143149 -0.526951 12
0.923813 3.218903 -0.719717 2
1.015694 3.242037 -0.821507 2
1.079033 3.224509 -0.854911 2
1.078097 3.103169 -0.721019 12
1.141199 3.084176 -0.752425 12
1.210852 3.078051 -0.803286 12
1.259039 3.034932 -0.795658 12
1.309822 2.996131 -0.794822 12
1.293489 2.824244 -0.592161 6
1.348541 2.788119 -0.597584 12
1.386362 2.714978 -0.547977 6
1.366911 2.510486 -0.306521 11
1.445178 2.519290 -0.380190 11
1.488305 2.446410 -0.334896 11
1.478590 2.235193 -0.093646 11
1.543305 2.206231 -0.114232 11
1.578366 2.094812 -0.019460 11
1.554107 1.800908 0.325359 2
1.483887 1.057036 1.205652 8
1.681758 1.433357 0.629402 8
1.785887 1.515961 0.454160 8
1.866381 1.521596 0.383340 8
1.931657 1.469694 0.388644 8
2.009415 1.470755 0.325332 8
2.087982 1.480879 0.251439 8
2.153152 1.429422 0.256696 8
2.221380 1.391903 0.244166 8
2.295476 1.388871 0.188797 8
2.368761 1.386112 0.133887 8
2.441763 1.387319 0.074913 8
-0.461501 4.250282 -0.528118 13
-0.403678 4.210077 -0.535382 13
-0.380113 4.147679 -0.488117 13
-0.314506 4.113058 -0.508100 13
-0.278117 4.058591 -0.480557 13
-0.431920 3.864308 -0.132668 13
-0.441410 3.769362 -0.020241 13
-0.231858 3.842697 -0.284456 3
-0.096771 3.864031 -0.426185 3
-0.006314 3.852641 -0.492749 3
0.076290 3.836746 -0.547375 3
0.145997 3.811268 -0.580062 3
0.195541 3.768446 -0.575914 3
0.197455 3.680347 -0.480152 13
0.270977 3.659646 -0.521095 13
0.310595 3.606023 -0.496022 13
0.311879 3.511445 -0.392188 13
0.368862 3.473800 -0.399652 12
0.442941 3.455684 -0.443478 12
0.490109 3.408035 -0.431108 12
0.549540 3.374693 -0.445119 12
0.608262 3.341044 -0.458062 12
0.118492 2.604615 0.784534 12
0.704017 3.246537 -0.434604 12
0.759075 3.208435 -0.439081 12
0.908318 3.304441 -0.674040 2
0.971192 3.282947 -0.703560 2
1.070378 3.318086 -0.827400 2
1.114100 3.270747 -0.811407 2
1.155624 3.218957 -0.788438 2
1.165918 3.112721 -0.677693 2
1.256256 3.142747 -0.787840 2
1.293699 3.080640 -0.749483 2
1.308115 2.972302 -0.639518 6
1.341800 2.896348 -0.582166 12
1.377370 2.820910 -0.526865 6
1.376592 2.663451 -0.348370 12
1.416719 2.587643 -0.296233 12
1.480955 2.565103 -0.324327 11
1.526170 2.496890 -0.284782 11
1.544638 2.356512 -0.141182 11
1.603698 2.315798 -0.144033 11
1.574366 2.023248 0.211859 11
1.626704 1.948234 0.253708 11
1.598989 1.344600 0.961643 8
1.731375 1.511461 0.663473 8
1.804683 1.482717 0.636093 8
1.890168 1.503506 0.542600 8
1.958892 1.460948 0.534952 8
2.036450 1.457576 0.475679 8
2.103239 1.406438 0.479647 8
2.194081 1.479523 0.322859 8
2.262332 1.441640 0.310829 8
2.333997 1.424193 0.272906 8
2.399136 1.364840 0.288114 8
-0.592474 4.349892 -0.383483 13
-0.459935 4.351728 -0.505922 13
-0.417843 4.301796 -0.488674 13
-0.356550 4.263884 -0.502065 13
-0.317249 4.212216 -0.480097 13
-0.453907 4.040780 -0.165308 13
-0.418411 3.981664 -0.131323 13
-0.367930 3.932750 -0.122126 13
-0.288938 3.905258 -0.162471 3
-0.151506 3.924587 -0.307776 3
-0.065902 3.906869 -0.364764 3
0.032549 3.901754 -0.447321 3
0.106444 3.878311 -0.487101 3
0.160872 3.839043 -0.491485 3
0.230675 3.814185 -0.525748 3
0.283061 3.774097 -0.527124 3
0.290289 3.690003 -0.438324 13
0.321301 3.627185 -0.394666 13
0.369407 3.580912 -0.384835 13
0.391341 3.506105 -0.319244 13
0.463801 3.485629 -0.360056 12
0.516721 3.444079 -0.359466 12
0.553287 3.382998 -0.322043 12
0.612230 3.348292 -0.334307 12
0.686083 3.333191 -0.381951 12
0.727809 3.277298 -0.354599 12
0.766493 3.216131 -0.318411 12
0.933116 3.335667 -0.601125 2
1.037912 3.375597 -0.738392 2
1.100744 3.357051 -0.771808 2
1.162533 3.338205 -0.803848 2
1.211076 3.298839 -0.800657 2
1.238902 3.223718 -0.738214 2
1.284169 3.176492 -0.722886 2
1.331146 3.131476 -0.711459 2
1.346919 3.025581 -0.602741 6
1.401272 2.991130 -0.609614 6
1.366666 2.770824 -0.325128 12
1.410902 2.706329 -0.288316 12
1.458615 2.647228 -0.260587 12
1.507583 2.589000 -0.234805 11
1.527428 2.456068 -0.097483 11
1.574972 2.386110 -0.056610 11
1.638742 2.357265 -0.077078 11
1.584138 1.987755 0.398423 11
1.661258 1.461175 0.946212 8
1.741626 1.448748 0.893439 8
1.828766 1.465538 0.801138 8
1.920497 1.508287 0.674920 8
2.003458 1.523993 0.587683 8
2.071854 1.479284 0.583154 8
2.149165 1.478013 0.520718 8
2.223308 1.465046 0.474708 8
2.295428 1.443832 0.440148 8
2.379071 1.500141 0.305732 8
-1.421508 6.047162 -1.322146 5
-1.005771 6.038244 -1.709512 5
-1.529174 5.926823 -1.091526 5
-1.434913 5.883044 -1.134765 5
-0.559324 4.470132 -0.408997 13
-0.501704 4.428190 -0.415423 13
-0.393019 4.416591 -0.503688 13
-0.339985 4.373968 -0.504773 13
-0.305620 4.319979 -0.475429 13
-0.463153 4.140885 -0.125248 13
-0.541269 4.005863 0.101137 13
-0.485162 3.958240 0.103493 13
-0.148588 3.946348 -0.194015 7
-0.064522 3.926310 -0.248479 3
0.019382 3.907988 -0.304618 3
0.144604 3.926794 -0.441351 4
0.204303 3.892229 -0.456241 3
0.255721 3.850762 -0.455426 3
0.304697 3.807137 -0.449738 3
0.317541 3.728261 -0.370073 13
0.367234 3.684077 -0.364103 13
0.404460 3.626821 -0.331456 13
0.438035 3.564634 -0.289612 13
0.477068 3.507192 -0.258096 12
0.509857 3.441512 -0.211176 12
0.594301 3.435960 -0.280986 12
0.612902 3.351528 -0.199052 12
0.688165 3.336671 -0.249407 12
0.740141 3.292835 -0.244736 12
0.724609 3.155936 -0.070213 12
0.956706 3.365122 -0.523578 2
1.058643 3.400402 -0.656094 6
1.124163 3.385316 -0.696739 6
1.186361 3.366596 -0.730008 6
1.223117 3.307146 -0.692529 2
1.294667 3.305645 -0.754132 2
1.343003 3.265369 -0.749269 2
1.394249 3.230062 -0.752714 2
1.377418 3.062819 -0.539960 6
1.416243 2.996696 -0.495724 6
1.392954 2.797069 -0.238655 12
1.437522 2.732129 -0.200561 12
1.414678 2.509604 0.083589 11
1.491033 2.508401 0.018586 11
1.578442 2.538538 -0.093121 11
1.597666 2.394864 0.061199 11
1.662716 2.367589 0.037483 11
1.644250 1.305828 1.319632 8
1.731774 1.307019 1.243539 8
1.851468 1.439289 0.983645 8
1.943390 1.479160 0.857964 8
2.013922 1.434567 0.851584 8
2.103182 1.478930 0.723143 8
2.185957 1.502657 0.625042 8
2.259120 1.482261 0.588019 8
-1.490387 6.136260 -1.220126 5
-0.935053 6.130499 -1.759127 5
-0.928823 6.083270 -1.714344 5
-0.907133 6.037272 -1.685925 5
-0.813761 5.999897 -1.737027 5
-0.784845 5.955495 -1.717156 5
-0.486391 4.537130 -0.414126 13
-0.376043 4.525168 -0.506195 13
-0.312695 4.488808 -0.524859 13
-0.307153 4.418673 -0.448925 13
-0.434701 4.264319 -0.147913 13
-0.521166 4.128603 0.092384 13
-0.163591 4.040348 -0.144610 7
-0.105585 3.999217 -0.151327 7
-0.039866 3.964626 -0.172856 7
0.029973 3.934271 -0.203093 7
0.093064 3.899316 -0.221382 3
0.161704 3.869981 -0.251364 3
0.297674 3.902804 -0.417927 3
0.329952 3.843727 -0.378258 3
0.331537 3.753756 -0.273061 13
0.400415 3.728112 -0.306986 13
0.448475 3.682077 -0.297079 13
0.490733 3.629581 -0.273914 13
0.502247 3.542156 -0.180363 13
0.547078 3.489963 -0.159626 13
0.597831 3.444166 -0.151853 12
0.640745 3.388440 -0.124789 12
0.683534 3.331576 -0.096078 12
0.745201 3.298697 -0.113361 12
0.762193 3.204970 -0.016335 12
0.838604 3.192191 -0.070978 12
1.074329 3.417642 -0.558061 6
1.142532 3.405713 -0.605902 6
1.207813 3.391069 -0.647651 6
1.261851 3.359478 -0.658559 2
1.316142 3.328666 -0.670485 2
1.366591 3.291332 -0.670890 2
1.395342 3.213212 -0.602137 2
1.424169 3.131580 -0.529043 2
1.361932 2.860707 -0.144250 12
1.388170 2.756908 -0.041591 12
1.381165 2.573299 0.188012 12
1.448069 2.547735 0.159517 12
1.515212 2.523941 0.128827 11
1.549081 2.416595 0.229689 11
1.508532 2.102685 0.648584 11
1.849620 1.310471 1.319511 8
1.931666 1.296905 1.265150 8
2.048827 1.448770 0.977771 8
2.126745 1.435942 0.926474 8
2.226169 1.543033 0.709704 8
-1.443318 6.234819 -1.240691 5
-1.216241 6.197075 -1.428891 5
-0.822869 6.176773 -1.803839 5
-0.832388 6.129300 -1.742266 5
-0.786197 6.086609 -1.742010 5
-0.665843 6.052772 -1.826160 5
-0.625448 6.011239 -1.821044 5
-0.560728 4.599252 -0.270617 13
-0.397787 4.611929 -0.446342 13
-0.359827 4.560828 -0.423527 13
-0.287979 4.528769 -0.456385 13
-0.263535 4.469868 -0.410706 13
-0.141687 4.160670 -0.161848 7
-0.058925 4.138251 -0.215627 7
-0.019977 4.084379 -0.188891 7
0.032733 4.040785 -0.187688 7
0.073495 3.987672 -0.163266 7
0.123107 3.941502 -0.155599 7
0.180552 3.902127 -0.163525 3
0.248266 3.872442 -0.192892 3
0.318889 3.846553 -0.229478 3
0.323654 3.758334 -0.126984 13
0.425301 3.763902 -0.231191 13
0.488054 3.732708 -0.253250 13
0.543027 3.694015 -0.258558 13
0.587744 3.644206 -0.240345 13
0.542245 3.490038 -0.008547 13
0.618668 3.473125 -0.060353 12
0.667656 3.424226 -0.046772 12
0.712422 3.369446 -0.021797 12
0.723110 3.268468 0.092292 12
0.776692 3.222183 0.098880 12
1.033369 3.466029 -0.442615 6
1.145844 3.517645 -0.611635 6
1.202028 3.489390 -0.629201 6
1.257412 3.460504 -0.645076 6
1.292594 3.398516 -0.601003 6
1.332376 3.342364 -0.568269 6
1.388154 3.313399 -0.583914 2
1.431014 3.260660 -0.557929 2
1.382492 3.027000 -0.222634 12
1.397959 2.907001 -0.087429 12
1.401082 2.753060 0.101557 12
1.446065 2.682097 0.148996 12
1.460099 2.535380 0.319382 6
1.528742 2.512367 0.285790 11
1.580450 2.447118 0.320550 11
2.064250 1.367410 1.245002 8
-0.906177 6.208414 -1.633864 5
-0.713159 6.176037 -1.798182 5
-0.641304 6.136578 -1.828722 5
-0.556455 6.099591 -1.875352 5
-0.524344 6.057959 -1.861930 5
-0.511417 6.014035 -1.825893 5
-0.445451 4.686559 -0.343933 13
-0.340033 4.669939 -0.430877 13
-0.280758 4.630869 -0.443860 13
-0.207481 4.600316 -0.481094 13
-0.176545 4.546327 -0.447036 13
-0.064653 4.316173 -0.279747 7
-0.065945 4.236000 -0.180471 7
0.010894 4.210051 -0.225552 7
0.064548 4.168173 -0.227745 7
0.075223 4.093116 -0.146118 7
0.131409 4.052665 -0.152201 7
0.157993 3.987866 -0.098648 7
0.198265 3.933533 -0.071404 7
0.234510 3.874961 -0.034730 3
0.324887 3.865713 -0.112492 3
0.344653 3.791126 -0.039286 3
0.462479 3.812066 -0.181217 13
0.541709 3.797874 -0.241273 13
0.580303 3.742314 -0.209683 13
0.621115 3.688250 -0.181940 13
0.679169 3.653119 -0.194532 13
0.558456 3.405656 0.233366 12
0.607811 3.352937 0.251703 12
0.670839 3.317086 0.235781 12
0.722354 3.266539 0.249706 12
0.775934 3.218291 0.258947 12
0.819973 3.155981 0.295336 12
1.185986 3.571179 -0.580976 6
1.227241 3.520239 -0.555914 6
1.281467 3.488994 -0.568028 6
1.314538 3.422747 -0.515380 6
1.377528 3.406123 -0.554040 6
1.395587 3.309510 -0.448170 2
1.340186 3.068491 -0.088755 12
1.413673 3.064263 -0.152560 12
1.375594 2.832565 0.179044 12
1.428301 2.779077 0.198053 12
1.454189 2.663484 0.321767 6
1.467776 2.511207 0.504115 11
-1.299771 6.224344 -1.107568 5
-0.764633 6.209282 -1.661706 5
-0.601569 6.175888 -1.797844 5
-0.507433 6.139349 -1.856704 5
-0.432136 6.102503 -1.894958 5
-0.384553 6.063618 -1.901171 5
-0.378736 6.019811 -1.857064 5
-1.159394 5.862113 -0.843913 5
-0.454528 4.781749 -0.303034 13
-0.383059 4.746655 -0.334652 13
-0.316241 4.710294 -0.359658 13
-0.214020 4.693747 -0.445688 13
-0.152513 4.657108 -0.464415 13
-0.057074 4.640778 -0.543261 13
-0.019195 4.592342 -0.522481 13
-0.020280 4.519476 -0.430855 13
0.048635 4.489584 -0.464813 13
-0.058767 4.343035 -0.171264 7
-0.001960 4.302722 -0.179326 7
0.035826 4.249212 -0.151104 7
0.089600 4.207090 -0.153361 7
0.136069 4.159622 -0.141208 7
0.159648 4.093704 -0.082202 7
0.190599 4.032422 -0.036356 7
0.120754 3.883310 0.223415 3
0.195877 3.855892 0.181893 3
0.256484 3.816500 0.170515 3
0.296258 3.757682 0.205146 13
0.546354 3.906589 -0.237048 13
0.587741 3.855102 -0.212962 13
0.625867 3.799469 -0.180089 13
0.647152 3.724227 -0.105001 13
0.650287 3.625723 0.018302 13
0.545059 3.394195 0.420936 12
0.634810 3.388987 0.338328 12
0.553701 3.168065 0.703757 12
0.655156 3.176268 0.592698 12
0.705895 3.118659 0.617097 12
0.842277 3.182897 0.399527 12
0.913348 3.158370 0.361508 12
0.959154 3.096131 0.397458 12
1.073229 3.142439 0.225742 2
1.186637 3.194928 0.046854 2
1.244097 3.157256 0.040123 12
1.307867 3.131217 0.012307 12
1.364971 3.093560 0.006333 12
1.435168 3.082003 -0.046190 12
1.411076 2.876470 0.246167 6
1.455019 2.803442 0.299825 6
1.498315 2.725585 0.360662 6
1.504593 2.555041 0.578745 11
-1.359777 6.211556 -0.887256 5
-0.594689 6.212769 -1.728304 5
-0.482078 6.176862 -1.810327 5
-0.389661 6.141157 -1.870256 5
-0.331574 6.103391 -1.889966 5
-0.277498 6.065975 -1.905516 5
-0.259787 6.024408 -1.876187 5
-0.265297 5.979212 -1.816993 5
-1.080397 5.802938 -0.716882 5
-0.450151 4.883147 -0.283468 13
-0.347614 4.861905 -0.367134 13
-0.245107 4.842989 -0.453454 13
-0.207281 4.793880 -0.432361 13
-0.128925 4.765851 -0.480930 13
-0.036407 4.747056 -0.556057 13
-0.017696 4.688533 -0.502019 13
0.033372 4.648034 -0.505066 13
0.079512 4.604874 -0.499281 13
0.117578 4.556699 -0.478326 13
0.004343 4.408247 -0.168894 7
0.068068 4.373282 -0.191542 7
0.086848 4.307186 -0.126612 7
0.143918 4.267849 -0.136176 7
0.165836 4.202081 -0.074520 7
0.202907 4.146852 -0.042136 7
0.148834 3.924677 0.302059 3
0.535784 3.999341 -0.197659 13
0.592849 3.963820 -0.210363 13
0.647260 3.926105 -0.217229 13
0.662580 3.847187 -0.129563 13
0.710247 3.801142 -0.118108 13
0.168257 3.080377 1.386084 12
0.451420 3.287686 0.823149 2
0.477413 3.197834 0.915226 2
0.558079 3.174683 0.863721 2
0.658116 3.179181 0.756199 2
0.699051 3.106047 0.811746 2
0.786252 3.097191 0.735453 12
0.851827 3.058973 0.720258 12
1.058960 3.241451 0.269171 2
1.155912 3.264231 0.141702 2
1.222696 3.241443 0.105465 2
1.262282 3.172218 0.158647 2
1.313126 3.121031 0.176735 2
1.341466 3.025557 0.276709 6
1.388375 2.962161 0.315538 6
1.445539 2.918006 0.318668 6
1.464528 2.789308 0.473209 6
-1.775657 6.235426 -0.299229 5
-1.648023 6.184287 -0.383368 5
-0.458843 6.214435 -1.760898 5
-0.348040 6.179606 -1.844789 5
-0.256736 6.144992 -1.906750 5
-0.245125 6.103146 -1.870077 5
-0.185101 6.067006 -1.894591 5
-0.162352 6.026637 -1.871867 5
-0.140600 5.986047 -1.847573 5
-0.895530 5.817469 -0.794782 5
-0.860461 5.768377 -0.774808 5
-0.930498 5.699130 -0.612011 5
-0.466107 4.975577 -0.230151 13
-0.352797 4.957182 -0.332132 13
-0.241954 4.940389 -0.433187 13
-0.151649 4.916545 -0.502321 13
-0.069103 4.890821 -0.560260 13
-0.061417 4.828151 -0.488092 13
0.011095 4.798892 -0.529988 13
0.031620 4.741872 -0.478751 13
0.052559 4.684114 -0.426780 13
0.134332 4.662145 -0.487570 13
0.187331 4.623893 -0.495525 13
0.188082 4.551969 -0.402385 13
0.195926 4.482686 -0.320180 13
0.146369 4.371031 -0.119877 7
0.217582 4.342597 -0.159538 7
0.186948 4.238142 0.011298 7
0.549848 4.114384 -0.213880 13
0.588439 4.062010 -0.185044 13
0.649473 4.030959 -0.208371 13
0.687583 3.977371 -0.176921 13
0.644394 3.836800 0.057671 13
0.660892 3.754317 0.151309 13
0.353436 3.299092 1.088947 2
0.473889 3.319301 0.935183 2
0.586824 3.335639 0.794821 2
0.649770 3.293040 0.786855 2
0.732355 3.276853 0.722845 2
0.751727 3.175612 0.840456 2
0.795225 3.104541 0.892258 12
1.069130 3.376481 0.238391 6
1.146650 3.368397 0.169650 2
1.214856 3.347916 0.127690 2
1.259501 3.289143 0.162569 2
1.310668 3.240195 0.177563 2
1.366158 3.198349 0.178657 2
1.420570 3.154126 0.184369 2
1.441522 3.041673 0.318136 6
1.494582 2.990145 0.335793 6
-1.758713 6.167217 -0.072931 5
-1.715707 6.109912 -0.053999 5
-0.248991 6.179824 -1.840219 5
-0.179305 6.143789 -1.877421 5
-0.116794 6.108090 -1.906516 5
-0.105552 6.066821 -1.869201 5
-0.062866 6.029629 -1.873109 5
-0.074355 5.984518 -1.804372 5
-0.848057 5.809962 -0.693877 5
-0.804597 5.762149 -0.684944 5
-0.795841 5.707791 -0.627535 5
-0.797432 5.650518 -0.554298 5
-0.413445 4.962740 -0.116582 13
-0.196023 4.991081 -0.400663 13
-0.112897 4.963681 -0.459149 13
-0.006978 4.949068 -0.559988 13
0.025250 4.899736 -0.531530 13
0.047201 4.844591 -0.483550 13
0.082076 4.795706 -0.458182 13
0.136650 4.757792 -0.469294 13
0.171825 4.708849 -0.443694 13
0.212722 4.663087 -0.428504 13
0.259682 4.621114 -0.424922 13
0.285599 4.565178 -0.378867 13
0.337974 4.526730 -0.385564 13
0.198509 4.349730 0.008083 7
0.509813 4.264757 -0.221138 13
0.551760 4.216732 -0.201800 13
0.607903 4.181195 -0.214849 13
0.658425 4.140899 -0.214972 13
0.668439 4.061104 -0.116406 13
0.672213 3.972051 0.001940 13
0.616591 3.816707 0.276407 13
0.420288 3.382382 1.089030 2
0.484565 3.337058 1.082587 2
0.594899 3.348657 0.947932 6
0.690593 3.346301 0.848680 2
0.761892 3.315079 0.816017 2
0.789693 3.224827 0.912376 6
0.819596 3.133901 1.007745 2
1.119609 3.444747 0.254840 6
1.172378 3.398814 0.263573 6
1.236259 3.370541 0.236083 6
1.292715 3.330646 0.233002 6
1.367683 3.323655 0.164494 2
1.407012 3.253273 0.222810 2
1.451837 3.190602 0.264800 2
1.497677 3.127671 0.306380 2
-1.829398 6.213932 0.125666 5
-1.704718 6.160611 0.041976 5
-1.688893 6.100961 0.096330 5
-0.140165 6.181374 -1.851294 5
-0.076547 6.145570 -1.882874 5
-0.026825 6.109154 -1.896914 5
0.013865 6.072222 -1.899336 5
0.037879 6.033305 -1.879200 5
0.030343 5.989357 -1.814966 5
-0.739703 5.813022 -0.676114 5
-0.727992 5.759914 -0.622754 5
-0.710553 5.707323 -0.576594 5
-0.711404 5.650285 -0.502779 5
-0.647693 5.607079 -0.523005 5
-0.654934 5.547258 -0.437510 5
-0.389539 5.201883 -0.300403 5
-0.253628 5.126803 -0.360528 5
-0.175140 5.095216 -0.410432 5
-0.139507 5.046348 -0.386901 13
-0.112002 4.993562 -0.348367 13
0.029350 4.994620 -0.514549 13
0.054190 4.941735 -0.472247 13
0.108652 4.903571 -0.483975 13
0.137898 4.852300 -0.448446 13
0.200383 4.819247 -0.475877 13
0.207375 4.754471 -0.395718 13
0.256311 4.713686 -0.396435 13
0.315783 4.679895 -0.418589 13
0.333917 4.619497 -0.356463 13
0.355941 4.560423 -0.300355 13
0.396882 4.513679 -0.282636 13
0.474713 4.416272 -0.236343 13
0.517943 4.370394 -0.221624 13
0.571847 4.333218 -0.230861 13
0.592749 4.267818 -0.163075 13
0.628377 4.213914 -0.127728 13
0.657049 4.152604 -0.073884 13
0.687271 4.091332 -0.021558 13
0.688294 3.999046 0.107452 13
0.491854 3.470935 1.074005 6
0.611290 3.492053 0.911849 6
0.644105 3.412311 0.989263 6
0.703296 3.363618 0.993674 2
0.786615 3.346882 0.926259 6
0.838275 3.288729 0.953105 2
0.898798 3.242317 0.953767 2
1.116700 3.432708 0.443438 6
1.223073 3.468262 0.277099 6
1.271440 3.415472 0.301047 6
1.329542 3.378187 0.292426 6
1.410171 3.381424 0.201344 6
1.436798 3.287442 0.309051 2
1.482875 3.226314 0.348694 2
1.515288 3.134860 0.447169 2
-1.723545 6.210507 0.178569 5
-1.702393 6.150701 0.227373 5
-1.665018 6.091865 0.255360 5
-0.061918 6.180539 -1.824958 5
-0.004062 6.144584 -1.850432 5
0.038386 6.107656 -1.855543 5
0.094523 6.073044 -1.880178 5
0.124314 6.035387 -1.868400 5
0.123715 5.992931 -1.813005 5
-0.678648 5.808300 -0.592321 5
-0.620076 5.763962 -0.606419 5
-0.633073 5.705626 -0.514538 5
-0.570800 5.662482 -0.534151 5
-0.512555 5.619216 -0.548404 5
-0.555462 5.551193 -0.406474 5
-0.511599 5.503888 -0.397309 5
-0.294021 5.269876 -0.348403 5
-0.300201 5.205152 -0.253473 5
-0.157705 5.196643 -0.413921 5
-0.102574 5.156317 -0.425500 5
-0.056905 5.112534 -0.420692 5
-0.135770 5.013166 -0.189863 7
0.041189 5.028793 -0.423582 5
0.082335 4.983575 -0.410528 13
0.167232 4.960732 -0.480421 13
0.215890 4.920478 -0.482650 13
0.248314 4.871523 -0.453165 13
0.251165 4.804977 -0.363711 13
0.298108 4.763168 -0.360891 13
0.334504 4.714909 -0.336252 13
0.367953 4.664351 -0.304613 13
0.423550 4.628331 -0.319310 13
0.440474 4.565483 -0.250281 13
0.494514 4.528436 -0.261122 13
0.536844 4.482899 -0.245890 13
0.587093 4.443467 -0.248327 13
0.579878 4.356623 -0.115744 13
0.614564 4.302380 -0.078292 13
0.658885 4.255871 -0.062826 13
0.701394 4.207377 -0.042110 13
0.633210 4.051170 0.262004 13
0.615909 3.502738 1.078979 6
0.689644 3.471461 1.041201 6
0.765532 3.444271 0.995351 6
0.821684 3.392437 1.008247 6
0.868188 3.326731 1.052716 2
0.935928 3.290037 1.031035 2
1.260260 3.516512 0.335581 6
1.323942 3.488810 0.306124 6
1.373721 3.438281 0.326179 6
1.441900 3.419832 0.278662 6
1.471651 3.330844 0.378499 2
1.516875 3.267527 0.423513 6
-1.663922 6.143375 0.370770 5
-1.615818 6.084977 0.385037 5
0.033250 6.181694 -1.823508 5
0.094443 6.146792 -1.855531 5
0.122241 6.108754 -1.841078 5
0.185056 6.075617 -1.876983 5
0.200073 6.036293 -1.844261 5
0.211416 5.996067 -1.805488 5
-0.610855 5.804988 -0.516993 5
-0.557530 5.759737 -0.523897 5
-0.524026 5.710887 -0.500775 5
-0.507823 5.658091 -0.450331 5
-0.480422 5.607400 -0.416471 5
-0.458989 5.554898 -0.372380 5
-0.441124 5.500925 -0.321520 5
-0.344371 5.469225 -0.399358 5
-0.299134 5.423685 -0.393611 5
-0.294555 5.365192 -0.319057 5
-0.219723 5.329587 -0.363261 5
-0.135462 5.298692 -0.425402 5
-0.067333 5.263358 -0.461035 5
-0.016826 5.222109 -0.466270 5
0.012531 5.172456 -0.433267 5
0.041543 5.122248 -0.398761 5
0.064706 5.068901 -0.352321 5
0.121225 5.030841 -0.368265 13
0.149709 4.979369 -0.330424 13
0.228585 4.953751 -0.390887 13
0.293738 4.922314 -0.425938 13
0.294598 4.855249 -0.331119 13
0.339763 4.812567 -0.325045 13
0.353687 4.750596 -0.252873 13
0.390811 4.702102 -0.228039 13
0.427455 4.652903 -0.201295 13
0.496487 4.625976 -0.245744 13
0.512464 4.561672 -0.171467 13
0.568031 4.525715 -0.185909 13
0.607505 4.477616 -0.162952 13
0.639211 4.422689 -0.120366 13
0.672375 4.368009 -0.079576 13
0.725873 4.330450 -0.087946 13
0.733503 3.528560 1.098657 6
0.780925 3.465065 1.139203 6
1.334547 3.493021 0.462153 6
1.399473 3.466522 0.429062 6
1.443154 3.402784 0.477114 6
-1.589948 6.138827 0.468994 5
-1.535060 6.081022 0.473700 5
0.117637 6.182229 -1.809518 5
0.191199 6.149286 -1.861364 5
0.235175 6.113950 -1.871328 5
0.249890 6.075039 -1.838261 5
0.298474 6.041089 -1.855581 5
0.302581 6.000266 -1.805686 5
-0.637611 5.784478 -0.294295 5
-0.466351 5.761434 -0.484578 5
-0.419651 5.715771 -0.482419 5
-0.376503 5.669657 -0.474733 5
-0.350091 5.619661 -0.439758 5
-0.336473 5.565990 -0.382869 5
-0.281446 5.523157 -0.394093 5
-0.237586 5.477619 -0.386845 5
-0.190476 5.433331 -0.385207 5
-0.158520 5.384338 -0.357170 5
-0.023858 5.371158 -0.511083 5
-0.027612 5.310410 -0.420022 5
0.019985 5.268027 -0.420426 5
0.042927 5.215910 -0.375140 5
0.101304 5.178326 -0.395526 5
0.132167 5.129139 -0.363896 5
0.214537 5.103804 -0.431796 5
0.152173 5.008986 -0.215248 13
0.297188 5.016374 -0.409333 13
0.327139 4.966568 -0.374382 13
0.396235 4.938226 -0.419853 13
0.384980 4.864067 -0.296695 13
0.434905 4.824663 -0.301181 13
0.421872 4.745422 -0.167657 13
0.463895 4.699761 -0.152353 13
0.504872 4.653221 -0.134108 13
0.570693 4.624384 -0.172816 13
0.573703 4.549498 -0.064445 13
0.588649 4.481311 0.019446 13
0.612176 4.418066 0.085657 13
0.609539 4.330974 0.220360 13
-1.519236 6.134400 0.573568 5
-1.463049 6.076682 0.576220 5
0.201002 6.183066 -1.796071 5
0.260583 6.149101 -1.829520 5
0.289234 6.112109 -1.817192 5
0.330845 6.077095 -1.824650 5
0.357865 6.040245 -1.809821 5
0.372304 6.001257 -1.774974 5
-0.457419 5.746795 -0.313228 5
-0.419405 5.698339 -0.295673 5
-0.313984 5.665870 -0.390005 5
-0.280392 5.617524 -0.366038 5
-0.265572 5.564032 -0.309487 5
-0.237457 5.513597 -0.274593 5
-0.177967 5.472377 -0.294121 5
-0.096680 5.438948 -0.353355 5
0.019761 5.419067 -0.478273 5
0.055150 5.373006 -0.457949 5
0.082501 5.323810 -0.422137 5
0.119029 5.277836 -0.402772 5
0.132555 5.222138 -0.338596 5
0.209112 5.193066 -0.395928 5
0.239589 5.144315 -0.363532 5
0.248052 5.084512 -0.285646 5
0.274155 5.032170 -0.241524 13
0.313926 4.986338 -0.224572 13
0.364667 4.946455 -0.230440 13
0.412579 4.905342 -0.230446 13
0.478549 4.875377 -0.270289 13
0.477372 4.804337 -0.160961 13
0.482255 4.734854 -0.061450 13
0.519255 4.685145 -0.032960 13
0.529232 4.615640 0.060759 13
0.522038 4.531169 0.199730 13
0.563052 4.480700 0.225339 13
-1.455234 6.129826 0.690237 5
-1.401833 6.071727 0.697032 5
0.288396 6.184734 -1.790802 5
0.332504 6.149560 -1.802395 5
0.373252 6.114500 -1.809245 5
0.414265 6.079943 -1.816895 5
0.415992 6.039477 -1.761854 5
0.469079 6.007413 -1.789104 5
-0.846121 5.711896 0.440126 5
-0.733344 5.672343 0.342317 5
0.286054 5.839244 -1.296026 5
0.329589 5.802660 -1.302518 5
0.297289 5.746928 -1.177078 5
0.193661 5.669373 -0.921950 5
0.136351 5.600644 -0.742679 5
0.125777 5.543193 -0.643410 5
0.094479 5.477228 -0.502986 5
0.114846 5.426734 -0.455444 5
0.154321 5.382620 -0.443008 5
0.153943 5.323111 -0.353141 5
0.189150 5.276553 -0.330546 5
0.253462 5.242317 -0.365514 5
0.250100 5.178636 -0.264248 5
0.322721 5.148970 -0.316632 5
0.327445 5.087097 -0.228273 5
0.351554 5.033592 -0.178361 5
0.418956 5.002748 -0.220858 13
0.430237 4.941258 -0.140768 13
0.505639 4.916240 -0.202213 13
0.486349 4.834166 -0.048774 13
0.447784 4.736160 0.155442 13
0.458269 4.666588 0.250685 13
0.532430 4.639834 0.195106 13
0.514927 4.547193 0.364278 13
-1.498489 6.180800 0.884295 5
-1.331398 6.130320 0.718150 5
-1.287876 6.071985 0.739248 5
0.344540 6.183506 -1.738895 5
0.418171 6.152054 -1.798243 5
0.460777 6.117816 -1.809259 5
0.480118 6.080597 -1.782678 5
0.502702 6.043739 -1.760931 5
0.538759 6.009236 -1.761415 5
0.405542 5.941609 -1.473446 5
0.356728 5.886856 -1.323485 5
0.412611 5.853662 -1.353026 5
0.360744 5.794722 -1.191901 5
0.332685 5.739260 -1.069203 5
0.213093 5.655887 -0.775404 5
0.260487 5.617155 -0.783353 5
0.274990 5.568424 -0.729624 5
0.202013 5.489390 -0.506781 5
0.229875 5.442155 -0.473324 5
0.221683 5.380956 -0.367675 5
0.285973 5.346692 -0.404299 5
0.276762 5.282737 -0.292222 5
0.314687 5.237453 -0.274311 5
0.350429 5.191070 -0.251275 5
0.362951 5.133203 -0.177711 5
0.482132 5.128280 -0.334420 5
0.354749 4.995637 0.050875 13
0.432493 4.969079 -0.013758 13
0.466323 4.918609 0.020316 13
0.470890 4.849714 0.124273 13
-1.368110 6.181461 0.905907 5
-1.326256 6.121854 0.931215 5
-1.151531 6.074951 0.743856 5
0.434872 6.186310 -1.741955 5
0.496803 6.154131 -1.785040 5
0.512010 6.116567 -1.751510 5
0.559325 6.083660 -1.771534 5
0.594003 6.049287 -1.770608 5
0.602664 6.010367 -1.724581 5
0.498405 5.948071 -1.478302 5
0.490819 5.902576 -1.398010 5
0.510452 5.862276 -1.364919 5
0.460587 5.804073 -1.203057 5
0.488031 5.763974 -1.180951 5
0.298820 5.661190 -0.747437 5
0.319468 5.614705 -0.704868 5
0.226315 5.530553 -0.438603 5
0.264522 5.486829 -0.424957 5
0.247860 5.423070 -0.300286 5
0.256162 5.366726 -0.222860 5
0.333821 5.337367 -0.287509 5
0.363928 5.289242 -0.253654 5
0.395902 5.241539 -0.222743 5
0.413771 5.186762 -0.159908 5
0.454060 5.142078 -0.144912 5
0.284611 4.987649 0.346651 13
0.375196 4.965101 0.255102 13
0.519839 4.975942 0.032921 13
-1.277556 6.241859 0.896721 5
-1.271968 6.180425 0.979582 5
-1.180204 6.125196 0.923508 5
-1.048447 6.075386 0.799422 5
0.492369 6.185916 -1.692930 5
0.566664 6.155521 -1.758800 5
0.613758 6.122764 -1.779739 5
0.632294 6.086188 -1.751486 5
0.667499 6.052294 -1.752137 5
0.686279 6.015589 -1.723411 5
0.669275 5.971248 -1.628717 5
0.472298 5.885184 -1.198291 5
0.461910 5.836294 -1.105705 5
0.483776 5.794305 -1.071958 5
0.343387 5.707038 -0.723305 5
0.370368 5.662830 -0.692916 5
0.376857 5.611897 -0.620795 5
0.305479 5.533823 -0.388628 5
0.273789 5.465513 -0.230845 5
0.307465 5.418864 -0.204844 5
0.348546 5.374933 -0.193820 5
0.362761 5.319843 -0.124351 5
0.414642 5.280201 -0.135472 5
0.417446 5.218319 -0.037109 5
0.405960 5.147650 0.097279 5
0.425750 5.090375 0.163923 5
-1.155294 6.181371 1.019394 5
-1.103321 6.123423 1.027560 5
-1.061448 6.064858 1.052959 5
0.566222 6.187714 -1.671760 5
0.630818 6.156557 -1.723491 5
0.669610 6.122882 -1.730805 5
0.702497 6.088688 -1.727789 5
0.716657 6.051408 -1.690466 5
0.743158 6.016137 -1.675150 5
0.742599 5.975153 -1.608406 5
0.494580 5.876613 -1.065525 5
0.512838 5.833910 -1.024380 5
0.116374 5.680911 -0.162908 7
0.148080 5.633296 -0.133656 0
0.202949 5.592477 -0.150789 0
0.226833 5.542336 -0.104427 0
0.265565 5.496705 -0.087888 5
0.342497 5.464949 -0.152571 5
0.380816 5.419945 -0.135536 5
0.432136 5.380185 -0.146723 5
0.420561 5.313953 -0.016855 5
0.415264 5.248158 0.103189 5
-1.096595 6.178792 1.157170 5
-1.111137 6.114816 1.281955 5
-1.019814 6.059950 1.222659 5
0.629973 6.188743 -1.633804 5
0.698496 6.158424 -1.694891 5
0.741541 6.125701 -1.710851 5
0.764209 6.090196 -1.689260 5
0.786134 6.054458 -1.665743 5
0.816072 6.020173 -1.657081 5
0.815330 5.979379 -1.588251 5
0.127537 5.776837 -0.153052 7
0.149539 5.727183 -0.104906 7
0.251089 5.698544 -0.218283 0
0.207232 5.630166 -0.032819 0
0.265684 5.590319 -0.057763 5
0.320447 5.550063 -0.075677 5
0.402169 5.519943 -0.153156 5
0.437431 5.474345 -0.130090 5
0.416524 5.406420 0.020672 5
0.428325 5.349409 0.101469 5
-1.031437 6.177152 1.288318 5
-0.994795 6.117359 1.325217 5
-0.954023 6.057884 1.355368 5
0.702623 6.191205 -1.612489 5
0.764841 6.160504 -1.664503 5
0.805732 6.127769 -1.677416 5
0.840177 6.094463 -1.678325 5
0.866332 6.059916 -1.663057 5
0.860945 6.018967 -1.584437 5
0.877802 5.981793 -1.548585 5
0.165895 5.769794 -0.011095 7
0.181654 5.717830 0.052926 7
0.292094 5.691305 -0.082310 0
0.229030 5.616057 0.152726 0
0.361037 5.598675 -0.032841 5
0.445409 5.569031 -0.118359 5
0.486538 5.525775 -0.108645 5
0.540485 5.487529 -0.128239 5
-0.921050 6.179395 1.340729 5
-0.873589 6.121011 1.357839 5
-0.850248 6.060296 1.420917 5
0.753134 6.191397 -1.549894 5
0.819926 6.161423 -1.612711 5
0.868053 6.129932 -1.640576 5
0.902322 6.096821 -1.641542 5
0.913938 6.059707 -1.596437 5
0.952520 6.027667 -1.605844 5
0.970440 5.991390 -1.572163 5
0.107848 5.680349 0.449121 5
0.165901 5.636487 0.429583 5
0.262364 5.605037 0.323139 5
0.510529 5.625319 -0.133209 5
0.531920 5.575833 -0.078855 5
0.581639 5.536069 -0.089537 5
0.537915 5.460133 0.124132 5
