ply
format ascii 1.0
element vertex 12110
property float x
property float y
property float z
property int scalar_Label
end_header
1.719698 6.022029 -0.609523 5
1.630963 6.017309 -0.753619 5
1.571579 5.980331 -0.844654 5
1.474033 5.978404 -1.004203 5
1.369180 5.979724 -1.176557 5
0.336008 0.582944 -2.681185 9
0.435953 0.520156 -2.515358 9
0.504826 0.449275 -2.403235 9
0.588091 0.386231 -2.266450 9
0.611956 0.301569 -2.232419 9
0.620211 0.210589 -2.225681 9
0.617249 0.114309 -2.238712 9
0.617369 0.018756 -2.246799 9
0.629484 -0.071534 -2.234468 9
0.615823 -0.175188 -2.267249 9
0.599738 -0.281394 -2.304700 9
1.804071 6.048059 -0.303759 5
1.755547 6.005899 -0.374160 5
1.686595 5.983416 -0.480508 5
1.604447 5.971850 -0.609888 5
1.517136 5.962440 -0.748119 5
1.408183 5.970410 -0.923912 5
1.306647 5.967455 -1.086452 5
1.181066 5.982373 -1.290516 5
1.088193 5.963962 -1.437458 5
0.288868 0.788397 -2.530586 9
0.427628 0.734776 -2.303046 9
0.484475 0.659310 -2.213029 9
0.491254 0.568292 -2.207312 9
0.503149 0.478950 -2.193315 9
0.500639 0.384053 -2.203859 9
0.514254 0.295060 -2.187609 9
0.497913 0.193385 -2.222142 9
0.272498 -0.102841 -2.617766 9
0.393266 -0.145895 -2.422179 9
0.522297 -0.180624 -2.212578 9
0.524465 -0.277207 -2.217705 9
0.524526 -0.375565 -2.226775 9
0.549508 -0.460613 -2.193936 9
0.531943 -0.570294 -2.233682 9
1.871856 6.086441 -0.037347 5
1.863983 6.003314 -0.036718 5
1.790239 5.990439 -0.149389 5
1.711889 5.979818 -0.269796 5
1.612261 5.987828 -0.426358 5
1.524539 5.980510 -0.562344 5
1.439137 5.967920 -0.694192 5
1.266511 6.033334 -0.973844 5
1.153523 6.037792 -1.151807 5
1.077277 6.005782 -1.267384 5
0.980781 5.988760 -1.417074 5
0.897330 5.957583 -1.544644 5
0.766206 5.962416 -1.752294 5
1.350185 3.231408 -0.577352 2
1.351366 3.157184 -0.572419 2
1.411194 3.070958 -0.472056 12
1.411855 2.998449 -0.468486 12
1.427017 2.923652 -0.441510 12
1.424929 2.852248 -0.442888 12
1.428350 2.780171 -0.435520 12
1.429454 2.708629 -0.432154 12
1.423937 2.637904 -0.439795 12
1.434988 2.565727 -0.420684 12
1.416245 2.495922 -0.450305 11
1.422390 2.424373 -0.439631 11
1.427914 2.353108 -0.430193 11
1.418910 2.282202 -0.444625 11
1.420225 2.211073 -0.442485 11
1.422598 2.140011 -0.438846 11
1.425879 2.069049 -0.433951 11
1.366116 1.994163 -0.531906 2
1.353972 1.920930 -0.552585 2
1.366498 1.849632 -0.533326 2
0.148057 1.061944 -2.536181 9
0.256319 0.992419 -2.363329 9
0.264733 0.900133 -2.353719 9
0.387091 0.840115 -2.158172 9
0.430617 0.760476 -2.091623 9
0.435175 0.669570 -2.089059 9
0.400883 0.565218 -2.150403 9
0.402800 0.472118 -2.152805 9
0.444805 0.393768 -2.089785 9
0.401220 0.282548 -2.167428 9
0.410430 0.191107 -2.158801 9
0.394016 0.088304 -2.192593 9
0.208786 -0.092556 -2.504478 9
0.375517 -0.114200 -2.237724 9
0.426986 -0.186926 -2.160767 9
0.424758 -0.285904 -2.172580 9
0.433423 -0.379853 -2.166759 9
0.451951 -0.468718 -2.144955 9
0.429951 -0.580898 -2.190527 9
0.445008 -0.672713 -2.175138 9
1.893837 6.080554 0.156713 5
1.868023 6.018355 0.126568 5
1.810131 5.990095 0.042655 5
1.746458 5.966159 -0.050869 5
1.626907 5.996607 -0.237245 5
1.514825 6.015053 -0.410809 5
1.464018 5.970530 -0.482548 5
1.393166 5.943522 -0.587485 5
0.834818 6.148495 -1.470565 5
0.798367 6.076060 -1.517928 5
0.799027 5.972768 -1.504678 5
0.720454 5.933786 -1.621461 5
1.364840 3.284835 -0.396155 2
1.363075 3.212534 -0.396040 2
1.370766 3.138294 -0.381086 2
1.471413 3.045405 -0.218446 12
1.495367 2.970778 -0.178124 12
1.487540 2.902598 -0.188567 12
1.484275 2.833607 -0.191956 12
1.480673 2.764691 -0.196079 12
1.472464 2.696309 -0.207722 12
1.479405 2.626258 -0.195495 12
1.467158 2.558089 -0.213949 12
1.474811 2.488319 -0.200995 11
1.476649 2.419141 -0.197477 11
1.473425 2.350206 -0.202199 11
1.477411 2.281118 -0.195670 11
1.481919 2.212185 -0.188512 11
1.471469 2.143005 -0.205304 11
1.466368 2.073665 -0.213804 11
1.341445 1.996623 -0.412791 2
1.364500 1.926936 -0.377000 2
1.380238 1.857275 -0.353026 2
1.360873 1.784008 -0.385024 2
-0.014962 1.141606 -2.583562 9
0.158599 1.083226 -2.310643 9
0.322499 1.028518 -2.053161 9
0.310298 0.933578 -2.076291 9
0.307315 0.840430 -2.085022 9
0.252500 0.731402 -2.176703 9
0.304246 0.653620 -2.098715 9
0.299450 0.558439 -2.111196 9
0.328806 0.474700 -2.069408 9
0.298201 0.369308 -2.123716 9
0.314944 0.280772 -2.102628 9
0.309260 0.183169 -2.117708 9
0.324245 0.093665 -2.099982 9
0.316441 -0.006038 -2.119068 9
0.298221 -0.111505 -2.155199 9
0.284125 -0.216301 -2.185072 9
0.341864 -0.285970 -2.099795 9
0.320866 -0.395442 -2.141393 9
0.308214 -0.501912 -2.169938 9
0.342944 -0.582856 -2.122438 9
0.361042 -0.672930 -2.102011 9
0.341701 -0.785763 -2.142375 9
0.371615 -0.869396 -2.103450 9
1.890284 6.102828 0.302641 5
1.861918 6.044288 0.268480 5
1.829507 5.989924 0.227569 5
1.760289 5.973441 0.126775 5
1.378577 6.079014 -0.455995 5
1.392304 5.971684 -0.422358 5
1.353184 5.914728 -0.474136 5
1.312226 5.858760 -0.528992 5
0.669995 6.115870 -1.524068 5
0.648969 6.029320 -1.546374 5
0.597877 5.966528 -1.616836 5
0.469154 5.961732 -1.810908 5
1.249070 3.372127 -0.424123 6
1.306921 3.283383 -0.331287 2
1.286947 3.215546 -0.359647 2
1.304511 3.138948 -0.329880 2
1.480425 3.031083 -0.054489 12
1.478817 2.962527 -0.054988 12
1.489407 2.892050 -0.036744 12
1.503885 2.821524 -0.012664 12
1.490244 2.755360 -0.032382 12
1.480364 2.688408 -0.046443 12
1.481310 2.620170 -0.043895 12
1.417621 2.557162 -0.141707 12
1.486798 2.483828 -0.033773 11
1.472132 2.416660 -0.055961 11
1.473290 2.348602 -0.053808 11
1.499782 2.280387 -0.012580 11
1.490252 2.212793 -0.027346 11
1.496362 2.145269 -0.018058 11
1.484484 2.077146 -0.036821 11
1.500159 2.010257 -0.013067 11
1.309870 1.927589 -0.308710 2
1.304505 1.856015 -0.317966 2
1.285949 1.782650 -0.347865 2
1.207343 1.700599 -0.471086 6
-0.080026 1.242326 -2.474308 9
0.186604 1.199771 -2.063163 9
0.210199 1.112834 -2.029432 9
0.220911 1.023388 -2.015937 9
-0.039615 0.767303 -2.428111 9
0.219987 0.745775 -2.028313 9
0.191343 0.643688 -2.077060 9
0.222250 0.559754 -2.033366 9
0.260473 0.479066 -1.978477 9
0.199719 0.363125 -2.078123 9
0.219570 0.275443 -2.052381 9
0.218573 0.179591 -2.059424 9
0.264886 0.103121 -1.992818 9
0.290468 0.018703 -1.958799 9
0.267510 -0.087630 -2.000961 9
-0.062388 -0.342315 -2.524220 9
0.216785 -0.307175 -2.093858 9
0.209164 -0.410235 -2.113011 9
0.242039 -0.492575 -2.068889 9
0.241751 -0.592806 -2.077104 9
0.249134 -0.689400 -2.073556 9
0.266292 -0.780678 -2.054900 9
0.302857 -0.860152 -2.005900 9
0.293875 -0.967981 -2.029001 9
0.254900 -1.096759 -2.099865 9
1.856338 6.069591 0.407540 5
1.840867 5.997948 0.393895 5
1.761952 5.993081 0.279703 5
1.265968 6.023553 -0.448254 5
1.302157 5.897113 -0.381363 5
1.212482 5.884161 -0.511619 5
1.199715 5.802359 -0.521771 5
0.536242 6.054630 -1.524848 5
0.461626 6.008904 -1.630601 5
0.421999 5.934892 -1.682164 5
1.150238 3.381464 -0.419835 6
1.195427 3.295562 -0.348617 2
1.233921 3.213088 -0.287787 2
1.254625 3.136072 -0.254145 2
1.481847 3.018758 0.092199 12
1.477336 2.951821 0.087157 12
1.491119 2.881883 0.109654 12
1.486047 2.815356 0.103431 12
1.497727 2.746612 0.122402 12
1.498311 2.679642 0.124413 12
1.476569 2.614919 0.092481 12
1.376144 2.555651 -0.058635 12
1.481956 2.480504 0.102082 11
1.495651 2.413052 0.123279 11
1.463896 2.347291 0.075573 11
1.493060 2.279930 0.119841 11
1.487432 2.213285 0.111329 11
1.504069 2.147014 0.136330 11
1.469432 2.079079 0.083623 11
1.499656 2.013831 0.128855 11
1.196166 1.923610 -0.330905 2
1.236523 1.855510 -0.270710 2
1.148337 1.774259 -0.405188 6
1.148255 1.701273 -0.406542 6
0.070414 1.285131 -2.043883 9
0.097690 1.198084 -2.004999 9
0.104578 1.107312 -1.997216 9
0.091098 1.011723 -2.020537 9
-0.162694 0.854660 -2.408606 9
-0.021715 0.794986 -2.198193 9
0.109480 0.737151 -2.002688 9
0.134923 0.651267 -1.967851 9
0.101424 0.546806 -2.022783 9
0.143876 0.466697 -1.962530 9
0.168648 0.381314 -1.929344 10
0.227702 0.309338 -1.844170 10
0.305163 0.246333 -1.731094 10
0.336301 0.166444 -1.688710 10
0.393740 0.098581 -1.606390 10
0.374209 -0.002501 -1.641673 10
0.340738 -0.111451 -1.698540 10
0.267786 -0.241602 -1.816093 10
0.171411 -0.387075 -1.969923 9
0.123641 -0.511250 -2.049845 9
0.154216 -0.595116 -2.010098 9
0.196659 -0.671827 -1.952338 9
-0.149563 -0.975449 -2.491536 9
-0.104645 -1.056582 -2.430884 9
0.088194 -1.044283 -2.142808 9
0.210958 -1.070432 -1.962349 9
1.836398 6.110619 0.520907 5
1.840047 6.018773 0.536521 5
1.795704 5.978793 0.477891 5
1.183505 6.033947 -0.403044 5
1.204178 5.921931 -0.362259 5
1.174126 5.855812 -0.399005 5
1.127994 5.802993 -0.460325 5
0.326512 6.154788 -1.648113 5
0.346130 6.034356 -1.609184 5
0.250172 6.000933 -1.745082 5
0.536601 3.443576 -1.173222 6
1.104604 3.228399 -0.330056 2
1.140545 3.147062 -0.274803 2
1.480367 3.007411 0.229697 12
1.473935 2.941816 0.221783 12
1.456149 2.878004 0.196943 12
1.463441 2.810091 0.209029 12
1.471461 2.742467 0.222039 12
1.466024 2.676724 0.215018 12
1.464829 2.610499 0.214120 12
1.431915 2.546748 0.166231 12
1.470709 2.477672 0.224102 11
1.462136 2.411987 0.211875 11
1.521177 2.344322 0.299343 11
1.522366 2.279183 0.301241 11
1.494140 2.213841 0.259563 11
1.483975 2.147992 0.244411 11
1.476805 2.081901 0.233536 11
1.487797 2.016610 0.249338 11
1.138450 1.924026 -0.267194 2
1.084224 1.847103 -0.348075 2
0.575363 1.717866 -1.100785 6
0.503008 1.626932 -1.208941 6
-0.265068 1.336043 -2.347411 9
-0.017033 1.283914 -1.982767 9
-0.036976 1.187400 -2.014477 9
-0.011613 1.099642 -1.979383 9
0.038602 1.018242 -1.907693 9
-0.042781 0.905559 -2.030989 9
0.053912 0.837129 -1.890846 9
-0.016853 0.724228 -1.998913 9
-0.004750 0.633449 -1.984450 9
0.078170 0.565303 -1.865165 9
0.207748 0.515402 -1.676749 10
0.311256 0.460446 -1.527051 10
0.378353 0.395192 -1.431482 10
0.433387 0.327184 -1.353936 10
0.493738 0.262864 -1.268600 10
0.522158 0.186614 -1.230874 10
0.560771 0.115429 -1.178126 10
0.593691 0.042489 -1.133998 10
0.580079 -0.052222 -1.159396 10
0.549320 -0.156609 -1.210629 10
0.411139 -0.318575 -1.422575 10
0.060849 -0.600631 -1.952097 9
0.099226 -0.680021 -1.901353 9
0.079091 -0.792451 -1.938366 9
0.069183 -0.900359 -1.960369 9
0.061499 -1.008113 -1.979330 9
0.044164 -1.123166 -2.013072 9
0.027334 -1.239478 -2.046385 9
1.792729 6.177952 0.596431 5
1.790524 6.092075 0.602283 5
1.777630 6.018654 0.591837 5
1.700911 6.011722 0.485564 5
1.098227 5.953047 -0.353204 5
1.107792 5.852364 -0.330923 5
1.056541 5.803550 -0.398897 5
0.202144 6.186513 -1.636064 5
0.159992 6.111787 -1.689740 5
0.188160 5.985448 -1.640110 5
0.103013 5.941093 -1.757341 5
1.521322 3.250291 0.417143 2
1.512246 3.186684 0.405950 2
1.497108 3.124365 0.385874 2
1.496644 3.058637 0.386875 2
1.458721 3.000341 0.333651 12
1.455470 2.934799 0.330378 12
1.437398 2.871673 0.305585 12
1.460697 2.802166 0.340371 12
1.462863 2.736238 0.344524 12
1.458385 2.671220 0.338963 12
1.435166 2.607879 0.306242 12
1.466227 2.539740 0.351682 11
1.471596 2.474221 0.359935 11
1.501726 2.407895 0.403764 11
1.472897 2.344100 0.362449 11
1.463800 2.279195 0.349459 11
1.454599 2.213991 0.336193 11
1.447191 2.148517 0.325382 11
1.511974 2.085798 0.418542 11
1.466547 2.018747 0.352654 2
1.441224 1.951636 0.315622 2
1.475040 1.889066 0.363754 2
1.472015 1.823531 0.358625 2
0.462833 1.631008 -1.098318 6
-0.104508 1.375157 -1.919942 9
-0.126590 1.278784 -1.953631 9
-0.122767 1.186459 -1.950110 9
-0.094069 1.099263 -1.910843 9
-0.094993 1.006031 -1.914539 9
-0.111784 0.908590 -1.941357 9
-0.061972 0.827728 -1.872083 9
-0.025805 0.744437 -1.822683 10
0.018039 0.664325 -1.762324 10
0.055540 0.583369 -1.711286 10
0.225771 0.547359 -1.468168 10
0.398721 0.517858 -1.221071 10
0.500927 0.468073 -1.076467 10
0.565645 0.407057 -0.986264 10
0.620357 0.343870 -0.910662 10
0.692103 0.289339 -0.810419 10
0.730907 0.222468 -0.758094 10
0.743859 0.144703 -0.743463 10
0.796767 0.085860 -0.670866 10
0.784957 -0.003494 -0.692562 10
0.748671 -0.106364 -0.750123 10
0.733346 -0.200058 -0.777395 10
2.029267 0.424821 1.108143 8
2.089569 0.396408 1.192349 8
2.113206 0.348291 1.222978 8
2.121719 0.291422 1.231403 8
2.129504 0.233917 1.238637 8
2.160587 0.191209 1.279879 8
2.181537 0.142443 1.306196 8
2.191482 0.086411 1.316264 8
2.209478 0.035866 1.338039 8
2.174563 -0.052894 1.281880 8
2.186749 -0.108612 1.294811 8
2.132951 -0.215001 1.210343 8
1.765849 6.138749 0.704793 5
1.769353 6.048107 0.717978 5
1.685180 6.049890 0.602921 5
1.639215 6.010111 0.543691 5
1.008774 5.876522 -0.310735 5
0.980836 5.807707 -0.343973 5
0.976401 5.720047 -0.343500 5
0.055773 6.126855 -1.645450 5
0.066245 6.013325 -1.623114 5
0.014628 5.944265 -1.689983 5
1.459417 3.251599 0.460135 2
1.480056 3.180719 0.490981 2
1.451662 3.121763 0.452509 2
1.458380 3.054754 0.463469 2
1.442127 2.992541 0.441913 12
1.395791 2.935192 0.377837 12
1.417539 2.865724 0.409644 12
1.398616 2.802850 0.384003 12
1.407298 2.736042 0.397155 12
1.399088 2.671449 0.386386 12
1.384841 2.607228 0.367002 12
1.464865 2.535601 0.480295 11
1.442222 2.472629 0.448852 11
1.418535 2.409001 0.415830 11
1.451383 2.343225 0.462318 11
1.386893 2.279360 0.371610 11
1.445304 2.214386 0.453869 11
1.483960 2.150846 0.508196 11
1.500782 2.087661 0.531665 11
1.441842 2.020613 0.448317 2
1.473900 1.958335 0.493022 2
1.471621 1.893931 0.489251 2
1.458004 1.828152 0.469394 2
0.966165 1.702439 -0.224447 10
0.958659 1.628455 -0.236043 10
0.977252 1.558193 -0.210982 10
0.974920 1.484751 -0.215543 10
0.965697 1.409743 -0.229952 10
0.977554 1.338616 -0.214764 10
0.970724 1.263485 -0.226065 10
0.961985 1.187439 -0.240199 10
0.965128 1.113927 -0.237698 10
0.970198 1.040793 -0.232608 10
0.967717 0.965346 -0.238318 10
0.965543 0.889614 -0.243733 10
0.949662 0.809014 -0.268668 10
0.964087 0.737961 -0.250897 10
0.965573 0.662378 -0.251557 10
0.958953 0.583404 -0.263836 10
0.969110 0.510458 -0.252505 10
0.969033 0.433221 -0.255809 10
0.968413 0.355314 -0.260033 10
0.969015 0.277483 -0.262672 10
0.965818 0.197423 -0.270856 10
1.983128 0.612366 1.170377 8
2.044173 0.581971 1.254103 8
2.078554 0.539472 1.299897 8
2.097064 0.489236 1.323050 8
2.141493 0.453738 1.383031 8
2.190318 0.421987 1.449249 8
2.211420 0.375068 1.475904 8
2.256977 0.343527 1.537394 8
2.266781 0.290540 1.547782 8
2.293258 0.248331 1.581909 8
2.281405 0.180810 1.561117 8
2.288532 0.125441 1.567354 8
2.272896 0.053557 1.540837 8
2.268029 -0.011642 1.529598 8
2.274147 -0.069370 1.533988 8
2.292130 -0.118300 1.555316 8
2.264977 -0.203004 1.511575 8
2.200209 -0.320186 1.413392 8
1.772616 6.151162 0.850690 5
1.736964 6.103182 0.807071 5
1.733495 6.021117 0.809159 5
1.648533 6.023258 0.695306 5
1.618357 5.967956 0.659284 5
1.588806 5.911796 0.624058 5
0.925599 5.887001 -0.266506 5
0.937719 5.785713 -0.243286 5
0.879028 5.741267 -0.319630 5
0.771251 5.732765 -0.464801 5
-0.141179 6.208524 -1.729864 5
0.005318 5.997655 -1.518498 5
-0.020585 5.911180 -1.548478 5
-0.094771 5.856672 -1.645984 5
1.369150 3.326787 0.462422 2
1.405908 3.250764 0.514736 2
1.411075 3.183715 0.523370 2
1.369948 3.127295 0.468102 2
1.403437 3.054425 0.515555 12
1.399349 2.989918 0.511126 12
1.368148 2.930096 0.469259 12
1.383831 2.862117 0.491859 6
1.358407 2.800496 0.457760 12
1.381248 2.732254 0.490004 12
1.351865 2.670405 0.450264 6
1.318984 2.608001 0.405618 12
1.383962 2.537424 0.495535 11
1.400476 2.471796 0.518653 11
1.393023 2.407731 0.508696 11
1.387976 2.343401 0.501951 11
1.387433 2.278890 0.501304 11
1.400755 2.214482 0.519631 11
1.435269 2.151018 0.567015 11
1.404197 2.085987 0.524070 11
1.387934 2.020753 0.501397 2
1.391953 1.956426 0.506530 2
1.456160 1.897565 0.594389 2
1.351014 1.822768 0.449092 6
1.349383 1.757109 0.446143 6
0.981305 1.640418 -0.061376 10
0.996145 1.570957 -0.041934 10
0.995734 1.499216 -0.043602 10
0.985880 1.425519 -0.058388 10
0.980705 1.352273 -0.066845 10
0.987078 1.281213 -0.059508 10
0.993551 1.210173 -0.052143 10
1.005513 1.140516 -0.037321 10
0.983666 1.061833 -0.069233 10
0.998358 0.992684 -0.050872 10
0.989367 0.916520 -0.065300 10
0.999897 0.846038 -0.052907 10
0.989099 0.768363 -0.070079 10
0.974553 0.688646 -0.092563 10
1.861074 0.944533 1.130291 8
0.998849 0.547478 -0.064128 10
1.001712 0.473154 -0.062920 10
1.881677 0.771704 1.152182 8
1.953572 0.742711 1.249343 8
1.993646 0.701236 1.302414 8
2.064978 0.675770 1.398775 8
2.096645 0.632786 1.440126 8
2.149839 0.601622 1.511303 8
2.170285 0.554545 1.536986 8
2.214284 0.520772 1.595333 8
2.203894 0.457235 1.578025 8
2.211363 0.403368 1.585442 8
2.217344 0.348419 1.590697 8
2.204746 0.281604 1.569964 8
2.194165 0.215116 1.551906 8
2.213074 0.167266 1.574870 8
2.221342 0.112346 1.582897 8
2.004406 -0.100911 1.276016 8
2.056846 -0.128862 1.345377 8
2.180106 -0.102845 1.513907 8
2.213057 -0.141317 1.556046 8
2.235013 -0.187701 1.582716 8
2.243065 -0.245007 1.589791 8
2.212161 -0.334731 1.541997 8
2.221642 -0.392371 1.550805 8
1.727188 6.134117 0.926780 5
1.690255 6.087660 0.881784 5
1.712781 5.979608 0.919024 5
1.611331 5.998197 0.784639 5
1.585838 5.938759 0.755284 5
0.848671 5.800804 -0.207749 5
0.817371 5.734446 -0.245322 5
0.784359 5.669044 -0.285324 5
0.817014 5.555284 -0.235760 5
-0.061090 6.090927 -1.428838 5
0.067126 5.897730 -1.248519 5
-0.046293 5.872828 -1.397772 5
-0.367035 5.979946 -1.829178 5
1.288683 3.400260 0.480103 6
1.326553 3.322867 0.532639 6
1.386691 3.241372 0.615045 2
1.362799 3.181795 0.584179 2
1.360438 3.116938 0.582220 2
1.369771 3.049834 0.595911 2
1.339028 2.990646 0.555583 2
1.330381 2.926877 0.544906 6
1.341483 2.859951 0.560711 6
1.337313 2.795608 0.555884 6
1.357472 2.728312 0.583686 6
1.335183 2.666210 0.554319 12
1.314174 2.603365 0.526591 12
1.374710 2.534022 0.608410 11
1.363539 2.470722 0.593734 11
1.344898 2.407410 0.568934 6
1.333816 2.343352 0.554209 11
1.373687 2.278549 0.607888 11
1.415718 2.215052 0.664385 11
1.409667 2.151739 0.656166 11
1.378510 2.087203 0.614115 11
1.398639 2.024516 0.640918 11
1.344860 1.957083 0.568279 6
1.385227 1.896182 0.622122 2
1.317667 1.825222 0.530767 2
1.276304 1.755154 0.474534 6
1.357846 1.700466 0.583499 6
0.985314 1.578793 0.081617 10
0.985947 1.508071 0.081523 10
0.971529 1.434418 0.061080 10
0.997561 1.368285 0.094972 10
0.990783 1.295650 0.084614 10
0.993216 1.224747 0.086557 10
0.979094 1.149544 0.066106 10
0.988083 1.079819 0.076679 10
0.979114 1.005031 0.062960 10
0.977227 0.931801 0.058678 10
0.983636 0.860850 0.065478 10
1.786222 1.055949 1.146031 8
1.858594 1.021364 1.242007 8
1.910908 0.981566 1.310895 8
1.909391 0.922530 1.307067 8
1.873034 0.849131 1.256091 8
1.956352 0.824350 1.366711 8
1.989000 0.779991 1.408837 8
2.059633 0.753671 1.502295 8
2.115566 0.722536 1.575863 8
2.143744 0.679434 1.611843 8
2.130266 0.615848 1.591349 8
2.129152 0.557885 1.587505 8
2.156316 0.514822 1.621917 8
2.140256 0.448091 1.597633 8
2.148048 0.394149 1.605614 8
2.153245 0.338492 1.609991 8
2.154612 0.280202 1.609075 8
2.158242 0.222912 1.611142 8
2.148640 0.156612 1.595109 8
2.048000 0.028227 1.454950 8
2.160545 0.042830 1.605089 8
2.091009 -0.068201 1.506964 8
2.120724 -0.110056 1.544086 8
2.158000 -0.145690 1.591491 8
2.156093 -0.210639 1.585290 8
2.148609 -0.280721 1.571340 8
2.165792 -0.331798 1.591044 8
2.169253 -0.394269 1.591860 8
2.184122 -0.447607 1.608220 8
2.181538 -0.516297 1.600522 8
2.164701 -0.598608 1.573093 8
1.918520 -0.892349 1.229832 8
1.948783 -0.938608 1.266614 8
1.666320 6.220059 0.975169 5
1.667465 6.132849 0.982132 5
1.690044 6.024741 1.017839 5
1.633025 5.999205 0.946118 5
1.583320 5.964984 0.884250 5
1.504316 5.957927 0.782984 5
0.694431 5.774387 -0.253608 5
0.727420 5.659088 -0.205259 5
0.716028 5.577864 -0.216186 5
0.674761 5.517960 -0.266968 5
0.076413 5.836672 -1.058433 5
-0.018291 5.800156 -1.179863 5
-0.393340 5.941376 -1.673534 5
1.240677 3.464905 0.542086 6
1.214483 3.404920 0.508981 6
1.258415 3.325824 0.568100 6
1.325395 3.242686 0.657438 2
1.332698 3.175747 0.668159 6
1.332297 3.110902 0.668666 2
1.302179 3.052145 0.630021 2
1.299307 2.987603 0.627136 6
1.301209 2.922330 0.630450 6
1.309707 2.856265 0.642360 6
1.313355 2.791256 0.647816 6
1.288792 2.729837 0.616127 6
1.280777 2.666031 0.606113 6
1.244766 2.604499 0.559245 12
1.263193 2.538016 0.583825 12
1.274578 2.472569 0.599076 11
1.311217 2.406530 0.647426 6
1.350723 2.341619 0.699464 11
1.347382 2.278318 0.695148 11
1.323383 2.214755 0.663625 11
1.301181 2.150468 0.634389 11
1.322758 2.087190 0.662585 11
1.333382 2.023956 0.676323 11
1.297735 1.957712 0.629202 2
1.311073 1.894547 0.646358 2
1.270501 1.826173 0.592611 2
1.260166 1.760019 0.578512 6
1.260899 1.694926 0.578879 6
1.193944 1.619523 0.490208 6
0.935151 1.509815 0.149262 10
0.960507 1.443658 0.181710 10
0.970856 1.375157 0.194353 10
0.960004 1.302240 0.179035 10
0.962733 1.231913 0.181494 10
0.978494 1.164684 0.201017 10
0.972417 1.091972 0.191726 10
0.947423 1.013512 0.157445 10
0.962054 0.945720 0.175235 10
0.992751 0.883154 0.214106 10
1.755537 1.062582 1.217359 8
1.773216 1.009079 1.239237 8
1.816261 0.965095 1.294494 8
1.992091 0.972672 1.524810 8
2.123876 0.968410 1.697113 8
2.134473 0.918219 1.709557 8
2.043703 0.824462 1.588130 8
2.082641 0.785330 1.637831 8
2.076616 0.726308 1.628098 8
2.094235 0.678129 1.649538 8
2.079656 0.614118 1.628349 8
2.133493 0.584593 1.697575 8
2.099978 0.509871 1.651181 8
2.089844 0.446472 1.635628 8
2.093583 0.390198 1.638362 8
2.098915 0.334555 1.643134 8
2.096897 0.274188 1.638086 8
2.103193 0.218468 1.643985 8
2.096359 0.154037 1.632375 8
2.108245 0.101234 1.645542 8
2.063908 0.010059 1.583896 8
2.066560 -0.050460 1.584595 8
2.134307 -0.064643 1.671864 8
2.132024 -0.128520 1.665876 8
2.094118 -0.220100 1.612301 8
2.104407 -0.276323 1.622852 8
2.110818 -0.335892 1.628148 8
2.097689 -0.411867 1.607250 8
2.097946 -0.477864 1.604121 8
2.120834 -0.525149 1.631175 8
2.108190 -0.603499 1.610581 8
2.112062 -0.668289 1.611990 8
2.113623 -0.735860 1.610194 8
1.908474 -0.999269 1.330672 8
1.606506 6.218544 1.031054 5
1.638788 6.099477 1.077962 5
1.637080 6.017558 1.080062 5
1.588292 5.983460 1.020312 5
1.510641 5.976338 0.922739 5
1.440002 5.960230 0.834393 5
0.672961 5.647706 -0.123110 5
0.649170 5.575672 -0.150479 5
0.592910 5.525955 -0.220051 5
-0.019459 5.848056 -1.010851 5
0.044073 5.707285 -0.924826 5
-0.197058 5.762880 -1.233700 5
1.210218 3.390151 0.628609 6
1.213875 3.322582 0.634385 6
1.259310 3.245156 0.693800 6
1.225087 3.187574 0.650745 2
1.256802 3.115101 0.692376 2
1.222502 3.056783 0.649107 2
1.219618 2.991874 0.646149 6
1.253520 2.920971 0.690383 12
1.249957 2.856859 0.686421 12
1.259171 2.791059 0.698808 12
1.262637 2.726338 0.703749 12
1.240258 2.664453 0.675440 12
1.237138 2.600296 0.671802 12
1.199719 2.538527 0.624067 12
1.291733 2.468565 0.742446 11
1.284086 2.405421 0.732810 6
1.251756 2.342650 0.691427 11
1.315436 2.278138 0.773237 11
1.309564 2.215079 0.765700 11
1.268322 2.151002 0.712694 11
1.265891 2.087131 0.709451 11
1.290601 2.024637 0.740993 11
1.236933 1.957355 0.671846 2
1.231427 1.892476 0.664470 2
1.245845 1.829378 0.682614 6
1.258620 1.766454 0.698590 6
1.198196 1.694086 0.620498 6
1.196865 1.628499 0.618229 6
1.003284 1.531082 0.368937 10
0.855890 1.435733 0.178855 10
0.876884 1.368613 0.205018 10
0.939233 1.310753 0.284265 10
0.889838 1.229182 0.219840 10
0.877929 1.154973 0.203516 10
0.896218 1.088012 0.225942 10
0.926584 1.024731 0.263839 10
0.914749 0.949826 0.247397 10
0.903748 0.874520 0.231949 10
1.830552 1.103359 1.423313 8
1.889110 1.065815 1.497549 8
1.956051 1.032935 1.582561 8
2.021455 1.001422 1.665583 8
2.027769 0.948705 1.672468 8
2.060183 0.906551 1.712936 8
2.069682 0.855463 1.723832 8
2.033313 0.784151 1.675529 8
2.042662 0.732229 1.686111 8
2.004165 0.657550 1.634897 8
2.035340 0.615500 1.673528 8
2.046362 0.563884 1.686101 8
2.057504 0.512330 1.698778 8
2.064048 0.458262 1.705459 8
2.048052 0.391341 1.682938 8
2.052685 0.335385 1.687020 8
2.099340 0.304270 1.745426 8
2.045643 0.212566 1.673880 8
2.043227 0.150949 1.668631 8
2.040695 0.088666 1.663158 8
2.032073 0.021681 1.649712 8
2.022659 -0.046713 1.635152 8
2.032555 -0.102345 1.645574 8
2.089978 -0.123612 1.717673 8
2.074960 -0.197367 1.695623 8
2.102400 -0.239796 1.728692 8
2.054176 -0.341235 1.663252 8
2.042672 -0.415665 1.645469 8
2.053431 -0.472872 1.656594 8
2.043143 -0.548160 1.640206 8
2.054562 -0.605812 1.652036 8
2.066045 -0.663706 1.663880 8
2.055399 -0.742001 1.646733 8
2.081747 -0.787208 1.677856 8
2.046336 -0.890823 1.628094 8
2.050241 -0.958639 1.629663 8
1.605407 6.072061 1.165348 5
1.575769 6.019030 1.130953 5
1.526371 5.985105 1.071291 5
1.454657 5.971444 0.983150 5
0.519237 5.707879 -0.167937 5
0.588066 5.569594 -0.077886 5
0.517450 5.529439 -0.164513 5
0.485038 5.462210 -0.202810 5
0.069252 5.641078 -0.726010 5
-0.048038 5.619131 -0.871505 5
-0.751276 5.949474 -1.757413 5
0.523811 3.871005 -0.116897 3
0.532212 3.790529 -0.105087 3
0.509039 3.720263 -0.133038 3
0.545459 3.632368 -0.086138 13
1.194137 3.379025 0.730077 6
1.124949 3.330842 0.644004 6
1.130691 3.262641 0.652036 6
1.146812 3.192494 0.673050 6
1.142283 3.127375 0.668071 12
1.244997 3.041518 0.797712 12
1.238989 2.978403 0.790759 12
1.224755 2.916587 0.773430 12
1.222516 2.852701 0.771112 12
1.224264 2.788345 0.773751 12
1.212629 2.725704 0.759539 12
1.215353 2.661359 0.763303 12
1.189634 2.599596 0.731321 12
1.179029 2.536059 0.718260 11
1.188855 2.471151 0.730789 11
1.203562 2.406404 0.749392 11
1.240523 2.341627 0.795869 11
1.244030 2.278268 0.800319 11
1.274349 2.215230 0.838363 11
1.199985 2.150699 0.745002 11
1.214182 2.087269 0.762718 11
1.224347 2.024028 0.775326 11
1.172004 1.956716 0.709444 11
1.122638 1.887981 0.647242 2
1.088134 1.819138 0.603636 6
1.080465 1.752249 0.593655 6
1.110099 1.689922 0.630446 6
0.908894 1.594491 0.377408 10
0.909021 1.525378 0.377036 10
0.889417 1.452608 0.351837 10
0.919719 1.388731 0.389245 10
0.886399 1.312305 0.346706 10
0.934235 1.252911 0.406038 10
0.866163 1.166897 0.319723 10
0.851050 1.092105 0.299866 10
0.848893 1.020126 0.296226 10
1.630187 1.173872 1.277224 8
1.850368 1.181465 1.553151 8
1.875868 1.133481 1.584355 8
1.901968 1.086285 1.616282 8
1.958439 1.050404 1.686378 8
1.934291 0.986342 1.655030 8
1.978517 0.947582 1.709667 8
1.988213 0.896114 1.720819 8
2.002452 0.846576 1.737651 8
2.006944 0.792966 1.742169 8
1.938398 0.706192 1.654630 8
1.925611 0.642912 1.637257 8
1.971708 0.607434 1.694051 8
1.979157 0.553736 1.702098 8
1.971128 0.491873 1.690576 8
1.992534 0.445142 1.716137 8
2.028526 0.406828 1.760075 8
2.022271 0.345196 1.750647 8
2.042117 0.298291 1.774131 8
2.039668 0.238104 1.769407 8
2.046411 0.183106 1.776245 8
2.056689 0.130139 1.787505 8
2.043545 0.061557 1.769084 8
1.998669 -0.029591 1.710424 8
2.038625 -0.063722 1.759083 8
2.061613 -0.109088 1.786230 8
2.060672 -0.171772 1.783012 8
1.999523 -0.280528 1.703372 8
2.004433 -0.341131 1.707408 8
2.002138 -0.407914 1.702239 8
2.008916 -0.468086 1.708523 8
1.999606 -0.542087 1.694299 8
1.965192 -0.638596 1.648066 8
1.988831 -0.686563 1.675579 8
1.996807 -0.748344 1.683109 8
2.073571 -0.747701 1.778217 8
2.042632 -0.845413 1.736064 8
2.028247 -0.929447 1.714899 8
1.560387 6.057284 1.236286 5
1.524360 6.010774 1.194120 5
1.492955 5.959313 1.157675 5
1.415002 5.951384 1.063365 5
0.483456 5.505101 -0.057614 5
0.409969 5.465187 -0.146275 5
0.411915 5.375569 -0.141844 5
0.007830 5.536905 -0.638422 5
0.408347 5.203151 -0.142380 5
0.279122 5.191917 -0.299872 5
0.379759 5.047280 -0.173997 13
0.451315 4.922642 -0.084090 13
0.292209 4.923162 -0.278455 13
0.305644 4.830443 -0.260268 13
0.409954 4.693715 -0.130252 13
0.347108 4.641060 -0.206126 13
0.364938 4.549542 -0.182732 13
0.143793 4.565594 -0.453447 13
0.123638 4.488595 -0.476844 13
0.088634 4.417542 -0.518550 13
0.094498 4.329604 -0.510042 13
0.064041 4.256107 -0.546244 13
0.112425 4.153338 -0.485576 13
0.507740 3.931745 0.001394 3
0.503756 3.855787 -0.002507 3
0.483876 3.785063 -0.025984 3
0.479613 3.709333 -0.030318 3
0.512917 3.623076 0.011442 13
0.584261 3.527917 0.099860 12
0.628916 3.442018 0.155437 12
0.732863 3.343664 0.283752 12
1.029678 3.205930 0.648762 2
1.100726 3.124259 0.736525 12
1.182395 3.042937 0.837267 12
1.201672 2.975262 0.861379 12
1.227854 2.907220 0.893923 12
1.227442 2.843970 0.893790 12
1.214962 2.782392 0.878813 12
1.223313 2.718157 0.889357 12
1.217334 2.655690 0.882282 12
1.194815 2.594507 0.854879 12
1.166376 2.533111 0.820178 11
1.150298 2.470247 0.800605 11
1.152617 2.406237 0.803564 11
1.151021 2.342419 0.801681 11
1.199090 2.278193 0.860684 11
1.186492 2.214975 0.845230 11
1.199301 2.151947 0.860905 11
1.185560 2.088280 0.843974 11
1.001889 2.015112 0.618548 2
1.007292 1.949254 0.625020 2
1.053276 1.886902 0.681237 2
0.833389 1.799554 0.411234 10
0.965767 1.745666 0.573367 6
0.875392 1.666856 0.462161 10
0.882401 1.599276 0.470398 10
0.857764 1.526710 0.439760 10
0.879420 1.461376 0.465889 10
0.854233 1.387598 0.434488 10
0.876914 1.322760 0.461797 10
0.866739 1.251139 0.448734 10
0.841889 1.175514 0.417611 10
0.847380 1.106582 0.423691 10
0.794424 1.021871 0.357954 10
1.603892 1.180752 1.351411 8
1.728604 1.159173 1.503951 8
1.835366 1.135634 1.634446 8
1.927924 1.110536 1.747492 8
1.920028 1.053180 1.737085 8
1.917895 0.997422 1.733724 8
1.598391 0.820643 1.340138 8
1.606314 0.763060 1.348995 8
1.757533 0.764568 1.534059 8
1.937344 0.782966 1.754333 8
1.958648 0.736327 1.779631 8
1.879407 0.643602 1.681160 8
1.889096 0.590479 1.692082 8
1.960830 0.568065 1.779365 8
1.966661 0.513928 1.785488 8
1.925350 0.434651 1.733497 8
1.896066 0.360138 1.696259 8
1.999644 0.359093 1.822732 8
1.972610 0.285314 1.788192 8
1.997934 0.241487 1.818169 8
2.006492 0.187761 1.827436 8
1.988611 0.117107 1.804039 8
1.981168 0.052126 1.793470 8
1.932911 -0.040973 1.732445 8
1.988526 -0.064894 1.799659 8
1.968278 -0.140918 1.773118 8
1.949679 -0.217066 1.748550 8
1.954212 -0.277301 1.752525 8
1.977922 -0.323358 1.780185 8
1.995137 -0.374224 1.799777 8
1.931595 -0.489761 1.719331 8
1.936733 -0.552105 1.723851 8
1.948203 -0.609640 1.736170 8
1.945794 -0.679388 1.731237 8
1.976137 -0.721169 1.766875 8
1.928535 -0.832687 1.705747 8
1.947636 -0.885533 1.727335 8
1.945561 -0.958377 1.722574 8
1.939533 -1.035985 1.712835 8
1.981036 -1.067964 1.762143 8
1.474300 6.083690 1.256394 5
1.424077 6.050194 1.197437 5
1.422616 5.969371 1.197513 5
1.371263 5.935769 1.137157 5
0.343797 5.640890 -0.081868 5
0.370722 5.533486 -0.047902 5
0.398402 5.427314 -0.013088 5
0.389260 5.345861 -0.022688 5
0.449193 5.222824 0.050854 5
0.425720 5.151767 0.023904 5
0.392062 5.086383 -0.015337 5
0.430042 4.980649 0.031610 13
0.411252 4.907405 0.010191 13
0.381116 4.840030 -0.024907 13
0.412364 4.741183 0.013795 13
0.445672 4.642907 0.054921 13
0.413012 4.577402 0.016681 13
0.289727 4.552631 -0.130525 13
0.168719 4.523313 -0.274984 13
0.055517 4.487232 -0.410056 13
-0.004074 4.426127 -0.480710 13
0.008064 4.335499 -0.465210 13
-0.002537 4.254223 -0.477066 13
-0.009418 4.171687 -0.484490 13
-0.031707 4.094618 -0.510453 13
0.430820 3.858323 0.045699 3
0.414947 3.786186 0.027310 3
0.439396 3.701909 0.057299 13
0.433774 3.627135 0.051150 13
0.601803 3.506374 0.253395 12
0.683788 3.412573 0.352305 12
0.698597 3.337290 0.370552 12
0.759575 3.252557 0.444167 12
1.155531 3.101586 0.919666 12
1.170004 3.034855 0.937376 12
1.187609 2.968177 0.958813 12
1.180112 2.906149 0.950109 12
1.160890 2.845700 0.927314 12
1.174962 2.780527 0.944430 12
1.128687 2.722692 0.889134 12
1.148171 2.657126 0.912689 12
0.849757 2.618507 0.554935 12
1.135960 2.531443 0.898333 12
1.141107 2.467824 0.904611 11
1.115622 2.405552 0.874126 11
1.161842 2.340931 0.929610 11
1.146575 2.278177 0.911327 11
1.179725 2.215335 0.951084 11
1.175977 2.152651 0.946562 11
1.132244 2.088335 0.894061 11
0.905416 2.013048 0.621942 11
1.127972 1.961280 0.888752 11
0.810244 1.871490 0.507544 10
0.817786 1.803847 0.516419 10
0.814722 1.735148 0.512545 10
0.789732 1.663453 0.482342 10
0.773858 1.592191 0.463041 10
0.830623 1.531815 0.530851 10
0.838043 1.464463 0.539439 10
0.828204 1.393928 0.527292 10
0.831235 1.325549 0.530556 10
0.781843 1.245588 0.470887 10
0.796820 1.179014 0.488424 10
0.792363 1.107831 0.482611 10
0.816067 1.043757 0.510566 10
1.562409 1.183172 1.405931 8
1.677288 1.158343 1.543380 8
1.851858 1.155505 1.752499 8
1.858618 1.102907 1.760140 8
1.866037 1.050516 1.768551 8
1.862753 0.994270 1.764084 8
1.873909 0.943081 1.776937 8
1.639433 0.795897 1.494673 8
1.743972 0.778958 1.619645 8
1.846928 0.764407 1.742725 8
1.873206 0.719171 1.773655 8
1.834710 0.644942 1.726705 8
1.850241 0.594630 1.744669 8
1.889370 0.556013 1.790989 8
1.890580 0.499166 1.791693 8
1.927486 0.460620 1.835310 8
1.921422 0.399767 1.827215 8
1.922207 0.342113 1.827331 8
1.913971 0.278900 1.816560 8
1.905415 0.214779 1.805370 8
1.914919 0.160882 1.815895 8
1.923512 0.106277 1.825297 8
1.894793 0.027513 1.789719 8
1.913250 -0.021621 1.810945 8
1.912542 -0.083617 1.809049 8
1.935562 -0.129659 1.835727 8
1.911287 -0.209215 1.805349 8
1.891657 -0.286837 1.780525 8
1.923862 -0.326834 1.818201 8
1.949481 -0.371322 1.847913 8
1.889785 -0.482812 1.774601 8
1.904084 -0.537432 1.790576 8
1.921170 -0.589887 1.809890 8
1.861007 -0.707837 1.735820 8
1.868331 -0.770389 1.743250 8
1.756997 -0.938670 1.607144 8
1.760757 -1.007840 1.610140 8
1.893170 -0.958367 1.768800 8
1.907552 -1.016229 1.784633 8
1.912196 -1.083808 1.788640 8
1.401830 6.096047 1.294188 5
1.392735 6.022644 1.284570 5
1.327177 6.002608 1.208340 5
1.226473 6.012993 1.090679 5
1.207316 5.947409 1.069163 5
1.045015 6.007099 0.878931 5
0.326527 5.516480 0.044822 0
0.377424 5.396483 0.105531 5
0.389577 5.302841 0.120646 5
0.331423 5.252421 0.053085 5
0.393574 5.130642 0.126917 5
0.339764 5.077140 0.064428 5
0.393074 4.963698 0.127801 13
0.426645 4.863120 0.167943 13
0.392161 4.799272 0.128103 13
0.435745 4.695901 0.179951 13
0.427712 4.619369 0.171139 13
0.493486 4.508681 0.248985 13
0.457587 4.446328 0.207403 13
0.166502 4.493949 -0.133822 7
-0.020339 4.489154 -0.352617 13
0.126111 4.344939 -0.180133 7
0.141308 4.256460 -0.161771 7
-0.094379 4.261759 -0.437906 13
0.144955 4.091626 -0.156512 7
0.403073 3.922977 0.146862 3
0.487827 3.818775 0.246731 13
0.523006 3.732780 0.288397 13
0.488101 3.668672 0.247807 13
0.491891 3.593044 0.252600 13
0.565841 3.499418 0.339685 12
0.566846 3.426292 0.341168 12
0.652205 3.333896 0.441584 12
0.742894 3.243149 0.548225 12
0.990387 3.123777 0.838762 12
-0.306167 3.299568 -0.681766 12
1.115818 2.971164 0.986279 12
1.091300 2.911527 0.957695 12
1.107815 2.845487 0.977220 12
1.085094 2.785012 0.950715 12
1.102003 2.719548 0.970670 12
1.112412 2.655306 0.982985 12
0.838199 2.614679 0.661515 12
1.052248 2.533378 0.912604 11
1.053458 2.469537 0.914086 11
1.059417 2.405599 0.921121 11
1.072356 2.341712 0.936324 11
1.105764 2.278076 0.975515 11
1.091238 2.215080 0.958482 11
1.034148 2.150702 0.891521 11
1.059869 2.087681 0.921651 11
0.901877 2.015859 0.736335 11
1.083079 1.961943 0.948759 11
0.775318 1.873453 0.587776 10
0.767939 1.804722 0.579023 10
0.712770 1.730365 0.514206 10
0.703401 1.660048 0.503083 10
0.764629 1.599309 0.574737 10
0.726218 1.524714 0.529519 10
0.745784 1.458754 0.552280 10
0.733228 1.387248 0.537349 10
0.718045 1.314670 0.519318 10
0.716090 1.244315 0.516784 10
0.790625 1.191416 0.603960 10
1.570940 1.314703 1.519093 8
1.595013 1.263448 1.547096 8
1.695318 1.233870 1.664526 8
1.746859 1.192898 1.724739 8
1.836950 1.165175 1.830180 8
1.848447 1.114597 1.843392 8
1.841850 1.058017 1.835359 8
1.790082 0.984976 1.774294 8
1.566405 0.846414 1.511428 8
1.655278 0.821187 1.615387 8
1.680459 0.772883 1.644578 8
1.813350 0.770070 1.800215 8
1.341718 0.509010 1.246062 10
1.770793 0.637588 1.749456 8
1.814749 0.600224 1.800655 8
1.839508 0.554685 1.829302 8
1.839148 0.497076 1.828435 8
1.831054 0.435103 1.818464 8
1.823580 0.372808 1.809204 8
1.820766 0.312418 1.805399 8
1.874112 0.283258 1.867576 8
1.842730 0.206153 1.830168 8
1.832372 0.140133 1.817444 8
1.868890 0.102186 1.859810 8
1.881387 0.049803 1.873926 8
1.819241 -0.051239 1.800246 8
1.873615 -0.077055 1.863575 8
1.827822 -0.170243 1.809071 8
1.867778 -0.205212 1.855418 8
1.886273 -0.254815 1.876507 8
1.889562 -0.315595 1.879685 8
1.829401 -0.425031 1.808155 8
1.878961 -0.451984 1.865758 8
1.819003 -0.564980 1.794396 8
1.875613 -0.585843 1.860279 8
1.795131 -0.719691 1.764666 8
1.811056 -0.775023 1.782585 8
1.706741 -0.935566 1.658783 8
1.751775 -0.967554 1.710951 8
1.831437 -0.966925 1.803944 8
1.843394 -1.027154 1.817109 8
1.680155 -1.255000 1.623600 8
1.327764 6.192628 1.330510 5
1.344167 6.093828 1.349733 5
1.369953 5.987885 1.379723 5
1.328641 5.945705 1.332615 5
1.169714 6.008708 1.150400 5
1.151766 5.942213 1.130134 5
1.020637 5.973408 0.979867 5
0.966843 5.935334 0.918430 5
0.911909 5.897039 0.855681 5
0.836626 5.873905 0.769564 5
0.761252 5.848885 0.683345 5
0.684786 5.822757 0.595873 5
0.616660 5.788413 0.517977 5
0.680537 5.655993 0.591627 5
0.585523 5.639867 0.482855 5
0.499408 5.614936 0.384302 5
0.458972 5.556789 0.338184 5
0.362161 5.535146 0.227354 5
0.334666 5.466348 0.196084 5
0.377577 5.353304 0.245611 5
0.344006 5.288908 0.207352 5
0.365149 5.191693 0.231877 5
0.334474 5.125580 0.196929 5
0.335027 5.041644 0.197809 13
0.325411 4.963821 0.187014 13
0.349607 4.868517 0.215005 13
0.363179 4.779954 0.230798 13
0.411843 4.675097 0.286843 13
0.444674 4.579850 0.324711 13
0.439399 4.503658 0.318854 13
0.458155 4.417092 0.340558 13
0.477729 4.331212 0.363193 13
0.478002 4.254329 0.363678 13
0.469462 4.181352 0.354047 13
0.515665 4.087638 0.407203 13
0.494102 4.020493 0.382620 13
0.456601 3.958609 0.339752 13
0.466121 3.880172 0.350810 13
0.431521 3.816435 0.311259 13
0.484855 3.725211 0.372554 13
0.469879 3.655629 0.355498 13
0.415912 3.596537 0.293719 13
0.504368 3.499243 0.395271 12
0.573265 3.409619 0.474382 12
0.612000 3.329181 0.518895 12
0.598862 3.261191 0.503915 12
0.992102 3.112248 0.954942 12
1.057278 3.035493 1.029749 12
1.040028 2.974754 1.010030 12
1.056007 2.908517 1.028410 12
1.044021 2.846777 1.014717 12
1.060870 2.781201 1.034084 12
1.052107 2.719039 1.024076 12
1.057882 2.655322 1.030735 12
0.581590 2.630694 0.484621 12
1.074571 2.528277 1.049927 12
0.995438 2.469690 0.959209 12
1.015990 2.405177 0.982791 11
1.011142 2.341854 0.977243 11
1.002036 2.278437 0.966807 11
0.994778 2.214773 0.958484 11
1.042538 2.152099 1.013242 11
1.039971 2.088964 1.010288 11
0.873494 2.017324 0.819383 11
0.910384 1.954166 0.861661 11
0.717659 1.873533 0.640647 10
0.686475 1.802562 0.604855 10
0.692236 1.734653 0.611422 10
0.722355 1.669854 0.645915 10
0.691820 1.597378 0.610851 10
0.699292 1.529739 0.619363 10
0.687041 1.458852 0.605254 10
0.749024 1.401100 0.676265 10
0.752415 1.333386 0.680081 10
0.721801 1.258335 0.644897 10
1.346615 1.331993 1.361338 8
1.502385 1.309942 1.539898 8
1.546354 1.263477 1.590243 8
1.625797 1.227857 1.681269 8
1.726181 1.200490 1.796309 8
1.710346 1.140633 1.778060 8
1.716321 1.087042 1.784818 8
1.775030 1.051052 1.852056 8
1.777653 0.997001 1.854963 8
1.708021 0.916380 1.774989 8
1.766548 0.882163 1.842007 8
1.739819 0.815687 1.811231 8
1.741428 0.759772 1.812955 8
1.773078 0.716466 1.849134 8
1.816939 0.679272 1.899318 8
1.770109 0.601455 1.845459 8
1.805394 0.560878 1.885798 8
1.809395 0.505700 1.890243 8
1.769669 0.428069 1.844513 8
1.783883 0.377060 1.860663 8
1.749680 0.299933 1.821254 8
1.744473 0.237433 1.815109 8
1.717812 0.162015 1.784338 8
1.775778 0.135275 1.850675 8
1.744446 0.055747 1.814530 8
1.722921 -0.019192 1.789632 8
1.785251 -0.041511 1.860969 8
1.762069 -0.118581 1.834156 8
1.787474 -0.164089 1.863105 8
1.786115 -0.227837 1.861328 8
1.751030 -0.316221 1.820827 8
1.745084 -0.385161 1.813767 8
1.774985 -0.428088 1.847857 8
1.782519 -0.487700 1.856262 8
1.786794 -0.550236 1.860918 8
1.769185 -0.630870 1.840438 8
1.785524 -0.684920 1.858934 8
1.729166 -0.800264 1.793934 8
1.760072 -0.843363 1.829144 8
1.741778 -0.929357 1.807840 8
1.761801 -0.982362 1.830539 8
1.734246 -1.079175 1.798574 8
1.724221 -1.161458 1.786736 8
1.730998 -1.228885 1.794194 8
1.274952 6.102617 1.392197 5
1.281068 6.015406 1.398682 5
1.293487 5.923674 1.412233 5
1.128666 5.990614 1.227411 5
1.034835 5.990450 1.122037 5
1.039254 5.904193 1.126643 5
0.932886 5.910930 1.007229 5
0.917166 5.841007 0.989299 5
0.882565 5.786313 0.950234 5
0.770716 5.790985 0.824676 5
0.743772 5.728194 0.794190 5
0.741891 5.646728 0.791776 5
0.590058 5.673980 0.621432 5
0.562124 5.609558 0.589846 5
0.512855 5.559520 0.534369 5
0.425401 5.533997 0.436122 5
0.382614 5.477114 0.387909 5
0.333901 5.423220 0.333061 5
0.325976 5.343206 0.323911 5
0.255703 5.300983 0.244917 5
0.296202 5.192464 0.290033 5
0.287995 5.113507 0.280588 5
0.331772 5.006281 0.329400 13
0.312582 4.934674 0.307665 13
0.340191 4.838775 0.338378 13
0.361851 4.747282 0.362436 13
0.356545 4.670086 0.356282 13
0.421186 4.560363 0.428526 13
0.435965 4.475783 0.444899 13
0.420854 4.405208 0.427780 13
0.389831 4.341312 0.392832 13
0.379747 4.268342 0.381358 13
0.391707 4.186828 0.394599 13
0.430700 4.095897 0.438151 13
0.401463 4.031137 0.405228 13
0.427615 3.946692 0.434400 13
0.431961 3.870574 0.439135 13
0.448619 3.791019 0.457680 13
0.423282 3.724867 0.429153 13
0.391045 3.660203 0.392894 13
0.403648 3.582726 0.406912 13
0.431307 3.502033 0.437815 12
0.487657 3.415500 0.500893 12
0.533241 3.333287 0.551908 12
0.635342 3.240704 0.666297 12
1.009718 3.097892 1.085971 12
0.984418 3.038798 1.057538 12
0.959644 2.979021 1.029699 12
0.982038 2.911473 1.054753 12
1.002876 2.844917 1.078066 12
0.995427 2.782561 1.069668 12
0.990169 2.719850 1.063732 12
1.008428 2.654861 1.084170 12
1.038961 2.589500 1.118376 12
0.967003 2.531758 1.037665 12
0.977420 2.467815 1.049325 11
0.929085 2.406338 0.995112 11
0.919246 2.342657 0.984069 11
0.946277 2.278443 1.014374 11
0.992107 2.215152 1.065764 11
0.960900 2.151510 1.030776 11
0.948904 2.087642 1.017335 11
0.983371 2.025750 1.055999 11
0.656388 1.941291 0.689374 10
0.669172 1.874341 0.703736 10
0.657414 1.805384 0.690584 10
0.646806 1.736129 0.678728 10
0.668498 1.670449 0.703094 10
0.652002 1.600036 0.684647 10
0.683858 1.536386 0.720420 10
0.661834 1.464542 0.695786 10
0.637158 1.391427 0.668185 10
0.627913 1.320457 0.657890 10
0.657942 1.257327 0.691637 10
1.316113 1.336658 1.429639 8
1.469305 1.313831 1.601467 8
1.541982 1.274813 1.683024 8
1.698477 1.260421 1.858554 8
1.695023 1.204900 1.854764 8
1.684239 1.146878 1.842761 8
1.702367 1.097436 1.863176 8
1.630049 1.018444 1.782203 8
1.690854 0.983020 1.850467 8
1.647915 0.911777 1.802442 8
1.683060 0.868327 1.841949 8
1.678761 0.810247 1.837246 8
1.674598 0.751809 1.832701 8
1.708371 0.708974 1.870681 8
1.728065 0.660720 1.892885 8
1.778263 0.626610 1.949279 8
1.742328 0.553310 1.909144 8
1.734460 0.492157 1.900471 8
1.729324 0.431768 1.894866 8
1.746056 0.382164 1.913772 8
1.731064 0.315784 1.897133 8
1.687040 0.232546 1.847971 8
1.695176 0.177000 1.857262 8
1.686776 0.111647 1.848030 8
1.708555 0.063665 1.872617 8
1.658234 -0.028506 1.816433 8
1.717447 -0.053471 1.882966 8
1.761725 -0.086636 1.932768 8
1.722879 -0.174299 1.889463 8
1.731235 -0.231496 1.899037 8
1.706134 -0.312458 1.871145 8
1.684978 -0.392032 1.847681 8
1.672432 -0.466596 1.833869 8
1.711819 -0.502958 1.878220 8
1.690415 -0.585597 1.854503 8
1.327801 -0.940133 1.448753 8
1.643633 -0.758446 1.802651 8
1.708335 -0.774116 1.875364 8
1.661989 -0.882333 1.823762 8
1.677041 -0.939778 1.840902 8
1.689007 -1.000161 1.854594 8
1.748062 -1.018176 1.920995 8
1.717303 -1.117908 1.886882 8
1.677420 -1.228353 1.842571 8
1.265858 6.055056 1.500746 5
1.209820 6.026017 1.438603 5
1.201572 5.953004 1.428572 5
1.129389 5.936496 1.348831 5
1.028150 5.942980 1.237385 5
1.001931 5.883741 1.207780 5
0.831714 5.942205 1.021031 5
0.878158 5.821941 1.070745 5
0.787644 5.811253 0.970970 5
0.740963 5.764628 0.919052 5
0.680146 5.727666 0.851702 5
0.590096 5.710604 0.752420 5
0.501774 5.689911 0.655018 5
0.459399 5.635047 0.607819 5
0.383380 5.602195 0.523859 5
0.326686 5.554730 0.461023 5
0.327722 5.468992 0.461311 5
0.238468 5.440411 0.362894 5
0.197726 5.380002 0.317528 5
0.217299 5.283202 0.338147 5
0.216002 5.199685 0.335966 5
0.174293 5.139331 0.289593 5
0.225149 5.027960 0.344520 13
0.258760 4.927881 0.380613 13
0.258473 4.846739 0.379635 13
0.253474 4.768442 0.373522 13
0.269222 4.680547 0.390143 13
0.278606 4.596580 0.399822 13
0.375956 4.473965 0.505843 13
0.307156 4.426666 0.429960 13
0.325237 4.341431 0.449234 13
0.339608 4.258648 0.464469 13
0.323339 4.188534 0.446164 13
0.324664 4.111766 0.447150 13
0.351169 4.026425 0.475742 13
0.401007 3.934262 0.529922 13
0.374245 3.868898 0.500197 13
0.401490 3.786231 0.529667 13
0.375192 3.720533 0.500484 13
0.349198 3.654245 0.471648 13
0.349507 3.580433 0.471656 13
0.401707 3.493794 0.528559 12
0.431697 3.414192 0.561141 12
0.476713 3.332335 0.610215 12
0.776372 3.198948 0.938462 12
0.901574 3.108260 1.075499 12
0.905488 3.043107 1.079592 12
0.934313 2.974108 1.111012 12
0.915337 2.913263 1.090041 12
0.973386 2.841517 1.153537 12
0.939161 2.782771 1.115876 12
0.947292 2.718596 1.124672 12
0.939869 2.656185 1.116427 12
0.920517 2.594573 1.095117 12
0.942908 2.529786 1.119595 12
0.879012 2.470004 1.049468 11
0.905969 2.405192 1.078984 11
0.904878 2.341780 1.077757 11
0.896066 2.278409 1.068079 11
0.855974 2.214569 1.024114 11
0.875874 2.150862 1.045951 11
0.900007 2.087858 1.072446 11
0.916775 2.025147 1.090878 11
0.912669 1.961534 1.086436 11
0.628175 1.875717 0.774550 10
0.572424 1.802941 0.713514 10
0.566625 1.733843 0.707269 10
0.596736 1.668853 0.740415 10
0.670432 1.610551 0.821365 10
0.569198 1.527947 0.710530 10
0.550851 1.455955 0.690594 10
0.567242 1.389516 0.708762 10
0.596473 1.325884 0.741021 10
1.250912 1.393163 1.458672 8
1.236220 1.330199 1.442778 8
1.480178 1.328063 1.710416 8
1.600443 1.301708 1.842463 8
1.610679 1.249349 1.853916 8
1.612503 1.194739 1.856162 8
1.626932 1.143722 1.872236 8
1.546770 1.063486 1.784667 8
1.581882 1.018239 1.823434 8
1.577314 0.960273 1.818735 8
1.630618 0.922540 1.877454 8
1.589770 0.851205 1.833035 8
1.618746 0.805351 1.865124 8
1.697969 0.780287 1.952256 8
1.623039 0.693074 1.870562 8
1.694414 0.666527 1.949112 8
1.633000 0.582396 1.882265 8
1.587610 0.503457 1.832989 8
1.626334 0.463064 1.875823 8
1.659339 0.420704 1.912403 8
1.667796 0.366483 1.922123 8
1.675803 0.311918 1.931365 8
1.639780 0.233313 1.892443 8
1.675701 0.193360 1.932260 8
1.649809 0.118587 1.904464 8
1.602388 0.029786 1.853145 8
1.606373 -0.029766 1.858078 8
1.152287 -0.375975 1.362137 8
1.643313 -0.131325 1.899668 8
1.678003 -0.171239 1.938213 8
1.685743 -0.228705 1.947310 8
1.622950 -0.335329 1.879344 8
1.655626 -0.376861 1.915730 8
1.631908 -0.458885 1.890520 8
1.634530 -0.522704 1.894108 8
1.581634 -0.629444 1.837089 8
1.654791 -0.640210 1.917740 8
1.262796 -1.021029 1.490619 8
1.621707 -0.802537 1.883223 8
1.657554 -0.841829 1.923174 8
1.620041 -0.943279 1.883100 8
1.636688 -0.999537 1.902142 8
1.666508 -1.044168 1.935564 8
1.612059 -1.165407 1.877126 8
1.645066 -1.208028 1.914063 8
1.191715 6.068654 1.537394 5
1.153800 6.022598 1.495391 5
1.156080 5.940578 1.496112 5
1.123280 5.889774 1.459594 5
0.914589 5.986986 1.236072 5
0.869808 5.942066 1.186782 5
0.769257 5.941355 1.078164 5
0.738589 5.882705 1.043902 5
0.651005 5.867649 0.949062 5
0.625992 5.803155 0.920851 5
0.630281 5.717012 0.923884 5
0.582263 5.669345 0.871220 5
0.339698 5.671444 0.609686 5
0.288094 5.620915 0.553194 5
0.182955 5.604157 0.439599 5
0.169750 5.526356 0.424097 5
0.189425 5.428520 0.443727 5
0.087662 5.404898 0.333752 5
0.075015 5.326544 0.318935 5
0.130922 5.209476 0.377381 5
0.109312 5.137585 0.353074 5
0.132328 5.041669 0.376483 13
0.169101 4.939887 0.414646 13
0.158262 4.863811 0.401963 13
0.215313 4.754736 0.461903 13
0.162869 4.699732 0.404803 13
0.179352 4.612035 0.421446 13
0.274517 4.490506 0.522307 13
0.287095 4.407588 0.534868 13
0.274333 4.335900 0.520349 13
0.306688 4.246326 0.554149 13
0.311809 4.168500 0.558839 13
0.288781 4.101508 0.533425 13
0.313861 4.017256 0.559550 13
0.300042 3.947184 0.544055 13
0.250601 3.888492 0.490436 13
0.279950 3.804427 0.521233 13
0.312827 3.720479 0.555849 13
0.246320 3.665401 0.484020 13
0.286791 3.580450 0.526837 13
0.305326 3.502382 0.546185 12
0.397959 3.407699 0.644980 12
0.541850 3.304619 0.798760 12
0.792166 3.183981 1.066670 2
0.861146 3.105409 1.140258 12
0.902284 3.033899 1.184034 12
0.940486 2.964183 1.224695 12
0.914521 2.905218 1.196586 12
0.910982 2.842619 1.192545 12
0.881082 2.783191 1.160263 12
0.858606 2.722224 1.135963 12
0.883465 2.656360 1.162447 12
0.876637 2.593732 1.154977 12
0.879706 2.530345 1.158145 12
0.886432 2.466913 1.165259 11
0.845624 2.405387 1.121421 11
0.800783 2.342822 1.073280 11
0.802530 2.278681 1.075129 11
0.798356 2.214553 1.070652 11
0.868611 2.151876 1.146024 11
0.849062 2.087998 1.125107 11
0.815259 2.022836 1.088930 11
0.569531 1.943225 0.825504 10
0.708706 1.886496 0.974888 2
0.766861 1.826203 1.037404 2
0.511555 1.734276 0.763810 10
0.544815 1.669682 0.799688 10
0.546169 1.601645 0.801379 10
0.515862 1.528828 0.769152 10
0.547273 1.465067 0.803124 10
0.524118 1.392401 0.778621 10
1.126045 1.438554 1.424224 8
1.224353 1.398200 1.529931 8
1.281593 1.351479 1.591629 8
1.453744 1.333197 1.776493 8
1.542558 1.298971 1.872041 8
1.537974 1.242534 1.867516 8
1.552197 1.191011 1.883165 8
1.517828 1.125487 1.846776 8
1.512953 1.067817 1.842012 8
1.506194 1.009180 1.835255 8
1.546289 0.965898 1.878701 8
1.542652 0.908185 1.875331 8
1.623484 0.881082 1.962423 8
1.654354 0.837074 1.996030 8
1.620510 0.768059 1.960386 8
1.608389 0.706689 1.948025 8
1.610950 0.650927 1.951402 8
1.592791 0.585774 1.932636 8
1.550901 0.508886 1.888518 8
1.559195 0.454112 1.898112 8
1.573651 0.402258 1.914317 8
1.609959 0.361514 1.953904 8
1.573962 0.283938 1.916221 8
1.097250 -0.031331 1.407621 8
1.103161 -0.095890 1.414898 10
1.074218 -0.180523 1.384975 8
1.077335 -0.247855 1.389335 10
1.079005 -0.316462 1.392182 8
1.120808 -0.360787 1.437899 8
1.604180 -0.124609 1.954850 8
1.613299 -0.181137 1.965601 8
1.622512 -0.237807 1.976479 8
1.607721 -0.311107 1.961786 8
1.596767 -0.382767 1.951226 8
1.561180 -0.473060 1.914453 8
1.560510 -0.539495 1.914936 8
1.562231 -0.604764 1.918001 8
1.583040 -0.655889 1.941424 8
1.590573 -0.717394 1.950737 8
1.577844 -0.795646 1.938523 8
1.548086 -0.889108 1.908242 8
1.543962 -0.962760 1.905278 8
1.514226 -1.059399 1.875132 8
1.529896 -1.117921 1.893295 8
1.559269 -1.164315 1.926042 8
1.528349 -1.265844 1.894794 8
1.532184 -1.336792 1.900500 8
1.131516 6.149996 1.591803 5
1.130666 6.069963 1.588466 5
1.077119 6.037580 1.530664 5
1.095827 5.941293 1.547674 5
1.041215 5.908907 1.488817 5
0.456993 5.796183 0.867118 5
0.452441 5.715597 0.860278 5
-0.061466 5.539789 0.313332 0
0.005391 5.412653 0.381125 5
0.081522 5.282961 0.458692 5
0.084639 5.197242 0.460209 5
-0.010057 5.165488 0.359729 5
0.076995 5.035172 0.448928 13
0.084819 4.948806 0.455521 13
0.060139 4.879390 0.428228 13
0.080308 4.788081 0.447819 13
0.105516 4.695525 0.472736 13
0.105523 4.615594 0.471380 13
0.175039 4.505758 0.542731 13
0.223670 4.407254 0.592327 13
0.202378 4.339051 0.568869 13
0.191266 4.266612 0.556096 13
0.173316 4.196795 0.536209 13
0.208303 4.107638 0.571755 13
0.212008 4.030721 0.574620 13
0.183694 3.964892 0.544011 13
0.185861 3.888851 0.545350 13
0.202672 3.808726 0.562067 13
0.200290 3.734919 0.558732 13
0.161238 3.671384 0.517027 13
0.160323 3.597052 0.515307 13
0.267017 3.496466 0.626377 12
0.683211 3.327449 1.061842 6
0.673779 3.263048 1.051384 6
0.733782 3.184446 1.113739 2
0.839951 3.098984 1.224537 12
0.821004 3.038565 1.204227 12
0.879979 2.965218 1.265645 12
0.860522 2.905168 1.244870 12
0.802882 2.849753 1.184088 12
0.791800 2.787300 1.172157 12
0.784919 2.724191 1.164665 12
0.808307 2.658228 1.188953 12
0.856042 2.591124 1.238812 12
0.866110 2.527776 1.249203 12
0.710631 2.472833 1.085987 11
0.734682 2.407338 1.111110 11
0.727264 2.343199 1.103260 11
0.731686 2.278788 1.107863 11
0.802106 2.214966 1.181729 11
0.746911 2.150475 1.123868 11
0.773851 2.087290 1.152195 11
0.776505 2.023644 1.155082 11
0.731447 1.957041 1.107960 2
0.712435 1.891127 1.088195 2
0.769537 1.831520 1.148291 2
0.659234 1.755919 1.032856 6
0.492931 1.670499 0.858744 10
0.432172 1.594321 0.795364 10
0.405704 1.521354 0.767984 10
0.422130 1.454414 0.785619 10
0.495934 1.397835 0.863442 10
0.509177 1.331741 0.877804 10
1.230037 1.409674 1.633882 8
1.401613 1.388478 1.814171 8
1.495932 1.354111 1.913493 8
1.471978 1.293185 1.888898 8
1.505189 1.246284 1.924229 8
1.449965 1.175867 1.866947 8
1.451496 1.120075 1.869156 8
1.488122 1.074778 1.908146 8
1.507504 1.024847 1.929102 8
1.508276 0.969068 1.930601 8
1.504126 0.911368 1.926982 8
0.998847 0.671858 1.399002 10
1.548950 0.814879 1.975427 8
1.505643 0.741495 1.930943 8
1.514893 0.687914 1.941475 8
1.536243 0.639421 1.964689 8
1.540798 0.583935 1.970371 8
1.527517 0.520214 1.957447 8
1.535762 0.465817 1.967055 8
1.554174 0.416237 1.987314 8
1.574066 0.367610 2.009146 8
1.511160 0.276729 1.944564 8
1.059820 -0.021981 1.474665 8
1.013781 -0.114499 1.427953 10
1.025465 -0.176576 1.441523 8
1.025939 -0.245225 1.443441 10
1.000476 -0.329725 1.418368 8
0.997873 -0.401648 1.417179 8
1.000549 -0.470892 1.421538 8
0.979591 -0.555763 1.401334 10
0.971344 -0.633538 1.394427 8
1.208537 -0.546575 1.642956 8
1.321413 -0.538218 1.762041 8
1.468388 -0.502468 1.916534 8
0.957597 -0.939630 1.387369 8
1.512005 -0.603627 1.965235 8
1.546962 -0.643993 2.003282 8
1.529883 -0.724253 1.987338 8
1.513637 -0.805111 1.972324 8
1.519007 -0.869638 1.979793 8
1.544931 -0.917574 2.008610 8
1.443953 -1.073191 1.906000 8
1.500128 -1.096753 1.966259 8
1.436175 -1.225624 1.902207 8
1.432128 -1.303414 1.900241 8
1.430465 -1.379997 1.900804 8
1.082502 6.139957 1.655802 5
1.066925 6.073596 1.637001 5
1.006706 6.046616 1.573251 5
1.053454 5.926623 1.617414 5
0.849775 6.019198 1.408902 5
0.838880 5.947038 1.394951 5
-0.037584 5.569540 0.474054 5
-0.106163 5.524252 0.401854 5
-0.115286 5.442641 0.390173 5
-0.158335 5.380677 0.344017 5
-0.078428 5.249919 0.423132 5
-0.059901 5.155259 0.439840 5
-0.088214 5.086201 0.408886 5
-0.013092 4.964379 0.483450 13
-0.001759 4.876740 0.493069 13
-0.026972 4.807354 0.465469 13
-0.015044 4.720553 0.475827 13
0.046032 4.612641 0.536439 13
0.100880 4.509687 0.590792 13
0.066165 4.446081 0.553734 13
0.081894 4.361591 0.568268 13
0.070992 4.288254 0.555647 13
0.090855 4.203517 0.574537 13
0.082385 4.129848 0.564516 13
0.119524 4.040623 0.601206 13
0.121224 3.964443 0.601709 13
0.091418 3.898519 0.570021 13
0.110246 3.817447 0.588163 13
0.096489 3.746499 0.573002 13
0.082482 3.675491 0.557635 13
0.125042 3.589789 0.600258 13
0.184613 3.501396 0.660376 12
0.743704 3.300569 1.232388 6
0.717979 3.241313 1.205317 6
0.680691 3.183828 1.166431 6
0.778876 3.100155 1.266450 12
0.779630 3.036214 1.266655 12
0.793036 2.970420 1.279876 12
0.770413 2.910348 1.256200 12
0.790632 2.844144 1.276498 12
0.799320 2.779955 1.285019 12
0.813132 2.715569 1.298840 12
0.756746 2.657933 1.240702 12
0.756951 2.594522 1.240651 12
0.790402 2.529115 1.274748 12
0.673215 2.471939 1.154357 11
0.726717 2.405697 1.209112 11
0.718657 2.342226 1.200755 11
0.714643 2.278522 1.196594 11
0.722813 2.214797 1.204975 11
0.731190 2.151296 1.213613 11
0.726238 2.087550 1.208620 11
0.738430 2.024468 1.221259 11
0.751818 1.961757 1.235168 11
0.749929 1.898209 1.233448 6
0.678411 1.828313 1.160351 2
0.692940 1.765266 1.175563 6
0.656608 1.696576 1.138656 6
0.593617 1.623291 1.074460 6
0.350519 1.522037 0.825639 10
0.377533 1.456823 0.853861 10
1.154077 1.521765 1.650532 8
1.158594 1.464038 1.655684 8
1.255309 1.424814 1.755372 8
1.326845 1.382750 1.829271 8
1.394965 1.341764 1.899689 8
1.416026 1.291104 1.921914 8
1.427672 1.238451 1.934528 8
1.378518 1.169454 1.884912 8
1.409864 1.121859 1.917780 8
1.419496 1.068449 1.928449 8
1.474622 1.029402 1.985716 8
1.447880 0.964818 1.959228 8
1.484678 0.921034 1.997796 8
1.435507 0.847333 1.948461 8
1.436521 0.790629 1.950509 8
1.449430 0.738293 1.964759 8
1.430053 0.673096 1.946049 8
1.424155 0.612652 1.941166 8
1.457521 0.568667 1.976434 8
1.495411 0.527385 2.016346 8
1.509805 0.476083 2.032295 8
0.936160 0.144744 1.448247 8
0.942867 0.080914 1.456632 10
0.953547 0.018894 1.469119 8
0.959948 -0.045457 1.477290 10
0.941430 -0.123451 1.460120 10
0.919680 -0.204267 1.439729 10
0.918126 -0.274745 1.439974 10
0.932505 -0.336444 1.456495 8
0.917020 -0.416141 1.442682 10
0.924318 -0.482804 1.452110 10
0.889163 -0.576657 1.418445 10
0.909177 -0.636390 1.440919 8
0.923728 -0.699690 1.457892 8
1.077401 -0.668164 1.616100 8
1.440829 -0.485458 1.986971 8
1.436450 -0.554494 1.984641 8
1.458552 -0.604854 2.009206 8
1.478736 -0.656501 2.031866 8
1.503642 -0.704449 2.059343 8
1.454578 -0.810241 2.012036 8
1.431571 -0.897507 1.991195 8
1.329940 -1.050803 1.891022 8
1.363828 -1.094828 1.927864 8
1.360507 -1.170258 1.927193 8
1.354967 -1.248529 1.924363 8
1.359817 -1.318521 1.932082 8
1.358592 -1.394704 1.933755 8
0.994447 6.084774 1.677294 5
1.042508 5.963653 1.720830 5
0.983738 5.935408 1.659514 5
0.840191 5.976000 1.514783 5
-0.239343 5.739081 0.407523 5
-0.111984 5.572413 0.530825 5
-0.192728 5.533904 0.447693 5
-0.254925 5.482775 0.382993 5
-0.301019 5.421273 0.334326 5
-1.540598 6.011150 -0.901344 5
-0.342347 5.181782 0.285102 5
-0.332666 5.090492 0.292202 5
-0.236949 4.958254 0.385122 13
-0.356919 4.930880 0.263201 13
-0.230142 4.787998 0.387328 13
-0.110650 4.652565 0.504366 13
-0.041054 4.542360 0.571775 13
-0.019500 4.454380 0.591345 13
0.005269 4.366154 0.614215 13
-0.018622 4.297625 0.588559 13
-0.039256 4.227571 0.566214 13
0.011684 4.131987 0.615477 13
0.009005 4.056374 0.611222 13
-0.020669 3.989768 0.580033 13
0.042624 3.893760 0.641911 13
0.047483 3.817149 0.645409 13
-0.002983 3.756559 0.593594 13
0.080281 3.658956 0.675719 13
0.713435 3.424221 1.308651 6
0.658496 3.372627 1.252656 6
0.681563 3.302051 1.274848 2
0.646222 3.244696 1.238574 6
0.685553 3.171714 1.277184 6
0.714861 3.101829 1.305815 12
0.715172 3.037851 1.305439 12
0.670465 2.981084 1.259977 12
0.713543 2.910634 1.302590 12
0.704016 2.848294 1.292509 12
0.719950 2.782844 1.308016 12
0.746235 2.716863 1.333963 12
0.755624 2.653175 1.343017 12
0.769464 2.589479 1.356590 12
0.719698 2.530113 1.306400 12
0.656683 2.470069 1.242963 11
0.673087 2.405645 1.259264 11
0.715074 2.341172 1.301290 6
0.672776 2.278431 1.258794 6
0.650896 2.214683 1.236838 6
0.710880 2.152006 1.297081 6
0.622543 2.085899 1.208548 11
0.709379 2.025704 1.295837 2
0.647709 1.958742 1.234172 6
0.683699 1.897363 1.270545 6
0.662936 1.831883 1.250032 6
0.692651 1.770925 1.280212 6
0.668865 1.704501 1.256776 6
0.564663 1.626916 1.152747 6
0.334651 1.528346 0.922633 10
0.261314 1.447939 0.849727 10
0.294911 1.383641 0.884106 10
1.123645 1.466886 1.715582 8
1.360141 1.455390 1.953285 8
1.329978 1.393705 1.923745 8
1.317210 1.334972 1.911693 8
1.352451 1.287254 1.947783 8
1.362318 1.233909 1.958496 8
1.388015 1.184910 1.985103 8
1.398541 1.132168 1.996560 8
1.341012 1.059367 1.939953 8
1.376950 1.013749 1.976941 8
1.370311 0.955112 1.971371 8
1.426956 0.917510 2.029138 8
1.440048 0.865908 2.043383 8
1.373168 0.785034 1.977751 8
1.372112 0.727124 1.977972 8
1.387114 0.675283 1.994286 8
1.427277 0.633947 2.035761 8
1.391632 0.561203 2.001605 8
0.865024 0.270717 1.477728 10
0.867330 0.205249 1.481773 10
0.854116 0.132173 1.470407 8
0.863052 0.069067 1.481187 10
0.910776 0.025243 1.530657 8
0.861839 -0.067407 1.483920 10
0.856721 -0.138710 1.480898 10
0.861379 -0.205279 1.487672 10
0.873793 -0.267811 1.502221 8
0.829924 -0.362945 1.460904 8
0.859992 -0.416092 1.493129 10
0.856389 -0.489316 1.491975 10
0.844738 -0.568221 1.482915 8
0.838219 -0.644763 1.479032 8
0.890030 -0.683749 1.533028 8
0.949138 -0.716723 1.594264 8
1.278446 -0.561892 1.922892 8
1.353852 -0.576178 2.000081 8
1.407081 -0.604572 2.055326 8
1.425634 -0.657440 2.076328 8
1.404668 -0.740217 2.058377 8
1.357590 -0.844570 2.014781 8
1.359268 -0.912597 2.019380 8
1.366006 -0.977151 2.029039 8
1.332210 -1.075700 1.998889 8
1.284735 -1.187745 1.955429 8
1.308791 -1.240512 1.982398 8
1.285000 -1.335367 1.962458 8
1.313705 -1.384661 1.994126 8
0.863442 6.146471 1.662422 5
0.972732 5.972776 1.762666 5
0.819269 6.022894 1.611509 5
0.811241 5.949695 1.599641 5
-0.279004 5.719280 0.501864 5
-0.186762 5.575385 0.587628 5
-0.204995 5.499733 0.566507 5
-0.292810 5.463817 0.477967 5
-0.856929 5.690120 -0.072914 5
-1.543739 5.965989 -0.743498 5
-0.117381 4.232129 0.611791 13
-0.079090 4.064210 0.645411 13
-0.087483 3.990376 0.635436 13
-0.086877 3.837793 0.632722 13
-0.429867 3.857644 0.295515 3
-0.436978 3.779240 0.287004 3
0.529559 3.456445 1.231951 6
0.622028 3.367969 1.321360 6
0.611700 3.305207 1.310173 6
0.620334 3.238361 1.317627 6
0.619060 3.173861 1.315438 6
0.619492 3.109169 1.314986 2
0.660584 3.037771 1.354462 12
0.613669 2.981279 1.307717 12
0.667850 2.909320 1.360169 6
0.601491 2.854374 1.294466 6
0.641537 2.785547 1.333189 12
0.612930 2.724826 1.304631 6
0.618972 2.660379 1.310125 6
0.630476 2.595759 1.321042 12
0.646539 2.531231 1.336496 12
0.589696 2.470614 1.280468 6
0.583439 2.406803 1.274140 6
0.604455 2.342300 1.294643 6
0.592829 2.278598 1.283170 6
0.635527 2.214953 1.325075 6
0.619645 2.151270 1.309550 6
0.605149 2.087190 1.295447 6
0.644107 2.025211 1.333865 2
0.616140 1.960192 1.306666 2
0.625179 1.897112 1.315844 6
0.634093 1.834207 1.324961 6
0.594349 1.766561 1.286401 6
0.583111 1.701026 1.275875 6
0.598092 1.638454 1.291132 6
0.199384 1.517614 0.900734 10
0.203267 1.448303 0.905287 10
0.257291 1.387428 0.959066 10
0.935120 1.441666 1.624379 8
1.316526 1.456153 1.998997 8
1.280283 1.393335 1.964285 8
1.282922 1.338070 1.967735 8
1.271044 1.279281 1.957022 8
1.264376 1.221309 1.951471 8
1.284269 1.170016 1.971984 8
1.250692 1.104185 1.940213 8
1.278748 1.055268 1.968820 8
1.288736 1.001389 1.979798 8
1.389060 0.976557 2.079156 8
1.376738 0.916605 2.068402 8
1.361665 0.855115 2.055028 8
1.346944 0.793084 2.042067 8
1.319952 0.725747 2.017197 8
1.348490 0.679134 2.046605 8
1.338542 0.617429 2.038505 8
1.321607 0.552207 2.023663 8
0.788463 0.261451 1.505730 10
0.785463 0.193341 1.504854 10
0.794430 0.130336 1.515709 8
0.773556 0.052904 1.497584 10
0.786850 -0.008653 1.512797 8
0.817899 -0.061180 1.545337 10
0.762937 -0.158310 1.494336 10
0.771267 -0.223391 1.504947 10
0.794076 -0.280644 1.529685 10
0.792804 -0.351405 1.531116 10
0.780295 -0.429279 1.521738 10
0.762981 -0.510941 1.507805 10
0.747966 -0.592254 1.496206 8
0.759425 -0.657833 1.510331 8
0.760231 -0.730526 1.514229 8
0.900734 -0.710880 1.653190 8
0.984856 -0.725688 1.737609 8
1.262713 -0.603210 2.008896 8
1.308355 -0.637991 2.056004 8
1.291023 -0.717860 2.042473 8
1.292274 -0.785024 2.046942 8
1.287398 -0.857457 2.045607 8
1.303856 -0.914032 2.064868 8
1.318355 -0.972271 2.082315 8
1.233207 -1.112023 2.004278 8
1.281193 -1.144474 2.054038 8
1.123928 -1.350754 1.907371 8
1.202736 -1.358165 1.986820 8
1.231124 -1.408287 2.018066 8
0.853993 6.102144 1.764447 5
0.865908 6.012703 1.770654 5
0.791130 5.995813 1.696082 5
0.737953 5.959719 1.641667 5
-0.296575 5.774517 0.619997 5
-0.251492 5.658972 0.658407 5
-0.273757 5.585472 0.633309 5
-0.327157 5.529923 0.578831 5
-1.098101 5.877506 -0.155212 5
-1.076331 5.767825 -0.138827 5
-1.383061 5.834547 -0.433844 5
0.526730 3.377194 1.333035 6
0.555013 3.305360 1.358897 6
0.526272 3.246290 1.330211 6
0.537359 3.178888 1.339756 6
0.571019 3.107868 1.371017 6
0.592044 3.040006 1.390250 12
0.570738 2.979330 1.368971 6
0.568693 2.915507 1.366230 12
0.581319 2.849880 1.377634 12
0.531723 2.791732 1.329418 6
0.573025 2.723273 1.368478 6
0.562552 2.660471 1.357934 6
0.533216 2.598836 1.329357 6
0.506874 2.536297 1.303721 6
0.590973 2.467966 1.384156 12
0.536241 2.406521 1.331410 6
0.530350 2.342672 1.325613 6
0.524303 2.278684 1.319738 6
0.526625 2.214595 1.321967 6
0.568690 2.151355 1.362416 6
0.506790 2.085764 1.303141 6
0.525124 2.022234 1.320952 2
0.549074 1.959491 1.344222 6
0.534758 1.894540 1.330837 6
0.518683 1.828999 1.315837 6
0.518471 1.764546 1.316133 6
0.530150 1.701354 1.327908 6
0.127701 1.585978 0.942499 10
0.140255 1.517798 0.955313 10
0.139861 1.447851 0.955785 10
0.125661 1.375460 0.943099 10
0.881044 1.441287 1.668198 8
1.225132 1.447654 1.998892 8
0.956258 1.336116 1.742197 8
1.250106 1.341437 2.024726 8
1.262159 1.288516 2.037314 8
1.204276 1.218413 1.983006 8
1.199195 1.160381 1.979330 8
1.190347 1.100991 1.972119 8
1.242688 1.058869 2.023506 8
1.251234 1.004718 2.033052 8
1.288315 0.959639 2.069931 8
1.318010 0.912931 2.099794 8
1.295744 0.848902 2.080077 8
1.234548 0.770039 2.023284 8
1.228302 0.709700 2.019043 8
1.264927 0.665522 2.055768 8
1.291516 0.618081 2.082963 8
1.268177 0.550360 2.062631 8
0.705581 0.249726 1.528827 10
0.733775 0.195177 1.558011 10
0.745716 0.133622 1.571790 8
0.719997 0.054200 1.549833 10
0.738079 -0.004973 1.569614 8
0.713979 -0.085241 1.549403 10
0.721888 -0.150062 1.559687 10
0.701353 -0.230243 1.543076 8
0.674731 -0.314829 1.520813 10
0.706476 -0.367816 1.553960 10
0.680900 -0.453481 1.532908 10
0.683241 -0.523853 1.538392 8
0.712727 -0.578132 1.569623 10
0.658721 -0.684210 1.522071 8
0.773080 -0.684665 1.633559 8
0.811563 -0.731890 1.673440 8
0.938385 -0.719059 1.796572 8
1.111994 -0.670519 1.963627 8
1.233177 -0.653893 2.081196 8
1.228297 -0.724812 2.080236 8
1.221412 -0.797965 2.077504 8
1.228838 -0.861168 2.088304 8
1.222497 -0.935373 2.086301 8
1.223204 -1.004893 2.091013 8
1.169901 -1.118565 2.045354 8
1.154890 -1.203278 2.035666 8
1.159884 -1.272438 2.044779 8
1.183176 -1.326479 2.071044 8
0.772251 6.120096 1.798592 5
0.776381 6.037144 1.796832 5
0.701965 6.018901 1.723772 5
0.700521 5.940890 1.717145 5
-0.327556 5.837641 0.724635 5
-0.318985 5.744411 0.727731 5
-0.355914 5.679481 0.689011 5
-0.299698 5.559421 0.736354 5
-1.299881 6.045301 -0.192129 5
-1.270156 5.928677 -0.169642 5
-1.319569 5.856457 -0.220196 5
-1.615808 5.913375 -0.499266 5
0.474762 3.376139 1.387148 6
0.515098 3.301824 1.423549 6
0.417655 3.256996 1.330974 2
0.443717 3.186066 1.354173 6
0.471792 3.115624 1.379355 6
0.515184 3.043544 1.418992 12
0.529220 2.977197 1.431199 12
0.516816 2.914996 1.418694 12
0.417246 2.863479 1.324493 12
0.472273 2.792128 1.375395 6
0.485144 2.726479 1.386835 6
0.468540 2.663765 1.370695 12
0.481451 2.598545 1.382334 12
0.500285 2.533371 1.399616 6
0.486146 2.470254 1.386027 6
0.408765 2.408879 1.313143 11
0.437289 2.343408 1.339761 6
0.470162 2.278673 1.370544 6
0.443402 2.214415 1.345421 6
0.452684 2.150159 1.354215 6
0.429133 2.085054 1.332265 11
0.492726 2.023312 1.392203 2
0.461736 1.957613 1.363430 6
0.476982 1.894395 1.378140 6
0.418118 1.825188 1.323373 2
0.471309 1.765420 1.373851 6
-0.024244 1.645587 0.909533 10
0.076609 1.587172 1.004937 10
0.065773 1.515871 0.995639 10
0.018181 1.438593 0.951963 10
0.811170 1.498525 1.696500 8
1.133300 1.495523 1.999422 8
1.116177 1.436005 1.984352 8
1.207063 1.398032 2.070552 8
1.176284 1.335794 2.042823 8
1.178046 1.280124 2.045652 8
1.194244 1.227885 2.062065 8
1.194880 1.171890 2.063979 8
1.195801 1.115815 2.066233 8
1.187814 1.057033 2.060230 8
1.209944 1.006860 2.082456 8
1.184874 0.942301 2.060644 8
1.252106 0.907024 2.125124 8
1.284980 0.861667 2.157552 8
1.199740 0.775091 2.079829 8
1.227177 0.727437 2.107334 8
1.237775 0.673851 2.119198 8
0.594907 0.361075 1.522400 10
0.654926 0.318617 1.580753 10
0.647681 0.248943 1.576548 10
0.624328 0.171643 1.557464 10
0.637617 0.109938 1.572555 10
0.642708 0.044408 1.580113 10
0.649570 -0.020505 1.589405 10
0.627257 -0.100120 1.571728 10
0.630747 -0.167597 1.578095 10
0.644479 -0.230007 1.594045 10
0.637472 -0.303682 1.590887 10
0.610723 -0.389008 1.569588 10
0.607780 -0.462012 1.570431 8
0.594679 -0.541559 1.562010 10
0.598744 -0.611685 1.569554 8
0.684059 -0.632070 1.652079 8
0.728055 -0.676500 1.696532 8
0.790845 -0.707927 1.758310 8
0.855528 -0.736689 1.821832 8
1.092676 -0.646718 2.043674 8
1.179286 -0.654509 2.127131 8
1.139293 -0.750227 2.094551 8
1.120986 -0.832035 2.082009 8
1.137264 -0.889294 2.101233 8
1.161442 -0.940629 2.127753 8
1.127437 -1.037068 2.101283 8
1.087995 -1.139639 2.070059 8
1.144415 -1.166413 2.126254 8
1.077185 -1.294483 2.070109 8
1.130325 -1.323729 2.123468 8
0.691073 6.136998 1.834459 5
0.703651 6.047098 1.839479 5
0.593274 6.056932 1.735706 5
0.618736 5.957247 1.752383 5
0.460336 6.000357 1.605855 5
-0.375435 5.823119 0.808233 5
-0.341010 5.714721 0.833908 5
-0.368163 5.644609 0.804362 5
-1.543908 6.136734 -0.265886 5
-1.422874 5.967885 -0.162278 5
-1.583378 5.953856 -0.312692 5
-1.640192 5.881824 -0.369419 5
-0.070578 3.272711 0.984904 12
0.410878 3.116432 1.424827 6
0.440462 3.046634 1.450793 12
0.476206 2.976817 1.482511 12
0.369418 2.927546 1.383599 12
0.429144 2.854990 1.437499 12
0.419563 2.791758 1.427914 12
0.441427 2.725293 1.447273 12
0.411021 2.663890 1.418751 12
0.381483 2.601698 1.391108 12
0.478610 2.531386 1.479830 12
0.274034 2.477364 1.291660 11
0.307594 2.410325 1.322202 11
0.350173 2.344008 1.361118 11
0.368841 2.278968 1.378170 11
0.327307 2.214026 1.340033 11
0.325470 2.148774 1.338436 11
0.333933 2.083794 1.346386 11
0.304928 2.017305 1.320024 11
0.107575 1.940181 1.139207 2
0.158659 1.875636 1.186568 2
0.283232 1.818574 1.301462 2
-0.127827 1.712440 0.924862 10
-0.072841 1.647044 0.976099 10
-0.044901 1.579647 1.002606 10
-0.040362 1.509675 1.007737 10
-0.144256 1.423455 0.913527 10
-0.174774 1.346341 0.886735 10
1.091819 1.496792 2.048965 8
0.926576 1.409370 1.898624 8
1.166094 1.399447 2.119237 8
1.142932 1.339036 2.099239 8
1.132700 1.280828 2.091172 8
1.152241 1.229413 2.110437 8
1.177532 1.179827 2.135028 8
1.157988 1.118678 2.118684 8
1.143161 1.058156 2.106748 8
1.131551 0.997996 2.097845 8
1.177010 0.954991 2.141149 8
1.126186 0.881888 2.096615 8
1.184016 0.843781 2.151336 8
1.176607 0.784154 2.146600 8
1.162159 0.721519 2.135544 8
1.092639 0.637408 2.074430 8
0.575498 0.375628 1.606045 10
0.573762 0.308386 1.607179 10
0.568521 0.239298 1.605231 10
0.563443 0.169797 1.603542 10
0.569415 0.104753 1.611995 10
0.544500 0.025230 1.592527 10
0.581192 -0.026013 1.629048 10
0.549422 -0.110218 1.603614 10
0.556868 -0.175921 1.613830 10
0.564665 -0.241647 1.624464 10
0.552485 -0.318266 1.617152 10
0.536726 -0.397662 1.606743 10
0.562177 -0.454736 1.633646 10
0.530988 -0.544350 1.609590 8
0.545458 -0.608261 1.626812 8
0.556057 -0.674614 1.640651 8
0.560322 -0.745136 1.648907 8
0.802028 -0.664056 1.870371 8
0.833599 -0.713848 1.903114 8
1.052744 -0.637277 2.103884 8
1.063905 -0.697286 2.118304 8
1.028772 -0.790049 2.091465 8
1.062046 -0.835327 2.125865 8
1.060684 -0.905597 2.129454 8
1.123120 -0.928581 2.189957 8
0.965171 -1.119395 2.054562 8
1.040159 -1.133345 2.126441 8
1.062000 -1.188061 2.151166 8
0.954274 -1.348758 2.061301 8
1.096315 -1.305212 2.192599 8
0.555230 6.198415 1.824446 5
0.614236 6.070155 1.868544 5
0.524508 6.062290 1.784530 5
0.560567 5.954782 1.809241 5
0.415088 5.986827 1.676956 5
-0.508107 5.950013 0.822785 5
-0.418868 5.806107 0.895008 5
-0.465580 5.747404 0.848269 5
-0.574369 5.724379 0.747065 5
-1.594078 6.117755 -0.161657 5
-1.563599 5.999535 -0.140948 5
-1.657059 5.948351 -0.229334 5
0.307574 3.124582 1.432730 12
0.357385 3.050980 1.476107 12
0.315403 2.992399 1.437295 12
0.360025 2.921133 1.476242 12
0.324692 2.860904 1.443577 12
0.294579 2.799284 1.415680 12
0.341324 2.729559 1.456849 12
0.326039 2.666297 1.442451 12
0.343491 2.600391 1.457536 12
0.242798 2.541819 1.366650 11
0.279370 2.474531 1.399094 11
0.287011 2.409147 1.405662 11
0.286192 2.344147 1.404731 11
0.322615 2.278901 1.437340 11
0.302154 2.214231 1.418967 11
0.236518 2.148160 1.360125 11
0.211658 2.081697 1.338000 11
0.187285 2.014592 1.316413 11
-0.269599 1.921818 0.906620 10
-0.272829 1.849308 0.904263 10
-0.288018 1.775655 0.891281 10
-0.260339 1.705672 0.916884 10
-0.287477 1.630327 0.893402 10
-0.292352 1.556908 0.890012 10
-0.326366 1.479317 0.860598 10
-0.246402 1.417616 0.933516 10
0.848282 1.521400 1.916187 8
0.859863 1.464877 1.927707 8
1.016628 1.435715 2.069388 8
1.029976 1.381795 2.082615 8
1.155078 1.351936 2.195980 8
1.086534 1.281357 2.136033 8
1.143631 1.238936 2.188626 8
1.045564 1.158628 2.102504 8
1.026906 1.096685 2.087529 8
1.010844 1.034792 2.074979 8
1.094400 1.001441 2.151498 8
1.084877 0.941631 2.144952 8
1.092329 0.886782 2.153649 8
1.068409 0.821469 2.134461 8
1.088949 0.770688 2.155008 8
1.105963 0.718955 2.172487 8
1.088475 0.654543 2.159337 8
0.504972 0.370087 1.642912 10
0.501701 0.302097 1.642980 10
0.488629 0.229631 1.634461 10
0.480087 0.158411 1.630092 10
0.456458 0.079924 1.612471 10
0.466941 0.016002 1.625225 10
0.481973 -0.045857 1.642111 10
0.485263 -0.113375 1.648707 10
0.465836 -0.192549 1.635343 10
0.467253 -0.261984 1.640538 10
0.418126 -0.358518 1.601270 10
0.490111 -0.391167 1.668947 10
0.427708 -0.497111 1.618312 10
0.478864 -0.540374 1.667795 8
0.436854 -0.637322 1.635466 8
0.442372 -0.707416 1.645063 8
0.543958 -0.718580 1.738998 8
0.667765 -0.713157 1.852322 8
0.798499 -0.700016 1.971583 8
0.959178 -0.663548 2.116853 8
1.033906 -0.680974 2.186928 8
1.050693 -0.736841 2.206493 8
1.102896 -0.767594 2.256964 8
1.011792 -0.901295 2.182946 8
1.052592 -0.940641 2.223722 8
0.916716 -1.113238 2.111493 8
0.753247 -1.312283 1.975899 8
0.805492 -1.346761 2.027189 8
0.860645 -1.377873 2.081003 8
0.945373 -1.383480 2.160285 8
0.971475 -1.436291 2.189106 8
0.461065 6.224200 1.852991 5
0.548025 6.073995 1.918644 5
0.500143 6.032711 1.871289 5
0.504778 5.950438 1.868240 5
0.349568 5.988692 1.730439 5
-0.396735 5.835325 1.043300 5
-0.504697 5.815245 0.944667 5
-0.516796 5.735552 0.928069 5
-1.665729 6.110944 -0.076941 5
-1.673914 6.014001 -0.090633 5
-1.748144 5.951950 -0.161020 5
0.111734 3.148460 1.361670 12
0.302440 3.050722 1.527411 12
0.218928 2.998185 1.452925 12
0.211175 2.933491 1.444950 12
0.158786 2.874099 1.397924 12
0.167310 2.806875 1.404432 12
0.238180 2.734006 1.465767 12
0.273938 2.665920 1.496412 12
-1.491192 2.724686 -0.053759 12
0.293713 2.535618 1.512619 12
0.273204 2.472266 1.494192 12
0.213958 2.409656 1.441853 11
0.250160 2.343747 1.473431 11
0.180496 2.279444 1.412149 11
0.198663 2.213935 1.428103 11
0.209143 2.148735 1.437412 11
0.109609 2.080294 1.350223 11
0.134267 2.014820 1.372198 11
-0.269771 1.925429 1.017899 2
-0.473207 1.839732 0.839892 10
-0.529018 1.760995 0.791628 10
-0.508281 1.688063 0.810678 10
-0.551721 1.608636 0.773536 10
-0.536514 1.535094 0.787979 10
-0.509958 1.463352 0.812493 10
-0.497031 1.390174 0.825170 10
0.740770 1.512394 1.911630 8
0.925639 1.484975 2.074879 8
0.991583 1.440186 2.133941 8
0.998751 1.385337 2.141588 8
0.997782 1.328825 2.142202 8
0.788262 1.225443 1.960434 8
0.821623 1.174012 1.991345 8
0.933251 1.142853 2.090749 8
0.885848 1.072600 2.051203 8
1.022305 1.051709 2.172367 8
1.016605 0.993082 2.169423 8
1.042510 0.943673 2.194152 8
1.023981 0.880710 2.180216 8
1.036397 0.827228 2.193362 8
1.058956 0.777327 2.215428 8
1.008675 0.701868 2.174186 8
0.963182 0.626580 2.137271 8
0.417218 0.358132 1.665650 10
0.415518 0.290412 1.667419 10
0.411229 0.221269 1.667065 10
0.412371 0.153984 1.671550 10
0.396865 0.079100 1.661737 10
0.385776 0.005428 1.655898 10
0.407589 -0.053604 1.678651 10
0.402510 -0.125303 1.678270 10
0.398264 -0.197129 1.678750 10
0.371061 -0.281144 1.659579 10
0.380951 -0.346991 1.672536 10
0.396180 -0.410130 1.690207 8
0.408301 -0.474997 1.705319 8
0.328752 -0.591818 1.641864 8
0.374638 -0.638684 1.686255 8
0.388804 -0.703573 1.703536 8
0.577299 -0.662269 1.870031 8
0.670134 -0.675619 1.954556 8
0.685148 -0.736488 1.972638 8
0.785765 -0.741375 2.063755 8
0.964006 -0.691712 2.220815 8
0.945596 -0.771941 2.210544 8
0.937139 -0.846316 2.208909 8
0.938443 -0.914532 2.215712 8
0.949416 -0.976215 2.230840 8
0.977001 -1.025721 2.260118 8
0.904279 -1.151673 2.204940 8
0.826038 -1.284940 2.145487 8
0.919017 -1.284925 2.230238 8
0.844483 -1.418877 2.174443 8
0.460384 6.094471 1.951721 5
0.430197 6.038889 1.919344 5
0.406282 5.978321 1.892220 5
0.337742 5.950683 1.828506 5
0.186854 5.981158 1.696921 5
-0.547852 5.972838 1.044829 5
-0.476329 5.841130 1.097361 5
-0.519871 5.781480 1.054249 5
-1.709818 6.089159 0.030792 5
-1.678780 5.972094 0.049744 5
-0.344221 3.361297 1.077151 6
-0.309091 3.282179 1.105331 6
-0.288203 3.206538 1.121462 6
0.106058 3.072733 1.457719 12
0.117326 3.004562 1.465983 12
0.133131 2.936191 1.478261 12
0.044900 2.880761 1.401427 12
0.106788 2.807141 1.453468 12
0.067266 2.744732 1.418628 12
0.053468 2.679298 1.405970 12
0.108143 2.608847 1.452203 12
-0.018263 2.550064 1.343105 11
0.068658 2.478766 1.417263 11
0.131220 2.410453 1.470634 11
0.081612 2.345850 1.427806 11
0.057332 2.279855 1.406840 11
0.090436 2.213616 1.435268 11
0.060281 2.147012 1.409488 11
0.046270 2.080143 1.397691 11
0.063673 2.014278 1.412982 11
-0.289645 1.927855 1.110120 2
-0.271377 1.858183 1.126422 6
-0.344039 1.781483 1.064801 6
-0.331304 1.710938 1.076608 6
0.470395 1.477946 1.769959 8
0.706467 1.456123 1.973617 8
0.954703 1.442417 2.187655 8
0.932533 1.381975 2.170146 8
0.895965 1.317833 2.140434 8
0.790082 1.237264 2.051564 8
0.869103 1.197147 2.120964 8
0.909654 1.149397 2.157530 8
0.920180 1.094718 2.168523 8
0.953773 1.046436 2.199301 8
0.960493 0.991156 2.207228 8
0.969620 0.936578 2.217306 8
1.000173 0.888730 2.245736 8
0.941533 0.812445 2.198297 8
0.933996 0.751701 2.194518 8
0.951459 0.699322 2.212112 8
0.954455 0.641882 2.217507 8
0.344923 0.352364 1.703040 10
0.343201 0.284495 1.705080 10
0.313826 0.205055 1.683818 10
0.335435 0.145862 1.705903 10
0.327386 0.074089 1.703000 10
0.358694 0.019315 1.733509 10
0.327925 -0.063524 1.711692 10
0.317675 -0.137862 1.707375 10
0.297499 -0.217716 1.694854 10
0.314082 -0.280089 1.713452 10
0.289774 -0.363513 1.697790 8
0.302322 -0.428518 1.713271 8
0.317306 -0.492288 1.730921 8
0.290834 -0.579255 1.713968 8
0.319876 -0.635642 1.743670 8
0.417596 -0.651314 1.830845 8
0.474013 -0.689514 1.883498 8
0.582264 -0.694576 1.979367 8
0.725461 -0.674862 2.104212 8
0.847107 -0.665334 2.210961 8
0.897968 -0.699531 2.258843 8
0.898729 -0.766642 2.265258 8
0.892565 -0.839069 2.266102 8
0.940325 -0.874068 2.311636 8
0.889185 -0.979718 2.275698 8
0.849004 -1.079462 2.249088 8
0.806323 -1.182982 2.220714 8
0.797795 -1.262171 2.220638 8
0.809031 -1.326742 2.236937 8
0.724768 -1.468368 2.175413 8
0.339288 6.060728 1.951326 5
0.209410 6.078728 1.839387 5
0.289974 5.939715 1.895924 5
0.236115 5.899944 1.844962 5
-0.514470 5.993733 1.200889 5
-0.568688 5.941098 1.149281 5
-0.601709 5.874582 1.114968 5
-0.658759 5.822024 1.061222 5
-1.650582 6.111223 0.229589 5
-1.684311 6.030301 0.194313 5
-1.761819 5.971991 0.123310 5
-0.332673 3.346730 1.196254 6
-0.260897 3.262013 1.254335 2
-0.270381 3.192943 1.244542 6
0.004971 3.079379 1.473526 12
0.013143 3.011144 1.478870 12
0.002884 2.945634 1.468894 12
0.055917 2.872485 1.512117 12
0.036193 2.808448 1.494459 12
0.030561 2.742686 1.488741 12
0.003048 2.678624 1.464785 12
0.043836 2.609269 1.498271 12
-0.018112 2.546728 1.445652 11
0.011348 2.478714 1.469885 11
-0.029550 2.413651 1.435175 11
0.028588 2.345750 1.483740 11
-0.017122 2.279954 1.445235 11
-0.053923 2.213081 1.414335 11
-0.045353 2.146136 1.421656 11
-0.084182 2.077916 1.389306 11
-0.045554 2.012075 1.422114 11
-0.286865 1.931506 1.220054 2
-0.257495 1.863393 1.245361 6
-0.273805 1.792264 1.232458 6
-0.327038 1.717219 1.188713 6
-0.355032 1.643438 1.166290 6
0.877813 1.493706 2.206192 8
0.860641 1.434276 2.193289 8
0.859853 1.377465 2.194217 8
0.844997 1.317605 2.183489 8
0.898335 1.272165 2.229896 8
0.793381 1.191258 2.144094 8
0.834072 1.143126 2.180138 8
0.850581 1.089648 2.196072 8
0.921277 1.051055 2.257307 8
0.921172 0.994066 2.259555 8
0.880155 0.924784 2.227833 8
0.844147 0.855788 2.200442 8
0.848011 0.798477 2.206382 8
0.903649 0.758384 2.255476 8
0.892899 0.696419 2.249471 8
0.218311 0.394222 1.692635 10
0.284281 0.351154 1.750994 10
0.287748 0.285316 1.757609 10
0.277713 0.213852 1.753184 10
0.260161 0.138689 1.742701 10
0.253460 0.067366 1.741354 10
0.276866 0.008805 1.765012 10
0.267342 -0.064455 1.761629 10
0.236923 -0.148133 1.741205 10
0.192328 -0.239864 1.709330 10
0.217847 -0.298442 1.735301 10
0.246424 -0.355166 1.763887 10
0.211424 -0.444829 1.740470 8
0.233341 -0.505292 1.763873 10
0.260250 -0.562834 1.791474 8
0.368520 -0.573995 1.885590 8
0.394907 -0.630086 1.912882 8
0.480799 -0.650486 1.988708 8
0.604214 -0.646008 2.094986 8
0.689934 -0.661959 2.170535 8
0.763423 -0.683709 2.236120 8
0.796613 -0.730147 2.269083 8
0.851433 -0.761646 2.319586 8
0.831656 -0.843056 2.309980 8
0.781603 -0.946788 2.276242 8
0.776066 -1.020808 2.278577 8
0.707615 -1.141526 2.230679 8
0.739985 -1.189804 2.263833 8
0.808753 -1.209985 2.326131 8
0.734720 -1.339639 2.274622 8
0.656975 -1.475273 2.220605 8
0.266783 6.068030 1.999155 5
0.175502 6.056479 1.919470 5
0.105106 6.027735 1.856011 5
0.157447 5.910869 1.888583 5
0.061274 5.898834 1.805092 5
-0.567171 5.982223 1.277837 5
-0.619556 5.928495 1.228321 5
-0.621660 5.843575 1.218735 5
-0.768208 5.844156 1.094692 5
-1.629087 6.054323 0.385737 5
-1.666375 5.976691 0.347925 5
-0.351509 3.409578 1.290296 6
-0.371412 3.342074 1.271748 6
-0.340381 3.265112 1.295013 2
-0.296259 3.186889 1.329163 6
-0.145157 3.093410 1.451105 12
-0.149487 3.025837 1.445930 12
-0.162070 2.959336 1.434126 12
-0.223232 2.898307 1.382627 12
-0.203564 2.827403 1.397522 12
-0.207103 2.759209 1.393528 12
-0.138972 2.685272 1.448471 12
-0.101366 2.615140 1.478521 12
-0.085008 2.547162 1.491279 11
-0.114931 2.481621 1.466186 11
-0.139747 2.415219 1.445414 11
-0.120993 2.347429 1.460541 11
-0.128245 2.280274 1.454453 11
-0.067917 2.213360 1.503979 11
-0.158940 2.145135 1.429389 11
-0.110752 2.078935 1.469216 11
-0.204212 2.007803 1.392905 11
-0.305521 1.933904 1.310305 6
-0.351238 1.861227 1.273483 2
-0.303950 1.794804 1.313118 6
-0.333843 1.722360 1.289569 6
-0.350188 1.650522 1.277282 6
0.509685 1.440629 1.988990 8
0.824783 1.436762 2.248530 8
0.821929 1.379743 2.247878 8
0.790154 1.316626 2.223700 8
0.787328 1.258848 2.223322 8
0.795111 1.203286 2.231728 8
0.826895 1.153571 2.259836 8
0.841654 1.100168 2.274145 8
0.863505 1.048864 2.294339 8
0.838226 0.984753 2.276234 8
0.850882 0.930909 2.289161 8
0.831593 0.867440 2.276209 8
0.824989 0.807307 2.273714 8
0.772567 0.731620 2.234143 8
0.869990 0.705905 2.316364 8
0.181734 0.401962 1.761587 10
0.168484 0.329631 1.754721 10
0.181918 0.266888 1.769617 10
0.207203 0.208894 1.794224 10
0.196897 0.136678 1.790197 10
0.188816 0.064805 1.788136 10
0.168097 -0.013134 1.776060 10
0.149713 -0.090929 1.766059 10
0.149727 -0.161062 1.771045 10
0.154204 -0.229445 1.779776 10
0.165681 -0.294665 1.794277 10
0.109963 -0.393846 1.755105 10
0.188567 -0.425420 1.823653 8
0.153732 -0.515570 1.801597 8
0.274234 -0.522366 1.903680 8
0.303750 -0.577168 1.933197 8
0.367084 -0.612191 1.989709 8
0.519664 -0.593397 2.117086 8
0.529555 -0.656685 2.131157 8
0.518192 -0.733287 2.128560 8
0.728848 -0.670516 2.301540 8
0.682949 -0.767864 2.271822 8
0.776421 -0.774966 2.352103 8
0.695369 -0.897763 2.295189 8
0.724483 -0.947426 2.325078 8
0.712291 -1.025932 2.322742 8
0.615964 -1.166062 2.254934 8
0.676309 -1.194356 2.309723 8
0.678602 -1.265065 2.319371 8
0.687733 -1.331091 2.334519 8
0.672715 -1.416406 2.331150 8
0.165356 6.017318 2.016741 5
0.012874 6.047460 1.891871 5
0.047894 5.942909 1.909657 5
-0.041365 5.924862 1.832840 5
-0.407057 6.089371 1.544338 5
-0.605845 6.048105 1.374005 5
-0.662596 5.997488 1.321584 5
-0.644862 5.900449 1.326699 5
-0.679948 5.835972 1.291271 5
-1.538075 6.056607 0.600941 5
-1.604386 5.996852 0.540814 5
-1.750524 5.977821 0.418567 5
-0.467119 3.420222 1.303601 6
-0.369238 3.329726 1.379431 6
-0.402958 3.265108 1.350231 2
-0.353046 3.186023 1.388083 12
-0.372772 3.118918 1.370372 2
-0.266137 3.033736 1.453997 12
-0.258832 2.963988 1.458255 12
-0.279346 2.897739 1.440369 12
-0.267829 2.827766 1.448297 12
-0.278864 2.760213 1.438293 12
-0.259493 2.690059 1.452817 12
-0.254605 2.621407 1.455874 12
-0.280651 2.554620 1.434259 12
-0.294171 2.486709 1.422832 12
-0.264491 2.417190 1.446216 11
-0.392098 2.351283 1.343519 11
-0.335445 2.281170 1.388840 11
-0.332128 2.212114 1.391502 11
-0.341386 2.142905 1.384218 11
-0.333094 2.073989 1.391163 11
-0.294420 2.006544 1.422633 11
-0.380260 1.933193 1.354342 2
-0.386166 1.863056 1.350340 2
-0.362039 1.795096 1.370573 6
-0.409649 1.721114 1.333425 6
-0.404710 1.651334 1.338569 6
0.244380 1.405678 1.866150 8
0.497533 1.387624 2.070487 8
0.727003 1.371207 2.255829 8
0.689332 1.306426 2.227654 8
0.750490 1.261748 2.278561 8
0.673401 1.187116 2.219197 8
0.741143 1.145043 2.275558 8
0.696563 1.076242 2.242443 8
0.714212 1.022595 2.259075 8
0.755294 0.975698 2.294466 8
0.819943 0.936470 2.348683 8
0.820657 0.879379 2.352138 8
0.744436 0.797896 2.294629 8
0.817776 0.763232 2.356014 8
0.809571 0.702480 2.352790 8
0.470655 0.524526 2.087828 8
0.111233 0.330090 1.807309 10
0.124386 0.267252 1.821963 10
0.109199 0.193353 1.814381 10
0.104346 0.122935 1.815135 10
0.099404 0.052033 1.815991 10
0.079145 -0.025939 1.804970 10
0.087672 -0.091995 1.816775 10
0.092187 -0.160020 1.825583 10
0.076601 -0.237768 1.818801 10
0.137697 -0.279148 1.872241 8
0.141820 -0.347660 1.881196 8
0.144270 -0.417323 1.889013 8
0.118280 -0.502288 1.874842 8
0.215520 -0.521932 1.956795 8
0.247963 -0.575180 1.988357 8
0.334880 -0.597079 2.062269 8
0.374603 -0.644437 2.099599 8
0.571521 -0.597546 2.258502 8
0.597838 -0.649543 2.285429 8
0.714457 -0.644915 2.382004 8
0.671514 -0.739287 2.355783 8
0.676342 -0.804209 2.366520 8
0.660574 -0.883259 2.361664 8
0.654878 -0.956432 2.364746 8
0.602492 -1.062885 2.332448 8
0.562530 -1.162627 2.309977 8
0.507121 -1.275410 2.276125 8
0.554720 -1.313983 2.320678 8
0.549964 -1.391427 2.325728 8
-0.080885 6.148616 1.937778 5
-0.052675 6.047755 1.948999 5
-0.052491 5.967694 1.939750 5
-0.130546 5.941025 1.872509 5
-0.354757 6.009122 1.696221 5
-0.454791 5.991208 1.612274 5
-0.594440 5.996026 1.498577 5
-0.694410 5.972996 1.414478 5
-0.739768 5.914830 1.371397 5
-0.825990 5.880027 1.297633 5
-1.456225 6.061599 0.803857 5
-1.507791 5.996061 0.755752 5
-1.651019 5.978571 0.638200 5
-0.622619 3.438549 1.288083 6
-0.537403 3.349518 1.352065 6
-0.472412 3.266268 1.400474 6
-0.495118 3.199038 1.380512 2
-0.464351 3.123323 1.402533 6
-0.479747 3.054879 1.388602 12
-0.510588 2.988128 1.362726 6
-0.521874 2.918493 1.352310 6
-0.523969 2.847738 1.349249 6
-0.452789 2.770399 1.403776 6
-0.496415 2.703830 1.368487 6
-0.490243 2.632978 1.372387 6
-0.497287 2.563042 1.366081 6
-0.454800 2.490895 1.398780 11
-0.447240 2.420855 1.404244 11
-0.448073 2.351171 1.403281 11
-0.446712 2.281468 1.404194 11
-0.431007 2.211890 1.416515 11
-0.362864 2.143629 1.470125 11
-0.385368 2.074269 1.452778 11
-0.368787 2.005989 1.466243 11
-0.473566 1.931505 1.384684 2
-0.491338 1.860213 1.371528 2
-0.537044 1.786255 1.336637 6
-0.604995 1.709122 1.284485 6
0.638290 1.421565 2.268679 8
0.631157 1.362718 2.265020 8
0.621376 1.303046 2.259433 8
0.632517 1.247435 2.270313 8
0.693889 1.203218 2.320490 8
0.605506 1.124948 2.254025 8
0.669454 1.082248 2.306427 8
0.677804 1.026441 2.315623 8
0.685996 0.970625 2.324823 8
0.744540 0.929241 2.373272 8
0.629704 0.837347 2.287182 8
0.674375 0.792017 2.325108 8
0.625541 0.717322 2.290652 8
0.712175 0.686754 2.361285 8
0.679988 0.616668 2.340035 8
0.372070 0.445738 2.105964 8
0.035599 0.255981 1.850526 8
0.015440 0.179891 1.839659 10
0.034396 0.118641 1.859114 10
0.017063 0.042565 1.850800 10
0.003086 -0.032860 1.845271 10
-0.021798 -0.113784 1.831581 10
-0.003703 -0.176259 1.851042 10
0.004998 -0.242999 1.863461 8
0.043783 -0.295468 1.899021 8
0.093289 -0.342011 1.942855 8
0.162912 -0.377443 2.002076 8
0.216371 -0.419801 2.049029 8
0.240167 -0.476939 2.073523 8
0.233830 -0.550333 2.075314 8
0.343560 -0.559268 2.165098 8
0.505154 -0.535817 2.293933 8
0.562587 -0.569612 2.344015 8
0.536541 -0.652549 2.331336 8
0.513995 -0.734532 2.321551 8
0.580894 -0.761208 2.379034 8
0.601046 -0.816630 2.401562 8
0.542170 -0.924116 2.365274 8
0.594420 -0.958907 2.412094 8
0.518222 -1.081210 2.363560 8
0.451651 -1.199548 2.322634 8
0.423906 -1.292549 2.310858 8
0.451076 -1.346698 2.339893 8
-0.224414 6.121699 1.929963 5
-0.254215 6.060698 1.898368 5
-0.293810 6.005990 1.859823 5
-0.343892 5.957597 1.813773 5
-0.574560 6.023534 1.636269 5
-0.633700 5.976577 1.583479 5
-0.724989 5.948145 1.507235 5
-0.863825 5.946064 1.396101 5
-0.952916 5.911772 1.321347 5
-1.270360 6.005276 1.078498 5
-1.371032 5.970515 0.994871 5
-1.512570 5.955680 0.881031 5
-0.636679 3.283788 1.378959 2
-0.558775 3.199089 1.436137 2
-0.590994 3.132827 1.409348 2
-0.624531 3.066092 1.381697 2
-0.724596 3.006993 1.303287 12
-0.746289 2.936724 1.284984 12
-0.750077 2.864217 1.280551 12
-0.730962 2.789656 1.293832 12
-0.718917 2.716173 1.301874 12
-0.768973 2.647106 1.262501 12
-0.716678 2.571418 1.301732 12
-0.693758 2.498244 1.318628 11
-0.575491 2.422813 1.408795 11
-0.608255 2.352916 1.383345 11
-0.589294 2.281945 1.397718 11
-0.584217 2.211348 1.401610 11
-0.623307 2.140079 1.371804 11
-0.615104 2.069272 1.378425 2
-0.576455 1.999905 1.408550 2
-0.562841 1.930083 1.419644 2
-0.585769 1.858151 1.402896 2
-0.551811 1.790023 1.429905 2
0.539192 1.413249 2.277104 8
0.535774 1.354537 2.276527 8
0.556376 1.300364 2.294417 8
0.608895 1.253249 2.336764 8
0.594953 1.192536 2.328559 8
0.593707 1.134307 2.330176 8
0.554566 1.066566 2.303103 8
0.608771 1.021826 2.347184 8
0.520596 0.939702 2.283190 8
0.617087 0.907494 2.359608 8
0.616605 0.848834 2.362510 8
0.643045 0.798253 2.385953 8
0.600517 0.726037 2.357311 8
0.596067 0.665215 2.357671 8
0.597562 0.606111 2.362678 8
0.262278 0.426270 2.113791 8
0.260861 0.361425 2.117203 8
0.141865 0.251209 2.032301 8
-0.013052 0.123450 1.920795 8
0.050969 0.080932 1.974105 8
-0.033228 -0.022762 1.916363 8
0.126504 -0.022940 2.041572 8
-0.042924 -0.166656 1.920586 8
0.025464 -0.205581 1.977656 8
0.016335 -0.279811 1.976995 8
0.186559 -0.267307 2.109988 8
0.238540 -0.309833 2.154930 8
0.234198 -0.380293 2.158168 8
0.318887 -0.404342 2.227512 8
0.373328 -0.442868 2.274474 8
0.422375 -0.483322 2.317503 8
0.473732 -0.521552 2.362288 8
0.529789 -0.556070 2.410574 8
0.492661 -0.644975 2.390573 8
0.523296 -0.694071 2.420460 8
0.539837 -0.751567 2.440165 8
0.537817 -0.820916 2.446501 8
0.490660 -0.920246 2.420252 8
0.452918 -1.015170 2.401202 8
0.434590 -1.098503 2.396543 8
0.405622 -1.190323 2.384498 8
0.404923 -1.263494 2.393130 8
0.431545 -1.317473 2.421608 8
-0.433893 5.972076 1.857419 5
-0.576502 5.980656 1.746258 5
-0.637903 5.935785 1.692636 5
-0.891068 6.005311 1.502366 5
-0.940035 5.948227 1.457445 5
-1.133743 5.973597 1.308999 5
-1.295348 5.976239 1.183266 5
-1.447026 5.969634 1.064464 5
-0.775108 2.282665 1.362090 11
0.500430 1.415494 2.332603 8
0.477712 1.353416 2.317782 8
0.455463 1.290767 2.303477 8
0.521308 1.245722 2.354959 8
0.509670 1.185126 2.348848 8
0.448296 1.112595 2.305906 8
0.514285 1.069445 2.357838 8
0.553665 1.020929 2.390082 8
0.546000 0.960603 2.387522 8
0.558003 0.905422 2.399703 8
0.595780 0.857881 2.431104 8
0.592167 0.798471 2.431984 8
0.542796 0.724276 2.399209 8
0.506991 0.653117 2.376683 8
0.522544 0.598392 2.392243 8
0.254092 0.443282 2.198783 8
0.189498 0.355937 2.155919 8
0.042440 0.235449 2.052774 8
0.120794 0.199261 2.115456 8
0.077375 0.115526 2.088954 8
-0.003922 0.014587 2.035016 8
0.119196 -0.000884 2.130757 8
0.027615 -0.108563 2.069829 8
-0.025871 -0.201588 2.037042 8
0.017154 -0.251136 2.074739 8
0.167881 -0.248065 2.190696 8
0.217432 -0.291471 2.233172 8
0.250178 -0.342486 2.263563 8
0.268738 -0.400414 2.283826 8
0.386787 -0.405073 2.375914 8
0.426468 -0.449911 2.411521 8
0.461503 -0.496700 2.443879 8
0.448785 -0.570417 2.442141 8
0.424604 -0.651663 2.432457 8
0.450991 -0.703560 2.459108 8
0.474834 -0.756757 2.484076 8
0.426650 -0.855159 2.458070 8
0.437977 -0.917060 2.474574 8
0.317405 -1.066000 2.398128 8
0.301567 -1.148444 2.396108 8
0.315415 -1.211495 2.415235 8
0.286778 -1.304521 2.404792 8
-0.925547 6.241796 1.625509 5
-0.637725 5.975499 1.813273 5
-0.795331 5.989078 1.693706 5
-0.930451 5.985519 1.589495 5
-0.950232 5.911733 1.565410 5
-1.225680 5.983292 1.363136 5
0.476750 1.362723 2.401234 8
0.444647 1.298835 2.380218 8
0.420515 1.235695 2.365184 8
0.404666 1.173646 2.356354 8
0.377690 1.108529 2.339614 8
0.448081 1.066075 2.393734 8
0.381484 0.990502 2.348585 8
0.444775 0.947574 2.397786 8
0.461399 0.893068 2.413282 8
0.444694 0.829147 2.404816 8
0.482832 0.781149 2.436149 8
0.453096 0.712608 2.418615 8
0.427208 0.644386 2.404068 8
0.484484 0.603408 2.449590 8
0.456906 0.533899 2.434178 8
0.261510 0.402638 2.298510 8
0.346808 0.371521 2.364633 8
0.409479 0.333499 2.414565 8
0.198319 0.187274 2.268789 8
0.210211 0.127462 2.282862 8
0.242431 0.076292 2.311583 8
0.133996 -0.035943 2.240342 8
0.154154 -0.093329 2.260894 8
0.119784 -0.175799 2.242928 8
0.248524 -0.181828 2.340700 8
0.283246 -0.230871 2.371915 8
0.301627 -0.287580 2.391715 8
0.328021 -0.340052 2.417304 8
0.353893 -0.392487 2.442657 8
0.365880 -0.452152 2.458408 8
0.337931 -0.534065 2.446403 8
0.400646 -0.565608 2.497960 8
0.336660 -0.669617 2.461325 8
0.306430 -0.755702 2.448562 8
0.291779 -0.833581 2.446916 8
0.265243 -0.919741 2.437335 8
0.281703 -0.979747 2.457720 8
0.221073 -1.089969 2.425281 8
0.229050 -1.156805 2.440349 8
0.233551 -1.226316 2.453259 8
0.222562 -1.306997 2.455841 8
0.329563 1.286840 2.381806 8
0.371463 1.236434 2.414240 8
0.303343 1.163254 2.368680 8
0.353297 1.115077 2.407120 8
0.394239 1.065784 2.439275 8
0.318042 0.987994 2.388599 8
0.346961 0.935782 2.412550 8
0.345190 0.875675 2.414940 8
0.382337 0.826475 2.444973 8
0.395146 0.770723 2.457957 8
0.437928 0.724375 2.492198 8
0.386174 0.648406 2.460042 8
0.358799 0.579117 2.445276 8
0.414314 0.537651 2.488889 8
0.337755 0.449946 2.440043 8
0.336265 0.387962 2.444044 8
0.380816 0.343330 2.480393 8
0.303445 0.251313 2.431794 8
0.173872 0.135809 2.347203 8
0.206783 0.085098 2.376056 8
0.283437 0.053849 2.435386 8
0.152205 -0.068403 2.350709 8
0.113540 -0.151879 2.330573 8
0.248665 -0.154835 2.430688 8
0.320769 -0.185167 2.487239 8
0.332760 -0.243848 2.502471 8
0.333511 -0.308304 2.510164 8
0.286869 -0.397872 2.485623 8
0.323613 -0.444381 2.518388 8
0.294338 -0.526547 2.506267 8
0.295142 -0.592990 2.514907 8
0.312232 -0.650463 2.534814 8
0.291035 -0.730451 2.528987 8
0.223855 -0.839145 2.492435 8
0.226256 -0.907280 2.503184 8
0.193907 -0.997704 2.490843 8
0.169814 -1.084203 2.484393 8
0.179384 -1.149763 2.500753 8
0.138922 -1.249161 2.484041 8
0.257995 1.342371 2.413521 8
0.230620 1.278203 2.397125 8
0.229879 1.218626 2.399405 8
0.287477 1.171297 2.442295 8
0.334434 1.122788 2.477916 8
0.303002 1.056743 2.459408 8
0.280223 0.991951 2.447095 8
0.283100 0.933115 2.452702 8
0.269299 0.869656 2.446975 8
0.351119 0.832747 2.507328 8
0.383551 0.783032 2.533737 8
0.378971 0.722544 2.534828 8
0.326580 0.646513 2.503284 8
0.236465 0.556545 2.446157 8
0.275373 0.508400 2.477705 8
-0.400045 0.207572 2.021089 8
0.306140 0.396969 2.509018 8
0.353920 0.353724 2.546984 8
0.265565 0.258129 2.492418 8
0.291512 0.206224 2.515877 8
0.269264 0.134639 2.506794 8
0.223470 0.052134 2.482029 8
0.269475 0.008643 2.519589 8
0.253513 -0.062089 2.515457 8
0.216620 -0.143289 2.497491 8
-0.309165 -0.459618 2.151561 8
0.232056 -0.265682 2.522280 8
0.273353 -0.310191 2.557413 8
0.212660 -0.406698 2.524607 8
0.187734 -0.486206 2.516012 8
0.189968 -0.552014 2.525754 8
0.209519 -0.608546 2.547187 8
0.170380 -0.698361 2.530019 8
0.220295 -0.737810 2.571893 8
0.278671 -0.771335 2.619391 8
0.179133 -0.899873 2.563449 8
0.117299 -1.008097 2.532761 8
0.143898 -1.062260 2.560168 8
-0.002313 -1.228435 2.475503 8
0.232469 1.288675 2.482717 8
0.190026 1.221467 2.456838 8
0.140478 1.151661 2.426378 8
0.151891 1.094096 2.437369 8
0.227470 1.051624 2.491860 8
0.182414 0.981200 2.465038 8
0.240665 0.936077 2.508085 8
0.204654 0.866858 2.487769 8
0.189641 0.802501 2.481811 8
0.253130 0.760504 2.528779 8
0.259497 0.702476 2.537514 8
0.248290 0.638858 2.534653 8
0.231959 0.573092 2.528573 8
0.247395 0.517489 2.543929 8
0.197756 0.439193 2.516056 8
0.252864 0.397486 2.558212 8
0.228344 0.327005 2.547522 8
0.164660 0.240522 2.511100 8
0.212111 0.196591 2.548633 8
0.230532 0.141600 2.567064 8
0.089327 0.019165 2.480329 8
0.285517 0.040024 2.616352 8
0.107290 -0.102397 2.506001 8
0.166913 -0.139992 2.552337 8
0.163273 -0.206358 2.557324 8
0.207371 -0.249968 2.593712 8
0.181149 -0.327851 2.584382 8
0.147352 -0.410623 2.570436 8
0.144059 -0.478652 2.576601 8
0.167902 -0.532590 2.600557 8
0.172002 -0.597153 2.611936 8
0.092026 -0.709297 2.569463 8
-0.170648 -0.929076 2.410329 8
-0.089524 -0.953845 2.472299 8
0.018150 -0.960961 2.551164 8
0.098121 -0.982729 2.612268 8
0.028226 -1.097027 2.578334 8
0.162610 1.285697 2.519524 8
0.136134 1.221548 2.505001 8
0.039302 1.142032 2.444228 8
0.113650 1.097742 2.496702 8
0.139496 1.043809 2.517295 8
0.135497 0.983084 2.518389 8
0.143721 0.925214 2.527715 8
-0.255793 0.759142 2.269400 8
0.155539 0.808259 2.543855 8
0.149725 0.746336 2.544515 8
0.176630 0.693913 2.566784 8
0.154654 0.626674 2.557262 8
0.130835 0.558119 2.546776 8
0.155229 0.504961 2.567938 8
0.180980 0.452625 2.590131 8
0.126378 0.371820 2.560305 8
0.162586 0.323160 2.589655 8
0.099979 0.237282 2.555203 8
0.115940 0.180667 2.571841 8
0.067242 0.097857 2.546982 8
0.129473 0.060068 2.593806 8
0.119628 -0.007575 2.594423 8
0.074454 -0.091419 2.572659 8
0.046306 -0.168922 2.562124 8
0.097148 -0.210479 2.602260 8
0.079339 -0.284083 2.598806 8
0.033676 -0.372198 2.577963 8
0.004995 -0.453229 2.568249 8
0.037344 -0.503743 2.597399 8
0.077629 -0.549608 2.631682 8
0.020649 -0.647679 2.604997 8
0.040000 -0.705162 2.626559 8
-0.095530 -0.850685 2.551608 8
-0.024476 -0.879930 2.606011 8
-0.058014 -0.970000 2.595508 8
-0.124164 -1.081242 2.565232 8
-0.068294 -1.118890 2.610731 8
0.069029 1.159623 2.548409 8
0.082587 1.102941 2.560618 8
0.053560 1.036695 2.545615 8
0.043994 0.974312 2.543347 8
-0.165211 0.861398 2.413210 8
-0.154044 0.801428 2.424807 8
0.004479 0.781927 2.530883 8
0.026513 0.726901 2.549667 8
-0.028394 0.649335 2.519518 8
0.031916 0.605865 2.563086 8
0.018335 0.539924 2.559735 8
0.058801 0.491391 2.590944 8
0.051851 0.427292 2.592212 8
0.037516 0.360178 2.589031 8
0.015769 0.289771 2.581412 8
0.069741 0.247282 2.621805 8
0.002473 0.158457 2.585982 8
-0.003634 0.092385 2.588961 8
0.005105 0.032044 2.601484 8
-0.002765 -0.035457 2.603821 8
-0.008610 -0.102555 2.607673 8
-0.011870 -0.168936 2.613381 8
0.040113 -0.210145 2.653643 8
0.034018 -0.278000 2.658002 8
-0.026236 -0.372735 2.629150 8
-0.065965 -0.459047 2.613386 8
-0.015180 -0.500349 2.653638 8
-0.118643 -0.621685 2.599422 8
-0.113564 -0.687691 2.612164 8
-0.044613 -0.718846 2.664072 8
-0.014535 -0.770529 2.692375 8
-0.105168 -0.891321 2.647726 8
-0.020369 -0.911671 2.709600 8
0.039480 1.105517 2.616729 8
0.049883 1.048409 2.627027 8
-0.060824 0.962642 2.561632 8
-0.092251 0.893944 2.546216 8
-0.073340 0.837460 2.562510 8
-0.054215 0.781290 2.579111 8
-0.035242 0.725335 2.595792 8
-0.117013 0.640010 2.549964 8
-0.099465 0.582957 2.566203 8
0.004952 0.553626 2.636495 8
-0.019404 0.484203 2.627056 8
0.003799 0.430166 2.647276 8
0.000571 0.367153 2.651355 8
-0.017947 0.298280 2.646245 8
-0.005516 0.240331 2.660419 8
-0.062325 0.155664 2.632324 8
-0.074845 0.087038 2.631704 8
-0.083146 0.019574 2.633923 8
-0.066379 -0.037792 2.651671 8
-0.121396 -0.126191 2.625977 8
-0.076166 -0.171519 2.661464 8
-0.136358 -0.264336 2.633301 8
-0.084050 -0.306064 2.673432 8
-0.107355 -0.383307 2.668155 8
-0.153804 -0.472900 2.649322 8
-0.207220 -0.567518 2.626735 8
-0.222757 -0.644166 2.627191 8
-0.204345 -0.703546 2.648160 8
-0.238840 -0.791633 2.637967 8
-0.284118 -0.958153 2.632777 8
-0.129218 1.081398 2.596091 8
-0.106557 1.025770 2.613922 8
-0.131869 0.959232 2.602620 8
-0.091737 0.908083 2.631493 8
-0.115771 0.841166 2.621417 8
-0.066804 0.793140 2.656005 8
-0.103981 0.721950 2.638388 8
-0.117477 0.656632 2.635417 8
-0.124676 0.592723 2.636503 8
-0.165877 0.517792 2.617269 8
-0.231452 0.433799 2.583639 8
-0.162721 0.393262 2.631266 8
-0.147350 0.335515 2.646889 8
-0.208766 0.250303 2.616638 8
-0.166880 0.201736 2.648614 8
-0.132010 0.151204 2.676525 8
-0.138092 0.085089 2.680172 8
-0.155486 0.013976 2.677344 8
-0.206490 -0.071850 2.654866 8
-0.171104 -0.122087 2.683907 8
-0.140010 -0.173679 2.710556 8
-0.146066 -0.241664 2.715487 8
-0.279873 -0.369490 2.645678 8
-0.278889 -0.436581 2.655487 8
-0.320210 -0.524675 2.640857 8
-0.273306 -0.569920 2.677995 8
-0.278191 -0.709948 2.695495 8
-0.251881 1.006142 2.611104 8
-0.158598 0.966285 2.671006 8
-0.289439 0.749049 2.607555 8
-0.255056 0.695955 2.633177 8
-0.223458 0.642643 2.657311 8
-0.174871 0.594929 2.691631 8
-0.240701 0.512609 2.658689 8
-0.262765 0.442678 2.651847 8
-0.253260 0.382542 2.663808 8
-0.258524 0.317318 2.667333 8
-0.263459 0.251861 2.671300 8
-0.297933 0.175216 2.658295 8
-0.306558 0.107314 2.660660 8
-0.412214 0.001132 2.606977 8
-0.416434 -0.067044 2.612570 8
-0.391677 -0.123634 2.635166 8
-0.313023 -0.157054 2.688997 8
-0.380566 -0.252717 2.658851 8
-0.347105 -0.305019 2.687051 8
-0.357410 -0.376975 2.690403 8
-0.363555 -0.447540 2.696429 8
-0.335911 0.564404 2.683414 8
-0.311151 0.509002 2.703721 8
-0.330205 0.440010 2.699124 8
-0.369388 0.363754 2.683308 8
-0.352074 0.305641 2.700042 8
-0.372906 0.234272 2.695273 8
-0.393981 0.162110 2.690668 8
-0.364400 0.108189 2.715057 8
-0.395454 0.031299 2.705362 8
-0.406224 -0.038506 2.707442 8
-0.405064 -0.103956 2.716517 8
-0.417664 -0.175442 2.718138 8
-1.779895 6.053006 -0.871264 5
-1.746098 6.089187 -0.878510 5
-1.699994 6.121517 -0.894398 5
-1.609499 6.139738 -0.941064 5
-1.451573 6.138021 -1.033898 5
-1.379214 6.166179 -1.067061 5
-1.277980 6.187037 -1.119714 5
-0.606265 6.046351 -1.559423 5
-0.527061 6.083816 -1.594254 5
-0.405551 6.111539 -1.657304 5
-0.296551 6.144790 -1.711491 5
-0.240138 6.192787 -1.730307 5
-0.191132 6.243374 -1.744194 5
0.113923 6.238762 -1.926685 5
-1.758210 6.038988 -0.821176 5
-1.744736 6.082579 -0.814173 5
-1.708085 6.118032 -0.823186 5
-1.572052 6.120636 -0.899631 5
-1.455850 6.132499 -0.961953 5
-1.391997 6.163030 -0.988590 5
-0.351015 5.964098 -1.647166 5
-0.467776 6.058488 -1.550892 5
-0.425774 6.107649 -1.559986 5
-0.382947 6.157154 -1.569674 5
-0.243043 6.183684 -1.642457 5
-0.029766 6.196002 -1.762054 5
0.131774 6.224111 -1.847342 5
0.201623 6.274618 -1.873291 5
-1.793825 5.998040 -0.748697 5
-1.763372 6.034999 -0.753145 5
-1.791854 6.093545 -0.718164 5
-1.725824 6.118020 -0.746671 5
-1.613506 6.128084 -0.805620 5
-1.471992 6.130938 -0.883236 5
-1.379832 6.152200 -0.927775 5
-0.331093 5.949352 -1.575552 5
-0.327494 6.010519 -1.558923 5
-0.338775 6.075314 -1.533085 5
-0.292645 6.124761 -1.544254 5
-0.133180 6.147154 -1.627303 5
0.008454 6.176902 -1.698396 5
0.192854 6.199934 -1.795754 5
0.248028 6.253950 -1.811602 5
-1.874450 5.975884 -0.647551 5
-1.765473 5.981392 -0.703983 5
-1.743600 6.021763 -0.702520 5
-1.801406 6.091115 -0.649062 5
-1.766325 6.126117 -0.656747 5
-1.642990 6.131694 -0.721509 5
-1.425291 6.108989 -0.846295 5
-0.152788 5.888464 -1.604511 5
-0.304883 5.995161 -1.489690 5
-0.301406 6.056138 -1.473525 5
-0.150268 6.078770 -1.549510 5
-0.038362 6.114069 -1.600562 5
0.044796 6.158236 -1.633531 5
0.087772 6.212868 -1.641698 5
0.301355 6.231778 -1.753873 5
-1.834098 6.002383 -0.596503 5
-1.824134 6.046258 -0.587646 5
-1.783633 6.078844 -0.598491 5
-1.773086 6.122539 -0.590300 5
-1.719423 6.151434 -0.609508 5
-1.617670 6.165436 -0.658761 5
-0.189674 5.890214 -1.496319 5
-0.273678 5.977419 -1.426074 5
-0.270113 6.038593 -1.410147 5
-0.265425 6.099143 -1.395202 5
0.212681 6.042052 -1.666322 5
0.188018 6.114269 -1.632830 5
0.154270 6.187593 -1.594392 5
0.363204 6.207719 -1.700728 5
0.460115 6.254881 -1.739881 5
-1.748934 5.963717 -0.588909 5
-1.884129 6.063302 -0.488934 5
-1.838969 6.093302 -0.502589 5
-1.808538 6.129192 -0.507056 5
-1.764560 6.160794 -0.519901 5
-1.724754 6.194433 -0.530138 5
-1.628824 6.210791 -0.574500 5
-0.298315 5.913352 -1.347102 5
-0.258975 5.964360 -1.352641 5
-0.232148 6.019239 -1.350795 5
-0.165560 6.063940 -1.372625 5
-0.040095 6.095043 -1.429008 5
0.291625 6.079376 -1.605720 5
0.392508 6.123162 -1.646228 5
0.399794 6.189036 -1.632196 5
0.556672 6.223971 -1.704711 5
-1.747747 5.957716 -0.527764 5
-1.795199 6.024163 -0.483821 5
-1.868030 6.098350 -0.425080 5
-1.838986 6.134244 -0.428645 5
-1.764716 6.154933 -0.459405 5
-1.752831 6.197661 -0.452659 5
-1.677592 6.220059 -0.483671 5
-0.238283 5.823770 -1.319254 5
-0.289544 5.902131 -1.271009 5
-0.308112 5.969555 -1.242489 5
-0.242003 6.012955 -1.263530 5
-0.164587 6.054468 -1.290981 5
0.455670 5.960924 -1.629870 5
0.436468 6.034347 -1.600146 5
0.472981 6.094171 -1.602504 5
0.511690 6.153927 -1.606202 5
0.678022 6.187713 -1.681737 5
-1.755733 5.955375 -0.461802 5
-1.822632 6.029085 -0.407342 5
-1.878406 6.096666 -0.360215 5
-1.826039 6.123989 -0.377399 5
-1.851817 6.179088 -0.348725 5
-1.807548 6.209906 -0.361221 5
-1.638769 6.201426 -0.445677 5
-1.573074 6.228406 -0.469957 5
-0.234667 5.877241 -1.221957 5
-0.246072 5.943141 -1.197947 5
-0.179705 5.986940 -1.218296 5
-0.091027 6.025928 -1.251078 5
0.576831 5.990030 -1.588885 5
0.522265 6.072223 -1.540206 5
0.571300 6.130046 -1.549205 5
0.775636 6.156115 -1.643312 5
-1.785506 5.961696 -0.384043 5
-1.837285 6.029268 -0.339794 5
-1.854410 6.082369 -0.316164 5
-1.844447 6.124977 -0.308437 5
-1.848432 6.172264 -0.292918 5
-1.819387 6.208051 -0.296384 5
-1.652797 6.199793 -0.377422 5
-0.207291 5.797249 -1.174440 5
-0.176450 5.851275 -1.174060 5
-0.226703 5.928925 -1.128840 5
-0.099178 5.955778 -1.182197 5
0.048501 5.979723 -1.246112 5
0.749104 5.937592 -1.591893 5
0.796369 5.997962 -1.598743 5
0.700336 6.090701 -1.528749 5
0.849898 6.129222 -1.590668 5
0.885887 6.193303 -1.591752 5
-1.842069 5.978742 -0.292590 5
-1.865460 6.034729 -0.265681 5
-1.859957 6.079026 -0.255422 5
-1.850857 6.121769 -0.247365 5
-1.827289 6.159323 -0.247511 5
-1.793181 6.193524 -0.253545 5
-1.691743 6.206343 -0.296549 5
-0.226518 5.794909 -1.083732 5
-0.247183 5.864051 -1.055348 5
-0.207473 5.914783 -1.059965 5
-0.115107 5.951319 -1.092884 5
0.783292 5.990141 -1.499668 5
0.872065 6.041506 -1.527929 5
0.807593 6.126949 -1.476353 5
0.964624 6.165974 -1.539924 5
-1.255035 1.417606 -2.079753 9
-1.207937 1.487990 -2.069103 9
-1.110321 1.491602 -2.103018 9
-0.978713 1.453847 -2.165601 9
-0.863293 1.440086 -2.213170 9
-0.770611 1.456898 -2.240788 9
-0.693962 1.494416 -2.254731 9
-0.531881 1.432699 -2.338621 9
-0.375132 1.382015 -2.416530 9
-0.045370 1.141941 -2.631484 9
-1.745578 5.935321 -0.288322 5
-1.857180 6.026312 -0.213113 5
-1.865980 6.075933 -0.195196 5
-1.878294 6.126220 -0.175646 5
-1.834353 6.156219 -0.186832 5
-1.802992 6.191123 -0.191179 5
-1.642976 6.184519 -0.264332 5
-0.213148 5.782479 -1.011754 5
-0.185661 5.837107 -1.009413 5
-0.183979 5.899430 -0.993618 5
-0.069986 5.929906 -1.036776 5
0.887428 6.027015 -1.443758 5
0.884087 6.099508 -1.424263 5
0.995247 6.148274 -1.462672 5
-1.355760 1.005406 -2.096618 9
-1.521826 1.392493 -1.889972 9
-1.459927 1.440354 -1.892903 9
-1.349659 1.420874 -1.938664 9
-1.243060 1.409288 -1.980317 9
-1.184321 1.463977 -1.980110 9
-1.118432 1.509113 -1.986247 9
-0.970657 1.450127 -2.061009 9
-0.900102 1.492081 -2.070400 9
-0.860667 1.572420 -2.054428 9
-0.640822 1.436145 -2.184625 9
-0.542900 1.450382 -2.214841 9
-0.332932 1.338145 -2.332927 9
-0.124436 1.234641 -2.447461 9
-1.751832 5.932565 -0.226357 5
-1.832264 6.011511 -0.169821 5
-1.883391 6.077167 -0.129665 5
-1.878752 6.121038 -0.119606 5
-1.851031 6.156560 -0.121881 5
-1.840076 6.198042 -0.115406 5
-1.581794 6.158555 -0.237783 5
-0.229634 5.779513 -0.924760 5
-0.212913 5.837063 -0.916874 5
-0.079985 5.860519 -0.968587 5
-0.113898 5.933516 -0.934937 5
0.962616 5.999033 -1.389693 5
0.992648 6.065006 -1.386769 5
0.965276 6.143004 -1.355859 5
1.099036 6.188749 -1.403805 5
-1.978614 1.106503 -1.744436 9
-1.878380 1.090305 -1.783043 9
-1.790686 1.097222 -1.808932 9
-1.670473 1.054052 -1.864695 9
-1.594667 1.083875 -1.878348 9
-1.617643 1.264458 -1.802503 9
-1.543720 1.295057 -1.815605 9
-1.478201 1.338508 -1.821249 9
-1.416533 1.387534 -1.823692 9
-1.344251 1.421710 -1.835448 9
-1.225095 1.392769 -1.886792 9
-1.135246 1.406109 -1.912637 9
-1.100614 1.492793 -1.892618 9
-1.018818 1.517883 -1.911729 9
-0.923243 1.526887 -1.941703 9
-0.861485 1.578896 -1.944366 9
-0.683598 1.492354 -2.038319 9
-0.559787 1.474840 -2.088406 9
-0.411062 1.431867 -2.156694 9
-0.105284 1.217236 -2.342734 9
-1.841898 6.010068 -0.108344 5
-1.884074 6.072228 -0.073879 5
-1.869805 6.112494 -0.068988 5
-1.850289 6.150877 -0.066896 5
-1.828676 6.188640 -0.065945 5
-1.628107 6.167778 -0.155662 5
-0.218638 5.767966 -0.852846 5
-0.204928 5.826414 -0.843513 5
-0.166383 5.877419 -0.846710 5
1.033029 6.045073 -1.314594 5
1.020549 6.120334 -1.291331 5
1.084613 6.179959 -1.304618 5
-1.833474 0.544217 -1.897416 9
-1.986957 0.979328 -1.687063 9
-1.899554 0.985409 -1.712247 9
-1.849488 1.055272 -1.702135 9
-1.798794 1.122838 -1.693244 9
-1.733905 1.166722 -1.697799 9
-1.668222 1.209346 -1.703243 9
-1.614877 1.270740 -1.697989 9
-1.572723 1.347972 -1.683481 9
-1.461539 1.323685 -1.728679 9
-1.405278 1.380349 -1.726615 9
-1.295084 1.361767 -1.769761 9
-1.216592 1.389052 -1.786015 9
-1.117086 1.389344 -1.819154 9
-1.062415 1.449966 -1.815829 9
-1.003368 1.504568 -1.816301 9
-0.871765 1.468726 -1.873677 9
-0.809622 1.521151 -1.876325 9
-0.637768 1.442789 -1.962821 9
-0.542187 1.458964 -1.990058 9
-0.386038 1.407554 -2.062052 9
-0.104968 1.220881 -2.224731 9
0.000788 1.236414 -2.256286 9
-0.602789 3.152293 -1.393509 12
-0.668426 3.298942 -1.321459 6
-0.622872 3.351042 -1.321425 6
-0.618058 3.435698 -1.295887 6
-1.838942 6.003811 -0.054089 5
-1.885199 6.067507 -0.018432 5
-1.872482 6.108217 -0.012828 5
-1.842047 6.142599 -0.016166 5
-1.801434 6.173852 -0.024548 5
-1.668334 6.175185 -0.078404 5
-1.238388 6.084691 -0.276937 5
-1.158707 6.111175 -0.302769 5
-0.183228 5.874083 -0.761624 5
1.095650 6.020243 -1.252546 5
1.121750 6.088020 -1.247425 5
1.084583 6.168483 -1.213317 5
-2.108126 0.723691 -1.640663 9
-2.071793 0.823577 -1.615283 9
-2.004466 0.865279 -1.620573 9
-1.950476 0.930151 -1.613576 9
-1.918007 1.030497 -1.587342 9
-1.855354 1.077977 -1.589600 9
-1.811015 1.154909 -1.575773 9
-1.697250 1.120223 -1.623682 9
-1.671147 1.224857 -1.594580 9
-1.618039 1.285876 -1.589659 9
-1.527064 1.290086 -1.617034 9
-1.452234 1.319468 -1.630533 9
-1.395887 1.375738 -1.628804 9
-1.292475 1.366391 -1.665419 9
-1.204146 1.379924 -1.689312 9
-1.124942 1.407041 -1.705665 9
-1.075921 1.474254 -1.698388 9
-0.959064 1.454578 -1.743634 9
-0.896581 1.505447 -1.746766 9
-0.799317 1.514017 -1.776135 9
-0.749059 1.580401 -1.770213 9
-0.548211 1.470613 -1.874959 9
-0.420325 1.450949 -1.924716 9
-0.240015 1.375809 -2.011131 9
0.016119 1.223154 -2.149584 9
-0.730294 2.885219 -1.341784 12
-0.863196 3.101980 -1.224737 12
-0.599180 2.959598 -1.364169 6
-0.727267 3.166078 -1.252428 6
-0.720023 3.251025 -1.227929 2
-0.694198 3.319139 -1.215576 6
-0.638698 3.362407 -1.221887 6
-0.620998 3.436255 -1.205082 6
-0.565753 3.479907 -1.211462 6
-0.460772 3.485966 -1.247760 6
-1.843554 6.000545 0.003454 5
-1.871966 6.057414 0.029421 5
-1.869443 6.101905 0.039952 5
-1.882861 6.151730 0.058034 5
-1.819498 6.174569 0.038900 5
-1.669591 6.169850 -0.021447 5
-0.163282 5.734336 -0.726189 5
-0.088667 5.774336 -0.745758 5
1.167990 5.993167 -1.194059 5
1.159214 6.068858 -1.173036 5
1.167203 6.140642 -1.159781 5
1.270547 6.194243 -1.189084 5
-2.025503 0.038005 -1.804025 9
-2.195187 0.561594 -1.569123 9
-2.126730 0.604533 -1.573862 9
-2.089701 0.706047 -1.548870 9
-2.037699 0.777247 -1.539120 9
-1.985826 0.847187 -1.529929 9
-1.946031 0.936725 -1.510427 9
-1.869770 0.962113 -1.524414 9
-1.861423 1.100808 -1.478620 9
-1.782469 1.120740 -1.495621 9
-1.705931 1.145515 -1.510359 9
-1.608479 1.138777 -1.542534 9
-1.586683 1.248682 -1.511413 9
-1.511755 1.277154 -1.524834 9
-1.416543 1.277032 -1.554498 9
-1.358700 1.331755 -1.553927 9
-1.297704 1.381767 -1.556099 9
-1.212479 1.398866 -1.577225 9
-1.129135 1.419775 -1.596619 9
-1.061700 1.462487 -1.603757 9
-0.912010 1.401142 -1.672294 9
-0.865472 1.472597 -1.663408 9
-0.794087 1.513014 -1.673048 9
-0.721364 1.552328 -1.683644 9
-0.555914 1.484155 -1.760178 9
-0.494182 1.539390 -1.762242 9
-0.268168 1.411078 -1.878750 9
-0.129208 1.385647 -1.933023 9
0.098759 1.268308 -2.046926 9
-0.577566 2.435354 -1.444098 6
-0.777583 2.733357 -1.281341 12
-1.108198 3.144742 -1.038305 12
-1.089971 3.218332 -1.021300 12
-0.818778 3.061568 -1.163626 12
-0.803736 3.140734 -1.144036 12
-0.771167 3.203521 -1.135740 12
-0.735906 3.263558 -1.129363 2
-0.749289 3.363792 -1.093778 2
-0.662649 3.380425 -1.118947 6
-0.549909 3.377720 -1.159307 6
-0.533322 3.452530 -1.142398 6
-0.440951 3.468495 -1.170181 6
-1.876305 6.008337 0.073846 5
-1.868545 6.051053 0.081819 5
-1.888759 6.103844 0.102900 5
-1.869573 6.141778 0.105152 5
-1.840648 6.176448 0.102790 5
-1.754981 6.192561 0.074058 5
-1.142453 6.041009 -0.197716 5
-0.042274 5.751794 -0.690166 5
1.205385 6.047832 -1.102272 5
1.207408 6.121153 -1.086491 5
1.318934 6.173309 -1.118139 5
-2.245152 0.315836 -1.535796 9
-2.210909 0.431765 -1.505559 9
-2.169471 0.529684 -1.483688 9
-2.131876 0.632013 -1.459360 9
-2.077784 0.700480 -1.451466 9
-2.011004 0.744460 -1.455711 9
-1.969330 0.832851 -1.437741 9
-1.914141 0.895554 -1.432555 9
-1.880261 0.993334 -1.409421 9
-1.806490 1.022534 -1.421280 9
-1.753876 1.086513 -1.415334 9
-1.681512 1.118337 -1.426178 9
-1.604341 1.143253 -1.440909 9
-1.543462 1.193608 -1.442411 9
-1.491917 1.257490 -1.436744 9
-1.407952 1.273756 -1.456823 9
-1.369324 1.355326 -1.441662 9
-0.801217 0.703935 -1.830066 9
-0.681507 0.688705 -1.871901 9
-1.101726 1.390610 -1.512435 9
-1.048372 1.451841 -1.509050 9
-0.839915 1.316024 -1.618217 9
-0.854683 1.464962 -1.565373 9
-0.707811 1.413528 -1.628211 9
-0.636177 1.455887 -1.637250 9
-0.278620 1.165791 -1.843737 9
-0.171727 1.175801 -1.874643 9
0.009594 1.104694 -1.955338 9
0.120047 1.116458 -1.987147 9
0.293120 1.063190 -2.059863 9
-0.856715 2.507498 -1.233143 12
-0.929596 2.683921 -1.154312 12
-1.169147 3.019431 -0.971511 12
-1.041668 2.988993 -1.022928 12
-1.087269 3.125384 -0.965850 12
-0.989720 3.125669 -0.998150 12
-0.800369 3.044735 -1.085953 12
-0.750281 3.092852 -1.088080 12
-0.772174 3.203694 -1.047193 2
-0.732254 3.259476 -1.043837 2
-0.672613 3.298659 -1.052246 2
-0.593769 3.322722 -1.071804 6
-0.558158 3.382532 -1.066155 6
-0.511988 3.433825 -1.066754 6
-0.350081 3.396654 -1.133148 6
0.267798 3.118462 -1.427056 12
0.332743 3.166994 -1.435443 12
-1.836846 6.033972 0.120751 5
-1.877739 6.094696 0.150895 5
-1.854716 6.131276 0.151444 5
-1.820547 6.164181 0.146901 5
-1.763690 6.189942 0.132153 5
-0.174732 5.722239 -0.569340 5
-0.004414 5.731849 -0.630195 5
1.233042 6.030701 -1.023259 5
1.253295 6.100480 -1.015329 5
1.297906 6.165646 -1.017702 5
-2.268337 -0.004104 -1.530999 9
-2.270659 0.199093 -1.462533 9
-2.215708 0.275824 -1.452016 9
-2.184840 0.398915 -1.419600 9
-2.136446 0.483490 -1.404947 9
-2.093559 0.576311 -1.386170 9
-2.050557 0.666313 -1.368493 9
-2.003976 0.747395 -1.354894 9
-1.953773 0.820116 -1.345201 9
-1.891343 0.870170 -1.346542 9
-1.864881 0.980595 -1.318014 9
-1.793720 1.014060 -1.327535 9
-1.745912 1.085587 -1.318078 9
-1.660765 1.096943 -1.339085 9
-1.554875 1.077758 -1.376140 9
-1.531528 1.185768 -1.348157 9
-1.513567 1.298940 -1.317063 9
-1.394661 1.263634 -1.363524 9
-1.339059 1.321098 -1.361673 9
-1.170652 1.222460 -1.443336 9
-1.144746 1.322459 -1.419343 9
-0.904239 1.136729 -1.550543 9
-0.746927 1.068547 -1.619626 9
-0.531873 0.932316 -1.727790 9
-0.483757 1.010941 -1.717819 9
-0.564513 1.244974 -1.619960 9
-0.294327 1.054596 -1.762356 9
0.070931 0.763785 -1.965426 9
0.219665 0.734116 -2.020736 9
-0.583470 2.004582 -1.379583 6
-1.083308 2.641866 -1.027881 12
-1.099210 2.758268 -0.987519 12
-1.130406 2.887283 -0.938605 12
-1.134927 2.986724 -0.907217 12
-1.180447 3.123628 -0.851586 12
-1.205688 3.237723 -0.809394 12
-0.924129 3.065094 -0.951501 12
-0.948076 3.178502 -0.910154 12
-0.819312 3.153715 -0.959260 2
-0.757273 3.190043 -0.968791 2
-0.689337 3.221971 -0.981652 2
-0.569787 3.211699 -1.023841 2
-0.507454 3.250760 -1.033019 6
-0.461376 3.303429 -1.033023 6
-0.242806 3.221224 -1.129004 2
0.013143 3.116201 -1.244042 12
0.090395 3.152004 -1.259583 12
0.236029 3.138677 -1.312020 12
0.336394 3.161013 -1.339356 6
0.316178 3.269712 -1.302059 6
0.342778 3.344260 -1.290208 6
0.404767 3.394514 -1.297199 6
0.459028 3.450402 -1.300140 6
-1.889531 6.049059 0.197958 5
-1.904428 6.099514 0.215548 5
-1.862520 6.128900 0.207725 5
-1.864055 6.173967 0.219107 5
-1.797211 6.195719 0.200407 5
-0.099362 5.690034 -0.527395 5
-0.084494 5.748764 -0.518888 5
1.256673 6.014441 -0.942641 5
1.248485 6.090106 -0.923075 5
1.326843 6.148472 -0.938825 5
-2.237354 -0.255399 -1.512624 9
-2.254876 -0.010105 -1.428778 9
-2.227324 0.129357 -1.391174 9
-2.186844 0.237063 -1.367374 9
-2.150736 0.350008 -1.340847 9
-2.104803 0.440082 -1.324430 9
-2.073673 0.555811 -1.295921 9
-2.015601 0.617830 -1.292020 9
-1.965836 0.693835 -1.281516 9
-1.924937 0.783833 -1.264252 9
-1.869497 0.846419 -1.259820 9
-1.865117 0.994132 -1.214406 9
-1.757808 0.967383 -1.252881 9
-1.676240 0.985207 -1.270234 9
-1.628564 1.057503 -1.261063 9
-1.527168 1.045870 -1.293496 9
-1.543710 1.214150 -1.236341 9
-1.218669 0.874399 -1.435078 9
-1.155802 0.928791 -1.436325 9
-1.042028 0.911238 -1.474651 9
-0.960668 0.941208 -1.489051 9
-0.886034 0.981108 -1.498569 9
-0.804490 1.012355 -1.512891 9
-0.688902 1.000484 -1.550524 9
-0.614342 1.043205 -1.559552 10
-0.478023 1.009908 -1.610096 9
-0.314679 0.947498 -1.677627 9
-0.056668 0.777600 -1.806001 10
-0.980687 2.216832 -1.096555 11
-1.054108 2.405908 -1.018038 11
-1.106597 2.566886 -0.954342 12
-1.150131 2.713898 -0.897622 12
-1.219728 2.883635 -0.826320 12
-1.288322 3.047386 -0.757189 12
-1.316004 3.166076 -0.713975 12
-0.628070 2.591402 -1.094719 6
-1.051576 3.092491 -0.817591 12
-0.938977 3.078979 -0.856697 12
-0.854517 3.093542 -0.879010 12
-0.816378 3.150694 -0.874656 12
-0.738664 3.173169 -0.892792 2
-0.606708 3.150637 -0.940999 2
-0.572839 3.212999 -0.934132 2
-0.488428 3.233710 -0.955216 2
-0.332052 3.198259 -1.015169 2
-0.291403 3.257165 -1.011768 2
-0.203785 3.279961 -1.033627 2
0.096825 3.144456 -1.168126 12
0.271597 3.109534 -1.234309 12
0.292878 3.188930 -1.219450 6
0.248195 3.313921 -1.170799 6
0.323923 3.353419 -1.184788 6
0.389326 3.400832 -1.193376 6
0.421158 3.470976 -1.184950 6
-1.881554 6.041092 0.246886 5
-1.887856 6.088383 0.260334 5
-1.902218 6.138060 0.277056 5
-1.851934 6.164545 0.265957 5
-1.776312 6.183303 0.244235 5
0.000026 5.649866 -0.494184 5
1.430971 5.965593 -0.921973 5
1.305104 6.067196 -0.855927 5
1.364068 6.129679 -0.863196 5
1.463541 6.185561 -0.886201 5
-2.028627 -0.921376 -1.664359 9
-2.216731 -0.276469 -1.414690 9
-2.214248 -0.074870 -1.352562 9
-2.185029 0.062045 -1.317622 9
-2.167801 0.218465 -1.273619 9
-2.110956 0.289884 -1.266462 9
-2.090031 0.429578 -1.228845 9
-2.059687 0.546469 -1.200877 9
-1.984723 0.576996 -1.211490 9
-1.952560 0.685327 -1.186871 9
-1.895273 0.746128 -1.183686 9
-1.796021 0.733696 -1.214340 9
-1.712120 0.749601 -1.232301 9
-1.702838 0.889441 -1.192325 9
-1.654809 0.962628 -1.183307 9
-1.600373 1.024409 -1.179618 9
-1.543592 1.081788 -1.178019 9
-1.287157 0.838679 -1.322451 9
-1.207121 0.867362 -1.336183 9
-1.106257 0.866928 -1.364588 9
-1.028546 0.901159 -1.376246 10
-0.986114 0.984584 -1.363409 10
-0.892853 0.998132 -1.385859 10
-0.784791 0.993731 -1.417959 10
-0.737692 1.070353 -1.408825 10
-0.623920 1.061722 -1.444049 10
-0.455955 0.988619 -1.513933 10
-0.373156 1.023965 -1.527570 10
-0.072102 0.801240 -1.679990 10
-1.183339 2.230856 -0.940398 11
-1.190636 2.347912 -0.904357 11
-1.232447 2.500593 -0.847992 11
-1.241723 2.613456 -0.812782 12
-1.253933 2.726771 -0.776673 12
-1.233170 2.802840 -0.761103 12
-1.302527 2.970196 -0.692765 12
-1.349708 3.110352 -0.638878 2
-1.372283 3.222449 -0.600404 2
-1.347775 3.286420 -0.589762 2
-1.337382 3.362973 -0.571413 6
-1.268696 3.384308 -0.586269 6
-1.256830 3.458159 -0.569302 6
-1.152580 3.448843 -0.603694 6
-0.715181 3.152057 -0.819615 12
-0.621496 3.162265 -0.845565 2
-0.538851 3.183413 -0.865213 2
-0.503898 3.244842 -0.859226 2
-0.431845 3.276277 -0.872992 2
-0.297468 3.259856 -0.919187 2
-0.100398 3.198372 -0.997172 12
0.045461 3.180293 -1.047598 12
0.335680 3.059441 -1.170849 2
0.341287 3.150860 -1.148258 6
0.324531 3.256759 -1.114895 6
0.350873 3.331125 -1.103579 6
0.377434 3.404817 -1.092619 6
0.468693 3.435444 -1.113571 6
-0.254110 5.216129 -0.433132 5
-0.096622 5.284196 -0.469058 5
-1.859833 6.027864 0.289813 5
-1.865217 6.074988 0.302606 5
-1.856304 6.116459 0.309274 5
-1.861909 6.162855 0.321850 5
-1.805596 6.187843 0.308816 5
1.332242 6.050308 -0.776777 5
1.328155 6.125259 -0.759547 5
1.435259 6.179041 -0.784505 5
-2.151216 -0.396788 -1.358131 9
-2.176632 -0.132937 -1.272555 9
-2.155577 0.021871 -1.231568 9
-2.135200 0.172137 -1.191878 9
-2.099824 0.286950 -1.166726 9
-2.076815 0.422007 -1.132467 9
-2.021081 0.490436 -1.126592 9
-1.936353 0.503917 -1.144661 9
-1.837500 0.493210 -1.173687 9
-1.723356 0.458030 -1.214061 9
-1.683443 0.554094 -1.196303 9
-1.544443 0.481274 -1.254539 9
-1.480399 0.536808 -1.255305 9
-1.395857 0.558979 -1.271418 9
-1.360267 0.658977 -1.251793 9
-1.298418 0.716327 -1.251770 9
-1.221003 0.749863 -1.262983 10
-1.212955 0.885767 -1.225810 10
-1.077845 0.835496 -1.277191 10
-1.030291 0.912421 -1.268052 10
-0.933527 0.920536 -1.292326 10
-0.864284 0.967447 -1.297995 10
-0.803196 1.025263 -1.298398 10
-0.715541 1.048564 -1.316137 10
-0.632041 1.078312 -1.330994 10
-0.455718 0.994299 -1.404208 10
-0.336020 0.984531 -1.440631 10
-1.280342 2.238708 -0.820791 11
-1.297132 2.366769 -0.780068 11
-1.321804 2.500457 -0.735623 11
-1.267332 2.542419 -0.739448 6
-1.302913 2.682814 -0.690199 12
-1.309001 2.787864 -0.659314 12
-1.335899 2.912311 -0.617159 6
-1.439406 3.112159 -0.532167 2
-1.379709 3.141732 -0.541360 2
-1.395855 3.246588 -0.507963 2
-1.340565 3.280123 -0.514955 2
-1.358244 3.383072 -0.481796 6
-1.333659 3.444565 -0.472361 6
-1.194820 3.401809 -0.524804 6
-1.179022 3.471945 -0.510612 6
-0.987820 3.388546 -0.589625 6
-0.601546 3.144309 -0.769636 12
-0.598389 3.231865 -0.747293 12
-0.496253 3.237108 -0.776436 12
-0.402117 3.250738 -0.801058 12
-0.332007 3.284877 -0.813158 12
-0.128965 3.217928 -0.891886 12
-0.008048 3.217812 -0.928458 12
0.185795 3.166555 -1.000505 12
0.291182 3.183618 -1.028106 2
0.340896 3.241742 -1.028272 2
0.377151 3.309293 -1.022012 2
0.446456 3.354355 -1.031711 6
0.540093 3.384162 -1.052856 6
-0.246244 4.292346 -0.581902 13
-0.375503 4.441632 -0.504737 13
-0.372447 4.512376 -0.488250 13
-0.313145 4.551583 -0.497148 13
-0.225037 4.576159 -0.518715 13
-0.307512 4.691054 -0.464934 13
-0.130784 4.671409 -0.525200 13
-0.058051 4.707006 -0.539522 13
-0.277403 4.952868 -0.411553 13
-0.232464 4.999916 -0.414617 13
-0.214664 5.059489 -0.406204 13
-0.320411 5.237523 -0.330916 5
-0.232571 5.266178 -0.352242 5
-0.328310 5.369260 -0.297875 5
-1.825290 6.009678 0.327682 5
-1.860837 6.068401 0.352483 5
-1.876881 6.118868 0.369101 5
-1.881188 6.164497 0.380802 5
-1.810315 6.184164 0.362449 5
1.148566 5.932226 -0.650281 5
1.019442 6.033389 -0.586934 5
1.134292 6.080465 -0.614462 5
1.319431 6.115643 -0.667467 5
1.398621 6.174273 -0.681156 5
-2.068660 -0.554073 -1.313903 9
-2.120007 -0.231596 -1.208122 9
-2.126118 -0.018245 -1.145138 9
-2.092060 0.104455 -1.118362 9
-2.059283 0.225514 -1.091837 9
-1.809588 -0.077359 -1.241526 9
-1.816094 0.120339 -1.183348 9
-1.743884 0.165486 -1.188812 9
-1.666775 0.201687 -1.198176 9
-1.584665 0.229422 -1.211330 9
-1.591634 0.410759 -1.158103 9
-1.496609 0.414814 -1.181498 9
-1.447486 0.495909 -1.171333 10
-1.380370 0.546579 -1.174527 10
-1.312233 0.595432 -1.178599 10
-1.250725 0.654328 -1.178216 10
-1.183170 0.703651 -1.182204 10
-1.137137 0.784430 -1.171820 10
-1.060113 0.819386 -1.182522 10
-0.969877 0.836402 -1.201828 10
-0.912552 0.899977 -1.199532 10
-0.867407 0.979357 -1.189701 10
-0.769312 0.987889 -1.213759 10
-0.695450 1.029421 -1.222295 10
-0.653846 1.112073 -1.210908 10
-0.479890 1.030063 -1.280668 10
-1.251690 2.097373 -0.778840 11
-1.337344 2.310324 -0.697455 11
-1.322933 2.400373 -0.676993 11
-1.299373 2.478223 -0.662435 11
-1.352503 2.640151 -0.604073 6
-1.354910 2.742053 -0.576008 6
-1.351409 2.835356 -0.551974 6
-1.476508 3.061327 -0.456649 2
-1.494353 3.169995 -0.422701 2
-1.466688 3.230327 -0.414454 2
-1.402706 3.254250 -0.426156 2
-1.324160 3.264955 -0.445537 6
-1.275507 3.305288 -0.448725 6
-1.251410 3.368565 -0.438991 6
-1.149228 3.360343 -0.470279 6
-1.141534 3.438272 -0.452190 6
-0.770597 3.198910 -0.620674 12
-0.672956 3.204212 -0.647381 12
-0.620863 3.249418 -0.650755 12
-0.560447 3.288106 -0.658290 12
-0.480117 3.311430 -0.675608 12
-0.378567 3.319364 -0.703098 12
-0.283664 3.334325 -0.726950 12
-0.084895 3.272936 -0.800537 12
-0.126548 3.393316 -0.758003 12
-0.131130 3.484354 -0.733802 12
-0.063465 3.523065 -0.744029 12
-0.313691 3.781650 -0.605822 13
-0.401845 3.922251 -0.544879 13
-0.382897 3.988498 -0.534121 13
-0.360592 4.052057 -0.525101 13
-0.441764 4.180453 -0.469475 13
-0.439199 4.253932 -0.452303 13
-0.419407 4.316148 -0.443094 13
-0.373714 4.362742 -0.445498 13
-0.433895 4.470535 -0.401460 13
-0.442555 4.546907 -0.380528 13
-0.386314 4.586650 -0.387973 13
-0.352512 4.639065 -0.385706 13
-0.239682 4.650343 -0.417153 13
-0.255724 4.729329 -0.393670 13
-0.239465 4.791125 -0.384101 13
-0.349156 4.913485 -0.322167 13
-0.371595 4.991307 -0.297237 13
-0.255034 5.004164 -0.329817 13
-0.197060 5.045379 -0.338036 13
-0.388691 5.195731 -0.244918 5
-0.295631 5.220673 -0.267751 5
-0.367646 5.314971 -0.224231 5
-0.352597 5.372310 -0.215902 5
-1.820499 6.002947 0.377828 5
-1.849629 6.059278 0.399411 5
-1.850696 6.104365 0.409777 5
-1.848083 6.147778 0.418584 5
-1.821150 6.182621 0.417925 5
-0.095324 5.657796 -0.232001 0
0.092277 5.661013 -0.289513 0
-0.057894 5.834257 -0.205351 7
-0.063145 5.897842 -0.190069 7
0.650592 5.763549 -0.441202 5
0.628125 5.838439 -0.418293 5
0.688912 5.891375 -0.426101 5
0.875270 5.914792 -0.479441 5
1.013912 5.952842 -0.514876 5
1.151222 5.993741 -0.549385 5
1.305925 6.033498 -0.589664 5
1.241985 6.119891 -0.551872 5
1.435333 6.155792 -0.605239 5
-1.863353 -0.980122 -1.370349 9
-2.075877 -0.303109 -1.131146 9
-2.037111 -0.182345 -1.107127 9
-1.896523 -0.272439 -1.166331 9
-1.770758 -0.326672 -1.212101 9
-1.786927 -0.102119 -1.146270 9
-1.631787 -0.209142 -1.213996 9
-1.657536 0.023625 -1.143731 9
-1.577435 0.057433 -1.154397 10
-1.547261 0.179237 -1.128629 10
-1.528796 0.317515 -1.095525 9
-1.463064 0.372420 -1.097110 10
-1.435670 0.489568 -1.072190 10
-1.371492 0.544696 -1.073504 10
-1.326842 0.629931 -1.061793 10
-1.261492 0.681811 -1.064464 10
-1.181424 0.711461 -1.076985 10
-1.100497 0.740622 -1.089949 10
-1.098791 0.883990 -1.051930 10
-0.976942 0.855036 -1.091219 10
-0.932598 0.935646 -1.081213 10
-0.864307 0.982828 -1.086441 10
-0.791628 1.024385 -1.094402 10
-0.723416 1.072089 -1.099650 10
-1.387519 2.042508 -0.668288 2
-1.347453 2.106227 -0.662061 2
-1.309712 2.172004 -0.654754 6
-1.358060 2.338851 -0.598133 11
-1.366618 2.454634 -0.565555 6
-1.382932 2.576364 -0.529426 6
-1.406397 2.702948 -0.490190 12
-1.362680 2.753001 -0.488957 12
-1.398364 2.887642 -0.444486 12
-1.456949 3.042629 -0.388641 2
-1.470135 3.146626 -0.358303 2
-1.456366 3.221136 -0.342932 2
-1.415055 3.267313 -0.342391 2
-1.288165 3.230898 -0.386396 6
-1.253828 3.285195 -0.382011 6
-1.224292 3.343594 -0.375334 6
-1.116222 3.330289 -0.408505 6
-1.064016 3.369037 -0.413182 6
-0.757094 3.186495 -0.544114 12
-0.713526 3.237861 -0.543370 12
-0.633303 3.258614 -0.560550 12
-0.591965 3.312432 -0.558719 12
-0.537172 3.355414 -0.563414 12
-0.407421 3.340016 -0.603641 12
-0.398044 3.419911 -0.586619 12
-0.361853 3.478583 -0.582438 12
-0.239418 3.473616 -0.618265 12
-0.061292 3.431077 -0.679093 12
-0.537001 3.853637 -0.441485 13
-0.401705 3.839079 -0.483508 13
-0.409342 3.923898 -0.460902 13
-0.465451 4.039379 -0.417155 13
-0.438330 4.098435 -0.410805 13
-0.443047 4.177344 -0.390660 13
-0.446897 4.254594 -0.371227 13
-0.476952 4.346583 -0.340829 13
-0.446104 4.400931 -0.336942 13
-0.422509 4.459408 -0.330056 13
-0.449896 4.546317 -0.301825 13
-0.459830 4.622080 -0.281320 13
-0.410145 4.664841 -0.285865 13
-0.391505 4.724343 -0.277570 13
-0.402605 4.798728 -0.257243 13
-0.343169 4.837034 -0.265854 13
-0.387976 4.926630 -0.232325 13
-0.346462 4.973673 -0.233831 13
-0.364241 5.048330 -0.211748 13
-0.152578 5.019248 -0.280557 13
-0.404959 5.196674 -0.166476 5
-0.364739 5.243557 -0.167895 5
-0.312172 5.285739 -0.174068 5
-0.387362 5.379656 -0.131075 5
-1.823528 5.999274 0.430705 5
-1.834642 6.048740 0.444829 5
-1.904834 6.119139 0.481019 5
-1.854951 6.145140 0.471819 5
-1.810856 6.173915 0.464898 5
-1.719329 6.187657 0.440560 5
0.031570 5.672465 -0.192210 7
-0.172277 5.799198 -0.104335 7
-0.070004 5.829874 -0.128435 7
-0.108888 5.902867 -0.101414 7
-0.023588 5.940351 -0.119126 7
-0.033650 6.004587 -0.102709 7
0.003303 6.056277 -0.103079 7
0.880982 5.903443 -0.398456 5
0.924881 5.963306 -0.399365 5
1.122615 5.989470 -0.453554 5
1.261276 6.031955 -0.486698 5
1.325019 6.092092 -0.493757 5
1.436256 6.144121 -0.516857 5
1.610145 6.186781 -0.560829 5
-1.820030 -1.049110 -1.282520 9
-1.912508 -0.628605 -1.148721 9
-1.794805 -0.664151 -1.186099 9
-1.668680 -0.712861 -1.229063 9
-1.632187 -0.580035 -1.202595 9
-1.528216 -0.581547 -1.227936 9
-1.516965 -0.406581 -1.184444 9
-1.544291 -0.167049 -1.114700 10
-1.538473 0.003939 -1.071116 10
-1.511969 0.132851 -1.043703 10
-1.471585 0.234160 -1.026998 10
-1.445945 0.357526 -1.000993 10
-1.403428 0.449815 -0.987336 10
-1.344989 0.514608 -0.984854 10
-1.288119 0.581012 -0.981647 10
-1.215330 0.622245 -0.989008 10
-1.169666 0.704225 -0.979134 10
-1.089231 0.733935 -0.991546 10
-1.004338 0.758062 -1.006596 10
-0.928322 0.795662 -1.016025 10
-0.916877 0.922191 -0.986399 10
-0.855684 0.978832 -0.987357 10
-1.371244 1.792185 -0.648467 2
-1.471078 2.039547 -0.559923 11
-1.404979 2.069720 -0.569113 2
-1.345687 2.108874 -0.574347 11
-1.343392 2.217088 -0.547511 6
-1.417035 2.412551 -0.479129 11
-1.409959 2.508392 -0.456786 12
-1.424230 2.626390 -0.423405 12
-1.379624 2.675953 -0.422552 12
-1.438191 2.837719 -0.366812 12
-1.434292 2.928094 -0.345268 12
-1.460777 3.048392 -0.308382 12
-1.423517 3.100306 -0.305273 12
-1.414768 3.180535 -0.287707 2
-1.359651 3.213702 -0.294061 2
-1.246973 3.191836 -0.329257 2
-1.192965 3.228090 -0.334679 6
-1.196509 3.318007 -0.311716 6
-1.051055 3.271070 -0.361949 6
-1.058737 3.363968 -0.337278 6
-0.737358 3.168658 -0.470767 12
-0.723131 3.245133 -0.456077 12
-0.659240 3.279097 -0.465075 12
-0.607322 3.323568 -0.468380 12
-0.520997 3.340779 -0.487588 12
-0.564529 3.461329 -0.446976 12
-0.586686 3.562659 -0.416812 12
-0.440586 3.535395 -0.463043 12
-0.428707 3.610322 -0.448541 13
-0.444526 3.704327 -0.422034 13
-0.503743 3.827244 -0.376908 13
-0.540777 3.931886 -0.342216 13
-0.482477 3.969913 -0.349359 13
-0.448307 4.024525 -0.346055 13
-0.458870 4.107988 -0.323774 13
-0.481175 4.197549 -0.296897 13
-0.437543 4.244763 -0.298106 13
-0.426952 4.312200 -0.285562 13
-0.412600 4.376788 -0.274776 13
-0.449580 4.470465 -0.243124 13
-0.419878 4.524740 -0.239085 13
-0.496990 4.637694 -0.191977 13
-0.411100 4.660348 -0.210913 13
-0.462960 4.756593 -0.174758 13
-0.428751 4.806788 -0.173136 13
-0.429998 4.874789 -0.157630 13
-0.373773 4.914153 -0.164730 13
-0.455710 5.019596 -0.118297 13
-0.348620 5.035264 -0.145102 13
-0.296125 5.077402 -0.150711 5
-0.448009 5.209388 -0.078838 5
-0.350594 5.231307 -0.101706 5
-0.395987 5.313892 -0.070911 5
-0.428071 5.389513 -0.045462 5
-0.529101 5.490683 0.005060 5
-1.857596 6.052526 0.504169 5
-1.840844 6.090833 0.507551 5
-1.853971 6.139770 0.521690 5
-1.817611 6.171074 0.517901 5
-1.746343 6.191268 0.501733 5
-0.156805 5.725137 -0.051776 7
-0.251472 5.816095 -0.005626 7
-0.148221 5.845355 -0.029221 7
-0.099395 5.892156 -0.033590 7
-0.082519 5.948490 -0.026855 7
-0.060273 6.003379 -0.022019 7
0.051048 6.035585 -0.047558 7
0.914602 5.885298 -0.327337 5
1.102677 5.911484 -0.376378 5
1.096113 5.984887 -0.359717 5
1.337868 6.004714 -0.425692 5
1.367006 6.072450 -0.420632 5
1.523851 6.115804 -0.457475 5
1.561196 6.183884 -0.454867 5
-1.684040 -1.090767 -1.207984 9
-1.697408 -0.843202 -1.141818 9
-1.493765 -0.242172 -1.037003 10
-1.493321 -0.060496 -0.991246 10
-1.482589 0.096878 -0.954128 10
-1.444458 0.202356 -0.936651 10
-1.436337 0.355115 -0.900218 10
-1.364105 0.398584 -0.906589 10
-1.325450 0.495635 -0.891568 10
-1.321499 0.644502 -0.855325 10
-1.208857 0.623268 -0.887795 10
-1.170847 0.716228 -0.873852 10
-1.118630 0.786513 -0.869061 10
-1.044844 0.825053 -0.877460 10
-0.966480 0.857616 -0.888526 10
-0.884119 0.885412 -0.901817 10
-0.793452 0.903011 -0.919730 10
-1.528675 2.004770 -0.467782 2
-1.470798 2.044743 -0.472252 2
-1.359624 2.017861 -0.506345 2
-1.383180 2.159831 -0.465800 11
-1.498420 2.408452 -0.376498 11
-1.479346 2.490052 -0.361398 11
-1.466722 2.577590 -0.343300 12
-1.464671 2.675357 -0.320130 12
-1.467393 2.776260 -0.295059 12
-1.452018 2.855167 -0.279906 12
-1.452988 2.950108 -0.256823 12
-1.488011 3.078607 -0.217119 12
-1.389428 3.066840 -0.244957 12
-1.399551 3.166430 -0.218600 2
-1.411569 3.265676 -0.191895 2
-1.308918 3.252194 -0.221336 2
-1.232715 3.266020 -0.237582 2
-1.164988 3.288962 -0.249550 6
-1.034675 3.256089 -0.290836 2
-0.945747 3.263205 -0.312099 2
-0.756163 3.184367 -0.379589 12
-0.758636 3.274502 -0.357870 12
-0.707122 3.317934 -0.361113 12
-0.650291 3.357317 -0.366737 12
-0.564277 3.373799 -0.385336 12
-0.462517 3.379380 -0.410624 12
-0.440178 3.447959 -0.400657 12
-0.438429 3.531413 -0.381929 13
-0.454780 3.626963 -0.355729 13
-0.480826 3.727746 -0.325838 13
-0.507491 3.826964 -0.296197 13
-0.506227 3.904921 -0.278821 13
-0.404963 3.914198 -0.303525 13
-0.390948 3.983077 -0.291690 13
-0.362664 4.042071 -0.285925 13
-0.355039 4.113919 -0.271834 13
-0.468923 4.547727 -0.144975 13
-0.436167 4.599455 -0.142397 13
-0.400758 4.649819 -0.140883 13
-0.420489 4.729252 -0.118207 13
-0.452392 4.813655 -0.091216 13
-0.418574 4.863722 -0.089492 13
-0.407971 4.925235 -0.079060 13
-0.435548 5.004435 -0.054518 13
-0.453708 5.077951 -0.033803 5
-0.423938 5.128842 -0.031005 5
-0.423076 5.192492 -0.017671 5
-0.319441 5.211828 -0.041799 5
-0.357403 5.291638 -0.014554 5
-0.372018 5.360609 0.003980 5
-0.409907 5.437787 0.030552 5
-1.833972 6.038755 0.546129 5
-1.856712 6.091738 0.563406 5
-1.822987 6.123748 0.560802 5
-1.820935 6.167102 0.569207 5
-1.727693 6.179752 0.546183 5
-0.180784 5.725351 0.027265 7
-0.181262 5.786725 0.039946 7
-0.187201 5.849314 0.054329 7
-0.112644 5.888058 0.041617 7
-0.115168 5.949522 0.054731 7
-0.008818 5.981371 0.031746 7
0.022500 6.034445 0.033719 7
0.882455 5.883348 -0.234479 5
1.531552 6.027642 -0.385988 5
1.520129 6.105045 -0.367690 5
1.579781 6.168780 -0.371866 5
-1.430031 -0.341192 -0.966699 10
-1.475939 -0.075229 -0.891834 10
-1.454057 0.062431 -0.863641 10
-1.411071 0.159927 -0.850075 10
-1.403776 0.314438 -0.814574 10
-1.355768 0.397853 -0.805686 10
-1.309979 0.483117 -0.795900 10
-1.228881 0.511743 -0.807994 10
-1.191888 0.608250 -0.793581 10
-1.071683 0.578769 -0.828859 10
-1.077816 0.736611 -0.789792 10
-0.988626 0.753924 -0.806733 10
-0.899218 0.772261 -0.823544 10
-0.897650 0.911898 -0.790809 10
-1.490375 1.842633 -0.429520 2
-1.497114 1.969347 -0.397980 11
-1.457063 2.032634 -0.392633 2
-1.458344 2.147049 -0.365401 11
-1.480495 2.284272 -0.327849 11
-1.475468 2.384946 -0.305460 11
-1.454086 2.464003 -0.292125 11
-1.485056 2.602207 -0.252366 12
-1.487621 2.704413 -0.227930 12
-1.489306 2.803289 -0.204530 12
-1.485649 2.894132 -0.184343 12
-1.504723 3.007321 -0.153480 12
-1.455213 3.046049 -0.156645 12
-1.379266 3.057891 -0.172534 12
-1.268980 3.036556 -0.204537 2
-1.328180 3.184551 -0.155997 2
-1.195626 3.143644 -0.198066 12
-1.137702 3.176669 -0.204841 2
-1.122428 3.249702 -0.191979 2
-0.991483 3.216795 -0.231965 2
-0.943886 3.261170 -0.233736 2
-0.772548 3.197981 -0.290732 12
-0.723098 3.243295 -0.292849 12
-0.666184 3.282584 -0.298238 12
-0.639717 3.347273 -0.290340 12
-0.605356 3.405094 -0.286011 12
-0.558823 3.453108 -0.286985 12
-0.578024 3.551844 -0.260136 12
-0.435049 3.526526 -0.301857 13
-0.514819 3.668692 -0.250158 13
-0.427970 3.686866 -0.268138 13
-0.398497 3.747046 -0.262342 13
-0.400247 3.828541 -0.243970 13
-0.153631 3.740789 -0.326002 13
-0.200102 3.853202 -0.289559 3
0.066972 3.760115 -0.378074 3
0.034877 3.863063 -0.347468 3
0.089797 3.910149 -0.351322 3
-0.127305 4.275183 -0.216805 7
-0.383534 4.494907 -0.103667 13
-0.446038 4.600130 -0.065043 13
-0.502948 4.699900 -0.029072 13
-0.428765 4.728534 -0.042181 13
-0.432896 4.798484 -0.026292 13
-0.392302 4.845241 -0.026947 13
-0.439320 4.935035 0.004172 13
-0.419965 4.991445 0.010979 13
-0.395021 5.045091 0.015708 13
-0.475033 5.146022 0.057617 5
-0.429009 5.189120 0.054566 5
-0.431174 5.253298 0.068431 5
-0.386527 5.297432 0.065869 5
-0.359331 5.349100 0.069386 5
-0.322527 5.397102 0.069589 5
-1.820040 6.028641 0.591670 5
-1.815173 6.071551 0.599138 5
-1.821914 6.118367 0.610421 5
-1.766614 6.143221 0.600901 5
-1.776998 6.190981 0.613272 5
-0.147343 5.707083 0.086375 7
-0.136670 5.765225 0.095209 7
-0.125176 5.822936 0.103697 7
-0.078958 5.870388 0.100925 7
0.004733 5.907948 0.086237 7
0.016023 5.966440 0.094805 7
1.566735 6.009093 -0.308345 5
1.534552 6.090811 -0.284054 5
1.599395 6.153499 -0.289276 5
-1.329254 -0.507378 -0.918115 10
-1.421832 -0.155358 -0.815999 10
-1.396839 -0.021844 -0.790769 10
-1.399057 0.153888 -0.749740 10
-1.340405 0.222668 -0.747115 10
-1.311100 0.338058 -0.727194 10
-1.285048 0.455550 -0.706105 10
-1.231099 0.526606 -0.702050 10
-1.151411 0.557500 -0.713098 10
-1.063568 0.576974 -0.728669 10
-1.043698 0.696527 -0.705910 10
-0.981927 0.753423 -0.707081 10
-0.906011 0.790268 -0.716115 10
-0.858341 0.866177 -0.709826 10
-0.807424 0.936676 -0.705564 10
-1.374862 1.815313 -0.375461 2
-1.477387 2.064152 -0.295453 11
-1.485534 2.186190 -0.266009 11
-1.468874 2.274542 -0.249967 11
-1.511622 2.432636 -0.204438 11
-1.472837 2.489898 -0.200627 11
-1.497566 2.620035 -0.165665 12
-1.495792 2.716671 -0.144452 12
-1.488859 2.805447 -0.126246 12
-1.487529 2.898503 -0.105808 12
-1.513774 3.018970 -0.072809 12
-1.476845 3.070364 -0.070111 12
-1.399754 3.080314 -0.086143 12
-1.320662 3.089601 -0.102834 12
-1.300648 3.158376 -0.092396 12
-1.154418 3.104582 -0.139040 12
-1.085462 3.127723 -0.150382 12
-0.954826 3.094728 -0.188813 12
-0.956331 3.184790 -0.168722 12
-0.903748 3.225122 -0.172501 12
-0.838163 3.254468 -0.181838 12
-0.789182 3.298776 -0.183966 12
-0.771604 3.369552 -0.172823 12
-0.726459 3.416918 -0.173444 12
-0.646107 3.436163 -0.188692 12
-0.587931 3.474125 -0.194576 12
-0.518557 3.504028 -0.204948 12
-0.409563 3.504995 -0.231194 12
-0.431135 3.604454 -0.204633 13
-0.398519 3.662856 -0.200084 13
-0.389412 3.737677 -0.186342 13
-0.300582 3.756429 -0.204040 3
-0.344623 3.866679 -0.169861 3
-0.260198 3.889401 -0.185720 3
-0.186485 3.920440 -0.197235 3
0.080939 3.829705 -0.282023 3
-0.139726 4.048094 -0.181849 7
-0.039435 4.064774 -0.203040 7
-0.156888 4.212253 -0.143232 7
-0.144490 4.280429 -0.132064 7
-0.183255 4.376981 -0.102386 7
-0.413318 4.577324 -0.003865 13
-0.403461 4.641418 0.006965 13
-0.435776 4.727198 0.032697 13
-0.390536 4.771563 0.030602 13
-0.389625 4.838566 0.044141 13
-0.477839 4.948438 0.088607 13
-0.424996 4.988274 0.083581 13
-0.367307 5.026512 0.076985 13
-0.349888 5.083718 0.084262 5
-0.449019 5.191990 0.130979 5
-0.387176 5.228422 0.122870 5
-0.411145 5.301457 0.143590 5
-0.382798 5.352222 0.146686 5
-0.340841 5.397767 0.145286 5
-1.800447 6.016363 0.635405 5
-1.828590 6.071619 0.653487 5
-1.791594 6.102526 0.650320 5
-1.784373 6.144269 0.656770 5
-1.742289 6.174123 0.652062 5
-1.628854 6.181389 0.624890 5
-0.107868 5.748612 0.156122 7
-0.048833 5.792092 0.149724 7
0.002065 5.838828 0.145981 7
-0.009448 5.903847 0.161540 7
-0.002595 5.963263 0.171329 7
1.658602 5.978715 -0.247014 5
1.611989 6.064146 -0.218964 5
1.596325 6.142474 -0.200169 5
1.782442 6.184409 -0.239593 5
-1.151693 -0.812543 -0.912951 10
-1.376411 -0.219815 -0.733202 10
-1.379897 -0.035982 -0.691904 10
-1.363811 0.108393 -0.663616 10
-1.342778 0.240131 -0.639236 10
-1.286181 0.310407 -0.636206 10
-1.246347 0.406179 -0.623939 10
-1.223003 0.525361 -0.602951 10
-1.148628 0.564013 -0.610896 10
-1.047268 0.562976 -0.633525 10
-1.037610 0.697210 -0.606348 10
-1.024200 0.822490 -0.581999 10
-0.902936 0.794440 -0.615061 10
-0.818575 0.819892 -0.628309 10
-0.832712 0.977804 -0.590853 10
-1.428594 1.891555 -0.259476 2
-1.458153 2.044937 -0.219633 11
-1.479640 2.183743 -0.184790 11
-1.503339 2.321408 -0.149731 11
-1.486410 2.406375 -0.135215 11
-1.475359 2.496595 -0.118278 11
-1.475577 2.597958 -0.096432 12
-1.479824 2.701566 -0.073227 12
-1.483864 2.802540 -0.050666 12
-1.495929 2.909943 -0.024940 12
-1.497547 3.003660 -0.004546 12
-1.447270 3.041175 -0.007989 12
-1.409677 3.091900 -0.005758 12
-1.325042 3.095162 -0.024396 12
-1.267645 3.126827 -0.030804 12
-1.235361 3.183216 -0.026251 12
-1.099115 3.141001 -0.066446 12
-1.008034 3.144097 -0.086724 12
-0.955024 3.183476 -0.090622 12
-0.888806 3.211463 -0.099994 12
-0.826649 3.243810 -0.107546 12
-0.761597 3.274361 -0.116176 12
-0.743151 3.344652 -0.105732 12
-0.674171 3.372739 -0.115853 12
-0.653284 3.440329 -0.106605 12
-0.562079 3.451976 -0.125380 12
-0.552544 3.528125 -0.111777 12
-0.497289 3.568815 -0.116217 12
-0.374746 3.560305 -0.146574 12
-0.453922 3.700173 -0.099182 3
-0.400475 3.742575 -0.102944 3
-0.462450 3.865384 -0.063160 3
-0.349887 3.866919 -0.089243 3
-0.265837 3.889578 -0.104336 3
-0.137066 3.884577 -0.135630 3
-0.119215 3.952604 -0.125949 7
-0.152211 4.051672 -0.097998 7
-0.194173 4.154278 -0.067247 7
-0.151363 4.204485 -0.067175 7
-0.169708 4.290392 -0.045453 7
-0.132201 4.343277 -0.043651 7
-0.424947 4.579030 0.073207 13
-0.446585 4.659838 0.094585 13
-0.479604 4.745325 0.119573 13
-0.459974 4.802134 0.126280 13
-0.409700 4.843342 0.122552 13
-0.402538 4.906224 0.133377 13
-0.405147 4.973273 0.147329 13
-0.405719 5.038661 0.160436 13
-0.391983 5.096925 0.168688 5
-0.433712 5.179368 0.194937 5
-0.420707 5.236747 0.203129 5
-0.380407 5.282478 0.202471 5
-0.339485 5.328350 0.201662 5
-0.317808 5.382222 0.207003 5
-1.722994 5.981931 0.661142 5
-1.799366 6.055923 0.693881 5
-1.762908 6.087225 0.691200 5
-1.771183 6.134603 0.702367 5
-1.744692 6.169732 0.702781 5
-1.690476 6.196075 0.694805 5
0.034620 5.696094 0.183057 7
0.074362 5.746812 0.183203 7
1.625157 6.050106 -0.134546 5
1.631209 6.124354 -0.122174 5
1.713104 6.184841 -0.130790 5
-1.308672 -0.323647 -0.662218 10
-1.327107 -0.112223 -0.613881 10
-1.314942 0.039938 -0.584513 10
-1.322522 0.220014 -0.545128 10
-1.284854 0.320948 -0.531992 10
-1.223271 0.381628 -0.532414 10
-1.183454 0.475376 -0.521307 10
-1.112655 0.520182 -0.527083 10
-1.041770 0.564966 -0.532914 10
-0.996078 0.646426 -0.525728 10
-0.926291 0.692289 -0.531164 10
-0.856599 0.738417 -0.536558 10
-0.907142 0.948347 -0.482039 10
-0.882165 1.051006 -0.466115 10
-1.392370 1.850163 -0.190169 2
-1.491131 2.092495 -0.118607 11
-1.487935 2.199046 -0.097255 11
-1.489148 2.308453 -0.074383 11
-1.487605 2.411882 -0.053370 11
-1.495391 2.523889 -0.028585 11
-1.496653 2.625612 -0.007365 12
-1.496938 2.723890 0.012907 12
-1.493702 2.816067 0.031133 12
-1.516755 2.934860 0.060543 12
-1.482751 2.989876 0.064366 12
-1.465183 3.061569 0.075181 12
-1.392360 3.075602 0.062058 12
-1.309265 3.080500 0.044787 12
-1.253326 3.113649 0.039228 12
-1.172305 3.123104 0.023294 12
-1.121363 3.162390 0.020035 12
-1.023291 3.158342 -0.002455 12
-0.961769 3.189467 -0.009758 12
-0.903585 3.224219 -0.015612 12
-0.796065 3.216543 -0.041004 12
-0.795130 3.302104 -0.023947 12
-0.702748 3.309752 -0.042938 12
-0.668608 3.366827 -0.039051 12
-0.676701 3.457546 -0.019024 12
-0.625860 3.500304 -0.021785 12
-0.532830 3.510900 -0.040430 12
-0.469532 3.545606 -0.047635 12
-0.378739 3.560728 -0.064926 13
-0.402672 3.660414 -0.039695 13
-0.461823 3.783118 -0.002015 3
-0.471018 3.868267 0.016969 3
-0.367250 3.875395 -0.004924 3
-0.270504 3.889140 -0.023953 3
-0.128490 3.875203 -0.058668 7
-0.198125 3.998762 -0.018590 7
-0.132274 4.035143 -0.026267 7
-0.059400 4.068098 -0.036228 7
-0.186428 4.220851 0.022467 7
-0.116035 4.254615 0.013174 7
-0.375454 4.476492 0.115304 13
-0.400745 4.560925 0.137530 13
-0.424181 4.642900 0.158833 13
-0.409764 4.703505 0.167364 13
-0.389453 4.760698 0.173870 13
-0.406676 4.836567 0.192504 13
-0.375988 4.887806 0.195451 13
-0.410770 4.970446 0.219342 13
-0.397816 5.029336 0.227757 13
-0.381770 5.086508 0.235114 13
-0.296785 5.112984 0.220825 5
-0.322250 5.188402 0.241110 5
-0.314239 5.248637 0.250819 5
-0.250123 5.285682 0.243251 5
-0.269939 5.356843 0.261362 5
-0.256419 5.414232 0.269199 5
-1.775360 6.042125 0.736298 5
-1.764655 6.082871 0.741577 5
-1.762494 6.126507 0.749345 5
-1.755223 6.168130 0.755544 5
-1.663276 6.181837 0.737032 5
0.194370 5.637767 0.208134 0
1.630280 6.037703 -0.048139 5
1.672892 6.104892 -0.045629 5
1.659514 6.182718 -0.028273 5
-1.228312 -0.449454 -0.595932 10
-1.308218 -0.129655 -0.515582 10
-1.276627 -0.010506 -0.498288 10
-1.266680 0.141128 -0.470074 10
-1.232954 0.249709 -0.455378 10
-1.193435 0.346417 -0.444268 10
-1.144057 0.425720 -0.438688 10
-1.097825 0.508393 -0.431809 10
-1.029403 0.556731 -0.436381 10
-1.013094 0.680532 -0.415168 10
-0.970727 0.764219 -0.407355 10
-0.876612 0.774601 -0.424870 10
-0.851127 0.879893 -0.409306 10
-0.868609 1.040109 -0.373932 10
-0.894429 1.206682 -0.335583 10
-1.488332 2.094222 -0.036055 11
-1.476182 2.189202 -0.019833 11
-1.500831 2.327220 0.012567 11
-1.478145 2.404556 0.023064 11
-1.468460 2.495829 0.039014 11
-1.479815 2.609463 0.063765 12
-1.489726 2.718662 0.087322 12
-1.499953 2.825588 0.110482 12
-1.489283 2.907280 0.124270 12
-1.470325 2.978614 0.134262 12
-1.482099 3.080897 0.156784 12
-1.379110 3.063462 0.131622 12
-1.311371 3.083766 0.121273 12
-1.243896 3.105274 0.111198 12
-1.177473 3.128717 0.101706 12
-1.083941 3.127440 0.081633 12
-1.043270 3.176956 0.082646 12
-0.942441 3.171811 0.060235 12
-0.879959 3.202844 0.052986 12
-0.805998 3.224568 0.041471 12
-0.806110 3.310613 0.058178 12
-0.721528 3.324349 0.042817 12
-0.663896 3.361618 0.037738 12
-0.673446 3.453370 0.057508 12
-0.570802 3.455196 0.035936 12
-0.526751 3.504179 0.035964 12
-0.483341 3.553762 0.036227 13
-0.462507 3.620142 0.044537 13
-0.488397 3.719774 0.069230 3
-0.511234 3.815284 0.092459 3
-0.456936 3.855463 0.088510 3
-0.467378 3.940122 0.106963 3
-0.289792 3.898446 0.060827 3
-0.169657 3.898191 0.034941 3
-0.162292 3.972054 0.047449 7
-0.140066 4.035864 0.054821 7
-0.140845 4.113309 0.069729 7
-0.128115 4.181746 0.079992 7
-0.122280 4.253618 0.092378 7
-0.115293 4.324102 0.104233 7
-0.306988 4.504196 0.179757 13
-0.409987 4.630401 0.225894 13
-0.391820 4.689051 0.233041 13
-0.352532 4.736514 0.233489 13
-0.315524 4.785396 0.234682 13
-0.331306 4.860452 0.252223 13
-0.293689 4.908846 0.253159 13
-0.312143 4.983695 0.271207 13
-0.301738 5.044327 0.280310 13
-0.308260 5.112095 0.294408 5
-0.280115 5.164162 0.298022 5
-0.253611 5.217004 0.302120 5
-0.224083 5.268671 0.305326 5
-0.303627 5.363715 0.340326 5
-0.334060 5.437508 0.360667 5
-1.733857 6.021756 0.774025 5
-1.761714 6.076849 0.790306 5
-1.772658 6.125036 0.801610 5
-1.778042 6.170762 0.811235 5
-1.680135 6.182057 0.791955 5
1.648522 6.022689 0.034581 5
1.584021 6.110435 0.064601 5
1.648029 6.173165 0.061911 5
-0.994820 -0.845082 -0.608469 10
-1.250917 -0.213348 -0.437570 10
-1.259796 -0.024609 -0.400020 10
-1.241179 0.112478 -0.377765 10
-1.197281 0.204814 -0.369055 10
-1.180622 0.338105 -0.347156 10
-1.122930 0.404354 -0.346173 10
-1.068388 0.474534 -0.343829 10
-1.018010 0.549905 -0.339682 10
-0.932675 0.573560 -0.352335 10
-0.940552 0.730257 -0.321162 10
-0.893352 0.806112 -0.316328 10
-0.995696 1.083935 -0.243341 10
-0.902430 1.092210 -0.260544 10
-0.907882 1.230739 -0.233341 10
-1.509535 2.126550 0.056586 11
-1.484434 2.204362 0.066174 11
-1.474534 2.299397 0.082057 11
-1.475435 2.405321 0.102157 11
-1.482685 2.516210 0.124460 11
-1.479034 2.611831 0.141682 12
-1.500231 2.733446 0.168798 12
-1.475185 2.800726 0.176352 12
-1.486840 2.906885 0.198616 12
-1.488778 3.000209 0.216496 12
-1.488249 3.088970 0.233011 12
-1.409591 3.096037 0.218380 12
-1.283144 3.056623 0.185346 12
-1.207593 3.070496 0.172598 12
-1.166764 3.119036 0.173370 12
-1.074180 3.118604 0.154467 12
-1.013409 3.149451 0.147861 12
-0.245468 2.539569 -0.122137 11
-0.847159 3.173313 0.118464 12
-0.850847 3.263018 0.135918 12
-0.812701 3.315383 0.137885 12
-0.735400 3.334853 0.125739 12
-0.714384 3.401673 0.133867 12
-0.663792 3.444059 0.131408 12
-0.599382 3.475890 0.124157 12
-0.556757 3.525289 0.124606 12
-0.587651 3.630294 0.150380 13
-0.516543 3.657657 0.140899 13
-0.557558 3.767237 0.169570 3
-0.533338 3.828150 0.175873 3
-0.416040 3.824040 0.151082 3
-0.404457 3.894156 0.161653 4
-0.277671 3.886900 0.134316 3
-0.144453 3.878047 0.105355 3
-0.112217 3.936246 0.109460 7
-0.109583 4.012774 0.123005 7
-0.137309 4.106890 0.146011 7
-0.062929 4.138479 0.136531 7
-0.042791 4.202734 0.144191 7
-0.061310 4.288625 0.163761 7
0.029123 4.312588 0.149548 7
-0.287030 4.558840 0.259739 13
-0.309657 4.640541 0.279355 13
-0.312284 4.710565 0.292705 13
-0.326732 4.785768 0.309427 13
-0.249588 4.814793 0.298825 13
-0.290213 4.901606 0.323043 13
-0.253891 4.950742 0.324509 13
-0.231006 5.006247 0.329898 13
-0.177847 5.048231 0.326567 13
-0.200028 5.123448 0.344827 5
-0.138203 5.162218 0.339101 5
-0.231305 5.265240 0.377043 5
-0.130613 5.288517 0.360454 5
-0.173971 5.369199 0.384042 5
-1.698034 6.003440 0.814095 5
-1.726759 6.059204 0.830127 5
-1.723554 6.102727 0.837332 5
-1.714178 6.143884 0.842826 5
-1.691988 6.180693 0.844875 5
-1.593164 6.193193 0.826663 5
0.297582 5.654406 0.337953 5
0.447317 5.674705 0.310583 5
0.427918 5.746372 0.327492 5
1.699400 6.001022 0.109344 5
1.651623 6.086013 0.134422 5
1.664921 6.158498 0.144578 5
-0.948916 -0.908774 -0.514893 10
-1.202677 -0.281187 -0.353175 10
-1.238394 -0.046419 -0.304137 10
-1.213387 0.080096 -0.286277 10
-1.191005 0.207321 -0.267787 10
-1.145844 0.295181 -0.260772 10
-1.108519 0.393343 -0.250396 10
-1.044360 0.448876 -0.252867 10
-1.026468 0.572338 -0.234201 10
-0.975863 0.645378 -0.230917 10
-0.983179 0.799301 -0.201914 10
-0.972287 0.923641 -0.181747 10
-0.983304 1.074571 -0.152573 10
-0.978489 1.200274 -0.130992 10
-0.981379 1.332855 -0.106689 10
-1.497243 2.116081 0.133653 11
-1.483423 2.207898 0.147406 11
-1.478910 2.309146 0.164651 11
-1.479211 2.413845 0.183444 11
-1.477885 2.514174 0.201136 11
-1.475509 2.611017 0.217997 12
-1.473403 2.706033 0.234579 12
-1.479185 2.807723 0.253885 12
-1.470412 2.891303 0.267120 12
-1.477974 2.990655 0.286347 12
-1.467078 3.068541 0.298145 12
-1.390770 3.078188 0.285024 12
-1.331179 3.105901 0.278380 12
-1.268241 3.130958 0.270607 2
-1.203008 3.154564 0.262125 2
-1.214741 3.251660 0.281739 2
-0.923746 3.066613 0.192057 12
-0.881856 3.116612 0.192819 12
-0.832358 3.159780 0.190877 12
-0.836857 3.250214 0.207880 12
-0.705797 3.223237 0.177532 12
-0.694206 3.299284 0.188828 12
-0.671921 3.365528 0.196288 12
-0.639703 3.423151 0.200273 12
-0.652911 3.516258 0.219432 12
-0.553591 3.520844 0.200878 12
-0.506113 3.566487 0.199742 12
-0.435072 3.594937 0.190945 4
-0.529025 3.743966 0.235797 3
-0.495606 3.798582 0.238991 3
-0.438832 3.836850 0.234715 3
-0.384000 3.877022 0.231152 3
-0.284667 3.888089 0.213724 3
-0.135971 3.868786 0.181254 3
-0.090642 3.918561 0.181243 3
0.037958 3.916648 0.155781 7
0.000545 4.018551 0.181186 7
-0.001194 4.097192 0.195487 7
0.047319 4.145551 0.194588 7
-0.183851 4.497842 0.302272 13
-0.295972 4.628276 0.347321 13
-0.248881 4.672560 0.345960 13
-0.237158 4.735194 0.354766 13
-0.280446 4.824567 0.379065 13
-0.219553 4.862046 0.373789 13
-0.290737 4.962322 0.405470 13
-0.180406 4.977251 0.386521 13
-0.158180 5.033430 0.392112 13
-0.125316 5.084917 0.394786 13
-0.117552 5.147174 0.404276 5
-0.229463 5.258140 0.445804 5
-0.038775 5.245314 0.406199 5
-0.037675 5.309755 0.417369 5
-0.300924 5.473114 0.497781 5
-1.676898 6.036057 0.866694 5
-1.696824 6.088233 0.879807 5
-1.674791 6.125255 0.882024 5
-1.700473 6.178269 0.896409 5
-1.573701 6.181500 0.872139 5
-0.423904 5.870023 0.591910 5
0.331756 5.700915 0.414013 5
0.389136 5.749098 0.411258 5
0.391572 5.813375 0.422103 5
1.707516 5.988034 0.194826 5
1.621367 6.080533 0.227975 5
1.658419 6.148161 0.232589 5
-1.139701 -0.374144 -0.274430 10
-1.174953 -0.138826 -0.227967 10
-1.188396 0.052368 -0.193058 10
-1.135009 0.129881 -0.189918 10
-1.116718 0.261226 -0.171082 10
-1.080818 0.361873 -0.160740 10
-1.053456 0.473104 -0.147001 10
-0.997376 0.539333 -0.146260 10
-0.975379 0.653960 -0.130933 10
-0.996766 0.827107 -0.097564 10
-0.983650 0.947373 -0.079611 10
-1.011746 1.120514 -0.044981 10
-1.012442 1.252190 -0.022502 10
-1.018915 1.387976 0.001758 10
-1.493154 2.116055 0.213930 11
-1.479070 2.207230 0.226785 11
-1.463498 2.294655 0.238729 11
-1.461198 2.396217 0.255554 11
-1.476246 2.515836 0.278688 11
-1.456583 2.592453 0.288043 12
-1.440555 2.671842 0.298551 12
-1.455639 2.784222 0.320472 12
-1.461206 2.883556 0.338403 12
-1.417657 2.928455 0.337926 12
-1.458010 3.060732 0.367951 12
-1.407459 3.096628 0.364644 12
-1.343418 3.119289 0.356576 2
-1.397287 3.258563 0.390319 2
-1.333727 3.281037 0.382315 2
-1.251783 3.286985 0.368077 2
-1.188534 3.311734 0.360525 6
-1.168224 3.376223 0.367737 6
-0.892294 3.212693 0.288538 12
-0.785222 3.204604 0.267248 12
-0.734113 3.246559 0.264900 12
-0.665675 3.274304 0.256911 12
-0.639232 3.337386 0.262761 12
-0.627584 3.411861 0.273307 12
-0.627222 3.494269 0.287308 12
-0.536829 3.505914 0.272506 12
-0.387112 3.474297 0.239301 13
-0.484267 3.628930 0.283759 13
-0.447582 3.682299 0.286069 13
-0.396323 3.725265 0.283899 3
-0.479487 3.862126 0.322734 3
-0.381577 3.872161 0.306282 3
-0.286908 3.886134 0.291109 3
-0.196064 3.904269 0.277361 3
-0.136483 3.943899 0.273094 3
0.068460 3.893415 0.226447 3
0.123365 3.939208 0.224109 3
-0.233940 4.590287 0.401929 13
-0.231679 4.658460 0.413208 13
-0.202067 4.712093 0.416930 13
-0.128700 4.744111 0.408842 13
-0.080533 4.789393 0.407701 13
-0.081674 4.858358 0.419759 13
-0.136671 4.951321 0.445914 13
-0.094603 4.999013 0.446326 13
-0.067531 5.053606 0.450703 13
-0.010599 5.095610 0.447393 5
0.095049 5.251405 0.454661 5
-1.670494 6.028720 0.915037 5
-1.691828 6.081410 0.928060 5
-1.685024 6.123617 0.934077 5
-1.664799 6.161184 0.936814 5
-1.597843 6.183828 0.928342 5
-0.461245 5.874590 0.664915 5
0.368196 5.681779 0.478348 5
0.386266 5.741556 0.485327 5
0.377649 5.808771 0.498525 5
0.526249 5.833153 0.475280 5
1.682264 6.057267 0.300504 5
1.658855 6.136600 0.318564 5
1.800486 6.186015 0.300969 5
-1.010370 -0.580586 -0.223733 10
-1.107789 -0.237192 -0.151349 10
-1.136516 -0.019406 -0.111418 10
-1.110931 0.103843 -0.096381 10
-1.086352 0.225383 -0.081421 10
-1.066229 0.350588 -0.065056 10
-1.019856 0.433041 -0.060248 10
-0.981958 0.526497 -0.052139 10
-0.986599 0.679337 -0.026847 10
-0.982384 0.815347 -0.005830 10
-0.996595 0.973196 0.022014 10
-0.984127 1.090452 0.038567 10
-0.996963 1.238432 0.064608 10
-0.990612 1.357445 0.082568 10
-1.475848 2.099183 0.288746 11
-1.460449 2.188749 0.300377 11
-1.464528 2.300259 0.319038 11
-1.459942 2.398667 0.334051 11
-1.441463 2.478568 0.343609 11
-1.449621 2.587664 0.362644 12
-1.438051 2.671906 0.374159 12
-1.449493 2.779974 0.393636 12
-1.429820 2.851762 0.401715 12
-1.433341 2.947070 0.417740 12
-1.433135 3.036451 0.432153 12
-1.372922 3.062722 0.425682 12
-1.363532 3.140551 0.436611 2
-1.359566 3.222368 0.449160 2
-1.368577 3.315183 0.465810 2
-1.242403 3.278493 0.437449 6
-1.260269 3.378224 0.456813 6
-1.202642 3.407323 0.451320 6
-1.119045 3.413942 0.437578 6
-0.782024 3.201202 0.343256 12
-0.693965 3.211404 0.329327 12
-0.599178 3.217525 0.313554 12
-0.616402 3.317327 0.332878 12
-0.593648 3.383024 0.339580 12
-0.527102 3.413613 0.332824 12
-0.504151 3.478690 0.339412 12
-0.434216 3.507680 0.331817 12
-0.369802 3.541694 0.326030 12
-0.355827 3.613080 0.335266 13
-0.271664 3.633817 0.323844 13
-0.324903 3.751553 0.352542 3
-0.231247 3.766506 0.338521 3
-0.124676 3.774466 0.321090 3
-0.172115 3.884969 0.347612 3
-0.035995 3.875815 0.322193 3
0.335575 3.722231 0.231640 13
0.424317 3.750767 0.220774 13
0.367897 4.029034 0.276650 13
0.412869 4.083285 0.277754 13
0.318449 4.213870 0.315920 13
-0.134739 4.532397 0.448045 13
-0.164975 4.618591 0.467639 13
-0.108262 4.659127 0.464458 13
-0.112670 4.730641 0.477119 13
-0.010890 4.750022 0.462564 13
0.027493 4.801070 0.464364 13
-0.040835 4.901393 0.493016 13
-0.060955 5.044510 0.520417 13
-1.634264 6.010433 0.956291 5
-1.655976 6.063604 0.969005 5
-1.639088 6.102636 0.972635 5
-1.624744 6.142565 0.976865 5
-1.588022 6.175256 0.975992 5
-1.473877 6.184230 0.957671 5
0.332556 5.684346 0.559445 5
0.380350 5.734944 0.559697 5
0.478550 5.772004 0.548917 5
0.533507 5.822430 0.547917 5
1.657105 6.050920 0.391918 5
1.658214 6.125287 0.404416 5
1.764584 6.180620 0.395438 5
-1.061502 -0.300315 -0.063565 10
-1.086843 -0.087370 -0.027282 10
-1.078234 0.064041 -0.006117 10
-1.046299 0.174430 0.004857 10
-1.030847 0.307409 0.022114 10
-1.018887 0.442022 0.040248 10
-0.990386 0.548690 0.051330 10
-1.002640 0.711542 0.077960 10
-0.995198 0.841896 0.096305 10
-0.989745 0.971608 0.114920 10
-0.975002 1.085424 0.129552 10
-0.978776 1.221086 0.150702 10
-0.974424 1.342666 0.168343 10
-1.457895 2.081499 0.363464 11
-1.470273 2.205720 0.384425 11
-1.440466 2.275194 0.389851 11
-1.428268 2.364690 0.401358 11
-1.401264 2.434982 0.407425 11
-1.410384 2.545750 0.425856 12
-1.387700 2.618016 0.432999 12
-1.418212 2.747940 0.458042 12
-1.422314 2.845861 0.473708 12
-1.414522 2.929005 0.485105 12
-1.389870 2.993025 0.490721 12
-1.362901 3.053865 0.495473 12
-1.348965 3.127072 0.504352 2
-1.357215 3.220905 0.520182 2
-1.350496 3.298372 0.530974 2
-1.275058 3.309666 0.519957 6
-1.278094 3.394832 0.533618 6
-1.210271 3.414127 0.525156 6
-1.106524 3.402459 0.505862 6
-0.780088 3.198902 0.419346 12
-0.748712 3.257328 0.423136 12
-0.646742 3.256259 0.405837 12
-0.610733 3.311350 0.408366 12
-0.592375 3.380454 0.416056 12
-0.589904 3.461350 0.428265 12
-0.479830 3.457909 0.409308 12
-0.389692 3.471756 0.396407 12
-0.356354 3.529274 0.399852 12
-0.272534 3.549930 0.389108 12
-0.217038 3.592074 0.386480 12
-0.181153 3.648368 0.389363 13
-0.136680 3.698725 0.389899 13
-0.128977 3.773823 0.400469 13
0.094319 3.707152 0.352853 13
0.213845 3.712071 0.333801 13
-0.065127 3.968672 0.420713 13
0.286396 3.830611 0.340582 13
0.263831 3.925082 0.359333 13
0.099930 4.100745 0.414395 13
-0.044828 4.260213 0.463731 13
-0.066827 4.346370 0.481119 13
-0.072795 4.422373 0.494256 13
-0.132102 4.525904 0.520610 13
-0.081885 4.570077 0.519425 13
0.010303 4.593403 0.508004 13
0.061589 4.638589 0.506841 13
0.126669 4.677636 0.502440 13
0.360802 4.637711 0.457560 13
-1.616911 6.044582 1.009910 5
-1.638659 6.097327 1.022113 5
-1.589372 6.125437 1.018705 5
-1.565352 6.162508 1.020898 5
-1.493070 6.184640 1.012784 5
-0.569929 5.949956 0.823844 5
-0.639270 6.025073 0.847548 5
0.413502 5.781812 0.636141 5
0.437755 5.839702 0.641811 5
0.687199 5.838908 0.601177 5
1.620947 6.046890 0.484565 5
1.607892 6.123444 0.499551 5
1.725483 6.175956 0.489358 5
-1.024322 -0.348050 0.029209 10
-1.040043 -0.150451 0.059472 10
-1.049545 0.030729 0.086424 10
-1.028475 0.158366 0.100769 10
-1.010476 0.287301 0.115844 10
-0.991693 0.411637 0.130174 10
-0.979721 0.542768 0.146631 10
-0.974957 0.680805 0.165297 10
-0.963638 0.805905 0.181076 10
-0.964458 0.944580 0.200822 10
-0.966658 1.081432 0.220571 10
-0.970007 1.216209 0.240245 10
-1.388056 1.885013 0.404357 2
-1.430360 2.051654 0.435052 11
-1.400236 2.123227 0.440296 11
-1.415568 2.249133 0.460796 11
-1.416066 2.354035 0.475884 11
-1.388815 2.423974 0.481443 11
-1.379548 2.513532 0.492784 11
-1.412730 2.649108 0.517692 12
-1.378337 2.706435 0.520348 12
-1.386795 2.809618 0.536613 12
-1.393073 2.908155 0.551876 12
-1.366703 2.970549 0.556639 12
-1.373138 3.065688 0.571484 12
-1.347320 3.126530 0.576158 2
-1.368391 3.232715 0.595018 2
-1.339550 3.288427 0.598504 2
-1.256771 3.292764 0.585836 2
-1.215272 3.336827 0.585631 6
-1.147861 3.357401 0.577853 6
-0.844012 3.168659 0.501516 12
-0.787920 3.205121 0.497931 12
-0.709954 3.223359 0.488195 12
-0.646124 3.254653 0.482663 12
-0.591256 3.294036 0.479779 12
-0.533040 3.331160 0.476053 12
-0.523177 3.406970 0.485768 12
-0.488638 3.462726 0.488615 12
-0.355426 3.443575 0.464712 12
-0.383351 3.546864 0.484575 12
-0.240929 3.524281 0.458756 12
-0.173624 3.558269 0.453278 13
-0.173771 3.640117 0.465627 13
-0.143065 3.699772 0.469813 13
-0.088197 3.743068 0.467767 13
-0.086585 3.821702 0.479431 13
-0.085246 3.899525 0.491040 13
-0.107925 3.991435 0.508564 13
-0.100465 4.063288 0.518360 13
-0.086433 4.130470 0.526444 13
-0.100622 4.213670 0.541392 13
-0.115385 4.295953 0.556313 13
-0.084319 4.351333 0.560015 13
-0.106437 4.435813 0.576462 13
-0.023402 4.462705 0.567776 13
-0.052630 4.549546 0.585736 13
-0.020079 4.603415 0.589072 13
0.260486 4.533960 0.535033 13
-1.571529 6.023216 1.050247 5
-1.595231 6.077085 1.062477 5
-1.605497 6.125585 1.071820 5
-1.544290 6.150246 1.066488 5
-1.500141 6.181299 1.064791 5
-0.685842 5.978386 0.908501 5
-0.640767 6.018628 0.908185 5
0.399697 5.777302 0.711437 5
0.451579 5.827357 0.711726 5
0.508701 5.876746 0.711138 5
0.696251 5.894061 0.685618 5
1.605717 5.964682 0.559968 5
1.596447 6.040664 0.573923 5
1.592607 6.115097 0.586831 5
1.695169 6.169864 0.580481 5
-0.947494 -0.461766 0.107871 10
-0.993695 -0.212623 0.147753 10
-0.987152 -0.056302 0.167042 10
-0.980123 0.094634 0.185593 10
-0.978861 0.250025 0.205700 10
-0.979817 0.404223 0.226050 10
-0.984905 0.560048 0.247319 10
-0.944697 0.646415 0.252241 10
-0.972823 0.827232 0.280565 10
-0.969480 0.959311 0.297479 10
-0.946945 1.062088 0.307504 10
-0.941134 1.184749 0.322856 10
-1.364441 1.860069 0.479587 2
-1.400964 2.019484 0.506593 11
-1.383401 2.107029 0.515523 11
-1.396231 2.229875 0.533983 11
-1.381942 2.317182 0.543461 11
-1.386620 2.424979 0.558690 11
-1.384837 2.522831 0.571605 11
-1.355565 2.587597 0.575806 12
-1.374609 2.704870 0.594647 12
-1.354701 2.777106 0.601375 12
-1.356816 2.871596 0.614564 12
-1.371413 2.977095 0.631209 12
-1.346603 3.039969 0.635998 12
-1.351646 3.131959 0.649387 2
-1.315116 3.181271 0.650578 2
-1.306210 3.256935 0.659648 2
-1.258642 3.294882 0.657648 2
-1.192738 3.316096 0.650572 2
-1.084355 3.299678 0.631857 2
-0.833524 3.158966 0.574308 12
-0.781767 3.199150 0.572105 12
-0.714061 3.226022 0.565667 12
-0.629045 3.239256 0.554743 12
-0.559026 3.266244 0.548037 12
-0.521808 3.320567 0.550132 12
-0.440899 3.340280 0.540833 12
-0.404248 3.395485 0.543202 12
-0.390039 3.467569 0.551344 12
-0.290640 3.475610 0.537730 12
-0.187387 3.482656 0.523434 12
-0.113976 3.512864 0.516909 12
-0.077692 3.569978 0.519768 13
-0.100709 3.667534 0.537234 13
-0.087851 3.739328 0.545729 13
-0.072695 3.808920 0.553600 13
-0.073508 3.888143 0.565245 13
-0.093435 3.978337 0.581319 13
-0.049637 4.027916 0.582178 13
-0.036566 4.096186 0.590290 13
-0.034292 4.170236 0.600856 13
0.011849 4.218285 0.601244 13
-0.043394 4.323567 0.624837 13
0.189160 4.268797 0.583038 13
0.246195 4.313139 0.581395 13
0.175695 4.424832 0.608244 13
-1.531426 6.003657 1.092546 5
-1.564160 6.061065 1.106130 5
-1.526564 6.093651 1.105922 5
-1.513572 6.134788 1.110547 5
-1.486186 6.171340 1.112443 5
-1.426558 6.198314 1.108311 5
-0.645983 6.013310 0.969274 5
0.487042 5.744045 0.767374 5
0.457886 5.817065 0.783098 5
0.493792 5.871927 0.786832 5
0.539513 5.924685 0.788885 5
1.574938 5.960270 0.649930 5
1.553426 6.038306 0.665626 5
1.550233 6.112056 0.678105 5
1.686495 6.159950 0.666962 5
-0.961325 -0.251865 0.242305 10
-0.969079 -0.072475 0.265127 10
-0.968498 0.088330 0.284462 10
-0.943805 0.207572 0.295078 10
-0.944949 0.362440 0.314063 10
-0.943738 0.509427 0.331777 10
-0.917346 0.616254 0.340772 10
-0.905169 0.740626 0.354140 10
-0.945473 0.934065 0.384042 10
-0.911286 1.021280 0.389586 10
-0.914913 1.156832 0.406878 10
-1.370759 1.873874 0.564560 2
-1.360327 1.973103 0.575318 2
-1.359772 2.082399 0.588854 11
-1.359882 2.189911 0.602308 11
-1.370036 2.306901 0.618489 11
-1.371541 2.410885 0.631789 11
-1.350363 2.486466 0.638182 11
-1.337712 2.570388 0.646931 12
-1.364105 2.695820 0.666741 12
-1.332483 2.755303 0.669669 12
-1.307156 2.820839 0.674329 12
-1.284408 2.888210 0.679640 12
-1.324463 3.018745 0.702254 12
-1.294620 3.075997 0.705305 12
-1.199700 3.068875 0.690640 12
-1.207653 3.162705 0.703970 2
-1.184044 3.224856 0.708666 2
-1.167242 3.292627 0.715111 2
-0.859325 3.095430 0.645180 12
-0.788693 3.118726 0.638164 12
-0.799911 3.214369 0.652386 12
-0.682262 3.197991 0.633517 12
-0.634536 3.242776 0.632714 12
-0.559473 3.265291 0.625120 12
-0.445893 3.257875 0.608136 12
-0.438419 3.336540 0.617651 12
-0.416421 3.402900 0.623513 12
-0.354998 3.438791 0.619787 12
-0.292138 3.474271 0.615845 12
-0.181612 3.475757 0.600687 12
-0.166961 3.547716 0.608492 12
-0.030986 3.534226 0.587840 13
-0.022110 3.610472 0.597111 13
-0.053855 3.713068 0.615653 13
-0.085507 3.813641 0.633941 13
-0.010396 3.843792 0.627851 13
0.042279 3.889101 0.626982 13
0.041996 3.967409 0.637996 13
1.070149 3.426525 0.422109 6
0.209183 4.022563 0.623061 13
-1.543499 6.048629 1.152278 5
-1.523633 6.087329 1.155592 5
-1.494952 6.123244 1.157358 5
-1.442286 6.151842 1.154906 5
-1.437801 6.196068 1.161147 5
-0.730827 6.031655 1.044029 5
-0.675828 6.068419 1.042622 5
0.457825 5.808539 0.855484 5
0.506121 5.859948 0.857296 5
0.563787 5.909607 0.857663 5
0.608006 5.963397 0.860451 5
0.866721 5.967431 0.827792 5
1.485818 5.968489 0.748407 5
1.505734 6.037066 0.756831 5
1.431256 6.124060 0.780358 5
1.542442 6.175048 0.774342 5
1.726236 6.215299 0.757339 5
-0.878910 -0.372353 0.321088 10
-0.925009 -0.129985 0.354852 10
-0.931275 0.042158 0.374928 10
-0.899134 0.150561 0.382246 10
-0.904678 0.312681 0.401217 10
-0.883958 0.431719 0.411537 10
-0.890892 0.587425 0.430111 10
-0.878208 0.711253 0.442267 10
-0.889794 0.865353 0.461456 10
-0.873289 0.977391 0.471830 10
-0.868169 1.101887 0.485332 10
-1.339320 1.838837 0.637802 2
-1.341297 1.954159 0.651377 2
-1.326782 2.046173 0.659948 11
-1.325933 2.152917 0.672224 11
-1.329621 2.262603 0.685535 11
-1.314839 2.348106 0.693453 11
-1.320283 2.455176 0.706799 11
-1.302971 2.534193 0.713692 11
-1.287424 2.613786 0.720946 12
-1.264472 2.683986 0.726099 12
-1.295265 2.810171 0.745431 12
-1.290903 2.896624 0.755190 12
-1.270557 2.965128 0.760634 12
-1.277921 3.060397 0.773156 12
-1.194971 3.065096 0.762394 12
-1.126082 3.084837 0.755422 12
-1.025589 3.075732 0.740678 12
-0.943839 3.086076 0.730900 12
-0.872599 3.107349 0.723930 12
-0.807262 3.134877 0.718572 12
-0.715246 3.139925 0.706895 12
-0.632741 3.154798 0.697758 12
-0.590211 3.204535 0.698350 12
-0.526630 3.236981 0.694024 12
-0.479020 3.283005 0.693568 12
-0.433715 3.331047 0.693719 12
-0.372147 3.366638 0.690195 12
-0.237436 3.347392 0.670134 12
-0.191816 3.397255 0.670616 12
-0.154962 3.453659 0.673130 12
-0.029699 3.446890 0.656049 12
0.045165 3.477853 0.650436 12
0.203337 3.452811 0.626824 12
0.048277 3.641107 0.671482 13
0.104652 3.685188 0.670109 13
1.002055 3.189493 0.489979 2
0.998711 3.283661 0.502967 6
1.032858 3.353534 0.508008 6
1.090732 3.408938 0.508161 6
1.157396 3.459623 0.506624 6
-1.429899 6.003492 1.182793 5
-1.447559 6.056099 1.192725 5
-1.468687 6.109147 1.203169 5
-1.466786 6.154081 1.209683 5
-1.375287 6.171107 1.201363 5
-1.291722 6.192141 1.194623 5
-0.663192 6.057922 1.099705 5
0.574303 5.767738 0.908929 5
0.609542 5.823656 0.913343 5
0.636812 5.881981 0.919112 5
0.663664 5.940618 0.925024 5
0.836377 5.965032 0.908502 5
0.880965 6.021572 0.912093 5
1.426123 5.970654 0.840151 5
1.417929 6.044256 0.852707 5
1.415958 6.116159 0.864315 5
1.436741 6.183494 0.872587 5
1.679012 6.211994 0.848850 5
-0.794938 -0.494989 0.402361 10
-0.879776 -0.189186 0.445493 10
-0.849644 -0.072922 0.453000 10
-0.862705 0.106230 0.473143 10
-0.863731 0.262028 0.489259 10
-0.850679 0.392861 0.500889 10
-0.831991 0.512270 0.510617 10
-0.836066 0.660672 0.526603 10
-0.819253 0.776391 0.536343 10
-0.823936 0.918314 0.551869 10
-0.826602 1.053857 0.566511 10
-0.779542 1.121751 0.567248 10
-1.220943 1.807012 0.700280 2
-1.308625 2.028394 0.735826 11
-1.285922 2.108596 0.741366 11
-1.285842 2.214349 0.752759 11
-1.269234 2.298374 0.759641 11
-1.277197 2.409007 0.772747 11
-1.258000 2.486531 0.778684 11
-1.243972 2.568456 0.785840 12
-1.237068 2.656624 0.794675 12
-1.255612 2.770076 0.809699 12
-1.226789 2.831617 0.812814 12
-1.254887 2.950525 0.829794 12
-1.219200 3.002777 0.831079 12
-1.225122 3.095521 0.842348 12
-1.114790 3.074586 0.825851 12
-1.032117 3.082256 0.816200 12
-0.967111 3.107726 0.810888 12
-0.856279 3.092422 0.795126 12
-0.756255 3.089137 0.782171 12
-0.704126 3.129618 0.780377 12
-0.591472 3.118650 0.765048 12
-0.594104 3.206717 0.775774 12
-0.448714 3.171600 0.753638 12
-0.409980 3.225809 0.755340 12
-0.367294 3.276795 0.756224 12
-0.290820 3.301654 0.749888 12
-0.214218 3.327513 0.743711 12
-0.138987 3.355483 0.738012 12
0.012375 3.329010 0.716516 12
-0.021095 3.437799 0.733938 12
0.184797 3.377006 0.701776 12
0.160824 3.478476 0.717267 12
0.419356 3.388595 0.675323 12
0.936515 3.134959 0.582240 12
1.022061 3.172077 0.576858 2
1.062764 3.238597 0.580542 6
1.048722 3.338800 0.595001 6
1.115612 3.388748 0.593630 6
-1.400245 6.034526 1.236081 5
-1.408242 6.083677 1.244102 5
-1.413806 6.131565 1.251711 5
-1.401536 6.173507 1.256553 5
-1.295069 6.187214 1.247092 5
-0.771041 6.082221 1.175069 5
0.755347 5.842436 0.975412 5
0.683574 5.926560 0.995846 5
0.752079 5.975562 0.996020 5
0.845366 6.019991 0.992908 5
1.369617 6.043551 0.940905 5
1.310644 6.126094 0.960008 5
1.367652 6.185435 0.963273 5
1.518040 6.229051 0.954259 5
-0.584297 -0.822409 0.450455 10
-0.824139 -0.264720 0.534526 10
-0.837192 -0.080320 0.553292 10
-0.829963 0.067603 0.566004 10
-0.820301 0.207796 0.577748 10
-0.831669 0.374876 0.594916 10
-0.777156 0.443088 0.594048 10
-0.782423 0.594108 0.609042 10
-0.771094 0.718282 0.619363 10
-0.758262 0.837432 0.629082 10
-0.743766 0.951602 0.638178 10
-0.745677 1.084361 0.651281 10
-0.766631 1.237905 0.668944 10
-0.735793 1.323159 0.673331 10
-1.247426 2.066174 0.811951 11
-1.227194 2.148440 0.817533 11
-1.221190 2.245849 0.826486 11
-1.217863 2.344272 0.835940 11
-1.208685 2.434034 0.843849 11
-1.183578 2.504500 0.847881 11
-1.224942 2.645787 0.867426 12
-1.219492 2.733750 0.875794 12
-1.196042 2.801328 0.879912 12
-1.178508 2.874044 0.885342 12
-1.173628 2.958328 0.893573 12
-1.193531 3.065393 0.907243 12
-1.137947 3.097464 0.903986 12
-1.009150 3.060959 0.884754 12
-0.929949 3.073470 0.876713 12
-0.837045 3.074851 0.865913 12
-0.760777 3.092795 0.858921 12
-0.686824 3.113917 0.852605 12
-0.594895 3.120725 0.842688 12
-0.529353 3.151322 0.838510 12
-0.480294 3.196240 0.837881 12
-0.405391 3.220547 0.832048 12
-0.314771 3.233490 0.823206 12
-0.284227 3.294522 0.826682 12
-0.141523 3.270047 0.807823 12
-0.141735 3.355035 0.817621 12
0.057155 3.293590 0.788343 12
0.158362 3.306624 0.778636 12
0.193350 3.367772 0.781943 12
0.414708 3.300970 0.749745 12
0.462334 3.355964 0.751068 12
1.013229 3.080224 0.658167 12
1.110802 3.110399 0.651227 6
1.063183 3.233558 0.671268 2
1.323309 3.164500 0.634936 2
1.150167 3.362697 0.677734 6
-1.325786 6.003532 1.276449 5
-1.356864 6.061082 1.287649 5
-1.399978 6.121526 1.300478 5
-1.341162 6.149029 1.298699 5
-1.261177 6.171112 1.294123 5
-0.857056 6.100490 1.244743 5
-0.765528 6.125477 1.239557 5
0.915090 5.791894 1.028727 5
0.731191 5.905564 1.063266 5
0.753424 5.965892 1.070172 5
0.824739 6.015110 1.070783 5
0.915588 6.061175 1.069115 5
0.996998 6.110726 1.068936 5
1.316592 6.114252 1.039181 5
1.405678 6.167380 1.038946 5
1.422683 6.234889 1.047815 5
-0.764110 -0.346988 0.624207 10
-0.777658 -0.160671 0.641363 10
-0.773845 -0.006398 0.653694 10
-0.774587 0.150302 0.666906 10
-0.760914 0.281616 0.676223 10
-0.760746 0.428839 0.688694 10
-0.707840 0.498439 0.687958 10
-0.702151 0.631844 0.698722 10
-0.680987 0.741149 0.705554 10
-0.698473 0.898892 0.721484 10
-0.664839 0.986503 0.725045 10
-0.669632 1.121158 0.737548 10
-0.667082 1.243402 0.748135 10
-1.213542 2.029408 0.884621 11
-1.200115 2.120200 0.891222 11
-1.207461 2.233448 0.902412 11
-1.186790 2.311964 0.907172 11
-1.194977 2.421568 0.918264 11
-1.167092 2.488951 0.921282 11
-1.161064 2.579062 0.929035 12
-1.151104 2.663269 0.935844 12
-1.147708 2.752785 0.943976 12
-1.159536 2.856103 0.955230 12
-1.144199 2.930032 0.960639 12
-1.172113 3.045244 0.974989 12
-1.116078 3.077038 0.971854 12
-1.027163 3.078312 0.962121 12
-0.951217 3.093265 0.955241 12
-0.810064 3.050251 0.935473 12
-0.748315 3.081342 0.931897 12
-0.686331 3.112880 0.928406 12
-0.694429 3.205045 0.938731 2
-0.614957 3.222061 0.932004 2
-0.462177 3.180015 0.911411 12
-0.348728 3.173284 0.898738 12
-0.257397 3.186320 0.890541 12
-0.225512 3.246987 0.893682 12
-0.085941 3.225534 0.876923 12
0.005560 3.242862 0.869377 12
0.043686 3.300642 0.871771 12
0.182279 3.286496 0.856117 12
0.417402 3.207569 0.823603 12
0.498742 3.239740 0.819009 12
0.549774 3.293409 0.819935 12
0.901114 3.149689 0.768743 12
1.082252 3.124202 0.747932 12
1.198158 3.143645 0.738772 12
-1.315663 6.041765 1.333646 5
-1.279890 6.077131 1.335451 5
-1.297328 6.129576 1.344298 5
-1.271354 6.168244 1.347506 5
-1.188540 6.190593 1.343555 5
-0.907411 6.158601 1.314893 5
0.896819 5.922090 1.127157 5
0.869245 5.995309 1.140311 5
0.891446 6.056690 1.147580 5
0.910698 6.118830 1.155278 5
1.204885 6.125984 1.131726 5
1.291044 6.178301 1.132476 5
1.380627 6.231421 1.133135 5
-0.660038 -0.498606 0.705314 10
-0.723394 -0.232646 0.732640 10
-0.745376 -0.038320 0.749681 10
-0.742410 0.113029 0.760570 10
-0.723217 0.236628 0.767504 10
-0.684301 0.329133 0.769804 10
-0.691975 0.484894 0.782602 10
-0.643525 0.559691 0.782600 10
-0.607833 0.650581 0.785445 10
-0.586052 0.758126 0.791314 10
-0.563099 0.861913 0.796844 10
-0.573617 1.005854 0.809520 10
-0.532075 1.081742 0.810869 10
-0.550275 1.229129 0.824880 10
-1.130479 2.041365 0.956610 11
-1.143362 2.162290 0.968025 11
-1.122347 2.241508 0.972289 11
-1.134646 2.356791 0.983323 11
-1.131290 2.452153 0.991036 11
-1.099521 2.514914 0.992960 11
-1.085316 2.595591 0.998392 12
-1.087412 2.691846 1.006992 12
-1.081154 2.777647 1.013864 12
-1.093019 2.880012 1.024179 12
-1.073852 2.949783 1.028418 12
-1.053642 3.017614 1.032445 12
-1.023162 3.074902 1.034529 12
-0.940947 3.083886 1.026976 12
-0.819402 3.058601 1.012339 12
-0.778760 3.108068 1.012883 12
-0.709370 3.132382 1.008263 12
-0.700192 3.209146 1.014662 2
-0.638547 3.240793 1.011650 2
-0.548825 3.250002 1.003800 2
-0.535831 3.322691 1.009650 6
-0.365363 3.269920 0.988076 2
-0.118232 3.161749 0.953753 12
-0.051327 3.196921 0.950954 12
0.088494 3.178522 0.935955 12
0.156112 3.215781 0.933457 12
0.208336 3.264820 0.933679 12
0.309664 3.279750 0.925915 2
0.530825 3.214104 0.898831 2
0.689011 3.195910 0.882562 12
0.950481 3.112919 0.850154 12
1.104017 3.105596 0.835636 12
-1.253246 6.015247 1.377929 5
-1.283212 6.072470 1.387953 5
-1.211859 6.096952 1.385878 5
-1.202432 6.141418 1.391277 5
-1.170249 6.179123 1.394080 5
-0.955268 6.165550 1.376088 5
0.997818 5.888147 1.191875 5
0.881324 5.982912 1.214182 5
0.838847 6.058605 1.228359 5
0.940785 6.102564 1.227402 5
1.041186 6.148567 1.226933 5
1.260655 6.173421 1.214747 5
-0.371948 -0.940046 0.750054 10
-0.700264 -0.256331 0.832406 10
-0.716444 -0.070870 0.846235 10
-0.712124 0.078645 0.855454 10
-0.680062 0.183820 0.858673 10
-0.662682 0.307620 0.864911 10
-0.603247 0.369848 0.862364 10
-0.569070 0.466074 0.865059 10
-0.555565 0.588148 0.871929 10
-0.528663 0.689827 0.876013 10
-0.462018 0.738399 0.872141 10
-0.406099 0.800595 0.870496 10
-0.319929 0.824984 0.863002 10
-0.320616 0.955745 0.872536 10
-0.310832 1.071049 0.879940 10
-1.059515 2.068197 1.031804 11
-1.058086 2.171340 1.039365 11
-1.053662 2.268920 1.046284 11
-1.033578 2.347285 1.050228 11
-1.043792 2.457091 1.059734 11
-1.049739 2.559939 1.068353 11
-1.025989 2.629777 1.071514 12
-1.017515 2.714248 1.077419 12
-1.034430 2.822611 1.087796 12
-1.017074 2.895009 1.092025 12
-1.014709 2.980798 1.098864 12
-1.014972 3.067541 1.106110 12
-0.955092 3.097090 1.102987 12
-0.845215 3.081900 1.091495 12
-0.758087 3.089311 1.084115 2
-0.735703 3.154766 1.087761 2
-0.716750 3.222493 1.091995 2
-0.674919 3.270268 1.092487 2
-0.612980 3.301519 1.089791 6
-0.600613 3.373472 1.095224 6
-0.524542 3.394130 1.090481 6
-0.403251 3.380835 1.078764 6
-0.304762 3.387389 1.070935 6
0.097650 3.169124 1.016116 12
0.220463 3.165949 1.005470 2
0.226513 3.248767 1.012957 2
0.261933 3.309952 1.015990 2
0.483062 3.243326 0.991279 2
0.678592 3.199022 0.970959 2
0.780626 3.220668 0.964903 12
1.204954 3.035844 0.912181 12
-1.190950 6.036698 1.429923 5
-1.208686 6.090051 1.438164 5
-1.167047 6.124639 1.440100 5
-1.104691 6.153704 1.440011 5
-1.055378 6.187480 1.441456 5
0.908581 5.966957 1.286751 5
0.921333 6.030539 1.295088 5
0.851659 6.111646 1.311148 5
1.047351 6.137120 1.302799 5
1.255753 6.163721 1.293914 5
-0.605845 -0.389904 0.918679 10
-0.672748 -0.125641 0.940632 10
-0.685937 0.050401 0.951889 10
-0.646050 0.144388 0.952858 10
-0.636918 0.280258 0.959650 10
-0.601752 0.376457 0.961482 10
-0.544694 0.440959 0.959255 10
-0.508634 0.532969 0.960971 10
-0.485966 0.640907 0.965146 10
-0.362337 0.616912 0.951035 10
-0.360735 0.749570 0.959099 10
-0.277247 0.777970 0.952522 10
-0.263504 0.891783 0.958408 10
-0.201364 0.945772 0.955797 10
-0.130904 0.990042 0.951854 10
-0.984106 2.090148 1.106698 11
-0.985247 2.195230 1.113863 11
-0.959920 2.268965 1.116498 11
-0.983534 2.394432 1.127345 11
-0.968942 2.476470 1.131731 11
-0.968737 2.572076 1.138478 12
-0.961463 2.658608 1.144027 12
-0.933773 2.723219 1.146250 12
-0.906377 2.787422 1.148557 12
-0.891275 2.862769 1.152854 12
-0.942217 2.999301 1.167562 12
-0.928706 3.072804 1.172028 12
-0.833151 3.070834 1.163797 12
-0.816751 3.141158 1.167941 2
-0.804802 3.214489 1.172778 2
-0.727286 3.230691 1.167734 2
-0.686460 3.278910 1.168355 2
-0.599460 3.289109 1.162223 6
-0.632526 3.397753 1.173919 6
-0.568674 3.427357 1.171413 6
-0.461378 3.423999 1.162796 6
-0.015459 3.165018 1.106100 12
0.118577 3.150941 1.094679 12
0.176482 3.195275 1.094261 2
0.247126 3.230958 1.092212 2
0.315176 3.269310 1.090690 2
0.364884 3.321055 1.091832 6
0.463483 3.340108 1.086498 6
0.460117 3.428090 1.095033 6
-1.039874 5.931881 1.461932 5
-1.107023 6.003424 1.474773 5
-1.161579 6.069248 1.486253 5
-1.133487 6.108333 1.489836 5
-1.113320 6.150052 1.494252 5
-1.062803 6.183243 1.495978 5
0.980138 5.940540 1.356096 5
0.929403 6.018963 1.369752 5
0.914456 6.088384 1.380391 5
0.991736 6.138323 1.383646 5
1.229268 6.158259 1.374561 5
-0.487665 -0.559667 1.004232 10
-0.599811 -0.224366 1.031283 10
-0.620561 -0.035672 1.042193 10
-0.610247 0.102454 1.047663 10
-0.592999 0.227204 1.051913 10
-0.566718 0.336419 1.054625 10
-0.503976 0.393624 1.051269 10
-0.460439 0.476211 1.051195 10
-0.437658 0.584733 1.054580 10
-0.373722 0.638201 1.051281 10
-0.301153 0.680735 1.046707 10
-0.221368 0.714740 1.041119 10
-0.180900 0.797062 1.041927 10
-0.140091 0.877876 1.042740 10
-0.045893 0.895505 1.035287 10
-0.916471 2.016296 1.177282 11
-0.894997 2.097158 1.180153 11
-0.878223 2.181886 1.183762 11
-0.919827 2.328108 1.196193 11
-0.877259 2.381553 1.195897 11
-0.880155 2.481907 1.202427 11
-0.860185 2.556966 1.205563 12
-0.855616 2.646340 1.210972 12
-0.810320 2.694216 1.210483 12
-0.851195 2.824878 1.222441 12
-0.816707 2.881335 1.223568 12
-0.817701 2.970255 1.229764 12
-0.815417 3.054622 1.235486 12
-0.758350 3.088823 1.233614 2
-0.798976 3.208817 1.245277 2
-0.767154 3.264013 1.246976 2
-0.671885 3.265625 1.240192 2
-0.626173 3.309836 1.240251 6
-0.616264 3.383141 1.245153 6
-0.544631 3.406614 1.241980 6
-0.482918 3.438794 1.240264 6
-0.393966 3.450924 1.235189 6
0.145898 3.127973 1.172840 12
0.274731 3.120582 1.163704 2
0.252372 3.224153 1.173790 2
0.315374 3.265894 1.173251 6
0.349142 3.328394 1.176453 6
0.442831 3.350288 1.172464 6
0.413598 3.454889 1.183485 6
0.548227 3.451576 1.174942 6
-1.022780 5.920158 1.515309 5
-1.020486 5.969084 1.521290 5
-1.071809 6.034772 1.531797 5
-1.058572 6.079236 1.536873 5
-1.031208 6.119481 1.540868 5
-1.000952 6.159172 1.544735 5
-1.004573 6.208571 1.551373 5
0.873480 5.956006 1.439988 5
0.812966 6.035531 1.453431 5
0.867416 6.088695 1.458682 5
0.887365 6.149765 1.466512 5
-0.547296 -0.292060 1.127600 10
-0.592348 -0.066693 1.140360 10
-0.587796 0.079920 1.145500 10
-0.548315 0.173192 1.145390 10
-0.497201 0.248598 1.143614 10
-0.479575 0.368590 1.146875 10
-0.445924 0.464491 1.147806 10
-0.415003 0.562209 1.149191 10
-0.360695 0.628137 1.147253 10
-0.289577 0.672377 1.143013 10
-0.208733 0.704931 1.137534 10
-0.139279 0.752045 1.133826 10
-0.105123 0.841274 1.135196 10
-0.822847 1.803948 1.240970 2
-0.760254 1.841434 1.237732 2
-0.791186 1.984010 1.247398 2
-0.799532 2.098193 1.253930 11
-0.791895 2.192639 1.258292 11
-0.795192 2.296873 1.264124 11
-0.785642 2.385647 1.268248 11
-0.795019 2.492126 1.274874 11
-0.696496 2.488670 1.267448 11
-0.746631 2.632745 1.279405 12
-0.767949 2.745517 1.287571 12
-0.715558 2.786352 1.286349 12
-0.598031 2.767206 1.277059 6
-0.683214 2.934547 1.293282 12
-0.702312 3.038583 1.301164 2
-0.686640 3.110145 1.304755 2
-0.756047 3.253690 1.318705 2
-0.673419 3.265869 1.314237 2
-0.581659 3.271890 1.308872 2
-0.627268 3.390556 1.319925 6
-0.525382 3.389659 1.313648 6
-0.483104 3.437016 1.314508 6
0.107341 3.066848 1.252613 12
0.163326 3.112375 1.252736 12
0.287543 3.108355 1.245325 2
0.233935 3.234343 1.258005 2
0.280252 3.287323 1.259568 2
0.419779 3.276231 1.251083 6
0.399620 3.375730 1.260172 6
0.443332 3.431322 1.262411 6
0.499067 3.479247 1.263498 6
-0.958404 5.892320 1.565495 5
-0.991255 5.953413 1.573975 5
-1.017948 6.011527 1.581961 5
-0.965467 6.044333 1.584300 5
-1.035841 6.114575 1.595361 5
-0.937579 6.134501 1.594758 5
-0.986326 6.197005 1.604297 5
-0.935261 6.231526 1.607191 5
-0.443326 6.153251 1.581888 5
0.605180 6.010188 1.531363 5
0.645180 6.064137 1.537507 5
0.786697 6.096486 1.537830 5
0.875085 6.142389 1.541658 5
1.027704 6.177034 1.542179 5
-0.466663 -0.401847 1.221898 10
-0.531041 -0.146389 1.234890 10
-0.552354 0.038683 1.242141 10
-0.540526 0.171497 1.245053 10
-0.501148 0.262839 1.244438 10
-0.465429 0.357542 1.244384 10
-0.427695 0.447838 1.244156 10
-0.400493 0.550364 1.245354 10
-0.306084 0.564813 1.238148 10
-0.219466 0.590490 1.232106 10
-0.223360 0.728719 1.237492 10
-0.142352 0.761098 1.232416 10
-0.075675 0.811263 1.229264 10
-0.032155 0.888500 1.229072 10
-0.755178 1.839170 1.321506 2
-0.653191 1.832736 1.313818 2
-0.680306 1.970084 1.321685 2
-0.692214 2.087716 1.327729 11
-0.777601 2.280388 1.342373 11
-0.748887 2.349331 1.343632 11
-0.674208 2.370719 1.339671 11
-0.649027 2.442509 1.341527 11
-0.671360 2.559954 1.348836 11
-0.580545 2.566102 1.343412 11
-0.613666 2.690684 1.351991 12
-0.561753 2.733782 1.351138 6
-0.559196 2.821893 1.355811 6
-0.483140 2.843117 1.352536 6
-0.674653 3.099080 1.378215 2
-0.681054 3.188636 1.383813 2
-0.627094 3.225900 1.383047 2
-0.538640 3.235158 1.378803 2
-0.578930 3.350009 1.388102 6
-0.212479 3.139895 1.355591 12
-0.092557 3.131486 1.348899 12
-0.030636 3.169671 1.348313 12
0.114474 3.146299 1.339590 12
0.294770 3.100211 1.327720 12
0.412825 3.102853 1.322324 2
0.342079 3.240560 1.335439 2
0.443437 3.256393 1.331994 6
0.451270 3.337125 1.337633 6
0.498981 3.390566 1.339593 6
0.613496 3.400910 1.335511 6
-1.010979 6.003168 1.636174 5
-0.969684 6.039357 1.639613 5
-0.865021 6.057108 1.639516 5
-0.928990 6.125519 1.649309 5
-0.888400 6.163144 1.653175 5
-0.828347 6.196082 1.656133 5
-0.413222 6.137999 1.640482 5
0.492877 6.027868 1.608758 5
0.468558 6.095264 1.618179 5
0.587175 6.130563 1.620779 5
0.586940 6.192806 1.629271 5
0.922784 6.187718 1.622700 5
-0.472584 -0.221680 1.331815 10
-0.499669 -0.027310 1.337897 10
-0.503931 0.129101 1.341481 10
-0.475662 0.236279 1.341533 10
-0.434915 0.324292 1.340314 10
-0.403269 0.422966 1.340204 10
-0.348694 0.489871 1.337707 10
-0.307757 0.573636 1.336815 10
-0.263228 0.651669 1.335651 10
-0.192549 0.696527 1.331819 10
-0.093098 0.706949 1.325095 10
-0.050340 0.786161 1.324531 10
-0.030996 0.891632 1.326531 10
0.130040 0.833671 1.313910 10
-0.594505 1.770319 1.392834 2
-0.603324 1.888452 1.397521 2
-0.602029 1.993107 1.401216 2
-0.514465 2.004557 1.396263 11
-0.490661 2.083510 1.397869 11
-0.548181 2.244077 1.407631 11
-0.493242 2.288289 1.406274 11
-0.540668 2.432928 1.415048 11
-0.575481 2.561901 1.422569 11
-0.411282 2.500307 1.410955 11
-0.341139 2.529878 1.408613 11
-0.450981 2.723572 1.423430 6
-0.363000 2.735783 1.419589 12
-0.357360 2.821359 1.423578 12
-0.292430 2.854833 1.422169 12
-0.259342 2.915750 1.423815 12
-0.266976 3.009897 1.429234 12
-0.257020 3.088212 1.433113 12
-0.170995 3.105189 1.430323 12
0.403090 2.743931 1.384991 12
0.355980 2.872523 1.394572 12
0.201448 3.078702 1.413328 12
0.260232 3.122682 1.413750 12
0.331226 3.158379 1.413301 12
-0.764361 5.969165 1.684785 5
-0.806343 6.032943 1.692800 5
-0.751898 6.067520 1.696389 5
-0.747738 6.117025 1.702382 5
-0.722278 6.160572 1.707525 5
-0.605336 6.180536 1.708978 5
-0.349027 6.167682 1.705163 5
-0.139935 6.171032 1.703903 5
0.407188 6.100342 1.690484 5
0.483422 6.144102 1.695715 5
0.603783 6.179787 1.699666 5
0.747156 6.212939 1.703230 5
-0.410321 -0.302356 1.430366 10
-0.460448 -0.073749 1.436629 10
-0.439416 0.047412 1.436446 10
-0.469841 0.236976 1.441096 10
-0.400435 0.285732 1.436740 10
-0.357010 0.369114 1.434900 10
-0.314971 0.453064 1.433322 10
-0.292204 0.560414 1.433612 10
-0.221644 0.605712 1.429747 10
-0.127558 0.622345 1.423952 10
-0.070717 0.685304 1.421633 10
-0.005102 0.737535 1.418692 10
0.035077 0.819382 1.418132 10
0.073962 0.901689 1.417815 10
0.146040 0.945881 1.414763 10
0.239373 0.967199 1.410053 10
0.302934 1.021868 1.408072 10
0.435332 1.003955 1.400424 10
0.503689 1.055229 1.398399 10
-0.410669 2.105832 1.478488 11
-0.200188 1.997206 1.464417 11
-0.122296 2.024346 1.461572 11
1.193783 0.863132 1.358031 8
-0.171667 2.274870 1.472974 11
1.353220 0.963042 1.354580 8
-0.016042 2.328769 1.468232 11
-0.155991 2.551090 1.483266 12
-0.148041 2.637882 1.486629 12
-0.011096 2.612851 1.480098 12
0.261533 2.476718 1.463446 12
-0.069865 2.845988 1.493049 12
0.007046 2.873024 1.491576 12
0.174696 2.829094 1.483544 12
0.108199 2.971157 1.493042 12
0.025445 3.122296 1.503680 12
0.280709 3.016803 1.489945 12
0.283125 3.103058 1.494657 12
-0.741001 6.006609 1.747187 5
-0.707751 6.047880 1.752024 5
-0.669346 6.088081 1.756830 5
-0.562102 6.110058 1.759623 5
-0.522099 6.151521 1.764770 5
-0.284147 6.143664 1.764341 5
-0.080742 6.148635 1.765529 5
0.097894 6.163118 1.767952 5
0.317080 6.171853 1.769880 5
0.599147 6.171279 1.770943 5
-0.321024 -0.422471 1.529095 10
-0.404026 -0.144797 1.535340 10
-0.438997 0.056254 1.538256 10
-0.409258 0.162014 1.536636 10
-0.387355 0.276245 1.535741 10
-0.338191 0.351820 1.533032 10
-0.315556 0.461011 1.532393 10
-0.258132 0.523558 1.529404 10
-0.186795 0.568270 1.525581 10
-0.163245 0.672010 1.525331 10
-0.019916 0.629427 1.516720 10
-0.022703 0.763295 1.518648 10
0.044033 0.813501 1.515807 10
0.116459 0.857399 1.512733 10
0.223515 0.863042 1.507418 10
0.260826 0.947018 1.507133 10
0.367055 0.955859 1.502247 10
0.431221 1.010905 1.500442 10
0.488976 1.072710 1.499242 10
0.663737 1.015489 1.490302 8
0.800862 1.000159 1.484162 10
0.968554 0.957764 1.476231 8
0.939737 1.108008 1.481560 8
1.042734 1.130792 1.478330 8
1.110598 1.187593 1.477601 8
1.016420 1.391725 1.487492 8
1.172887 1.367458 1.481377 8
1.384553 1.298295 1.472055 8
1.487874 1.327088 1.469879 8
1.836524 1.151047 1.452714 8
-0.684930 5.982915 1.803296 5
-0.682161 6.033567 1.809088 5
-0.560251 6.050222 1.812420 5
-0.504144 6.087031 1.817425 5
-0.429534 6.119816 1.822282 5
-0.297413 6.139251 1.826373 5
-0.132111 6.152971 1.830312 5
0.120115 6.149404 1.833413 5
0.276705 6.171926 1.838551 5
0.360346 6.212858 1.845087 5
-0.336791 -0.231185 1.635393 10
-0.386371 -0.008409 1.637032 10
-0.353235 0.093523 1.634464 10
-0.332830 0.210704 1.632767 10
-0.312749 0.325774 1.631272 10
-0.271367 0.410685 1.628814 10
-0.205477 0.463057 1.625213 10
-0.179014 0.564777 1.623905 10
-0.119517 0.624076 1.620994 10
-0.103381 0.735373 1.620579 10
0.003629 0.737094 1.615465 10
0.030265 0.833975 1.614822 10
0.096227 0.884530 1.612249 10
0.229706 0.859874 1.606269 10
0.287457 0.921184 1.604489 10
0.342259 0.985497 1.603036 10
0.450646 0.993018 1.598950 10
0.582359 0.978266 1.593852 8
0.654888 1.026388 1.592031 8
0.778722 1.023799 1.587759 8
0.692483 1.229127 1.594426 8
0.822582 1.221365 1.590205 8
0.706052 1.448581 1.598611 8
0.742587 1.528086 1.599420 8
0.943440 1.457788 1.592260 8
1.067564 1.460749 1.589159 8
1.350766 1.326979 1.578578 8
1.475327 1.336675 1.576014 8
1.836240 1.149734 1.562463 8
-0.484542 5.968462 1.864874 5
-0.457906 6.013983 1.870589 5
-0.415152 6.055318 1.876299 5
-0.368390 6.096162 1.882153 5
-0.303096 6.132943 1.888076 5
-0.171393 6.154494 1.893892 5
-0.050043 6.180815 1.900145 5
-0.275513 -0.308801 1.738002 10
-0.314656 -0.099741 1.736930 10
-0.310258 0.043176 1.734633 10
-0.312774 0.191896 1.732815 10
-0.280671 0.290989 1.730008 10
-0.240891 0.378286 1.727133 10
-0.222529 0.491540 1.725220 10
-0.149115 0.533629 1.721529 10
-0.037716 0.529513 1.716646 10
-0.006698 0.624317 1.714845 10
-0.013006 0.761674 1.714588 8
0.069925 0.792511 1.711276 10
0.159815 0.816320 1.707890 10
0.243098 0.848676 1.704925 8
0.265691 0.948368 1.704348 10
0.475051 0.845770 1.697176 8
0.423940 1.023792 1.699632 8
0.586934 0.975798 1.694530 8
0.542658 1.142285 1.697078 8
0.599340 1.204173 1.696169 8
0.507761 1.411020 1.700705 8
0.567901 1.466736 1.700002 8
0.701280 1.453564 1.696913 8
0.769020 1.503802 1.696325 8
1.032796 1.376536 1.689169 8
1.141990 1.393981 1.687602 8
1.303824 1.367168 1.684478 8
1.490015 1.322912 1.680803 8
1.839614 1.145344 1.672017 8
-0.098324 5.960459 1.937868 5
-0.087055 6.013750 1.944309 5
-0.153356 6.142013 1.956974 5
0.135913 6.128541 1.965708 5
0.191981 -1.314565 1.846148 8
-0.137459 -0.657613 1.845849 8
-0.263925 -0.315046 1.843468 8
-0.264924 -0.159975 1.839684 10
-0.296685 0.033430 1.836682 10
-0.268249 0.140103 1.833017 10
-0.279495 0.297192 1.830262 10
-0.224201 0.363855 1.826625 10
-0.163476 0.423038 1.823093 10
-0.120461 0.504092 1.820080 10
-0.063262 0.566697 1.817011 8
-0.006605 0.629604 1.814148 8
0.026227 0.720288 1.811936 8
0.054441 0.814958 1.810018 8
0.083321 0.907376 1.808291 8
0.245985 0.849204 1.804119 8
0.296248 0.918261 1.802342 8
0.229171 1.112887 1.803103 8
0.360010 1.093779 1.800103 8
0.249570 1.327096 1.802128 8
0.320515 1.369721 1.800699 8
0.449070 1.355448 1.798298 8
0.508152 1.411777 1.797478 8
0.575298 1.460441 1.796683 8
0.745156 1.412710 1.794043 8
0.783420 1.490647 1.794207 8
0.964673 1.438193 1.791767 8
1.181666 1.358153 1.788876 8
1.215004 1.443968 1.789748 8
1.417082 1.384293 1.787629 8
1.817790 1.162159 1.782096 8
-0.208614 -1.045420 1.974003 8
-0.126806 -0.997311 1.967924 8
-0.027244 -0.975442 1.962188 8
-0.121342 -0.669792 1.955485 8
-0.292255 -0.264180 1.948979 8
-0.365901 -0.008730 1.943544 8
-0.242268 -0.032443 1.939186 10
-0.340753 0.246227 1.934440 8
-0.260507 0.279832 1.930426 8
-0.251307 0.406267 1.926538 8
-0.205971 0.483886 1.922930 8
-0.157197 0.556242 1.919545 8
-0.105183 0.623877 1.916372 8
-0.074492 0.716581 1.913442 8
0.032159 0.718234 1.910586 8
0.000264 0.882151 1.908227 8
0.091222 0.902477 1.905790 8
0.105636 1.009372 1.903770 8
0.046769 1.194500 1.902226 8
0.103318 1.250904 1.900508 8
0.104481 1.365601 1.899199 8
0.773445 0.787433 1.895339 8
0.360176 1.331261 1.896120 8
0.395594 1.410207 1.895244 8
0.541944 1.379869 1.894066 8
0.671520 1.368887 1.893145 8
0.662669 1.490912 1.893048 8
0.756995 1.515243 1.892676 8
0.923922 1.475014 1.892173 8
1.081996 1.446431 1.891921 8
1.336947 1.336561 1.891465 8
1.428038 1.373737 1.891954 8
-0.327050 -1.021231 2.091568 8
-0.433552 -0.683733 2.079802 8
-0.368699 -0.617561 2.073663 8
-0.311179 -0.541117 2.067583 8
-0.368808 -0.297923 2.058840 8
-0.331063 -0.198473 2.052962 8
-0.366154 0.001086 2.045709 8
-0.300618 0.056708 2.041112 8
-0.323004 0.230563 2.034905 8
-0.345625 0.400039 2.029086 8
-0.211819 0.362303 2.026601 8
-0.178881 0.456162 2.022382 8
-0.201529 0.617777 2.017469 8
-0.186158 0.728758 2.013520 8
-0.298242 0.990589 2.007836 8
-0.153644 0.942122 2.006457 8
-0.200348 1.118599 2.002400 8
-0.163314 1.195436 1.999827 8
-0.117855 1.261974 1.997584 8
0.026850 1.219486 1.996833 8
0.027855 1.334724 1.994400 8
0.187917 1.280177 1.994140 8
0.272530 1.307645 1.993113 8
0.366415 1.326742 1.992374 8
0.411665 1.395661 1.991268 8
0.499784 1.422236 1.990840 8
0.622346 1.416902 1.990971 8
0.725320 1.432374 1.991074 8
0.850322 1.429108 1.991600 8
0.974208 1.429214 1.992306 8
1.108342 1.422475 1.993317 8
1.229889 1.429322 1.994403 8
1.326029 1.460097 1.995436 8
-0.361822 -0.952244 2.201197 8
-0.515022 -0.544839 2.183428 8
-0.496121 -0.412272 2.175031 8
-0.457563 -0.312175 2.167966 8
-0.428000 -0.200981 2.160834 8
-0.490995 0.039842 2.150032 8
-0.434856 0.106626 2.144847 8
-0.395833 0.196223 2.139217 8
-0.373145 0.306277 2.133237 8
-0.438331 0.530010 2.124228 8
-0.265683 0.439282 2.124538 8
-0.403865 0.748640 2.113656 8
-0.407186 0.880235 2.108109 8
-0.398308 0.993860 2.103307 8
-0.095459 0.752384 2.108518 8
-0.280348 1.096098 2.097813 8
-0.256997 1.188361 2.094250 8
-0.136395 1.168800 2.093924 8
-0.050630 1.190648 2.092668 8
-0.013878 1.267186 2.090140 8
0.092828 1.267838 2.089854 8
0.201224 1.268661 2.089764 8
0.266529 1.315998 2.088633 8
0.349336 1.345883 2.088178 8
0.414092 1.394712 2.087423 8
0.554996 1.369399 2.088887 8
0.582365 1.456082 2.087531 8
0.743704 1.415543 2.089871 8
0.825410 1.452305 2.090324 8
0.884940 1.510071 2.090416 8
1.055500 1.469057 2.093522 8
-0.353708 -0.950974 2.312310 8
-0.535313 -0.500739 2.287875 8
-0.616821 -0.217751 2.271593 8
-0.632593 -0.041429 2.260516 8
-0.661947 0.149599 2.249116 8
-0.617738 0.230264 2.242904 8
-0.603392 0.351373 2.235169 8
-0.583539 0.462129 2.228149 8
-0.540668 0.539564 2.222820 8
-0.535511 0.665610 2.215640 8
-0.441712 0.674099 2.213719 8
-0.432726 0.791724 2.207368 8
-0.386012 0.859828 2.203346 8
-0.341268 0.929653 2.199470 8
-0.327511 1.035898 2.194281 8
-0.271673 1.090561 2.191473 8
-0.217970 1.147542 2.188778 8
-0.205386 1.250919 2.184352 8
-0.069676 1.215394 2.185946 8
-0.004498 1.260115 2.184394 8
0.064066 1.301509 2.183193 8
0.220295 1.251090 2.186073 8
0.272191 1.312297 2.184477 8
0.356982 1.339937 2.184519 8
0.399680 1.410530 2.182955 8
0.566514 1.359287 2.186834 8
0.669535 1.373250 2.188173 8
0.723934 1.434654 2.187692 8
0.815115 1.461986 2.188931 8
0.887631 1.507467 2.189612 8
-0.276223 -0.887037 2.416671 8
-0.552669 -0.302840 2.379515 8
-0.617818 -0.052318 2.362373 8
-0.585871 0.049439 2.354202 8
-0.592267 0.203657 2.343274 8
-0.576432 0.322773 2.334645 8
-0.552833 0.428546 2.327038 8
-0.527722 0.530100 2.319921 8
-0.490142 0.613226 2.314093 8
-0.436552 0.674373 2.309742 8
-0.413191 0.773388 2.303475 8
-0.383101 0.862182 2.298015 8
-0.310345 0.897440 2.295800 8
-0.291527 0.997869 2.290126 8
-0.257068 1.078064 2.285811 8
-0.209439 1.141977 2.282631 8
-0.134924 1.174963 2.281418 8
-0.065216 1.213978 2.280084 8
0.003316 1.254764 2.278871 8
0.136610 1.226592 2.281824 8
0.243910 1.228754 2.283294 8
0.280942 1.305410 2.280716 8
0.353313 1.345469 2.280472 8
0.432881 1.378947 2.280846 8
0.536110 1.390149 2.282774 8
0.699955 1.344886 2.288318 8
0.821145 1.343584 2.291562 8
-0.285939 -0.858746 2.526034 8
-0.483204 -0.395653 2.490468 8
-0.538897 -0.157938 2.471504 8
-0.545557 0.001388 2.458468 8
-0.550793 0.154403 2.446170 8
-0.535325 0.274550 2.436482 8
-0.532559 0.409317 2.426015 8
-0.493286 0.491861 2.419498 8
-0.439121 0.553534 2.414696 8
-0.424277 0.665476 2.406574 8
-0.382167 0.740547 2.401291 8
-0.314948 0.783462 2.398512 8
-0.252283 0.832192 2.395551 8
-0.276182 0.984613 2.385466 8
-0.201905 1.017939 2.384045 8
-0.144033 1.070831 2.381463 8
-0.039978 1.071387 2.382848 8
-0.004556 1.150109 2.378879 8
0.033869 1.224613 2.375427 8
0.087154 1.282424 2.373396 8
0.201163 1.276226 2.376246 8
0.300988 1.286869 2.378142 8
0.415333 1.284415 2.381273 8
0.448139 1.365237 2.378518 8
-0.240450 -0.915265 2.642142 8
-0.378317 -0.541465 2.608654 8
-0.492361 -0.215441 2.579611 8
-0.498230 -0.056654 2.565105 8
-0.516714 0.115792 2.549720 8
-0.491900 0.223242 2.540113 8
-0.495669 0.367469 2.527643 8
-0.462157 0.458154 2.519955 8
-0.412728 0.526345 2.514413 8
-0.385942 0.623012 2.506696 8
-0.324897 0.674576 2.503040 8
-0.284684 0.751940 2.497428 8
-0.247546 0.832047 2.491813 8
-0.248276 0.956363 2.482647 8
-0.182155 0.999489 2.480637 8
-0.140066 1.070600 2.476461 8
-0.043395 1.079239 2.477899 8
0.049721 1.093408 2.479125 8
0.105134 1.150101 2.476914 8
0.135682 1.233305 2.472615 8
0.190886 1.289532 2.470900 8
-0.423079 -0.306263 2.692807 8
-0.479617 -0.073022 2.669463 8
-0.472681 0.063203 2.655944 8
-0.469852 0.201797 2.642450 8
-0.433773 0.291648 2.634007 8
-0.417961 0.407061 2.623291 8
-0.387758 0.501099 2.614923 8
-0.345005 0.577300 2.608556 8
-0.319725 0.674597 2.600336 8
-0.287922 0.762048 2.593321 8
-0.263964 0.857673 2.585717 8
-0.225658 0.934488 2.580211 8
-0.144238 0.959761 2.580101 8
-0.106892 1.036739 2.575045 8
-0.037184 1.076202 2.574007 8
0.040022 1.107800 2.574026 8
0.054973 1.208020 2.567292 8
-0.171042 0.623277 2.706090 8
0.458668 -0.323448 -2.610313 9
0.421404 -0.504216 -2.592559 9
0.380070 -0.572276 -2.585894 9
0.341769 -0.665260 -2.576961 9
0.300064 -0.697627 -2.574050 9
0.264545 -0.791291 -2.565329 9
0.226936 -0.848192 -2.560307 9
0.190280 -0.904974 -2.555425 9
0.155451 -0.968995 -2.549961 9
0.120766 -1.025701 -2.545328 9
0.087719 -1.087369 -2.540322 9
0.046582 -1.087204 -2.541496 9
0.007527 -1.101025 -2.541430 9
-0.031392 -1.114815 -2.541497 9
-0.065742 -1.153857 -2.539189 9
-0.090295 -1.242617 -2.532041 9
-0.146182 -1.162273 -2.541864 9
-0.174466 -1.225502 -2.537478 9
-0.210354 -1.248167 -2.537266 9
0.502148 -0.200625 -2.563096 9
0.462178 -0.385282 -2.546835 9
0.421303 -0.493888 -2.537270 9
0.383530 -0.620467 -2.526318 9
0.347176 -0.735646 -2.516488 9
0.305197 -0.758548 -2.514711 9
0.268973 -0.839937 -2.508048 9
0.231497 -0.894980 -2.503775 9
0.195722 -0.956942 -2.499030 9
0.154372 -0.963619 -2.499172 9
0.128839 -1.092443 -2.488888 9
0.094717 -1.142715 -2.485492 9
0.054538 -1.146388 -2.486255 9
0.007577 -1.107153 -2.490888 9
-0.023185 -1.170321 -2.486719 9
-0.056927 -1.210516 -2.484659 9
-0.096841 -1.214013 -2.485941 9
-0.132625 -1.239078 -2.485443 9
-0.149223 -1.356499 -2.476834 9
-0.197457 -1.316099 -2.482376 9
-0.235029 -1.327607 -2.483419 9
-0.274771 -1.329539 -2.485451 9
-0.315673 -1.327224 -2.488002 9
-0.365615 -1.289921 -2.493900 9
0.506275 -0.290185 -2.496994 9
0.467685 -0.490439 -2.481614 9
0.426687 -0.582186 -2.474499 9
0.386310 -0.658289 -2.468697 9
0.345838 -0.714942 -2.464486 9
0.309643 -0.811244 -2.457451 9
0.269365 -0.844864 -2.455223 9
0.232692 -0.908598 -2.450871 9
0.195502 -0.957751 -2.447730 9
0.172148 -1.115263 -2.436578 9
0.134176 -1.137902 -2.435645 9
0.092652 -1.132575 -2.436940 9
0.050174 -1.122164 -2.438749 9
0.017069 -1.173261 -2.436024 9
-0.017879 -1.208264 -2.434625 9
-0.060038 -1.199280 -2.436698 9
-0.091397 -1.250110 -2.434308 9
-0.126987 -1.275014 -2.434012 9
-0.166460 -1.279311 -2.435425 9
-0.215004 -1.241543 -2.440249 9
-0.221301 -1.396642 -2.430086 9
-0.266106 -1.374549 -2.433910 9
-0.308008 -1.366852 -2.436741 9
-0.384722 -1.222597 -2.450660 9
0.552627 -0.203738 -2.444787 9
0.510967 -0.395679 -2.431974 9
0.470064 -0.528648 -2.423085 9
0.429705 -0.628168 -2.416475 9
0.387918 -0.678082 -2.413155 9
0.348312 -0.745780 -2.408842 9
0.310818 -0.824613 -2.403952 9
0.271453 -0.868153 -2.401427 9
0.245010 -1.031642 -2.391400 9
0.198333 -0.986068 -2.394780 9
0.159432 -1.012942 -2.393675 9
0.128184 -1.095776 -2.389107 9
0.088235 -1.105500 -2.389325 9
0.051983 -1.139653 -2.388092 9
0.029523 -1.257995 -2.381525 9
-0.016275 -1.223913 -2.384913 9
-0.052054 -1.250973 -2.384455 9
-0.087713 -1.276614 -2.384198 9
-0.130296 -1.265013 -2.386500 9
-0.170498 -1.266809 -2.388048 9
-0.220262 -1.224554 -2.392659 9
-0.258282 -1.239047 -2.393623 9
-0.277910 -1.331776 -2.389409 9
-0.322214 -1.316435 -2.392597 9
-0.356200 -1.343749 -2.392998 9
-0.431287 -1.213357 -2.404424 9
-0.535589 -0.985899 -2.422921 9
0.557471 -0.344654 -2.378205 9
0.514114 -0.460290 -2.371529 9
0.473614 -0.592437 -2.364146 9
0.432144 -0.663886 -2.360091 9
0.391804 -0.733143 -2.356286 9
0.352093 -0.794349 -2.353034 9
0.316020 -0.886418 -2.348293 9
0.275883 -0.916776 -2.346900 9
0.240584 -0.989900 -2.343385 9
0.205225 -1.050953 -2.340615 9
0.162550 -1.042429 -2.341612 9
0.122911 -1.059270 -2.341395 9
0.094750 -1.157149 -2.337003 9
0.058266 -1.187256 -2.336295 9
0.022924 -1.221718 -2.335460 9
-0.019697 -1.209447 -2.337234 9
-0.056238 -1.233609 -2.337169 9
-0.091008 -1.265528 -2.336789 9
-0.117834 -1.335647 -2.334423 9
-0.163428 -1.308473 -2.337472 9
-0.208812 -1.285398 -2.340436 9
-0.251759 -1.275864 -2.342786 9
-0.291120 -1.283143 -2.344322 9
-0.335805 -1.268719 -2.347206 9
-0.364935 -1.317475 -2.346614 9
-0.396865 -1.352688 -2.346878 9
-0.429176 -1.384693 -2.347416 9
-0.472659 -1.375708 -2.350460 9
-0.587990 -1.122844 -2.368182 9
-0.651176 -1.059475 -2.374948 9
-0.732139 -1.472043 -2.365586 9
0.603300 -0.191564 -2.327801 9
0.560001 -0.403619 -2.318223 9
0.517412 -0.529562 -2.312394 9
0.474028 -0.588539 -2.309484 9
0.436239 -0.729654 -2.303327 9
0.393456 -0.753760 -2.302124 9
0.354355 -0.822393 -2.299213 9
0.314860 -0.871715 -2.297219 9
0.275943 -0.918100 -2.295464 9
0.241298 -0.998726 -2.292412 9
0.205343 -1.054732 -2.290482 9
0.166511 -1.078870 -2.289979 9
0.130657 -1.123182 -2.288747 9
0.091707 -1.139969 -2.288766 9
0.039509 -1.066137 -2.292694 9
0.015074 -1.177601 -2.288962 9
-0.011183 -1.266311 -2.286259 9
-0.051587 -1.266244 -2.287411 9
-0.086902 -1.294176 -2.287476 9
-0.123581 -1.313126 -2.288027 9
-0.158644 -1.338871 -2.288384 9
-0.206538 -1.303381 -2.291532 9
-0.234229 -1.361502 -2.290668 9
-0.277164 -1.350522 -2.292972 9
-0.322471 -1.331413 -2.295771 9
-0.342918 -1.412343 -2.294126 9
-0.402230 -1.340669 -2.299588 9
-0.429655 -1.391360 -2.299512 9
-0.478609 -1.363327 -2.303237 9
-0.518863 -1.367550 -2.305568 9
-0.552113 -1.395284 -2.306875 9
-0.561998 -1.496437 -2.304646 9
-0.611640 -1.469236 -2.308830 9
-0.680488 -1.386923 -2.315979 9
-0.714645 -1.410990 -2.317897 9
0.606247 -0.294753 -2.265483 9
0.562739 -0.470975 -2.259348 9
0.520417 -0.591399 -2.255074 9
0.479789 -0.700916 -2.251279 9
0.437907 -0.751701 -2.249389 9
0.397818 -0.816414 -2.247206 9
0.355291 -0.832513 -2.246603 9
0.320788 -0.942290 -2.243306 9
0.277542 -0.936072 -2.243604 9
0.244177 -1.028814 -2.241040 9
0.203057 -1.036870 -2.241132 9
0.164345 -1.064384 -2.240746 9
0.127094 -1.099879 -2.240223 9
0.089035 -1.125489 -2.240105 9
0.047583 -1.125752 -2.240869 9
0.015891 -1.188404 -2.239817 9
-0.014618 -1.251738 -2.238829 9
-0.044589 -1.312018 -2.238016 9
-0.085488 -1.308305 -2.239308 9
-0.130789 -1.283224 -2.241396 9
-0.172110 -1.280518 -2.242889 9
-0.216040 -1.266655 -2.244861 9
-0.243395 -1.328293 -2.244463 9
-0.268224 -1.396295 -2.243916 9
-0.304563 -1.412550 -2.245179 9
-0.356013 -1.368888 -2.248599 9
-0.403341 -1.344781 -2.251495 9
-0.450014 -1.325518 -2.254361 9
-0.483339 -1.355287 -2.255606 9
-0.501800 -1.434280 -2.255139 9
-0.559990 -1.378230 -2.259711 9
-0.595437 -1.398841 -2.261580 9
-0.620063 -1.452235 -2.262284 9
-0.657965 -1.463451 -2.264689 9
-0.703152 -1.453625 -2.268041 9
-0.725753 -1.508642 -2.268899 9
-0.875138 -1.334910 -2.282718 9
0.542846 0.289877 -2.217987 9
0.512289 -0.349374 -2.204989 9
0.479118 -0.673632 -2.198268 9
0.441215 -0.803597 -2.195411 9
0.399288 -0.834334 -2.194563 9
0.357639 -0.861785 -2.193891 9
0.320624 -0.939577 -2.192382 9
0.284422 -1.011171 -2.191099 9
0.241791 -1.007165 -2.191353 9
0.207189 -1.076767 -2.190317 9
0.162769 -1.054812 -2.191127 9
0.127591 -1.107855 -2.190609 9
0.078508 -1.054696 -2.192240 9
0.043724 -1.105057 -2.191978 9
0.017707 -1.205480 -2.190822 9
-0.015282 -1.253705 -2.190771 9
-0.051208 -1.280904 -2.191229 9
-0.090720 -1.286848 -2.192213 9
-0.133979 -1.273856 -2.193693 9
-0.181273 -1.243219 -2.195659 9
-0.211244 -1.296279 -2.195969 9
-0.236837 -1.364889 -2.196015 9
-0.263333 -1.424699 -2.196312 9
-0.305267 -1.417469 -2.198176 9
-0.358457 -1.367367 -2.201139 9
-0.397310 -1.375830 -2.202889 9
-0.441722 -1.364180 -2.205223 9
-0.480239 -1.374764 -2.207140 9
-0.508028 -1.421741 -2.208252 9
-0.555226 -1.402699 -2.211112 9
-0.588705 -1.429148 -2.212922 9
-0.633044 -1.421289 -2.215735 9
-0.666547 -1.446940 -2.217758 9
-0.695675 -1.484450 -2.219532 9
-0.736259 -1.488362 -2.222343 9
-0.769806 -1.511980 -2.224687 9
-0.806207 -1.527461 -2.227365 9
-0.891204 -1.417557 -2.234058 9
-0.903227 -1.497386 -2.234977 9
-1.043343 -1.475941 -2.246745 9
0.487758 0.344873 -2.153212 9
0.449110 -0.004816 -2.149787 9
0.403426 -0.109220 -2.148491 9
0.392842 -0.729340 -2.143301 9
0.359969 -0.890845 -2.141854 9
0.320328 -0.935275 -2.141431 9
0.280719 -0.971771 -2.141177 9
0.248358 -1.073442 -2.140518 9
0.208543 -1.091635 -2.140610 9
0.167602 -1.098377 -2.140893 9
0.125240 -1.093919 -2.141369 9
0.084330 -1.101196 -2.141854 9
0.046307 -1.127634 -2.142282 9
0.020768 -1.230358 -2.142161 9
-0.023199 -1.212526 -2.143148 9
-0.059386 -1.241109 -2.143835 9
-0.092422 -1.284301 -2.144478 9
-0.140881 -1.245661 -2.145970 9
-0.171853 -1.295998 -2.146728 9
-0.207976 -1.318726 -2.147835 9
-0.238583 -1.364617 -2.148793 9
-0.273773 -1.387979 -2.150064 9
-0.318833 -1.370009 -2.151879 9
-0.358717 -1.374393 -2.153559 9
-0.392107 -1.403637 -2.155044 9
-0.442659 -1.369174 -2.157401 9
-0.477788 -1.391887 -2.159163 9
-0.524247 -1.375441 -2.161537 9
-0.555589 -1.410283 -2.163324 9
-0.584895 -1.450069 -2.165112 9
-0.634846 -1.424770 -2.167951 9
-0.654677 -1.491315 -2.169486 9
-0.693782 -1.499033 -2.172017 9
-0.740226 -1.486486 -2.175000 9
-0.779760 -1.494198 -2.177757 9
-0.813551 -1.517413 -2.180332 9
-0.868706 -1.485164 -2.184067 9
-0.904320 -1.504314 -2.186938 9
-0.962781 -1.467539 -2.191077 9
-1.024663 -1.425311 -2.195525 9
0.478016 0.637124 -2.087261 9
0.399556 -0.029589 -2.088144 9
0.350335 -0.063487 -2.087875 9
0.346008 -0.698861 -2.089735 9
0.319500 -0.924567 -2.090372 9
0.283390 -1.001324 -2.090617 9
0.252939 -1.120175 -2.091102 9
0.207029 -1.080725 -2.091156 9
0.166251 -1.090650 -2.091473 9
0.118815 -1.048731 -2.091725 9
0.081635 -1.086636 -2.092329 9
0.049056 -1.151268 -2.093102 9
0.015769 -1.204410 -2.093924 9
-0.019116 -1.242735 -2.094790 9
-0.064378 -1.219327 -2.095593 9
-0.102916 -1.234890 -2.096589 9
-0.147068 -1.221186 -2.097623 9
-0.181072 -1.258530 -2.098848 9
-0.197848 -1.372762 -2.100255 9
-0.238546 -1.372218 -2.101575 9
-0.262924 -1.441507 -2.103043 9
-0.315195 -1.392627 -2.104523 9
-0.363791 -1.362593 -2.106141 9
-0.419459 -1.308933 -2.107897 9
-0.450047 -1.350774 -2.109716 9
-0.473382 -1.415773 -2.111569 9
-0.507876 -1.439398 -2.113543 9
-0.556688 -1.415436 -2.115714 9
-0.586998 -1.452218 -2.117838 9
-0.635707 -1.431115 -2.120233 9
-0.665918 -1.466927 -2.122528 9
-0.700011 -1.490172 -2.124948 9
-0.751823 -1.463301 -2.127721 9
-0.773567 -1.520321 -2.130132 9
-0.815412 -1.521878 -2.132954 9
-0.875313 -1.477776 -2.136232 9
-0.914441 -1.488669 -2.139239 9
-0.958016 -1.488949 -2.142444 9
-0.988779 -1.520336 -2.145462 9
-1.038119 -1.508029 -2.149020 9
-1.103878 -1.460165 -2.153138 9
-1.137285 -1.486471 -2.156538 9
-1.183510 -1.484851 -2.160397 9
0.499331 6.081035 -1.945664 5
0.390075 6.108042 -1.943427 5
0.283969 6.032261 -1.942878 5
0.060264 6.163248 -1.938523 5
0.351046 -0.068864 -2.027316 9
0.291772 0.040214 -2.025443 9
0.322317 -0.957742 -2.039706 9
0.282039 -0.987371 -2.040081 9
0.253353 -1.125986 -2.042131 9
0.214405 -1.149646 -2.042608 9
0.166655 -1.097466 -2.042086 9
0.127549 -1.119926 -2.042734 9
0.094977 -1.186770 -2.044105 9
0.055936 -1.202500 -2.044835 9
0.014822 -1.204017 -2.045457 9
-0.012254 -1.289355 -2.047330 9
-0.060683 -1.246368 -2.047519 9
-0.100157 -1.256182 -2.048528 9
-0.138246 -1.272765 -2.049718 9
-0.173219 -1.303547 -2.051179 9
-0.203224 -1.355178 -2.052984 9
-0.244155 -1.354902 -2.054212 9
-0.273590 -1.403937 -2.056132 9
-0.306783 -1.434524 -2.057899 9
-0.364744 -1.366902 -2.058625 9
-0.399503 -1.392123 -2.060518 9
-0.446217 -1.373015 -2.062023 9
-0.480909 -1.397931 -2.064090 9
-0.508789 -1.444839 -2.066447 9
-0.550381 -1.444700 -2.068429 9
-0.602024 -1.413612 -2.070246 9
-0.636224 -1.438487 -2.072654 9
-0.668196 -1.469184 -2.075184 9
-0.697735 -1.505779 -2.077824 9
-0.721502 -1.557074 -2.080620 9
-0.780815 -1.509932 -2.082895 9
-0.819041 -1.521674 -2.085637 9
-0.868866 -1.503841 -2.088345 9
-0.927098 -1.466785 -2.091121 9
-0.968093 -1.474261 -2.094194 9
-0.992180 -1.522082 -2.097456 9
-1.041524 -1.510107 -2.100683 9
-1.095637 -1.488806 -2.104045 9
-1.143575 -1.482872 -2.107559 9
-1.171546 -1.520704 -2.111150 9
0.719028 5.949307 -1.824734 5
0.610852 6.029957 -1.820407 5
0.503720 5.960856 -1.820009 5
0.395336 5.986089 -1.817505 5
0.285378 6.040260 -1.814498 5
0.178454 6.003457 -1.814013 5
0.070706 5.992574 -1.813111 5
-0.037800 5.994933 -1.812106 5
0.291960 0.040702 -1.963582 9
0.255422 -0.151427 -1.968271 9
0.208594 -0.193927 -1.969246 9
0.239503 -0.991880 -1.989688 9
0.203023 -1.050151 -1.991270 9
0.168820 -1.118834 -1.993206 9
0.131899 -1.157390 -1.994457 9
0.096266 -1.200604 -1.995912 9
0.065502 -1.271571 -1.998150 9
0.027015 -1.286175 -1.999042 9
-0.014551 -1.281585 -1.999538 9
-0.058531 -1.264678 -1.999818 9
-0.099985 -1.263660 -2.000587 9
-0.289461 -0.515370 -1.983145 9
-0.170782 -1.322335 -2.003872 9
-0.205676 -1.351105 -2.005618 9
-0.232473 -1.413741 -2.008243 9
-0.278550 -1.390575 -2.008912 9
-0.308385 -1.435730 -2.011267 9
-0.359580 -1.394998 -2.011727 9
-0.395289 -1.416036 -2.013694 9
-0.422729 -1.466122 -2.016379 9
-0.471497 -1.439144 -2.017452 9
-0.525835 -1.396009 -2.018300 9
-0.569922 -1.389803 -2.020050 9
-0.600117 -1.428451 -2.022814 9
-0.638350 -1.440931 -2.025122 9
-0.658671 -1.506296 -2.028534 9
-0.674442 -1.581536 -2.032159 9
-0.710722 -1.596076 -2.034700 9
-0.770045 -1.548273 -2.036233 9
-0.826079 -1.512527 -2.038132 9
-0.878341 -1.489129 -2.040381 9
-0.930848 -1.467147 -2.042792 9
-0.950337 -1.526994 -2.046556 9
-0.995857 -1.523178 -2.049446 9
-1.053678 -1.492085 -2.052090 9
-1.106447 -1.474650 -2.055069 9
-1.139482 -1.501983 -2.058717 9
-1.194611 -1.481713 -2.061920 9
-1.500649 -0.941087 -2.060089 9
0.830568 6.020022 -1.697580 5
0.722000 5.987367 -1.696158 5
0.614171 5.937814 -1.695577 5
0.507474 5.875291 -1.695705 5
0.397666 5.973426 -1.690268 5
0.289145 5.982527 -1.688254 5
0.180662 5.985295 -1.686691 5
0.070350 6.018810 -1.684226 5
-0.035156 5.965723 -1.685149 5
-0.142109 5.944133 -1.685147 5
0.252995 -0.121320 -1.907368 10
0.213091 -0.243315 -1.911689 10
0.178379 -0.394372 -1.917187 9
0.140862 -0.495371 -1.920944 9
0.124102 -0.752803 -1.930543 9
0.065746 -0.654864 -1.927178 9
0.061576 -0.957712 -1.938597 9
0.014735 -0.937599 -1.938261 9
0.013565 -1.207234 -1.948575 9
-0.058555 -1.027111 -1.942586 9
-0.059658 -1.264600 -1.951834 9
-0.236228 -0.547179 -1.926733 9
-0.281863 -0.561749 -1.928190 9
-0.317139 -0.625609 -1.931497 9
-0.359388 -0.652545 -1.933572 9
-0.252139 -1.334678 -1.958737 9
-0.269178 -1.437596 -1.963458 9
-0.309711 -1.438053 -1.964668 9
-0.335557 -1.496234 -1.967940 9
-0.390587 -1.441684 -1.967441 9
-0.443645 -1.398922 -1.967464 9
-0.501299 -1.343930 -1.967204 9
-0.529830 -1.391184 -1.970429 9
-0.560534 -1.429003 -1.973403 9
-0.597021 -1.446971 -1.975804 9
-0.614474 -1.522428 -1.980090 9
-0.655322 -1.525053 -1.982143 9
-0.685389 -1.559082 -1.985244 9
-0.716463 -1.589070 -1.988283 9
-0.772678 -1.550322 -1.989370 9
-0.830638 -1.509922 -1.990553 9
-0.869570 -1.520980 -1.993330 9
-0.933244 -1.470877 -1.994516 9
-0.960777 -1.511426 -1.998301 9
-1.008000 -1.504373 -2.000893 9
-1.072198 -1.459576 -2.002644 9
-1.127422 -1.437864 -2.005139 9
-1.175967 -1.432589 -2.008172 9
-1.216888 -1.444606 -2.011727 9
-1.376284 -1.210972 -2.009917 9
-1.414961 -1.233836 -2.014109 9
-1.340264 -1.481013 -2.022984 9
1.051156 6.008716 -1.575806 5
0.941516 5.966648 -1.574740 5
0.833122 5.960975 -1.572217 5
0.724969 6.013852 -1.567177 5
0.615983 6.044091 -1.563388 5
0.507185 6.028010 -1.561982 5
0.065380 6.129668 -1.550625 5
-0.029774 5.893718 -1.560782 5
-0.138255 5.897995 -1.559703 5
0.257759 -0.177833 -1.849894 10
0.218741 -0.305158 -1.855782 10
0.181270 -0.424740 -1.861404 10
0.139522 -0.486412 -1.864347 10
0.097930 -0.540468 -1.867018 10
0.075352 -0.732914 -1.876406 9
0.048363 -0.868405 -1.883143 9
0.000342 -0.847029 -1.882459 9
-0.014279 -1.038308 -1.892003 9
-0.037096 -1.160079 -1.898288 9
-0.058019 -1.279977 -1.904539 9
-0.086548 -1.347930 -1.908383 9
-0.116630 -1.402099 -1.911636 9
-0.309912 -0.668467 -1.877986 9
-0.361733 -0.650200 -1.878138 9
-0.408162 -0.658009 -1.879607 9
-0.281791 -1.392077 -1.914753 9
-0.322052 -1.395956 -1.916035 9
-0.369953 -1.370652 -1.916065 9
-0.416789 -1.351956 -1.916495 9
-0.447072 -1.394866 -1.919799 9
-0.493712 -1.378776 -1.920524 9
-0.531929 -1.392741 -1.922679 9
-0.552416 -1.463937 -1.927427 9
-0.590449 -1.476309 -1.929646 9
-0.619835 -1.514879 -1.933071 9
-0.651508 -1.545102 -1.936195 9
-0.699660 -1.527258 -1.937354 9
-0.719843 -1.588641 -1.941921 9
-0.767575 -1.573175 -1.943356 9
-0.820681 -1.545282 -1.944396 9
-0.891096 -1.475687 -1.943893 9
-0.913177 -1.530153 -1.948458 9
-0.974390 -1.488306 -1.949320 9
-1.040130 -1.438796 -1.950042 9
-1.080853 -1.449786 -1.953200 9
-1.127299 -1.448290 -1.955988 9
-1.181235 -1.431409 -1.958330 9
-1.203523 -1.483296 -1.963233 9
-1.246221 -1.491289 -1.966651 9
-1.422491 -1.229704 -1.961082 9
-1.422283 -1.329596 -1.967945 9
-1.426015 -1.418223 -1.974397 9
1.163187 5.985358 -1.452182 5
1.053862 5.971525 -1.449784 5
0.945131 5.970859 -1.446842 5
0.838482 6.143497 -1.434126 5
-0.031078 5.926071 -1.431740 5
0.299735 -0.055959 -1.783451 10
0.263956 -0.251639 -1.794636 10
0.220278 -0.322530 -1.798566 10
0.181915 -0.433087 -1.804936 10
0.143057 -0.521128 -1.810071 10
0.096555 -0.533024 -1.810793 10
0.064341 -0.653228 -1.818003 9
0.013665 -0.626333 -1.816607 9
-0.005469 -0.813845 -1.827949 9
-0.058953 -0.764499 -1.825396 9
-0.099296 -0.799128 -1.827876 9
-0.078333 -1.172836 -1.850344 9
-0.097995 -1.293778 -1.857993 9
-0.126937 -1.356867 -1.862306 9
-0.174853 -1.323806 -1.861073 9
-0.205981 -1.371273 -1.864607 9
-0.286695 -1.198316 -1.855442 9
-0.446134 -0.710367 -1.828271 9
-0.482097 -0.759499 -1.832255 9
-0.365128 -1.397294 -1.869953 9
-0.413081 -1.373948 -1.869783 9
-0.458446 -1.362329 -1.870371 9
-0.481874 -1.428200 -1.875408 9
-0.511531 -1.469491 -1.879109 9
-0.552231 -1.473103 -1.880770 9
-0.581712 -1.512296 -1.884475 9
-0.637777 -1.469289 -1.883730 9
-0.677777 -1.476810 -1.885852 9
-0.711818 -1.501600 -1.888985 9
-0.751806 -1.509270 -1.891266 9
-0.790195 -1.521557 -1.893873 9
-0.858209 -1.456671 -1.892509 9
-0.896664 -1.471085 -1.895420 9
-0.921877 -1.518187 -1.900088 9
-1.011797 -1.408156 -1.896815 9
-1.043688 -1.440402 -1.900909 9
-1.086794 -1.446252 -1.903753 9
-1.118755 -1.477401 -1.907926 9
-1.170255 -1.465480 -1.910080 9
-1.216091 -1.466942 -1.912989 9
-1.262247 -1.468513 -1.916005 9
-1.351602 -1.383743 -1.915149 9
-1.401075 -1.382310 -1.918305 9
-1.437563 -1.406811 -1.922729 9
-1.502490 -1.377593 -1.924883 9
1.277363 6.000180 -1.326448 5
1.166359 5.961144 -1.325745 5
1.058409 5.994376 -1.320330 5
0.080598 5.890148 -1.307828 5
-0.032757 5.964366 -1.301397 5
0.312564 -0.227625 -1.734481 10
0.270474 -0.329325 -1.741222 10
0.229766 -0.425806 -1.747696 10
0.187863 -0.493355 -1.752231 10
0.148492 -0.572818 -1.757691 10
0.098611 -0.553887 -1.756318 10
0.070231 -0.702762 -1.766827 9
0.022744 -0.696130 -1.766482 10
-0.024628 -0.691933 -1.766389 10
-0.057053 -0.782490 -1.773030 9
-0.091352 -0.852438 -1.778294 9
-0.147996 -0.791104 -1.774435 10
-0.115389 -1.208388 -1.804128 9
-0.217266 -0.909955 -1.783855 9
-0.271850 -0.866733 -1.781514 9
-0.304852 -0.926811 -1.786446 9
-0.270613 -1.276273 -1.811490 9
-0.269095 -1.460321 -1.825049 9
-0.317080 -1.431402 -1.823936 9
-0.370657 -1.383867 -1.821633 9
-0.390606 -1.465598 -1.828269 9
-0.434097 -1.457831 -1.828842 9
-0.480996 -1.439582 -1.828783 9
-0.520076 -1.449405 -1.830709 9
-0.552200 -1.481749 -1.834219 9
-0.588506 -1.499702 -1.836823 9
-0.646513 -1.451717 -1.835111 9
-0.677841 -1.485552 -1.838922 9
-0.716568 -1.497108 -1.841325 9
-0.762680 -1.488398 -1.842477 9
-0.820617 -1.449307 -1.841752 9
-0.863284 -1.452914 -1.843894 9
-0.885463 -1.508946 -1.849467 9
-0.932664 -1.501155 -1.851027 9
-1.001904 -1.441753 -1.849443 9
-1.035554 -1.469306 -1.853427 9
-1.081695 -1.467860 -1.855682 9
-1.117109 -1.491091 -1.859540 9
-1.173332 -1.468996 -1.860723 9
-1.225483 -1.457396 -1.862658 9
-1.266222 -1.470694 -1.866179 9
-1.311702 -1.474680 -1.869238 9
-1.357924 -1.477878 -1.872347 9
-1.418300 -1.454624 -1.874048 9
-1.539977 -1.318276 -1.869537 9
-1.573474 -1.350647 -1.874696 9
-1.624803 -1.350524 -1.878143 9
1.393990 6.039030 -1.198407 5
1.280015 5.964008 -1.200811 5
1.171970 5.996917 -1.194909 5
0.643595 3.106124 -1.413125 2
0.571804 2.473343 -1.462374 11
0.482896 2.972250 -1.420728 2
0.419724 2.470570 -1.459890 11
0.339803 2.555088 -1.451882 11
0.259219 2.620881 -1.445495 12
0.356581 -0.121165 -1.667182 10
0.316217 -0.274480 -1.679108 10
0.270119 -0.324205 -1.682716 10
0.229965 -0.428702 -1.690873 10
0.191629 -0.532223 -1.699042 10
0.155776 -0.640991 -1.707727 10
0.100682 -0.574841 -1.702231 10
0.065792 -0.673406 -1.710244 10
0.019925 -0.681254 -1.710936 10
-0.023511 -0.705077 -1.713007 10
-0.053682 -0.809625 -1.721730 10
-0.095953 -0.831801 -1.723812 10
-0.156641 -0.749920 -1.717502 9
-0.208011 -0.726493 -1.716033 9
-0.224070 -0.883242 -1.729266 10
-0.272986 -0.869062 -1.728692 9
-0.319118 -0.869684 -1.729395 9
-0.359873 -0.894524 -1.732130 9
-0.303821 -1.322637 -1.767418 9
-0.415989 -1.042445 -1.745703 9
-0.364908 -1.413964 -1.776411 9
-0.410979 -1.398004 -1.776060 9
-0.464546 -1.357169 -1.773807 9
-0.476911 -1.461987 -1.783215 9
-0.516390 -1.470125 -1.784987 9
-0.556594 -1.476135 -1.786660 9
-0.585103 -1.518913 -1.791290 9
-0.645543 -1.463494 -1.788288 9
-0.685133 -1.473157 -1.790465 9
-0.724101 -1.484766 -1.792863 9
-0.764830 -1.491627 -1.794963 9
-0.830290 -1.432818 -1.792100 9
-0.852303 -1.490865 -1.798277 9
-0.887312 -1.513708 -1.801815 9
-0.978523 -1.398097 -1.794982 9
-1.004272 -1.445899 -1.800577 9
-1.033477 -1.483989 -1.805486 9
-1.076375 -1.489885 -1.808066 9
-1.133485 -1.464870 -1.808461 9
-1.176624 -1.472054 -1.811315 9
-1.213684 -1.492521 -1.815207 9
-1.263337 -1.486980 -1.817308 9
-1.285826 -1.537039 -1.823446 9
-1.378821 -1.447476 -1.819818 9
-1.472603 -1.361364 -1.816648 9
-1.525539 -1.356462 -1.819285 9
-1.580770 -1.348487 -1.821824 9
-1.682363 -1.258839 -1.818988 9
-1.814814 -1.120028 -1.813136 9
-1.957764 -0.970183 -1.806900 9
1.395086 5.977454 -1.074724 5
1.286524 6.004236 -1.068882 5
0.811898 3.248605 -1.307582 2
0.725963 2.491690 -1.374660 11
0.649663 2.473989 -1.374600 11
0.580145 2.053178 -1.411599 2
0.506420 2.109920 -1.405026 2
0.433239 2.119216 -1.402909 6
0.360762 2.107627 -1.402825 11
0.294598 1.982456 -1.413334 11
0.362300 -0.205130 -1.614500 10
0.320615 -0.331523 -1.625621 10
0.273798 -0.367701 -1.628491 10
0.235790 -0.492374 -1.639643 10
0.197545 -0.592100 -1.648573 10
0.153372 -0.622456 -1.651151 10
0.102377 -0.592670 -1.648224 10
0.059674 -0.631312 -1.651719 10
0.021716 -0.699142 -1.657996 10
-0.006585 -0.823139 -1.669558 10
-0.062666 -0.759687 -1.663793 10
-0.101624 -0.804951 -1.668187 10
-0.147959 -0.805118 -1.668468 10
-0.170880 -0.929397 -1.680315 10
-0.218319 -0.919471 -1.679795 10
-0.255343 -0.960952 -1.684099 10
-0.303137 -0.950454 -1.683666 10
-0.353518 -0.930422 -1.682429 9
-0.407504 -0.897845 -1.680115 9
-0.452913 -0.903056 -1.681356 9
-0.486213 -0.955272 -1.686979 9
-0.430677 -1.333189 -1.722450 9
-0.456979 -1.392486 -1.728756 9
-0.493298 -1.413899 -1.731654 9
-0.525415 -1.448555 -1.735813 9
-0.566715 -1.452179 -1.737214 9
-0.603861 -1.469231 -1.739893 9
-0.638351 -1.493954 -1.743323 9
-0.680525 -1.495519 -1.744732 9
-0.724819 -1.491765 -1.745735 9
-0.770873 -1.484176 -1.746473 9
-0.819126 -1.471944 -1.746877 9
-0.848884 -1.509079 -1.751720 9
-0.888306 -1.520624 -1.754361 9
-0.931484 -1.523133 -1.756279 9
-0.983175 -1.506006 -1.756565 9
-1.023646 -1.516632 -1.759344 9
-1.108494 -1.427090 -1.753580 9
-1.146317 -1.446620 -1.757310 9
-1.176980 -1.481437 -1.762402 9
-1.253351 -1.419439 -1.759369 9
-1.321228 -1.378663 -1.758272 9
-1.373976 -1.370950 -1.760064 9
-1.419310 -1.378967 -1.763256 9
-1.455283 -1.405385 -1.768040 9
-1.516001 -1.385328 -1.769104 9
-1.605799 -1.314015 -1.766155 9
-1.683198 -1.268890 -1.765499 9
-1.775665 -1.200381 -1.763158 9
-1.882919 -1.110542 -1.759350 9
1.510639 5.983319 -0.948899 5
1.402669 6.023395 -0.941315 5
1.291607 6.015791 -0.938691 5
0.869311 1.958065 -1.343126 2
0.797609 1.945370 -1.342643 2
0.726404 2.005803 -1.334781 2
0.655189 1.882842 -1.345814 2
0.586182 1.768159 -1.356148 2
0.520187 1.620185 -1.370054 6
0.449075 1.698591 -1.360758 6
0.374845 1.812161 -1.347901 2
0.409204 -0.122091 -1.546971 10
0.365751 -0.253651 -1.559906 10
0.321768 -0.344383 -1.568711 10
0.281232 -0.456478 -1.579824 10
0.241418 -0.553899 -1.589503 10
0.188931 -0.509812 -1.584555 10
0.158453 -0.670845 -1.601006 10
0.110692 -0.664922 -1.600167 10
0.065834 -0.682809 -1.601873 10
0.030926 -0.769591 -1.610819 10
-0.009582 -0.808840 -1.614885 10
-0.051420 -0.835835 -1.617740 10
-0.082717 -0.922390 -1.626860 10
-0.126567 -0.930667 -1.627894 10
-0.169109 -0.945769 -1.629702 10
-0.212096 -0.957955 -1.631271 10
-0.255464 -0.967982 -1.632679 10
-0.289757 -1.019143 -1.638419 10
-0.344877 -0.976141 -1.634455 10
-0.400351 -0.936087 -1.630872 10
-0.472105 -0.835053 -1.621063 9
-0.536786 -0.769893 -1.615056 9
-0.529687 -0.975666 -1.637066 9
-0.572755 -0.988722 -1.639245 9
-0.497043 -1.409423 -1.683345 9
-0.538286 -1.414351 -1.684733 9
-0.586625 -1.396982 -1.683904 9
-0.622446 -1.420315 -1.687299 9
-0.650519 -1.466199 -1.693042 9
-0.674603 -1.521625 -1.699794 9
-0.750715 -1.427741 -1.691477 9
-0.770389 -1.494650 -1.699499 9
-0.815323 -1.491348 -1.700489 9
-0.854044 -1.505068 -1.703256 9
-0.898434 -1.504582 -1.704664 9
-0.945989 -1.497188 -1.705457 9
-0.977423 -1.529342 -1.710244 9
-1.080162 -1.395410 -1.698698 9
-1.104202 -1.446833 -1.705541 9
-1.144180 -1.461434 -1.708815 9
-1.192900 -1.457391 -1.710340 9
-1.258411 -1.419228 -1.708647 9
-1.326249 -1.378993 -1.706873 9
-1.364433 -1.400712 -1.711154 9
-1.435897 -1.357437 -1.709311 9
-1.470201 -1.387811 -1.714570 9
-1.491806 -1.441354 -1.722060 9
-1.591444 -1.351422 -1.716174 9
-1.705668 -1.240423 -1.708540 9
-1.878449 -1.033294 -1.692294 9
-1.938518 -1.028030 -1.694881 9
1.632377 6.055033 -0.815333 5
1.513585 5.952582 -0.823132 5
1.403371 5.955966 -0.819285 5
0.882569 2.439403 -1.204801 11
0.798525 1.854447 -1.269238 2
0.727693 1.826828 -1.270722 2
0.657044 1.856408 -1.265802 2
0.589606 1.643253 -1.288640 6
0.520675 1.650527 -1.286478 6
0.453050 1.615183 -1.289279 6
0.385685 1.588174 -1.291227 6
0.413914 -0.199807 -1.495231 10
0.370175 -0.317546 -1.508031 10
0.326453 -0.405431 -1.517496 10
0.284533 -0.495463 -1.527294 10
0.242466 -0.565947 -1.534923 10
0.198308 -0.603498 -1.538833 10
0.154463 -0.638172 -1.542479 10
0.110991 -0.671206 -1.546004 10
0.065428 -0.684267 -1.547288 10
0.030269 -0.770031 -1.557029 10
-0.008474 -0.821767 -1.562907 10
-0.044516 -0.884810 -1.570153 10
-0.089339 -0.889941 -1.570772 10
-0.131525 -0.909927 -1.573166 10
-0.171540 -0.940045 -1.576790 10
-0.218940 -0.931138 -1.575969 10
-0.262628 -0.941535 -1.577436 10
-0.302363 -0.969732 -1.581014 10
-0.326232 -1.065120 -1.592386 10
-0.399251 -0.949049 -1.579472 10
-0.430478 -1.009839 -1.586974 10
-0.486418 -0.972013 -1.583200 10
-0.572160 -0.828006 -1.567324 10
-0.571392 -1.002641 -1.588047 9
-0.675314 -0.807113 -1.566449 9
-0.674661 -0.971801 -1.586113 9
-0.592516 -1.386857 -1.634315 9
-0.752889 -1.025691 -1.594104 9
-0.652479 -1.469155 -1.645471 9
-0.717823 -1.405039 -1.639186 9
-0.735272 -1.480359 -1.648757 9
-0.775682 -1.489322 -1.650867 9
-0.828965 -1.464415 -1.649226 9
-0.866137 -1.483231 -1.652567 9
-0.907459 -1.491409 -1.654772 9
-0.929313 -1.547415 -1.662371 9
-1.016033 -1.447302 -1.652641 9
-1.089081 -1.384823 -1.647222 9
-1.115849 -1.430610 -1.653874 9
-1.171786 -1.410904 -1.653355 9
-1.206791 -1.437839 -1.658037 9
-1.268544 -1.408450 -1.656620 9
-1.302382 -1.438248 -1.661738 9
-1.346973 -1.446112 -1.664530 9
-1.451664 -1.337644 -1.654859 9
-1.482413 -1.375498 -1.661066 9
-1.619337 -1.215460 -1.646203 9
-1.689177 -1.185253 -1.645379 9
-1.799391 -1.085700 -1.637357 9
-1.863905 -1.070811 -1.638430 9
1.630913 5.969125 -0.695459 5
1.520942 5.983995 -0.690083 5
1.407908 5.951571 -0.690671 5
1.294392 5.895564 -0.694333 5
1.062607 3.014894 -1.048072 12
0.952996 2.174882 -1.150128 11
0.874966 2.002213 -1.169696 11
0.802684 2.008460 -1.167141 11
0.729668 1.850515 -1.185171 2
0.658797 1.846217 -1.184143 2
0.590904 1.653292 -1.206830 6
0.521881 1.652691 -1.205551 6
0.454174 1.613391 -1.209218 6
0.462593 -0.128728 -1.427176 10
0.418321 -0.272162 -1.444412 10
0.376272 -0.407889 -1.460781 10
0.330092 -0.452268 -1.465716 10
0.283408 -0.481066 -1.468754 10
0.241800 -0.559492 -1.478132 10
0.201077 -0.632526 -1.486902 10
0.155558 -0.650923 -1.488824 10
0.108253 -0.652545 -1.488682 10
0.066441 -0.696516 -1.493964 10
0.033384 -0.797162 -1.506495 10
-0.009933 -0.817702 -1.508930 10
-0.047413 -0.872805 -1.515807 10
-0.090496 -0.889573 -1.517877 10
-0.130581 -0.921904 -1.521979 10
-0.177823 -0.914163 -1.521051 10
-0.219660 -0.934934 -1.523797 10
-0.250598 -1.006261 -1.533007 10
-0.291429 -1.027114 -1.535870 10
-0.329595 -1.058501 -1.540120 10
-0.386629 -1.009789 -1.534280 10
-0.432466 -1.010405 -1.534745 10
-0.463640 -1.067872 -1.542456 10
-0.514741 -1.048497 -1.540504 10
-0.586227 -0.959113 -1.529781 10
-0.601058 -1.070598 -1.544460 10
-0.654780 -1.046877 -1.542143 10
-0.696107 -1.065125 -1.545170 10
-0.763632 -1.002185 -1.538056 9
-0.828848 -0.950992 -1.532500 9
-0.945637 -0.754514 -1.508841 9
-0.732958 -1.495904 -1.602519 9
-0.772595 -1.506881 -1.604824 9
-0.844985 -1.431341 -1.596411 9
-0.869622 -1.483659 -1.603978 9
-0.893121 -1.536737 -1.611670 9
-0.949143 -1.508635 -1.609353 9
-1.012740 -1.464900 -1.605186 9
-1.077361 -1.421907 -1.601199 9
-1.118341 -1.435065 -1.604193 9
-1.162513 -1.441419 -1.606411 9
-1.227540 -1.403771 -1.603323 9
-1.256916 -1.443103 -1.609690 9
-1.302012 -1.449451 -1.612097 9
-1.347170 -1.456252 -1.614622 9
-1.461686 -1.329128 -1.601098 9
-1.595716 -1.171777 -1.584137 9
-1.648354 -1.173192 -1.586356 9
-1.725702 -1.130790 -1.583442 9
-1.809821 -1.079264 -1.579573 9
-1.821530 -1.156338 -1.591000 9
1.633892 5.938640 -0.569734 5
1.524870 5.966965 -0.562471 5
1.412661 5.950504 -0.561350 5
1.146133 2.975570 -0.959407 12
1.022675 2.005507 -1.088232 11
0.949075 1.977159 -1.090135 11
0.876527 1.968758 -1.089428 11
0.805091 2.027897 -1.079631 11
0.731432 1.818125 -1.106490 2
0.660318 1.877738 -1.096797 2
0.592076 1.672075 -1.123377 6
0.520926 1.741986 -1.112440 6
0.453577 1.661569 -1.122135 6
0.467404 -0.222731 -1.379193 10
0.421299 -0.318199 -1.391449 10
0.379195 -0.448428 -1.408566 10
0.331946 -0.474767 -1.411487 10
0.287632 -0.531182 -1.418610 10
0.246906 -0.615352 -1.429623 10
0.202714 -0.650491 -1.433948 10
0.156938 -0.666222 -1.435655 10
0.108957 -0.662168 -1.434686 10
0.068555 -0.717115 -1.441917 10
0.025792 -0.748590 -1.445965 10
-0.008207 -0.834707 -1.457621 10
-0.044371 -0.897683 -1.466136 10
-0.090019 -0.898777 -1.466148 10
-0.131423 -0.923999 -1.469548 10
-0.170792 -0.958068 -1.474222 10
-0.213151 -0.974690 -1.476535 10
-0.252342 -1.005553 -1.480867 10
-0.287379 -1.053203 -1.487570 10
-0.338234 -1.029120 -1.484403 10
-0.378567 -1.051444 -1.487703 10
-0.419804 -1.069190 -1.490419 10
-0.470146 -1.051611 -1.488307 10
-0.525750 -1.016868 -1.483880 10
-0.568291 -1.031717 -1.486352 10
-0.609732 -1.050104 -1.489361 10
-0.639719 -1.105792 -1.497554 10
-0.692337 -1.086549 -1.495481 10
-0.745024 -1.069190 -1.493726 10
-0.808391 -1.021947 -1.487929 10
-0.839755 -1.070948 -1.495398 9
-0.730108 -1.512911 -1.556703 9
-0.810320 -1.413430 -1.543874 9
-0.894275 -1.310611 -1.530682 9
-0.860514 -1.516418 -1.559650 9
-0.880073 -1.578664 -1.569047 9
-0.941447 -1.536866 -1.564337 9
-1.019028 -1.459815 -1.554924 9
-1.085699 -1.412705 -1.549659 9
-1.138364 -1.400242 -1.549155 9
-1.184249 -1.404076 -1.550913 9
-1.236341 -1.395361 -1.551042 9
-1.299573 -1.364791 -1.548309 9
-1.336865 -1.389188 -1.553008 9
-1.391031 -1.379912 -1.553263 9
-1.506874 -1.252683 -1.537906 9
-1.598454 -1.178074 -1.529691 9
-1.647830 -1.185735 -1.532480 9
-1.711577 -1.168085 -1.531999 9
-1.778557 -1.146496 -1.531090 9
-1.840427 -1.135670 -1.531684 9
1.758814 6.025336 -0.430799 5
1.641021 5.959047 -0.436909 5
1.530344 5.971376 -0.431729 5
1.098870 2.015273 -1.003657 11
1.025923 2.016856 -1.001433 11
0.952310 1.997828 -1.002308 11
0.878109 1.936818 -1.009438 11
0.805068 1.872514 -1.017156 2
0.733564 1.873099 -1.015412 2
0.662405 1.806817 -1.023612 2
0.593067 1.703747 -1.037350 6
0.522841 1.716433 -1.034065 6
0.515197 -0.100521 -1.302020 10
0.469045 -0.245222 -1.322542 10
0.426234 -0.400780 -1.344777 10
0.379832 -0.453008 -1.351746 10
0.334289 -0.503960 -1.358591 10
0.289487 -0.552744 -1.365175 10
0.245610 -0.602085 -1.371904 10
0.204151 -0.666481 -1.380939 10
0.163017 -0.723383 -1.388917 10
0.121073 -0.765345 -1.394720 10
0.079081 -0.801507 -1.399710 10
0.039540 -0.850778 -1.406714 10
-0.011959 -0.815543 -1.401122 10
-0.040448 -0.927973 -1.417682 10
-0.088273 -0.915374 -1.415572 10
-0.130229 -0.937342 -1.418686 10
-0.165943 -0.990454 -1.426513 10
-0.202114 -1.036822 -1.433377 10
-0.242343 -1.060400 -1.436873 10
-0.287664 -1.059660 -1.436769 10
-0.336084 -1.046420 -1.434836 10
-0.387681 -1.021985 -1.431273 10
-0.412711 -1.105699 -1.443959 10
-0.482792 -1.012055 -1.430122 10
-0.512459 -1.074451 -1.439702 10
-0.575898 -1.013878 -1.430921 10
-0.610884 -1.055332 -1.437455 10
-0.658480 -1.053320 -1.437534 10
-0.701875 -1.065638 -1.439802 10
-0.745833 -1.076278 -1.441866 10
-0.790010 -1.086449 -1.443907 10
-0.845303 -1.064806 -1.441254 10
-1.007193 -0.747370 -1.394614 9
-1.008823 -0.884316 -1.415709 9
-0.892484 -1.325019 -1.481948 9
-1.136616 -0.819072 -1.407597 9
-1.192845 -0.809628 -1.407077 9
-1.197621 -0.926207 -1.425272 9
-1.237224 -0.955469 -1.430569 9
-1.104559 -1.379438 -1.494164 9
-1.141136 -1.404194 -1.498792 9
-1.179816 -1.423980 -1.502729 9
-1.226176 -1.427333 -1.504297 9
-1.266730 -1.443430 -1.507786 9
-1.369891 -1.332967 -1.492808 9
-1.402464 -1.368054 -1.499199 9
-1.477471 -1.320563 -1.493599 9
-1.549993 -1.280862 -1.489221 9
-1.678105 -1.141536 -1.470489 9
-1.717203 -1.169670 -1.476137 9
-1.768499 -1.176080 -1.478697 9
-1.874441 -1.089137 -1.467890 9
1.757843 5.951342 -0.311008 5
1.649517 5.995595 -0.300664 5
1.175038 2.013704 -0.920378 11
1.101329 2.005468 -0.919645 11
1.027737 1.994754 -0.919376 11
0.952517 1.927971 -0.928043 11
0.881775 1.992250 -0.916064 11
0.809975 2.067946 -0.902312 11
0.735398 1.855748 -0.934297 2
0.664005 1.825975 -0.937441 2
0.592040 1.872971 -0.928442 2
0.525344 1.666657 -0.959861 6
0.519909 -0.214441 -1.258651 10
0.472275 -0.303999 -1.272000 10
0.426505 -0.396701 -1.285930 10
0.384193 -0.516344 -1.304248 10
0.338472 -0.558341 -1.310206 10
0.291802 -0.579854 -1.312935 10
0.247009 -0.617917 -1.318369 10
0.203773 -0.664755 -1.325266 10
0.163071 -0.726819 -1.334664 10
0.122423 -0.780181 -1.342718 10
0.079815 -0.811543 -1.347283 10
0.042110 -0.873942 -1.356895 10
0.000938 -0.906170 -1.361696 10
-0.042897 -0.918785 -1.363381 10
-0.093371 -0.892072 -1.358765 10
-0.125197 -0.971797 -1.371360 10
-0.164890 -1.002959 -1.376166 10
-0.222306 -0.943971 -1.366461 10
-0.254165 -1.012076 -1.377314 10
-0.293139 -1.042737 -1.382165 10
-0.319863 -1.124297 -1.395277 10
-0.374428 -1.084937 -1.388902 10
-0.426714 -1.058611 -1.384672 10
-0.486091 -1.008216 -1.376597 10
-0.523829 -1.041634 -1.382098 10
-0.575989 -1.022628 -1.379177 10
-0.616614 -1.045015 -1.382980 10
-0.663919 -1.044797 -1.383177 10
-0.708946 -1.052672 -1.384721 10
-0.755065 -1.057543 -1.385824 10
-0.835215 -0.961950 -1.370783 10
-0.876663 -0.984482 -1.374825 10
-0.924324 -0.989216 -1.376045 10
-0.994331 -0.934089 -1.367682 10
-1.046058 -0.931098 -1.367757 10
-1.092467 -0.942773 -1.370236 10
-1.165116 -0.889587 -1.362355 9
-1.260861 -0.784447 -1.346212 9
-1.359570 -0.678902 -1.330089 9
-1.104718 -1.389179 -1.444534 9
-1.173130 -1.342994 -1.437924 9
-1.208674 -1.371459 -1.443290 9
-1.272568 -1.339301 -1.439032 9
-1.277307 -1.431928 -1.454693 9
-1.345080 -1.393791 -1.449584 9
-1.394194 -1.395115 -1.450803 9
-1.506213 -1.276264 -1.433038 9
-1.536873 -1.316732 -1.440580 9
-1.706689 -1.100726 -1.407672 9
-1.781380 -1.066177 -1.403534 9
-1.841819 -1.059192 -1.403809 9
1.767613 5.993972 -0.172869 5
1.655252 5.998139 -0.168839 5
1.285852 2.480233 -0.757993 11
1.177850 2.007611 -0.835527 11
1.103795 1.995754 -0.835539 11
1.031168 2.009735 -0.831247 11
0.957681 2.004910 -0.830195 11
0.883926 1.983567 -0.832009 11
0.811265 2.006982 -0.826288 11
0.738225 2.043444 -0.818396 11
0.665053 1.961536 -0.830712 11
0.592068 1.975013 -0.826852 11
0.569757 -0.106465 -1.180772 10
0.522785 -0.275413 -1.208608 10
0.476287 -0.380881 -1.225685 10
0.431177 -0.474750 -1.240853 10
0.385006 -0.523754 -1.248400 10
0.339536 -0.570107 -1.255546 10
0.292135 -0.583040 -1.257003 10
0.248780 -0.637763 -1.265687 10
0.205570 -0.684253 -1.273008 10
0.158842 -0.692127 -1.273728 10
0.117954 -0.747374 -1.282651 10
0.079904 -0.816691 -1.294051 10
0.045788 -0.904873 -1.308757 10
0.000269 -0.907295 -1.308710 10
-0.043856 -0.918852 -1.310277 10
-0.084955 -0.947490 -1.314834 10
-0.136658 -0.915502 -1.308948 10
-0.159136 -1.039941 -1.330152 10
-0.214817 -0.988443 -1.320962 10
-0.246111 -1.057619 -1.332691 10
-0.284365 -1.089988 -1.338088 10
-0.320376 -1.129976 -1.344843 10
-0.371250 -1.106201 -1.340591 10
-0.454682 -0.956570 -1.314568 10
-0.484268 -1.023864 -1.326161 10
-0.526265 -1.041591 -1.329204 10
-0.569949 -1.052929 -1.331176 10
-0.621105 -1.038977 -1.328803 10
-0.657902 -1.073845 -1.334925 10
-0.710842 -1.056163 -1.331980 10
-0.774310 -1.008287 -1.323846 10
-0.826797 -0.996863 -1.322065 10
-0.888224 -0.961377 -1.316159 10
-0.934275 -0.971721 -1.318227 10
-0.978939 -0.986108 -1.321032 10
-1.030524 -0.982421 -1.320751 10
-1.105523 -0.920211 -1.310400 10
-1.197971 -0.819160 -1.293396 10
-1.265985 -0.783424 -1.287728 9
-1.369138 -0.668169 -1.268397 9
-1.410723 -0.700532 -1.274581 9
-1.158276 -1.386358 -1.393332 9
-1.395916 -0.975813 -1.323291 9
-1.445499 -0.984211 -1.325436 9
-1.424999 -1.137721 -1.352547 9
-1.349922 -1.394661 -1.397395 9
-1.434794 -1.326056 -1.386402 9
-1.516829 -1.267027 -1.377119 9
-1.651591 -1.112824 -1.351633 9
-1.734656 -1.061315 -1.343797 9
-1.784150 -1.073240 -1.346852 9
-1.830522 -1.091124 -1.350967 9
1.768903 5.944786 -0.049715 5
1.659518 5.982759 -0.039675 5
1.255659 2.019790 -0.749208 11
1.182103 2.024063 -0.746429 11
1.105936 1.979947 -0.752429 2
1.031448 1.952849 -0.755432 11
0.958278 1.947152 -0.754630 11
0.885019 1.931728 -0.755644 11
0.813385 2.003709 -0.740869 11
0.739753 1.956592 -0.747735 11
0.666766 1.968634 -0.743920 11
0.598174 1.658054 -0.798862 10
0.573852 -0.235962 -1.142457 10
0.525801 -0.340942 -1.160561 10
0.478827 -0.424466 -1.174824 10
0.432879 -0.497470 -1.187230 10
0.389661 -0.591913 -1.203618 10
0.341194 -0.589985 -1.202425 10
0.292374 -0.585107 -1.200724 10
0.252272 -0.676164 -1.216651 10
0.209028 -0.719949 -1.223960 10
0.165008 -0.749986 -1.228788 10
0.119251 -0.761797 -1.230305 10
0.076804 -0.797713 -1.236291 10
0.044136 -0.898264 -1.254218 10
0.009978 -0.976675 -1.268120 10
-0.039280 -0.953088 -1.263269 10
-0.084334 -0.957484 -1.263604 10
-0.133586 -0.939178 -1.259781 10
-0.159792 -1.043494 -1.278625 10
-0.203563 -1.051408 -1.279710 10
-0.240782 -1.090210 -1.286534 10
-0.282773 -1.104858 -1.288928 10
-0.313336 -1.168079 -1.300336 10
-0.388076 -1.045194 -1.277356 10
-0.437620 -1.032481 -1.274778 10
-0.481586 -1.042737 -1.276481 10
-0.505213 -1.127159 -1.291944 10
-0.566173 -1.075205 -1.282195 10
-0.622448 -1.043650 -1.276252 10
-0.672255 -1.036270 -1.274815 10
-0.739188 -0.976190 -1.263651 10
-0.779263 -1.002920 -1.268595 10
-0.822495 -1.019499 -1.271691 10
-0.893376 -0.956765 -1.260134 10
-0.912960 -1.041159 -1.275854 10
-0.980635 -0.991894 -1.266859 10
-1.037669 -0.974226 -1.263751 10
-1.146595 -0.826590 -1.236628 10
-1.216479 -0.784564 -1.229093 10
-1.287712 -0.742550 -1.221601 10
-1.455061 -0.478925 -1.173184 10
-1.634072 -0.203574 -1.122678 9
-1.449629 -0.986959 -1.268681 9
-1.485489 -1.024460 -1.276086 9
-1.520178 -1.063490 -1.283803 9
-1.533105 -1.144301 -1.299245 9
-1.593916 -1.130671 -1.297325 9
-1.607685 -1.206603 -1.311917 9
-1.735497 -1.071722 -1.287793 9
-1.770148 -1.110266 -1.295590 9
1.777280 5.971612 0.087344 5
1.330979 1.992949 -0.669677 11
1.245690 1.838437 -0.697237 2
1.171831 1.813463 -0.700106 2
1.099459 1.805416 -0.699785 2
1.032633 1.916979 -0.676537 2
0.963904 2.035148 -0.652009 11
0.888498 1.976605 -0.661498 11
0.814908 1.960499 -0.662878 11
0.741868 1.985779 -0.656320 10
0.670150 1.599067 -0.729407 10
0.624335 -0.081416 -1.052983 10
0.576189 -0.293901 -1.093006 10
0.528509 -0.397838 -1.112103 10
0.482255 -0.488618 -1.128718 10
0.436027 -0.547359 -1.139173 10
0.391503 -0.615662 -1.151537 10
0.344361 -0.630564 -1.153561 10
0.302315 -0.704282 -1.167074 10
0.253705 -0.692360 -1.163943 10
0.206748 -0.699682 -1.164591 10
0.170172 -0.798863 -1.183204 10
0.127002 -0.828943 -1.188370 10
0.083892 -0.855795 -1.192940 10
0.047604 -0.927667 -1.206354 10
0.004295 -0.944830 -1.209099 10
-0.042540 -0.938972 -1.207363 10
-0.080796 -0.984406 -1.215708 10
-0.128441 -0.974173 -1.213167 10
-0.174047 -0.976438 -1.213102 10
-0.209052 -1.031597 -1.223453 10
-0.233629 -1.131294 -1.242593 10
-0.288640 -1.086282 -1.233324 10
-0.309443 -1.192599 -1.253840 10
-0.391475 -1.039538 -1.223355 10
-0.427022 -1.082707 -1.231502 10
-0.469481 -1.097191 -1.234031 10
-0.521815 -1.075510 -1.229463 10
-0.574728 -1.054240 -1.224999 10
-0.632210 -1.019917 -1.217984 10
-0.681348 -1.016035 -1.216995 10
-0.722727 -1.037728 -1.221075 10
-0.784359 -0.997179 -1.212905 10
-0.838243 -0.982951 -1.209953 10
-0.898798 -0.951446 -1.203618 10
-0.905120 -1.072998 -1.227512 10
-0.977809 -1.009855 -1.214988 10
-1.036936 -0.986674 -1.210377 10
-1.172120 -0.772878 -1.168175 10
-1.226336 -0.771505 -1.167926 10
-1.261588 -0.816658 -1.176888 10
-1.607225 -0.786152 -1.171832 9
-1.661298 -0.792419 -1.173340 9
-1.602166 -1.020721 -1.218627 9
-1.639901 -1.054456 -1.225595 9
-1.684603 -1.074653 -1.229926 9
-1.742753 -1.070443 -1.229483 9
1.782030 5.959337 0.217679 5
1.317184 1.785826 -0.624854 2
1.244958 1.783313 -0.623470 2
1.174592 1.807442 -0.616713 2
1.101397 1.787059 -0.619033 2
1.029654 1.788658 -0.616925 2
0.965200 1.997546 -0.572597 11
0.892542 2.042275 -0.561709 11
0.817161 1.965675 -0.575626 10
0.741118 1.502229 -0.668738 10
0.673577 1.179136 -0.733351 10
0.627390 -0.219100 -1.018508 10
0.577690 -0.317420 -1.037568 10
0.530982 -0.448176 -1.063355 10
0.484412 -0.523792 -1.077883 10
0.437936 -0.574106 -1.087256 10
0.392279 -0.622552 -1.096288 10
0.349094 -0.692637 -1.109821 10
0.306862 -0.758378 -1.122506 10
0.257984 -0.739245 -1.117708 10
0.220044 -0.831234 -1.135892 10
0.176951 -0.862056 -1.141477 10
0.127124 -0.833715 -1.134844 10
0.086359 -0.878894 -1.143455 10
0.056460 -0.994859 -1.166777 10
0.004733 -0.953235 -1.157457 10
-0.037278 -0.977365 -1.161798 10
-0.083486 -0.975186 -1.160699 10
-0.130496 -0.969688 -1.158930 10
-0.154083 -1.087057 -1.182742 10
-0.188661 -1.139350 -1.193056 10
-0.235698 -1.129031 -1.190361 10
-0.266050 -1.195109 -1.203606 10
-0.307338 -1.209419 -1.206090 10
-0.381842 -1.087301 -1.180130 10
-0.445525 -1.018481 -1.165290 10
-0.485927 -1.043759 -1.170109 10
-0.524538 -1.074470 -1.176088 10
-0.591763 -1.003769 -1.160892 10
-0.636728 -1.013995 -1.162629 10
-0.659928 -1.095184 -1.179236 10
-0.728333 -1.029692 -1.165175 10
-0.777330 -1.028365 -1.164559 10
-0.828993 -1.020166 -1.162524 10
-0.891174 -0.983390 -1.154522 10
-0.952150 -0.953081 -1.147891 10
-1.000009 -0.960670 -1.149223 10
-1.088354 -0.863327 -1.128575 10
-1.186167 -0.748506 -1.104274 10
-1.280692 -0.649129 -1.083225 10
1.788037 5.960193 0.351146 5
1.321188 1.791016 -0.538962 2
1.242678 1.707991 -0.554926 6
1.166175 1.629181 -0.570055 6
1.096841 1.650863 -0.563652 6
1.028742 1.707840 -0.549671 6
0.966390 1.957365 -0.494214 11
0.893541 1.986778 -0.486136 10
0.813302 1.581401 -0.571937 10
0.740869 1.145497 -0.664545 10
0.680071 -0.068405 -0.925672 10
0.629391 -0.284080 -0.971192 10
0.579705 -0.362868 -0.987154 10
0.532674 -0.475509 -1.010512 10
0.487051 -0.570256 -1.030049 10
0.441491 -0.631881 -1.042443 10
0.395949 -0.675354 -1.050930 10
0.351299 -0.720093 -1.059726 10
0.306993 -0.759154 -1.067319 10
0.264236 -0.807391 -1.076944 10
0.221479 -0.847140 -1.084751 10
0.182734 -0.916331 -1.099022 10
0.138415 -0.929615 -1.101107 10
0.091901 -0.925164 -1.099330 10
0.057355 -1.006097 -1.116270 10
0.010539 -0.996813 -1.113476 10
-0.030393 -1.025661 -1.119059 10
-0.075687 -1.026720 -1.118565 10
-0.123442 -1.015030 -1.115286 10
-0.158494 -1.071171 -1.126930 10
-0.199404 -1.093693 -1.131210 10
-0.236094 -1.134639 -1.139567 10
-0.279194 -1.144015 -1.140996 10
-0.342415 -1.067494 -1.123507 10
-0.376345 -1.118021 -1.134034 10
-0.428789 -1.092681 -1.127845 10
-0.481417 -1.069487 -1.122138 10
-0.543748 -1.013767 -1.109251 10
-0.592315 -1.011031 -1.108079 10
-0.631635 -1.040461 -1.114037 10
-0.677324 -1.048048 -1.115182 10
-0.721605 -1.060417 -1.117402 10
-0.777470 -1.037720 -1.111870 10
-0.836631 -1.007683 -1.104720 10
-0.895069 -0.982475 -1.098650 10
-0.969893 -0.914523 -1.083105 10
-1.039074 -0.866635 -1.072016 10
-1.095148 -0.856524 -1.069322 10
-1.169976 -0.800614 -1.056467 10
-1.299456 -0.614714 -1.014726 10
1.415854 1.985165 -0.411721 11
1.323183 1.772361 -0.457926 2
1.247974 1.733995 -0.464818 6
1.171126 1.657496 -0.480381 6
1.100071 1.656694 -0.478852 6
1.030302 1.682286 -0.471356 6
0.968166 1.934023 -0.412524 11
0.890852 1.789739 -0.443603 10
0.808791 1.169864 -0.582968 10
0.740451 0.790541 -0.667851 10
0.681875 -0.205963 -0.893606 10
0.631023 -0.323383 -0.919234 10
0.582911 -0.459674 -0.949237 10
0.534872 -0.518168 -0.961526 10
0.489778 -0.618952 -0.983530 10
0.442085 -0.634032 -0.985961 10
0.400034 -0.734817 -1.008055 10
0.354118 -0.756001 -1.011940 10
0.306506 -0.752461 -1.010168 10
0.257536 -0.735868 -1.005405 10
0.222978 -0.863669 -1.033861 10
0.189625 -0.980382 -1.059826 10
0.143594 -0.975554 -1.057842 10
0.094981 -0.952810 -1.051734 10
0.054114 -0.988354 -1.059081 10
0.017456 -1.047583 -1.071921 10
-0.030888 -1.028563 -1.066705 10
-0.075338 -1.035089 -1.067402 10
-0.114352 -1.071385 -1.075002 10
-0.159121 -1.074927 -1.075037 10
-0.196565 -1.114898 -1.083528 10
-0.234571 -1.149233 -1.090735 10
-0.294496 -1.083512 -1.074729 10
-0.331640 -1.121498 -1.082808 10
-0.373831 -1.136502 -1.085565 10
-0.404532 -1.196069 -1.098706 10
-0.478609 -1.088759 -1.073014 10
-0.547747 -1.008333 -1.053561 10
-0.576903 -1.073881 -1.068131 10
-0.635339 -1.037343 -1.058909 10
-0.675553 -1.063246 -1.064264 10
-0.733170 -1.033812 -1.056706 10
-0.789938 -1.009770 -1.050409 10
-0.878140 -0.896079 -1.023139 10
-0.924980 -0.907785 -1.025199 10
-0.974891 -0.911260 -1.025344 10
-1.069553 -0.796011 -0.997671 10
-1.118681 -0.806427 -0.999446 10
-1.178112 -0.791287 -0.995235 10
1.421810 2.006525 -0.318630 11
1.328850 1.796563 -0.366712 2
1.255662 1.791028 -0.366295 2
1.176690 1.694518 -0.387550 6
1.104600 1.685404 -0.388040 6
1.042091 1.879191 -0.340155 2
0.972714 1.987513 -0.312597 10
0.881128 1.328644 -0.468332 10
0.804929 0.812320 -0.590284 10
0.736659 -0.061225 -0.798001 10
0.683316 -0.255831 -0.843420 10
0.632868 -0.379514 -0.871922 10
0.584177 -0.474358 -0.893563 10
0.537738 -0.581279 -0.918155 10
0.491797 -0.651425 -0.933956 10
0.448232 -0.740981 -0.954467 10
0.400653 -0.739291 -0.953038 10
0.354365 -0.756621 -0.956202 10
0.306203 -0.747975 -0.953109 10
0.261301 -0.777186 -0.959165 10
0.225341 -0.888605 -0.985114 10
0.186915 -0.959220 -1.001242 10
0.146615 -1.003863 -1.011114 10
0.093043 -0.942649 -0.995350 10
0.057065 -1.014010 -1.011729 10
0.017710 -1.054711 -1.020697 10
-0.014090 -1.137479 -1.039910 10
-0.075221 -1.042131 -1.015841 10
-0.125423 -1.017745 -1.009010 10
-0.157917 -1.088156 -1.025268 10
-0.198531 -1.112520 -1.030331 10
-0.251592 -1.077306 -1.020870 10
-0.283781 -1.139047 -1.035076 10
-0.328599 -1.142450 -1.035052 10
-0.373081 -1.147767 -1.035501 10
-0.403697 -1.207634 -1.049308 10
-0.455510 -1.184103 -1.042711 10
-0.535231 -1.062536 -1.012073 10
-0.596866 -1.013639 -0.999222 10
-0.634484 -1.049557 -1.007181 10
-0.678447 -1.063348 -1.009719 10
-0.755185 -0.974741 -0.987083 10
-0.788240 -1.024778 -0.998537 10
-0.881623 -0.896177 -0.966014 10
-0.928500 -0.908214 -0.968112 10
-0.992723 -0.872838 -0.958519 10
-1.061561 -0.828228 -0.946636 10
-1.113014 -0.832126 -0.946723 10
-1.260426 -0.595748 -0.887407 10
1.427995 2.029801 -0.224088 11
1.350958 2.011011 -0.227035 11
1.277391 2.031347 -0.220233 11
1.207989 2.119165 -0.196570 11
1.117486 1.861807 -0.259179 2
1.049170 1.971005 -0.230176 11
0.972910 1.920225 -0.241201 11
0.874504 0.995200 -0.471436 10
0.801578 0.497625 -0.594829 10
0.737288 -0.185931 -0.765161 10
0.684854 -0.340705 -0.802874 10
0.634612 -0.429350 -0.824022 10
0.586097 -0.517401 -0.845061 10
0.538648 -0.585566 -0.861130 10
0.493020 -0.665438 -0.880183 10
0.449819 -0.762038 -0.903498 10
0.403484 -0.778958 -0.906721 10
0.358928 -0.816525 -0.915175 10
0.310864 -0.803478 -0.910833 10
0.263386 -0.800394 -0.909011 10
0.229673 -0.932685 -0.941518 10
0.184261 -0.938584 -0.942004 10
0.149921 -1.034460 -0.965351 10
0.099711 -0.997258 -0.954903 10
0.056544 -1.015364 -0.958514 10
0.023609 -1.098694 -0.978745 10
-0.011787 -1.157413 -0.992739 10
-0.064707 -1.109089 -0.979446 10
-0.107620 -1.121399 -0.981616 10
-0.154692 -1.111798 -0.978189 10
-0.200716 -1.109119 -0.976528 10
-0.239168 -1.142794 -0.984172 10
-0.293772 -1.102441 -0.972860 10
-0.340285 -1.100848 -0.971468 10
-0.381469 -1.121897 -0.975886 10
-0.419722 -1.153491 -0.983021 10
-0.454494 -1.196459 -0.993092 10
-0.530317 -1.089209 -0.964520 10
-0.591614 -1.041105 -0.951131 10
-0.631037 -1.070430 -0.957680 10
-0.675605 -1.082004 -0.959659 10
-0.733606 -1.051818 -0.950855 10
-0.841842 -0.873140 -0.903649 10
-0.897951 -0.858867 -0.898893 10
-0.939754 -0.886849 -0.905067 10
-0.989508 -0.892297 -0.905410 10
-1.087457 -0.770314 -0.872693 10
-1.176873 -0.678422 -0.847728 10
1.428198 1.990742 -0.144764 11
1.355580 2.021057 -0.135183 11
1.282615 2.053257 -0.125095 11
1.206399 2.044867 -0.125610 11
1.153663 2.445912 -0.018914 11
1.050824 1.944967 -0.148427 11
0.960764 1.518555 -0.258611 10
0.866567 0.620514 -0.492795 10
0.793987 -0.057280 -0.669508 10
0.737924 -0.301177 -0.732420 10
0.686288 -0.402483 -0.757910 10
0.636602 -0.499403 -0.782287 10
0.587734 -0.548525 -0.794103 10
0.539673 -0.593256 -0.804779 10
0.493286 -0.657127 -0.820526 10
0.452012 -0.794591 -0.855752 10
0.405259 -0.801847 -0.856589 10
0.360586 -0.836543 -0.864692 10
0.311342 -0.808435 -0.856162 10
0.276915 -0.946951 -0.891811 10
0.228079 -0.919108 -0.883355 10
0.184889 -0.947077 -0.889712 10
0.144900 -0.997319 -0.902000 10
0.098368 -0.991592 -0.899409 10
0.063435 -1.068501 -0.918826 10
0.020873 -1.086307 -0.922513 10
-0.014636 -1.145832 -0.937338 10
-0.056411 -1.163128 -0.940905 10
-0.102854 -1.153951 -0.937396 10
-0.152684 -1.129144 -0.929693 10
-0.193341 -1.152468 -0.934864 10
-0.233985 -1.174437 -0.939677 10
-0.299742 -1.083846 -0.914287 10
-0.343215 -1.096550 -0.916591 10
-0.385685 -1.113097 -0.919927 10
-0.406349 -1.213963 -0.945956 10
-0.468497 -1.152708 -0.928357 10
-0.501539 -1.201556 -0.940405 10
-0.597370 -1.030431 -0.893102 10
-0.632245 -1.075748 -0.904173 10
-0.672703 -1.100828 -0.909786 10
-0.742238 -1.034684 -0.890711 10
-0.835080 -0.903722 -0.854028 10
-0.892670 -0.884669 -0.847616 10
-0.945118 -0.882246 -0.845698 10
-0.974535 -0.943857 -0.861169 10
-1.119351 -0.696836 -0.792703 10
-1.176834 -0.689945 -0.789479 10
1.434623 2.015869 -0.048331 11
1.357968 2.005098 -0.049671 11
1.283096 2.013157 -0.045859 11
1.205365 1.979549 -0.053431 11
1.128337 1.944973 -0.061272 11
1.053422 1.939038 -0.061270 11
0.944829 1.022218 -0.311009 10
0.859478 0.285619 -0.511688 10
0.793098 -0.204106 -0.644886 10
0.739223 -0.317351 -0.674819 10
0.687681 -0.457349 -0.712154 10
0.637767 -0.506333 -0.724487 10
0.590306 -0.621142 -0.754971 10
0.543124 -0.675138 -0.768729 10
0.495622 -0.697173 -0.773681 10
0.451581 -0.777404 -0.794711 10
0.403987 -0.776142 -0.793239 10
0.363556 -0.874615 -0.819354 10
0.313233 -0.830473 -0.806011 10
0.262598 -0.793368 -0.794587 10
0.227421 -0.914650 -0.827077 10
0.185318 -0.953802 -0.836811 10
0.143224 -0.987435 -0.845020 10
0.101607 -1.020361 -0.853039 10
0.063884 -1.076613 -0.867559 10
0.024645 -1.116356 -0.877496 10
-0.014867 -1.150305 -0.885827 10
-0.059919 -1.149241 -0.884388 10
-0.102890 -1.160404 -0.886354 10
-0.142555 -1.188184 -0.892964 10
-0.189680 -1.177606 -0.888836 10
-0.234879 -1.177808 -0.887712 10
-0.291734 -1.127234 -0.872330 10
-0.343291 -1.104391 -0.864695 10
-0.371642 -1.178312 -0.884237 10
-0.418619 -1.174692 -0.881987 10
-0.461140 -1.188819 -0.884720 10
-0.510277 -1.178997 -0.880695 10
-0.593530 -1.052983 -0.843852 10
-0.636327 -1.071536 -0.847770 10
-0.669345 -1.121092 -0.860453 10
-0.734570 -1.068254 -0.844156 10
-0.821476 -0.954754 -0.810615 10
-0.884321 -0.919324 -0.799141 10
-0.958050 -0.856446 -0.779830 10
-0.967386 -0.973916 -0.811755 10
-1.127849 -0.685644 -0.728207 10
1.439106 2.020592 0.043442 11
1.361080 1.997329 0.038345 11
1.286297 2.008316 0.043027 11
1.213912 2.056543 0.058365 11
1.134678 2.001077 0.044116 11
1.060844 2.034308 0.055224 11
0.933374 0.654334 -0.338008 10
0.853119 -0.015161 -0.528372 10
0.793781 -0.256626 -0.596351 10
0.739995 -0.403578 -0.637317 10
0.689018 -0.497568 -0.663134 10
0.639394 -0.550028 -0.677049 10
0.591181 -0.619316 -0.695812 10
0.543960 -0.677234 -0.711322 10
0.497018 -0.715289 -0.721125 10
0.450958 -0.756423 -0.731820 10
0.407064 -0.819831 -0.748945 10
0.362272 -0.854169 -0.757694 10
0.317063 -0.875948 -0.762816 10
0.269503 -0.868508 -0.759485 10
0.237309 -1.012685 -0.800021 10
0.187754 -0.978299 -0.788884 10
0.145777 -1.011921 -0.797435 10
0.099147 -1.006362 -0.794615 10
0.070656 -1.128793 -0.828961 10
0.020990 -1.098070 -0.818821 10
-0.018590 -1.133502 -0.827904 10
-0.054046 -1.189245 -0.842909 10
-0.104067 -1.160694 -0.833345 10
-0.146184 -1.176529 -0.836705 10
-0.200705 -1.131204 -0.822186 10
-0.226417 -1.224564 -0.848190 10
-0.285952 -1.160679 -0.828188 10
-0.335134 -1.147008 -0.822847 10
-0.391309 -1.107093 -0.809779 10
-0.423455 -1.164433 -0.825236 10
-0.463304 -1.189414 -0.831194 10
-0.503735 -1.211257 -0.836224 10
-0.598346 -1.045682 -0.786013 10
-0.630631 -1.099875 -0.800515 10
-0.668027 -1.134796 -0.809339 10
-0.764482 -0.985403 -0.763657 10
-0.816089 -0.981032 -0.760787 10
-0.891974 -0.907535 -0.737400 10
-0.940608 -0.916058 -0.738280 10
-1.006820 -0.877201 -0.725061 10
-1.167624 -0.592055 -0.638512 10
1.439254 1.980913 0.122723 11
1.364373 1.991420 0.127303 11
1.290519 2.016299 0.136187 11
1.213537 2.001071 0.133175 11
1.136507 1.978211 0.127912 11
1.061620 1.988959 0.132682 11
0.920867 0.265335 -0.379657 10
0.850631 -0.170228 -0.508371 10
0.794523 -0.304668 -0.547338 10
0.740965 -0.459616 -0.592472 10
0.690339 -0.535852 -0.614116 10
0.641144 -0.604708 -0.633567 10
0.593104 -0.664128 -0.650205 10
0.545393 -0.697668 -0.659093 10
0.497123 -0.702966 -0.659505 10
0.454433 -0.813431 -0.691477 10
0.407298 -0.818096 -0.691690 10
0.359434 -0.812273 -0.688731 10
0.315917 -0.861275 -0.702253 10
0.268717 -0.860767 -0.700863 10
0.240087 -1.041590 -0.754136 10
0.192424 -1.022535 -0.747155 10
0.152045 -1.066529 -0.759192 10
0.109748 -1.090268 -0.765108 10
0.066871 -1.107421 -0.769023 10
0.021310 -1.105681 -0.767203 10
-0.009112 -1.197161 -0.793632 10
-0.058888 -1.167795 -0.783408 10
-0.093135 -1.226506 -0.799910 10
-0.151919 -1.154172 -0.776562 10
-0.213173 -1.077992 -0.751975 10
-0.229487 -1.217872 -0.793180 10
-0.290117 -1.150184 -0.771110 10
-0.336824 -1.148028 -0.768991 10
-0.396984 -1.092643 -0.750566 10
-0.437380 -1.119119 -0.757144 10
-0.474016 -1.158323 -0.767616 10
-0.509801 -1.198422 -0.778365 10
-0.594256 -1.069086 -0.737057 10
-0.626375 -1.123380 -0.752116 10
-0.669976 -1.138055 -0.754986 10
-0.763002 -0.999949 -0.710724 10
-0.815615 -0.992584 -0.706695 10
-0.886480 -0.933869 -0.686755 10
-0.976735 -0.825502 -0.651367 10
-1.020954 -0.849661 -0.656938 10
1.444774 1.995742 0.218496 11
1.358835 1.885739 0.185864 2
1.287480 1.931497 0.201430 2
1.209462 1.891976 0.190642 2
1.134873 1.896026 0.193376 2
1.058425 1.861785 0.184274 2
0.912133 -0.018055 -0.397467 10
0.850756 -0.229335 -0.461891 10
0.794139 -0.413850 -0.518063 10
0.742053 -0.498205 -0.543148 10
0.691681 -0.590193 -0.570620 10
0.642664 -0.641642 -0.585487 10
0.594901 -0.703755 -0.603675 10
0.549103 -0.788862 -0.629041 10
0.500922 -0.777856 -0.624423 10
0.452214 -0.761857 -0.618215 10
0.404602 -0.769427 -0.619341 10
0.356320 -0.766505 -0.617164 10
0.322369 -0.938464 -0.669729 10
0.284900 -1.035829 -0.698981 10
0.243948 -1.081009 -0.711889 10
0.198575 -1.079812 -0.710233 10
0.151984 -1.069775 -0.705773 10
0.115353 -1.136644 -0.725478 10
0.071826 -1.146878 -0.727360 10
0.021940 -1.115321 -0.716049 10
-0.013315 -1.177505 -0.734272 10
-0.053589 -1.204454 -0.741378 10
-0.095971 -1.217826 -0.744181 10
-0.149547 -1.173380 -0.728664 10
-0.204880 -1.125744 -0.712077 10
-0.217758 -1.279578 -0.759345 10
-0.278218 -1.210503 -0.735896 10
-0.339241 -1.146039 -0.713834 10
-0.389026 -1.133190 -0.708126 10
-0.434234 -1.139933 -0.708622 10
-0.461216 -1.214551 -0.730751 10
-0.522022 -1.163769 -0.712843 10
-0.585987 -1.106797 -0.692882 10
-0.627421 -1.129318 -0.698303 10
-0.677481 -1.123635 -0.694664 10
-0.757773 -1.026054 -0.661475 10
-0.821039 -0.986583 -0.646853 10
-0.906827 -0.885638 -0.612366 10
-0.968716 -0.858738 -0.601626 10
-1.136876 -0.546762 -0.498775 10
1.511465 1.868519 0.268363 2
1.437155 1.877925 0.272639 2
1.362016 1.878710 0.274191 2
1.287988 1.892270 0.279898 2
1.212799 1.891497 0.281039 2
1.138537 1.904711 0.286730 2
1.061908 1.873311 0.278093 2
0.907836 -0.181507 -0.383026 10
0.849707 -0.328622 -0.429368 10
0.794837 -0.461230 -0.471057 10
0.742911 -0.563007 -0.502811 10
0.692900 -0.584275 -0.508546 10
0.644679 -0.721138 -0.551668 10
0.596273 -0.724387 -0.551554 10
0.549389 -0.773921 -0.566412 10
0.504529 -0.848553 -0.589405 10
0.457651 -0.856512 -0.590764 10
0.407442 -0.809343 -0.574187 10
0.370651 -0.961207 -0.622269 10
0.325056 -0.970152 -0.623894 10
0.291951 -1.112489 -0.668944 10
0.246619 -1.108842 -0.666452 10
0.202704 -1.119187 -0.668494 10
0.157740 -1.120148 -0.667447 10
0.109675 -1.098598 -0.659010 10
0.071429 -1.149129 -0.674117 10
0.028913 -1.166069 -0.678221 10
-0.007235 -1.220382 -0.694561 10
-0.041306 -1.280941 -0.712956 10
-0.102203 -1.190909 -0.681872 10
-0.149439 -1.181015 -0.677057 10
-0.189026 -1.210013 -0.685010 10
-0.228012 -1.239807 -0.693213 10
-0.281153 -1.205469 -0.680234 10
-0.342618 -1.140085 -0.656931 10
-0.388668 -1.143106 -0.656178 10
-0.439508 -1.128287 -0.649479 10
-0.470607 -1.188538 -0.667635 10
-0.515375 -1.196417 -0.668407 10
-0.593063 -1.091881 -0.631760 10
-0.633805 -1.117687 -0.638391 10
-0.681152 -1.121555 -0.637688 10
-0.765537 -1.012159 -0.599123 10
-0.829163 -0.972650 -0.583785 10
-0.896537 -0.925848 -0.565924 10
-0.961684 -0.889150 -0.551361 10
1.436693 1.832716 0.348770 2
1.359745 1.810689 0.342638 2
1.279568 1.740988 0.320628 6
1.202300 1.691311 0.305338 6
1.130650 1.717950 0.315599 6
0.973196 0.007153 -0.255361 10
0.906421 -0.268338 -0.346469 10
0.849197 -0.407372 -0.391941 10
0.795454 -0.511945 -0.425885 10
0.744079 -0.588764 -0.450529 10
0.694277 -0.676140 -0.478715 10
0.645374 -0.689485 -0.482040 10
0.599452 -0.828213 -0.527480 10
0.550047 -0.770347 -0.506824 10
0.504289 -0.828022 -0.524997 10
0.464089 -0.970688 -0.571801 10
0.415511 -0.933222 -0.557907 10
0.370810 -0.960603 -0.565842 10
0.326574 -0.987693 -0.573658 10
0.290382 -1.096292 -0.609010 10
0.251920 -1.162182 -0.629941 10
0.204156 -1.134913 -0.619326 10
0.154334 -1.096333 -0.604822 10
0.110397 -1.108464 -0.607465 10
0.074369 -1.174548 -0.628408 10
0.026806 -1.157981 -0.621254 10
-0.007311 -1.225856 -0.642795 10
-0.045589 -1.262771 -0.653798 10
-0.096894 -1.226245 -0.639737 10
-0.134786 -1.262782 -0.650564 10
-0.178220 -1.269637 -0.651231 10
-0.228590 -1.244747 -0.640998 10
-0.281667 -1.211132 -0.627715 10
-0.333259 -1.187584 -0.617817 10
-0.379629 -1.187855 -0.616042 10
-0.428759 -1.178355 -0.610863 10
-0.477541 -1.171768 -0.606637 10
-0.517414 -1.198173 -0.613741 10
-0.579362 -1.148075 -0.594400 10
-0.638585 -1.111454 -0.579629 10
-0.673865 -1.154365 -0.592323 10
-0.784399 -0.964346 -0.524214 10
-0.867371 -0.869614 -0.488964 10
-0.889470 -0.956703 -0.516823 10
-1.094907 -0.529585 -0.365544 10
1.438160 1.806898 0.431171 2
1.370388 1.886217 0.459781 2
1.281857 1.724983 0.405151 6
1.205073 1.683357 0.391980 6
1.126002 1.587749 0.360136 6
0.965256 -0.198019 -0.258073 10
0.906136 -0.325182 -0.301160 10
0.849991 -0.440056 -0.339986 10
0.796635 -0.532047 -0.370864 10
0.745411 -0.595678 -0.391876 10
0.695519 -0.690042 -0.423571 10
0.646815 -0.721238 -0.433270 10
0.600152 -0.818573 -0.465993 10
0.551662 -0.796720 -0.457155 10
0.503516 -0.794520 -0.455124 10
0.464877 -0.976694 -0.517454 10
0.418351 -0.973351 -0.514989 10
0.373588 -0.996127 -0.521620 10
0.332628 -1.060121 -0.542658 10
0.289666 -1.089300 -0.551492 10
0.248343 -1.129410 -0.564139 10
0.206974 -1.162682 -0.574369 10
0.152998 -1.089319 -0.547099 10
0.117034 -1.162479 -0.571289 10
0.078892 -1.210912 -0.586781 10
0.032594 -1.200971 -0.581685 10
-0.003981 -1.251981 -0.598052 10
-0.046652 -1.263040 -0.600299 10
-0.096036 -1.237604 -0.589602 10
-0.150115 -1.191836 -0.571640 10
-0.177921 -1.278393 -0.600514 10
-0.233942 -1.227801 -0.580729 10
-0.293683 -1.166475 -0.557039 10
-0.340076 -1.167314 -0.555371 10
-0.371714 -1.227998 -0.574983 10
-0.419849 -1.221235 -0.570537 10
-0.469984 -1.208505 -0.563903 10
-0.541290 -1.122659 -0.531047 10
-0.593958 -1.107643 -0.523432 10
-0.650180 -1.082936 -0.512272 10
-0.718002 -1.024103 -0.488769 10
-0.794398 -0.943962 -0.457478 10
-0.864713 -0.888082 -0.434788 10
-1.019617 -0.594524 -0.326166 10
1.453378 1.917157 0.562431 2
1.376967 1.915779 0.563028 2
1.280142 1.659133 0.472082 6
1.202715 1.602201 0.452832 6
1.036431 0.046512 -0.104774 10
0.965596 -0.234355 -0.204692 10
0.906284 -0.370454 -0.252604 10
0.850275 -0.489666 -0.294446 10
0.797173 -0.585318 -0.327806 10
0.746178 -0.664864 -0.355357 10
0.696781 -0.721069 -0.374483 10
0.648163 -0.745236 -0.382032 10
0.599818 -0.759938 -0.386129 10
0.553443 -0.828412 -0.409610 10
0.505410 -0.824566 -0.406937 10
0.465118 -0.972112 -0.458988 10
0.420615 -1.004261 -0.469294 10
0.376782 -1.037412 -0.479935 10
0.335424 -1.093141 -0.498741 10
0.288715 -1.079788 -0.492456 10
0.249976 -1.147172 -0.515454 10
0.208244 -1.176792 -0.524716 10
0.167278 -1.208481 -0.534706 10
0.117078 -1.167278 -0.518107 10
0.076459 -1.199099 -0.528071 10
0.028920 -1.182826 -0.520447 10
-0.015607 -1.187648 -0.520474 10
-0.051073 -1.244263 -0.539415 10
-0.101220 -1.216561 -0.527456 10
-0.140167 -1.249533 -0.537684 10
-0.183670 -1.258030 -0.538900 10
-0.236928 -1.221827 -0.523634 10
-0.298387 -1.154005 -0.496640 10
-0.342759 -1.164436 -0.498382 10
-0.380374 -1.201840 -0.510039 10
-0.430853 -1.187758 -0.502644 10
-0.493876 -1.129563 -0.478847 10
-0.542510 -1.127598 -0.475780 10
-0.591713 -1.124741 -0.472323 10
-0.662555 -1.052058 -0.442836 10
-0.737583 -0.972162 -0.410521 10
-0.814133 -0.894011 -0.378701 10
-0.958077 -0.623001 -0.274663 10
-1.048228 -0.524232 -0.234688 10
1.373392 1.833459 0.626219 2
1.284533 1.669078 0.566240 6
1.209184 1.646419 0.558958 6
1.028032 -0.132472 -0.101245 10
0.963739 -0.314093 -0.167836 10
0.905576 -0.436592 -0.212433 10
0.850546 -0.539066 -0.249566 10
0.798663 -0.589142 -0.267164 10
0.747648 -0.656814 -0.291289 10
0.698021 -0.730885 -0.317779 10
0.648896 -0.713246 -0.310016 10
0.600822 -0.763139 -0.327418 10
0.554781 -0.846150 -0.357174 10
0.509727 -0.912935 -0.380852 10
0.467176 -1.002494 -0.413043 10
0.421370 -1.010898 -0.414826 10
0.380760 -1.089569 -0.442914 10
0.336056 -1.099973 -0.445378 10
0.290434 -1.099021 -0.443531 10
0.243924 -1.090495 -0.438784 10
0.206530 -1.164631 -0.465091 10
0.166171 -1.203286 -0.478033 10
0.118766 -1.184340 -0.469228 10
0.080371 -1.231206 -0.485202 10
0.043370 -1.281589 -0.502490 10
-0.017609 -1.181657 -0.462893 10
-0.062729 -1.184512 -0.462092 10
-0.106478 -1.195237 -0.464223 10
-0.138510 -1.265064 -0.488749 10
-0.188166 -1.243827 -0.478664 10
-0.238345 -1.223111 -0.468701 10
-0.286603 -1.213563 -0.462917 10
-0.346448 -1.157452 -0.439293 10
-0.366496 -1.265707 -0.478371 10
-0.402593 -1.304527 -0.490930 10
-0.494784 -1.135331 -0.423740 10
-0.557547 -1.083868 -0.401490 10
-0.598108 -1.112520 -0.409916 10
-0.678850 -1.008574 -0.367254 10
-0.727870 -1.012977 -0.366184 10
-0.816682 -0.896748 -0.318453 10
-0.913990 -0.764181 -0.264179 10
1.100865 0.079087 0.047576 10
1.023309 -0.248940 -0.077637 10
0.962134 -0.387934 -0.130181 10
0.903750 -0.529479 -0.183695 10
0.849656 -0.626180 -0.219935 10
0.798780 -0.662124 -0.232748 10
0.748933 -0.669317 -0.234433 10
0.699250 -0.705563 -0.247269 10
0.650375 -0.748690 -0.262719 10
0.602733 -0.809289 -0.284880 10
0.559679 -0.977960 -0.348786 10
0.511761 -0.946709 -0.335401 10
0.465287 -0.956606 -0.337868 10
0.427547 -1.104934 -0.393912 10
0.378807 -1.059737 -0.374959 10
0.330544 -1.032426 -0.362860 10
0.293874 -1.136771 -0.401821 10
0.252628 -1.176765 -0.415782 10
0.206858 -1.170482 -0.411706 10
0.165878 -1.204703 -0.423346 10
0.121018 -1.205601 -0.421961 10
0.086103 -1.275841 -0.447587 10
0.052435 -1.345481 -0.472980 10
-0.009923 -1.234145 -0.427573 10
-0.065876 -1.173240 -0.401759 10
-0.097631 -1.249487 -0.429613 10
-0.146853 -1.229994 -0.419887 10
-0.182104 -1.280436 -0.437575 10
-0.241347 -1.217217 -0.410508 10
-0.277765 -1.260137 -0.425150 10
-0.331989 -1.226026 -0.409369 10
-0.374892 -1.240764 -0.412793 10
-0.408324 -1.291270 -0.430328 10
-0.481922 -1.191562 -0.388303 10
-0.552667 -1.110489 -0.353488 10
-0.610718 -1.079383 -0.338375 10
-0.676284 -1.026925 -0.314644 10
-0.741146 -0.981312 -0.293502 10
-0.836701 -0.846444 -0.236553 10
1.086700 -0.155560 0.026108 10
1.020954 -0.325502 -0.040568 10
0.962248 -0.427325 -0.080156 10
0.905594 -0.531272 -0.120556 10
0.851690 -0.616209 -0.153365 10
0.800400 -0.659525 -0.169576 10
0.749693 -0.734553 -0.198370 10
0.700527 -0.798187 -0.222593 10
0.652624 -0.858230 -0.245351 10
0.604511 -0.849585 -0.240668 10
0.558196 -0.905384 -0.261650 10
0.512714 -0.954415 -0.279895 10
0.465909 -0.959113 -0.280378 10
0.421485 -1.001548 -0.295903 10
0.379714 -1.069429 -0.321585 10
0.336592 -1.104810 -0.334222 10
0.295587 -1.155938 -0.353140 10
0.251116 -1.164084 -0.354769 10
0.213470 -1.231610 -0.380215 10
0.174106 -1.274788 -0.395853 10
0.134968 -1.313777 -0.409777 10
0.096531 -1.352793 -0.423683 10
0.055788 -1.372532 -0.429779 10
-0.002873 -1.282704 -0.391542 10
-0.048663 -1.277301 -0.387321 10
-0.098188 -1.253400 -0.375534 10
-0.148900 -1.226915 -0.362609 10
-0.202443 -1.190425 -0.345523 10
-0.236153 -1.248783 -0.366910 10
-0.281035 -1.253995 -0.366644 10
-0.326713 -1.256299 -0.365129 10
-0.382237 -1.220171 -0.347845 10
-0.423311 -1.242913 -0.354530 10
-0.502093 -1.126966 -0.304345 10
-0.544024 -1.150290 -0.311089 10
-0.609238 -1.094091 -0.285099 10
-0.685376 -1.007319 -0.246368 10
-0.738693 -0.999296 -0.239912 10
-0.906187 -0.646394 -0.090886 10
1.085192 -0.212161 0.072224 10
1.019550 -0.385937 0.001739 10
0.962032 -0.472860 -0.033085 10
0.905115 -0.589713 -0.080152 10
0.852165 -0.657325 -0.106966 10
0.801674 -0.674430 -0.112978 10
0.750661 -0.777195 -0.154148 10
0.701773 -0.776124 -0.152576 10
0.653832 -0.870281 -0.190135 10
0.606891 -0.919498 -0.209161 10
0.560321 -0.948685 -0.219890 10
0.514431 -0.980599 -0.231691 10
0.472262 -1.072795 -0.268329 10
0.426841 -1.082441 -0.270853 10
0.379501 -1.063587 -0.261530 10
0.338535 -1.127504 -0.286381 10
0.295518 -1.155926 -0.296508 10
0.255361 -1.207147 -0.316041 10
0.211334 -1.215804 -0.317883 10
0.170921 -1.252924 -0.331488 10
0.134328 -1.313473 -0.354800 10
0.089182 -1.307191 -0.350273 10
0.040260 -1.278345 -0.336268 10
-0.005285 -1.274294 -0.332512 10
-0.046558 -1.295719 -0.339324 10
-0.087809 -1.315665 -0.345469 10
-0.134980 -1.304449 -0.338511 10
-0.196001 -1.228950 -0.304507 10
-0.228039 -1.293587 -0.329198 10
-0.276369 -1.282366 -0.321986 10
-0.342721 -1.198365 -0.284031 10
-0.387657 -1.207367 -0.285123 10
-0.430238 -1.225449 -0.289983 10
-0.503043 -1.132791 -0.247931 10
-0.532756 -1.199203 -0.273084 10
-0.662194 -0.925265 -0.153770 10
-0.703391 -0.958896 -0.164759 10
-0.834214 -0.710205 -0.055451 10
1.146253 -0.171697 0.157885 10
1.080828 -0.307623 0.101060 10
1.018967 -0.432669 0.048886 10
0.962413 -0.506517 0.018431 10
0.905195 -0.634081 -0.034720 10
0.852877 -0.690462 -0.057675 10
0.802314 -0.719786 -0.069105 10
0.752115 -0.773021 -0.090613 10
0.703028 -0.799094 -0.100540 10
0.655307 -0.908546 -0.145814 10
0.608714 -0.963008 -0.167703 10
0.563598 -1.029737 -0.194765 10
0.515884 -1.000359 -0.180895 10
0.474992 -1.116389 -0.228856 10
0.427707 -1.090811 -0.216467 10
0.383585 -1.117268 -0.226184 10
0.337804 -1.117818 -0.224785 10
0.297737 -1.180534 -0.249877 10
0.259676 -1.250851 -0.278196 10
0.212898 -1.232536 -0.268554 10
0.169464 -1.245033 -0.272027 10
0.122795 -1.232434 -0.264671 10
0.078219 -1.236890 -0.264552 10
0.033938 -1.243480 -0.265280 10
-0.002514 -1.297085 -0.286178 10
-0.042316 -1.326196 -0.296498 10
-0.084320 -1.341120 -0.300649 10
-0.138067 -1.296147 -0.278856 10
-0.201283 -1.211405 -0.239723 10
-0.225556 -1.312720 -0.281033 10
-0.280037 -1.274629 -0.261890 10
-0.335712 -1.235892 -0.242337 10
-0.390101 -1.206466 -0.226701 10
-0.425662 -1.251734 -0.243501 10
-0.505478 -1.133279 -0.188792 10
-0.573460 -1.066294 -0.156335 10
-0.661963 -0.936225 -0.096051 10
-0.744966 -0.834412 -0.047874 10
-0.791957 -0.853390 -0.052544 10
1.143772 -0.234761 0.200836 10
1.079628 -0.358899 0.147314 10
1.017769 -0.488852 0.091312 10
0.958589 -0.620262 0.034724 10
0.907172 -0.632926 0.030034 10
0.855261 -0.670556 0.014517 10
0.803356 -0.745593 -0.017282 10
0.753848 -0.744801 -0.015868 10
0.704279 -0.827691 -0.050986 10
0.655930 -0.860453 -0.064117 10
0.608796 -0.920613 -0.089187 10
0.564648 -1.038547 -0.139538 10
0.517846 -1.032579 -0.135524 10
0.476876 -1.143583 -0.182782 10
0.432195 -1.157852 -0.187533 10
0.385333 -1.138600 -0.177476 10
0.341726 -1.164475 -0.187186 10
0.299839 -1.203884 -0.202800 10
0.258807 -1.244429 -0.218868 10
0.215517 -1.258533 -0.223221 10
0.170043 -1.253550 -0.219075 10
0.121901 -1.230412 -0.206813 10
0.078540 -1.244323 -0.210854 10
0.047432 -1.335649 -0.249146 10
-0.002182 -1.305241 -0.233421 10
-0.047307 -1.304620 -0.230819 10
-0.094590 -1.293448 -0.223438 10
-0.142460 -1.281382 -0.215562 10
-0.201192 -1.219618 -0.185412 10
-0.223248 -1.331066 -0.232490 10
-0.284517 -1.263490 -0.199518 10
-0.346871 -1.198396 -0.167480 10
-0.384163 -1.238736 -0.182584 10
-0.443728 -1.192365 -0.158671 10
-0.507915 -1.133844 -0.129127 10
-0.567730 -1.096040 -0.108742 10
-0.649755 -0.987446 -0.056216 10
-0.739884 -0.861505 0.004437 10
1.213877 -0.107794 0.327697 10
1.140958 -0.301320 0.241226 10
1.076674 -0.433637 0.182328 10
1.017817 -0.524886 0.141960 10
0.961504 -0.605022 0.106658 10
0.908074 -0.657564 0.083838 10
0.857623 -0.652324 0.087102 10
0.805717 -0.710336 0.061972 10
0.755053 -0.766346 0.037810 10
0.705510 -0.875675 -0.010326 10
0.657163 -0.872809 -0.007821 10
0.610934 -0.979915 -0.054864 10
0.567576 -1.109068 -0.111841 10
0.521554 -1.107695 -0.109818 10
0.474841 -1.094238 -0.102244 10
0.430910 -1.131325 -0.117456 10
0.384058 -1.117976 -0.109760 10
0.341116 -1.156234 -0.125370 10
0.301249 -1.219793 -0.152408 10
0.258710 -1.245496 -0.162218 10
0.219543 -1.296864 -0.183637 10
0.169566 -1.253608 -0.161944 10
0.126612 -1.269917 -0.167268 10
0.086363 -1.303259 -0.180293 10
0.042759 -1.311454 -0.181780 10
-0.004093 -1.300008 -0.174207 10
-0.055923 -1.262786 -0.154731 10
-0.099754 -1.273088 -0.156909 10
-0.145833 -1.271852 -0.153712 10
-0.195129 -1.256303 -0.143841 10
-0.237816 -1.273055 -0.148729 10
-0.294260 -1.229785 -0.125869 10
-0.345566 -1.212451 -0.114829 10
-0.384245 -1.247247 -0.127779 10
-0.463060 -1.128557 -0.069575 10
-0.512040 -1.128390 -0.066088 10
-0.585302 -1.044643 -0.023643 10
-0.663955 -0.950082 0.024080 10
-0.820927 -0.610646 0.186315 10
1.206468 -0.217801 0.349557 10
1.137584 -0.373990 0.277708 10
1.076203 -0.474250 0.231825 10
1.019452 -0.535855 0.203919 10
0.962899 -0.618948 0.166144 10
0.909294 -0.674783 0.141072 10
0.859110 -0.662052 0.147861 10
0.804651 -0.832834 0.069648 10
0.755876 -0.820959 0.076204 10
0.706847 -0.818085 0.078683 10
0.658047 -0.847046 0.066471 10
0.613078 -1.040346 -0.022042 10
0.566694 -1.053865 -0.026967 10
0.519456 -1.040246 -0.019179 10
0.476106 -1.109192 -0.049744 10
0.431448 -1.134295 -0.059832 10
0.387874 -1.167991 -0.073857 10
0.346893 -1.225402 -0.098890 10
0.303993 -1.250050 -0.108570 10
0.264621 -1.304600 -0.132169 10
0.222585 -1.326551 -0.140465 10
0.170010 -1.261093 -0.107719 10
0.124372 -1.258005 -0.104084 10
0.077422 -1.247224 -0.096739 10
0.034314 -1.263305 -0.101922 10
-0.004691 -1.302703 -0.118009 10
-0.049046 -1.308164 -0.118046 10
-0.099576 -1.281153 -0.102664 10
-0.141652 -1.300274 -0.108961 10
-0.196691 -1.256706 -0.085504 10
-0.248161 -1.234419 -0.071979 10
-0.278686 -1.305247 -0.102538 10
-0.332762 -1.273792 -0.084453 10
-0.381342 -1.267546 -0.078226 10
-0.463154 -1.137562 -0.012840 10
-0.530255 -1.072134 0.022007 10
-0.630431 -0.897868 0.109189 10
-0.652362 -0.999192 0.064590 10
1.277687 -0.102416 0.476265 10
1.202269 -0.293296 0.385624 10
1.136540 -0.418733 0.326249 10
1.075854 -0.513043 0.281794 10
1.016327 -0.621173 0.230840 10
0.964068 -0.637282 0.223834 10
0.912791 -0.639498 0.223553 10
0.860231 -0.683299 0.203536 10
0.807428 -0.780161 0.158281 10
0.756929 -0.854648 0.123771 10
0.708083 -0.864136 0.120380 10
0.660004 -0.937061 0.086760 10
0.612659 -0.970271 0.072195 10
0.566153 -1.009094 0.055023 10
0.523253 -1.117817 0.004444 10
0.478190 -1.140188 -0.004723 10
0.434708 -1.181505 -0.022898 10
0.395110 -1.265573 -0.061533 10
0.349558 -1.256851 -0.055558 10
0.308458 -1.298797 -0.073847 10
0.266635 -1.326048 -0.085005 10
0.217646 -1.286331 -0.063823 10
0.171310 -1.275468 -0.056423 10
0.127411 -1.285143 -0.058833 10
0.076975 -1.249524 -0.039257 10
0.044081 -1.331470 -0.076449 10
0.004578 -1.364340 -0.089853 10
-0.045860 -1.332776 -0.071929 10
-0.101789 -1.276628 -0.041916 10
-0.149103 -1.270512 -0.036073 10
-0.203212 -1.233678 -0.015147 10
-0.236990 -1.293003 -0.040990 10
-0.281080 -1.303327 -0.042864 10
-0.334037 -1.277237 -0.026818 10
-0.387569 -1.252042 -0.011059 10
-0.453666 -1.182636 0.026569 10
-0.527269 -1.092679 0.074542 10
-0.633008 -0.899309 0.173766 10
-0.767893 -0.624325 0.313769 10
1.265483 -0.247558 0.479585 10
1.201510 -0.332500 0.438172 10
1.133575 -0.485655 0.363437 10
1.074521 -0.564742 0.325103 10
1.017859 -0.633626 0.291869 10
0.964684 -0.665937 0.276667 10
0.912956 -0.681658 0.269705 10
0.861322 -0.705570 0.258829 10
0.808481 -0.805884 0.210542 10
0.757212 -0.951101 0.140264 10
0.709202 -0.973035 0.130609 10
0.661436 -0.971165 0.132752 10
0.613900 -0.984081 0.127726 10
0.569978 -1.110001 0.067163 10
0.523658 -1.111647 0.067845 10
0.476653 -1.099991 0.075186 10
0.430915 -1.113847 0.070051 10
0.389544 -1.185231 0.036601 10
0.344536 -1.195100 0.033597 10
0.301256 -1.222155 0.022185 10
0.266464 -1.326418 -0.027380 10
0.223003 -1.336304 -0.030167 10
0.175732 -1.314839 -0.017305 10
0.119687 -1.232895 0.025727 10
0.075856 -1.247275 0.021051 10
0.047384 -1.358356 -0.031686 10
-0.007484 -1.298751 0.000643 10
-0.048771 -1.323242 -0.008826 10
-0.111070 -1.234893 0.038188 10
-0.152216 -1.262588 0.027344 10
-0.202468 -1.245204 0.039171 10
-0.238923 -1.292493 0.018666 10
-0.277481 -1.327192 0.004533 10
-0.347194 -1.232139 0.055813 10
-0.414332 -1.156326 0.097660 10
-0.458324 -1.174575 0.092221 10
-0.580443 -0.911171 0.229468 10
-0.628544 -0.925199 0.226613 10
1.875698 0.911860 1.140172 8
1.809175 0.929076 1.147928 8
1.748964 0.986484 1.176102 8
1.672774 0.944341 1.154249 8
1.608793 0.981916 1.172738 8
1.546946 1.040952 1.202197 8
1.335737 -0.155115 0.599385 10
1.262001 -0.310245 0.521239 10
1.197203 -0.408197 0.472030 10
1.137044 -0.477534 0.437358 10
1.076805 -0.568350 0.391973 10
1.019739 -0.640948 0.355876 10
0.963742 -0.723072 0.315078 10
0.910837 -0.775357 0.289425 10
0.858977 -0.830331 0.262513 10
0.808887 -0.859728 0.248606 10
0.758587 -0.956609 0.200718 10
0.710539 -0.946809 0.206799 10
0.662777 -0.995226 0.183565 10
0.616513 -1.069553 0.147308 10
0.569363 -1.061940 0.152589 10
0.525497 -1.140954 0.114108 10
0.477618 -1.108825 0.132015 10
0.433230 -1.145614 0.115095 10
0.391297 -1.206592 0.085974 10
0.347389 -1.228815 0.076602 10
0.311758 -1.335765 0.024225 10
0.269291 -1.355724 0.016138 10
0.219804 -1.311417 0.040889 10
0.173297 -1.299350 0.049348 10
0.126434 -1.287416 0.057862 10
0.086666 -1.326522 0.040403 10
0.049969 -1.380659 0.015311 10
-0.003766 -1.327318 0.045355 10
-0.050827 -1.318594 0.052682 10
-0.101347 -1.293508 0.068545 10
-0.151111 -1.275790 0.080768 10
-0.191213 -1.306427 0.068209 10
-0.249972 -1.251147 0.100079 10
-0.285401 -1.301779 0.077392 10
-0.355440 -1.207381 0.129861 10
-0.417231 -1.154321 0.161171 10
-0.479011 -1.106678 0.189890 10
-0.582060 -0.915675 0.293472 10
-0.633524 -0.918511 0.296444 10
1.859774 0.794404 1.170414 8
1.806414 0.881826 1.214682 8
1.743723 0.921885 1.234548 8
1.688437 1.015385 1.282262 8
1.615130 0.993312 1.270259 8
1.547982 1.013782 1.280465 8
1.328881 -0.242601 0.629510 10
1.261886 -0.341396 0.578295 10
1.194469 -0.467192 0.513227 10
1.135951 -0.522391 0.484851 10
1.075134 -0.624148 0.432478 10
1.017691 -0.708401 0.389284 10
0.964746 -0.744392 0.371210 10
0.913481 -0.760745 0.363428 10
0.860553 -0.837310 0.324538 10
0.809072 -0.922189 0.281428 10
0.760627 -0.911157 0.288178 10
0.712006 -0.876091 0.307533 10
0.664508 -1.066134 0.210075 10
0.617170 -1.052739 0.218377 10
0.570342 -1.067116 0.212357 10
0.525389 -1.121624 0.185556 10
0.479967 -1.144935 0.175079 10
0.436905 -1.199614 0.148347 10
0.392134 -1.215194 0.142084 10
0.350055 -1.260270 0.120518 10
0.304756 -1.261310 0.122039 10
0.254947 -1.219533 0.146076 10
0.215557 -1.277450 0.118061 10
0.168788 -1.267369 0.125749 10
0.126809 -1.294983 0.113780 10
0.077168 -1.267179 0.131017 10
0.031466 -1.269065 0.132786 10
-0.001145 -1.349350 0.093371 10
-0.051446 -1.322059 0.110714 10
-0.099467 -1.310755 0.119771 10
-0.144249 -1.317662 0.119334 10
-0.210060 -1.225579 0.171457 10
-0.255650 -1.234124 0.170459 10
-0.299674 -1.249446 0.165974 10
-0.355712 -1.215323 0.187916 10
-0.432549 -1.104033 0.251205 10
-0.547101 -0.862221 0.384570 10
-0.596880 -0.872983 0.383366 10
2.005287 0.483325 1.099605 8
1.952655 0.548168 1.132541 8
1.892663 0.581282 1.148702 8
1.837142 0.641304 1.179360 8
1.765098 0.612231 1.162709 8
1.705226 0.652895 1.183376 8
1.653203 0.749805 1.234149 8
1.589278 0.775769 1.247310 8
1.406780 -0.106160 0.777458 10
1.323209 -0.319547 0.663634 10
1.258811 -0.399765 0.620831 10
1.193437 -0.508474 0.563008 10
1.134152 -0.575123 0.527702 10
1.079014 -0.607269 0.510888 10
1.024664 -0.638886 0.494484 10
0.965279 -0.774289 0.422948 10
0.914602 -0.780823 0.420138 10
0.863620 -0.801296 0.410030 10
0.812667 -0.839861 0.390400 10
0.761855 -0.930977 0.342864 10
0.713086 -0.979334 0.318218 10
0.664663 -0.944094 0.338285 10
0.618242 -1.057148 0.279310 10
0.571354 -1.073187 0.272223 10
0.526019 -1.120480 0.248537 10
0.482152 -1.177869 0.219536 10
0.440162 -1.246865 0.184393 10
0.393279 -1.228071 0.196360 10
0.346579 -1.217219 0.204204 10
0.303603 -1.249719 0.188905 10
0.259659 -1.267059 0.181841 10
0.217686 -1.299235 0.166899 10
0.167581 -1.261846 0.189507 10
0.132821 -1.344016 0.147820 10
0.086262 -1.334638 0.155572 10
0.036819 -1.309118 0.172185 10
-0.005424 -1.330468 0.163592 10
-0.056474 -1.301030 0.182619 10
-0.111552 -1.254701 0.210985 10
-0.170281 -1.196190 0.246174 10
-0.224983 -1.163602 0.267483 10
-0.287611 -1.099713 0.306048 10
-0.313514 -1.199270 0.255615 10
-0.382120 -1.117057 0.304565 10
-0.466484 -0.981678 0.382944 10
-0.542870 -0.888363 0.438646 10
2.029905 0.274229 1.074489 8
1.987337 0.373313 1.126876 8
1.927607 0.398811 1.139063 8
1.870680 0.440199 1.160116 8
1.802643 0.425199 1.150463 8
1.755988 0.529811 1.206440 8
1.643349 0.243063 1.048493 8
1.641481 0.640750 1.265074 8
1.532304 0.340440 1.100134 8
1.391713 -0.250661 0.776485 10
1.326061 -0.325021 0.735500 10
1.260025 -0.418591 0.684176 10
1.192644 -0.547187 0.613862 10
1.136509 -0.580312 0.595866 10
1.079983 -0.628677 0.569681 10
1.025251 -0.666641 0.549315 10
0.972098 -0.691887 0.536035 10
0.918273 -0.744829 0.507741 10
0.866447 -0.773640 0.492769 10
0.813891 -0.859241 0.446845 10
0.762926 -0.962920 0.391121 10
0.714302 -1.019360 0.361354 10
0.666446 -1.021257 0.361576 10
0.618934 -1.040456 0.352440 10
0.572395 -1.079960 0.332281 10
0.525033 -1.078428 0.334753 10
0.482534 -1.175007 0.283453 10
0.435056 -1.157129 0.295133 10
0.392028 -1.207511 0.269395 10
0.349664 -1.253744 0.246022 10
0.306479 -1.281403 0.232970 10
0.262283 -1.294471 0.228067 10
0.216490 -1.292021 0.231850 10
0.167216 -1.263096 0.250405 10
0.130084 -1.328770 0.216753 10
0.081220 -1.305868 0.232243 10
0.034674 -1.301659 0.237521 10
-0.011393 -1.301708 0.240571 10
-0.059657 -1.290416 0.250067 10
-0.110069 -1.270045 0.264775 10
-0.171464 -1.198376 0.308285 10
-0.225976 -1.167394 0.329314 10
-0.276136 -1.159828 0.337432 10
-0.336837 -1.109093 0.369918 10
-0.386351 -1.109310 0.374028 10
-0.497880 -0.869825 0.513180 10
-0.614661 -0.631966 0.652062 10
2.068840 0.142193 1.088101 8
2.017797 0.195014 1.115613 8
1.956735 0.206227 1.119849 8
1.854559 0.019732 1.013030 8
1.834292 0.226981 1.127911 8
1.766173 0.200237 1.111343 8
1.734306 0.376018 1.208749 8
1.625581 0.105715 1.055740 8
1.579322 0.203353 1.109581 8
1.469046 -0.134808 0.918960 10
1.385448 -0.327067 0.810468 10
1.323138 -0.378587 0.781140 10
1.257173 -0.474511 0.727064 10
1.192513 -0.579135 0.668268 10
1.135113 -0.628200 0.640793 10
1.078648 -0.679802 0.612040 10
1.024527 -0.713959 0.593218 10
0.971730 -0.738629 0.579860 10
0.918653 -0.781939 0.556177 10
0.867836 -0.788243 0.553405 10
0.813108 -0.960983 0.457280 10
0.763666 -1.018622 0.425904 10
0.715496 -1.063869 0.401604 10
0.668171 -1.094003 0.385916 10
0.620713 -1.082366 0.393854 10
0.573835 -1.100290 0.385287 10
0.525620 -1.075617 0.400848 10
0.480328 -1.120501 0.377339 10
0.435590 -1.159624 0.357179 10
0.396410 -1.265494 0.299419 10
0.346315 -1.212189 0.331676 10
0.298478 -1.196300 0.342950 10
0.264617 -1.319081 0.275833 10
0.214992 -1.282223 0.299225 10
0.167114 -1.266494 0.310804 10
0.130170 -1.334323 0.275055 10
0.079458 -1.299513 0.297750 10
0.032786 -1.295921 0.302848 10
-0.009099 -1.321985 0.291174 10
-0.063085 -1.278564 0.319293 10
-0.127958 -1.184081 0.376837 10
-0.174694 -1.190538 0.376856 10
-0.228441 -1.164371 0.395733 10
-0.277411 -1.163013 0.400551 10
-0.321189 -1.184743 0.392233 10
-0.412440 -1.013207 0.495487 10
-0.527863 -0.764068 0.644086 10
2.037921 -0.011277 1.084326 8
2.003801 0.108030 1.150960 8
1.947202 0.136088 1.164955 8
1.860406 0.021418 1.096692 8
1.808068 0.066807 1.121081 8
1.763340 0.157077 1.171521 8
1.695488 0.125981 1.152114 8
1.630446 0.106577 1.139647 8
1.560471 0.051203 1.106647 10
1.456352 -0.252237 0.930945 10
1.382918 -0.374762 0.859699 10
1.314543 -0.478599 0.799407 10
1.253881 -0.534123 0.767112 10
1.195090 -0.583971 0.738250 10
1.139238 -0.613936 0.720995 10
1.083202 -0.655516 0.697209 10
1.025271 -0.739320 0.649259 10
0.972360 -0.767570 0.633444 10
0.920752 -0.781721 0.625896 10
0.867465 -0.852690 0.585755 10
0.816704 -0.884142 0.568514 10
0.764870 -1.040205 0.479555 10
0.716742 -1.090125 0.451896 10
0.669227 -1.078060 0.460128 10
0.621472 -1.067913 0.467401 10
0.574543 -1.094997 0.453311 10
0.529858 -1.165245 0.414384 10
0.484172 -1.186312 0.404001 10
0.440836 -1.239475 0.375154 10
0.396369 -1.261754 0.364296 10
0.351168 -1.270170 0.361598 10
0.299672 -1.209938 0.398888 10
0.260785 -1.284390 0.358112 10
0.212609 -1.264764 0.372124 10
0.169838 -1.292423 0.358763 10
0.127128 -1.317006 0.347302 10
0.084842 -1.341708 0.335881 10
0.030803 -1.289678 0.369425 10
-0.028110 -1.216508 0.415571 10
-0.086014 -1.158760 0.452944 10
-0.131915 -1.171282 0.449318 10
-0.185305 -1.146392 0.467821 10
-0.230340 -1.164120 0.461431 10
-0.306505 -1.042629 0.537283 10
-0.357966 -1.038242 0.544351 10
-0.459771 -0.831824 0.671171 10
2.058753 -0.197958 1.059918 8
2.022682 -0.099284 1.115872 8
1.981820 -0.012853 1.164662 8
1.896912 -0.118047 1.099935 8
1.849382 -0.057598 1.133653 8
1.793941 -0.031343 1.147266 8
1.749145 0.053497 1.195735 8
1.670924 -0.041310 1.138054 8
1.614187 -0.020315 1.149102 8
1.538574 -0.119399 1.089337 10
1.451831 -0.311998 0.974527 10
1.381015 -0.417582 0.911373 10
1.313040 -0.519805 0.850406 10
1.252726 -0.574210 0.817873 10
1.195635 -0.609339 0.796899 10
1.140493 -0.632249 0.783309 10
1.085493 -0.660665 0.766631 10
1.027679 -0.740349 0.719829 10
0.976093 -0.742477 0.718995 10
0.917926 -0.887613 0.633813 10
0.867971 -0.891974 0.631956 10
0.817233 -0.932126 0.609089 10
0.767428 -0.968409 0.588647 10
0.718513 -0.976129 0.585243 10
0.669781 -0.987017 0.580112 10
0.622407 -1.062257 0.537006 10
0.574416 -1.059933 0.539973 10
0.530264 -1.157670 0.483746 10
0.484676 -1.185509 0.469073 10
0.441100 -1.237489 0.440185 10
0.396462 -1.259830 0.429013 10
0.350837 -1.265217 0.428053 10
0.309150 -1.312501 0.402282 10
0.252486 -1.206822 0.467793 10
0.224015 -1.367403 0.374684 10
0.176457 -1.349329 0.388251 10
0.123071 -1.292377 0.425247 10
0.077535 -1.297912 0.425053 10
0.027933 -1.277945 0.440297 10
-0.027305 -1.228247 0.473579 10
-0.085294 -1.170316 0.512054 10
-0.128471 -1.197210 0.499708 10
-0.210206 -1.032129 0.603262 10
-0.254509 -1.059998 0.590738 10
-0.298563 -1.087162 0.578757 10
-0.411420 -0.822038 0.744059 10
-0.518356 -0.606004 0.880298 10
2.039429 -0.297995 1.081157 8
1.991511 -0.251925 1.106442 8
1.938366 -0.224947 1.120256 8
1.886758 -0.189478 1.139411 8
1.847665 -0.092091 1.196376 8
1.790826 -0.073800 1.205410 8
1.735078 -0.048750 1.218735 8
1.661910 -0.119786 1.173929 8
1.581498 -0.244844 1.096588 8
1.520953 -0.261122 1.085467 10
1.443837 -0.395479 1.002963 10
1.377039 -0.475792 0.953443 10
1.314980 -0.532902 0.918186 10
1.256145 -0.573385 0.893192 10
1.195197 -0.644513 0.849815 10
1.141089 -0.658035 0.841511 10
1.087114 -0.674615 0.831524 10
1.031777 -0.717251 0.805923 10
0.970474 -0.879837 0.707810 10
0.918804 -0.913450 0.687984 10
0.869464 -0.903900 0.694473 10
0.819175 -0.924380 0.682919 10
0.768934 -0.972448 0.654784 10
0.719741 -1.018521 0.627996 10
0.671436 -1.049969 0.610221 10
0.622605 -1.013527 0.633820 10
0.575300 -1.059744 0.607366 10
0.530990 -1.157993 0.549389 10
0.486608 -1.213191 0.517687 10
0.441740 -1.241607 0.502402 10
0.395926 -1.249079 0.500010 10
0.350316 -1.257953 0.496908 10
0.298172 -1.195526 0.537496 10
0.256066 -1.243502 0.510824 10
0.216807 -1.308032 0.474118 10
0.164587 -1.259329 0.506855 10
0.110691 -1.207068 0.542001 10
0.069063 -1.246439 0.521112 10
0.020196 -1.235701 0.531138 10
-0.023867 -1.255538 0.522517 10
-0.070808 -1.257959 0.524768 10
-0.134266 -1.175079 0.579860 10
-0.210193 -1.040919 0.666997 10
-0.258032 -1.052619 0.664211 10
-0.311668 -1.038460 0.677627 10
-0.387776 -0.931897 0.748698 10
2.117727 -0.252021 1.194939 8
2.029321 -0.361601 1.123180 8
1.966629 -0.377896 1.110056 8
1.913333 -0.356833 1.120481 8
1.862755 -0.322603 1.139305 8
1.816240 -0.266719 1.171802 8
1.770953 -0.199635 1.211433 8
1.698382 -0.269622 1.165866 8
1.644456 -0.245082 1.179379 8
1.578588 -0.289704 1.150055 8
1.515494 -0.324027 1.127358 10
1.442953 -0.429573 1.060603 10
1.377042 -0.504170 1.013313 10
1.317437 -0.542048 0.989047 10
1.257289 -0.593154 0.956759 10
1.203231 -0.596450 0.954357 10
1.140978 -0.691693 0.895034 10
1.082817 -0.762717 0.850935 10
1.023692 -0.870949 0.783898 10
0.976020 -0.824236 0.813262 10
0.925746 -0.811962 0.821412 10
0.872751 -0.867465 0.787622 10
0.820745 -0.932087 0.748316 10
0.770560 -0.969771 0.725902 10
0.721077 -1.034156 0.687027 10
0.673050 -1.109266 0.641608 10
0.625612 -1.125363 0.633050 10
0.579967 -1.193826 0.592016 10
0.531172 -1.144106 0.624774 10
0.484894 -1.167560 0.612082 10
0.437664 -1.167809 0.614021 10
0.394795 -1.229926 0.577461 10
0.347286 -1.220177 0.585945 10
0.301706 -1.234300 0.579659 10
0.257713 -1.261608 0.565256 10
0.204977 -1.208640 0.601344 10
0.159331 -1.222051 0.595981 10
0.111577 -1.218833 0.601223 10
0.064109 -1.218943 0.604544 10
0.014847 -1.208682 0.614573 10
-0.025298 -1.254232 0.589559 10
-0.086387 -1.179639 0.640592 10
-0.129353 -1.208743 0.626284 10
-0.223287 -0.985477 0.772137 10
-0.289408 -0.915878 0.821025 10
-0.355430 -0.854663 0.864919 10
2.090164 -0.378689 1.197509 8
2.005730 -0.477126 1.131033 8
1.947084 -0.481409 1.125225 8
1.897444 -0.449002 1.143124 8
1.847963 -0.413739 1.163024 8
1.791571 -0.408292 1.164040 8
1.739626 -0.381328 1.179004 8
1.680356 -0.390732 1.170939 8
1.620634 -0.404941 1.160020 8
1.548851 -0.493735 1.101754 8
1.502827 -0.432448 1.139403 8
1.442622 -0.459906 1.120675 10
1.373012 -0.562414 1.054356 10
1.322926 -0.527116 1.076022 10
1.261565 -0.585481 1.038240 10
1.202924 -0.630824 1.008951 10
1.136605 -0.771895 0.918923 10
1.082252 -0.803777 0.898587 10
1.027521 -0.852034 0.868009 10
0.978218 -0.826972 0.884282 10
0.926209 -0.847884 0.871467 10
0.873863 -0.891043 0.844658 10
0.821710 -0.963445 0.799382 10
0.771662 -1.002359 0.775593 10
0.722344 -1.066791 0.735691 10
0.673657 -1.008072 0.774474 10
0.626859 -1.136080 0.694304 10
0.578335 -1.103442 0.716793 10
0.530946 -1.119303 0.708491 10
0.484205 -1.142182 0.695858 10
0.434588 -1.110218 0.718470 10
0.394498 -1.222387 0.648978 10
0.344277 -1.182636 0.676915 10
0.298982 -1.205954 0.664605 10
0.253534 -1.223811 0.655945 10
0.206024 -1.221270 0.660550 10
0.151377 -1.163528 0.700864 10
0.109407 -1.208376 0.675327 10
0.063455 -1.220609 0.670943 10
0.001373 -1.130856 0.732612 10
-0.046564 -1.136711 0.732762 10
-0.101365 -1.105010 0.757421 10
-0.169247 -1.010150 0.823317 10
-0.215947 -1.030448 0.814747 10
-0.302757 -0.863481 0.928249 10
-0.422356 -0.569689 1.125030 10
2.191767 -0.253042 1.367135 8
2.071414 -0.472018 1.219142 8
1.980642 -0.597671 1.133045 8
1.929331 -0.577063 1.143404 8
1.883416 -0.532780 1.169491 8
1.811096 -0.602256 1.121154 8
1.757948 -0.590643 1.126229 8
1.728412 -0.462437 1.207836 8
1.675093 -0.444394 1.217467 8
1.624644 -0.409318 1.238433 8
1.559599 -0.456921 1.205554 8
1.507312 -0.431698 1.220488 8
1.443290 -0.483512 1.185316 10
1.368445 -0.624339 1.092272 10
1.318511 -0.591942 1.112526 10
1.262376 -0.608689 1.100906 10
1.206191 -0.630549 1.086154 10
1.139266 -0.775174 0.991529 10
1.086674 -0.783349 0.986105 10
1.028813 -0.870002 0.929683 10
0.979440 -0.846646 0.945203 10
0.927971 -0.856974 0.938937 10
0.872578 -0.978567 0.860249 10
0.822214 -1.012064 0.839208 10
0.772527 -1.049876 0.815516 10
0.724153 -0.990445 0.855508 10
0.674948 -1.010393 0.843839 10
0.625984 -1.019733 0.839275 10
0.579826 -1.124117 0.772703 10
0.530233 -1.081355 0.802559 10
0.483356 -1.113277 0.783704 10
0.436247 -1.130755 0.774470 10
0.394837 -1.223715 0.715865 10
0.345301 -1.194078 0.737852 10
0.291091 -1.122208 0.787819 10
0.247348 -1.166829 0.761402 10
0.198598 -1.160420 0.768724 10
0.159138 -1.229610 0.726380 10
0.111249 -1.227219 0.731379 10
0.050740 -1.141130 0.791906 10
-0.007217 -1.083974 0.833614 10
-0.060550 -1.062312 0.852089 10
-0.115180 -1.037158 0.873120 10
-0.164819 -1.041728 0.874634 10
-0.248449 -0.880640 0.986675 10
-0.338291 -0.708711 1.106508 10
2.165270 -0.371150 1.373943 8
2.061883 -0.530982 1.262125 8
1.975962 -0.639188 1.185568 8
1.907156 -0.689873 1.148110 8
1.842530 -0.728961 1.118740 8
1.796116 -0.692675 1.140280 8
1.739388 -0.701551 1.131675 8
1.709473 -0.580988 1.210131 8
1.664983 -0.523046 1.246708 8
1.604370 -0.547881 1.227994 8
1.551714 -0.530336 1.237896 8
1.492673 -0.551551 1.222060 8
1.438273 -0.545674 1.224576 10
1.379999 -0.568217 1.208295 10
1.314093 -0.656442 1.148324 10
1.260237 -0.657751 1.146686 10
1.204439 -0.679088 1.131870 10
1.139698 -0.802877 1.048802 10
1.089804 -0.779492 1.064285 10
1.037386 -0.785497 1.060328 10
0.983125 -0.825451 1.033883 10
0.927679 -0.908458 0.978855 10
0.870613 -1.082675 0.863027 10
0.823418 -1.034451 0.896069 10
0.775052 -0.994470 0.923804 10
0.725340 -1.044510 0.891512 10
0.676396 -1.037466 0.897593 10
0.628423 -1.099471 0.857619 10
0.578147 -1.029163 0.906461 10
0.531550 -1.095675 0.863796 10
0.483063 -1.095323 0.866130 10
0.437646 -1.146948 0.833745 10
0.392526 -1.187795 0.808737 10
0.344530 -1.183694 0.814107 10
0.294172 -1.156153 0.835456 10
0.247989 -1.175408 0.825485 10
0.194394 -1.127648 0.860901 10
0.147445 -1.141762 0.854781 10
0.105192 -1.188684 0.826640 10
0.041001 -1.081991 0.902659 10
-0.024363 -0.983823 0.973286 10
-0.054273 -1.106698 0.894176 10
-0.118344 -1.028077 0.952082 10
-0.205000 -0.842983 1.082892 10
-0.286066 -0.706628 1.181062 10
2.258758 -0.283347 1.525176 8
2.136262 -0.497303 1.372558 8
2.045637 -0.614267 1.287590 8
1.974418 -0.668700 1.246220 8
1.887211 -0.793049 1.156945 8
1.801054 -0.926046 1.062112 8
1.769747 -0.832578 1.123567 8
1.732743 -0.756629 1.173078 8
1.682003 -0.740327 1.181734 8
1.640109 -0.677499 1.222546 8
1.593463 -0.634024 1.250240 8
1.549274 -0.571553 1.291150 8
1.490017 -0.595594 1.272926 8
1.432267 -0.614196 1.258665 8
1.377004 -0.618816 1.254214 8
1.322067 -0.622738 1.250461 10
1.259703 -0.692753 1.201677 10
1.200180 -0.751450 1.160875 10
1.139198 -0.840657 1.099413 10
1.088182 -0.833835 1.103889 10
1.037064 -0.827367 1.108328 10
0.985131 -0.833012 1.104682 10
0.925006 -1.007734 0.985504 10
0.873370 -1.062562 0.948569 10
0.824079 -1.076848 0.939577 10
0.775366 -1.076199 0.941004 10
0.726608 -1.081768 0.938365 10
0.677820 -1.059556 0.954963 10
0.629214 -1.079337 0.942967 10
0.580417 -1.077182 0.946206 10
0.531942 -1.085633 0.942359 10
0.485210 -1.126671 0.916305 10
0.437482 -1.137129 0.911437 10
0.395673 -1.228412 0.851114 10
0.334317 -1.058467 0.970865 10
0.295327 -1.169460 0.897278 10
0.248824 -1.185864 0.889039 10
0.197160 -1.155360 0.913394 10
0.139002 -1.079853 0.969137 10
0.085770 -1.053293 0.991300 10
0.023959 -0.974078 1.050245 10
-0.016036 -1.043167 1.006533 10
-0.071498 -1.013938 1.031292 10
-0.117985 -1.038430 1.018902 10
-0.249538 -0.622696 1.313837 10
-0.329962 -0.502915 1.403104 10
-1.913958 0.462209 -1.821441 9
-1.736567 0.546087 -1.914944 9
-1.671856 0.499176 -1.914916 9
-1.508829 0.574003 -2.000423 9
-1.342973 0.657700 -2.091028 9
-1.203608 0.712856 -2.160810 9
-1.614060 0.047562 -1.736961 9
-1.554441 -0.011463 -1.731513 9
-1.534405 -0.125357 -1.689529 9
-0.780175 0.790563 -2.336442 9
-0.744909 0.715619 -2.316813 9
-0.674627 0.690680 -2.330673 9
-0.622958 0.638555 -2.326889 9
-0.517241 0.669011 -2.376915 9
-0.344494 0.808095 -2.496191 9
-0.286434 0.771074 -2.501754 9
-0.203676 0.774786 -2.533281 9
-0.109993 0.798893 -2.577409 9
-0.079130 0.717690 -2.555717 9
-0.008877 0.703913 -2.576281 9
0.055997 0.681571 -2.591625 9
0.147299 0.708885 -2.637187 9
0.211430 0.687819 -2.653269 9
0.280633 0.677372 -2.675788 9
0.327715 0.624086 -2.672973 9
0.370848 0.561796 -2.665304 9
0.404823 0.478858 -2.646148 9
0.434787 0.384735 -2.621265 9
0.473198 0.306116 -2.606084 9
0.493497 0.183943 -2.566895 9
0.530167 0.095165 -2.547587 9
0.536312 -0.069958 -2.486525 9
0.552903 -0.216749 -2.437116 9
0.529275 -0.472316 -2.329494 9
-1.863117 0.771890 -1.865254 9
-1.894673 0.615649 -1.783219 9
-1.598873 0.834819 -1.979235 9
-1.412097 0.936270 -2.086367 9
-1.254655 1.008613 -2.170941 9
-1.181368 0.982020 -2.183270 9
-1.171548 0.876084 -2.139045 9
-0.974439 1.009190 -2.264965 9
-0.910839 0.974037 -2.271007 9
-0.868852 0.910136 -2.257191 9
-0.692667 1.030118 -2.370938 9
-0.635658 0.989586 -2.373114 9
-0.480102 1.090911 -2.472009 9
-0.475113 0.977111 -2.424477 9
-0.454214 0.883901 -2.391773 9
-0.344449 0.925042 -2.449083 9
-0.254301 0.939047 -2.487910 9
-0.087666 1.078773 -2.608548 9
-0.040643 1.029630 -2.605173 9
-0.044966 0.893239 -2.546088 9
0.105622 1.019862 -2.655954 9
0.143168 0.954290 -2.642838 9
0.179375 0.884841 -2.627836 9
0.216304 0.815070 -2.613221 9
0.253209 0.743551 -2.598118 9
0.290616 0.671193 -2.583112 9
0.353258 0.647511 -2.598255 9
0.403480 0.598910 -2.598535 9
0.426931 0.493103 -2.565071 9
0.460936 0.406362 -2.543846 9
0.488756 0.303036 -2.513664 9
0.518333 0.199948 -2.484556 9
0.548791 0.095103 -2.455370 9
0.582471 -0.005938 -2.429311 9
0.594270 -0.165289 -2.371129 9
0.586719 -0.381613 -2.282439 9
-1.921994 0.835382 -1.763840 9
-1.872082 0.770979 -1.749661 9
-1.638995 0.913890 -1.893981 9
-1.528870 0.922571 -1.934698 9
-1.365978 0.996207 -2.023715 9
-1.249724 1.018689 -2.073473 9
-1.089631 1.098346 -2.164873 9
-0.999178 1.095544 -2.194672 9
-0.918209 1.082335 -2.216680 9
-0.804608 1.113511 -2.270565 9
-0.779671 1.028490 -2.240794 9
-0.607413 1.144555 -2.354329 9
-0.595520 1.041833 -2.312439 9
-0.446400 1.133998 -2.407454 9
-0.423673 1.046028 -2.376561 9
-0.382974 0.982941 -2.363528 9
-0.328167 0.940539 -2.365081 9
-0.099233 1.172747 -2.552382 9
-0.059362 1.112436 -2.540986 9
0.037539 1.145315 -2.591999 9
0.064849 1.063756 -2.567063 9
0.145751 1.072930 -2.602160 9
0.140500 0.931312 -2.539233 9
0.199708 0.901789 -2.549747 9
0.245810 0.848151 -2.545048 9
0.275010 0.761279 -2.519754 9
0.330520 0.723412 -2.525971 9
0.377212 0.667680 -2.521339 9
0.398199 0.557758 -2.483733 9
0.460818 0.532177 -2.498729 9
0.475840 0.403388 -2.451275 9
0.531858 0.361245 -2.457134 9
0.550373 0.232358 -2.411594 9
0.586974 0.140945 -2.389415 9
0.609218 0.011276 -2.345642 9
0.616444 -0.161663 -2.277946 9
-1.836592 1.167764 -1.841193 9
-1.723285 1.174897 -1.882298 9
-1.615174 1.178845 -1.920383 9
-1.584727 1.098928 -1.891870 9
-1.558428 1.012964 -1.859294 9
-1.377538 1.104364 -1.965121 9
-1.111370 1.302712 -2.151774 9
-1.066497 1.244295 -2.139559 9
-1.019472 1.187935 -2.129320 9
-0.826651 1.315080 -2.257329 9
-0.764643 1.281045 -2.263398 9
-0.718695 1.226214 -2.254236 9
-0.578903 1.297345 -2.337809 9
-0.503249 1.285152 -2.359690 9
-0.374095 1.349684 -2.436809 9
-0.368630 1.240651 -2.388764 9
-0.286227 1.241903 -2.420020 9
-0.191484 1.263667 -2.465479 9
-0.112723 1.263585 -2.495224 9
-0.042512 1.251783 -2.516650 9
-0.066664 1.088484 -2.433962 9
0.023273 1.108214 -2.477597 9
0.076466 1.068359 -2.480567 9
0.150081 1.063882 -2.507505 9
0.175683 0.975437 -2.478512 9
0.223567 0.925084 -2.475428 9
0.278231 0.886718 -2.480564 9
0.305537 0.795672 -2.451806 9
0.334154 0.704336 -2.423690 9
0.421822 0.729549 -2.470707 9
0.438096 0.609716 -2.425614 9
0.470517 0.519741 -2.400373 9
0.504213 0.429553 -2.375816 9
0.567517 0.403028 -2.391315 9
0.583287 0.266818 -2.339939 9
0.627692 0.193047 -2.327694 9
0.656485 0.078665 -2.291707 9
-1.666864 1.245631 -1.827809 9
-1.419351 1.400868 -1.990474 9
-1.263131 1.463866 -2.075932 9
-1.233365 1.388553 -2.049097 9
-1.059266 1.478854 -2.154785 9
-0.990705 1.450407 -2.165144 9
-0.909873 1.437481 -2.187692 9
-0.848390 1.402040 -2.192588 9
-0.731708 1.436600 -2.251553 9
-0.639466 1.443098 -2.288332 9
-0.563151 1.430770 -2.310466 9
-0.491393 1.413610 -2.328838 9
-0.415886 1.402697 -2.351805 9
-0.329395 1.408633 -2.387100 9
-0.268091 1.380324 -2.396951 9
-0.261815 1.271248 -2.348143 9
-0.221474 1.210374 -2.335172 9
-0.144818 1.204660 -2.362157 9
-0.032388 1.257199 -2.430325 9
-0.016916 1.156827 -2.390025 9
0.043146 1.127492 -2.400268 9
0.099342 1.091981 -2.406366 9
0.174553 1.089728 -2.435507 9
0.204686 1.008603 -2.410767 9
0.249252 0.951673 -2.403096 9
0.294830 0.895591 -2.396449 9
0.324853 0.808462 -2.369627 9
0.366931 0.742515 -2.357552 9
0.418984 0.695251 -2.358240 9
0.453375 0.610485 -2.334994 9
0.501039 0.551500 -2.329074 9
0.542580 0.477703 -2.314208 9
0.581919 0.396732 -2.295463 9
0.606905 0.279628 -2.254823 9
-1.744881 1.173880 -1.654257 9
-1.400990 1.430191 -1.906903 9
-1.307849 1.422684 -1.936305 9
-1.102517 1.543709 -2.071274 9
-1.032845 1.515455 -2.082226 9
-0.985436 1.461656 -2.072493 9
-0.853066 1.509971 -2.145144 9
-0.801565 1.462653 -2.140610 9
-0.730415 1.439936 -2.155793 9
-0.620023 1.468746 -2.211310 9
-0.535587 1.466553 -2.242042 9
-0.457602 1.457456 -2.267172 9
-0.434844 1.373601 -2.234990 9
-0.353838 1.369989 -2.264394 9
-0.291710 1.340818 -2.274348 9
-0.273722 1.246872 -2.236103 9
-0.209133 1.220899 -2.249002 9
-0.121561 1.231205 -2.288560 9
-0.046254 1.224427 -2.315320 9
0.004168 1.178734 -2.313853 9
0.059883 1.141481 -2.318734 9
0.120682 1.112935 -2.330006 9
0.159243 1.045920 -2.314332 9
0.212893 1.004464 -2.317057 9
0.254487 0.940589 -2.304545 9
0.314908 0.910854 -2.315990 9
0.340528 0.814034 -2.281937 9
0.382390 0.746296 -2.268417 9
0.441855 0.712830 -2.278409 9
0.484869 0.644969 -2.265778 9
0.530508 0.580986 -2.256283 9
0.571740 0.505618 -2.239906 9
0.272575 -0.349217 -1.720087 10
-1.823048 1.102442 -1.476058 9
-1.503193 1.329341 -1.711053 9
-1.329833 1.406861 -1.814921 9
-1.254771 1.379076 -1.828230 9
-1.013706 1.543654 -2.002633 9
-0.990217 1.461103 -1.969012 9
-0.850069 1.517519 -2.050598 9
-0.787831 1.482439 -2.056290 9
-0.724739 1.448821 -2.063272 9
-0.630293 1.456077 -2.103172 9
-0.521058 1.485140 -2.159987 9
-0.474721 1.432598 -2.151635 9
-0.419060 1.392409 -2.153323 9
-0.326923 1.403808 -2.195281 9
-0.266237 1.372169 -2.203639 9
-0.227405 1.308564 -2.187692 9
-0.187049 1.246127 -2.173147 9
-0.117513 1.227896 -2.192313 9
-0.043103 1.218451 -2.217976 9
0.016592 1.186474 -2.226847 9
0.055794 1.120589 -2.211014 9
0.141858 1.133544 -2.253011 9
0.191372 1.084913 -2.250242 9
0.232806 1.021150 -2.237011 9
0.275050 0.957494 -2.224389 9
0.331607 0.919572 -2.230381 9
0.370077 0.846376 -2.212029 9
0.423095 0.800279 -2.213046 9
0.461910 0.724475 -2.194043 9
0.277894 0.176027 -1.854650 10
0.302168 0.050786 -1.806415 10
0.317018 -0.100464 -1.742036 10
0.319283 -0.287191 -1.655682 10
-1.566049 1.271439 -1.546898 9
-1.368297 1.373063 -1.675460 9
-1.261924 1.378528 -1.718677 9
-1.082039 1.471104 -1.836139 9
-0.968421 1.491937 -1.890687 9
-0.794907 1.587962 -2.007966 9
-0.819150 1.446724 -1.924852 9
-0.710089 1.469035 -1.979072 9
-0.584318 1.515947 -2.052825 9
-0.534162 1.467266 -2.047548 9
-0.467608 1.440416 -2.060237 9
-0.395557 1.421863 -2.079592 9
-0.323938 1.403778 -2.099226 9
-0.277082 1.350922 -2.091338 9
-0.194782 1.350026 -2.124471 9
-0.155774 1.285285 -2.107777 9
-0.064027 1.301366 -2.153790 9
-0.024765 1.236518 -2.137567 9
0.056134 1.238397 -2.172359 9
0.094330 1.170793 -2.154730 9
0.145114 1.123307 -2.152645 9
0.198539 1.079979 -2.153956 9
0.253314 1.038797 -2.157117 9
0.296054 0.975095 -2.144200 9
0.367269 0.964193 -2.169794 9
0.173727 0.436978 -1.827035 10
0.217231 0.359117 -1.808172 10
0.258905 0.275335 -1.785846 10
0.302806 0.193769 -1.765820 10
0.320260 0.052016 -1.705030 10
0.360163 -0.045269 -1.676076 10
0.365628 -0.225676 -1.591694 10
-1.442809 1.299860 -1.497453 9
-1.282850 1.362604 -1.593728 9
-1.126645 1.426133 -1.689188 9
-0.980677 1.482713 -1.777106 9
-0.849004 1.526822 -1.852899 9
-0.750914 1.533702 -1.895646 9
-0.688149 1.498447 -1.902024 9
-0.640573 1.444002 -1.892313 9
-0.519118 1.486521 -1.964018 9
-0.442927 1.471940 -1.987397 9
-0.384148 1.434589 -1.991889 9
-0.340032 1.376682 -1.979781 9
-0.256773 1.374716 -2.013301 9
-0.189562 1.350816 -2.028927 9
-0.113927 1.340539 -2.055356 9
-0.072119 1.279000 -2.041220 9
-0.010767 1.247584 -2.051105 9
0.061871 1.235044 -2.075711 9
0.126241 1.209961 -2.090546 9
0.154739 1.123774 -2.058886 9
0.230083 1.117868 -2.088663 9
0.287700 1.081499 -2.095430 9
0.331585 1.019616 -2.083446 9
0.151997 0.529080 -1.756420 10
0.213578 0.487509 -1.762949 10
0.251858 0.398786 -1.735597 10
0.288425 0.303726 -1.704522 10
0.332811 0.222170 -1.683961 10
0.370238 0.122866 -1.651614 10
0.396058 -0.006246 -1.599365 10
0.417521 -0.150914 -1.537627 10
0.387065 -0.426693 -1.387207 10
-1.330672 1.432035 -1.502910 9
-1.326373 1.321467 -1.443338 9
-1.139811 1.417508 -1.571351 9
-1.008900 1.454817 -1.644773 9
-0.846758 1.533616 -1.753861 9
-0.710831 1.585970 -1.837997 9
-0.734599 1.441722 -1.749623 9
-0.629443 1.458955 -1.802398 9
-0.531476 1.469610 -1.848835 9
-0.421452 1.499130 -1.910692 9
-0.362621 1.461284 -1.915023 9
-0.327631 1.389850 -1.891479 9
-0.262325 1.360951 -1.903744 9
-0.163114 1.383075 -1.957877 9
-0.105467 1.344987 -1.962375 9
-0.051495 1.301261 -1.962500 9
-0.228047 0.888265 -1.667696 10
-0.172640 0.837080 -1.664916 10
-0.129578 0.764632 -1.645762 10
-0.078612 0.704238 -1.636624 10
-0.007513 0.678554 -1.654768 10
0.052428 0.633389 -1.657999 10
0.100982 0.566708 -1.645155 10
0.175730 0.548901 -1.669678 10
0.238311 0.508328 -1.677127 10
0.286908 0.439339 -1.663757 10
0.324113 0.344890 -1.632279 10
0.370473 0.266907 -1.613695 10
0.381079 0.107607 -1.537107 10
0.429119 0.026335 -1.518065 10
0.435159 -0.156021 -1.428027 10
0.443408 -0.341912 -1.337464 10
-1.431626 1.330289 -1.292327 9
-1.351633 1.301069 -1.308575 9
-0.973483 1.501803 -1.578082 9
-0.854713 1.528204 -1.642364 9
-0.798575 1.480985 -1.639437 9
-0.653669 1.545452 -1.736365 9
-0.597633 1.500571 -1.735102 9
-0.574013 1.412854 -1.696509 9
-0.429185 1.486835 -1.799285 9
-0.363405 1.457082 -1.811141 9
-0.549960 1.070108 -1.517955 10
-0.479422 1.039708 -1.531914 10
-0.409893 1.008497 -1.545199 10
-0.068994 1.392085 -1.903689 9
-0.263256 0.959856 -1.583222 10
-0.192517 0.932842 -1.599944 10
-0.153400 0.854578 -1.575090 10
-0.077763 0.836098 -1.599017 10
-0.043103 0.747834 -1.567193 10
0.050886 0.762634 -1.617686 10
0.079539 0.661082 -1.576433 10
0.139384 0.614753 -1.579116 10
0.174384 0.520185 -1.544910 10
0.250082 0.503283 -1.570962 10
0.299938 0.435009 -1.558005 10
0.351600 0.368879 -1.547235 10
0.396089 0.285699 -1.524318 10
0.435147 0.187824 -1.491319 10
0.460423 0.054803 -1.433543 10
0.489484 -0.075076 -1.379437 10
0.489061 -0.282518 -1.270859 10
0.418235 -0.677859 -1.030526 10
-1.093962 0.861479 -1.051700 10
-0.868689 1.023249 -1.241560 10
-0.755813 1.043326 -1.302286 10
-0.654490 1.050704 -1.350977 10
-0.565506 1.043227 -1.386065 10
-0.486261 1.023484 -1.410151 10
-0.407215 1.004711 -1.434895 10
-0.352533 0.949990 -1.428851 10
-0.248161 0.972620 -1.488466 10
-0.174036 0.950024 -1.509472 10
-0.128877 0.880682 -1.491599 10
-0.062971 0.845050 -1.502043 10
-0.008997 0.789018 -1.495957 10
0.049986 0.741155 -1.496878 10
0.119563 0.712373 -1.513386 10
0.147823 0.606400 -1.468568 10
0.189539 0.522837 -1.442498 10
0.270844 0.515730 -1.476949 10
0.322618 0.450012 -1.465751 10
0.368733 0.370852 -1.444770 10
0.415859 0.291546 -1.424398 10
0.449341 0.179295 -1.379873 10
0.491936 0.083594 -1.348884 10
0.512877 -0.067169 -1.277957 10
0.542468 -0.203800 -1.219057 10
0.489635 -0.555817 -1.004469 10
-1.105244 0.847647 -0.918661 10
-0.954583 0.909164 -1.021517 10
-0.832547 0.937458 -1.092524 10
-0.630792 1.080071 -1.265649 10
-0.562612 1.042421 -1.274737 10
-0.437959 1.087429 -1.357174 10
-0.387208 1.026672 -1.345461 10
-0.347782 0.947733 -1.318354 10
-0.262959 0.938316 -1.352006 10
-0.218314 0.865941 -1.331438 10
-0.124665 0.873114 -1.379007 10
-0.043182 0.862311 -1.410909 10
0.006378 0.797540 -1.397526 10
0.063514 0.745098 -1.394861 10
0.098328 0.650964 -1.358359 10
0.164843 0.613883 -1.369169 10
0.224444 0.563592 -1.369470 10
0.304033 0.552793 -1.401649 10
0.354104 0.482906 -1.386808 10
0.411393 0.426566 -1.383207 10
0.441130 0.309001 -1.332352 10
0.492142 0.234590 -1.316047 10
0.512311 0.086336 -1.243886 10
0.567771 0.015779 -1.232311 10
0.580655 -0.162184 -1.140543 10
0.571742 -0.405077 -1.002347 10
-0.764570 1.027289 -1.058748 10
-0.655078 1.042867 -1.118312 10
-0.586756 1.003089 -1.126384 10
-0.477285 1.023661 -1.189271 10
-0.371212 1.042578 -1.249797 10
-0.300724 1.010227 -1.263815 10
-0.239327 0.964197 -1.265749 10
-0.157352 0.951309 -1.296921 10
-0.106016 0.889238 -1.285122 10
-0.011886 0.899037 -1.335638 10
0.018495 0.800152 -1.292850 10
0.084596 0.762359 -1.302746 10
0.128965 0.684637 -1.279294 10
0.196857 0.649585 -1.292014 10
0.280320 0.645355 -1.330226 10
0.322651 0.560497 -1.302242 10
0.380346 0.504846 -1.298723 10
0.426809 0.424301 -1.275618 10
0.471396 0.337153 -1.248005 10
0.499741 0.210220 -1.189835 10
0.553020 0.136115 -1.174368 10
0.594019 0.030132 -1.134831 10
0.625441 -0.104118 -1.074639 10
0.629124 -0.316299 -0.956492 10
0.552539 -0.754556 -0.669959 10
-0.938958 0.789071 -0.714251 10
-0.725469 0.941566 -0.907012 10
-0.579150 1.008792 -1.016725 10
-0.486228 1.003989 -1.057880 10
-0.373895 1.030430 -1.127259 10
-0.311039 0.984619 -1.129797 10
-0.222884 0.978673 -1.168541 10
-0.145579 0.957220 -1.192968 10
-0.087936 0.904277 -1.189274 10
0.001681 0.905443 -1.233513 10
0.075758 0.881768 -1.255588 10
0.142388 0.845698 -1.266844 10
0.137939 0.678042 -1.165419 10
0.237806 0.702293 -1.229091 10
0.306276 0.668713 -1.243263 10
0.348362 0.582206 -1.213314 10
0.390731 0.493535 -1.182417 10
0.459285 0.458149 -1.196114 10
0.505370 0.373338 -1.169713 10
0.559929 0.305048 -1.157449 10
0.589293 0.175537 -1.096814 10
0.638925 0.089474 -1.072043 10
0.661709 -0.067247 -0.992569 10
0.665321 -0.281883 -0.869755 10
0.621915 -0.635401 -0.642230 10
-0.604686 1.734494 -1.337245 6
-0.561242 1.671001 -1.318127 6
-0.860097 0.893582 -0.691496 10
-0.672256 1.011737 -0.855070 10
-0.537061 1.063547 -0.952378 10
-0.406699 1.113476 -1.046361 10
-0.352082 1.054857 -1.036810 10
-0.289800 1.007344 -1.038002 10
-0.189278 1.020159 -1.095128 10
-0.140474 0.952128 -1.077472 10
-0.036784 0.974321 -1.142245 10
0.013899 0.909319 -1.127713 10
0.111375 0.925517 -1.186091 10
0.146823 0.832685 -1.147370 10
0.201056 0.771938 -1.137712 10
0.241356 0.683374 -1.104358 10
0.310096 0.648189 -1.117835 10
0.372140 0.599770 -1.120097 10
0.435926 0.554556 -1.125351 10
0.485166 0.477647 -1.104266 10
0.534119 0.397797 -1.081441 10
0.572071 0.290104 -1.036415 10
0.629943 0.225299 -1.027569 10
0.655423 0.079350 -0.953531 10
0.685666 -0.061745 -0.885057 10
0.710233 -0.224777 -0.800708 10
0.702929 -0.483230 -0.642943 10
-0.591622 1.981001 -1.391222 6
-0.565595 1.900121 -1.351819 6
-0.497335 1.869188 -1.364990 6
-0.447651 1.815623 -1.354831 6
-0.438329 1.709608 -1.291708 6
-0.389655 1.652422 -1.279053 6
-0.824565 0.939436 -0.612753 10
-0.621490 1.078538 -0.800846 10
-0.455266 1.174941 -0.943898 10
-0.430616 1.071733 -0.890882 10
-0.320757 1.093512 -0.959204 10
-0.226279 1.095209 -1.007381 10
-0.164260 1.048030 -1.008766 10
-0.113858 0.981804 -0.992534 10
-0.035259 0.961518 -1.019443 10
0.027276 0.914944 -1.021960 10
0.094089 0.875754 -1.031421 10
0.158142 0.831767 -1.036651 10
0.237923 0.817135 -1.068346 10
0.257714 0.688565 -0.998665 10
0.313885 0.626978 -0.989416 10
0.366387 0.556692 -0.973051 10
0.447627 0.545199 -1.008107 10
0.502814 0.478956 -0.995968 10
0.557119 0.409108 -0.981314 10
0.607311 0.327824 -0.957632 10
0.661448 0.253259 -0.940325 10
0.693051 0.120612 -0.875628 10
0.738493 0.016970 -0.836223 10
0.760044 -0.154489 -0.742752 10
0.761675 -0.390177 -0.599536 10
-0.700482 2.082217 -1.295638 6
-0.613657 2.071181 -1.330932 2
-0.518743 2.071319 -1.377700 6
-0.470603 2.017879 -1.366363 2
-0.425876 1.959807 -1.350445 2
-0.376482 1.906892 -1.340358 2
-0.368273 1.800483 -1.274991 2
-0.327196 1.734268 -1.252369 6
-0.531457 1.334389 -0.889978 10
-0.493240 1.253129 -0.856442 10
-0.385827 1.268828 -0.920783 10
-0.346887 1.187509 -0.887886 10
-0.201622 1.264271 -1.011184 10
-0.141457 1.216155 -1.010807 10
-0.100575 1.137219 -0.980899 10
-0.064159 1.049066 -0.942934 10
0.025255 1.047327 -0.987805 10
0.088409 1.002684 -0.991806 10
0.150561 0.956178 -0.994252 10
0.225264 0.932368 -1.017861 10
0.267693 0.849006 -0.986842 10
0.311502 0.765835 -0.956820 10
0.348937 0.667449 -0.913938 10
0.427047 0.649171 -0.943473 10
0.486616 0.593058 -0.939391 10
0.540605 0.523782 -0.924175 10
0.582985 0.426444 -0.885204 10
0.627883 0.331224 -0.849072 10
0.686383 0.265115 -0.838742 10
0.730758 0.162003 -0.797679 10
0.764326 0.026554 -0.730611 10
0.793214 -0.128280 -0.648995 10
0.809033 -0.327813 -0.532399 10
-1.197351 2.004956 -0.884914 11
-0.919892 2.178525 -1.140534 11
-0.899515 2.092540 -1.092442 11
-0.609195 2.296096 -1.375059 6
-0.589580 2.212686 -1.328599 6
-0.496494 2.210708 -1.374017 6
-0.479585 2.122283 -1.323087 6
-0.419734 2.082849 -1.326852 11
-0.347945 2.058281 -1.346755 6
-0.278183 2.032175 -1.364734 11
-0.305632 1.881796 -1.250373 2
-0.314625 1.750212 -1.158097 6
-0.497807 1.377835 -0.816525 10
-0.390912 1.391825 -0.880746 10
-0.298679 1.388114 -0.925823 10
-0.214044 1.375528 -0.961243 10
-0.122413 1.375260 -1.008576 10
-0.057075 1.336710 -1.017117 10
-0.017148 1.258019 -0.986099 10
0.053231 1.227166 -1.002626 10
0.078422 1.121013 -0.946120 10
0.164209 1.116079 -0.988045 10
0.189951 1.006446 -0.929833 10
0.304684 1.055952 -1.022987 10
0.298439 0.882608 -0.906453 10
0.362500 0.837984 -0.911494 10
0.413221 0.766457 -0.892024 10
-0.293909 -0.873245 0.553967 10
0.522351 0.634010 -0.864551 10
0.570172 0.550500 -0.836177 10
0.629519 0.490385 -0.829357 10
0.680425 0.409131 -0.804416 10
0.721736 0.301755 -0.757506 10
0.769217 0.205200 -0.721109 10
0.802545 0.067737 -0.650710 10
0.826094 -0.103268 -0.553465 10
0.845438 -0.295869 -0.440151 10
0.812990 -0.650891 -0.193842 10
-1.159561 2.269820 -0.968105 11
-1.053115 2.267861 -1.020689 11
-0.928425 2.286568 -1.097022 11
-0.852427 2.258802 -1.116484 11
-0.665998 2.348109 -1.273442 6
-0.525748 2.394604 -1.377332 6
-0.506874 2.311690 -1.329857 11
-0.442936 2.277875 -1.339474 11
-0.414480 2.203379 -1.302969 11
-0.368310 2.148436 -1.289155 6
-0.176956 2.270471 -1.471914 11
-0.193310 2.140542 -1.374588 11
-0.122016 2.118854 -1.396936 11
-0.024315 2.133160 -1.457733 11
-0.357298 1.566232 -0.897531 10
-0.255197 1.577154 -0.958584 10
-0.191877 1.535660 -0.963787 10
0.226654 2.016231 -1.510360 11
-0.076024 1.436921 -0.958225 10
-0.040901 1.351742 -0.919347 10
0.000950 1.274972 -0.889855 10
0.347996 1.696857 -1.359339 6
0.350679 1.564473 -1.271732 6
0.190867 1.144617 -0.903881 10
0.280410 1.148008 -0.954380 10
0.296615 1.019177 -0.876818 10
0.336117 0.929249 -0.838041 10
0.407005 0.897704 -0.855466 10
0.471166 0.853251 -0.860748 10
0.524493 0.786087 -0.845105 10
0.574855 0.710882 -0.822620 10
0.614788 0.610309 -0.777665 10
0.673289 0.548247 -0.768674 10
0.725878 0.470726 -0.746292 10
0.754011 0.330685 -0.669037 10
0.798260 0.224436 -0.623270 10
0.826271 0.070682 -0.537153 10
0.877602 -0.027911 -0.500695 10
0.891117 -0.238035 -0.369501 10
0.888605 -0.508633 -0.189531 10
-1.008276 2.528043 -1.112176 12
-0.853943 2.574050 -1.224934 12
-0.697626 2.626796 -1.343626 12
-0.557173 2.668817 -1.446570 6
-0.508307 2.621691 -1.438733 12
-0.461869 2.571877 -1.427837 12
-0.488654 2.443041 -1.322915 6
-0.419969 2.415123 -1.339354 11
-0.355175 2.383660 -1.351364 11
-0.307920 2.332491 -1.340391 11
-0.200074 2.353079 -1.411901 11
-0.154488 2.300932 -1.399583 11
-0.106642 2.251103 -1.390199 11
-0.036844 2.229128 -1.412066 11
0.025578 2.198466 -1.424051 11
0.056483 2.125608 -1.389899 11
0.141644 2.126647 -1.436346 11
0.169420 2.047810 -1.396582 11
0.259733 2.058853 -1.452966 11
0.296040 1.991083 -1.425697 11
0.076113 1.523409 -0.983143 10
0.352466 1.824782 -1.341450 6
0.419654 1.801936 -1.362317 6
0.481114 1.770358 -1.374154 6
0.497811 1.661242 -1.308246 6
0.554633 1.619892 -1.311047 6
0.339935 1.076682 -0.820045 10
0.425096 1.073588 -0.864944 10
0.476097 1.005833 -0.846787 10
0.549449 0.981674 -0.870979 10
0.582686 0.874731 -0.816411 10
0.629412 0.792565 -0.786406 10
0.658456 0.668179 -0.717850 10
0.714349 0.600019 -0.702781 10
0.753506 0.490007 -0.649950 10
0.798489 0.389458 -0.606967 10
0.843669 0.285054 -0.561611 10
0.865028 0.112663 -0.456742 10
0.915326 0.009987 -0.415734 10
0.940688 -0.168907 -0.309010 10
0.943733 -0.425298 -0.137206 10
-1.056806 2.695073 -1.093387 12
-1.003401 2.645897 -1.085882 12
-0.698930 2.827926 -1.379838 12
-0.730879 2.704032 -1.272923 12
-0.577973 2.755209 -1.391501 6
-0.492702 2.744184 -1.429057 6
-0.430462 2.711418 -1.438685 12
-0.352307 2.695878 -1.469375 12
-0.308580 2.644857 -1.456109 12
-0.194464 2.670902 -1.536277 12
-0.154177 2.617149 -1.519394 12
-0.106555 2.571269 -1.512222 12
-0.079654 2.500512 -1.476103 12
-0.093003 2.379050 -1.381955 11
-0.023581 2.357083 -1.404026 11
0.082270 2.383069 -1.480277 11
0.113026 2.313420 -1.447447 11
0.182406 2.294620 -1.472056 11
0.233632 2.251675 -1.469640 11
0.257081 2.168740 -1.423656 11
0.307491 2.123105 -1.419083 11
0.350217 2.065489 -1.401880 11
0.413389 2.038680 -1.417894 6
0.453583 1.975756 -1.395737 2
0.520018 1.954690 -1.417824 2
0.560984 1.891421 -1.396057 2
0.604626 1.831327 -1.378124 2
0.591177 1.667099 -1.255049 6
0.421977 1.206130 -0.836073 10
0.461702 1.118633 -0.797000 10
0.542357 1.108995 -0.835743 10
0.585798 1.025591 -0.801869 10
0.621706 0.923553 -0.750795 10
0.670286 0.844964 -0.723437 10
0.726160 0.780184 -0.710001 10
0.760699 0.664145 -0.648715 10
0.797959 0.549306 -0.589944 10
0.842563 0.447397 -0.544517 10
0.883648 0.331860 -0.487699 10
0.911180 0.174314 -0.393957 10
0.946079 0.028218 -0.312561 10
0.983671 -0.118453 -0.232453 10
0.990901 -0.365226 -0.065338 10
-1.091951 2.777438 -1.020520 12
-0.904795 2.844360 -1.171865 12
-0.713966 2.920621 -1.332245 12
-0.635591 2.900164 -1.359747 6
-0.604451 2.836568 -1.329626 12
-0.543328 2.800971 -1.336693 12
-0.411968 2.835466 -1.434076 12
-0.347375 2.806216 -1.447917 12
-0.286867 2.773451 -1.457015 12
-0.179401 2.791496 -1.529433 12
-0.118163 2.761944 -1.541477 12
-0.082679 2.703988 -1.518540 12
-0.054050 2.637213 -1.485433 12
-0.013424 2.583331 -1.468506 12
0.041034 2.545642 -1.471195 12
0.104674 2.519635 -1.487617 12
0.082432 2.383894 -1.376187 11
0.153972 2.366920 -1.403786 11
0.190983 2.304355 -1.378964 11
0.267439 2.295614 -1.415492 11
0.284846 2.203895 -1.358663 11
0.365894 2.203126 -1.403745 11
0.416662 2.158625 -1.400141 11
0.479230 2.132223 -1.416404 11
0.539986 2.103622 -1.430142 2
0.589765 2.057438 -1.425036 2
0.633228 1.999998 -1.408305 2
0.689549 1.963911 -1.414392 2
0.649283 1.753315 -1.239680 6
0.668942 1.643632 -1.171995 6
0.541306 1.246313 -0.813073 10
0.592787 1.181340 -0.795995 10
0.630729 1.087054 -0.750180 10
0.674569 1.001682 -0.714268 10
0.707596 0.889633 -0.653088 10
0.762597 0.822364 -0.636822 10
0.808006 0.730754 -0.597674 10
0.846288 0.618177 -0.539495 10
0.886614 0.505433 -0.482499 10
0.916056 0.358869 -0.395103 10
0.947392 0.209274 -0.306769 10
0.983037 0.063208 -0.223599 10
1.014932 -0.102356 -0.124446 10
1.044254 -0.286141 -0.010920 10
-1.116406 2.962397 -1.030855 12
-0.899106 3.048618 -1.217083 12
-0.792221 3.048670 -1.276547 12
-0.735510 3.007698 -1.277035 12
-0.623796 3.015992 -1.345613 6
-0.549121 2.993309 -1.370147 12
-0.452860 2.992055 -1.423037 12
-0.359195 2.990585 -1.474393 12
-0.314259 2.943215 -1.463878 12
-0.279274 2.885528 -1.440082 12
-0.161968 2.912717 -1.526556 12
-0.124831 2.857976 -1.506351 12
-0.061553 2.831201 -1.521977 12
-0.032381 2.766812 -1.490193 12
0.008735 2.714975 -1.474656 12
0.072774 2.689767 -1.492130 12
0.128412 2.655157 -1.497882 12
0.155084 2.584580 -1.460373 12
0.164950 2.490700 -1.395981 12
0.246100 2.488098 -1.440397 11
0.263344 2.400739 -1.385241 11
0.339534 2.393046 -1.423194 11
0.388292 2.347752 -1.417546 11
0.418261 2.274340 -1.380303 11
0.514349 2.299429 -1.454278 11
0.521533 2.189166 -1.376746 6
0.562525 2.129078 -1.355983 11
0.596587 2.056191 -1.321823 6
0.677645 2.061472 -1.372778 2
0.746391 2.047717 -1.402604 2
0.735017 1.890014 -1.279662 2
0.564659 1.427123 -0.839087 10
0.598474 1.331438 -0.788404 10
0.643166 1.253851 -0.757504 10
0.699904 1.198618 -0.750205 10
0.729099 1.083740 -0.682980 10
0.761732 0.971304 -0.619669 10
0.808844 0.886810 -0.585502 10
0.838983 0.759110 -0.509715 10
0.882985 0.658931 -0.462407 10
0.912589 0.517774 -0.376646 10
0.943622 0.372683 -0.288957 10
0.985211 0.248292 -0.222803 10
1.027797 0.120019 -0.154511 10
1.056877 -0.055482 -0.043745 10
1.090121 -0.229550 0.063369 10
-1.087597 3.095412 -1.033860 12
-0.938911 3.123521 -1.140298 12
-0.898751 3.066866 -1.119229 12
-0.668604 3.169558 -1.330093 6
-0.607517 3.134287 -1.337684 6
-0.522018 3.121207 -1.376469 12
-0.469090 3.080194 -1.375102 2
-0.332084 3.117916 -1.482765 12
-0.323035 3.037271 -1.425809 12
-0.288004 2.980196 -1.402007 12
-0.215813 2.959938 -1.427989 12
-0.134763 2.950086 -1.467145 12
-0.098407 2.894345 -1.445350 12
-0.001420 2.904203 -1.508980 12
0.042180 2.856833 -1.497934 12
0.121269 2.850069 -1.538612 12
0.125465 2.756329 -1.469376 12
0.158065 2.694241 -1.440905 12
0.193596 2.634610 -1.416087 12
0.237146 2.584207 -1.403053 12
0.302475 2.562020 -1.424307 12
0.353630 2.521546 -1.423424 11
0.410596 2.489124 -1.432140 11
0.470595 2.461433 -1.446303 11
0.497575 2.385510 -1.404517 11
0.526914 2.310973 -1.365244 11
0.574222 2.262457 -1.356357 11
0.647980 2.256018 -1.395029 11
0.667538 2.161339 -1.334943 11
0.726561 2.130784 -1.346797 11
0.777464 2.086306 -1.343387 11
0.805941 2.000490 -1.295510 2
0.608488 1.486747 -0.790330 10
0.664424 1.433983 -0.783893 10
0.691005 1.321540 -0.715039 10
0.731540 1.233154 -0.672730 10
0.780945 1.160477 -0.647641 10
0.810524 1.041582 -0.575979 10
0.845167 0.928705 -0.511970 10
0.888805 0.831949 -0.465574 10
0.923622 0.709243 -0.394463 10
0.961286 0.587566 -0.325933 10
0.975980 0.398495 -0.193049 10
1.013433 0.260501 -0.112342 10
1.050417 0.113212 -0.024479 10
1.106421 0.014003 0.015713 10
1.135281 -0.175133 0.139656 10
1.116138 -0.534329 0.420028 10
-1.070278 3.217649 -1.024143 12
-1.217491 3.015312 -0.777869 12
-0.956196 3.128807 -1.020345 12
-0.679175 3.264042 -1.289287 6
-0.548335 3.286873 -1.383906 6
-0.509695 3.234169 -1.364928 6
-0.441226 3.207357 -1.383936 6
-0.412576 3.145407 -1.351934 6
-0.356416 3.108093 -1.355565 12
-0.246123 3.122873 -1.432099 12
-0.379065 2.902068 -1.180225 6
-0.128052 3.058654 -1.451251 12
-0.076346 3.019787 -1.451291 12
0.005879 3.013528 -1.494999 12
0.068685 2.987969 -1.512159 12
0.101359 2.929430 -1.485711 12
0.113587 2.846317 -1.427977 12
0.141503 2.779420 -1.392295 12
0.237474 2.793898 -1.460688 12
0.290867 2.758153 -1.464607 12
0.335931 2.711901 -1.455430 12
0.376802 2.659696 -1.439175 12
0.417802 2.606908 -1.422606 12
0.413715 2.490218 -1.329407 6
0.501536 2.501330 -1.390691 11
0.581445 2.503640 -1.440454 11
0.602825 2.419045 -1.387655 11
0.633786 2.346687 -1.350175 11
0.659122 2.263121 -1.300683 11
0.735074 2.261162 -1.345007 11
0.751584 2.159194 -1.276064 11
0.796374 2.103298 -1.259936 11
0.848133 2.058956 -1.257029 11
0.651956 1.545805 -0.741530 10
0.702639 1.482979 -0.723828 10
0.750028 1.411997 -0.697900 10
0.769613 1.280948 -0.608772 10
0.804881 1.177399 -0.550487 10
0.848649 1.088344 -0.508639 10
0.879215 0.965225 -0.432555 10
0.924805 0.872017 -0.388779 10
0.941732 0.703505 -0.269555 10
0.980962 0.582723 -0.200821 10
1.002395 0.407809 -0.079607 10
1.040995 0.269978 0.002454 10
1.088802 0.150883 0.064358 10
1.140209 0.036029 0.120696 10
1.173440 -0.142948 0.237404 10
1.185170 -0.405752 0.431651 10
-1.146149 3.181985 -0.832813 12
-1.099347 3.127200 -0.816563 12
-0.658570 3.382976 -1.287261 6
-0.560388 3.377881 -1.342043 6
-0.520288 3.326652 -1.324818 6
-0.452165 3.299047 -1.343517 6
-0.402433 3.256218 -1.338956 6
-0.395220 3.175095 -1.278054 2
-0.311235 3.163118 -1.319035 2
-0.269574 3.112591 -1.303588 2
-0.201633 3.087387 -1.324381 12
-0.102898 3.094116 -1.389441 12
-0.011388 3.096094 -1.446378 12
0.045952 3.064230 -1.455585 12
0.139357 3.072179 -1.518556 12
0.163964 3.005755 -1.480378 12
0.214697 2.967926 -1.480965 12
0.262935 2.927255 -1.477819 12
0.274080 2.841397 -1.416097 12
0.322196 2.799148 -1.411723 12
0.368065 2.753844 -1.403598 12
0.451554 2.757953 -1.457843 12
0.486857 2.698958 -1.432470 12
0.497483 2.604191 -1.363600 6
0.576940 2.605316 -1.413164 6
0.569460 2.479743 -1.308825 11
0.655335 2.491600 -1.370958 11
0.705666 2.450500 -1.369279 11
0.732201 2.370550 -1.322206 11
0.770836 2.308178 -1.296571 11
0.804032 2.234829 -1.258940 11
0.848612 2.179427 -1.242603 11
0.879867 2.098337 -1.197755 11
0.916131 2.023841 -1.161279 11
0.748129 1.546258 -0.679631 10
0.777443 1.438852 -0.612951 10
0.807271 1.327860 -0.543819 10
0.841344 1.221087 -0.480721 10
0.879510 1.118731 -0.423720 10
0.929133 1.038523 -0.391396 10
0.940490 0.862785 -0.259935 10
0.973123 0.730073 -0.175746 10
0.993858 0.559087 -0.054027 10
1.024979 0.405807 0.047172 10
1.077932 0.304947 0.093342 10
1.136430 0.215361 0.127086 10
1.172234 0.051770 0.233244 10
1.220733 -0.082094 0.307959 10
1.238421 -0.328200 0.490260 10
-1.330383 3.250599 -0.654873 2
-1.244814 3.221635 -0.683487 6
-1.195868 3.166826 -0.668351 6
-1.128930 3.125595 -0.675512 2
-0.606688 3.441985 -1.257185 6
-0.560180 3.395379 -1.247453 6
-0.514120 3.348348 -1.237143 6
-0.417471 3.344277 -1.293358 6
-0.378397 3.292122 -1.274621 6
-0.371715 3.210425 -1.211692 2
-0.294889 3.191424 -1.243557 2
-0.246129 3.147190 -1.237436 2
-0.187978 3.112084 -1.244647 12
-0.115704 3.091588 -1.272608 12
0.000286 3.117351 -1.365549 12
0.107031 3.137116 -1.447898 12
0.180616 3.124217 -1.483019 12
0.196770 3.048638 -1.431317 12
0.239014 3.001033 -1.418711 12
0.306295 2.982578 -1.445509 12
0.329769 2.912081 -1.402635 12
0.382111 2.875875 -1.405742 12
0.419200 2.820222 -1.383539 12
0.463310 2.772881 -1.372529 12
0.506625 2.723949 -1.359772 6
0.538691 2.658630 -1.326695 6
0.588935 2.617937 -1.325060 12
0.632156 2.566651 -1.310462 12
0.665695 2.499721 -1.277133 12
0.610763 2.291363 -1.073512 6
0.784761 2.444939 -1.307429 11
0.811182 2.362914 -1.257513 11
0.838643 2.279807 -1.207419 11
0.892146 2.240258 -1.209073 11
0.912380 2.139120 -1.139906 11
0.967101 2.099456 -1.142328 11
1.002026 2.020558 -1.100533 11
0.815698 1.487561 -0.551467 10
0.849278 1.383922 -0.488904 10
0.890132 1.291628 -0.440173 10
0.916112 1.161826 -0.351749 10
0.948031 1.039293 -0.273021 10
0.982093 0.915716 -0.194866 10
0.988904 0.716602 -0.038442 10
1.005272 0.530008 0.101734 10
1.048205 0.404352 0.175748 10
1.102454 0.303959 0.222105 10
1.163827 0.219720 0.250825 10
1.218533 0.110894 0.303569 10
1.257650 -0.054963 0.412196 10
1.292777 -0.246333 0.543874 10
1.075230 -1.357732 1.578701 8
1.193537 -1.313947 1.467456 8
1.303544 -1.293327 1.380124 8
-1.366699 3.339296 -0.580573 6
-1.230777 3.344127 -0.670218 6
-1.191407 3.283064 -0.643662 6
-1.127671 3.239459 -0.647177 6
-1.038562 3.215564 -0.683292 2
-0.560480 3.496393 -1.220747 6
-0.482710 3.475085 -1.251957 6
-0.412283 3.449084 -1.274628 6
-0.394446 3.379610 -1.227650 6
-0.361956 3.321487 -1.199485 6
-0.368463 3.227711 -1.116821 6
-0.317544 3.183988 -1.112450 2
-0.195171 3.207862 -1.209938 2
-0.162012 3.148870 -1.181613 12
-0.073778 3.144005 -1.233500 12
0.033082 3.160410 -1.315015 12
0.077346 3.114041 -1.304389 12
0.137958 3.085132 -1.318762 12
0.235234 3.097831 -1.391201 12
-0.123990 2.589639 -0.738778 12
0.354143 3.043167 -1.421277 12
0.429446 3.036130 -1.463376 12
0.458001 2.972526 -1.428587 2
0.480031 2.899056 -1.381454 6
0.559033 2.898913 -1.431756 12
0.575093 2.815269 -1.372411 12
0.595193 2.734547 -1.318113 12
0.639104 2.685649 -1.305537 12
0.694194 2.652720 -1.313423 12
0.744336 2.612484 -1.312105 12
0.742729 2.490190 -1.209501 11
0.814886 2.482897 -1.249722 11
0.863669 2.438165 -1.243902 11
0.887259 2.349135 -1.185183 11
0.928993 2.289229 -1.162318 11
0.971736 2.229645 -1.140404 11
1.020590 2.180210 -1.130873 11
1.053818 2.098894 -1.084893 11
1.084639 2.009478 -1.030687 11
0.889853 1.437021 -0.430920 10
0.915163 1.310160 -0.342226 10
0.956109 1.212550 -0.287888 10
0.990653 1.095427 -0.213305 10
0.993248 0.893728 -0.048121 10
0.986056 0.654198 0.154648 10
1.026873 0.526320 0.233932 10
1.084575 0.438080 0.269448 10
1.147055 0.359684 0.293680 10
1.206497 0.268868 0.330100 10
1.253262 0.133519 0.411508 10
1.295477 -0.025747 0.515583 10
1.336275 -0.201440 0.634099 10
1.210582 -0.997275 1.373121 8
1.284647 -1.106421 1.414900 8
1.371077 -1.172494 1.412997 8
1.489175 -1.105491 1.280524 8
1.595490 -1.078467 1.188688 8
-1.273984 3.426814 -0.587424 6
-1.166175 3.412785 -0.645073 6
-1.139966 3.342927 -0.602124 6
-1.068000 3.305537 -0.616627 6
-1.005028 3.262205 -0.620249 6
-1.040465 3.143110 -0.495318 6
-0.508804 3.471881 -1.121040 6
-0.417426 3.461565 -1.171404 6
-0.381435 3.406595 -1.147701 6
-0.328388 3.365826 -1.147227 6
-0.432467 3.185343 -0.925438 2
-0.273274 3.238268 -1.073950 2
-0.200716 3.215203 -1.101342 2
-0.130922 3.190667 -1.125709 12
-0.098398 3.130113 -1.095140 12
-0.007075 3.128777 -1.153349 12
0.108793 3.155661 -1.251620 12
0.152727 3.108592 -1.240053 12
0.253418 3.124408 -1.319061 12
0.329839 3.115674 -1.361369 12
0.401228 3.102811 -1.396906 12
0.489333 3.111763 -1.461944 12
0.509718 3.038935 -1.413212 2
0.597302 3.050430 -1.480123 2
0.543495 2.877717 -1.298012 12
0.592871 2.837545 -1.296065 12
0.646530 2.803271 -1.301958 12
0.697666 2.765567 -1.303310 12
0.745921 2.723555 -1.299141 12
0.783029 2.664106 -1.272883 12
0.826190 2.612842 -1.257567 12
0.847241 2.524477 -1.196279 11
0.906586 2.497458 -1.212209 11
0.932606 2.412949 -1.157502 11
0.966851 2.340065 -1.118084 11
1.006161 2.274156 -1.087935 11
1.049138 2.213290 -1.064500 11
1.096008 2.158466 -1.048772 11
1.127906 2.071410 -0.995892 11
0.932604 1.494808 -0.378477 10
0.961430 1.375304 -0.296116 10
0.971892 1.207553 -0.160795 10
0.987633 1.042581 -0.031338 10
0.926432 0.676758 0.318999 10
0.988237 0.602471 0.341187 10
1.063718 0.562371 0.325358 10
1.122115 0.474560 0.361183 10
1.181974 0.387020 0.395779 10
1.236527 0.279113 0.451093 10
1.293273 0.172046 0.504211 10
1.344439 0.039921 0.582197 10
1.382063 -0.149002 0.717185 10
1.360807 -0.571511 1.088811 10
1.376633 -0.890267 1.348033 8
1.487881 -0.846191 1.236961 8
1.542654 -1.038518 1.363310 8
1.660327 -0.957343 1.216509 8
1.755964 -0.968864 1.162709 8
-1.242193 3.473118 -0.520886 6
-1.128558 3.462632 -0.587111 6
-1.094947 3.398110 -0.553019 6
-0.960793 3.405943 -0.648906 6
-0.996229 3.290385 -0.524422 6
-0.973769 3.215631 -0.474040 2
-0.916859 3.166809 -0.469203 12
-0.789739 3.175327 -0.561088 12
-0.618180 3.224497 -0.718006 12
-0.519080 3.216886 -0.777229 12
-0.383210 3.244189 -0.891376 2
-0.217392 3.303058 -1.052991 2
-0.188000 3.239962 -1.017508 2
-0.151016 3.183104 -0.992532 12
-0.088865 3.150490 -1.005455 12
0.010779 3.156800 -1.077279 12
0.116212 3.172054 -1.160768 12
0.148732 3.111865 -1.129979 12
0.306513 3.189857 -1.303025 6
0.374487 3.172048 -1.332805 2
0.420886 3.130113 -1.327208 6
0.530530 3.164679 -1.430400 2
0.577790 3.125730 -1.428008 2
0.628903 3.091659 -1.432446 2
0.631166 2.993123 -1.348205 2
0.639731 2.899464 -1.272425 12
0.702423 2.878446 -1.295994 12
0.753877 2.842176 -1.298805 12
0.791578 2.785419 -1.274626 12
0.826666 2.723382 -1.244126 12
0.864821 2.664612 -1.218530 12
0.901886 2.602626 -1.189426 12
0.928845 2.521850 -1.137245 11
0.975391 2.472428 -1.125433 11
1.011404 2.403072 -1.089266 11
1.043147 2.323462 -1.041346 11
1.092996 2.275894 -1.033403 11
1.118106 2.177923 -0.965123 11
1.177336 2.146347 -0.977385 11
1.194435 2.024384 -0.882933 11
1.180863 1.827440 -0.702826 2
1.193216 1.678298 -0.581625 6
0.917982 0.827314 0.341782 10
0.944752 0.668057 0.462054 10
1.042727 0.685040 0.381536 10
1.081537 0.546207 0.475956 10
1.152689 0.490768 0.476262 10
1.213813 0.404442 0.510086 10
1.275587 0.316043 0.545250 10
1.337306 0.223019 0.584445 10
1.383503 0.071998 0.684368 10
1.425606 -0.104930 0.809496 10
1.451721 -0.356634 1.010222 10
1.443617 -0.767963 1.372404 8
1.554814 -0.719214 1.255215 8
1.655055 -0.708175 1.178085 8
1.751195 -0.709756 1.114638 8
1.821935 -0.834880 1.175414 8
1.910386 -0.875664 1.151095 8
-1.141516 3.478057 -0.464004 6
-1.020793 3.384955 -0.463258 6
-1.035449 3.283193 -0.362603 2
-0.948544 3.256164 -0.397719 2
-0.943119 3.166494 -0.321527 12
-0.802772 3.183875 -0.432626 12
-0.594018 3.262287 -0.644702 12
-0.448599 3.293866 -0.771914 12
-0.340507 3.297137 -0.848484 12
-0.270107 3.269089 -0.871483 12
-0.231277 3.212580 -0.847623 12
-0.124750 3.220487 -0.927272 12
-0.073209 3.177087 -0.923762 12
0.040220 3.196714 -1.018562 12
0.114629 3.179164 -1.053667 12
0.349967 3.336561 -1.354244 6
0.391428 3.290526 -1.341536 6
0.432615 3.243776 -1.328010 6
0.538714 3.272910 -1.426301 2
0.585898 3.234736 -1.424508 2
0.625068 3.186536 -1.408330 2
0.664238 3.137685 -1.391577 2
0.669920 3.043789 -1.311899 12
0.724858 3.013623 -1.322541 2
0.763483 2.960951 -1.302031 12
0.801449 2.906342 -1.279354 12
0.838252 2.848868 -1.253338 12
0.868393 2.779778 -1.212447 12
0.904818 2.718603 -1.182891 12
0.931166 2.639229 -1.130272 12
0.975334 2.587311 -1.114247 12
1.000734 2.501367 -1.055147 11
1.052275 2.459547 -1.053149 11
1.088274 2.388118 -1.014208 11
1.128395 2.322217 -0.983003 11
1.160408 2.237817 -0.929815 11
1.195170 2.155612 -0.880460 11
1.234200 2.079204 -0.839183 11
1.231635 1.906085 -0.683491 2
1.279388 1.839939 -0.657311 2
1.340565 1.804067 -0.667230 2
0.997930 0.746271 0.507489 10
1.040389 0.618271 0.592266 10
1.112923 0.565674 0.589433 10
1.190072 0.525495 0.572398 10
1.249606 0.432640 0.614232 10
1.306229 0.325850 0.670439 10
1.359046 0.200179 0.746025 10
1.416164 0.080931 0.812952 10
1.471882 -0.051556 0.892597 10
1.506849 -0.273770 1.066192 10
1.560021 -0.442574 1.179846 8
1.629874 -0.554628 1.231634 8
1.729118 -0.540870 1.151470 8
1.809271 -0.612901 1.160618 8
1.893374 -0.668615 1.152552 8
-1.334391 3.085248 0.158886 12
-1.139649 3.132534 -0.020166 12
-0.947004 3.184324 -0.201840 12
-0.690430 3.293847 -0.480650 12
-0.579278 3.292391 -0.556977 12
-0.452611 3.307001 -0.658742 12
-0.325592 3.325629 -0.764398 12
-0.251473 3.300317 -0.793151 12
-0.187778 3.266526 -0.806908 12
-0.133041 3.224846 -0.807229 12
-0.037922 3.223165 -0.872119 12
0.030386 3.196810 -0.895841 12
0.069490 3.140979 -0.872362 12
0.383250 3.379782 -1.308611 6
0.455103 3.367442 -1.347541 6
0.497557 3.323179 -1.336906 6
0.535470 3.273241 -1.317934 2
0.591641 3.244696 -1.331162 2
0.642483 3.210094 -1.335156 2
0.690898 3.172566 -1.334788 2
0.704856 3.089402 -1.268850 12
0.789214 3.099502 -1.336889 12
0.807030 3.018871 -1.275935 12
0.841732 2.959976 -1.246538 12
0.879075 2.903618 -1.221286 12
0.911309 2.838071 -1.184102 12
0.942141 2.768375 -1.142159 12
0.975982 2.701437 -1.104819 12
1.027489 2.662591 -1.105364 12
1.058304 2.587052 -1.058074 12
1.092723 2.515353 -1.016787 11
1.132521 2.451302 -0.986207 11
1.167415 2.375636 -0.941629 11
1.202184 2.296809 -0.894080 11
1.230482 2.201164 -0.826703 11
1.273037 2.132110 -0.793467 11
1.302387 2.030527 -0.721405 11
1.341754 1.947347 -0.673073 2
1.357783 1.803049 -0.552823 2
0.998024 0.689174 0.712128 10
1.073606 0.643549 0.701059 10
1.136087 0.561323 0.732453 10
1.214851 0.522930 0.712596 10
1.280684 0.445617 0.737197 10
1.349117 0.373241 0.755498 10
1.405303 0.256824 0.822446 10
1.462281 0.135465 0.893353 10
1.518127 0.001325 0.976696 10
1.562081 -0.189834 1.120262 8
1.638448 -0.263978 1.134693 8
1.712764 -0.351118 1.162396 8
1.801197 -0.377915 1.125317 8
1.869825 -0.502026 1.190673 8
1.963484 -0.503692 1.127081 8
-1.384347 3.073252 0.350894 12
-1.243905 3.076819 0.246922 12
-0.976481 3.182717 -0.042931 12
-0.622015 3.367956 -0.468725 12
-0.525589 3.354806 -0.525593 12
-0.391594 3.375684 -0.640929 12
-0.303535 3.360548 -0.689927 12
-0.237851 3.327180 -0.705966 12
-0.160032 3.305823 -0.741825 12
-0.050115 3.316534 -0.830417 12
0.027135 3.298484 -0.868906 12
0.071542 3.248767 -0.854470 12
0.139014 3.222697 -0.878483 12
0.393068 3.397825 -1.222853 6
0.477270 3.398347 -1.283509 6
0.529763 3.365187 -1.290179 6
0.605144 3.359215 -1.338465 6
0.626378 3.289766 -1.289029 6
0.676613 3.254498 -1.292081 2
0.731757 3.225688 -1.304629 2
0.734388 3.127859 -1.215468 2
0.784370 3.090893 -1.216713 2
0.831613 3.050091 -1.212419 12
0.889956 3.025194 -1.230830 12
0.915777 2.952221 -1.181281 12
0.936230 2.868518 -1.117900 12
0.992892 2.839695 -1.131411 12
1.025729 2.771924 -1.091659 12
1.048245 2.684313 -1.026060 12
1.095743 2.637397 -1.016142 12
1.131236 2.567706 -0.976444 12
1.171377 2.504426 -0.946011 11
1.190119 2.397019 -0.859213 11
1.237937 2.343661 -0.843454 11
1.276293 2.268938 -0.801035 11
1.295781 2.149686 -0.703674 11
1.334816 2.068548 -0.655721 11
1.366154 1.965448 -0.581804 2
1.375702 1.802804 -0.436863 2
1.038950 0.735102 0.798082 10
1.108369 0.672197 0.807545 10
1.185303 0.628753 0.793543 10
1.256696 0.568991 0.798718 10
1.314739 0.466423 0.853319 10
1.386392 0.402009 0.862695 10
1.446411 0.295730 0.919407 10
1.504909 0.177165 0.988686 10
1.556096 0.022447 1.096910 10
1.620128 -0.093922 1.160270 8
1.687419 -0.205471 1.216848 8
1.769594 -0.258724 1.208500 8
1.859432 -0.276649 1.161772 8
1.944969 -0.313501 1.135781 8
2.033397 -0.333831 1.092343 8
2.031227 -0.893656 1.616715 8
-1.272217 3.180086 0.317360 2
-1.226263 3.113963 0.346130 2
-1.003128 3.184023 0.115822 12
-0.551047 3.443804 -0.462287 12
-0.419908 3.459664 -0.573624 12
-0.348129 3.429340 -0.597596 12
-0.248970 3.423856 -0.665174 12
-1.111717 2.559622 0.787124 12
-0.091267 3.383022 -0.742132 12
-0.005474 3.371500 -0.794095 12
0.057829 3.339969 -0.810561 12
0.084004 3.271759 -0.764985 12
0.172081 3.266348 -0.824337 12
0.446303 3.462456 -1.211319 6
0.525718 3.458281 -1.265452 6
0.547710 3.390994 -1.217584 6
0.596125 3.352890 -1.216748 6
0.619712 3.284831 -1.169261 6
0.687040 3.269384 -1.203739 2
0.737579 3.233810 -1.206786 2
0.785124 3.194404 -1.203974 2
0.793482 3.101300 -1.121434 2
0.861406 3.088638 -1.158895 2
0.922137 3.067102 -1.182636 12
0.955904 3.005997 -1.149013 12
0.987874 2.940447 -1.109821 12
1.028994 2.887625 -1.089392 12
1.072475 2.837591 -1.073314 12
1.099689 2.758618 -1.017786 12
1.143127 2.705483 -0.998664 12
1.175285 2.630322 -0.950312 12
1.212177 2.561334 -0.911259 11
1.237416 2.466805 -0.839347 11
1.268307 2.379449 -0.778355 11
1.305520 2.301610 -0.731003 11
1.325292 2.181797 -0.630904 11
1.377631 2.130342 -0.619648 11
1.375427 1.946664 -0.442581 2
1.003090 0.824482 0.898912 10
1.074666 0.767088 0.902026 10
1.149889 0.718494 0.894133 10
1.203577 0.608097 0.960905 10
1.282049 0.565377 0.945126 10
1.353901 0.502004 0.953907 10
1.422561 0.426061 0.977048 10
1.490157 0.342928 1.007870 10
1.542145 0.198345 1.108751 10
1.620350 0.143219 1.105221 8
1.514572 -0.665452 1.955039 8
1.749996 -0.088309 1.233565 8
1.847236 -0.068808 1.145060 8
1.922602 -0.149136 1.167844 8
2.015851 -0.140426 1.092613 8
2.088156 -0.244062 1.139983 8
2.118490 -0.619046 1.477244 8
-1.256516 3.314907 0.325166 2
-1.197412 3.259255 0.334269 2
-1.122603 3.215359 0.320225 2
-0.707845 3.432810 -0.202481 12
-0.494285 3.508105 -0.436161 12
-0.363417 3.523812 -0.549907 12
-0.303907 3.483579 -0.555785 12
-0.213666 3.470356 -0.610881 12
-0.108658 3.472346 -0.691771 12
0.003330 3.483678 -0.786914 12
-0.000797 3.388589 -0.691662 12
0.059058 3.352766 -0.701867 12
0.131897 3.330512 -0.734935 12
0.177500 3.281385 -0.721461 12
0.272371 3.284493 -0.795585 12
0.498740 3.435148 -1.111467 6
0.560150 3.410614 -1.133603 6
0.536531 3.287540 -0.996304 6
0.548187 3.201746 -0.921596 2
0.636201 3.208063 -0.993512 2
0.748232 3.248149 -1.116188 2
0.778420 3.184846 -1.077094 2
0.836935 3.158639 -1.095217 2
0.847452 3.065383 -1.012208 12
0.943828 3.093701 -1.111598 12
0.987395 3.046790 -1.098299 12
1.028181 2.994839 -1.077979 12
1.062530 2.931440 -1.041669 12
1.098692 2.869170 -1.007771 12
1.135102 2.805480 -0.972633 12
1.172146 2.740941 -0.937099 12
1.210490 2.676724 -0.902806 12
1.239500 2.592482 -0.841994 12
1.272765 2.513061 -0.789006 11
1.312123 2.442892 -0.749531 11
1.332320 2.328845 -0.652947 11
1.361755 2.229178 -0.577212 11
1.396563 2.136794 -0.512527 11
1.431330 2.039589 -0.443054 11
1.020951 0.812061 1.060894 10
1.083061 0.726298 1.099110 10
1.165778 0.693687 1.070165 10
1.253997 0.678103 1.020553 10
1.309475 0.566174 1.089433 10
1.391823 0.532789 1.061681 10
1.463399 0.464418 1.076170 10
1.536372 0.398199 1.087581 8
1.610450 0.333396 1.096847 8
1.669300 0.205946 1.178739 8
1.759817 0.200256 1.118124 8
1.829869 0.108131 1.157292 8
1.911541 0.064166 1.140791 8
1.972206 -0.087260 1.245093 8
2.083128 0.019515 1.059482 8
2.138575 -0.178500 1.213411 8
2.180299 -0.493005 1.491702 8
-1.202522 3.378617 0.371466 6
-1.136655 3.328035 0.370280 6
-1.072972 3.276233 0.372049 6
-0.982510 3.245099 0.332796 2
-0.374060 3.622031 -0.509254 13
-0.360823 3.544167 -0.442611 12
-0.221723 3.569431 -0.574922 13
-0.143887 3.546528 -0.612320 13
-0.090652 3.503264 -0.610566 12
-0.004612 3.490135 -0.663848 12
0.046851 3.446420 -0.660179 12
0.115968 3.419907 -0.687078 12
0.171090 3.380478 -0.690366 12
0.233396 3.348731 -0.706739 12
0.280427 3.301444 -0.695914 12
0.348284 3.276743 -0.723437 12
0.409125 3.245220 -0.738755 12
0.467841 3.211876 -0.750583 12
0.531391 3.184880 -0.772372 12
0.575314 3.134375 -0.755714 12
0.736014 3.233140 -0.976807 2
0.816876 3.235120 -1.040516 2
0.772879 3.068842 -0.841292 12
0.855257 3.072749 -0.907978 12
0.940914 3.084294 -0.984727 12
1.016219 3.083540 -1.041281 12
1.077922 3.064015 -1.068709 12
1.110857 2.999152 -1.028967 12
1.139431 2.924950 -0.976537 12
1.168788 2.849359 -0.923265 12
1.201740 2.777337 -0.876236 12
1.231949 2.697541 -0.819307 12
1.266383 2.622602 -0.770383 12
1.289984 2.522957 -0.688498 11
1.334808 2.462538 -0.661853 11
1.368105 2.375213 -0.599517 11
1.392971 2.264699 -0.507547 11
1.432930 2.183391 -0.456153 11
1.445878 2.032123 -0.314263 11
1.060363 0.853076 1.157611 10
1.131582 0.790210 1.167203 10
1.201802 0.722915 1.182057 10
1.286992 0.697263 1.143977 10
1.341976 0.580709 1.219818 10
1.434187 0.576844 1.154755 8
1.511718 0.527292 1.146609 8
1.578424 0.438156 1.186371 8
1.641206 0.328715 1.249529 8
1.733058 0.328037 1.181817 8
1.815796 0.293571 1.154917 8
1.893105 0.235185 1.156167 8
1.975474 0.198920 1.131492 8
2.060855 0.178944 1.088275 8
2.128276 0.060325 1.157641 8
2.185755 -0.133059 1.309640 8
2.236375 -0.401012 1.541800 8
-1.174129 3.424620 0.455311 6
-1.089284 3.387137 0.425587 6
-1.030720 3.331652 0.434905 6
-0.321382 3.767960 -0.566852 13
-0.305093 3.695146 -0.506420 13
-0.173704 3.713258 -0.628733 13
-0.107717 3.681240 -0.648655 13
-0.063148 3.631773 -0.633958 13
-0.009130 3.590385 -0.634825 13
0.034199 3.539507 -0.617596 13
0.078609 3.489262 -0.601796 12
0.178286 3.492132 -0.683266 12
0.189027 3.409218 -0.607724 12
0.271871 3.398028 -0.661565 12
0.325781 3.358160 -0.663503 12
0.376815 3.315329 -0.660110 12
0.423943 3.268058 -0.649079 12
0.476767 3.227101 -0.648868 12
0.538005 3.196331 -0.665544 12
0.648913 3.227991 -0.784555 12
0.710723 3.201378 -0.805783 12
0.748980 3.144410 -0.777627 12
0.819929 3.131045 -0.819366 12
0.902721 3.136171 -0.889135 12
0.975462 3.129543 -0.939020 12
1.013149 3.071984 -0.909571 12
1.080704 3.059772 -0.949599 12
1.142106 3.039315 -0.976362 12
1.166483 2.957822 -0.911938 12
1.218315 2.920776 -0.914195 12
1.240070 2.829396 -0.837502 12
1.276170 2.760671 -0.795036 12
1.293938 2.653827 -0.699303 12
1.336731 2.591935 -0.668880 12
1.374494 2.517435 -0.621592 11
1.390880 2.393146 -0.506719 11
1.424991 2.301797 -0.439207 11
1.451796 2.188456 -0.343444 11
1.477850 2.066536 -0.238228 11
1.097914 0.888755 1.262712 8
1.165807 0.815472 1.286068 8
1.244621 0.770428 1.272137 10
1.319004 0.712229 1.275203 8
1.411657 0.709569 1.207299 8
1.470751 0.601160 1.273841 8
1.545508 0.539791 1.280146 8
1.531160 0.150670 1.691623 8
1.712494 0.477991 1.217017 8
1.795971 0.449084 1.183543 8
1.882165 0.433646 1.134225 8
1.961241 0.388304 1.121188 8
2.046622 0.373774 1.071724 8
2.108244 0.234463 1.168882 8
2.173964 0.102394 1.255576 8
2.232521 -0.092142 1.412158 8
-0.521117 3.896639 -0.405663 13
-0.388795 3.905929 -0.523035 13
-0.330499 3.865209 -0.528700 13
-0.264628 3.830627 -0.546757 13
-0.175664 3.814739 -0.602737 13
-0.111707 3.780856 -0.619802 13
-0.038461 3.755403 -0.653015 13
0.025371 3.723223 -0.671580 13
0.053939 3.660913 -0.630405 13
0.063741 3.580480 -0.555245 13
0.107842 3.529795 -0.538497 12
0.170251 3.496370 -0.554318 12
0.248551 3.479447 -0.599973 12
0.299405 3.436089 -0.596031 12
0.387265 3.431906 -0.662442 12
0.404425 3.352952 -0.594294 12
0.457663 3.312314 -0.594863 12
0.531475 3.295741 -0.636886 12
0.570086 3.238488 -0.608289 12
0.618403 3.192235 -0.598841 12
0.675130 3.156433 -0.606933 12
0.733303 3.122879 -0.618448 12
0.821211 3.130539 -0.696614 12
0.881041 3.101643 -0.714159 12
0.943896 3.077879 -0.739398 12
1.018026 3.072242 -0.792476 12
1.105133 3.089260 -0.879480 12
1.172240 3.077631 -0.920565 12
1.207409 3.013975 -0.881798 12
1.240974 2.945467 -0.836605 12
1.269167 2.864771 -0.774319 12
1.301711 2.788833 -0.720384 12
1.328708 2.698944 -0.647365 12
1.359958 2.613415 -0.582196 12
1.393204 2.528098 -0.518745 11
1.427694 2.441445 -0.454788 11
1.454570 2.333061 -0.361939 11
1.472398 2.196785 -0.232592 11
1.479066 2.023762 -0.055770 11
1.114682 0.869481 1.443794 8
1.214902 0.880370 1.354148 8
1.291263 0.828383 1.349423 8
1.358676 0.748757 1.380886 8
1.447156 0.732152 1.329661 8
1.535979 0.719636 1.273963 8
1.621958 0.700532 1.227522 8
1.708237 0.685260 1.176910 8
1.788705 0.650214 1.151758 8
1.863615 0.592516 1.154910 8
1.946927 0.570184 1.114350 8
2.020100 0.501532 1.130614 8
2.085545 0.388379 1.199929 8
2.151095 0.263763 1.281380 8
2.218119 0.133148 1.368149 8
2.279693 -0.050980 1.515759 8
-0.348770 4.036460 -0.560342 13
-0.317063 3.978051 -0.525695 13
-0.266846 3.932262 -0.519651 13
-0.181953 3.912383 -0.569650 13
-0.092238 3.897977 -0.629330 13
-0.041631 3.854609 -0.625884 13
-0.019653 3.787927 -0.573982 13
0.062223 3.770492 -0.623680 13
0.093450 3.710646 -0.586491 13
0.139859 3.663483 -0.575199 13
0.135408 3.568856 -0.471512 13
0.210123 3.546946 -0.510184 12
0.282893 3.524573 -0.546667 12
0.326798 3.474075 -0.529417 12
0.397632 3.451540 -0.563951 12
0.463502 3.424930 -0.589979 12
0.477989 3.341509 -0.513270 12
0.549120 3.321223 -0.550168 12
0.603555 3.282326 -0.553463 12
0.668261 3.256348 -0.578849 12
0.703287 3.193310 -0.540340 12
0.776917 3.179951 -0.586307 12
0.836113 3.148647 -0.601239 12
0.902597 3.128269 -0.633698 12
0.953419 3.086217 -0.630140 12
1.013674 3.058272 -0.649261 12
1.106115 3.081746 -0.749488 12
1.171015 3.064739 -0.783917 12
1.233645 3.045355 -0.813874 12
1.266699 2.975345 -0.765513 12
1.303150 2.908924 -0.723665 12
1.330326 2.822590 -0.652862 12
1.355850 2.729023 -0.572869 12
1.394676 2.658012 -0.527738 12
1.424192 2.564306 -0.450627 12
1.451216 2.460223 -0.360257 11
1.473352 2.338985 -0.247408 11
1.486992 2.189735 -0.097491 11
1.435576 1.866073 0.292458 2
1.170738 0.951958 1.489371 8
1.268798 0.958489 1.404321 8
1.365575 0.966462 1.318856 8
1.444742 0.926042 1.299738 8
1.503948 0.821767 1.365526 8
1.592614 0.810714 1.307404 8
1.658297 0.720835 1.352760 8
1.760914 0.765724 1.223392 8
1.844914 0.746240 1.178429 8
1.927366 0.722863 1.139013 8
1.993723 0.627547 1.190206 8
2.058468 0.515927 1.260435 8
2.127099 0.413610 1.317673 8
2.195221 0.297619 1.390244 8
2.260588 0.150144 1.499200 8
-0.456938 4.147442 -0.452824 13
-0.382628 4.116306 -0.483520 13
-0.250167 4.125267 -0.606889 13
-0.240172 4.053346 -0.538565 13
-0.120025 4.058465 -0.647052 13
-0.072759 4.013213 -0.639029 13
-0.042872 3.954727 -0.601836 13
0.002589 3.907645 -0.590102 13
0.044658 3.857683 -0.572272 13
0.073265 3.796085 -0.530335 13
0.088206 3.721531 -0.462690 13
0.147971 3.685200 -0.474318 13
0.194412 3.637104 -0.461812 13
0.221839 3.570606 -0.413169 13
0.270325 3.523436 -0.403192 12
0.332784 3.490317 -0.420162 12
0.421909 3.485986 -0.490794 12
-0.309910 2.591524 1.098156 6
0.502647 3.375652 -0.439040 12
0.537195 3.312452 -0.399367 12
0.620097 3.305865 -0.461887 12
0.666941 3.256961 -0.447911 12
0.742845 3.244816 -0.498290 12
0.787632 3.193385 -0.479628 12
0.865997 3.187275 -0.538451 12
0.889517 3.105642 -0.468804 12
1.002105 3.152020 -0.613388 2
1.113773 3.203152 -0.762309 2
1.140124 3.126071 -0.699703 2
1.196885 3.095803 -0.713578 2
1.256776 3.071342 -0.736322 12
1.307972 3.032468 -0.735943 12
1.337886 2.954416 -0.674826 12
1.365917 2.869447 -0.604449 12
1.404480 2.801363 -0.561225 12
1.413472 2.669746 -0.423626 12
1.448975 2.586980 -0.361509 12
1.461254 2.448285 -0.218594 11
1.483824 2.324637 -0.100586 11
1.479746 2.128162 0.119678 11
1.469473 1.901139 0.378845 2
1.252073 1.102351 1.438453 8
1.345582 1.101056 1.364023 8
1.437076 1.098246 1.293040 8
1.504512 1.025135 1.319459 8
1.606729 1.062498 1.195616 8
1.680636 1.011096 1.193047 8
1.764092 0.993470 1.145505 8
1.808541 0.827110 1.294297 8
1.893292 0.811183 1.244106 8
1.966843 0.749076 1.254242 8
2.036037 0.663063 1.294521 8
2.099281 0.539471 1.381396 8
2.169925 0.442867 1.432561 8
2.241307 0.340507 1.489677 8
-1.181971 5.973265 -1.605154 5
-0.406628 4.280256 -0.504788 13
-0.373393 4.224184 -0.473182 13
-0.264468 4.216058 -0.560494 13
-0.170803 4.200561 -0.626191 13
-0.128191 4.152220 -0.610937 13
-0.067424 4.116588 -0.625438 13
-0.006333 4.081880 -0.641121 13
0.034888 4.032847 -0.623544 13
0.070422 3.979089 -0.595680 13
0.101963 3.921500 -0.559996 13
0.025052 3.772480 -0.328732 3
0.093058 3.741563 -0.354055 3
0.157303 3.708294 -0.373382 13
0.215846 3.670579 -0.382715 13
0.251110 3.611196 -0.347717 12
0.322820 3.586649 -0.382827 12
0.352789 3.521030 -0.336089 13
0.421551 3.494666 -0.366391 12
0.510252 3.491093 -0.439135 12
0.535178 3.418688 -0.380144 12
0.630723 3.426091 -0.470769 12
0.643408 3.337579 -0.383058 12
0.671915 3.265444 -0.327101 12
0.765564 3.274730 -0.417840 12
0.821847 3.237982 -0.424997 12
0.881476 3.206101 -0.440343 12
0.945911 3.181648 -0.467994 12
1.098400 3.288029 -0.717232 2
1.138274 3.233040 -0.689492 2
1.203039 3.216139 -0.725550 2
1.237186 3.150453 -0.680712 2
1.287705 3.110450 -0.678505 2
1.336205 3.066587 -0.670136 12
1.376856 3.007667 -0.638075 12
1.390665 2.895531 -0.523318 12
1.417584 2.803257 -0.441871 12
1.447396 2.712291 -0.364212 12
1.458098 2.575330 -0.218484 12
1.492302 2.482620 -0.142292 11
1.487353 2.292605 0.076727 11
1.465165 2.046030 0.374225 11
1.507626 1.946650 0.451469 2
1.331178 1.248741 1.388463 8
1.398525 1.177858 1.413075 8
1.480615 1.148290 1.378812 8
1.566002 1.130643 1.328461 8
1.657593 1.136483 1.246500 8
1.728138 1.073799 1.259795 8
1.802445 1.022565 1.257152 8
1.876469 0.968876 1.257686 8
1.932629 0.837612 1.361158 8
2.008074 0.780987 1.364185 8
2.072619 0.668608 1.439666 8
2.141535 0.567590 1.498831 8
2.212316 0.466646 1.556564 8
-1.104714 6.120314 -1.709010 5
-1.009959 6.079350 -1.754382 5
-1.031946 6.027791 -1.680193 5
-0.858855 5.997716 -1.809436 5
-0.392129 4.389369 -0.502034 13
-0.365875 4.330013 -0.460083 13
-0.227405 4.338579 -0.595241 13
-0.186827 4.289074 -0.576965 13
-0.126142 4.252558 -0.591230 13
-0.060104 4.220363 -0.615026 13
-0.013600 4.175397 -0.606787 13
0.033247 4.130711 -0.599045 13
0.070140 4.078580 -0.573866 13
0.071559 3.998413 -0.485196 13
-0.019389 3.841707 -0.227434 3
0.133345 3.879671 -0.407153 3
0.127883 3.787658 -0.298595 3
0.189587 3.752026 -0.313589 3
0.276361 3.740028 -0.377538 3
0.291374 3.662285 -0.302994 13
0.357597 3.632414 -0.328132 13
0.422588 3.602273 -0.351737 13
0.452196 3.536039 -0.302825 12
0.506158 3.494589 -0.303534 12
0.552827 3.445107 -0.288518 12
0.619955 3.418844 -0.317895 12
0.689226 3.396277 -0.353242 12
0.694458 3.295750 -0.243063 12
0.757429 3.265101 -0.263370 12
0.803258 3.212493 -0.243378 12
0.894361 3.221315 -0.333265 12
1.035890 3.305549 -0.553565 6
1.105798 3.293138 -0.600317 6
1.184649 3.296321 -0.672647 2
1.239441 3.264353 -0.683516 2
1.288753 3.223713 -0.679525 2
1.332861 3.173833 -0.660258 2
1.358005 3.089130 -0.584329 12
1.385254 3.004411 -0.510071 12
1.424562 2.938937 -0.468293 12
1.445967 2.835122 -0.366694 12
1.459473 2.709043 -0.232440 12
1.481025 2.592708 -0.116218 12
1.493017 2.447520 0.041722 11
1.479856 2.232568 0.302095 11
1.504104 2.094238 0.441936 11
1.297730 1.343701 1.488092 8
1.378105 1.308895 1.460494 8
1.463023 1.288215 1.412821 8
1.532089 1.221871 1.431773 8
1.602039 1.155815 1.449822 8
1.688482 1.142993 1.392251 8
1.764265 1.095428 1.384234 8
1.835878 1.031193 1.399294 8
1.913804 0.989593 1.382889 8
1.964126 0.827707 1.529855 8
2.041792 0.775663 1.526199 8
2.110772 0.678023 1.583112 8
-1.106281 6.208599 -1.680573 5
-0.968888 6.169250 -1.770350 5
-0.874596 6.128838 -1.817715 5
-0.829244 6.085347 -1.814972 5
-0.757815 6.045108 -1.840449 5
-0.667102 6.008240 -1.887792 5
-0.332095 4.521997 -0.569733 13
-0.295887 4.470161 -0.544979 13
-0.233154 4.433501 -0.562006 13
-0.193389 4.383708 -0.542596 13
-0.091937 4.372386 -0.624147 13
-0.044237 4.328669 -0.618741 13
-0.012802 4.274153 -0.585789 13
0.041522 4.234920 -0.591360 13
0.095890 4.196138 -0.597345 13
0.094556 4.116287 -0.504670 13
-0.048617 3.924711 -0.152790 7
0.016428 3.889010 -0.171730 7
0.107570 3.875614 -0.240198 3
0.204893 3.869770 -0.322895 3
0.257401 3.827157 -0.321901 3
0.342272 3.814200 -0.384673 3
0.370104 3.749634 -0.335417 3
0.386203 3.672204 -0.260399 13
0.467505 3.658206 -0.318264 13
0.433239 3.525746 -0.133193 12
0.528079 3.526406 -0.220109 12
0.531093 3.427680 -0.107846 12
0.605655 3.407720 -0.152055 12
0.643649 3.345699 -0.113962 12
0.692118 3.295293 -0.098744 12
0.749409 3.255651 -0.103912 12
0.800730 3.208288 -0.094519 12
0.890443 3.213358 -0.180908 12
1.103313 3.397483 -0.587636 6
1.147910 3.349422 -0.570963 6
1.216162 3.336873 -0.617028 6
1.270224 3.303618 -0.625938 2
1.332857 3.284810 -0.659352 2
1.357806 3.202599 -0.584413 2
1.377129 3.106625 -0.488104 2
1.420182 3.049916 -0.459014 12
1.440892 2.948223 -0.356880 12
1.462596 2.842982 -0.251271 12
1.487934 2.739435 -0.150710 12
1.487287 2.572809 0.047555 12
1.474120 2.365624 0.305050 11
1.178639 1.463383 1.634253 8
1.245452 1.391893 1.661272 8
1.326233 1.354859 1.635390 8
1.416275 1.344467 1.569982 8
1.498616 1.315195 1.533903 8
1.576987 1.275303 1.514094 8
1.645818 1.204700 1.539297 8
1.727850 1.176422 1.502884 8
1.807857 1.142472 1.475169 8
1.886507 1.104227 1.453935 8
1.951048 1.007511 1.514765 8
2.021446 0.928883 1.549201 8
-0.968883 6.207810 -1.692704 5
-0.818804 6.170599 -1.800184 5
-0.780432 6.126633 -1.790597 5
-0.685931 6.088474 -1.842225 5
-0.608769 6.050043 -1.876413 5
-0.591981 6.005489 -1.844615 5
-0.650358 5.950630 -1.727790 5
-0.352118 4.538354 -0.431396 13
-0.235505 4.530185 -0.533851 13
-0.137883 4.514043 -0.608731 13
-0.105338 4.461247 -0.578723 13
-0.013880 4.444486 -0.646676 13
-0.004812 4.376905 -0.576764 13
0.058543 4.343836 -0.598629 13
0.076609 4.280427 -0.541842 13
-0.073183 4.095933 -0.183878 7
-0.031349 4.043156 -0.161782 7
0.032525 4.006852 -0.179718 7
0.061272 3.943520 -0.132515 7
0.142810 3.922248 -0.184488 3
0.242506 3.918122 -0.273619 3
0.311761 3.890218 -0.305869 3
0.375893 3.858846 -0.329042 3
0.418123 3.807824 -0.308246 3
0.461944 3.757842 -0.290011 3
0.459586 3.661035 -0.172852 4
0.524483 3.630403 -0.196970 13
0.536834 3.544171 -0.105781 12
0.576354 3.485175 -0.072160 12
0.621169 3.431195 -0.049274 12
0.680079 3.393293 -0.058495 12
0.747519 3.366322 -0.088517 12
0.793389 3.312857 -0.066722 12
0.821498 3.234987 0.000874 12
0.854759 3.161569 0.058556 12
1.132023 3.434249 -0.523565 6
1.189801 3.405403 -0.541650 6
1.252485 3.384783 -0.573976 6
1.280108 3.309433 -0.508164 2
1.344737 3.292494 -0.546395 2
1.367193 3.204322 -0.460087 2
1.368277 3.073531 -0.302696 12
1.445909 3.078147 -0.378314 12
1.464616 2.971381 -0.265620 12
1.484288 2.860494 -0.148629 12
1.492051 2.717761 0.017895 12
1.466200 2.490877 0.316973 11
1.079566 1.408774 1.978870 8
1.175205 1.400459 1.903994 8
1.273175 1.402000 1.815257 8
1.360577 1.380146 1.764636 8
1.437654 1.331722 1.755784 8
1.526193 1.317036 1.695847 8
1.593258 1.238323 1.733252 8
1.676647 1.209784 1.695207 8
1.759046 1.179587 1.660276 8
1.844584 1.162776 1.606436 8
1.921041 1.113029 1.601056 8
1.995034 1.051540 1.612422 8
2.057427 0.933567 1.703302 8
-1.255162 6.231614 -1.307776 5
-0.702467 6.215973 -1.848812 5
-0.700333 6.170106 -1.800900 5
-0.631068 6.129672 -1.826545 5
-0.573833 6.089073 -1.839728 5
-0.514472 6.049482 -1.856022 5
-0.504304 6.004565 -1.816693 5
-0.479915 5.961213 -1.793289 5
-0.373754 4.626854 -0.371525 13
-0.247083 4.621716 -0.490501 13
-0.176411 4.589204 -0.521838 13
-0.124794 4.546966 -0.522759 13
-0.030649 4.530190 -0.595447 13
0.030685 4.495507 -0.614523 13
0.065167 4.444557 -0.587783 13
0.102349 4.394946 -0.565113 13
-0.068292 4.203181 -0.169641 7
0.002760 4.171687 -0.201327 7
0.040900 4.117239 -0.173296 7
0.119172 4.092682 -0.219962 7
0.132117 4.018410 -0.143292 7
0.159784 3.954108 -0.092711 7
0.287857 3.973020 -0.239426 3
0.356467 3.944724 -0.271516 3
0.401950 3.896735 -0.257308 3
0.435441 3.837284 -0.217495 3
0.512864 3.819193 -0.269898 3
0.542398 3.755012 -0.220191 3
0.495776 3.610459 0.000404 13
0.555647 3.572924 -0.010994 12
0.594573 3.512609 0.025568 12
0.651554 3.471892 0.021177 12
0.699696 3.420857 0.037995 12
0.769084 3.395516 0.003370 12
0.734944 3.238867 0.227992 12
0.806338 3.213950 0.191324 12
0.900816 3.222239 0.092250 12
0.979441 3.211731 0.031416 12
1.050853 3.192919 -0.012228 12
1.118955 3.170729 -0.048421 12
1.280685 3.300049 -0.359133 2
1.346168 3.282439 -0.398198 2
1.304771 3.081051 -0.110091 12
1.379337 3.075513 -0.172195 12
1.456467 3.077553 -0.245901 12
1.484957 2.987504 -0.160118 12
1.477405 2.818905 0.056730 12
1.443321 2.581645 0.383617 11
1.218292 1.448935 2.002741 8
1.318884 1.457046 1.901484 8
1.383418 1.372942 1.948448 8
1.477489 1.369314 1.868261 8
1.553907 1.317064 1.865111 8
1.637931 1.288268 1.825976 8
1.718523 1.249728 1.802375 8
-1.323407 6.165196 -1.030183 5
-0.673576 6.162788 -1.701934 5
-0.519670 6.129879 -1.824914 5
-0.443036 6.092073 -1.862107 5
-0.383256 6.053574 -1.880891 5
-0.240623 6.026548 -1.998318 5
-0.376488 5.963267 -1.786112 5
-0.445377 4.692154 -0.231379 13
-0.264798 4.710455 -0.436702 13
-0.189954 4.679151 -0.474995 13
-0.115466 4.648942 -0.514056 13
-0.031485 4.625371 -0.570541 13
0.001865 4.574015 -0.542106 13
0.043165 4.527034 -0.526807 13
0.103265 4.491750 -0.544457 13
0.107798 4.421013 -0.462916 13
-0.015931 4.261738 -0.144480 7
0.080215 4.248044 -0.224077 7
0.079789 4.166725 -0.124072 7
0.158675 4.142500 -0.173117 7
0.163471 4.062187 -0.079171 7
0.153831 3.967764 0.046712 7
0.219615 3.932933 0.024359 7
0.351195 3.955925 -0.134487 1
0.421793 3.929201 -0.171237 4
0.465696 3.878982 -0.152288 3
0.509483 3.828222 -0.132359 3
0.494918 3.718839 0.018114 3
0.471151 3.595241 0.195537 13
0.496709 3.518682 0.266116 12
0.578747 3.502448 0.206259 12
0.689700 3.521553 0.074150 12
0.689086 3.412507 0.211557 12
0.735020 3.356072 0.237882 12
0.779953 3.297425 0.268166 12
0.839089 3.256526 0.262572 12
0.865602 3.170834 0.345146 12
0.920566 3.122611 0.353233 12
1.013409 3.130358 0.254391 2
1.089148 3.115644 0.200574 2
1.166998 3.106492 0.137895 2
1.227909 3.071582 0.124254 2
1.314695 3.082207 0.028361 12
1.391792 3.079475 -0.041154 12
1.479878 3.100647 -0.151303 12
1.489561 2.971999 0.003676 12
-1.625386 6.191584 -0.597036 5
-1.543062 6.139625 -0.626184 5
-0.530263 6.165045 -1.735716 5
-0.298781 6.140834 -1.955113 5
-0.252469 6.102009 -1.960199 5
-0.199433 6.064526 -1.973829 5
-0.173122 6.024246 -1.955612 5
-0.158830 5.982267 -1.922478 5
-0.357147 4.833595 -0.345449 13
-0.306810 4.788367 -0.342805 13
-0.242659 4.750230 -0.363057 13
-0.145695 4.729741 -0.438971 13
-0.041094 4.715519 -0.530342 13
0.007108 4.672645 -0.527549 13
0.059253 4.632276 -0.531746 13
0.091729 4.580549 -0.501290 13
0.121154 4.526431 -0.464510 13
0.020361 4.387762 -0.187805 7
0.100490 4.362967 -0.239480 7
0.143154 4.313851 -0.221983 7
0.115386 4.213892 -0.068221 7
0.148666 4.155451 -0.028977 7
0.144658 4.067350 0.085960 7
-0.034465 3.836005 0.560571 13
0.064836 3.822315 0.476618 13
0.242407 3.878613 0.224686 3
0.394114 3.919535 0.018747 3
0.474219 3.900716 -0.038523 3
0.383445 3.720246 0.282933 13
0.449810 3.685766 0.259927 13
0.484778 3.619869 0.308879 13
0.440331 3.467848 0.548012 12
0.413530 3.327508 0.754715 12
0.640286 3.470877 0.343951 12
0.698298 3.427904 0.341328 12
0.645635 3.248558 0.624675 12
0.708967 3.207490 0.614768 12
0.773155 3.167935 0.602296 12
0.871645 3.176185 0.494344 12
0.980705 3.203754 0.351190 2
1.077432 3.218580 0.236915 2
1.136017 3.178851 0.231104 2
1.215107 3.172344 0.162269 2
1.273051 3.133141 0.156843 2
1.337591 3.105561 0.130072 2
1.401019 3.076978 0.105910 12
1.480726 3.080343 0.024479 12
1.453940 2.875371 0.318475 12
-1.561784 6.185311 -0.505904 5
-1.475443 6.133717 -0.541192 5
-0.292864 6.175840 -1.887396 5
-0.234623 6.137698 -1.907011 5
-0.188415 6.099085 -1.912711 5
-0.109284 6.065025 -1.959642 5
-0.099750 6.022989 -1.920806 5
-0.120345 5.976101 -1.843102 5
-0.327022 4.945188 -0.366985 13
-0.241558 4.916068 -0.422691 13
-0.189309 4.873194 -0.425316 13
-0.126001 4.836080 -0.446796 13
-0.091306 4.785395 -0.420369 13
0.003625 4.765997 -0.497531 13
0.039775 4.716721 -0.473999 13
0.076663 4.667582 -0.451213 13
0.114676 4.618830 -0.429901 13
0.173989 4.582878 -0.447274 13
0.045806 4.428294 -0.114399 7
0.127760 4.404197 -0.170451 7
0.122224 4.321832 -0.059226 7
0.174730 4.278064 -0.058519 7
0.211941 4.223231 -0.027252 7
-0.010701 3.968725 0.534567 13
0.080453 3.948054 0.465609 13
0.170182 3.928396 0.397085 13
0.217887 3.875028 0.416404 13
0.337145 3.884678 0.279535 13
0.374549 3.823408 0.320343 13
0.453676 3.800806 0.267674 13
0.500033 3.747617 0.289138 13
0.349191 3.264996 1.077350 2
0.430857 3.237624 1.029589 6
0.571209 3.281627 0.827990 12
0.597032 3.191599 0.920473 2
0.664119 3.151096 0.905733 12
0.773533 3.167414 0.773037 12
0.880655 3.185539 0.640529 12
1.050919 3.299443 0.317295 6
1.103684 3.250500 0.329266 2
1.197931 3.265498 0.214646 2
1.259956 3.232988 0.195907 2
1.309763 3.180518 0.216267 2
1.374102 3.152552 0.189624 2
1.434183 3.117780 0.176562 2
1.466124 3.029382 0.263483 12
-1.644007 6.170195 -0.238374 5
-1.431834 6.126264 -0.426145 5
-0.190395 6.176018 -1.885534 5
-0.122456 6.139568 -1.918967 5
-0.072724 6.102183 -1.930578 5
-0.066370 6.060031 -1.887432 5
-0.021153 6.022755 -1.893722 5
-0.082346 5.969922 -1.761326 5
-0.108514 5.920513 -1.672292 5
-0.143349 5.868108 -1.569697 5
-0.365132 5.027699 -0.278297 13
-0.241441 5.012739 -0.396376 13
-0.155541 4.984370 -0.455335 13
-0.127987 4.931137 -0.417863 13
-0.047474 4.902539 -0.470109 13
-0.003550 4.857376 -0.460558 13
0.057142 4.820962 -0.480474 13
0.108569 4.780358 -0.484579 13
0.127129 4.721766 -0.429156 13
0.167802 4.674963 -0.412989 13
0.229925 4.641016 -0.436738 13
0.204222 4.552715 -0.293637 13
0.174097 4.458115 -0.137261 7
0.157934 4.369181 -0.003237 7
-0.017365 4.164833 0.455100 13
-0.001098 4.088606 0.537787 13
0.114011 4.085435 0.417643 13
0.158986 4.030557 0.441704 13
0.225965 3.993222 0.419123 13
0.297313 3.960449 0.386065 13
0.393264 3.950488 0.296579 13
0.468349 3.924291 0.251293 13
0.487196 3.846329 0.335355 13
0.433668 3.366747 1.035952 6
0.526884 3.354237 0.954705 6
0.591635 3.310819 0.945395 6
0.625300 3.229502 1.020215 6
0.700887 3.199191 0.982388 2
0.789680 3.187827 0.905363 12
0.856190 3.148500 0.889803 12
1.087804 3.347300 0.379125 6
1.149459 3.311545 0.364268 6
1.246496 3.331499 0.237118 2
1.263568 3.226617 0.363146 2
1.356472 3.244766 0.243226 2
1.407807 3.194481 0.259885 2
1.429485 3.088403 0.383627 2
1.492193 3.055528 0.365315 2
-1.657917 6.159108 -0.043582 5
-0.129447 6.215452 -1.885375 5
-0.087189 6.176703 -1.887673 5
0.010117 6.144026 -1.960979 5
0.015695 6.102698 -1.917221 5
0.061818 6.066067 -1.925991 5
0.064302 6.023840 -1.877165 5
0.030991 5.975462 -1.779148 5
-0.123934 5.904974 -1.512956 5
-0.065730 5.868302 -1.534863 5
-0.194443 5.795715 -1.295965 5
-0.359295 5.128473 -0.259759 5
-0.274826 5.096155 -0.314388 5
-0.227673 5.050195 -0.308539 13
-0.114624 5.032624 -0.414359 13
-0.051469 4.995537 -0.437756 13
0.015884 4.961284 -0.469377 13
0.043672 4.908835 -0.432042 13
0.079297 4.859801 -0.407820 13
0.147893 4.827942 -0.443249 13
0.139638 4.754885 -0.337269 13
0.177441 4.705959 -0.314895 13
0.265006 4.686470 -0.387334 13
0.270663 4.618207 -0.302616 13
0.295229 4.560269 -0.252621 13
0.207624 4.426033 0.025218 7
0.050130 4.236082 0.456105 13
0.117177 4.197646 0.433321 13
0.164876 4.145516 0.450796 13
0.233706 4.109657 0.423120 13
0.331423 4.098222 0.330658 13
0.393636 4.059694 0.314477 13
0.462475 4.027617 0.282493 13
0.465676 3.937062 0.402715 13
0.503288 3.875537 0.445793 13
0.491818 3.439423 1.058629 6
0.549720 3.387267 1.068215 6
0.622697 3.352700 1.037488 6
0.672872 3.291196 1.068972 6
0.707192 3.208336 1.147456 6
0.744214 3.126245 1.222291 12
0.820123 3.095203 1.184766 12
1.146998 3.427280 0.373378 6
1.204666 3.386771 0.369054 6
1.261724 3.345389 0.366877 6
1.321462 3.308355 0.356051 2
1.376141 3.263017 0.362493 2
1.461024 3.270968 0.262570 2
1.478402 3.157667 0.404302 2
1.510286 3.065684 0.501133 2
-0.138896 6.249703 -1.796550 5
-0.118929 6.208557 -1.769861 5
0.040597 6.180097 -1.925174 5
0.060358 6.140502 -1.899738 5
0.098502 6.102958 -1.898566 5
0.170757 6.070247 -1.943881 5
0.212162 6.034358 -1.948256 5
0.128280 5.979077 -1.778871 5
-0.053753 5.903822 -1.467281 5
-0.166313 5.835593 -1.246993 5
-0.147061 5.789781 -1.211610 5
-0.791558 5.600343 -0.204628 5
-0.295442 5.248828 -0.335276 5
-0.203619 5.219188 -0.404214 5
-0.174182 5.167688 -0.370729 5
-0.132284 5.120783 -0.357680 5
-0.064565 5.084737 -0.389043 5
-0.019720 5.039735 -0.381440 13
0.053097 5.007690 -0.423566 13
0.065670 4.948151 -0.358296 13
0.165060 4.930718 -0.450479 13
0.148260 4.855297 -0.329110 13
0.200354 4.814663 -0.334484 13
0.225117 4.759000 -0.287538 13
0.282683 4.721786 -0.303355 13
0.307584 4.665218 -0.254797 13
0.316470 4.597490 -0.172255 13
0.385963 4.568122 -0.211729 13
0.111430 4.302750 0.468324 13
0.202362 4.281920 0.393098 13
0.260312 4.238752 0.386729 13
0.363351 4.230905 0.280316 13
0.435865 4.201624 0.238689 13
0.455701 4.129666 0.316552 13
0.501543 4.078280 0.336561 13
0.527703 3.487709 1.139417 6
0.571539 3.419279 1.187896 6
0.624126 3.359647 1.214517 6
0.698794 3.326292 1.179676 6
1.179171 3.468322 0.450472 6
1.230303 3.417571 0.467895 6
1.288155 3.376586 0.464284 6
1.324061 3.299661 0.536480 6
1.407255 3.300478 0.445846 2
1.472063 3.272181 0.417332 2
-1.638348 6.140001 0.306420 5
0.132661 6.221270 -1.971071 5
0.087126 6.176428 -1.858599 5
0.180729 6.144705 -1.933309 5
0.205336 6.106502 -1.914911 5
0.277912 6.074748 -1.963353 5
0.276610 6.033375 -1.908704 5
0.198075 5.978750 -1.742191 5
-0.021213 5.896332 -1.367266 5
0.027727 5.857977 -1.377346 5
-0.016742 5.800989 -1.248761 5
-0.082772 5.737011 -1.084466 5
-0.151915 5.669329 -0.911266 5
-0.084443 5.632880 -0.945466 5
-0.263801 5.355427 -0.358397 5
-0.186731 5.320025 -0.404289 5
-0.153209 5.270618 -0.378329 5
-0.052897 5.245794 -0.466027 5
-0.022602 5.195961 -0.435023 5
0.004300 5.144406 -0.397304 5
0.051484 5.101035 -0.394880 5
0.044204 5.033533 -0.293694 13
0.137006 5.010969 -0.374004 13
0.196357 4.974177 -0.394360 13
0.192817 4.905998 -0.295869 13
0.264465 4.875933 -0.339658 13
0.275459 4.813438 -0.265817 13
0.295811 4.754879 -0.208306 13
0.353550 4.717789 -0.224896 13
0.400801 4.674770 -0.220460 13
0.367097 4.578853 -0.045666 13
0.253805 4.424481 0.305716 13
0.331981 4.397135 0.252476 13
0.400011 4.363933 0.219764 13
0.449856 4.317871 0.226946 13
0.453451 4.234930 0.341045 13
0.486007 4.173079 0.391562 13
0.666543 3.415124 1.281215 6
1.213897 3.512995 0.521323 6
1.399487 3.270817 0.673954 2
-1.704741 6.188708 0.512769 5
0.169300 6.257328 -1.944623 5
0.161812 6.216547 -1.882733 5
0.257067 6.184889 -1.962214 5
0.269013 6.145969 -1.926826 5
0.270714 6.105459 -1.876210 5
0.360581 6.076448 -1.951644 5
0.358337 6.035302 -1.894763 5
0.367983 5.995356 -1.854221 5
0.391126 5.957387 -1.833065 5
0.046004 5.847417 -1.252565 5
-0.017374 5.785502 -1.090201 5
-0.017494 5.734988 -1.022315 5
-0.027555 5.681080 -0.937118 5
-0.002382 5.634886 -0.906240 5
-0.024691 5.575428 -0.797634 5
-0.098897 5.499021 -0.600757 5
-0.198862 5.410974 -0.355506 5
-0.022483 5.407991 -0.571475 5
-0.076929 5.330792 -0.397306 5
-0.029580 5.287002 -0.395692 5
0.031209 5.248635 -0.417997 5
0.056146 5.196794 -0.376763 5
0.096628 5.150894 -0.362783 5
0.033045 5.059372 -0.155850 13
0.177083 5.058901 -0.333019 5
0.247906 5.027572 -0.376090 13
0.263691 4.969889 -0.313833 13
0.293478 4.918407 -0.277279 13
0.335473 4.873042 -0.264099 13
0.332432 4.801914 -0.158701 13
0.366435 4.750599 -0.126624 13
0.398300 4.697440 -0.088979 13
0.437270 4.648206 -0.065319 13
0.381038 4.534480 0.167402 13
0.413131 4.477047 0.211905 13
0.439865 4.414786 0.270226 13
0.460778 4.346797 0.344243 13
-1.639816 6.183396 0.628079 5
0.200468 6.253210 -1.858491 5
0.266846 6.218468 -1.899102 5
0.316631 6.183225 -1.917225 5
0.343574 6.146112 -1.902928 5
0.360996 6.107873 -1.874519 5
0.430312 6.076745 -1.922785 5
0.436281 6.037064 -1.877087 5
0.467491 6.001115 -1.868930 5
0.496999 5.965023 -1.858132 5
0.037796 5.831424 -1.081345 5
0.032580 5.780533 -1.004872 5
0.076415 5.739823 -1.005508 5
0.062180 5.685150 -0.911597 5
0.048774 5.629167 -0.816653 5
0.033681 5.571148 -0.716405 5
0.016056 5.510689 -0.609191 5
0.018787 5.454788 -0.534227 5
-0.011305 5.386770 -0.399760 5
0.027008 5.340296 -0.383112 5
0.092260 5.303778 -0.414752 5
0.110629 5.250045 -0.361638 5
0.183650 5.217829 -0.408699 5
0.215511 5.169314 -0.379624 5
0.229338 5.112368 -0.315160 5
0.258418 5.061479 -0.278491 5
0.308202 5.020269 -0.281764 13
0.331599 4.965832 -0.232102 13
0.349752 4.907714 -0.170124 13
0.373022 4.851306 -0.116770 13
0.367675 4.777115 -0.000990 13
0.397193 4.721759 0.043636 13
0.401216 4.649300 0.145790 13
0.423466 4.586700 0.210907 13
0.426151 4.509145 0.322986 13
0.442082 4.438541 0.408586 13
0.253379 6.290691 -1.854654 5
0.280526 6.252908 -1.840274 5
0.327492 6.216970 -1.854672 5
0.379184 6.182146 -1.876650 5
0.429489 6.147931 -1.897343 5
0.452528 6.110915 -1.877476 5
0.478408 6.074269 -1.861662 5
0.508187 6.038274 -1.851702 5
0.543937 6.003453 -1.851084 5
0.567124 5.966569 -1.830579 5
0.565725 5.924581 -1.769910 5
0.031123 5.764361 -0.832834 5
0.058349 5.718762 -0.804622 5
0.068028 5.668538 -0.746222 5
0.057039 5.611944 -0.651005 5
0.044239 5.553276 -0.550101 5
0.058565 5.501174 -0.494213 5
0.068161 5.446762 -0.428411 5
0.074192 5.390130 -0.354355 5
0.143096 5.354895 -0.393948 5
0.184588 5.310452 -0.383685 5
0.203162 5.256991 -0.329759 5
0.253065 5.215814 -0.334658 5
0.300176 5.173831 -0.334371 5
0.308785 5.114402 -0.257569 5
0.322264 5.055923 -0.188197 13
0.374473 5.015764 -0.196250 13
0.383827 4.953409 -0.115028 13
0.380808 4.882624 -0.004749 13
0.425660 4.837194 0.005710 13
0.375374 4.734397 0.226131 13
0.468836 4.717076 0.132032 13
0.408115 4.601022 0.386748 13
0.452631 4.551011 0.406064 13
-1.508538 6.173914 0.864529 5
0.325212 6.250271 -1.771249 5
0.370936 6.214215 -1.784391 5
0.426663 6.179802 -1.813336 5
0.480402 6.146042 -1.840178 5
0.511285 6.110086 -1.832182 5
0.538864 6.073826 -1.818937 5
0.605752 6.044027 -1.868654 5
0.609445 6.004264 -1.817045 5
0.669964 5.974805 -1.857956 5
0.619008 5.923142 -1.713718 5
-0.055998 5.728501 -0.507285 5
-0.005028 5.686111 -0.515526 5
0.077001 5.652287 -0.578380 5
-0.043371 5.564274 -0.285066 0
0.015710 5.523411 -0.305554 5
0.084962 5.486491 -0.345363 5
0.125082 5.441127 -0.332651 5
0.172407 5.398361 -0.333237 5
0.212565 5.353307 -0.320321 5
0.245709 5.305593 -0.293555 5
0.269115 5.253661 -0.246909 5
0.292323 5.200965 -0.198477 5
0.329126 5.153661 -0.176183 5
0.355741 5.101356 -0.132204 5
0.409884 5.062017 -0.144632 13
0.413460 4.996995 -0.049540 13
0.426477 4.935226 0.028293 13
0.426661 4.864652 0.137229 13
-1.408681 6.171965 0.935310 5
0.396331 6.249959 -1.741204 5
0.444399 6.214470 -1.759049 5
0.489085 6.179294 -1.772248 5
0.567198 6.148753 -1.839270 5
0.654118 6.120979 -1.922490 5
0.619708 6.076761 -1.809544 5
0.638573 6.039599 -1.782083 5
0.714628 6.012624 -1.850219 5
0.729474 5.975149 -1.816043 5
0.659149 5.919116 -1.633795 5
-0.151826 5.689331 -0.147674 7
-0.024234 5.663202 -0.288545 0
-0.064749 5.595742 -0.130313 7
0.050799 5.569582 -0.253401 0
0.081477 5.520746 -0.222582 0
0.107080 5.470035 -0.181411 5
0.178936 5.434463 -0.227735 5
0.211553 5.386162 -0.199294 5
0.260996 5.343954 -0.203334 5
0.318077 5.305192 -0.222957 5
0.344134 5.254170 -0.180012 5
0.390656 5.211553 -0.178193 5
0.372546 5.139307 -0.040074 5
0.440824 5.106282 -0.082628 5
0.429624 5.034030 0.046729 13
0.362069 4.929120 0.305759 13
-1.328932 6.169199 1.037430 5
0.492748 6.252049 -1.752109 5
0.544078 6.217587 -1.776929 5
0.604984 6.184957 -1.818150 5
0.684412 6.155700 -1.891146 5
0.701867 6.119477 -1.862893 5
0.723902 6.083751 -1.841778 5
0.709401 6.041731 -1.757594 5
0.782262 6.014683 -1.823095 5
0.776124 5.973196 -1.751311 5
-0.066163 5.747839 -0.182237 7
-0.005647 5.705718 -0.205806 7
0.090481 5.673434 -0.295799 0
0.102141 5.620397 -0.230822 0
0.119465 5.568091 -0.174781 0
0.173364 5.526281 -0.187595 0
0.271898 5.499640 -0.288210 5
0.343967 5.466195 -0.339554 5
0.337447 5.405353 -0.234090 5
0.362917 5.355039 -0.190901 5
0.386713 5.303463 -0.142896 5
0.406575 5.249502 -0.085037 5
0.436133 5.198998 -0.046175 5
0.406591 5.119897 0.123493 5
-1.244212 6.167246 1.133579 5
-1.210416 6.105929 1.174172 5
0.658403 6.222629 -1.823044 5
0.750257 6.194510 -1.919172 5
0.744532 6.156048 -1.852097 5
0.743096 6.117292 -1.790728 5
0.756598 6.080082 -1.753919 5
0.788824 6.045754 -1.749418 5
0.833068 6.013924 -1.766540 5
0.796638 5.966031 -1.637128 5
0.049479 5.757072 -0.188652 7
0.061259 5.704112 -0.122872 7
0.167339 5.674678 -0.235039 0
0.198288 5.626941 -0.205358 0
0.223900 5.577406 -0.164411 0
0.335859 5.554592 -0.294630 5
0.388539 5.514855 -0.308912 5
0.421299 5.468664 -0.282718 5
0.426641 5.411976 -0.198355 5
0.409005 5.344776 -0.062368 5
0.427504 5.290197 -0.000068 5
0.434880 5.229723 0.088794 5
-1.170809 6.165012 1.250319 5
-1.106900 6.106121 1.241335 5
0.721024 6.223109 -1.786526 5
0.781230 6.191752 -1.831448 5
0.798814 6.155970 -1.802810 5
0.811308 6.119239 -1.764438 5
0.832343 6.083494 -1.740559 5
0.845327 6.046181 -1.701359 5
0.872460 6.011193 -1.687477 5
0.872588 5.970529 -1.622308 5
0.116346 5.755927 -0.105726 7
0.145582 5.707066 -0.071541 7
0.165156 5.655367 -0.017358 0
0.272816 5.627973 -0.138310 0
0.402127 5.609797 -0.307301 5
0.467894 5.574735 -0.350254 5
0.461311 5.516045 -0.242485 5
0.522638 5.480210 -0.276458 5
0.380203 5.366979 0.131399 5
-1.102165 6.162934 1.378453 5
-1.042789 6.103500 1.377177 5
0.766462 6.222201 -1.719840 5
0.824995 6.190685 -1.763315 5
0.831491 6.153337 -1.713504 5
0.865519 6.119498 -1.713189 5
0.864912 6.080235 -1.648172 5
0.909134 6.048240 -1.666491 5
0.942799 6.014763 -1.665121 5
0.927703 5.971001 -1.568438 5
0.164571 5.750711 0.016571 7
0.124713 5.683947 0.191975 0
0.202678 5.646215 0.131451 7
0.454542 5.660465 -0.292936 5
0.549148 5.634361 -0.398633 5
0.576949 5.588533 -0.364308 5
0.585356 5.535531 -0.286530 5
0.636589 5.497259 -0.301323 5
-0.964373 6.166416 1.387594 5
-0.807220 6.116469 1.208321 5
-0.647387 6.070384 1.018884 5
0.872424 6.190326 -1.699918 5
0.904446 6.156351 -1.696442 5
0.920083 6.120121 -1.661688 5
0.958085 6.087335 -1.669359 5
0.980545 6.052083 -1.646790 5
0.999207 6.015933 -1.616046 5
0.991505 5.973676 -1.530993 5
0.182825 5.738414 0.205934 0
0.461614 5.752441 -0.276896 5
0.520534 5.714726 -0.308042 5
0.606392 5.685924 -0.398464 5
0.643907 5.643782 -0.385794 5
0.683866 5.602528 -0.378208 5
0.680147 5.545691 -0.271211 5
-0.987410 6.222879 1.581106 5
-0.937599 6.162351 1.597120 5
-0.697995 6.119163 1.259023 5
-0.656652 6.061241 1.286499 5
0.925670 6.190974 -1.645896 5
0.963553 6.157884 -1.653869 5
0.992118 6.123773 -1.643745 5
1.020627 6.089758 -1.633294 5
1.035116 6.053176 -1.594022 5
1.046670 6.015562 -1.547535 5
1.061358 5.978096 -1.506245 5
0.671845 5.790998 -0.510270 5
0.729480 5.755866 -0.544807 5
0.775756 5.718215 -0.555057 5
0.747843 5.656890 -0.396371 5
0.730125 5.596382 -0.255889 5
