ply
format ascii 1.0
element vertex 13048
property float x
property float y
property float z
property int scalar_Label
end_header
2.341136 0.985054 -1.338320 8
2.250186 1.052923 -1.315038 8
2.238047 0.972430 -1.352554 8
2.248745 0.900307 -1.337142 8
2.252426 0.825172 -1.338774 8
2.157882 0.704459 -1.572264 8
2.144097 0.617734 -1.616651 8
2.156182 0.542943 -1.600705 8
2.153153 0.460043 -1.621097 8
2.150481 0.376534 -1.641356 8
2.153420 0.295490 -1.649013 8
2.262901 0.279115 -1.403824 8
2.311847 0.229027 -1.302624 8
2.357468 0.178524 -1.209574 8
2.291909 0.052782 -1.383049 8
2.127770 -0.148098 -1.794667 8
2.382691 1.335624 -0.771718 8
2.318463 1.245929 -0.923688 8
2.207540 1.137416 -1.182401 8
2.269661 1.084807 -1.049217 8
2.363675 1.046817 -0.843748 8
2.354229 0.971223 -0.873828 8
2.362518 0.902307 -0.864083 8
2.335998 0.817646 -0.934301 8
2.447499 0.796734 -0.689729 8
2.457649 0.730148 -0.676997 8
2.286302 0.568480 -1.081008 8
2.295815 0.496955 -1.071436 8
2.289610 0.416265 -1.098574 8
2.288056 0.337385 -1.115665 8
2.389962 0.322285 -0.894362 8
2.329802 0.206401 -1.047965 8
2.295141 0.103883 -1.143643 8
2.282704 0.014350 -1.188667 8
2.255569 -0.087385 -1.268777 8
2.254058 -0.172118 -1.290030 8
2.149485 -0.338434 -1.553447 8
2.287685 -0.315037 -1.248721 8
2.151496 -0.514632 -1.589201 8
2.159491 -0.598244 -1.591759 8
2.147290 -0.700598 -1.642874 8
2.401827 1.561320 -0.514743 8
2.383730 1.489923 -0.558927 8
2.439794 1.436490 -0.440798 8
2.291702 1.328367 -0.771559 8
2.309070 1.263164 -0.739448 8
2.297375 1.189002 -0.771738 8
2.291224 1.115890 -0.792356 8
2.298341 1.047045 -0.784233 8
2.368321 1.002903 -0.637722 8
2.329966 0.916397 -0.730937 8
2.342961 0.850287 -0.711164 8
2.364776 0.788418 -0.672271 8
2.326430 0.697713 -0.767382 8
2.342193 0.632365 -0.742925 8
2.382097 0.580173 -0.665110 8
2.279430 0.449377 -0.905758 8
2.307391 0.389398 -0.855703 8
2.246994 0.276226 -1.003938 8
2.275838 0.216029 -0.952985 8
2.252093 0.121817 -1.020661 8
2.235370 0.030441 -1.073362 8
2.287983 -0.013260 -0.970241 8
2.259433 -0.114955 -1.050995 8
2.295615 -0.169573 -0.985805 8
2.247678 -0.289702 -1.112275 8
2.334424 -0.303263 -0.932779 8
2.276310 -0.435493 -1.084259 8
2.280379 -0.517718 -1.094576 8
2.350240 -0.541587 -0.954267 8
2.408461 -0.573459 -0.840621 8
2.317225 -0.746240 -1.072751 8
2.250240 -0.994181 -1.274497 8
2.283646 1.549792 -0.578238 8
2.320621 1.489888 -0.503739 8
2.359690 1.431912 -0.425101 8
2.339146 1.359125 -0.473991 8
2.287336 1.275909 -0.590169 8
2.310041 1.213770 -0.547700 8
2.468478 1.198537 -0.215134 8
2.414546 1.113012 -0.337245 8
2.459185 1.062710 -0.248660 8
2.447384 0.990999 -0.281486 8
2.458391 0.928185 -0.265794 8
2.466479 0.864121 -0.256783 8
2.379430 0.754499 -0.453279 8
2.289336 0.638786 -0.657376 8
2.245575 0.542623 -0.762386 8
2.211863 0.449325 -0.846456 8
2.182484 0.356284 -0.921907 8
2.181105 0.277897 -0.937279 8
2.193540 0.207345 -0.923147 8
2.166929 0.111457 -0.994667 8
2.171997 0.034754 -0.997754 8
2.175855 -0.043328 -1.004047 8
2.166546 -0.131544 -1.039823 8
2.183668 -0.201352 -1.018158 8
2.217968 -0.257897 -0.959071 8
2.245448 -0.319040 -0.915347 8
2.259948 -0.390420 -0.900746 8
2.280000 -0.457297 -0.874311 8
2.272719 -0.548187 -0.909226 8
2.224903 -0.677356 -1.035508 8
2.348277 -0.650192 -0.779491 8
2.321528 -0.761936 -0.860000 8
2.331026 -0.840454 -0.859899 8
2.324446 -0.936119 -0.896793 8
2.257212 -1.097254 -1.072222 8
2.283017 -1.257784 -1.062481 8
2.435498 1.593419 -0.077431 8
2.449065 1.532755 -0.053094 8
2.447528 1.468750 -0.060402 8
2.355361 1.380174 -0.256025 8
2.375469 1.319845 -0.219354 8
2.405400 1.263175 -0.162612 8
2.396371 1.194524 -0.187160 8
2.467979 1.153834 -0.044346 8
2.413905 1.068481 -0.163456 8
2.432452 1.009420 -0.131770 8
2.480229 0.963160 -0.039381 8
2.419896 0.870492 -0.173191 8
2.448463 0.816270 -0.121650 8
2.440570 0.744984 -0.146816 8
2.450137 0.681827 -0.135815 8
2.098051 0.424183 -0.885675 8
2.061810 0.326678 -0.973160 8
2.073941 0.255107 -0.959372 8
2.090186 0.185943 -0.937335 8
2.075246 0.097127 -0.981743 8
2.082966 0.021735 -0.978753 8
2.086127 -0.057160 -0.985955 8
2.124167 -0.112073 -0.919414 8
2.109589 -0.204407 -0.965427 8
2.161016 -0.248412 -0.870969 8
2.133243 -0.352653 -0.946435 8
2.168825 -0.408079 -0.886628 8
2.200707 -0.465723 -0.835050 8
2.227780 -0.526841 -0.794151 8
2.258124 -0.584663 -0.746510 8
2.284175 -0.645860 -0.708497 8
2.343519 -0.675383 -0.598329 8
2.367893 -0.736692 -0.564477 8
2.424233 -0.765902 -0.460964 8
2.466121 -0.807960 -0.389149 8
2.360133 -1.005059 -0.643499 8
2.409512 -1.041012 -0.556432 8
2.318055 -1.232587 -0.782011 8
2.367158 -1.270030 -0.696700 8
2.376073 -1.353307 -0.701278 8
2.222440 1.562689 -0.336615 8
2.384229 1.531332 -0.014627 8
2.447508 1.482859 0.108964 8
2.415510 1.411837 0.040311 8
2.431258 1.352764 0.067519 8
2.425380 1.287498 0.050751 8
2.426742 1.224062 0.048224 8
2.430467 1.161203 0.050109 8
2.417091 1.091842 0.017008 8
2.446373 1.038286 0.069931 8
2.479603 0.987283 0.130612 8
2.507058 0.934838 0.179333 8
2.496532 0.865777 0.150545 8
2.557386 0.830172 0.266702 8
2.550154 0.762549 0.243930 8
2.371105 0.603619 -0.130245 8
2.003164 0.332136 -0.892370 8
2.486343 0.530635 0.086644 8
1.981674 0.162088 -0.959052 8
1.965837 0.072135 -1.003735 8
1.981558 0.001012 -0.984055 8
1.977954 -0.083017 -1.004668 8
2.012755 -0.141452 -0.946444 8
1.967145 -0.256597 -1.055079 8
2.078963 -0.258235 -0.837828 8
2.057962 -0.356906 -0.896498 8
2.088292 -0.416954 -0.848896 8
2.113920 -0.480258 -0.811417 8
2.136728 -0.545611 -0.780189 8
2.188067 -0.586025 -0.689401 8
2.240783 -0.623558 -0.595777 8
2.254188 -0.695600 -0.585198 8
2.389043 -0.652779 -0.317927 8
2.408484 -0.716408 -0.294762 8
2.450035 -0.757907 -0.224901 8
2.406426 -0.886222 -0.337082 8
2.383373 -0.996464 -0.406455 8
2.413354 -1.051513 -0.362824 8
2.473992 -1.071808 -0.253352 8
2.336196 -1.318221 -0.573225 8
2.318256 -1.432938 -0.635605 8
2.326995 -1.518013 -0.640909 8
2.031538 1.606820 -0.533204 8
2.178064 1.565973 -0.249700 8
2.269668 1.519155 -0.073789 8
2.374824 1.479149 0.128537 8
2.430051 1.430452 0.232900 8
2.438644 1.370845 0.245588 8
2.412976 1.301082 0.190693 8
2.450296 1.250168 0.259159 8
2.429064 1.180520 0.212247 8
2.439899 1.121307 0.228043 8
2.390031 1.038864 0.123902 8
2.411784 0.983022 0.160497 8
2.508270 0.959738 0.344430 8
2.454413 0.872617 0.231159 8
2.480271 0.820339 0.275090 8
2.487842 0.759727 0.282529 8
2.520206 0.711795 0.338859 8
2.545696 0.661128 0.381329 8
2.470125 0.554362 0.222349 8
2.519234 0.516480 0.311154 8
2.505218 0.441953 0.273786 8
2.539719 0.396788 0.332998 8
2.542110 0.331629 0.327684 8
2.518600 0.248396 0.269958 8
1.910843 -0.246526 -0.963883 8
1.939561 -0.309571 -0.919878 8
1.952205 -0.384154 -0.908646 8
1.978163 -0.448710 -0.870898 8
2.018680 -0.501277 -0.803933 8
2.040067 -0.568564 -0.776063 8
2.084505 -0.616166 -0.701570 8
2.134198 -0.657917 -0.616481 8
2.139224 -0.738455 -0.622972 8
2.495572 -0.493483 0.091568 8
2.518721 -0.548987 0.123246 8
2.467818 -0.677092 0.001703 8
2.440267 -0.785512 -0.072652 8
2.435511 -0.872970 -0.100590 8
2.405650 -0.988720 -0.181518 8
2.422596 -1.056182 -0.165646 8
2.379740 -1.191292 -0.275606 8
2.304361 -1.367921 -0.455275 8
2.311099 -1.453266 -0.463392 8
2.357461 -1.491595 -0.388218 8
2.405554 -1.526507 -0.309423 8
1.999092 1.612091 -0.418831 8
2.116481 1.565774 -0.198284 8
2.130105 1.502062 -0.175560 8
2.232054 1.459221 0.015251 8
2.417246 1.441380 0.364776 8
2.423044 1.381879 0.371995 8
2.415249 1.318379 0.352953 8
2.455218 1.269330 0.424896 8
2.473154 1.214271 0.454492 8
2.476762 1.154558 0.456395 8
2.461216 1.087450 0.421277 8
2.468560 1.028477 0.429706 8
2.458394 0.962104 0.404200 8
2.451645 0.896427 0.384895 8
2.447430 0.831232 0.370105 8
2.465004 0.775992 0.396959 8
2.461676 0.710486 0.383209 8
2.520392 0.677158 0.489022 8
2.502641 0.603832 0.446783 8
2.524557 0.551939 0.480988 8
2.553519 0.504697 0.528641 8
2.552223 0.439509 0.517267 8
2.519140 0.353303 0.443593 8
2.555003 0.310772 0.503860 8
2.534983 0.230849 0.454744 8
2.564395 0.184487 0.501904 8
2.496687 0.067440 0.358302 8
2.508969 0.007151 0.371040 8
2.508349 -0.063409 0.358032 8
2.522595 -0.122774 0.373939 8
2.554751 -0.167330 0.424971 8
2.559115 -0.234974 0.420712 8
2.579666 -0.288968 0.448220 8
2.582801 -0.358658 0.440745 8
2.608172 -0.408320 0.477254 8
2.500075 -0.586074 0.246130 8
2.456539 -0.706787 0.143034 8
2.545223 -0.696556 0.305277 8
2.551639 -0.768492 0.301779 8
2.552922 -0.846745 0.287399 8
2.443305 -1.048234 0.047054 8
2.423931 -1.155381 -0.011286 8
2.398719 -1.271811 -0.082457 8
2.396901 -1.363370 -0.106616 8
2.339789 -1.523992 -0.245359 8
1.896526 1.605327 -0.438430 8
2.008713 1.556836 -0.233280 8
2.029099 1.493545 -0.198533 8
2.172912 1.459021 0.065012 8
2.261083 1.416253 0.225229 8
2.278797 1.357902 0.254426 8
2.298446 1.300584 0.286972 8
2.375419 1.261519 0.425944 8
2.415223 1.213075 0.495623 8
2.449926 1.164189 0.555621 8
2.475999 1.113230 0.599342 8
2.486738 1.057028 0.614227 8
2.414107 0.966563 0.473015 8
2.502305 0.942372 0.632167 8
2.413322 0.841008 0.459459 8
2.461499 0.800703 0.543300 8
2.500997 0.757714 0.610746 8
2.508705 0.699495 0.618291 8
2.480738 0.621870 0.558388 8
2.517045 0.578673 0.619194 8
2.529969 0.522902 0.635716 8
2.503071 0.443021 0.576674 8
2.568593 0.419513 0.692173 8
2.531690 0.331642 0.613420 8
2.556107 0.282850 0.650608 8
2.496405 0.175873 0.527465 8
2.548205 0.145842 0.616193 8
2.584468 0.105989 0.675227 8
2.564998 0.024334 0.627451 8
2.559403 -0.047998 0.605755 8
2.543866 -0.129491 0.564504 8
2.553627 -0.191270 0.571454 8
2.517267 -0.293351 0.489017 8
2.535147 -0.349791 0.510797 8
2.551926 -0.407245 0.530163 8
2.542894 -0.489120 0.499038 8
2.562582 -0.544623 0.523355 8
2.500309 -0.681713 0.387177 8
2.514816 -0.744709 0.400349 8
2.497044 -0.841936 0.349720 8
2.519928 -0.897506 0.378506 8
2.339167 -1.178232 0.004396 8
2.480086 -1.105610 0.265472 8
2.467595 -1.204712 0.222510 8
2.409275 -1.360634 0.087322 8
2.371097 -1.496883 -0.008930 8
1.866910 6.102421 -0.740975 5
1.848506 6.024227 -0.756941 5
1.717159 5.966455 -0.970474 5
1.582536 6.003486 -1.208329 5
1.926410 1.552861 -0.218526 8
1.991792 1.498283 -0.103293 8
2.137956 1.464181 0.157770 8
2.132425 1.398655 0.144509 8
2.211089 1.354882 0.283305 8
2.270073 1.308416 0.386368 8
2.310191 1.258325 0.455117 8
2.377300 1.218306 0.572638 8
2.374694 1.156744 0.563564 8
2.416754 1.111037 0.635334 8
2.435694 1.057838 0.664934 8
2.437355 0.998088 0.662883 8
2.459743 0.946874 0.698312 8
2.509078 0.908241 0.782679 8
2.473648 0.831692 0.712235 8
2.556312 0.810885 0.857170 8
2.481556 0.712999 0.714157 8
2.483305 0.652075 0.710665 8
2.515748 0.607696 0.763186 8
2.523657 0.550159 0.770501 8
2.471344 0.456610 0.666775 8
2.542928 0.436709 0.790697 8
2.545162 0.375073 0.786751 8
2.466807 0.259625 0.633566 8
2.527275 0.235051 0.736547 8
2.516302 0.162067 0.707101 8
2.551864 0.121904 0.763681 8
2.526974 0.037156 0.707656 8
2.502214 -0.049371 0.651340 8
2.561619 -0.070413 0.751715 8
2.538633 -0.157346 0.697927 8
2.496299 -0.262627 0.607282 8
2.511069 -0.320924 0.623261 8
2.463991 -0.434962 0.522418 8
2.502944 -0.472790 0.583231 8
2.487184 -0.561553 0.540381 8
2.469990 -0.653526 0.494226 8
2.464562 -0.735654 0.469836 8
2.492205 -0.785142 0.508010 8
2.487270 -0.868660 0.483672 8
2.445301 -0.993731 0.387754 8
2.476549 -1.041016 0.431705 8
2.472471 -1.128066 0.407328 8
2.466395 -1.219010 0.378494 8
2.478766 -1.289604 0.384835 8
2.049990 6.104385 -0.252483 5
2.024720 6.038323 -0.281574 5
1.981240 5.992672 -0.345060 5
1.916980 5.968696 -0.447451 5
1.773901 6.026297 -0.696495 5
1.750609 5.953698 -0.722271 5
1.658531 5.950607 -0.875790 5
1.539598 5.970445 -1.078636 5
1.499122 5.910460 -1.136362 5
1.375783 5.926900 -1.346675 5
1.859740 1.551808 -0.175049 8
1.941202 1.500132 -0.034363 8
2.053431 1.458186 0.160358 8
2.100493 1.404775 0.240208 8
2.138941 1.350745 0.304706 8
2.222451 1.310536 0.448504 8
2.262218 1.260308 0.515029 8
2.248930 1.194516 0.487691 8
2.333757 1.161055 0.633481 8
2.365047 1.111524 0.684547 8
2.372978 1.054115 0.694093 8
2.367425 0.991339 0.679517 8
2.420752 0.952601 0.769093 8
2.455921 0.907712 0.826357 8
2.486619 0.861836 0.875540 8
2.498956 0.808032 0.891914 8
2.498668 0.748021 0.885588 8
2.512132 0.694736 0.903516 8
2.525963 0.641770 0.921888 8
2.515046 0.574989 0.895808 8
2.497284 0.503256 0.857144 8
2.526559 0.458755 0.902428 8
2.523171 0.394487 0.888936 8
2.507673 0.321649 0.853361 8
2.447465 0.217510 0.736890 8
2.538394 0.214987 0.892354 8
2.503339 0.125627 0.820443 8
2.483349 0.045159 0.775260 8
2.476722 -0.026728 0.753848 8
2.506105 -0.071349 0.797460 8
2.518030 -0.129469 0.809160 8
2.473014 -0.235234 0.716771 8
2.448902 -0.326051 0.661884 8
2.492108 -0.359551 0.729696 8
2.500303 -0.423536 0.733224 8
2.511600 -0.485137 0.742137 8
2.531463 -0.538919 0.766540 8
2.493591 -0.649369 0.684033 8
2.438923 -0.779736 0.569660 8
2.480742 -0.814235 0.633508 8
2.508585 -0.862462 0.671288 8
2.486130 -0.965084 0.614996 8
2.523895 -1.002934 0.670728 8
2.488477 -1.123649 0.588995 8
2.434214 -1.269767 0.470898 8
2.083047 6.080468 -0.022847 5
2.001965 6.080567 -0.153972 5
1.961245 6.032389 -0.211282 5
1.933892 5.968814 -0.244436 5
1.843414 5.972530 -0.392256 5
1.756919 5.968676 -0.532563 5
1.691235 5.940543 -0.635083 5
1.614978 5.920808 -0.756567 5
1.414025 6.018615 -1.101762 5
1.366902 5.963307 -1.170323 5
1.304486 5.920932 -1.266359 5
1.230263 5.887265 -1.383486 5
1.451724 3.043696 -0.722771 12
1.347286 2.684223 -0.889372 12
1.342370 2.381276 -0.892775 11
1.946966 1.512988 0.129687 8
1.973284 1.453285 0.172213 8
2.063817 1.409508 0.324782 8
2.076862 1.349248 0.344169 8
2.120587 1.297661 0.416068 8
2.173218 1.250124 0.503132 8
2.170811 1.187165 0.495359 8
2.281329 1.161321 0.681807 8
2.266843 1.095567 0.652866 8
2.304516 1.048298 0.713610 8
2.316054 0.991981 0.729106 8
2.331593 0.937428 0.751310 8
2.390213 0.901695 0.847819 8
2.412270 0.851465 0.880988 8
2.431956 0.800626 0.909883 8
2.447630 0.748218 0.931646 8
2.486587 0.707950 0.993652 8
2.500198 0.655360 1.011498 8
2.494833 0.592390 0.996124 8
2.515276 0.543543 1.025447 8
2.544843 0.500500 1.070526 8
2.545182 0.440186 1.064410 8
2.535430 0.372923 1.040375 8
2.536094 0.311558 1.034273 8
2.534297 0.247972 1.023581 8
2.528864 0.181148 1.006207 8
2.358450 -0.006315 0.698050 8
2.371794 -0.064565 0.712659 8
2.409005 -0.104518 0.769197 8
2.469669 -0.124874 0.867149 8
2.529029 -0.144238 0.962860 8
2.518560 -0.220323 0.934599 8
2.518123 -0.289024 0.923794 8
2.521500 -0.355186 0.919447 8
2.536521 -0.411410 0.935589 8
2.457121 -0.556374 0.782373 8
2.514292 -0.574691 0.873318 8
2.485603 -0.675981 0.809871 8
2.476120 -0.760277 0.780430 8
2.472776 -0.839742 0.761603 8
2.499802 -0.888086 0.797375 8
2.422724 -1.050005 0.643807 8
2.447109 -1.103565 0.673914 8
2.241648 -1.421105 0.283902 8
2.075806 6.103955 0.126342 5
2.061893 6.027687 0.117509 5
2.044430 5.956112 0.102018 5
1.946342 5.973623 -0.056417 5
1.887905 5.944746 -0.144492 5
1.728145 6.020173 -0.410905 5
1.644379 6.011106 -0.542999 5
1.599050 5.960850 -0.607542 5
1.534485 5.928277 -0.705834 5
1.439198 5.922809 -0.857703 5
1.241649 6.008067 -1.187386 5
1.182076 5.961311 -1.276392 5
1.099285 5.933211 -1.405724 5
1.587835 3.071809 -0.328231 12
1.587233 3.000712 -0.326343 12
1.594081 2.928359 -0.312242 12
1.522193 2.870273 -0.430003 12
1.522668 2.798334 -0.427015 12
1.576785 2.719149 -0.334667 12
1.584556 2.647661 -0.320011 12
1.583189 2.577505 -0.320860 12
1.496785 2.514447 -0.463900 11
1.500501 2.442477 -0.456722 11
1.515343 2.370197 -0.431223 11
1.468523 2.300212 -0.508868 11
1.579063 2.227083 -0.324167 11
1.475488 2.156061 -0.497000 11
1.566876 2.086600 -0.344743 6
1.507569 2.013542 -0.444197 11
1.279680 1.927389 -0.825284 11
1.932701 1.456914 0.251569 8
1.955270 1.397382 0.286707 8
1.985859 1.340497 0.335083 8
2.053175 1.294428 0.444818 8
2.105218 1.246265 0.528853 8
2.111920 1.185896 0.536719 8
2.172855 1.143212 0.635402 8
2.224501 1.099370 0.718401 8
2.224263 1.038292 0.714098 8
2.231115 0.979615 0.721496 8
2.267513 0.932803 0.778431 8
2.302135 0.886317 0.832249 8
2.330993 0.838279 0.876227 8
2.351302 0.787050 0.905636 8
2.392357 0.746255 0.969938 8
2.402026 0.690914 0.981066 8
2.414792 0.637160 0.997241 8
2.450108 0.595741 1.051456 8
2.460042 0.540992 1.062496 8
2.452194 0.475775 1.043123 8
2.484183 0.433866 1.091253 8
2.475808 0.367481 1.070513 8
2.490207 0.314964 1.088338 8
2.502437 0.261048 1.102270 8
2.520808 0.211325 1.126513 8
2.524534 0.151357 1.125494 8
2.524500 0.088165 1.117778 8
2.546883 0.041299 1.148320 8
2.549711 -0.020486 1.145045 8
2.531180 -0.099985 1.104667 8
2.534890 -0.162699 1.102315 8
2.555712 -0.211471 1.129309 8
2.549442 -0.283690 1.109153 8
2.550004 -0.350898 1.100515 8
2.535703 -0.432609 1.065689 8
2.514474 -0.522450 1.018343 8
2.521085 -0.587262 1.019182 8
2.495683 -0.684559 0.963627 8
2.478479 -0.775784 0.921912 8
2.440879 -0.890288 0.843780 8
2.299845 -1.118803 0.582425 8
2.220172 -1.288530 0.427985 8
2.218687 -1.375761 0.411063 8
2.039068 6.070126 0.235040 5
2.023443 5.996829 0.222568 5
1.976848 5.958307 0.156443 5
1.891216 5.960775 0.023185 5
1.835324 5.928824 -0.058835 5
1.539563 6.044502 -0.536892 5
1.488969 5.998163 -0.609240 5
1.492883 5.898730 -0.589014 5
1.424432 5.867870 -0.691996 5
0.981562 6.173336 -1.428881 5
0.991563 6.060442 -1.398038 5
0.936554 6.004977 -1.477364 5
0.825087 5.995252 -1.651866 5
1.501810 3.221044 -0.316550 6
1.553834 3.136122 -0.228455 6
1.519098 3.073137 -0.282261 12
1.545119 2.996375 -0.237135 6
1.546658 2.925453 -0.232194 12
1.531980 2.857577 -0.253915 12
1.624384 2.772803 -0.101349 12
1.553975 2.713716 -0.214328 12
1.515459 2.648433 -0.275527 6
1.524293 2.577144 -0.259816 12
1.530313 2.506503 -0.248915 6
1.530565 2.436525 -0.247626 11
1.509819 2.367570 -0.280735 11
1.499079 2.297635 -0.297774 6
1.533142 2.226933 -0.242116 6
1.499736 2.156862 -0.296483 6
1.536531 2.087479 -0.236819 11
1.435654 2.013169 -0.401451 11
1.555976 1.949183 -0.206261 6
1.576215 1.881337 -0.174184 6
1.531265 1.807648 -0.248464 6
1.487918 1.732416 -0.320384 6
1.848440 1.451231 0.257665 8
1.890479 1.395568 0.323822 8
1.920294 1.338240 0.369873 8
1.951068 1.282051 0.417328 8
2.013467 1.235736 0.516316 8
2.062138 1.187353 0.592760 8
2.086523 1.132736 0.629354 8
2.141128 1.089029 0.715274 8
2.155047 1.032498 0.734443 8
2.132950 0.962579 0.694385 8
2.184622 0.920777 0.775114 8
2.253936 0.887963 0.884739 8
2.270610 0.834543 0.907823 8
2.286048 0.780841 0.928712 8
2.314882 0.733718 0.971493 8
2.333734 0.682394 0.997701 8
2.354559 0.632416 1.027011 8
2.354017 0.571417 1.020887 8
2.396650 0.533888 1.085927 8
2.389940 0.469250 1.069229 8
2.413513 0.421880 1.102466 8
2.427386 0.368999 1.119476 8
2.438370 0.314328 1.131516 8
2.431057 0.247533 1.112932 8
2.443596 0.193342 1.127147 8
2.444369 0.130851 1.121551 8
2.450588 0.071711 1.124810 8
2.470809 0.022621 1.151274 8
2.470868 -0.041687 1.143803 8
2.469377 -0.107900 1.133470 8
2.478431 -0.166343 1.140589 8
2.481860 -0.229806 1.138015 8
2.462931 -0.313036 1.097468 8
2.474199 -0.371369 1.107551 8
2.469027 -0.444864 1.089577 8
2.456448 -0.526341 1.058703 8
2.436362 -0.616475 1.014675 8
2.409159 -0.715483 0.958068 8
2.379846 -0.818940 0.897334 8
2.284193 -0.993013 0.722565 8
2.239076 -1.119886 0.633345 8
2.148942 -1.298798 0.466041 8
2.080150 6.128879 0.444015 5
2.041429 6.083492 0.392465 5
2.004873 6.034985 0.344453 5
1.980246 5.972689 0.316326 5
1.896224 5.974828 0.188593 5
1.803395 5.983271 0.046382 5
1.413267 6.001421 -0.551103 5
1.407451 5.911483 -0.548255 5
1.342115 5.876708 -0.643963 5
0.786485 6.168896 -1.534077 5
0.808307 6.045433 -1.485551 5
0.711296 6.021498 -1.632283 5
1.487773 3.423400 -0.192261 6
1.503276 3.346773 -0.164026 6
1.533458 3.266919 -0.112635 6
1.519775 3.199879 -0.131395 6
1.576664 3.115490 -0.037958 12
1.624481 3.035442 0.040749 12
1.619025 2.968320 0.034424 12
1.601255 2.903511 0.008318 12
1.600408 2.835362 0.008937 12
1.616914 2.764708 0.036944 12
1.604920 2.698609 0.019445 12
1.611761 2.630019 0.031682 12
1.607688 2.562855 0.026382 12
1.491294 2.504651 -0.157511 11
1.593815 2.428706 0.006104 11
1.581686 2.361588 -0.012569 11
1.533723 2.295038 -0.088335 6
1.509827 2.226588 -0.126078 11
1.593612 2.158255 0.006953 11
1.579155 2.090274 -0.016197 11
1.587750 2.022779 -0.002941 11
1.512862 1.950339 -0.122457 11
1.493315 1.879608 -0.154302 6
1.507793 1.811440 -0.132307 6
1.479547 1.738738 -0.178387 6
1.478034 1.668492 -0.182206 6
2.000964 1.185313 0.629723 8
2.019705 1.128695 0.656582 8
2.082510 1.087231 0.753645 8
2.039124 1.010331 0.680977 8
2.105719 0.972389 0.783866 8
2.133117 0.921321 0.823996 8
2.193416 0.884428 0.916678 8
2.206227 0.829130 0.933224 8
2.239130 0.782956 0.981831 8
2.236375 0.721019 0.973100 8
2.256003 0.669469 1.000123 8
2.285805 0.623419 1.043366 8
2.292499 0.565968 1.049309 8
2.294643 0.505856 1.047741 8
2.323292 0.460348 1.088723 8
2.354422 0.416962 1.133605 8
2.358987 0.358247 1.135450 8
2.371997 0.304490 1.150767 8
2.366631 0.238847 1.136147 8
2.388684 0.190728 1.165770 8
2.380719 0.122284 1.146501 8
2.379432 0.057640 1.137831 8
2.395633 0.005102 1.157414 8
2.397315 -0.058318 1.153150 8
2.398318 -0.122864 1.147547 8
2.404820 -0.183685 1.150701 8
2.392684 -0.260210 1.123093 8
2.416656 -0.307647 1.154436 8
2.411407 -0.380037 1.137600 8
2.382607 -0.474386 1.081679 8
2.379936 -0.547123 1.068426 8
2.359752 -0.637241 1.025923 8
2.344541 -0.724480 0.991237 8
2.278072 -0.863811 0.871093 8
2.181076 -1.038186 0.699435 8
2.123031 -1.178249 0.591683 8
2.070954 -1.316083 0.493134 8
2.045643 6.094658 0.548346 5
2.007466 6.049128 0.498247 5
1.952505 6.021683 0.420640 5
1.906488 5.982988 0.357628 5
1.834578 5.970800 0.252457 5
1.329252 6.012636 -0.506697 5
1.332395 5.914493 -0.490224 5
1.325092 5.827032 -0.490890 5
1.293274 5.761758 -0.531151 5
0.636368 6.120861 -1.560052 5
0.620324 6.028707 -1.574237 5
0.552038 5.977913 -1.671933 5
1.430033 3.421898 -0.129554 6
1.445869 3.345370 -0.101708 6
1.480760 3.264473 -0.044451 2
1.456840 3.200191 -0.078855 2
1.419880 3.138410 -0.133678 2
1.568834 3.034512 0.100089 12
1.524604 2.975328 0.033577 12
1.547985 2.902252 0.071857 12
1.573909 2.829756 0.113877 12
1.588162 2.760081 0.137588 12
1.567059 2.695711 0.106282 12
1.576041 2.627283 0.121454 12
1.578899 2.559869 0.126948 12
1.550941 2.495080 0.084501 11
1.512365 2.430033 0.025432 11
1.507833 2.362195 0.018949 11
1.481859 2.294803 -0.020937 11
1.501868 2.226122 0.010247 11
1.587119 2.158723 0.142337 11
1.620040 2.092930 0.193171 11
1.604911 2.026160 0.169379 11
1.584567 1.958499 0.137324 11
1.456628 1.881566 -0.061674 2
1.463427 1.813073 -0.052049 6
1.487442 1.746694 -0.015911 2
1.447156 1.672574 -0.079656 6
1.297803 1.069389 -0.328961 10
1.871553 1.163310 0.560582 8
1.954838 1.125328 0.687375 8
1.977431 1.070138 0.719609 8
2.013633 1.020220 0.772915 8
2.026977 0.962972 0.790469 8
2.097599 0.927920 0.897252 8
2.100661 0.867942 0.898515 8
2.127714 0.817854 0.937096 8
2.145358 0.764282 0.960851 8
2.188283 0.722619 1.024033 8
2.198032 0.666329 1.035182 8
2.214939 0.613572 1.057397 8
2.221627 0.555765 1.063443 8
2.243862 0.506122 1.093741 8
2.269179 0.458607 1.128760 8
2.276069 0.401010 1.134676 8
2.279762 0.341293 1.135387 8
2.294193 0.287827 1.152848 8
2.271279 0.210665 1.111206 8
2.313716 0.174916 1.172570 8
2.294993 0.098933 1.137108 8
2.341913 0.067387 1.205368 8
2.322428 -0.010540 1.168262 8
2.319019 -0.078030 1.156395 8
2.318986 -0.143757 1.149665 8
2.323497 -0.206617 1.149947 8
2.322131 -0.274725 1.140646 8
2.311669 -0.351160 1.116570 8
2.313168 -0.418674 1.111341 8
2.298062 -0.501405 1.079261 8
2.276423 -0.591509 1.036358 8
2.257656 -0.680851 0.997695 8
2.238070 -0.772754 0.957338 8
2.214116 -0.870757 0.909542 8
2.077491 -1.082397 0.679144 8
1.966268 -1.275996 0.488754 8
2.004087 6.070030 0.638178 5
1.956283 6.035562 0.573323 5
1.893623 6.016232 0.484863 5
1.846136 5.978803 0.420502 5
1.225966 6.041511 -0.492049 5
1.265230 5.910495 -0.420148 5
1.237503 5.841348 -0.453430 5
1.236355 5.749287 -0.445424 5
0.501354 6.058046 -1.559603 5
0.462408 5.983286 -1.609868 5
1.346150 3.501055 -0.110542 6
1.442276 3.399090 0.038579 6
1.389608 3.343740 -0.038510 6
1.428639 3.262002 0.023443 2
1.407960 3.196996 -0.005399 2
1.441463 3.118773 0.047759 12
1.536699 3.028545 0.194272 12
1.505391 2.967142 0.148785 12
1.518912 2.896660 0.171061 12
1.484167 2.834770 0.120072 12
1.503242 2.763895 0.150422 12
1.521481 2.693931 0.179327 12
1.511923 2.627847 0.165995 12
1.505835 2.561205 0.157755 12
1.567455 2.489172 0.251783 11
1.504145 2.426901 0.156653 11
1.475588 2.360994 0.113946 11
1.482667 2.293216 0.124978 11
1.526809 2.225387 0.191900 11
1.536277 2.158791 0.206220 11
1.567532 2.093080 0.253330 11
1.555037 2.026535 0.234113 11
1.552648 1.960130 0.230022 11
1.411357 1.882781 0.015638 2
1.413829 1.814140 0.018549 2
1.373193 1.740647 -0.043939 6
1.335982 1.666079 -0.101435 6
1.320836 1.593341 -0.125719 6
1.342432 1.098790 -0.107370 10
1.395435 1.042036 -0.029664 10
1.605198 1.034864 0.286031 10
1.942902 1.076375 0.796291 8
1.848336 0.981923 0.649693 8
1.694893 0.862549 0.413202 10
2.018586 0.917790 0.902565 8
2.030294 0.860784 0.917170 8
2.079004 0.819230 0.988033 8
2.088668 0.762199 0.999283 8
2.095499 0.703882 1.006069 8
2.113189 0.650553 1.029291 8
2.119354 0.591848 1.034772 8
2.148104 0.544452 1.074653 8
2.178961 0.498835 1.117667 8
2.191762 0.444078 1.132919 8
2.185761 0.378702 1.119191 8
2.207518 0.328879 1.147894 8
2.210598 0.268095 1.147778 8
2.215216 0.207875 1.149857 8
2.216470 0.145127 1.146587 8
2.240133 0.096789 1.177688 8
2.245267 0.036115 1.180077 8
2.251292 -0.024322 1.183671 8
2.253626 -0.087821 1.181379 8
2.240506 -0.163443 1.154951 8
2.239974 -0.230605 1.147795 8
2.252785 -0.287934 1.161155 8
2.242079 -0.364558 1.137774 8
2.239129 -0.435933 1.126208 8
2.218147 -0.523682 1.086271 8
2.203916 -0.607251 1.056555 8
2.173572 -0.706860 1.001315 8
2.155736 -0.797182 0.965283 8
2.047429 -0.975076 0.786868 8
2.045297 -1.055844 0.774589 8
1.937095 6.075147 0.686209 5
1.883175 6.046821 0.612952 5
1.817516 6.029710 0.521585 5
1.813437 5.945925 0.525149 5
1.171070 5.930770 -0.392093 5
1.170612 5.837472 -0.383668 5
1.103410 5.801489 -0.476906 5
0.993924 5.798351 -0.634287 5
0.342406 6.117722 -1.603073 5
0.328077 6.022524 -1.615408 5
0.218165 5.998201 -1.772268 5
1.319017 3.346279 0.002593 6
1.346107 3.267753 0.045187 2
1.379947 3.188753 0.097583 2
1.379337 3.119140 0.098800 12
1.494003 3.025057 0.270407 12
1.496932 2.957123 0.276496 12
1.504831 2.888579 0.289781 12
1.516504 2.819859 0.308490 12
1.523564 2.752357 0.320227 12
1.483935 2.691200 0.262824 12
1.524696 2.619895 0.324060 12
1.502700 2.555965 0.292431 11
1.356768 2.500866 0.077624 11
1.467609 2.425561 0.241910 11
1.492066 2.357764 0.278461 11
1.480565 2.291756 0.261768 11
1.479406 2.225292 0.260201 11
1.523274 2.159179 0.324975 11
1.534752 2.093724 0.341780 11
1.509223 2.027063 0.303795 11
1.514762 1.961345 0.311544 11
1.309055 1.879574 0.007155 2
1.279256 1.807195 -0.037619 2
1.280348 1.737131 -0.036924 6
1.259060 1.664136 -0.069450 6
0.799342 1.447899 -0.751640 10
0.836485 1.375592 -0.698438 10
1.196251 1.076447 -0.176759 10
1.359163 1.049210 0.062075 10
1.448395 1.005217 0.191735 10
1.517977 0.957818 0.292214 10
1.548452 0.899415 0.334610 10
1.563393 0.836274 0.353833 10
1.655024 0.801906 0.486828 10
1.658108 0.735909 0.488225 10
1.743743 0.703400 0.612226 10
2.008377 0.750038 1.002577 8
2.033770 0.699480 1.037063 8
2.052891 0.646573 1.062107 8
2.060388 0.588381 1.069709 8
2.070654 0.531448 1.081305 8
2.095904 0.482262 1.115151 8
2.092513 0.418166 1.106094 8
2.129860 0.376197 1.157809 8
2.147256 0.323679 1.179591 8
2.151776 0.263665 1.181966 8
2.153151 0.201382 1.179471 8
2.154579 0.138656 1.176896 8
2.173538 0.086922 1.200503 8
2.177089 0.024970 1.200816 8
2.174683 -0.041573 1.191996 8
2.168915 -0.111236 1.177921 8
2.186740 -0.164402 1.199256 8
2.159960 -0.251267 1.153059 8
2.164817 -0.315324 1.154446 8
2.150404 -0.395299 1.126462 8
2.148172 -0.466639 1.116700 8
2.148460 -0.536730 1.110554 8
2.098276 -0.651256 1.027425 8
2.101385 -0.721585 1.025045 8
2.049478 -0.842686 0.938528 8
1.885945 -1.071120 0.681000 8
1.968064 -1.073407 0.798352 8
1.900246 6.046947 0.779602 5
1.838874 6.026741 0.696333 5
1.809872 5.970579 0.661689 5
1.738416 5.958066 0.563316 5
1.074461 5.858778 -0.358083 5
1.044535 5.790747 -0.394377 5
1.022258 5.716294 -0.419504 5
0.200871 6.055359 -1.606996 5
0.136651 5.996013 -1.693272 5
1.212593 3.286749 -0.005665 2
1.239067 3.208458 0.034700 2
1.547171 3.067124 0.481819 12
1.474727 3.016771 0.378842 12
1.463329 2.952307 0.363946 12
1.460293 2.886152 0.360997 12
1.479662 2.816472 0.390255 12
1.447479 2.754960 0.344977 12
1.471599 2.685393 0.380819 12
1.472458 2.619293 0.382962 12
1.480332 2.552671 0.395094 12
1.525500 2.483581 0.460878 11
1.571241 2.416042 0.527348 11
1.546996 2.353024 0.492765 11
1.396362 2.292408 0.275816 11
1.422878 2.225277 0.314181 11
1.502264 2.159486 0.428645 11
1.471697 2.093584 0.384442 11
1.504864 2.029307 0.432011 11
1.301247 1.952204 0.137997 11
1.244634 1.879309 0.055813 2
1.236521 1.808917 0.043428 2
1.263722 1.742020 0.081846 2
0.835128 1.618499 -0.537480 10
0.815598 1.538839 -0.566868 10
0.874574 1.470917 -0.483106 10
0.854390 1.390832 -0.513741 10
0.894003 1.321465 -0.458194 10
1.006931 1.268703 -0.296869 10
0.846399 1.157254 -0.530721 10
1.028232 1.123971 -0.270033 10
1.086533 1.064287 -0.187930 10
1.262373 1.039203 0.064091 10
1.290931 0.976211 0.103048 10
1.449921 0.954914 0.330704 10
1.447610 0.885359 0.324816 10
1.491597 0.831585 0.385865 10
1.540828 0.780959 0.454432 10
1.615767 0.741624 0.560215 10
1.644175 0.685876 0.598448 10
1.696630 0.640887 0.671502 10
1.651937 0.554818 0.603356 10
1.662162 0.491803 0.614824 10
1.696933 0.440395 0.661872 10
1.701503 0.374933 0.664874 10
2.019855 0.469710 1.124840 8
2.040203 0.417864 1.150895 8
2.044196 0.357353 1.152993 8
2.060887 0.303734 1.173496 8
2.051043 0.234694 1.155120 8
2.067722 0.180846 1.175361 8
2.096436 0.134641 1.213112 8
2.085691 0.063569 1.192974 8
2.096996 0.006165 1.204988 8
2.093462 -0.061530 1.195095 8
2.105614 -0.118924 1.208080 8
2.101995 -0.187884 1.197740 8
2.082000 -0.269842 1.163107 8
2.084698 -0.335929 1.161693 8
2.081171 -0.407506 1.150925 8
2.060052 -0.494169 1.113972 8
2.037171 -0.583955 1.074152 8
2.042163 -0.651818 1.075349 8
1.840448 6.044840 0.836891 5
1.791150 6.011162 0.772798 5
1.777888 5.938923 0.761295 5
1.697307 5.935550 0.651489 5
0.955609 5.898535 -0.363754 5
1.001021 5.767978 -0.291130 5
0.984256 5.689734 -0.308381 5
0.892551 5.669760 -0.433565 5
0.090355 6.075073 -1.571836 5
0.073850 5.980704 -1.588175 5
1.095667 3.228233 -0.026629 2
1.482193 3.068948 0.520500 12
1.479277 3.003808 0.517873 12
1.472936 2.939408 0.510301 12
1.420571 2.882982 0.437728 12
1.386738 2.822041 0.391192 12
1.375212 2.756971 0.375995 12
1.401775 2.686913 0.414356 12
1.436569 2.616965 0.464185 12
1.486982 2.546846 0.535889 11
1.478794 2.482839 0.524919 11
1.484730 2.417808 0.533732 11
1.486263 2.353206 0.536228 11
1.379075 2.291385 0.385499 11
1.445177 2.224612 0.478705 11
1.472019 2.159706 0.516507 11
1.464725 2.094834 0.506122 11
1.452774 2.029507 0.489064 11
1.350099 1.958499 0.344108 11
1.124433 1.874889 0.025774 2
1.126668 1.804469 0.028306 2
1.163061 1.737710 0.078840 2
0.870906 1.631256 -0.333693 10
0.925639 1.563813 -0.257603 10
0.935006 1.490907 -0.245567 10
0.955552 1.420103 -0.217896 10
0.956858 1.346138 -0.217475 10
0.961667 1.272754 -0.212246 10
0.995266 1.205789 -0.166525 10
0.990218 1.130400 -0.175455 10
1.049912 1.071330 -0.093121 10
1.152633 1.025881 0.049900 10
1.228475 0.975801 0.154915 10
1.378363 0.950963 0.364529 10
1.420815 0.895871 0.422281 10
1.398536 0.819666 0.388395 10
1.454509 0.770656 0.465088 10
1.575869 0.748038 0.634296 10
1.592333 0.687738 0.654964 10
1.588319 0.619181 0.646507 10
1.566143 0.542264 0.612162 10
1.584309 0.482305 0.634889 10
1.606217 0.424334 0.662824 10
1.623302 0.364380 0.683811 10
1.629587 0.299159 0.689344 10
1.667769 0.250358 0.740120 10
1.667323 0.181598 0.735852 10
1.661796 0.109481 0.724209 10
1.690604 0.056476 0.761350 10
1.683518 -0.017402 0.747211 10
1.692295 -0.082345 0.755555 10
1.694538 -0.151683 0.754434 10
1.686338 -0.228371 0.738235 10
1.673755 -0.308961 0.715590 10
1.639174 -0.405951 0.661243 10
1.636688 -0.482109 0.652661 10
1.615281 -0.572954 0.616749 10
1.634258 -0.634982 0.638626 10
1.637200 -0.709418 0.637324 10
1.646819 -0.779228 0.645466 10
1.426098 -1.037280 0.321492 10
1.752208 6.073331 0.853185 5
1.771605 5.966839 0.887840 5
1.700256 5.955079 0.793322 5
1.623107 5.946949 0.690643 5
0.874769 5.905869 -0.312843 5
0.851259 5.831323 -0.339531 5
0.854178 5.736143 -0.329271 5
0.838519 5.656195 -0.345245 5
0.774752 5.612225 -0.428731 5
-0.023293 6.096575 -1.539563 5
-0.024919 5.991261 -1.535351 5
-0.135792 5.961445 -1.683932 5
0.927856 3.253284 -0.116533 12
1.449568 3.063588 0.603997 12
1.410220 3.006317 0.551089 12
1.425329 2.937673 0.573112 12
1.368574 2.882034 0.496058 12
1.407444 2.809829 0.550593 12
1.401799 2.745220 0.543726 12
1.413095 2.678473 0.560078 12
1.422428 2.612412 0.573622 12
1.393369 2.550191 0.534232 11
1.405209 2.484099 0.551026 11
1.411360 2.418782 0.559888 11
1.399553 2.354446 0.543944 11
1.442822 2.288416 0.603671 11
1.432150 2.224255 0.589087 11
1.430496 2.159828 0.586812 11
1.433621 2.095456 0.591013 11
1.463914 2.032272 0.632492 11
1.354361 1.962064 0.481463 11
1.350745 1.896003 0.476084 11
1.004162 1.798999 -0.001361 10
0.966420 1.723330 -0.053966 10
0.889868 1.641572 -0.160115 10
0.969076 1.578806 -0.051980 10
0.969644 1.506297 -0.052202 10
0.934933 1.427597 -0.101120 10
0.953243 1.357564 -0.077140 10
0.969097 1.287448 -0.056649 10
0.977534 1.216015 -0.046483 10
0.993470 1.146430 -0.026092 10
1.062806 1.090744 0.067822 10
1.105486 1.029894 0.124912 10
1.138579 0.967452 0.168696 10
1.218834 0.920240 0.277482 10
1.309497 0.878808 0.400601 10
1.348299 0.822569 0.452073 10
1.392532 0.769275 0.510975 10
1.405195 0.705384 0.526179 10
1.516899 0.680277 0.678240 10
1.520452 0.614560 0.680705 10
1.484527 0.531802 0.628419 10
1.503133 0.471556 0.651483 10
1.506135 0.404372 0.652837 10
1.530678 0.347176 0.683938 10
1.568410 0.296962 0.733252 10
1.569737 0.228923 0.731981 10
1.596289 0.173888 0.765620 10
1.596130 0.104619 0.762065 10
1.596182 0.034953 0.758679 10
1.613485 -0.025106 0.779168 10
1.600816 -0.103245 0.757830 10
1.594174 -0.178665 0.744732 10
1.586686 -0.255481 0.730307 10
1.582432 -0.331060 0.720241 10
1.573675 -0.410525 0.703738 10
1.513038 -0.527426 0.614550 10
1.531706 -0.590176 0.636025 10
1.537647 -0.662360 0.639574 10
1.474774 -0.787481 0.546534 10
1.386457 -0.935835 0.417477 10
1.718482 6.130110 0.940523 5
1.723347 6.038653 0.953523 5
1.686586 5.991355 0.908721 5
1.703660 5.889475 0.938281 5
1.592027 5.915788 0.789902 5
0.825305 5.795013 -0.213189 5
0.817413 5.709392 -0.218680 5
0.797025 5.633761 -0.241391 5
0.738280 5.586234 -0.316580 5
-0.010525 6.027700 -1.333149 5
-0.018296 5.928754 -1.338211 5
-0.196175 5.944810 -1.575144 5
0.871055 3.400457 -0.053608 12
0.915670 3.314705 0.008066 12
0.927735 3.238309 0.025781 12
1.376544 3.067221 0.631302 12
1.339142 3.009187 0.582102 12
1.339728 2.943060 0.583947 12
1.356593 2.874358 0.607604 12
1.357866 2.808739 0.610189 12
1.355736 2.743760 0.608109 12
1.357480 2.678363 0.611151 12
1.386132 2.610315 0.650287 11
1.384140 2.545990 0.648125 12
1.391066 2.481033 0.657868 11
1.385845 2.417044 0.651192 11
1.354568 2.353981 0.609408 11
1.421060 2.287592 0.698958 11
1.385019 2.224183 0.650598 11
1.351967 2.159648 0.606171 11
1.345684 2.094689 0.597639 11
1.208266 2.024240 0.412744 11
1.327294 1.963760 0.572483 11
0.965155 1.872259 0.085282 10
0.966771 1.801198 0.086979 10
0.991033 1.732473 0.119030 10
0.962198 1.658023 0.079589 10
0.956986 1.585760 0.071815 10
0.957108 1.514013 0.071116 10
0.964579 1.443368 0.080207 10
0.889006 1.357393 -0.022540 10
0.926253 1.291552 0.026415 10
0.967660 1.227639 0.080890 10
0.992338 1.160947 0.112765 10
0.981712 1.085975 0.097010 10
1.030278 1.026250 0.160885 10
1.140282 0.985335 0.307484 10
1.161237 0.921017 0.334038 10
1.207235 0.865068 0.394278 10
1.248129 0.808656 0.447574 10
1.331481 0.768217 0.558093 10
1.387494 0.720211 0.631695 10
1.431016 0.668963 0.688390 10
1.394310 0.586590 0.636663 10
1.387925 0.515308 0.625768 10
1.415473 0.458236 0.660641 10
1.441524 0.401040 0.693419 10
1.458880 0.340237 0.714362 10
1.472614 0.277840 0.730320 10
1.505248 0.225057 0.771793 10
1.502949 0.154642 0.765861 10
1.512975 0.090347 0.776534 10
1.530847 0.030310 0.797757 10
1.518491 -0.047099 0.777860 10
1.516201 -0.119492 0.771505 10
1.537284 -0.178144 0.796803 10
1.498291 -0.274710 0.740304 10
1.481943 -0.358559 0.714438 10
1.447262 -0.455989 0.663448 10
1.440680 -0.535986 0.650566 10
1.446630 -0.608026 0.654640 10
1.462966 -0.672974 0.672773 10
1.447747 -0.761689 0.647696 10
1.312873 -0.943893 0.458827 10
1.646856 6.140572 0.981577 5
1.649918 6.051262 0.991053 5
1.626963 5.989534 0.965324 5
1.623180 5.908961 0.965309 5
1.556232 5.890297 0.880246 5
0.738319 5.624816 -0.162800 5
0.708823 5.556079 -0.197802 5
0.631188 5.520758 -0.296925 5
0.012681 5.851641 -1.115121 5
-0.042535 5.787056 -1.184001 5
1.203890 3.295762 0.524905 6
0.790234 3.330118 -0.018109 12
1.318317 3.133377 0.677822 6
1.257316 3.080720 0.598644 2
0.256355 3.213418 -0.716571 12
1.347944 2.931147 0.719688 12
1.339156 2.867823 0.708948 12
1.326846 2.804892 0.693508 12
1.335472 2.738871 0.705510 12
1.326884 2.675291 0.694816 12
1.333733 2.609947 0.704332 12
1.313093 2.547306 0.677656 11
1.326555 2.481652 0.695711 11
1.310810 2.418106 0.675322 11
1.358364 2.351601 0.738009 11
1.335860 2.288301 0.708596 11
1.342454 2.224078 0.717330 11
1.314636 2.159798 0.680791 11
1.303476 2.095026 0.666059 11
1.345304 2.031979 0.720854 11
1.274398 1.963971 0.627490 11
0.975472 1.877402 0.234495 10
0.955508 1.805605 0.207866 10
1.235245 1.763995 0.574929 6
0.991590 1.668895 0.254232 10
0.970345 1.595940 0.225672 10
0.957403 1.523435 0.207937 10
0.948148 1.450990 0.194963 10
0.948180 1.379791 0.194112 10
0.917010 1.302208 0.152149 10
0.957147 1.238777 0.203869 10
0.943345 1.163958 0.184572 10
1.013123 1.109167 0.275150 10
0.969305 1.026434 0.216189 10
1.009323 0.965513 0.267472 10
1.095711 0.919388 0.379749 10
1.127834 0.858837 0.420533 10
1.169422 0.802173 0.473725 10
1.279761 0.770382 0.617461 10
1.253384 0.692342 0.580986 10
1.305753 0.642981 0.648240 10
1.316126 0.578385 0.660060 10
1.333956 0.516862 0.681643 10
1.359435 0.458860 0.713254 10
1.361007 0.390639 0.713234 10
1.389372 0.334513 0.748523 10
1.397035 0.268963 0.756393 10
1.416511 0.209138 0.779802 10
1.410541 0.136380 0.769482 10
1.420323 0.071356 0.779910 10
1.424214 0.002927 0.782457 10
1.441431 -0.058278 0.802570 10
1.417338 -0.143709 0.767850 10
1.419688 -0.214531 0.768068 10
1.396593 -0.301751 0.734423 10
1.392030 -0.378503 0.725247 10
1.351864 -0.479631 0.668657 10
1.356526 -0.552397 0.671490 10
1.367428 -0.621305 0.682522 10
1.339232 -0.718623 0.641414 10
1.285849 -0.836367 0.566588 10
1.089622 -1.065246 0.301120 10
1.582633 6.230068 1.028277 5
1.569265 6.156993 1.015298 5
1.606284 6.033289 1.068347 5
1.613980 5.941513 1.082738 5
1.512567 5.957206 0.954048 5
0.615580 5.572092 -0.164850 5
0.594382 5.496840 -0.188875 5
0.572368 5.422154 -0.214036 5
0.030264 5.686767 -0.913405 5
0.474724 4.442383 -0.306986 13
0.495434 4.349963 -0.278089 13
0.497592 4.266595 -0.273212 13
0.530348 4.171288 -0.228993 13
0.515743 4.096024 -0.245901 13
0.548367 4.003014 -0.202055 13
0.506436 3.938152 -0.254310 13
0.512293 3.855974 -0.245104 13
0.546383 3.765171 -0.199649 13
0.492338 3.703029 -0.267693 13
0.431748 3.641367 -0.344203 13
1.246540 3.336143 0.705030 6
1.236152 3.272195 0.692747 6
1.267842 3.197867 0.734498 2
1.263524 3.132983 0.729886 6
1.260534 3.067877 0.726918 6
1.297691 2.994976 0.775472 12
1.286182 2.932208 0.761426 6
1.258178 2.871945 0.726132 12
1.246237 2.808548 0.711415 12
1.274618 2.739533 0.748423 6
1.265464 2.675932 0.737160 12
1.305378 2.607153 0.788845 12
1.255035 2.547477 0.724571 6
1.301623 2.479475 0.784694 11
1.296495 2.415822 0.778354 11
1.268840 2.352934 0.743033 11
1.266299 2.288626 0.739895 11
1.265237 2.224247 0.738592 11
1.261974 2.159824 0.734404 6
1.276900 2.095719 0.753503 11
1.273132 2.031330 0.748544 6
1.226244 1.964431 0.688164 11
1.221534 1.898986 0.681868 6
1.222336 1.833807 0.682586 6
1.219375 1.768197 0.678412 6
1.271411 1.708863 0.744798 6
0.883804 1.592530 0.246507 10
1.244910 1.575352 0.709711 6
0.948867 1.461212 0.328801 10
0.904692 1.383027 0.271313 10
0.934399 1.317782 0.308672 10
0.876333 1.234666 0.233176 10
0.990781 1.188871 0.379322 10
0.968515 1.113133 0.349697 10
0.912594 1.027696 0.276718 10
-0.077228 0.682135 -0.997409 10
0.996466 0.907913 0.382211 10
1.027634 0.846327 0.421031 10
1.128232 0.808032 0.549150 10
1.117698 0.734788 0.534208 10
1.179250 0.686675 0.612003 10
1.232532 0.637168 0.679120 10
1.220782 0.563666 0.662423 10
1.227759 0.497049 0.669778 10
1.278986 0.449069 0.734109 10
1.283118 0.381649 0.737679 10
1.288367 0.314478 0.742621 10
1.315750 0.257583 0.776056 10
1.341969 0.200617 0.807938 10
1.332797 0.126067 0.794064 10
1.334001 0.056197 0.793510 10
1.348789 -0.006724 0.810436 10
1.321341 -0.093378 0.772685 10
1.347906 -0.150210 0.804694 10
1.325553 -0.235889 0.773342 10
1.331258 -0.305665 0.778209 10
1.315435 -0.389479 0.755108 10
1.261300 -0.499486 0.682241 10
1.237936 -0.591494 0.649117 10
1.314069 -0.616435 0.744972 10
1.229193 -0.753280 0.631806 10
1.246366 -0.819831 0.650985 10
1.018932 -1.069119 0.352144 10
1.557105 6.191816 1.129947 5
1.588203 6.074313 1.173355 5
1.529657 6.048961 1.102082 5
1.519993 5.974326 1.093221 5
1.462478 5.946117 1.023233 5
0.550881 5.567777 -0.094512 5
0.515215 5.502472 -0.136856 5
0.537902 5.398064 -0.105415 5
0.393016 5.403004 -0.286017 5
0.460398 5.270790 -0.198204 5
0.413021 5.123080 -0.253110 5
0.476421 4.659344 -0.162101 13
0.562921 4.533819 -0.051105 13
0.555511 4.455750 -0.058591 13
0.553740 4.375382 -0.059039 13
0.671697 4.243343 0.091236 13
0.590165 4.199158 -0.009817 13
0.584602 4.122172 -0.015254 13
0.560642 4.052510 -0.043906 13
0.572599 3.969203 -0.027420 13
0.565444 3.893409 -0.035047 13
0.508883 3.834379 -0.104869 13
0.561524 3.738860 -0.037421 13
0.584122 3.654509 -0.007829 13
1.182406 3.405086 0.745252 6
1.240952 3.322148 0.819746 2
1.241997 3.256069 0.821915 2
1.245517 3.189647 0.827141 6
1.203689 3.133752 0.775352 6
1.268932 3.054312 0.857997 12
1.264155 2.990663 0.852643 12
1.240078 2.930465 0.823005 12
1.237906 2.866106 0.820824 12
1.232482 2.802295 0.814511 12
1.237079 2.737123 0.820729 12
1.248546 2.671409 0.835518 12
1.265497 2.605597 0.857137 11
1.238735 2.544104 0.823845 11
1.226999 2.480812 0.809363 11
1.228046 2.416525 0.810875 11
1.226468 2.352418 0.809043 6
1.225021 2.288290 0.807326 6
1.210397 2.224240 0.789025 6
1.208206 2.159840 0.786276 11
1.259247 2.096598 0.850274 11
1.223185 2.031553 0.804923 6
1.204514 1.966301 0.781345 6
1.267514 1.906097 0.860207 6
1.236017 1.839762 0.820433 2
1.259638 1.777912 0.849783 6
1.214882 1.708788 0.793264 6
1.169323 1.638073 0.735678 6
0.892112 1.531801 0.387228 10
0.915251 1.465567 0.415742 10
0.930464 1.398496 0.434253 10
0.950225 1.332618 0.458427 10
0.903708 1.253305 0.399312 10
0.912211 1.184724 0.409236 10
0.924734 1.117172 0.424157 10
0.911866 1.043275 0.407124 10
0.920806 0.974677 0.417434 10
0.960515 0.914988 0.466364 10
0.961869 0.844620 0.467038 10
1.037171 0.797719 0.560632 10
1.078380 0.741468 0.611334 10
1.077100 0.671249 0.608553 10
1.176936 0.637993 0.732934 10
1.172323 0.567396 0.725871 10
1.154919 0.491159 0.702647 10
1.175992 0.430083 0.727799 10
1.194216 0.368084 0.749318 10
1.221111 0.310212 0.781712 10
1.232600 0.245610 0.794652 10
1.265634 0.191427 0.834699 10
1.241044 0.108965 0.802049 10
1.243085 0.039036 0.802908 10
1.242239 -0.032855 0.800063 10
1.255634 -0.097386 0.815128 10
1.249366 -0.173213 0.805310 10
1.237566 -0.253061 0.788433 10
1.211608 -0.342488 0.753585 10
1.215004 -0.415085 0.755750 10
1.157541 -0.527305 0.680880 10
1.171626 -0.594942 0.696400 10
1.129833 -0.700703 0.641132 10
1.141521 -0.771365 0.653468 10
1.063879 -0.906342 0.552559 10
1.047128 -1.000200 0.528661 10
0.823053 -1.251945 0.241723 10
1.531128 6.155305 1.228408 5
1.535810 6.066061 1.237004 5
1.465696 6.051742 1.152485 5
1.417056 6.014804 1.094681 5
1.388573 5.957867 1.061911 5
0.422244 5.517241 -0.101539 5
0.470372 5.396265 -0.040017 5
0.454596 5.318274 -0.057467 5
0.423102 5.250128 -0.094361 5
0.435294 5.155424 -0.077411 5
0.418381 5.078733 -0.096419 5
0.306388 5.055703 -0.232677 5
0.450469 4.889507 -0.053359 13
0.434503 4.813581 -0.071368 13
0.460858 4.716005 -0.037302 13
0.484002 4.621468 -0.007264 13
0.578500 4.494077 0.110543 13
0.547500 4.428338 0.073786 13
0.581538 4.333073 0.117020 13
0.653747 4.223011 0.207139 13
0.632480 4.154335 0.182201 13
0.629638 4.078076 0.179879 13
0.576772 4.021145 0.116009 13
0.583361 3.941239 0.125195 13
0.597003 3.859456 0.142997 13
0.589717 3.785407 0.135029 13
1.008668 3.576650 0.650687 6
1.104812 3.478455 0.769603 6
1.159803 3.395277 0.837898 6
1.196418 3.319020 0.883566 6
1.170210 3.260053 0.852039 2
1.175193 3.193071 0.858776 6
1.195827 3.122969 0.884685 2
1.195918 3.057942 0.885332 2
1.207215 2.990950 0.899694 12
1.226803 2.923010 0.924189 12
1.172234 2.867710 0.857639 12
1.160242 2.804695 0.843305 12
1.167073 2.738994 0.852030 12
1.155611 2.675702 0.838273 6
1.177189 2.608885 0.865012 11
1.190213 2.543525 0.881218 11
1.183316 2.479998 0.872946 6
1.154113 2.417506 0.837273 6
1.164215 2.352673 0.849779 6
1.163878 2.288418 0.849442 11
1.169955 2.224123 0.856935 11
1.157167 2.159876 0.841247 11
1.178574 2.096014 0.867469 11
1.203986 2.032937 0.898567 11
1.178292 1.967879 0.866934 2
1.182623 1.904051 0.872096 2
1.221815 1.843218 0.919987 2
1.247193 1.782144 0.950898 2
1.195146 1.712914 0.886778 6
1.146873 1.642484 0.827245 6
0.835231 1.532289 0.444491 10
0.864071 1.466981 0.479470 10
0.847787 1.394486 0.459034 10
0.917696 1.337805 0.544344 10
0.899921 1.264995 0.521996 10
0.869282 1.188590 0.483810 10
0.858081 1.115651 0.469438 10
0.841273 1.040724 0.448134 10
0.896003 0.984279 0.514636 10
0.911253 0.918065 0.532621 10
0.930869 0.853383 0.555930 10
0.938198 0.785159 0.564108 10
0.995345 0.733426 0.633459 10
1.022214 0.672670 0.665579 10
1.054389 0.614391 0.704187 10
1.061021 0.547103 0.711361 10
1.077093 0.483427 0.730102 10
1.088118 0.417829 0.742597 10
1.098316 0.351859 0.754036 10
1.139819 0.299781 0.803953 10
1.154725 0.236375 0.821112 10
1.149842 0.163568 0.813872 10
1.161127 0.098169 0.826490 10
1.164689 0.028735 0.829555 10
1.161346 -0.044709 0.824067 10
1.154724 -0.120554 0.814486 10
1.146035 -0.198307 0.802303 10
1.133156 -0.279331 0.784895 10
1.118767 -0.362266 0.765563 10
1.092608 -0.453539 0.731645 10
1.063188 -0.548412 0.693628 10
1.066955 -0.623338 0.696502 10
1.016734 -0.734947 0.632648 10
1.003200 -0.823824 0.614015 10
0.939250 -0.949526 0.533003 10
0.741373 -1.175430 0.286289 10
0.685490 -1.303926 0.214942 10
1.479478 6.145963 1.293291 5
1.482593 6.058931 1.299007 5
1.446744 6.010863 1.257475 5
1.396879 5.975614 1.198954 5
1.359036 5.928152 1.154979 5
1.262649 5.933234 1.040159 5
1.161027 5.940023 0.919040 5
1.079961 5.925875 0.822810 5
0.984469 5.921687 0.709160 5
0.989292 5.831660 0.716734 5
0.821617 5.794819 0.517626 5
0.818189 5.710991 0.515150 5
0.818991 5.624710 0.517731 5
0.308853 5.636055 -0.091181 0
0.234818 5.594006 -0.178856 0
0.464914 5.354668 0.099874 5
0.460203 5.270941 0.095604 5
0.460150 5.184915 0.096900 5
0.411200 5.128418 0.039285 5
0.393469 5.052997 0.019230 5
0.363835 4.984219 -0.015184 5
0.401373 4.878843 0.031197 13
0.470828 4.758657 0.115913 13
0.455220 4.684349 0.098248 13
0.491934 4.584482 0.143470 13
0.522524 4.489236 0.181273 13
0.554099 4.395036 0.220211 13
0.548562 4.318647 0.214493 13
0.506048 4.258179 0.164305 13
0.486588 4.187379 0.141797 13
0.546247 4.085420 0.214310 13
0.570847 3.998916 0.244655 13
0.550486 3.929722 0.220958 13
0.493311 3.872884 0.153022 13
0.532899 3.782870 0.201257 13
0.522738 3.709948 0.189717 13
1.023012 3.485691 0.790921 6
1.053761 3.409180 0.828365 6
1.107974 3.327640 0.893934 2
1.141226 3.253245 0.934306 2
1.139911 3.188195 0.933161 2
1.153619 3.120010 0.950015 2
1.127546 3.060540 0.919108 12
1.156616 2.990042 0.954336 12
1.138822 2.928715 0.933310 12
1.120134 2.867133 0.911186 12
1.109056 2.804027 0.898165 12
1.160769 2.732673 0.960438 12
1.153807 2.669608 0.952300 12
1.140510 2.607045 0.936537 12
1.131280 2.543826 0.925626 11
1.138315 2.479297 0.934197 11
1.129429 2.415874 0.923646 11
1.121747 2.352181 0.914512 11
1.134453 2.287829 0.929805 11
1.137222 2.223953 0.933152 11
1.144382 2.160198 0.941738 11
1.160239 2.096848 0.960729 11
1.178787 2.034058 0.982921 2
1.151858 1.969402 0.950546 11
1.149070 1.905527 0.947095 2
1.138319 1.840853 0.934068 2
1.204390 1.783295 1.013155 2
1.061472 1.704072 0.841547 6
1.070791 1.639913 0.852508 6
0.821398 1.538915 0.553099 10
0.832447 1.471443 0.566066 10
0.826453 1.401210 0.558559 10
0.826035 1.331690 0.557712 10
0.802828 1.257341 0.529491 10
0.821961 1.191381 0.552043 10
0.812579 1.119119 0.540348 10
0.828299 1.052631 0.558748 10
0.827605 0.982043 0.557419 10
0.843958 0.915982 0.576523 10
0.859737 0.850001 0.594909 10
0.891460 0.789218 0.632413 10
0.902558 0.722384 0.645128 10
0.896186 0.649600 0.636835 10
0.983735 0.610047 0.741313 10
0.963004 0.532318 0.715718 10
0.959639 0.460381 0.710949 10
1.029856 0.417941 0.794558 10
1.040794 0.352297 0.806922 10
1.043143 0.282847 0.808935 10
1.055131 0.217466 0.822503 10
1.070496 0.153655 0.840103 10
1.062369 0.078434 0.829426 10
1.078195 0.014597 0.847520 10
1.086409 -0.053155 0.856430 10
1.052818 -0.143649 0.815010 10
1.044941 -0.221493 0.804483 10
1.026774 -0.306031 0.781528 10
1.037721 -0.374562 0.793580 10
1.001096 -0.472188 0.748313 10
0.951262 -0.579942 0.687077 10
0.962158 -0.651049 0.698939 10
0.954407 -0.734731 0.688297 10
0.942370 -0.822272 0.672440 10
0.788558 -1.009666 0.485601 10
0.628333 -1.207975 0.290883 10
0.607312 -1.310928 0.263941 10
1.393907 6.086652 1.318628 5
1.397110 6.000545 1.323530 5
1.375887 5.938397 1.299593 5
1.284559 5.940425 1.192982 5
1.157837 5.971368 1.044669 5
1.108790 5.930343 0.987930 5
1.061142 5.887135 0.932835 5
0.957624 5.889636 0.811916 5
0.905907 5.846806 0.752027 5
0.906574 5.761162 0.753819 5
0.803085 5.757428 0.632955 5
0.829833 5.651796 0.665413 5
0.759971 5.619548 0.584128 5
0.683619 5.590234 0.495206 5
0.559779 5.592389 0.350415 5
0.546307 5.515098 0.335477 5
0.432615 5.505112 0.202640 5
0.404210 5.436319 0.170114 5
0.423190 5.337234 0.193286 5
0.372201 5.282637 0.134167 5
0.424303 5.165198 0.196221 5
0.421919 5.081913 0.194192 5
0.342721 5.042589 0.101870 5
0.419484 4.915691 0.192807 13
0.377684 4.854983 0.144397 13
0.334174 4.794334 0.093966 13
0.339796 4.708303 0.101235 13
0.414806 4.589527 0.189975 13
0.465720 4.484929 0.250376 13
0.496804 4.391379 0.287456 13
0.499290 4.311690 0.290929 13
0.453688 4.252604 0.237922 13
0.447508 4.176645 0.231182 13
0.478455 4.086564 0.268005 13
0.493346 4.003788 0.285954 13
0.420938 3.952800 0.201422 13
0.461588 3.861576 0.249563 13
0.456257 3.786825 0.243718 13
0.497516 3.697876 0.292523 13
0.441749 3.638888 0.227459 13
0.461216 3.557613 0.250652 13
1.010700 3.338359 0.895631 6
1.090390 3.252014 0.989395 2
1.068937 3.191718 0.964486 2
1.040820 3.132409 0.931745 2
1.117369 3.051364 1.021760 12
1.090366 2.992078 0.990293 12
1.107111 2.924645 1.010123 12
1.098591 2.861803 1.000304 12
1.114239 2.795420 1.018814 12
1.101951 2.733150 1.004544 12
1.099386 2.669533 1.001662 12
1.110350 2.604627 1.014629 12
1.052662 2.545728 0.947075 11
1.119462 2.476872 1.025488 11
1.077124 2.415719 0.975902 11
1.115008 2.350378 1.020374 11
1.118021 2.286967 1.023937 11
1.104529 2.223786 1.008133 11
1.091643 2.160215 0.993022 11
1.115753 2.097079 1.021278 11
1.097371 2.033065 0.999692 11
1.097566 1.969439 0.999873 2
1.079673 1.904569 0.978828 2
1.089585 1.841382 0.990373 2
1.049221 1.773572 0.942944 2
0.950147 1.697942 0.826646 6
0.825997 1.616097 0.680919 10
0.778196 1.541218 0.624708 10
0.795868 1.475011 0.645263 10
0.805849 1.407879 0.656784 10
0.771248 1.332594 0.615997 10
0.808831 1.270630 0.659858 10
0.741259 1.186868 0.580357 10
0.760086 1.120870 0.602184 10
0.802806 1.061130 0.652024 10
0.823263 0.996636 0.675732 10
0.822569 0.926669 0.674610 10
0.813208 0.853896 0.663301 10
0.833359 0.789660 0.686601 10
0.801401 0.708913 0.648737 10
0.843457 0.651970 0.697710 10
0.874610 0.592162 0.733874 10
0.863855 0.517491 0.720836 10
0.895012 0.458322 0.756976 10
0.913450 0.394674 0.778170 10
0.937196 0.333462 0.805581 10
0.957145 0.270980 0.828521 10
0.967822 0.204572 0.840556 10
0.971780 0.134966 0.844683 10
0.967721 0.061194 0.839376 10
1.003801 0.006855 0.881196 10
0.974746 -0.080307 0.846487 10
0.968690 -0.156685 0.838771 10
0.973293 -0.227921 0.843556 10
0.929863 -0.326670 0.791873 10
0.913227 -0.411833 0.771647 10
0.910084 -0.490047 0.767254 10
0.854304 -0.601400 0.700954 10
0.885223 -0.660359 0.736555 10
0.885740 -0.738675 0.736391 10
0.833845 -0.852685 0.674555 10
0.713257 -1.016383 0.531870 10
0.510765 -1.242821 0.292749 10
1.340018 6.080130 1.379939 5
1.288619 6.045906 1.321255 5
1.297572 5.955054 1.331904 5
1.280229 5.889199 1.312334 5
1.107690 5.960265 1.114494 5
1.047932 5.928390 1.046208 5
0.994418 5.889867 0.985091 5
0.893252 5.889407 0.869252 5
0.851876 5.837936 0.822076 5
0.818077 5.779834 0.783596 5
0.760386 5.739649 0.717680 5
0.745829 5.665887 0.701284 5
0.701552 5.614110 0.650762 5
0.562093 5.629337 0.490970 5
0.572446 5.536293 0.503158 5
0.552817 5.464670 0.480921 5
0.439441 5.454922 0.351075 5
0.388785 5.401671 0.293219 5
0.382673 5.319538 0.286483 5
0.340138 5.260022 0.237939 5
0.325957 5.182969 0.221929 5
0.343367 5.087941 0.242163 5
0.200662 5.083385 0.078660 5
0.367767 4.907099 0.270647 13
0.397848 4.808774 0.305390 13
0.367109 4.742890 0.270343 13
0.407492 4.641547 0.316889 13
0.355580 4.585932 0.257538 13
0.395330 4.486995 0.303339 13
0.268956 4.463530 0.158557 13
0.217316 4.404523 0.099507 7
0.204071 4.328502 0.084497 7
0.205527 4.246664 0.086342 7
0.360583 4.106765 0.264366 13
0.201385 4.086913 0.081922 7
0.198180 4.007909 0.078401 7
0.300525 3.893847 0.195933 3
0.387147 3.788280 0.295418 13
0.402998 3.707190 0.313727 13
0.357273 3.644661 0.261409 13
0.367416 3.565736 0.273157 13
0.385304 3.485381 0.293781 12
0.977641 3.265899 0.973178 2
0.944980 3.207266 0.935808 2
0.925002 3.145140 0.912979 2
1.042623 3.055257 1.047936 12
1.068701 2.985870 1.077908 12
1.049349 2.925086 1.055779 12
1.044869 2.861573 1.050699 12
1.037952 2.798395 1.042819 12
1.083815 2.728545 1.095457 12
1.051733 2.668719 1.058710 12
1.064926 2.603726 1.073874 12
1.033052 2.542829 1.037356 11
1.049572 2.477872 1.056324 11
1.055486 2.413997 1.063126 11
1.067036 2.350131 1.076386 11
1.043369 2.287406 1.049258 11
1.048587 2.223794 1.055247 11
1.053141 2.160336 1.060468 11
1.051672 2.096873 1.058779 11
1.066980 2.033964 1.076321 11
1.050140 1.969825 1.056996 2
0.920539 1.897721 0.908368 2
0.980597 1.837042 0.977209 2
0.962958 1.770658 0.956951 2
0.736222 1.680683 0.696922 10
0.727472 1.611121 0.686845 10
0.747663 1.545226 0.709947 10
0.731493 1.474199 0.691349 10
0.737444 1.406296 0.698112 10
0.775011 1.344234 0.741124 10
0.788720 1.278386 0.756773 10
0.778577 1.207677 0.745064 10
0.661072 1.111938 0.610227 10
0.713958 1.053975 0.670786 10
0.767708 0.997606 0.732331 10
0.741162 0.920650 0.701786 10
0.760315 0.855846 0.723644 10
0.787464 0.793795 0.754668 10
0.757836 0.714171 0.720569 10
0.789439 0.653840 0.756689 10
0.825106 0.595601 0.797467 10
0.787151 0.511244 0.753798 10
0.799063 0.444375 0.767317 10
0.830782 0.385385 0.803552 10
0.831847 0.314390 0.804619 10
0.866477 0.257417 0.844184 10
0.873997 0.189116 0.852644 10
0.887771 0.123523 0.868273 10
0.889504 0.052219 0.870083 10
0.870232 -0.029802 0.847787 10
0.901969 -0.086984 0.884007 10
0.915067 -0.153382 0.898837 10
0.886873 -0.242180 0.866282 10
0.842661 -0.341352 0.815336 10
0.846964 -0.414672 0.820052 10
0.798903 -0.519354 0.764669 10
0.754543 -0.623990 0.713520 10
0.790157 -0.680761 0.754144 10
0.714249 -0.808560 0.666766 10
0.605500 -0.961302 0.541676 10
0.582378 -1.060560 0.514852 10
0.455545 -1.233404 0.368966 10
1.251790 6.106314 1.402403 5
1.265057 6.011245 1.416884 5
1.249420 5.943879 1.399029 5
1.198643 5.908015 1.341850 5
1.063911 5.943962 1.190694 5
0.972746 5.938661 1.088298 5
0.887716 5.925705 0.992765 5
0.844023 5.876907 0.943510 5
0.784876 5.839603 0.876953 5
0.758163 5.775857 0.846716 5
0.699164 5.736379 0.780330 5
0.626241 5.705858 0.698353 5
0.569177 5.662100 0.634135 5
0.503735 5.622985 0.560536 5
0.448060 5.575642 0.497878 5
0.417937 5.510044 0.463842 5
0.352366 5.467193 0.390105 5
0.275834 5.429751 0.304090 5
0.276471 5.342825 0.304526 5
0.245938 5.275289 0.270050 5
0.274936 5.172674 0.302278 5
0.259203 5.096993 0.284397 5
0.217187 5.035860 0.237075 5
0.291727 4.911723 0.320362 13
0.303921 4.822842 0.333799 13
0.276535 4.754744 0.302890 13
0.297491 4.662818 0.326162 13
0.280971 4.589659 0.307444 13
0.290293 4.504732 0.317694 13
0.187640 4.469615 0.202453 13
0.188686 4.387926 0.203439 13
0.153190 4.321573 0.163474 7
0.126270 4.251181 0.133126 7
0.137091 4.166169 0.145089 7
0.118427 4.092510 0.124008 7
0.147031 4.002318 0.155920 7
0.250679 3.888558 0.271964 3
0.276541 3.802781 0.300821 3
0.349047 3.704092 0.381976 13
0.267406 3.651827 0.290330 13
0.335524 3.556928 0.366581 13
0.348095 3.478501 0.380567 12
0.891548 3.273024 0.989757 2
0.848161 3.216298 0.941028 2
0.817406 3.155818 0.906466 2
1.016215 3.049569 1.129296 12
1.009958 2.986549 1.122214 12
1.001100 2.923929 1.112220 12
1.013142 2.858002 1.125666 12
1.004994 2.795330 1.116479 12
0.994694 2.732797 1.104884 12
1.007426 2.667563 1.119119 12
1.011887 2.603565 1.124086 12
0.971457 2.543343 1.078722 11
1.013251 2.476664 1.125559 11
1.001197 2.413972 1.112022 11
1.012762 2.350118 1.124976 11
0.990399 2.287363 1.099890 11
1.003744 2.223722 1.114848 11
0.978364 2.160192 1.086389 11
1.020371 2.097383 1.133497 11
1.017552 2.034152 1.130346 11
0.906993 1.965358 1.006392 11
0.805041 1.893883 0.892094 2
0.834655 1.829869 0.925327 2
0.813291 1.761851 0.901403 2
0.719539 1.685274 0.796319 10
0.706166 1.615776 0.781367 10
0.649689 1.539847 0.718091 10
0.677071 1.474921 0.748849 10
0.719038 1.413096 0.795963 10
0.681408 1.337905 0.753838 10
0.676550 1.267882 0.748462 10
0.668523 1.196875 0.739541 10
0.749666 1.145570 0.830599 10
0.688281 1.062191 0.761865 10
0.663485 0.986123 0.734160 10
0.654062 0.913243 0.723696 10
0.664766 0.845580 0.735804 10
0.667373 0.775551 0.738838 10
0.678106 0.707892 0.750990 10
0.690572 0.640846 0.765088 10
0.682795 0.566885 0.756501 10
0.696017 0.499948 0.771458 10
0.742274 0.445511 0.823452 10
0.729371 0.368997 0.809137 10
0.792280 0.322575 0.879802 10
0.760044 0.237543 0.843830 10
0.791421 0.178986 0.879162 10
0.796643 0.109144 0.885185 10
0.822913 0.048934 0.914804 10
0.813691 -0.028105 0.904653 10
0.793263 -0.111508 0.881950 10
0.785497 -0.189482 0.873446 10
0.769842 -0.272405 0.856110 10
0.745163 -0.361311 0.828670 10
0.713609 -0.455451 0.793536 10
0.680816 -0.551908 0.757025 10
0.664782 -0.639980 0.739301 10
0.700143 -0.697502 0.779164 10
0.664575 -0.799384 0.739573 10
0.557951 -0.949348 0.620398 10
0.566650 -1.026639 0.630420 10
0.400011 -1.224466 0.444059 10
1.177673 6.118568 1.441869 5
1.199464 6.015963 1.464542 5
1.164650 5.965749 1.425531 5
1.143280 5.903351 1.401194 5
0.441884 5.791879 0.627655 5
0.438611 5.707488 0.623143 5
0.334422 5.606656 0.507473 5
0.297078 5.544952 0.465774 5
0.303306 5.454730 0.471727 5
0.211874 5.426453 0.370919 5
0.176809 5.361508 0.331751 5
0.181429 5.272574 0.336006 5
0.166371 5.195757 0.318759 5
0.175142 5.105744 0.327603 5
0.027401 5.101584 0.165216 5
0.229162 4.909123 0.385292 13
0.169362 4.857297 0.319170 13
0.181706 4.768391 0.332026 13
0.203927 4.675657 0.355719 13
0.231920 4.581439 0.385759 13
0.222385 4.505377 0.374736 13
0.076760 4.488326 0.214703 13
0.000353 4.438354 0.130468 7
-0.002890 4.357078 0.126373 7
0.021744 4.265346 0.152836 7
-0.013717 4.197074 0.113492 7
-0.000046 4.110612 0.127989 7
0.017103 4.023740 0.146320 7
0.261594 3.863582 0.413781 3
0.187543 3.810189 0.332238 3
0.255548 3.712792 0.406382 3
0.245436 3.639692 0.394941 13
0.233721 3.566992 0.381761 4
0.246126 3.488120 0.395036 12
0.420846 3.371305 0.586250 12
0.385827 3.306566 0.547588 12
0.519395 3.205892 0.693752 12
0.954323 3.050897 1.170324 12
0.928589 2.991267 1.141913 12
0.936563 2.925483 1.150472 12
0.920224 2.863720 1.132391 12
0.941243 2.796527 1.155285 12
0.961326 2.730162 1.177169 12
0.951576 2.667672 1.166358 12
0.929190 2.606162 1.141706 12
0.879358 2.546242 1.086971 11
0.935638 2.478139 1.148609 11
0.918351 2.415374 1.129592 11
0.949266 2.350434 1.163448 11
0.967519 2.286678 1.183435 11
0.935883 2.223815 1.148727 11
0.957125 2.160433 1.172021 11
0.936337 2.096751 1.149240 11
0.960677 2.034070 1.175961 11
0.836488 1.964632 1.039823 11
0.610690 1.885072 0.792283 10
0.625552 1.817910 0.808661 10
0.606841 1.747987 0.788240 10
0.572503 1.675772 0.750703 10
0.614362 1.611744 0.796731 10
0.592433 1.540139 0.772833 10
0.603673 1.472773 0.785321 10
0.603460 1.403713 0.785268 10
0.607097 1.335193 0.789451 10
0.642274 1.272734 0.828229 10
0.631805 1.201620 0.816980 10
0.621866 1.130137 0.806331 10
0.598942 1.055085 0.781467 10
0.616320 0.989314 0.800796 10
0.596880 0.914007 0.779788 10
0.612253 0.847692 0.796952 10
0.622179 0.779967 0.808164 10
0.613728 0.706553 0.799253 10
0.637381 0.643079 0.825539 10
0.609092 0.562301 0.794931 10
0.622460 0.495203 0.809981 10
0.643485 0.431028 0.833437 10
0.638095 0.356945 0.827972 10
0.655481 0.291495 0.847474 10
0.677193 0.228015 0.871729 10
0.677033 0.155363 0.872048 10
0.692221 0.089184 0.889191 10
0.694678 0.017164 0.892411 10
0.697419 -0.055072 0.895963 10
0.699814 -0.127839 0.899154 10
0.690382 -0.207035 0.889420 10
0.644981 -0.305962 0.840347 10
0.683511 -0.361282 0.883147 10
0.600807 -0.483661 0.793317 10
0.593965 -0.565624 0.786521 10
0.556948 -0.666238 0.746745 10
0.617836 -0.709105 0.814075 10
0.506680 -0.858091 0.693284 10
0.473750 -0.961234 0.658077 10
0.508267 -1.021727 0.696635 10
1.139094 6.097770 1.519852 5
1.151434 6.004716 1.531188 5
1.088807 5.979113 1.462928 5
1.018969 5.958253 1.387000 5
-0.022242 5.617691 0.257329 0
0.022633 5.500499 0.303795 5
0.088811 5.372681 0.373074 5
0.087933 5.286846 0.370817 5
0.067156 5.212913 0.347346 5
0.113857 5.101685 0.395997 5
0.099646 5.025177 0.379618 5
0.084349 4.949348 0.362111 13
0.107390 4.854248 0.385620 13
0.181939 4.735226 0.464253 13
0.142403 4.672999 0.420943 13
0.118612 4.602822 0.394496 13
0.118580 4.521871 0.393494 13
0.103261 4.447893 0.376171 13
-0.061269 4.435320 0.199195 7
-0.091316 4.364842 0.166143 7
-0.113389 4.290825 0.141653 7
-0.364064 4.300349 -0.127561 13
-0.125543 4.130722 0.127016 7
-0.378780 4.134209 -0.144945 13
0.191111 3.865438 0.464684 3
0.193136 3.788330 0.466200 3
0.177469 3.716755 0.448795 4
0.233317 3.625113 0.508040 13
0.179934 3.564147 0.450284 13
0.098257 3.508925 0.362227 12
0.253784 3.395939 0.528404 12
0.337109 3.303558 0.617251 12
0.376349 3.222848 0.658889 12
0.896180 3.051470 1.215744 12
0.886647 2.988884 1.205198 12
0.876167 2.926323 1.193662 12
0.908534 2.857229 1.228089 12
0.856542 2.800506 1.172093 12
0.889072 2.732261 1.206749 12
0.885254 2.668886 1.202456 12
0.875084 2.606070 1.191375 12
0.798172 2.548221 1.108745 12
0.907344 2.476445 1.225697 11
0.891897 2.413956 1.209033 11
0.896342 2.350369 1.213726 11
0.903281 2.286883 1.221118 11
0.900549 2.223677 1.218164 11
0.862245 2.160149 1.177082 11
0.886888 2.096867 1.203536 11
0.908891 2.034170 1.227184 11
0.744078 1.962843 1.050504 11
0.545153 1.884656 0.837274 10
0.570075 1.818170 0.864134 10
0.550710 1.748259 0.843527 10
0.543890 1.679049 0.836401 10
0.549238 1.611017 0.842350 10
0.522018 1.538659 0.813405 10
0.560740 1.475206 0.855192 10
0.523275 1.400325 0.815320 10
0.535386 1.333012 0.828629 10
0.549965 1.266364 0.844610 10
0.550939 1.197169 0.846032 10
0.576073 1.133141 0.873377 10
0.545447 1.056567 0.840986 10
0.553471 0.988527 0.850049 10
0.543404 0.915734 0.839753 10
0.552493 0.847743 0.850012 10
0.562727 0.780106 0.861524 10
0.565108 0.710097 0.864652 10
0.546504 0.633125 0.845332 10
0.573120 0.570550 0.874474 10
0.558122 0.493826 0.859080 10
0.558750 0.422068 0.860448 10
0.571058 0.354454 0.874351 10
0.569894 0.281521 0.873863 10
0.584207 0.214564 0.889968 10
0.598484 0.147650 0.906063 10
0.598510 0.074479 0.906938 10
0.599675 0.001422 0.909063 10
0.598351 -0.073200 0.908559 10
0.578573 -0.157320 0.888357 10
0.567245 -0.238255 0.877230 10
0.562454 -0.316625 0.873129 10
0.534433 -0.408091 0.844241 10
0.516679 -0.495301 0.826370 10
0.465652 -0.602515 0.773003 10
0.512548 -0.654744 0.824273 10
0.421378 -0.788921 0.728147 10
0.423878 -0.868918 0.732091 10
0.384363 -0.976075 0.691237 10
0.334337 -1.092038 0.639232 10
1.042295 6.130304 1.536453 5
1.061979 6.030521 1.554356 5
1.020632 5.985408 1.509160 5
0.943094 5.970411 1.426494 5
-0.220354 5.696709 0.188875 0
-0.063976 5.510111 0.349798 5
-0.016729 5.393934 0.397136 5
-0.012271 5.304591 0.399948 5
-0.007227 5.215684 0.403432 5
0.002306 5.125090 0.411657 5
-0.026172 5.055482 0.380274 5
0.064378 4.924433 0.473187 13
0.029937 4.858963 0.435684 13
0.089230 4.747720 0.496122 13
0.025876 4.696080 0.428503 13
0.008232 4.622326 0.408669 13
0.008819 4.540534 0.407934 13
-0.116224 4.512170 0.275896 13
-0.171836 4.452248 0.216459 13
-0.303847 4.421008 0.077132 13
-0.357556 4.356743 0.019720 13
-0.367009 4.275263 0.008645 13
-0.426148 4.211145 -0.054386 13
-0.377110 4.109668 -0.004149 13
0.093395 3.875899 0.487429 1
0.178813 3.773044 0.575967 3
0.104864 3.719027 0.497666 3
0.126596 3.636865 0.519611 4
0.083996 3.572333 0.474210 4
0.040916 3.506944 0.428335 13
0.219007 3.389314 0.614258 12
0.256289 3.307595 0.652696 12
0.213563 3.243395 0.607323 12
0.798979 3.059408 1.220429 12
0.827214 2.989613 1.249575 12
0.815856 2.927123 1.237250 12
0.838987 2.859380 1.261122 12
0.841958 2.795080 1.263892 12
0.842562 2.731250 1.264216 12
0.816611 2.670310 1.236725 12
0.828779 2.605270 1.249245 12
0.768757 2.546179 1.186086 11
0.847604 2.476762 1.268612 11
0.825643 2.414513 1.245439 11
0.815887 2.351264 1.235104 11
0.833922 2.287190 1.253951 11
0.838004 2.223732 1.258199 11
0.829566 2.160306 1.249348 11
0.808000 2.096365 1.226761 11
0.841697 2.033732 1.262176 11
0.517686 1.954563 0.922427 11
0.492641 1.885069 0.896305 10
0.491771 1.816676 0.895577 10
0.445687 1.744094 0.847467 10
0.464835 1.676973 0.867809 10
0.479880 1.609810 0.883884 10
0.469851 1.539641 0.873703 10
0.492895 1.473930 0.898237 10
0.460333 1.399798 0.864507 10
0.485363 1.334685 0.891197 10
0.466219 1.261775 0.871616 10
0.454333 1.189635 0.859684 10
0.478999 1.124929 0.886101 10
0.487250 1.056932 0.895350 10
0.478302 0.984738 0.886616 10
0.462088 0.910182 0.870311 10
0.458021 0.838268 0.866774 10
0.487084 0.775572 0.897976 10
0.474879 0.700933 0.885996 10
0.446497 0.620525 0.857125 10
0.473875 0.557556 0.886674 10
0.480896 0.488020 0.894948 10
0.478066 0.414811 0.892955 10
0.471744 0.339876 0.887351 10
0.461319 0.262806 0.877501 10
0.487072 0.199778 0.905534 10
0.510357 0.136108 0.931019 10
0.519229 0.066460 0.941470 10
0.489538 -0.020746 0.911662 10
0.507902 -0.086826 0.932123 10
0.518868 -0.156348 0.944892 10
0.473341 -0.254109 0.898710 10
0.466413 -0.333934 0.892896 10
0.409637 -0.440836 0.835111 10
0.421929 -0.512408 0.849472 10
0.378088 -0.615590 0.805329 10
0.385347 -0.691261 0.814547 10
0.353943 -0.790186 0.783512 10
0.296998 -0.906271 0.725938 10
0.232698 -1.029429 0.660799 10
-0.047383 -1.293770 0.371076 10
1.000598 6.112630 1.610584 5
0.997080 6.034070 1.603926 5
0.955947 5.988496 1.559395 5
-0.124861 5.592498 0.425361 5
-0.099965 5.489022 0.448190 5
-0.139014 5.424403 0.406040 5
-0.151804 5.344233 0.390666 5
-0.157763 5.260496 0.382310 5
-0.213820 5.204112 0.322976 5
-0.161901 5.090165 0.373730 5
-0.237630 5.043086 0.294431 5
-0.143569 4.910752 0.388340 13
-0.094141 4.803065 0.436841 13
-0.067689 4.707967 0.461989 13
-0.111286 4.645395 0.415694 13
-0.080915 4.550070 0.444985 13
-0.162840 4.502847 0.359627 13
-0.240371 4.451853 0.278774 13
-0.319590 4.399635 0.196214 13
-0.361365 4.331553 0.151962 13
-0.385091 4.256183 0.126211 13
-0.351810 4.160934 0.158830 13
-0.389995 4.090489 0.118398 13
-0.101081 3.916494 0.412793 3
-0.055472 3.824078 0.458301 3
-0.069732 3.750355 0.442584 3
0.046002 3.641227 0.560045 13
0.006543 3.575554 0.518643 13
-0.105369 3.526611 0.403056 12
0.090757 3.404231 0.603110 12
0.219431 3.302079 0.734156 12
0.325872 3.208200 0.842506 12
0.770726 3.054267 1.297828 12
0.743748 2.994469 1.269597 12
0.757402 2.927601 1.283064 12
0.766673 2.861874 1.292085 12
0.789970 2.794682 1.315536 12
0.759800 2.734508 1.284200 12
0.763015 2.670139 1.287146 12
0.772940 2.605340 1.297019 12
0.598472 2.554857 1.117790 12
0.750620 2.479378 1.273641 11
0.762347 2.414911 1.285497 11
0.784544 2.350445 1.308137 11
0.738289 2.288031 1.260595 11
0.767288 2.223841 1.290302 11
0.759473 2.160202 1.282285 11
0.750264 2.096314 1.272881 11
0.757739 2.032729 1.280637 11
0.475304 1.955352 0.991027 11
0.369300 1.881086 0.882471 10
0.423159 1.815956 0.937957 10
0.372042 1.742845 0.885807 10
0.386847 1.675061 0.901325 10
0.396567 1.607002 0.911673 10
0.403576 1.538757 0.919288 10
0.397086 1.468637 0.913108 10
0.427471 1.404072 0.944785 10
0.394266 1.329227 0.911313 10
0.379464 1.256744 0.896761 10
0.394723 1.189721 0.913073 10
0.399679 1.120739 0.918871 10
0.401930 1.051091 0.921946 10
0.392446 0.978456 0.913048 10
0.393314 0.908003 0.914808 10
0.396190 0.837894 0.918675 10
0.386879 0.764148 0.910113 10
0.396391 0.695529 0.920876 10
0.397741 0.624352 0.923332 10
0.405172 0.554934 0.932063 10
0.402293 0.481901 0.930298 10
0.386262 0.403774 0.915135 10
0.405031 0.337811 0.935618 10
0.396743 0.261594 0.928487 10
0.383750 0.182893 0.916608 10
0.419406 0.123698 0.954496 10
0.377078 0.031549 0.912768 10
0.409518 -0.028898 0.947468 10
0.405854 -0.105438 0.945351 10
0.411391 -0.178134 0.952684 10
0.383019 -0.267777 0.925485 10
0.365928 -0.353033 0.909870 10
0.316757 -0.456054 0.861631 10
0.276878 -0.556104 0.822960 10
0.267292 -0.641159 0.815239 10
0.267666 -0.721395 0.817733 10
0.264118 -0.804483 0.816302 10
0.215571 -0.915314 0.769168 10
0.185532 -1.016895 0.740967 10
-0.045151 -1.247127 0.508945 10
0.909931 6.138552 1.635753 5
0.936374 6.033846 1.657950 5
0.895529 5.987835 1.614137 5
0.827518 5.963670 1.543627 5
-0.137477 5.733592 0.552740 5
-0.120380 5.634144 0.566536 5
-0.195575 5.592136 0.488839 5
-0.210805 5.512829 0.470702 5
-0.163105 5.397340 0.515166 5
-0.580307 5.545220 0.097603 5
-0.723054 5.530789 -0.047310 5
-0.306177 4.617074 0.347952 13
-0.255665 4.512728 0.396323 13
-0.299691 4.447781 0.350390 13
-0.310493 4.369259 0.337697 13
-0.324628 4.292038 0.321740 13
-0.311271 4.205069 0.333333 13
-0.309293 4.122696 0.333628 13
-0.333967 4.049373 0.307339 13
-0.310730 3.960798 0.329045 13
-0.292313 3.874620 0.346012 13
-0.261262 3.785690 0.375704 13
-0.247315 3.702497 0.388356 13
-0.256428 3.625815 0.377990 13
-0.276069 3.551653 0.357142 13
-0.070369 3.426212 0.562120 12
0.009479 3.333422 0.641129 12
-0.028297 3.266380 0.602342 12
0.704638 3.056221 1.336170 12
0.700662 2.992304 1.331489 12
0.708847 2.926504 1.339054 12
0.683207 2.865899 1.312756 12
0.695771 2.799754 1.324822 12
0.693700 2.735751 1.322265 12
0.700085 2.670920 1.328244 12
0.701727 2.606762 1.329520 12
0.528920 2.555782 1.155830 12
0.707694 2.478617 1.334924 11
0.694727 2.415503 1.321701 11
0.692120 2.351721 1.318926 11
0.691318 2.287857 1.318016 11
0.711324 2.223847 1.338037 11
0.712808 2.160260 1.339526 11
0.695433 2.096323 1.322145 11
0.699281 2.032620 1.326111 11
0.376095 1.953419 1.001996 11
0.316949 1.881548 0.942879 10
0.308827 1.811834 0.935018 10
0.311127 1.742758 0.937670 10
0.294444 1.671729 0.921338 10
0.304939 1.603305 0.932326 10
0.328641 1.536781 0.956618 10
0.272631 1.459375 0.901025 10
0.320633 1.396640 0.949797 10
0.313642 1.325698 0.943481 10
0.311703 1.255350 0.942292 10
0.336717 1.190137 0.968175 10
0.283186 1.108773 0.915403 10
0.305564 1.042907 0.938761 10
0.305721 0.972131 0.939914 10
0.293602 0.898032 0.928835 10
0.311574 0.831438 0.947950 10
0.295455 0.755494 0.932994 10
0.325094 0.692405 0.963903 10
0.312376 0.616743 0.952479 10
0.314126 0.545143 0.955598 10
0.300630 0.468137 0.943536 10
0.311501 0.399049 0.955905 10
0.309537 0.325238 0.955506 10
0.291073 0.244733 0.938692 10
0.310758 0.178479 0.960055 10
0.311991 0.104848 0.963053 10
0.304348 0.027096 0.957259 10
0.289058 -0.054643 0.943913 10
0.289630 -0.130017 0.946467 10
0.315842 -0.193736 0.974651 10
0.274604 -0.289857 0.935677 10
0.225465 -0.391634 0.888943 10
0.232960 -0.466170 0.898710 10
0.164549 -0.581288 0.833015 10
0.147594 -0.670910 0.818640 10
0.143972 -0.754107 0.817617 10
0.132283 -0.842639 0.808665 10
0.040325 -0.979744 0.720094 10
-0.068269 -1.130497 0.615195 10
0.837316 6.148000 1.679825 5
0.860267 6.046672 1.697373 5
0.825501 5.995135 1.659786 5
0.763597 5.965343 1.596225 5
-0.257700 5.764610 0.568133 5
-0.223156 5.653931 0.597852 5
-0.250145 5.582016 0.568108 5
-0.310142 5.529242 0.506435 5
-0.361802 5.470484 0.452881 5
-0.882440 5.671006 -0.055857 5
-1.599629 5.962293 -0.755982 5
-0.487346 4.409787 0.294194 13
-0.489238 4.326583 0.290168 13
-0.429115 4.222050 0.346824 13
-0.430036 4.140018 0.343943 13
-0.396379 4.047204 0.374955 13
-0.404449 3.968457 0.365261 13
-0.474047 3.826086 0.293793 13
-0.426623 3.732087 0.338645 13
0.430145 3.299783 1.173788 2
0.348013 3.248956 1.092258 2
0.391490 3.171426 1.133866 2
0.656750 3.054795 1.392961 12
0.619487 2.996605 1.355616 12
0.602882 2.934329 1.338580 12
0.623394 2.866469 1.358005 12
0.607177 2.803979 1.341473 12
0.625730 2.737171 1.359109 12
0.630697 2.672326 1.363483 12
0.611010 2.609852 1.343731 12
0.451671 2.557250 1.187006 12
0.639598 2.479392 1.371098 11
0.636579 2.415631 1.367887 11
0.624662 2.352125 1.356006 11
0.620175 2.288174 1.351478 11
0.637675 2.223971 1.368591 11
0.625366 2.160043 1.356511 11
0.625481 2.096030 1.356686 11
0.641653 2.032543 1.372681 11
0.340379 1.954523 1.077208 2
0.360874 1.887833 1.097584 2
0.387290 1.822082 1.123832 2
0.373762 1.753489 1.110951 2
0.247379 1.673061 0.987419 10
0.218657 1.600316 0.959782 10
0.235803 1.532569 0.977211 10
0.216672 1.460041 0.959125 10
0.208869 1.388630 0.952221 10
0.210792 1.318515 0.954925 10
0.221075 1.249833 0.965893 10
0.184000 1.171989 0.930513 10
0.214076 1.107045 0.961018 10
0.199434 1.032751 0.947772 10
0.227365 0.967961 0.976303 10
0.216732 0.894052 0.967129 10
0.211565 0.821079 0.963386 10
0.226075 0.753215 0.978974 10
0.202638 0.674402 0.957502 10
0.232026 0.610879 0.987786 10
0.184890 0.523361 0.943303 10
0.216450 0.460585 0.975847 10
0.210682 0.385371 0.971973 10
0.202655 0.308860 0.965973 10
0.217251 0.240334 0.982147 10
0.194990 0.157440 0.962416 10
0.206782 0.087385 0.976005 10
0.221960 0.018723 0.992966 10
0.174445 -0.077179 0.948888 10
0.188607 -0.147117 0.965025 10
0.193444 -0.221394 0.972154 10
0.170196 -0.309431 0.952026 10
0.117282 -0.413281 0.903148 10
0.102503 -0.499762 0.891492 10
0.058398 -0.602562 0.851444 10
0.048645 -0.688675 0.844901 10
0.064223 -0.761565 0.863051 10
-0.134167 -0.956562 0.673709 10
-0.079224 -1.009872 0.730308 10
-0.243862 -1.194141 0.574196 10
0.784199 6.059040 1.737750 5
0.742393 6.012922 1.693831 5
0.705886 5.961892 1.654906 5
-0.257209 5.719331 0.700005 5
-0.256286 5.630712 0.696683 5
-0.299598 5.569042 0.651648 5
-0.394948 5.536774 0.557421 5
-1.007589 5.793573 -0.026760 5
-1.101296 5.747973 -0.119789 5
-1.249444 5.729213 -0.264443 5
0.410061 3.291276 1.262360 2
0.432689 3.219069 1.282848 2
0.403925 3.157603 1.254171 2
0.545279 3.064849 1.388629 12
0.562089 2.996825 1.403809 12
0.535220 2.936084 1.377183 12
0.540078 2.870302 1.381051 12
0.536041 2.805887 1.376460 12
0.561963 2.738072 1.400684 12
0.544518 2.675368 1.383375 12
0.528914 2.612117 1.367901 12
0.420889 2.555278 1.263800 12
0.553622 2.481215 1.390827 11
0.541257 2.417483 1.378674 11
0.546501 2.352873 1.383494 11
0.553400 2.288395 1.389973 11
0.558684 2.224127 1.394975 11
0.546883 2.159891 1.383647 11
0.552926 2.095692 1.389519 11
0.532707 2.030766 1.370253 11
0.440316 1.961918 1.281788 2
0.434923 1.895780 1.276903 2
0.434557 1.829818 1.276917 2
0.129583 1.737448 0.984699 10
0.142072 1.668558 0.997226 10
0.119485 1.595947 0.976176 10
0.127998 1.526572 0.985044 10
0.095708 1.451607 0.954853 10
0.084493 1.378887 0.944962 10
0.111259 1.312069 0.971570 10
0.105157 1.239902 0.966741 10
0.139715 1.175294 1.000962 10
0.132462 1.102786 0.995189 10
0.136766 1.032455 1.000571 10
0.128915 0.959199 0.994392 10
0.098567 0.879944 0.966761 10
0.103908 0.808986 0.973389 10
0.108369 0.737702 0.979256 10
0.115236 0.666993 0.987505 10
0.104199 0.590792 0.978717 10
0.102715 0.517044 0.979152 10
0.091838 0.439864 0.970703 10
0.073548 0.359527 0.955269 10
0.106913 0.296907 0.989251 10
0.064946 0.206799 0.951412 10
0.115931 0.151158 1.002356 10
0.098099 0.068985 0.987741 10
0.113889 -0.000085 1.005273 10
0.086772 -0.087540 0.982020 10
0.056196 -0.177714 0.955597 10
0.055492 -0.255476 0.957721 10
0.057050 -0.332621 0.962095 10
-0.003766 -0.440633 0.907298 10
-0.033813 -0.535427 0.881891 10
-0.088775 -0.644511 0.832980 10
-0.099146 -0.731981 0.826533 10
-0.120394 -0.826258 0.809901 10
-0.215575 -0.963374 0.723381 10
-0.412832 -1.163024 0.540495 10
0.676872 6.096904 1.750638 5
0.700008 5.997086 1.766156 5
0.623654 5.977931 1.691254 5
-0.310601 5.796628 0.783985 5
-0.340245 5.726651 0.751847 5
-0.369394 5.656122 0.720254 5
-0.458325 5.620407 0.633561 5
-1.180287 5.944326 -0.038016 5
-1.282499 5.902326 -0.137468 5
-1.293463 5.808531 -0.152478 5
-1.720754 5.934269 -0.552927 5
0.267775 3.378429 1.236479 6
0.384262 3.284190 1.344136 2
0.393849 3.215161 1.351789 2
0.351549 3.156493 1.310909 2
0.493574 3.064002 1.442872 12
0.465713 3.003450 1.415701 12
0.477317 2.936304 1.425611 12
0.453088 2.874542 1.401998 12
0.460207 2.808325 1.407867 12
0.479522 2.741030 1.425262 12
0.446131 2.679534 1.393285 12
0.474219 2.611979 1.419081 12
0.348270 2.556369 1.300382 12
0.468442 2.482942 1.412775 11
0.466504 2.418341 1.410635 11
0.488752 2.352929 1.431280 11
0.463702 2.289060 1.407602 11
0.478583 2.224286 1.421494 11
0.502402 2.159967 1.443856 11
0.472594 2.095212 1.415951 11
0.462177 2.030295 1.406331 11
0.391103 1.962288 1.339852 2
0.400502 1.897136 1.349000 2
0.373288 1.829537 1.323864 2
0.277230 1.755279 1.234205 6
0.285607 1.688723 1.242651 6
0.018892 1.591533 0.993071 10
0.024653 1.521285 0.999268 10
0.011838 1.448513 0.988128 10
0.000854 1.375560 0.978799 10
-0.027631 1.299300 0.953157 10
0.031063 1.237674 1.009335 10
-0.002464 1.159794 0.979155 10
0.039859 1.096396 1.020144 10
0.016666 1.019651 0.999841 10
0.001301 0.943908 0.986973 10
-0.013044 0.867798 0.975161 10
0.009685 0.800680 0.998143 10
0.002029 0.725675 0.992784 10
-0.010269 0.648895 0.983185 10
-0.014107 0.574060 0.981600 10
-0.004294 0.503131 0.992868 10
-0.016511 0.424986 0.983653 10
-0.013875 0.351274 0.988413 10
0.010350 0.284985 1.013413 10
-0.018678 0.199418 0.988832 10
-0.013161 0.125924 0.996579 10
-0.001789 0.054558 1.009878 10
-0.002914 -0.021985 1.011635 10
-0.018972 -0.105285 0.999605 10
-0.024482 -0.184803 0.997509 10
-0.058315 -0.277735 0.969206 10
-0.082265 -0.367444 0.950234 10
-0.113318 -0.461720 0.924810 10
-0.164408 -0.567325 0.880958 10
-0.183406 -0.658489 0.867034 10
-0.180167 -0.739010 0.873851 10
-0.171764 -0.817164 0.885563 10
-0.332353 -0.989626 0.741122 10
0.605054 6.104617 1.797321 5
0.588498 6.036950 1.776532 5
0.571503 5.969851 1.755470 5
-0.327981 5.850814 0.900889 5
-0.332946 5.765983 0.891001 5
-0.406911 5.723720 0.819204 5
-0.434407 5.652231 0.789256 5
-0.533891 5.622246 0.694543 5
-1.384940 6.014101 -0.078048 5
-1.398953 5.921261 -0.096254 5
-1.381963 5.812088 -0.086305 5
-1.751769 5.905257 -0.425951 5
0.256029 3.367502 1.332558 6
0.319815 3.285581 1.389385 2
0.316574 3.219104 1.384946 2
0.345076 3.146692 1.409687 2
0.395786 3.071272 1.454892 12
0.366766 3.010324 1.427117 12
0.392151 2.940587 1.449311 12
0.388531 2.875601 1.445003 12
0.377001 2.811605 1.433529 12
0.386507 2.745078 1.441443 12
0.371970 2.681231 1.427387 12
0.380448 2.615136 1.434540 12
0.266854 2.558055 1.329731 12
0.394542 2.483964 1.446495 11
0.383856 2.419533 1.436328 11
0.361743 2.355230 1.415757 11
0.358019 2.290020 1.412158 11
0.358786 2.224699 1.412773 11
0.366908 2.159451 1.420231 11
0.416976 2.095226 1.466292 11
0.392474 2.029865 1.443973 11
0.367454 1.963818 1.421269 2
0.324514 1.896038 1.382207 2
0.344693 1.831606 1.401182 2
0.245421 1.757549 1.310607 6
0.223741 1.688406 1.291355 6
-0.126005 1.582333 0.971177 10
-0.113654 1.511811 0.983398 10
-0.127812 1.437880 0.971398 10
-0.125869 1.365872 0.974270 10
-0.144204 1.290481 0.958651 10
-0.119532 1.222042 0.982561 10
-0.122162 1.148930 0.981543 10
-0.122146 1.076120 0.983053 10
-0.094641 1.009066 1.009840 10
-0.113549 0.931921 0.994224 10
-0.139002 0.852486 0.972735 10
-0.126737 0.781805 0.985873 10
-0.130347 0.706952 0.984590 10
-0.131047 0.632587 0.986079 10
-0.124321 0.560151 0.994460 10
-0.141982 0.480081 0.980673 10
-0.135260 0.407134 0.989267 10
-0.143052 0.329191 0.984726 10
-0.125690 0.259547 1.003240 10
-0.126152 0.183569 1.005607 10
-0.111317 0.113031 1.022020 10
-0.121654 0.032690 1.015621 10
-0.115158 -0.041464 1.024662 10
-0.125220 -0.122766 1.018760 10
-0.141025 -0.207232 1.007774 10
-0.151335 -0.290088 1.001917 10
-0.217356 -0.399422 0.945657 10
-0.222245 -0.481939 0.945027 10
-0.284069 -0.593020 0.892962 10
-0.268695 -0.667336 0.910984 10
-0.284302 -0.757819 0.901101 10
-0.259849 -0.827850 0.927572 10
-0.488018 -1.036532 0.726088 10
0.522198 6.120927 1.835172 5
0.542234 6.024063 1.845771 5
0.483271 5.989812 1.788265 5
0.383655 5.985192 1.695558 5
-0.405379 5.943269 0.964309 5
-0.415324 5.861040 0.949496 5
-0.403192 5.765551 0.954184 5
-0.394266 5.673004 0.956248 5
-0.552101 5.679270 0.811988 5
-1.482730 6.022496 -0.018339 5
-1.539986 5.952982 -0.074884 5
-1.710781 5.942448 -0.231503 5
-1.764205 5.867284 -0.284591 5
0.279131 3.281841 1.456416 2
0.303830 3.210006 1.476936 2
0.273209 3.149331 1.448008 2
0.269290 3.083355 1.443098 2
0.320543 3.008523 1.487749 12
0.274085 2.949629 1.444906 12
0.317135 2.877542 1.482426 12
0.297401 2.814354 1.463739 12
0.283060 2.750160 1.449983 12
0.297458 2.682911 1.462114 12
0.282141 2.618591 1.447677 12
0.204155 2.558371 1.377076 12
0.281844 2.487199 1.446325 11
0.291018 2.421150 1.454168 11
0.260150 2.356659 1.426157 11
0.300774 2.290022 1.462438 11
0.329585 2.224520 1.488212 11
0.324858 2.159547 1.483967 11
0.286897 2.093807 1.449976 11
0.282515 2.028156 1.446239 11
0.300167 1.963358 1.462383 2
0.283842 1.897014 1.448119 2
0.303236 1.832729 1.466022 2
0.144174 1.753977 1.323839 6
-0.268973 1.646552 0.953769 10
-0.295489 1.570667 0.930852 10
-0.294446 1.497372 0.932779 10
-0.299028 1.423237 0.929772 10
-0.298380 1.349640 0.931568 10
-0.302162 1.275215 0.929505 10
-0.311330 1.199612 0.922730 10
-0.344777 1.119072 0.894321 10
-0.320673 1.049018 0.917592 10
-0.309446 0.976670 0.929435 10
-0.328259 0.897622 0.914500 10
-0.320842 0.824164 0.923162 10
-0.324980 0.747764 0.921602 10
-0.312294 0.675506 0.935203 10
-0.322935 0.596827 0.928072 10
-0.310470 0.524376 0.941704 10
-0.303928 0.450180 0.950160 10
-0.269059 0.384933 0.984003 10
-0.259340 0.311959 0.995510 10
-0.246365 0.240074 1.010033 10
-0.232746 0.168458 1.025239 10
-0.231903 0.092110 1.029186 10
-0.231617 0.015226 1.032763 10
-0.232074 -0.062303 1.035809 10
-0.232452 -0.140183 1.039055 10
-0.267689 -0.233411 1.011497 10
-0.318653 -0.334991 0.970175 10
-0.319823 -0.415665 0.973181 10
-0.386875 -0.527848 0.918000 10
-0.433950 -0.632694 0.880733 10
-0.413228 -0.705490 0.903601 10
-0.539182 -0.853573 0.797072 10
-0.555766 -0.948018 0.787381 10
0.402134 6.166357 1.842955 5
0.429844 6.063018 1.858929 5
0.403778 6.002458 1.829848 5
0.321280 5.984035 1.753236 5
-0.456592 6.018845 1.051832 5
-0.427811 5.911736 1.069609 5
-0.496686 5.867168 1.004223 5
-0.495738 5.778614 0.998583 5
-0.562561 5.731038 0.935093 5
-1.675410 6.082852 -0.039163 5
-1.670109 5.977979 -0.041299 5
-1.818105 5.953949 -0.175245 5
-1.908226 5.896927 -0.259364 5
0.131609 3.232663 1.427725 2
0.128324 3.165399 1.423194 2
0.161448 3.091929 1.450679 2
0.198520 3.018819 1.481755 12
0.187371 2.953852 1.470682 12
0.167668 2.889859 1.452210 12
0.169886 2.822816 1.453070 12
0.191309 2.753849 1.470892 12
0.181031 2.688536 1.461010 12
0.192561 2.621234 1.470375 12
0.176057 2.556250 1.455241 12
0.223795 2.487228 1.496614 11
0.199386 2.422672 1.474755 11
0.190834 2.357026 1.466923 11
0.181578 2.291202 1.458580 11
0.216733 2.224875 1.489345 11
0.195380 2.159087 1.470593 11
0.191913 2.093092 1.467656 11
0.204360 2.027500 1.478801 11
0.174941 1.960338 1.453291 2
0.180368 1.894386 1.458487 2
0.163768 1.826987 1.444453 2
-0.440401 1.710560 0.914800 10
-0.417413 1.638483 0.935820 10
-0.424951 1.563608 0.930169 10
-0.421198 1.489811 0.934548 10
-0.466248 1.409478 0.896246 10
-0.448842 1.337025 0.912848 10
-0.428221 1.265401 0.932384 10
-0.392252 1.196809 0.965482 10
-0.407681 1.119479 0.953660 10
-0.520627 1.022276 0.856579 10
-0.523606 0.945173 0.855957 10
-0.461794 0.882312 0.912158 10
-0.452045 0.808519 0.922906 10
-0.388920 0.748112 0.980437 10
-0.473002 0.650403 0.909418 10
-0.500880 0.565775 0.887690 10
-0.447587 0.503652 0.936970 10
-0.432532 0.431101 0.952975 10
-0.402363 0.363447 0.982275 10
-0.361605 0.299793 1.020904 10
-0.373035 0.219051 1.014181 10
-0.331390 0.156584 1.053791 10
-0.344947 0.074519 1.045487 10
-0.366184 -0.011193 1.030664 10
-0.327037 -0.073886 1.068439 10
-0.349265 -0.161057 1.053056 10
-0.346323 -0.238546 1.059666 10
-0.418332 -0.349161 1.001499 10
-0.437168 -0.438170 0.989602 10
-0.511190 -0.553829 0.930173 10
-0.498699 -0.630521 0.945746 10
-0.602333 -0.764662 0.861245 10
-0.653339 -0.875501 0.822453 10
0.344033 6.080359 1.896343 5
0.328121 6.011756 1.875601 5
0.286440 5.962416 1.833809 5
-0.463546 5.976782 1.169319 5
-0.484829 5.902695 1.144410 5
-0.510388 5.831265 1.116084 5
-0.600303 5.798481 1.034197 5
-0.678363 5.756712 0.962202 5
-1.838393 6.229134 -0.022655 5
-1.662044 6.029474 0.117749 5
-1.785237 5.994310 0.007202 5
-1.876153 5.939627 -0.076239 5
-0.645899 3.373307 0.865114 6
-0.514355 3.272198 0.975750 2
-0.425664 3.181905 1.049893 2
0.109766 3.023617 1.507083 12
0.071809 2.962139 1.473138 12
0.098319 2.891288 1.494575 12
0.090582 2.825307 1.486768 12
0.109182 2.756409 1.501673 12
0.091893 2.691448 1.485904 12
0.049863 2.628147 1.449013 12
0.072947 2.559351 1.468123 12
0.106978 2.490570 1.496754 11
0.070010 2.425812 1.464549 11
0.086084 2.358493 1.478000 11
0.061920 2.292361 1.457017 11
0.103929 2.225220 1.492974 11
0.086208 2.158765 1.477756 11
0.084808 2.092167 1.476671 11
0.089736 2.025718 1.481136 11
-0.462673 1.934863 1.007186 11
-0.505240 1.858910 0.971157 2
-0.497841 1.785291 0.978157 2
-0.670804 1.697059 0.830486 6
-1.860385 1.508509 -0.189377 9
-1.844541 1.418760 -0.174505 9
-1.858471 1.325736 -0.185014 9
-1.853752 1.234698 -0.179364 9
-1.811132 1.149128 -0.141062 9
-1.899818 1.043792 -0.215150 9
-1.249346 1.061914 0.344229 10
-1.138972 0.997564 0.440823 10
-0.984682 0.944451 0.575090 10
-0.909081 0.878679 0.642062 10
-0.794404 0.823301 0.742547 10
-0.672896 0.772264 0.848926 10
-0.598897 0.712397 0.914750 10
-0.567587 0.643114 0.944192 10
-0.586895 0.560581 0.930540 10
-0.557933 0.491109 0.958230 10
-0.519909 0.424843 0.993758 10
-0.492017 0.356137 1.020759 10
-0.493932 0.278179 1.022494 10
-0.489181 0.202133 1.030050 10
-0.466554 0.132193 1.052945 10
-0.440814 0.063671 1.078606 10
-0.488312 -0.032227 1.042211 10
-0.486215 -0.110305 1.048100 10
-0.494872 -0.193052 1.045026 10
-0.516088 -0.281675 1.031487 10
-0.535965 -0.370691 1.019272 10
-0.577404 -0.470286 0.989028 10
-0.654526 -0.587869 0.928889 10
-0.651181 -0.669891 0.936917 10
-0.675672 -0.765870 0.921657 10
-0.799631 -0.912942 0.822902 10
0.207323 6.135874 1.894406 5
0.226261 6.040216 1.901243 5
0.173830 5.997969 1.851146 5
0.103187 5.967801 1.786471 5
-0.488266 5.946947 1.270104 5
-0.524643 5.882992 1.232957 5
-0.551131 5.812575 1.203960 5
-0.714871 5.823697 1.063394 5
-1.729727 6.121547 0.212605 5
-1.735841 6.024104 0.199802 5
-1.797477 5.956213 0.141711 5
-1.917608 5.917041 0.035718 5
-0.678786 3.443360 0.955864 6
-0.597594 3.350886 1.021515 6
-0.468970 3.252048 1.127083 2
-0.506636 3.184619 1.093605 2
-0.041246 3.037984 1.481726 12
-0.052306 2.971442 1.470927 12
-0.035903 2.901145 1.483277 12
-0.044113 2.834273 1.475123 12
-0.019350 2.763801 1.494753 12
-0.038900 2.698165 1.477340 12
-0.025715 2.629469 1.487519 12
-0.021748 2.561795 1.490092 12
-0.046202 2.495863 1.468934 11
-0.066538 2.429187 1.451356 11
-0.031908 2.360333 1.480050 11
-0.018166 2.292754 1.491336 11
-0.012465 2.225580 1.495997 11
-0.035449 2.158374 1.476699 11
-0.049636 2.090757 1.464912 11
-0.013204 2.024344 1.495754 11
-0.534750 1.934548 1.058282 2
-0.558474 1.859586 1.038918 2
-0.500849 1.789547 1.087976 2
-0.667871 1.702729 0.948640 6
-0.637951 1.630049 0.974732 6
-1.809445 1.430969 -0.006817 9
-1.723535 1.351219 0.066741 9
-1.818657 1.249823 -0.011343 9
-1.851958 1.154765 -0.037396 9
-1.662449 1.093446 0.123421 9
-1.357125 1.056234 0.381294 10
-1.262334 0.988431 0.462876 10
-1.107089 0.934548 0.595145 10
-0.861104 0.903124 0.803360 10
-0.857392 0.824688 0.808980 10
-0.809485 0.756385 0.851681 10
-0.746753 0.692713 0.906876 10
-0.701267 0.625983 0.947770 10
-0.716910 0.543675 0.937779 10
-0.670915 0.478159 0.979345 10
-0.624069 0.413822 1.021725 10
-0.595341 0.344833 1.049123 10
-0.596785 0.266602 1.051542 10
-0.581900 0.193508 1.067695 10
-0.585910 0.113925 1.068291 10
-0.557052 0.045786 1.096332 10
-0.584364 -0.042947 1.077915 10
-0.607390 -0.131087 1.063252 10
-0.600890 -0.208363 1.073230 10
-0.657139 -0.311836 1.031475 10
-0.682998 -0.404212 1.015088 10
-0.751862 -0.516672 0.963427 10
-0.784140 -0.614786 0.942226 10
-0.762210 -0.688829 0.965904 10
-0.805525 -0.794198 0.936057 10
-0.843368 -0.898526 0.910976 10
-1.754827 -1.449930 0.169292 9
-1.783059 -1.564562 0.153527 9
0.107954 6.079932 1.916006 5
0.083538 6.016400 1.888278 5
0.034424 5.970239 1.841367 5
-0.082397 5.970027 1.741436 5
-0.571434 6.041891 1.331582 5
-0.569737 5.953512 1.324574 5
-0.619483 5.897560 1.277090 5
-0.688929 5.852661 1.214081 5
-0.711675 5.778908 1.188183 5
-1.734401 6.178269 0.358657 5
-1.664790 6.040181 0.405734 5
-1.724018 5.973181 0.350313 5
-1.880992 5.955765 0.216820 5
-0.795492 3.453419 0.975002 6
-0.661111 3.350330 1.082464 6
-0.524947 3.250448 1.191643 2
-0.580650 3.186077 1.143990 2
-0.202983 3.053660 1.451389 12
-0.181200 2.981191 1.467580 12
-0.164388 2.910019 1.479849 12
-0.172500 2.842281 1.471832 12
-0.191724 2.775598 1.454836 12
-0.160653 2.703883 1.479227 12
-0.168782 2.636141 1.471604 12
-0.150127 2.566451 1.486095 12
-0.161998 2.498962 1.475674 11
-0.177970 2.431401 1.462021 11
-0.155354 2.362295 1.480177 11
-0.187821 2.294785 1.453253 11
-0.185507 2.226278 1.455017 11
-0.171330 2.157906 1.466655 11
-0.154700 2.089922 1.480442 11
-0.173346 2.021249 1.465408 11
-0.568000 1.935920 1.141887 2
-0.543750 1.864019 1.162372 2
-0.584745 1.788256 1.129459 2
-0.574667 1.715509 1.138606 2
-0.677820 1.632496 1.055019 6
-1.734134 1.447147 0.189973 9
-1.794681 1.352073 0.141911 9
-1.794972 1.263176 0.143440 9
-1.808004 1.172333 0.134710 9
-1.630155 1.110444 0.282504 9
-1.366139 1.067172 0.500910 10
-1.265997 1.000971 0.585202 10
-1.184192 0.933584 0.654594 10
-1.042047 0.880372 0.773423 10
-0.987405 0.811579 0.820797 10
-0.928720 0.744885 0.871591 10
-0.911013 0.669551 0.889047 10
-0.845627 0.606571 0.945544 10
-0.837315 0.529771 0.955614 10
-0.803454 0.460087 0.986652 10
-0.744086 0.398472 1.038583 10
-0.732826 0.323419 1.051477 10
-0.730504 0.245533 1.057258 10
-0.690628 0.179851 1.093704 10
-0.707620 0.095333 1.084121 10
-0.668987 0.029919 1.119830 10
-0.704618 -0.062299 1.095501 10
-0.711356 -0.144719 1.094782 10
-0.704489 -0.222279 1.105250 10
-0.766814 -0.328368 1.060008 10
-0.809300 -0.428108 1.031059 10
-0.924032 -0.560900 0.944154 10
-0.874666 -0.623404 0.989732 10
-0.846511 -0.694843 1.018358 10
-0.956188 -0.831681 0.936452 10
-1.712026 -1.288831 0.336792 9
-1.860380 -1.460994 0.225446 9
-1.762290 -1.510195 0.311757 9
-1.820196 -1.640228 0.273498 9
-0.031927 6.052151 1.907678 5
-0.069899 5.997252 1.869680 5
-0.135721 5.960883 1.810514 5
-0.295889 5.986203 1.679141 5
-0.465636 6.013709 1.540152 5
-0.588270 6.006819 1.437094 5
-0.626275 5.944203 1.399079 5
-0.708515 5.908087 1.327062 5
-1.696021 6.209533 0.536544 5
-1.646795 6.083422 0.565752 5
-1.667082 5.996802 0.541252 5
-1.709912 5.922077 0.499386 5
-0.784029 3.437344 1.098789 6
-0.808318 3.365595 1.076800 6
-0.641988 3.259656 1.207425 2
-0.698611 3.194706 1.159925 2
-0.327512 3.063289 1.454959 12
-0.353726 2.996816 1.432193 12
-0.333464 2.923867 1.446795 12
-0.346652 2.855387 1.434752 12
-0.333376 2.783939 1.444066 12
-0.314478 2.712385 1.458042 12
-0.341977 2.645034 1.434961 12
-0.321462 2.573865 1.450535 12
-0.342119 2.505501 1.433230 11
-0.304349 2.434193 1.462948 11
-0.353029 2.366464 1.423447 11
-0.323147 2.296143 1.447133 11
-0.341737 2.226858 1.432068 11
-0.340855 2.157244 1.432775 11
-0.322925 2.087958 1.447312 11
-0.344211 2.017901 1.430522 11
-0.575237 1.938378 1.245588 2
-0.646618 1.861934 1.188930 2
-0.637262 1.789108 1.197209 2
-0.749713 1.706821 1.107950 6
-0.702717 1.636277 1.146737 6
-1.895795 1.438482 0.191581 9
-1.934057 1.345047 0.162606 9
-1.706074 1.284620 0.347140 9
-1.782432 1.186983 0.288002 9
-1.724018 1.107880 0.336990 9
-1.623699 1.036964 0.419660 9
-1.361756 0.996977 0.631720 10
-1.287877 0.927655 0.693413 10
-1.169937 0.868873 0.790432 10
-1.088399 0.805026 0.858456 10
-0.939890 0.758185 0.980032 10
-0.918327 0.684483 1.000381 10
-0.950527 0.597575 0.978027 10
-0.934131 0.522468 0.994592 10
-0.924136 0.445761 1.006220 10
-0.842887 0.389669 1.074687 10
-0.839641 0.311812 1.081237 10
-0.802764 0.244346 1.114666 10
-0.811535 0.162588 1.112009 10
-0.788443 0.091148 1.134801 10
-0.819557 0.000851 1.114815 10
-0.823489 -0.080623 1.116566 10
-0.856745 -0.173648 1.095335 10
-0.843063 -0.249494 1.111403 10
-0.908806 -0.357515 1.065008 10
-0.977333 -0.468807 1.016731 10
-1.030645 -0.575744 0.980752 10
-1.042687 -0.666165 0.977506 10
-1.105478 -0.780581 0.934667 10
-1.075607 -0.853462 0.964787 10
-1.688140 -1.237418 0.492276 9
-1.766327 -1.372192 0.438952 9
-1.765049 -1.468969 0.448063 9
-1.774688 -1.572027 0.448909 9
-0.223376 6.057309 1.863432 5
-0.263819 6.002206 1.823830 5
-0.353050 5.978749 1.747945 5
-0.578234 6.041061 1.570384 5
-0.699543 6.031985 1.470172 5
-0.737904 5.968918 1.432100 5
-0.870959 5.962433 1.322940 5
-1.399936 6.091082 0.905754 5
-1.501728 6.054058 0.819495 5
-1.538124 5.979068 0.782770 5
-1.711945 5.976950 0.641912 5
-1.815487 5.934162 0.554299 5
-0.941584 3.377870 1.085387 6
-0.787905 3.273679 1.202941 2
-0.848186 3.208261 1.153460 2
-0.770889 3.120766 1.211748 2
-0.607026 3.023273 1.338015 12
-0.582473 2.947502 1.355466 12
-0.608177 2.878183 1.333727 12
-0.573021 2.802107 1.359823 12
-0.534405 2.726652 1.388809 12
-0.598338 2.660224 1.337579 12
-0.562871 2.585742 1.364426 12
-0.552000 2.513499 1.372154 11
-0.563564 2.442507 1.362449 11
-0.566472 2.371010 1.359691 11
-0.567577 2.299435 1.358505 11
-0.568010 2.227845 1.358007 11
-0.552216 2.156347 1.370397 11
-0.570319 2.084612 1.356355 11
-0.552398 2.013510 1.370731 11
-0.712911 1.935304 1.245311 11
-0.822006 1.855983 1.160408 2
-0.702950 1.789086 1.254591 2
-0.842408 1.704780 1.146244 6
-1.745075 1.548135 0.439950 9
-1.723850 1.464185 0.458112 9
-1.682178 1.382988 0.492472 9
-1.675558 1.298252 0.499556 9
-1.709637 1.207909 0.474974 9
-1.741487 1.116938 0.452351 9
-1.658870 1.043702 0.519464 9
-1.666406 0.956525 0.516241 9
-1.439553 0.912914 0.696341 10
-1.327805 0.851693 0.786563 10
-1.250246 0.785779 0.850193 10
-1.107132 0.736268 0.965062 10
-1.108694 0.655860 0.967216 10
-1.094720 0.579063 0.981659 10
-1.050042 0.510406 1.020166 10
-1.030295 0.435796 1.039422 10
-1.010847 0.361343 1.058608 10
-0.964420 0.295173 1.098903 10
-0.935487 0.224451 1.125755 10
-0.934634 0.145080 1.130997 10
-0.948635 0.060439 1.124930 10
-0.947657 -0.019636 1.130663 10
-0.965410 -0.106787 1.122120 10
-1.020109 -0.208570 1.085294 10
-0.997144 -0.282009 1.108629 10
-1.053321 -0.386914 1.071196 10
-1.108989 -0.493443 1.034467 10
-1.182758 -0.609539 0.984155 10
-1.141612 -0.677469 1.022345 10
-1.272433 -0.822602 0.928953 10
-1.792782 -1.153140 0.538128 9
-1.757397 -1.231658 0.573133 9
-1.586719 -1.243108 0.711482 9
-1.715106 -1.401853 0.621964 9
-1.717660 -1.499236 0.628668 9
-0.425047 6.064441 1.815932 5
-0.457147 6.001887 1.782659 5
-0.563955 5.986678 1.695119 5
-0.747455 6.016870 1.551501 5
-0.780572 5.950845 1.517573 5
-0.961406 5.972463 1.375506 5
-1.280751 6.070217 1.131398 5
-1.345790 6.015338 1.073806 5
-1.432393 5.971222 1.000393 5
-1.499129 5.914591 0.941685 5
-1.788456 5.974055 0.718297 5
-1.007761 2.992672 1.136316 12
-1.276785 2.866864 0.926917 12
-1.010072 2.763435 1.129724 12
-1.019691 2.687839 1.121106 12
-1.046012 2.613174 1.099866 12
-0.834003 2.525175 1.261469 11
-0.991669 2.457666 1.139913 11
-1.000751 2.306021 1.132063 11
-1.004899 2.230062 1.128705 11
-0.842958 2.154998 1.252873 11
-0.852555 2.080720 1.245688 2
-0.967309 1.927445 1.158587 11
-1.012102 1.849385 1.124961 6
-2.015480 1.619193 0.358169 9
-1.718684 1.557364 0.586949 9
-1.704310 1.473937 0.599541 9
-1.701578 1.389438 0.603415 9
-1.648617 1.311184 0.645923 9
-1.660273 1.225215 0.639174 9
-1.672795 1.138706 0.631970 9
-1.705516 1.048496 0.609541 9
-1.645910 0.973341 0.657861 9
-1.996943 0.823337 0.392857 9
-1.350676 0.861600 0.889253 10
-1.282137 0.794247 0.944751 10
-1.241432 0.722193 0.979167 10
-1.262491 0.636477 0.966709 10
-1.202846 0.569901 1.015876 10
-1.162999 0.499442 1.050118 10
-1.122402 0.429929 1.085079 10
-1.097400 0.356757 1.108351 10
-1.089834 0.278793 1.118566 10
-1.082125 0.200793 1.129080 10
-1.059264 0.127556 1.151250 10
-1.100206 0.033366 1.125353 10
-1.071296 -0.038035 1.152480 10
-1.108166 -0.132571 1.130145 10
-1.103934 -0.213139 1.139054 10
-1.146215 -0.311773 1.113165 10
-1.216793 -0.423051 1.066304 10
-1.282513 -0.534528 1.023445 10
-1.281894 -0.620114 1.030673 10
-1.273459 -0.702699 1.043978 10
-1.408263 -0.849612 0.950430 10
-1.659613 -1.054181 0.770433 9
-1.744256 -1.186827 0.715489 9
-1.709014 -1.263819 0.750195 9
-1.671497 -1.339260 0.786766 9
-1.749916 -1.473789 0.737537 9
-0.746366 6.143565 1.688148 5
-0.698819 6.027366 1.711312 5
-0.749028 5.973354 1.665381 5
-0.760825 5.895401 1.646936 5
-1.041971 5.976255 1.436273 5
-1.241049 6.002793 1.283764 5
-1.352111 5.975080 1.194078 5
-1.443122 5.933953 1.118757 5
-1.543649 5.896031 1.036593 5
-2.190457 1.611867 0.356480 9
-1.858047 1.551779 0.606819 9
-2.085855 1.443328 0.438034 9
-1.693003 1.398922 0.733834 9
-1.664996 1.318517 0.756826 9
-1.697076 1.230503 0.735100 9
-1.673318 1.149843 0.755318 9
-1.640637 1.071031 0.782390 9
-1.700272 0.977021 0.740753 9
-1.672685 0.897421 0.764431 9
-1.628313 0.821585 0.800807 9
-1.545789 0.754540 0.865769 9
-1.375382 0.708564 0.996272 10
-1.320701 0.639706 1.040722 10
-1.352492 0.550899 1.021053 10
-1.311694 0.479657 1.055533 10
-1.273596 0.408448 1.088167 10
-1.256697 0.331987 1.105247 10
-1.232616 0.257782 1.127832 10
-1.209949 0.183469 1.149548 10
-1.184754 0.110237 1.173310 10
-1.193359 0.026212 1.172298 10
-1.207945 -0.060370 1.167106 10
-1.214737 -0.144872 1.167897 10
-1.248094 -0.239607 1.149384 10
-1.290616 -0.338996 1.124424 10
-1.342399 -0.443439 1.092982 10
-1.452752 -0.573247 1.018969 10
-1.383082 -0.631175 1.077116 10
-1.442320 -0.743140 1.041194 10
-1.643489 -0.919872 0.902135 9
-1.636694 -1.007495 0.915222 9
-1.657435 -1.108312 0.908533 9
-1.633142 -1.188465 0.934840 9
-1.699869 -1.313508 0.895411 9
-1.677423 -1.395538 0.920912 9
-0.885728 6.012956 1.683564 5
-1.071277 6.037665 1.544111 5
-1.189037 6.018458 1.451520 5
-1.345613 6.018708 1.331750 5
-1.392537 5.954467 1.288459 5
-1.568513 5.959441 1.154865 5
-2.195557 1.617594 0.482938 9
-1.923457 1.552809 0.683510 9
-1.791583 1.480400 0.781666 9
-2.149956 1.356642 0.521700 9
-1.635154 1.331402 0.900019 9
-1.723074 1.237177 0.838137 9
-1.628266 1.167451 0.909891 9
-1.640334 1.082953 0.903830 9
-1.646560 0.999015 0.902254 9
-1.698765 0.906431 0.867403 9
-1.733728 0.815775 0.845374 9
-1.646390 0.749198 0.912582 9
-1.582956 0.679317 0.962539 9
-1.414107 0.634883 1.089221 10
-1.430979 0.549528 1.081121 10
-1.416916 0.471373 1.095693 10
-1.381897 0.398878 1.125649 10
-1.360087 0.323326 1.146217 10
-1.361329 0.241384 1.150306 10
-1.340346 0.165844 1.170673 10
-1.337889 0.084732 1.177865 10
-1.356834 -0.003576 1.169856 10
-1.344753 -0.082164 1.184440 10
-1.332986 -0.160879 1.199008 10
-1.394909 -0.266341 1.160883 10
-1.452191 -0.371936 1.126442 10
-1.471767 -0.464706 1.119351 10
-1.564437 -0.587565 1.060293 9
-1.621589 -0.698489 1.027036 9
-1.679676 -0.811657 0.993495 9
-1.675747 -0.899573 1.004472 9
-1.704204 -1.002419 0.992701 9
-1.655210 -1.070566 1.036186 9
-1.680300 -1.173202 1.027382 9
-1.694416 -1.271606 1.026672 9
-1.641387 -1.337162 1.073625 9
-2.286030 1.616830 0.546459 9
-2.076248 1.546290 0.697980 9
-1.842013 1.482918 0.867097 9
-1.722118 1.412337 0.954692 9
-1.617870 1.342538 1.031274 9
-1.606138 1.262755 1.042023 9
-1.598057 1.182598 1.050381 9
-1.628246 1.096521 1.031688 9
-1.667285 1.008114 1.006941 9
-1.642658 0.930073 1.027755 9
-1.608161 0.854331 1.055788 9
-1.564862 0.781012 1.090264 9
-1.639863 0.683122 1.040931 9
-1.636135 0.601104 1.047761 9
-1.595304 0.527810 1.081112 9
-1.550995 0.456134 1.117103 9
-1.480323 0.392192 1.171914 9
-1.520225 0.299395 1.148717 10
-1.462036 0.233447 1.195054 10
-1.469992 0.148923 1.194895 10
-1.437621 0.076438 1.223386 10
-1.466158 -0.015168 1.209215 10
-1.474736 -0.101089 1.209356 10
-1.509278 -0.196522 1.191539 10
-1.496514 -0.276156 1.207175 9
-1.524783 -0.371030 1.194328 9
-1.535350 -0.460166 1.194156 9
-1.550012 -0.551545 1.191405 9
-1.583680 -0.651419 1.175709 9
-1.696113 -0.785638 1.105595 9
-1.681815 -0.868215 1.123966 9
-1.770411 -0.996703 1.071293 9
-1.697067 -1.053676 1.131100 9
-1.617881 -1.106494 1.195029 9
-1.695289 -1.233506 1.151162 9
-1.837071 -1.394958 1.063541 9
-2.110649 1.635836 0.796529 9
-2.189592 1.543317 0.743110 9
-1.967829 1.478102 0.899709 9
-1.741564 1.418367 1.059563 9
-1.690479 1.342699 1.097428 9
-1.661982 1.265128 1.119753 9
-1.625035 1.189303 1.148167 9
-1.626596 1.108252 1.149988 9
-1.825174 0.994306 1.015053 9
-1.728320 0.928102 1.085811 9
-1.646103 0.861210 1.146542 9
-1.558686 0.797100 1.211028 9
-1.643933 0.698156 1.155959 9
-1.648820 0.615046 1.156882 9
-1.665389 0.528865 1.149964 9
-1.696314 0.438528 1.133385 9
-1.620701 0.374866 1.190658 9
-1.565784 0.307138 1.233786 9
-1.684080 0.191454 1.157728 9
-1.816205 0.068629 1.072590 9
-1.615937 -0.039283 1.222616 9
-1.613481 -0.122381 1.230779 9
-1.597633 -0.201138 1.248358 9
-1.674217 -0.312618 1.202980 9
-1.637840 -0.384846 1.235116 9
-1.699252 -0.493599 1.200800 9
-1.659653 -0.564691 1.235607 9
-1.586604 -0.621688 1.293311 9
-1.658252 -0.737440 1.253010 9
-1.602040 -0.800610 1.299689 9
-1.631666 -0.900619 1.288519 9
-1.618982 -0.982620 1.306232 9
-1.668349 -1.093642 1.282444 9
-1.763606 -1.228316 1.228267 9
-2.148840 1.553501 0.895036 9
-2.051880 1.477438 0.963037 9
-1.874942 1.412077 1.085679 9
-1.784018 1.340419 1.149919 9
-1.597305 1.283187 1.279482 9
-1.666097 1.193932 1.235463 9
-1.621117 1.120385 1.269019 9
-1.602422 1.043410 1.284927 9
-1.643220 0.956262 1.260695 9
-1.577857 0.887904 1.308701 9
-1.609891 0.801526 1.290908 9
-1.622908 0.718235 1.286260 9
-1.624081 0.637086 1.289876 9
-1.633301 0.553836 1.288300 9
-1.601882 0.480121 1.314400 9
-1.561387 0.409247 1.346816 9
-1.619300 0.312691 1.313172 9
-1.566086 0.245653 1.354586 9
-1.568564 0.163369 1.358762 9
-1.593685 0.073895 1.348009 9
-1.605381 -0.012212 1.346547 9
-1.614830 -0.098145 1.346867 9
-1.557034 -0.161804 1.392371 9
-1.629320 -0.270041 1.351284 9
-1.620620 -0.350939 1.364527 9
-1.643140 -0.443667 1.357269 9
-1.580367 -0.504276 1.406925 9
-1.583547 -0.590048 1.413026 9
-1.634643 -0.695976 1.387733 9
-1.601917 -0.768033 1.418156 9
-1.622694 -0.863006 1.413545 9
-1.645750 -0.959924 1.407778 9
-1.744104 -1.092525 1.352982 9
-1.912098 -1.260968 1.253192 9
-1.918465 1.415513 1.174063 9
-1.990942 1.324908 1.128357 9
-2.039471 1.235651 1.098853 9
-1.814073 1.183550 1.251401 9
-1.702347 1.119206 1.328629 9
-1.687488 1.041500 1.341810 9
-1.745145 0.951374 1.307206 9
-1.596746 0.897973 1.409234 9
-1.628349 0.812382 1.392354 9
-1.690536 0.719538 1.355560 9
-1.627268 0.652629 1.401862 9
-1.619931 0.574060 1.411467 9
-1.604799 0.497348 1.426443 9
-1.620898 0.412843 1.421109 9
-1.590595 0.340063 1.446532 9
-1.596327 0.257769 1.448521 9
-1.584325 0.180217 1.462394 9
-1.606676 0.092377 1.454029 9
-1.719897 -0.024593 1.386599 9
-1.573561 -0.060492 1.488973 9
-1.586791 -0.146759 1.487390 9
-1.588423 -0.229610 1.493645 9
-1.604298 -0.317924 1.490926 9
-1.579865 -0.391986 1.514639 9
-1.578458 -0.474617 1.523675 9
-1.550137 -0.546933 1.550365 9
-1.582893 -0.643778 1.537904 9
-1.599279 -0.734925 1.536340 9
-1.723836 -0.873493 1.465680 9
-1.810707 -0.998791 1.419790 9
-1.967148 -1.158336 1.329988 9
-2.064272 1.242348 1.201107 9
-1.967391 1.172702 1.266913 9
-1.917719 1.098026 1.302342 9
-1.746193 1.043943 1.416780 9
-1.763113 0.961118 1.409532 9
-1.706490 0.891252 1.450035 9
-1.632993 0.825786 1.501610 9
-1.600346 0.753399 1.527023 9
-1.566814 0.681767 1.553215 9
-1.605926 0.594108 1.532901 9
-1.581769 0.520545 1.553536 9
-1.590640 0.439029 1.553202 9
-1.578264 0.362677 1.566752 9
-1.604000 0.275936 1.556155 9
-1.547176 0.211947 1.598620 9
-1.760609 0.068730 1.468797 9
-1.855563 -0.043105 1.415133 9
-1.785367 -0.104531 1.466993 9
-1.675902 -0.151583 1.543928 9
-1.572501 -0.198462 1.617065 9
-1.568023 -0.278364 1.627641 9
-1.574074 -0.362336 1.631832 9
-1.588192 -0.449831 1.631232 9
-1.608553 -0.540435 1.627022 9
-1.666910 -0.647167 1.599286 9
-1.783099 -0.779625 1.535751 9
-1.904342 -0.917406 1.469667 9
-2.011997 -1.052550 1.412708 9
-2.118969 1.245196 1.283532 9
-2.077424 1.168079 1.312940 9
-1.925238 1.108161 1.412439 9
-1.917920 1.028403 1.420652 9
-1.891770 0.951879 1.440994 9
-1.858120 0.877149 1.466292 9
-1.788600 0.809922 1.514387 9
-1.731245 0.741601 1.555011 9
-1.690564 0.670804 1.585350 9
-1.630210 0.605185 1.628234 9
-1.595355 0.534677 1.655317 9
-1.604761 0.453749 1.654914 9
-1.584719 0.380055 1.673191 9
-1.556060 0.308933 1.697076 9
-1.559036 0.229293 1.701464 9
-1.548507 0.153318 1.714529 9
-1.553000 0.072747 1.718511 9
-1.567837 -0.011463 1.716360 9
-1.538352 -0.081730 1.741956 9
-1.575576 -0.174270 1.726537 9
-1.617912 -0.269760 1.708328 9
-1.667546 -0.369187 1.686009 9
-1.702190 -0.464471 1.673311 9
-1.750636 -0.566231 1.652529 9
-1.866948 -0.696500 1.590641 9
-1.953778 -0.817786 1.547371 9
-2.098319 -0.965858 1.469496 9
-2.219646 1.076068 1.344446 9
-2.075655 1.015463 1.436880 9
-2.047152 0.938403 1.458425 9
-1.986919 0.867523 1.499704 9
-1.926816 0.797790 1.541105 9
-1.866001 0.729364 1.583140 9
-1.845721 0.653486 1.600542 9
-1.799655 0.583649 1.633960 9
-1.750834 0.515293 1.669265 9
-1.756652 0.434382 1.671433 9
-1.736039 0.359932 1.689987 9
-1.706683 0.288074 1.714101 9
-1.674564 0.217420 1.740116 9
-1.667953 0.139834 1.750880 9
-1.701883 0.049900 1.737363 9
-1.724748 -0.037589 1.730886 9
-1.718277 -0.116333 1.742446 9
-1.706765 -0.193513 1.757316 9
-1.792745 -0.304621 1.713850 9
-1.818205 -0.396264 1.707190 9
-1.887666 -0.505124 1.674552 9
-1.963508 -0.618360 1.638585 9
-2.048687 -0.737380 1.597567 9
-2.103881 0.778671 1.547271 9
-2.011670 0.715298 1.607345 9
-1.963565 0.644485 1.641244 9
-1.922523 0.572983 1.671144 9
-1.889202 0.500402 1.696667 9
-1.862953 0.426636 1.718213 9
-1.839738 0.352473 1.738199 9
-1.840125 0.272340 1.744434 9
-1.836115 0.193193 1.753559 9
-1.822697 0.116610 1.768527 9
-1.842113 0.030264 1.764386 9
-1.844826 -0.051588 1.770417 9
-1.883093 -0.145196 1.755850 9
-1.865228 -0.221262 1.774604 9
-1.946647 -0.331376 1.735484 9
-1.936841 -0.411209 1.750173 9
-2.090547 -0.551119 1.669815 9
-2.069054 0.557463 1.696802 9
-2.023128 0.486958 1.729350 9
-2.008840 0.409634 1.743782 9
-1.998932 0.331317 1.755951 9
-1.967915 0.258554 1.780592 9
-2.021767 0.163007 1.756524 9
-2.011158 0.084408 1.769976 9
-1.986035 0.010097 1.792053 9
-2.026034 -0.083905 1.777023 9
-2.019772 -0.164339 1.788876 9
-2.067579 -0.262713 1.770133 9
-1.673809 5.982820 -0.935875 5
-1.669808 6.031584 -0.921529 5
-1.862805 6.148128 -0.769871 5
-1.834061 6.185618 -0.774096 5
-1.764006 6.210115 -0.806928 5
-1.712755 6.241729 -0.826605 5
-1.572946 6.247769 -0.906672 5
-1.253019 6.205083 -1.108339 5
-0.752454 6.119752 -1.430009 5
-0.630376 6.145326 -1.494063 5
-0.519378 6.176092 -1.550195 5
-0.337242 6.191862 -1.653217 5
-1.733043 5.998632 -0.827336 5
-1.725451 6.045268 -0.815984 5
-1.848262 6.136956 -0.715920 5
-1.852345 6.185479 -0.697670 5
-1.820665 6.221958 -0.703868 5
-1.669102 6.221455 -0.790519 5
-1.581899 6.243449 -0.833400 5
-1.472473 6.260709 -0.890676 5
-0.559458 6.057712 -1.477624 5
-0.492294 6.099732 -1.503372 5
-0.395493 6.135355 -1.548347 5
-0.295251 6.171946 -1.595242 5
-0.109124 6.190535 -1.697301 5
-1.698220 5.929491 -0.801699 5
-1.739428 5.994987 -0.757240 5
-1.755461 6.049953 -0.730301 5
-1.891747 6.146063 -0.623684 5
-1.860140 6.181947 -0.629618 5
-1.763465 6.197057 -0.678444 5
-1.652818 6.209700 -0.735981 5
-1.553115 6.227870 -0.785864 5
-0.427400 6.012102 -1.480991 5
-0.418068 6.070835 -1.468527 5
-0.360223 6.116967 -1.487257 5
-0.279083 6.158319 -1.520704 5
-0.128474 6.184911 -1.597768 5
0.128915 6.190780 -1.741201 5
-1.729910 5.935856 -0.714867 5
-1.710037 5.978037 -0.711741 5
-1.746537 6.040696 -0.671887 5
-1.893794 6.140861 -0.560588 5
-1.822247 6.163055 -0.592155 5
-1.731249 6.180217 -0.635969 5
-1.571411 6.177473 -0.723394 5
-0.313439 5.971233 -1.469940 5
-0.300224 6.030078 -1.459719 5
-0.319301 6.097121 -1.429661 5
-0.183998 6.125332 -1.495574 5
-0.037819 6.153635 -1.567635 5
0.138488 6.178071 -1.657549 5
-1.714627 5.873991 -0.676452 5
-1.736038 5.932461 -0.646389 5
-1.787950 6.001424 -0.597208 5
-1.937522 6.104233 -0.486374 5
-1.881462 6.130679 -0.507454 5
-1.903968 6.184789 -0.478816 5
-1.764535 6.184851 -0.552191 5
-1.697162 6.210626 -0.579881 5
-1.688777 6.255591 -0.570773 5
-0.323485 5.965045 -1.380369 5
-0.303915 6.021906 -1.374204 5
-0.256728 6.071641 -1.384992 5
-0.184542 6.115842 -1.410887 5
0.160047 6.096788 -1.600221 5
0.204720 6.152676 -1.608562 5
0.360329 6.185366 -1.682894 5
-1.926568 6.001001 -0.462641 5
-1.868182 6.025981 -0.484449 5
-1.884784 6.079356 -0.459384 5
-1.904420 6.133003 -0.432831 5
-1.889419 6.173968 -0.428003 5
-1.864909 6.211782 -0.429141 5
-1.718850 6.211158 -0.504317 5
-1.686119 6.248301 -0.510165 5
-0.340507 5.898715 -1.305963 5
-0.309160 5.952091 -1.306691 5
-0.260382 6.001008 -1.317904 5
-0.300849 6.073888 -1.276294 5
-0.255909 6.124144 -1.285531 5
0.299223 6.053373 -1.593599 5
0.344504 6.110452 -1.601533 5
0.403161 6.165247 -1.617269 5
0.614763 6.189539 -1.721186 5
-1.783536 5.939713 -0.490681 5
-1.920067 6.040094 -0.392239 5
-1.908563 6.082459 -0.385001 5
-1.898180 6.125101 -0.377260 5
-1.921537 6.179179 -0.349441 5
-1.830893 6.194579 -0.390069 5
-1.707052 6.201132 -0.450013 5
-1.665981 6.235696 -0.460525 5
-0.309452 5.880874 -1.242810 5
-0.278155 5.934441 -1.243283 5
-0.239061 5.986154 -1.248389 5
-0.227877 6.045659 -1.237445 5
-0.223327 6.106680 -1.222923 5
0.503777 5.993905 -1.621260 5
0.442286 6.077490 -1.567595 5
0.489394 6.135639 -1.575979 5
0.615642 6.178045 -1.628894 5
-1.872468 5.969113 -0.375952 5
-1.956969 6.048719 -0.311244 5
-1.906507 6.076183 -0.327338 5
-1.922492 6.128133 -0.304199 5
-1.895521 6.164527 -0.306554 5
-1.860084 6.198371 -0.313886 5
-1.709612 6.195752 -0.387757 5
-1.635625 6.219939 -0.416870 5
-0.278212 5.862979 -1.179778 5
-0.275647 5.924961 -1.163689 5
-0.220113 5.971988 -1.177843 5
-0.174164 6.022380 -1.186556 5
-0.119884 6.071291 -1.199940 5
0.656866 6.017360 -1.596510 5
0.635440 6.092709 -1.566169 5
0.662220 6.157129 -1.562668 5
-1.882411 5.920031 -0.325041 5
-1.828356 5.946431 -0.342365 5
-2.024221 6.069091 -0.214403 5
-1.962651 6.091475 -0.236680 5
-1.876169 6.106031 -0.273055 5
-1.938624 6.173772 -0.224121 5
-1.847389 6.188319 -0.262981 5
-1.698441 6.186020 -0.333997 5
-0.180991 5.761164 -1.171322 5
-0.271558 5.852448 -1.103032 5
-0.236455 5.904998 -1.105254 5
-0.261543 5.974580 -1.074375 5
-0.173228 6.013052 -1.106089 5
-0.039735 6.041595 -1.162180 5
0.728952 6.061037 -1.525014 5
0.772005 6.122861 -1.529866 5
0.878274 6.172610 -1.568340 5
-1.898684 5.921517 -0.256846 5
-1.861123 5.954064 -0.264336 5
-1.984463 6.048720 -0.180759 5
-1.988146 6.095612 -0.165566 5
-1.896799 6.107903 -0.203747 5
-1.886977 6.150292 -0.196238 5
-1.859495 6.186618 -0.198639 5
-1.780394 6.206500 -0.229425 5
-1.499821 6.164890 -0.369924 5
-0.293686 5.850656 -1.011342 5
-0.204680 5.887157 -1.042555 5
-0.150963 5.935064 -1.054564 5
-0.089424 5.981667 -1.070705 5
0.818532 6.030044 -1.480155 5
0.921842 6.079832 -1.515779 5
0.904328 6.155823 -1.488666 5
1.008135 6.207921 -1.524330 5
-1.878032 5.908013 -0.210373 5
-1.957816 5.987182 -0.152468 5
-1.955301 6.032369 -0.140699 5
-1.936350 6.071093 -0.138140 5
-1.915724 6.109277 -0.136586 5
-1.900022 6.149287 -0.132447 5
-1.909284 6.197716 -0.114990 5
-1.777539 6.199677 -0.173199 5
-1.753935 6.238288 -0.173300 5
-0.200751 5.814198 -0.981944 5
-0.233300 5.886902 -0.948051 5
-0.170476 5.931729 -0.964462 5
0.041501 5.937441 -1.058283 5
0.975139 5.983793 -1.467839 5
0.983844 6.055213 -1.454063 5
1.060521 6.112616 -1.474721 5
1.087131 6.180930 -1.470194 5
-1.917974 5.871952 -0.144434 5
-1.923160 5.921471 -0.128162 5
-1.947535 5.978061 -0.101796 5
-1.966116 6.031412 -0.078926 5
-1.911518 6.056566 -0.095410 5
-1.934442 6.110685 -0.070671 5
-1.915445 6.149208 -0.068366 5
-1.900895 6.189319 -0.063815 5
-1.862972 6.221775 -0.071536 5
-1.573934 6.175531 -0.209148 5
-0.234542 5.816089 -0.885530 5
-0.184782 5.864233 -0.894619 5
-0.175012 5.924327 -0.883340 5
1.030342 5.960108 -1.401972 5
1.043592 6.030988 -1.390476 5
1.067412 6.099594 -1.384356 5
1.213093 6.144664 -1.437714 5
1.273683 6.208102 -1.449380 5
-1.935965 5.874729 -0.078032 5
-1.947585 5.926583 -0.058799 5
-1.954906 5.976009 -0.042121 5
-1.968322 6.027203 -0.022524 5
-1.901617 6.047625 -0.044783 5
-1.926164 6.102390 -0.019773 5
-1.911850 6.142541 -0.015031 5
-1.884280 6.178159 -0.017147 5
-1.891663 6.225543 -0.001589 5
-1.862213 6.260744 -0.004801 5
-0.221788 5.803939 -0.814142 5
-0.190772 5.857546 -0.813494 5
-0.145529 5.907392 -0.819955 5
1.205584 5.908963 -1.393262 5
1.116377 6.003842 -1.332416 5
1.148883 6.071253 -1.330218 5
1.203557 6.134636 -1.338606 5
1.399502 6.172641 -1.413498 5
-0.279961 3.299076 -1.434764 2
-1.923781 5.911914 -0.015496 5
-1.986521 5.983730 0.029178 5
-1.962354 6.019876 0.029124 5
-1.922935 6.050461 0.021331 5
-1.936218 6.100810 0.040011 5
-1.929306 6.143347 0.048357 5
-1.922448 6.185705 0.056585 5
-1.879376 6.215930 0.046843 5
-1.879070 6.260423 0.058105 5
-0.209797 5.792065 -0.742780 5
-0.135715 5.832899 -0.762815 5
-0.156762 5.902040 -0.736928 5
1.230641 5.891867 -1.310484 5
1.173342 5.980029 -1.265925 5
1.232635 6.042275 -1.275830 5
1.218687 6.119878 -1.252000 5
1.302771 6.178485 -1.273337 5
-1.011546 3.268215 -1.086368 2
-0.727269 3.109623 -1.238345 12
-0.575432 3.072472 -1.304428 12
-0.464786 3.073431 -1.343794 12
-0.340691 3.065695 -1.390892 12
-0.329295 3.150605 -1.368335 2
-0.373553 3.277810 -1.312541 2
-0.295920 3.308839 -1.331129 2
-0.236751 3.354785 -1.338512 6
-0.151168 3.381899 -1.361510 6
-1.918798 5.905019 0.037366 5
-1.960698 5.968511 0.070525 5
-1.924898 6.000312 0.064883 5
-1.938254 6.051136 0.083374 5
-1.957905 6.103564 0.104664 5
-1.946713 6.144235 0.110716 5
-1.928931 6.182550 0.113484 5
-1.865462 6.205796 0.094324 5
-1.848480 6.245027 0.097466 5
-1.316771 6.125495 -0.142809 5
1.294259 5.942026 -1.227656 5
1.248617 6.027355 -1.189636 5
1.238632 6.104219 -1.168008 5
1.396606 6.148809 -1.221289 5
-0.979575 2.962800 -1.106881 12
-0.983850 3.060738 -1.074497 12
-1.081131 3.241026 -0.984449 2
-0.974366 3.234793 -1.023171 2
-0.984066 3.332113 -0.989507 2
-0.947011 3.387686 -0.985136 2
-0.471321 3.077555 -1.246460 12
-0.379461 3.095698 -1.272989 2
-0.382427 3.191142 -1.242786 2
-0.385538 3.285050 -1.213140 2
-0.282496 3.296167 -1.246157 2
-0.218225 3.338246 -1.256258 6
-0.214614 3.425412 -1.231440 6
-1.935899 5.907318 0.100579 5
-1.964330 5.965139 0.126313 5
-1.953090 6.006361 0.132665 5
-1.939498 6.046563 0.137782 5
-1.985233 6.108496 0.170885 5
-1.963775 6.145095 0.171935 5
-1.901976 6.167955 0.154079 5
-1.858196 6.197885 0.144783 5
-1.848974 6.239582 0.151531 5
-0.042035 5.723868 -0.667230 5
1.434198 5.899506 -1.195360 5
1.389903 5.985976 -1.158484 5
1.280562 6.084180 -1.093854 5
1.365141 6.142780 -1.113588 5
1.458637 6.201206 -1.136971 5
-0.975356 2.666493 -1.111237 12
-1.021988 2.812016 -1.050748 12
-1.062137 2.947377 -0.995666 12
-1.111316 3.087761 -0.936175 2
-1.228566 3.287413 -0.836037 6
-1.079694 3.239586 -0.900245 6
-1.087829 3.335109 -0.868492 6
-1.142249 3.468951 -0.809729 6
-1.077766 3.498051 -0.822683 6
-0.448727 3.057418 -1.167413 12
-0.367509 3.084349 -1.186920 2
-0.346275 3.160410 -1.171551 2
-0.330954 3.240268 -1.153172 2
-0.266634 3.281641 -1.163030 2
-0.256618 3.364347 -1.142256 2
-0.170180 3.389958 -1.164590 6
0.086192 3.295100 -1.280734 2
-1.980773 5.966996 0.187515 5
-1.939699 5.996217 0.179822 5
-1.914792 6.032168 0.179674 5
-1.945863 6.088957 0.205226 5
-1.944377 6.133030 0.215562 5
-1.920520 6.169053 0.215590 5
-1.884818 6.201324 0.210250 5
-1.136899 6.004236 -0.114365 5
0.004563 5.701128 -0.610459 5
1.491166 5.952771 -1.107518 5
1.364054 6.055685 -1.036886 5
1.374473 6.129125 -1.024582 5
1.499180 6.181684 -1.059974 5
-1.158858 2.553717 -0.996861 11
-1.039620 2.530431 -1.041537 11
-1.167142 2.763494 -0.930452 6
-1.168128 2.861772 -0.900425 12
-1.188468 2.977074 -0.859217 12
-1.153603 3.036364 -0.852588 12
-1.227543 3.198031 -0.780545 6
-1.195407 3.256854 -0.773401 6
-1.182802 3.332926 -0.754938 6
-1.149488 3.389452 -0.749073 6
-1.085022 3.418541 -0.761522 6
-1.079241 3.498400 -0.740051 6
-0.916245 3.445901 -0.808783 6
-0.334465 3.055791 -1.113273 2
-0.342663 3.155676 -1.081736 2
-0.322663 3.231680 -1.066518 2
-0.291191 3.298076 -1.057979 2
-0.264864 3.367915 -1.046868 2
-0.086310 3.325563 -1.118527 2
0.079152 3.296899 -1.182060 2
0.530457 3.071377 -1.397029 12
-1.927855 5.940820 0.216268 5
-1.921783 5.984302 0.224842 5
-1.915291 6.027371 0.233095 5
-1.959996 6.089152 0.264048 5
-1.936037 6.124920 0.264166 5
-1.945166 6.172363 0.278830 5
-1.887778 6.196945 0.264186 5
-1.111431 5.989479 -0.062968 5
1.374420 6.041948 -0.948724 5
1.366407 6.118909 -0.929062 5
1.496201 6.170101 -0.965180 5
1.593823 6.229223 -0.988018 5
-1.253017 2.451486 -0.909501 11
-1.147635 2.440190 -0.944874 11
-1.227322 2.629316 -0.864546 12
-1.266628 2.770373 -0.810878 12
-1.249562 2.849748 -0.792776 12
-1.350553 3.046522 -0.703979 12
-1.267527 3.055944 -0.726920 12
-1.210608 3.092067 -0.734090 6
-1.184035 3.157325 -0.723466 6
-1.166673 3.230392 -0.707811 6
-1.182661 3.332665 -0.673401 6
-1.126723 3.368844 -0.680653 6
-1.135076 3.461419 -0.651622 6
-0.999039 3.429199 -0.703872 6
-0.737010 3.295251 -0.825030 2
-0.348933 3.066028 -1.013303 2
-0.303569 3.122589 -1.011957 12
-0.176729 3.115371 -1.054663 2
-0.113146 3.159323 -1.062909 2
-0.151812 3.280552 -1.016893 2
-0.150340 3.369653 -0.992831 2
0.373061 3.082614 -1.241404 12
0.503974 3.086273 -1.283015 12
0.679390 3.061955 -1.346873 12
-1.933435 5.984053 0.282858 5
-1.946195 6.034262 0.299287 5
-1.966364 6.086544 0.318692 5
-1.932893 6.118699 0.314791 5
-1.890267 6.148085 0.307017 5
-1.860126 6.182308 0.304621 5
-0.022572 5.628576 -0.459689 5
1.373358 5.954997 -0.872876 5
1.276476 6.050566 -0.818287 5
1.362706 6.107961 -0.836208 5
1.554301 6.147335 -0.895056 5
1.587848 6.217933 -0.891909 5
-1.159788 2.018868 -0.973772 11
-1.095675 2.057574 -0.981228 11
-1.212426 2.302495 -0.876103 11
-1.223199 2.421270 -0.838648 11
-1.202189 2.502448 -0.821488 11
-1.191813 2.593635 -0.798411 12
-1.346541 2.856013 -0.677463 12
-1.338409 2.942522 -0.655251 12
-1.363328 3.060620 -0.614282 12
-1.267279 3.056675 -0.644229 12
-1.211438 3.093560 -0.650654 6
-1.232079 3.203132 -0.613659 6
-1.177002 3.240087 -0.620021 6
-1.188767 3.338070 -0.589143 2
-1.095709 3.340911 -0.616747 6
-1.025569 3.365532 -0.631406 2
-0.976287 3.408913 -0.634589 6
-0.898620 3.428862 -0.653033 6
-0.344367 3.060738 -0.924782 12
-0.330449 3.142261 -0.906912 12
-0.214373 3.142727 -0.942845 12
-0.122955 3.164450 -0.965465 2
0.105234 3.085057 -1.058086 12
0.252884 3.070679 -1.108188 12
0.385193 3.070544 -1.149786 12
0.517460 3.073125 -1.190761 12
0.653358 3.075855 -1.232956 12
0.704808 3.138124 -1.232878 2
0.611647 3.295720 -1.162072 2
0.616033 3.386510 -1.139820 2
0.787535 3.371065 -1.198530 6
-0.325385 5.212579 -0.377948 5
-1.911679 5.970645 0.325951 5
-1.892324 6.008699 0.328478 5
-1.971662 6.083593 0.372297 5
-1.965017 6.125243 0.379760 5
-1.896567 6.145094 0.361562 5
-1.889688 6.186987 0.368883 5
-1.711792 6.172804 0.306273 5
1.007067 5.951538 -0.656220 5
1.381609 5.941890 -0.784734 5
1.221135 6.050750 -0.707338 5
1.300445 6.108649 -0.721919 5
1.488194 6.147636 -0.777281 5
1.576527 6.207700 -0.794675 5
-2.493555 0.033748 -1.105209 9
-2.475766 0.195304 -1.061150 9
-2.470372 0.376905 -1.008049 9
-2.454407 0.528807 -0.966637 9
-2.470896 0.741053 -0.898999 9
-2.467140 0.904143 -0.851326 9
-2.358790 0.857941 -0.893042 9
-2.265299 0.843910 -0.921448 9
-2.170768 0.830438 -0.950060 9
-2.040340 0.754709 -1.006579 9
-1.109879 1.847251 -0.943705 2
-1.134685 1.993412 -0.895529 11
-1.221172 2.207189 -0.810991 11
-1.406846 2.526989 -0.668670 12
-1.299212 2.508947 -0.704408 11
-1.407632 2.729259 -0.612074 12
-1.356565 2.772024 -0.614879 12
-1.397012 2.910737 -0.564876 12
-1.473232 3.082382 -0.495543 12
-1.403915 3.102648 -0.510083 12
-1.277454 3.067659 -0.556457 12
-1.210593 3.093429 -0.568945 12
-1.119890 3.097532 -0.594389 12
-1.151246 3.216380 -0.552989 6
-1.045655 3.208183 -0.586309 2
-1.042181 3.292980 -0.564533 6
-1.010194 3.351509 -0.558331 6
-0.933509 3.371564 -0.575771 6
-0.577752 3.159959 -0.738093 12
-0.420794 3.121644 -0.795164 12
-0.360121 3.164202 -0.802121 12
-0.323252 3.225941 -0.796973 12
-0.102928 3.146721 -0.884123 12
0.088106 3.095209 -0.955289 12
0.257400 3.064340 -1.014602 12
0.340651 3.099250 -1.030861 12
0.514788 3.071365 -1.091077 2
0.487614 3.186017 -1.053369 2
0.521099 3.257632 -1.045322 2
0.642219 3.271198 -1.079030 2
0.646134 3.362518 -1.057106 6
0.752560 3.388144 -1.083447 6
0.805667 3.448399 -1.084727 6
-0.151449 4.857661 -0.440797 13
-0.119523 5.051217 -0.405250 5
-0.298927 5.194949 -0.314627 5
-0.208319 5.223339 -0.336895 5
-0.275650 5.316029 -0.293994 5
-1.937587 6.021252 0.399171 5
-1.946253 6.069214 0.412909 5
-1.926234 6.106220 0.414908 5
-1.922124 6.148917 0.423245 5
-1.863274 6.172782 0.409700 5
-1.831103 6.206404 0.406867 5
0.961436 5.879765 -0.568138 5
1.019197 5.938231 -0.574505 5
1.152337 5.980988 -0.608801 5
1.207406 6.042498 -0.613838 5
1.209515 6.115316 -0.599353 5
1.514837 6.130795 -0.695728 5
1.649240 6.182661 -0.728925 5
-2.486006 -0.168134 -1.062144 9
-2.422581 -0.102725 -1.058771 9
-2.482677 0.233220 -0.946835 9
-2.466677 0.390218 -0.905489 9
-2.453180 0.546192 -0.863912 9
-2.425423 0.667028 -0.836097 9
-2.444814 0.877206 -0.770902 9
-2.446131 1.043801 -0.722841 9
-2.455760 1.219727 -0.670099 9
-2.300498 1.085026 -0.747993 9
-2.197183 1.051909 -0.783786 9
-2.144229 1.110591 -0.780674 9
-2.089968 1.166096 -0.778889 9
-1.953059 1.082288 -0.837970 9
-1.220022 1.868831 -0.813984 6
-1.254096 2.026417 -0.761698 11
-1.258114 2.143887 -0.728646 11
-1.315255 2.320116 -0.665144 11
-1.436233 2.563618 -0.565930 12
-1.365162 2.585295 -0.579747 11
-1.392334 2.715077 -0.537314 12
-1.400189 2.820817 -0.506784 12
-1.445739 2.963577 -0.455913 12
-1.453479 3.063621 -0.427093 12
-1.352865 3.052578 -0.458301 12
-1.280775 3.071882 -0.473511 12
-1.212461 3.095910 -0.486484 12
-1.094166 3.073637 -0.525885 12
-1.069076 3.140460 -0.515503 12
-0.970798 3.140178 -0.543604 2
-0.972726 3.230899 -0.519432 2
-0.918532 3.271113 -0.524540 2
-0.836528 3.288015 -0.543751 2
-0.592845 3.171335 -0.644078 12
-0.461981 3.153800 -0.686414 12
-0.431154 3.219286 -0.678599 12
-0.413102 3.294337 -0.664716 12
-0.250815 3.257859 -0.721262 12
-0.060603 3.204254 -0.790382 12
0.123541 3.159781 -0.855508 12
0.185022 3.207986 -0.861451 12
0.211668 3.281253 -0.850968 12
0.514797 3.163461 -0.969704 2
0.541643 3.239713 -0.958720 2
0.579787 3.307995 -0.953146 2
0.683320 3.333951 -0.977498 6
0.728041 3.398723 -0.974928 6
0.828191 3.429390 -0.997307 6
0.960728 3.442175 -1.033805 6
-0.166067 4.573256 -0.423763 13
-0.220951 4.673614 -0.383476 13
-0.230857 4.749485 -0.362663 13
-0.330460 4.867723 -0.304759 13
-0.235503 4.891134 -0.328232 13
-0.186000 4.937057 -0.332703 13
-0.141077 4.985568 -0.335253 13
-0.352999 5.146030 -0.233608 5
-0.342660 5.206936 -0.222880 5
-0.377249 5.285930 -0.194324 5
-0.435737 5.373059 -0.156656 5
-1.923024 6.010818 0.444643 5
-1.921534 6.055067 0.454083 5
-1.907238 6.094329 0.458409 5
-1.891646 6.133110 0.462178 5
-1.889440 6.176467 0.471049 5
-1.853705 6.208494 0.466994 5
-1.694810 6.201785 0.416225 5
0.526737 5.564364 -0.412208 5
0.501340 5.641391 -0.387688 5
0.565255 5.691917 -0.396745 5
0.593930 5.753067 -0.392630 5
0.732464 5.785441 -0.428981 5
0.837390 5.828881 -0.452578 5
0.829466 5.901502 -0.434852 5
1.023801 5.926707 -0.490396 5
1.111263 5.979272 -0.506871 5
1.206876 6.031591 -0.526037 5
1.397717 6.066493 -0.578734 5
1.509841 6.119957 -0.603018 5
1.627545 6.174406 -0.628944 5
-2.473403 -0.389650 -1.022022 9
-2.470645 -0.178155 -0.963744 9
-2.383967 -0.165482 -0.981024 9
-2.449951 0.183701 -0.868118 9
-2.461798 0.400771 -0.805046 9
-2.433701 0.525311 -0.777390 9
-2.417609 0.669742 -0.741392 9
-2.452675 0.910049 -0.666491 9
-2.464307 1.095058 -0.612669 9
-2.397786 1.125584 -0.620697 9
-2.366025 1.220279 -0.602579 9
-2.293889 1.239735 -0.615194 9
-2.226840 1.268918 -0.623958 9
-2.102180 1.199823 -0.674060 9
-2.024282 1.213885 -0.689828 9
-1.924359 1.193075 -0.720716 9
-1.179749 1.704321 -0.776145 6
-1.320225 1.997522 -0.661728 11
-1.308792 2.097078 -0.638567 11
-1.310888 2.210475 -0.608259 11
-1.396426 2.417884 -0.531188 11
-1.450852 2.583402 -0.473443 11
-1.393587 2.619779 -0.479331 12
-1.529038 2.866571 -0.378852 12
-1.532545 2.964305 -0.352612 12
-1.435155 2.954303 -0.381540 12
-0.991898 2.591934 -0.595044 12
-1.356521 3.057472 -0.376396 12
-1.253721 3.046204 -0.407327 12
-1.174077 3.059573 -0.425709 12
-1.085312 3.065679 -0.448509 12
-0.977460 3.055801 -0.480682 12
-0.968488 3.137950 -0.462400 12
-0.882152 3.150049 -0.483229 12
-0.764865 3.136744 -0.519089 12
-0.727628 3.194278 -0.515042 12
-0.660575 3.226674 -0.525647 12
-0.647926 3.304363 -0.509867 12
-0.471039 3.249487 -0.573001 12
-0.394909 3.278089 -0.587310 12
-0.279246 3.277414 -0.620023 12
-0.277198 3.364490 -0.599248 12
-0.175226 3.376735 -0.625083 12
0.058024 3.296291 -0.710760 12
0.064938 3.381274 -0.692105 12
0.496530 3.172251 -0.865461 2
0.518817 3.251067 -0.852835 2
-0.113934 3.761596 -0.549486 3
-0.113333 3.843625 -0.530049 3
0.751839 3.378879 -0.889021 6
0.822708 3.427666 -0.897827 6
0.893383 3.477368 -0.906445 6
-0.481689 4.379759 -0.297063 13
-0.414446 4.485636 -0.291757 13
-0.355707 4.524863 -0.299686 13
-0.210097 4.518282 -0.343558 13
-0.377131 4.678097 -0.258029 13
-0.373093 4.745608 -0.243698 13
-0.304939 4.780608 -0.255615 13
-0.326077 4.859864 -0.231372 13
-0.230528 4.882813 -0.254190 13
-0.228790 4.950562 -0.239400 13
-0.342867 5.069505 -0.179093 5
-0.405774 5.162765 -0.139681 5
-0.329982 5.195194 -0.154817 5
-0.384409 5.282417 -0.119381 5
-0.504047 5.393849 -0.059367 5
-1.916267 6.003412 0.493108 5
-1.906871 6.044676 0.499351 5
-1.928945 6.097276 0.517368 5
-1.895732 6.129478 0.514472 5
-1.896408 6.173690 0.524215 5
-1.842462 6.199483 0.513670 5
-1.813734 6.234227 0.512522 5
-0.174185 5.772000 -0.075752 7
-0.134744 5.821925 -0.076981 7
0.047781 5.831267 -0.129672 7
0.656064 5.726687 -0.333929 5
0.714641 5.780604 -0.340259 5
0.741099 5.843535 -0.335145 5
0.892666 5.876130 -0.373974 5
0.975265 5.927635 -0.388243 5
1.137763 5.962715 -0.430000 5
1.176012 6.027198 -0.428416 5
1.591326 6.016061 -0.555906 5
1.631718 6.084943 -0.554237 5
1.756687 6.139007 -0.581154 5
-2.477451 -0.579101 -0.965195 9
-2.458710 -0.397399 -0.920911 9
-2.468469 -0.157806 -0.854569 9
-2.419459 -0.061343 -0.840316 9
-2.508447 0.334050 -0.713946 9
-2.456083 0.409342 -0.706284 9
-2.411639 0.499050 -0.692987 9
-2.384483 0.621058 -0.667078 9
-2.416212 0.855084 -0.597491 9
-2.348613 0.888102 -0.604974 9
-2.430244 1.201753 -0.502500 9
-2.424632 1.342121 -0.466854 9
-2.338109 1.332628 -0.490329 9
-2.248375 1.319642 -0.515571 9
-2.144476 1.284743 -0.550085 9
-2.073090 1.307456 -0.561627 9
-1.987134 1.307112 -0.582843 9
-1.919483 1.337758 -0.591536 9
-1.177982 1.707646 -0.682729 6
-1.366613 2.059610 -0.545020 11
-1.344223 2.144328 -0.529299 11
-1.405756 2.326713 -0.467343 11
-1.398747 2.424138 -0.444582 11
-1.473712 2.612488 -0.377784 12
-1.457673 2.693856 -0.361532 12
-1.591688 2.937213 -0.265722 12
-1.566943 3.003083 -0.255739 12
-1.520760 3.045624 -0.257239 12
-0.987565 2.589127 -0.510572 11
-1.371725 3.073948 -0.289393 12
-1.275835 3.068906 -0.315943 12
-1.159091 3.045799 -0.352521 12
-1.092723 3.073083 -0.363423 12
-1.028662 3.103324 -0.373051 12
-0.936227 3.108564 -0.396410 12
-0.880502 3.148185 -0.401653 12
-0.836873 3.198746 -0.401065 12
-0.714363 3.182044 -0.437997 12
-0.637626 3.206326 -0.452787 12
-0.665181 3.317052 -0.418720 12
-0.562404 3.320971 -0.445563 12
-0.584004 3.424476 -0.414967 12
-0.417864 3.381661 -0.470279 12
-0.294693 3.375177 -0.505334 12
-0.165632 3.366930 -0.542479 12
-0.114416 3.417510 -0.544537 12
0.044710 3.392246 -0.594050 12
-0.179380 3.635088 -0.475638 13
-0.268217 3.778647 -0.417676 3
-0.157628 3.786670 -0.446269 3
-0.157896 3.868438 -0.427223 3
-0.085818 3.903397 -0.439069 4
0.099898 3.869141 -0.498409 3
-0.505057 4.316476 -0.227813 13
-0.490992 4.380863 -0.216994 13
-0.463195 4.436828 -0.211979 13
-0.479171 4.517325 -0.189241 13
-0.442041 4.567368 -0.188294 13
-0.343564 4.584661 -0.211963 13
-0.275432 4.619616 -0.223216 13
-0.353880 4.730420 -0.176396 13
-0.371299 4.808077 -0.154190 13
-0.361886 4.871550 -0.142750 13
-0.376404 4.945885 -0.122217 13
-0.163424 4.914372 -0.189332 13
-0.462621 5.117141 -0.060193 5
-0.375654 5.143486 -0.079077 5
-0.413377 5.224248 -0.050799 5
-0.392762 5.279459 -0.044689 5
-0.504427 5.387620 0.010421 5
-1.842828 5.970071 0.516821 5
-1.926594 6.047269 0.557233 5
-1.890064 6.078129 0.553381 5
-1.909864 6.129456 0.569935 5
-1.891312 6.166824 0.572523 5
-1.808300 6.182862 0.552116 5
-1.804965 6.226022 0.560202 5
-1.805790 6.270235 0.569661 5
-0.071197 5.795019 -0.027483 7
-0.105111 5.867065 -0.002834 7
0.785171 5.681614 -0.297321 5
0.850013 5.735038 -0.305061 5
0.846621 5.806891 -0.289429 5
1.012955 5.836632 -0.331404 5
1.118923 5.883671 -0.352512 5
1.635995 5.995374 -0.479754 5
1.627724 6.073903 -0.461786 5
1.735467 6.130728 -0.481806 5
-2.446450 -0.625922 -0.876342 9
-2.497105 -0.279528 -0.775960 9
-2.420837 -0.242473 -0.783898 9
-2.502429 0.148425 -0.665188 9
-2.479856 0.293262 -0.633380 9
-2.529707 0.586406 -0.547084 9
-2.451828 0.601776 -0.561208 9
-2.469320 0.810756 -0.503981 9
-2.387208 0.814979 -0.522053 9
-2.298561 0.808182 -0.544512 9
-2.373504 1.110211 -0.450441 9
-2.362133 1.241644 -0.419886 9
-2.370607 1.404078 -0.376881 9
-2.226407 1.294120 -0.438753 9
-2.186633 1.369002 -0.429364 9
-2.094657 1.355183 -0.454759 9
-2.035280 1.396820 -0.458516 9
-1.956689 1.407734 -0.474631 9
-1.883890 1.428938 -0.486844 9
-1.380020 1.967183 -0.476898 11
-1.365404 2.062938 -0.457119 11
-1.416223 2.235583 -0.402371 11
-1.413373 2.339637 -0.377761 11
-1.436300 2.471144 -0.340098 12
-1.490642 2.634790 -0.286831 12
-1.511281 2.756182 -0.252305 12
-1.471600 2.808785 -0.249619 12
-1.435463 2.864829 -0.245265 12
-1.520873 3.047481 -0.179808 12
-1.446839 3.061248 -0.195303 12
-1.387617 3.091097 -0.203242 12
-1.278041 3.072008 -0.235732 12
-1.195324 3.081393 -0.254646 12
-1.087193 3.068259 -0.285460 12
-1.035941 3.110192 -0.288709 12
-0.868225 3.046768 -0.346823 12
-0.782354 3.060590 -0.365720 12
-0.797795 3.164078 -0.337462 12
-0.778803 3.236076 -0.325544 12
-0.711249 3.266649 -0.335950 12
-0.696179 3.341008 -0.322577 12
-0.574224 3.328773 -0.357203 12
-0.543221 3.390575 -0.351010 12
-0.484505 3.430712 -0.357121 12
-0.401649 3.453231 -0.373671 12
-0.303172 3.465555 -0.396720 12
-0.122766 3.420568 -0.454491 12
-0.404880 3.706403 -0.314955 13
-0.474926 3.835951 -0.267018 13
-0.298244 3.795468 -0.322954 13
-0.425366 3.960009 -0.252094 13
-0.467765 4.064973 -0.217207 13
-0.487851 4.153580 -0.191982 13
-0.494506 4.232329 -0.172596 13
-0.513487 4.317395 -0.148564 13
-0.503248 4.383757 -0.136556 13
-0.501246 4.454270 -0.121476 13
-0.491670 4.519711 -0.109600 13
-0.421508 4.551218 -0.121521 13
-0.451432 4.637564 -0.094535 13
-0.386417 4.672547 -0.104414 13
-0.373184 4.734943 -0.094398 13
-0.377412 4.805651 -0.077910 13
-0.345572 4.857991 -0.075210 13
-0.373526 4.938780 -0.050224 13
-0.255864 4.950962 -0.079543 13
-0.401803 5.083892 -0.011440 5
-0.342699 5.122940 -0.019199 5
-0.383844 5.205471 0.009542 5
-0.408510 5.279624 0.031963 5
-0.370260 5.327340 0.031577 5
-1.839185 5.963831 0.566918 5
-1.894374 6.030263 0.595927 5
-1.894632 6.074881 0.605299 5
-1.909726 6.124424 0.619729 5
-1.921032 6.171982 0.632672 5
-1.827397 6.183954 0.609400 5
-1.794483 6.217276 0.607183 5
-1.805037 6.264555 0.619757 5
-0.128955 5.804443 0.064009 7
-0.070858 5.849145 0.057047 7
-0.014246 5.895126 0.050703 7
0.819894 5.733506 -0.212355 5
0.843799 5.797887 -0.206066 5
1.631765 6.061388 -0.372558 5
1.757632 6.114604 -0.397183 5
1.850529 6.175806 -0.411157 5
-2.422711 -0.892170 -0.839182 9
-2.474881 -0.528302 -0.738238 9
-2.521739 -0.195103 -0.646066 9
-2.488591 -0.061784 -0.620803 9
-2.457225 0.070286 -0.595507 9
-2.435476 0.218223 -0.564233 9
-2.423518 0.381130 -0.527158 9
-2.454171 0.625624 -0.460618 9
-2.453991 0.797574 -0.418790 9
-2.426927 0.909982 -0.397608 9
-2.403955 1.026496 -0.374551 9
-2.398812 1.172488 -0.340324 9
-2.352350 1.237805 -0.335160 9
-2.344404 1.370442 -0.304915 9
-2.304776 1.443428 -0.296430 9
-2.248061 1.485656 -0.299362 9
-2.208346 1.555922 -0.291655 9
-2.116014 1.539134 -0.317152 9
-1.970851 1.440752 -0.374593 9
-1.889618 1.447829 -0.391882 9
-1.332454 0.732273 -0.693567 10
-1.448638 1.944215 -0.378363 11
-1.408414 2.008063 -0.372978 11
-1.395647 2.104925 -0.353294 11
-1.460274 2.292970 -0.293652 11
-1.401118 2.329048 -0.299489 11
-1.541907 2.596795 -0.202917 12
-1.498257 2.646482 -0.201924 12
-1.476165 2.719875 -0.190228 12
-1.496832 2.838628 -0.157640 12
-1.437525 2.869102 -0.165061 12
-1.521869 3.050247 -0.102578 12
-1.438500 3.054164 -0.122113 12
-1.368594 3.073188 -0.134912 12
-1.258595 3.053807 -0.166442 12
-1.180613 3.067874 -0.182460 12
-1.083189 3.064875 -0.207230 12
-1.218968 3.279703 -0.124631 2
-1.098873 3.255789 -0.159878 2
-0.938994 3.199370 -0.212440 12
-0.872537 3.228495 -0.222409 12
-0.750322 3.210883 -0.256899 12
-0.720716 3.273406 -0.250225 12
-0.690879 3.335279 -0.243804 12
-0.609426 3.355344 -0.259759 12
-0.577139 3.415321 -0.254476 12
-0.535540 3.467831 -0.253252 12
-0.393581 3.444775 -0.294214 12
-0.391362 3.527944 -0.276331 13
-0.502995 3.692098 -0.211748 13
-0.583631 3.829715 -0.160932 13
-0.555221 3.888337 -0.155257 13
-0.555308 3.965984 -0.138201 13
-0.515328 4.016032 -0.137445 13
-0.556245 4.118590 -0.104621 13
-0.562036 4.196729 -0.086140 13
-0.521696 4.245170 -0.085966 13
-0.539254 4.328851 -0.063360 13
-0.522175 4.390648 -0.054419 13
-0.488179 4.442254 -0.052068 13
-0.483753 4.510621 -0.038549 13
-0.496920 4.587983 -0.018613 13
-0.404857 4.607539 -0.038232 13
-0.335348 4.640559 -0.049199 13
-0.406109 4.746523 -0.008418 13
-0.334957 4.778985 -0.020019 13
-0.395249 4.876610 0.016196 13
-0.297801 4.897092 -0.004847 13
-0.287620 4.959700 0.005602 13
-0.201624 4.987729 -0.010969 13
-0.344436 5.117579 0.053298 5
-0.384517 5.199558 0.080758 5
-0.374340 5.259152 0.090406 5
-1.874210 5.927346 0.620700 5
-1.873285 5.972395 0.629702 5
-1.939238 6.042510 0.661347 5
-1.905657 6.074056 0.658957 5
-1.934325 6.128262 0.677506 5
-1.924740 6.168248 0.683078 5
-1.859378 6.189445 0.670140 5
-1.799901 6.213686 0.659335 5
-1.700040 6.226298 0.635515 5
-0.032274 5.767451 0.103508 7
0.015595 5.815988 0.100515 7
1.710729 6.034243 -0.306542 5
1.680663 6.116902 -0.282687 5
1.830672 6.166998 -0.313036 5
-2.444159 -1.053694 -0.762296 9
-2.420542 -0.867083 -0.723614 9
-2.520667 -0.389541 -0.589922 9
-2.466053 -0.300355 -0.580919 9
-2.439432 -0.150007 -0.551550 9
-2.464612 0.109667 -0.485349 9
-2.418879 0.203786 -0.473405 9
-2.453895 0.465599 -0.404647 9
-2.451559 0.639021 -0.364764 9
-2.435160 0.777320 -0.336209 9
-2.436064 0.944476 -0.297161 9
-2.365179 0.967993 -0.307445 9
-2.326268 1.051762 -0.296688 9
-2.307090 1.169251 -0.273764 9
-2.347292 1.388644 -0.214035 9
-2.299139 1.445994 -0.211590 9
-2.268438 1.532035 -0.198647 9
-2.200878 1.554641 -0.208664 9
-2.122916 1.561004 -0.224810 9
-1.981411 1.467872 -0.278235 9
-1.930563 1.521281 -0.277524 9
-1.342073 0.757410 -0.586306 10
-1.303142 0.845010 -0.575148 10
-1.068647 0.646407 -0.674068 10
-1.006318 0.703318 -0.675364 10
-0.880505 0.671431 -0.711493 10
-0.838212 0.756916 -0.701791 10
-0.798022 0.843773 -0.691344 10
-0.750233 0.919216 -0.685291 10
-0.790428 1.106413 -0.633651 10
-1.431565 2.042255 -0.273648 11
-1.500995 2.239140 -0.213133 11
-1.492299 2.335751 -0.193419 11
-1.497683 2.446853 -0.167207 11
-1.592591 2.658752 -0.097502 12
-1.537422 2.693879 -0.102566 12
-1.587982 2.846692 -0.056557 12
-1.574361 2.925310 -0.042229 12
-1.552929 2.994176 -0.031952 12
-1.528830 3.059230 -0.023190 12
-1.432016 3.048971 -0.048369 12
-1.426575 3.132539 -0.031165 2
-1.274544 3.070410 -0.080987 6
-1.376637 3.257420 -0.015478 2
-1.370471 3.336557 0.000461 2
-1.339340 3.391221 0.005030 6
-1.098139 3.254998 -0.082499 2
-1.043093 3.291490 -0.087708 2
-0.882268 3.236330 -0.138336 12
-0.778405 3.233942 -0.163822 12
-0.742722 3.290656 -0.160094 12
-0.682100 3.326709 -0.166900 12
-0.649536 3.385884 -0.161968 12
-0.616933 3.444722 -0.157158 12
-0.485360 3.427124 -0.192832 12
-0.522811 3.539785 -0.159539 12
-0.448799 3.567745 -0.171537 13
-0.489874 3.679897 -0.137555 13
-0.468580 3.745488 -0.128753 13
-0.564929 3.891984 -0.074048 13
-0.561346 3.966822 -0.059033 13
-0.589926 4.062016 -0.031871 13
-0.562310 4.118926 -0.026616 13
-0.563758 4.194062 -0.010423 13
-0.494615 4.224428 -0.021037 13
-0.451466 4.271539 -0.021779 13
-0.510225 4.379304 0.015252 13
-0.502667 4.446198 0.027347 13
-0.493239 4.511390 0.038587 13
-0.442599 4.553244 0.034747 13
-0.424431 4.613140 0.042650 13
-0.408535 4.673927 0.051262 13
-0.393310 4.734713 0.060002 13
-0.353015 4.782592 0.059822 13
-0.348641 4.848322 0.072201 13
-0.365050 4.923369 0.091624 13
-0.245941 4.934471 0.064179 13
-0.218449 4.989218 0.068441 7
-0.396682 5.134476 0.142423 5
-0.377396 5.190351 0.148890 5
-0.348680 5.242182 0.152144 5
-0.355179 5.308368 0.167073 5
-1.809582 5.942651 0.659056 5
-1.918712 6.029960 0.703904 5
-1.888628 6.062911 0.702908 5
-1.877015 6.102819 0.707914 5
-1.891048 6.151562 0.721101 5
-1.779781 6.157535 0.694247 5
-1.759779 6.195334 0.696646 5
-1.789395 6.248852 0.714625 5
0.008387 5.747231 0.162457 7
1.780981 6.008643 -0.236614 5
1.771211 6.088127 -0.219100 5
1.746234 6.169768 -0.197359 5
-2.442292 -1.026375 -0.645472 9
-2.441140 -0.785873 -0.591946 9
-2.457505 -0.514561 -0.527867 9
-2.489765 -0.218880 -0.455016 9
-2.454055 -0.092277 -0.434392 9
-2.472526 0.149850 -0.376505 9
-2.424248 0.236832 -0.367475 9
-2.462307 0.503173 -0.300086 9
-2.422087 0.597046 -0.287875 9
-2.434880 0.794243 -0.241355 9
-2.402653 0.895534 -0.225852 9
-2.380651 1.013157 -0.204559 9
-2.367717 1.143767 -0.178465 9
-2.360812 1.280888 -0.149659 9
-2.339977 1.388572 -0.130419 9
-1.791848 0.578040 -0.428660 9
-2.263599 1.535406 -0.114727 9
-2.210419 1.581493 -0.116227 9
-2.108866 1.548776 -0.145690 9
-2.012115 1.526765 -0.171782 9
-1.918960 1.512971 -0.195316 9
-1.423710 0.891633 -0.440606 10
-1.284197 0.826675 -0.485646 10
-1.216714 0.871043 -0.490899 10
-1.060068 0.788751 -0.543599 10
-0.949157 0.775569 -0.571121 10
-0.848633 0.779138 -0.592728 10
-0.818149 0.878104 -0.578031 10
-0.802745 0.994797 -0.556160 10
-0.787285 1.108733 -0.534941 10
-1.482120 2.110710 -0.162375 11
-1.436276 2.164197 -0.161122 11
-1.567933 2.430916 -0.073967 11
-1.496465 2.449162 -0.086149 11
-1.554236 2.617732 -0.036856 12
-1.517949 2.674813 -0.032809 12
-1.531801 2.786968 -0.005628 12
-1.522963 2.871716 0.010505 12
-1.567377 3.011558 0.050485 12
-1.490622 3.021026 0.035028 12
-1.359001 2.975682 -0.004646 12
-1.412734 3.119810 0.038276 2
-1.409188 3.203683 0.055270 6
-1.410038 3.290223 0.073806 2
-1.455888 3.417578 0.111272 6
-1.372997 3.422488 0.093260 6
-1.389443 3.519046 0.117403 6
-1.052010 3.299040 -0.006677 2
-0.860837 3.217035 -0.068033 12
-0.827888 3.275277 -0.063435 12
-0.749036 3.294804 -0.077601 12
0.246689 2.564569 -0.460994 11
-0.638551 3.375461 -0.086392 12
-0.561634 3.399419 -0.099283 12
-0.546476 3.472073 -0.087715 12
-0.447694 3.480855 -0.108916 12
-0.427142 3.549223 -0.099562 13
-0.537218 3.711410 -0.040339 13
-0.527250 3.784092 -0.027687 13
-0.480808 3.830668 -0.028983 13
-0.553379 3.958194 0.014223 13
-0.520859 4.012817 0.017780 13
-0.481983 4.063225 0.018950 13
-0.477353 4.135479 0.032606 13
-0.461478 4.199911 0.041987 13
-0.546093 4.324837 0.087336 13
-0.477072 4.355387 0.077231 13
-0.498967 4.439649 0.099459 13
-0.442243 4.477941 0.093768 13
-0.444458 4.549524 0.108716 13
-0.408366 4.599552 0.110215 13
-0.409265 4.669249 0.124410 13
-0.369842 4.717419 0.124684 13
-0.372640 4.787054 0.139257 13
-0.350062 4.843488 0.145127 13
-0.323376 4.897836 0.149573 13
-0.310820 4.958743 0.158660 13
-0.160374 4.956856 0.122369 13
-0.299202 5.085505 0.180943 5
-0.356056 5.175064 0.212181 5
-0.277390 5.206149 0.199462 5
-0.404355 5.321918 0.252572 5
-0.312698 5.348056 0.235712 5
-1.868137 6.005892 0.737241 5
-1.919935 6.069693 0.762096 5
-1.864494 6.093380 0.753375 5
-1.828722 6.124834 0.750867 5
-1.753657 6.143496 0.736412 5
-1.750846 6.187090 0.744138 5
-1.735724 6.226549 0.748081 5
0.265213 5.661095 0.157257 0
1.744717 6.004107 -0.135737 5
1.817212 6.067551 -0.141486 5
1.781667 6.151449 -0.117268 5
2.006615 6.190388 -0.164624 5
-2.398424 -1.106263 -0.561414 9
-2.461143 -0.706873 -0.463553 9
-2.444169 -0.519152 -0.427201 9
-2.424565 -0.345873 -0.394495 9
-2.408266 -0.172443 -0.361103 9
-2.365022 -0.065922 -0.347537 9
-2.266211 -0.082911 -0.371755 9
-2.371597 0.332067 -0.261915 9
-2.395546 0.561201 -0.208454 9
-2.393347 0.728534 -0.173564 9
-2.448657 1.001596 -0.104304 9
-2.389539 1.045491 -0.107487 9
-2.292341 1.018234 -0.133719 9
-2.365281 1.302604 -0.058447 9
-2.321245 1.368194 -0.053962 9
-2.334278 1.531251 -0.016933 9
-2.269020 1.556063 -0.025568 9
-2.163818 1.515297 -0.056473 9
-2.117321 1.572940 -0.054289 9
-2.037472 1.576942 -0.070471 9
-1.949163 1.569338 -0.090914 9
-1.864320 1.568996 -0.109126 9
-1.363425 0.953820 -0.344789 10
-1.244440 0.920454 -0.377263 10
-1.077514 0.822363 -0.433547 10
-0.980439 0.827449 -0.453369 10
-0.985759 0.973721 -0.421823 10
-0.903853 0.999723 -0.434094 10
-0.925336 1.161667 -0.395871 10
-1.480257 2.001172 -0.101924 11
-1.422372 2.040832 -0.106260 11
-1.519227 2.270584 -0.037768 11
-1.507641 2.362460 -0.021322 11
-1.531468 2.494121 0.011004 11
-1.552016 2.618468 0.041084 12
-1.509524 2.668250 0.042052 12
-1.498910 2.753119 0.057165 12
-1.492577 2.840994 0.073805 12
-1.511824 2.954356 0.101244 12
-1.434393 2.964029 0.086242 12
-1.448188 3.068381 0.110593 6
-1.469670 3.178054 0.137696 6
-1.424083 3.219200 0.136045 6
-1.475595 3.353991 0.174830 6
-1.451858 3.414131 0.181813 6
-1.388694 3.437133 0.172525 6
-1.351119 3.484174 0.173746 6
-1.217775 3.445997 0.136487 6
-0.956589 3.299801 0.049030 2
-0.791930 3.243715 0.001159 12
-0.775054 3.315441 0.011860 12
-0.738498 3.370179 0.014739 12
-0.702507 3.425199 0.017775 12
-0.564515 3.399839 -0.018082 12
-0.522311 3.451397 -0.017178 12
-0.484167 3.506056 -0.014772 12
-0.428382 3.547612 -0.018954 13
-0.396300 3.606802 -0.014339 13
-0.488068 3.753478 0.035424 13
-0.501116 3.841671 0.055876 13
-0.495071 3.915418 0.069149 13
-0.467943 3.974275 0.074707 13
-0.442655 4.034073 0.080841 13
-0.500057 4.146135 0.115894 13
-0.504643 4.222793 0.132036 13
-0.442033 4.257555 0.124746 13
-0.474192 4.349429 0.150056 13
-0.504088 4.438242 0.174230 13
-0.429097 4.465907 0.162677 13
-0.450567 4.548190 0.183618 13
-0.424306 4.603286 0.188413 13
-0.393736 4.656011 0.191746 13
-0.349993 4.701976 0.190750 13
-0.331446 4.760990 0.197987 13
-0.316303 4.821430 0.206250 13
-0.350664 4.905234 0.230271 13
-0.272855 4.935252 0.218346 13
-0.215742 4.975908 0.213163 13
-0.354873 5.104053 0.269529 5
-0.301742 5.145579 0.265374 5
-0.310196 5.213545 0.280324 5
-0.254651 5.254719 0.275504 5
-0.247807 5.315882 0.285611 5
-1.789017 5.970774 0.762963 5
-1.852342 6.039748 0.790573 5
-1.862139 6.087607 0.801898 5
-1.865934 6.132809 0.811327 5
-1.765009 6.142117 0.789942 5
-1.754829 6.183086 0.795334 5
-1.747989 6.225026 0.801659 5
1.832559 5.974835 -0.069431 5
1.802452 6.058470 -0.047119 5
1.813469 6.133737 -0.035864 5
1.957933 6.186196 -0.059622 5
-2.464466 -0.907176 -0.397408 9
-2.429737 -0.755187 -0.373792 9
-2.441466 -0.498391 -0.319685 9
-2.414061 -0.344756 -0.294304 9
-2.353391 -0.272830 -0.292140 9
-2.194493 -0.419659 -0.353954 9
-2.180614 -0.245107 -0.321689 9
-2.058338 -0.304709 -0.358567 9
-2.402580 0.594073 -0.107913 9
-2.390862 0.740914 -0.080841 9
-2.408315 0.939098 -0.037531 9
-2.381120 1.044737 -0.021927 9
-2.332338 1.107047 -0.019444 9
-2.354846 1.297171 0.023226 9
-2.288948 1.323845 0.015025 9
-2.276143 1.442692 0.036146 9
-2.274013 1.575857 0.062304 9
-2.201839 1.589035 0.050058 9
-2.140431 1.620631 0.043687 9
-2.074221 1.644890 0.034843 9
-1.938971 1.563053 -0.009429 9
-1.883920 1.607657 -0.011952 9
-1.773543 1.570187 -0.042284 9
-1.286452 0.990372 -0.258574 10
-1.151186 0.935563 -0.297558 10
-1.062159 0.949179 -0.313373 10
-0.997776 0.997714 -0.317158 10
-0.921572 1.030512 -0.326546 10
-0.872783 1.099737 -0.323028 10
-1.481948 2.008712 -0.016074 11
-1.520432 2.168556 0.023549 11
-1.477222 2.223540 0.025357 11
-1.470724 2.322174 0.043445 11
-1.555711 2.526325 0.101491 12
-1.519308 2.584006 0.105201 12
-1.482991 2.641203 0.108817 12
-1.568848 2.833245 0.164609 12
-1.523993 2.877416 0.163833 12
-1.523067 2.968302 0.181461 6
-1.484955 3.018497 0.183253 12
-1.508323 3.131299 0.210265 12
-1.487868 3.197424 0.218870 6
-1.483940 3.278887 0.233951 6
-1.445030 3.325152 0.234738 6
-1.367293 3.334651 0.220113 6
-1.379162 3.428430 0.240892 6
-1.316144 3.452337 0.232161 6
-1.152407 3.387540 0.184771 6
-0.932793 3.278458 0.116883 2
-0.765681 3.220434 0.070055 12
-0.721848 3.269826 0.070283 12
-0.757187 3.384155 0.099938 12
-0.646733 3.378839 0.075337 12
-0.541725 3.380079 0.053147 12
-0.509569 3.439517 0.057734 12
-0.472047 3.494626 0.060321 12
-0.413228 3.533899 0.055283 12
-0.500711 3.679659 0.102038 13
-0.479930 3.744842 0.110093 13
-0.488855 3.830118 0.128356 13
-0.499844 3.915432 0.147053 13
-0.488655 3.984621 0.157881 13
-0.465035 4.045020 0.164338 13
-0.513165 4.150741 0.194868 13
-0.493301 4.211844 0.202233 13
-0.481362 4.277391 0.212135 13
-0.446827 4.328924 0.214483 13
-0.424340 4.387520 0.220754 13
-0.441225 4.468238 0.239705 13
-0.387941 4.508741 0.235861 13
-0.386787 4.578094 0.248728 13
-0.355117 4.630552 0.251785 13
-0.292476 4.667065 0.245112 13
-0.392028 4.786177 0.289114 13
-0.261206 4.788844 0.261263 13
-0.266778 4.859431 0.275734 13
-0.200851 4.895811 0.268256 13
-0.339906 5.026421 0.322917 5
-0.061527 4.968092 0.251538 13
-0.120520 5.061269 0.281771 5
-0.220121 5.169494 0.323623 5
-0.266645 5.253170 0.349338 5
-0.243526 5.307617 0.354439 5
-1.736612 5.945775 0.798141 5
-1.838124 6.029606 0.835812 5
-1.839143 6.074375 0.844331 5
-1.855746 6.124257 0.857183 5
-1.788528 6.144934 0.846342 5
-1.722158 6.167057 0.835942 5
-1.751195 6.220681 0.852162 5
0.408050 5.600833 0.266561 5
0.494548 5.641948 0.255219 5
1.787006 5.972335 0.032614 5
1.807028 6.045783 0.041523 5
1.806143 6.123105 0.055694 5
1.839339 6.194232 0.061254 5
-2.380040 -1.343269 -0.389836 9
-2.355121 -1.152554 -0.358379 9
-2.367456 -0.879072 -0.303802 9
-2.401620 -0.566541 -0.237485 9
-2.315002 -0.549387 -0.251344 9
-2.262010 -0.455222 -0.243895 9
-2.119736 -0.560577 -0.292129 9
-2.053729 -0.495031 -0.292735 9
-1.998004 -0.409341 -0.287484 9
-1.935292 -0.340198 -0.286782 9
-2.443450 0.862656 0.042835 9
-2.420204 0.978173 0.060166 9
-2.389865 1.076418 0.072794 9
-2.344916 1.144677 0.076806 9
-2.314851 1.238299 0.088587 9
-2.382253 1.501285 0.151919 9
-2.323060 1.535615 0.146620 9
-1.780953 0.755805 -0.109437 9
-2.187917 1.576821 0.127437 9
-2.091556 1.552051 0.103479 9
-2.029515 1.584111 0.097134 9
-1.986502 1.645794 0.100193 9
-1.862918 1.584853 0.063906 9
-1.401728 1.029310 -0.133579 10
-1.264129 0.966992 -0.172961 10
-1.229578 1.055107 -0.163258 10
-1.131477 1.053366 -0.183297 10
-1.027111 1.045126 -0.205834 10
-0.954365 1.081243 -0.213659 10
-1.470872 1.885546 0.041893 6
-1.543718 2.092886 0.095620 11
-1.536656 2.193693 0.113173 11
-1.493627 2.248112 0.114732 11
-1.464905 2.319262 0.122314 6
-1.539335 2.510673 0.173318 12
-1.489631 2.553066 0.171236 12
-1.487108 2.648806 0.188698 12
-1.462800 2.718347 0.196825 6
-1.542455 2.899725 0.246960 12
-1.533786 2.981666 0.260558 12
-1.517635 3.054262 0.270879 12
-1.475531 3.099152 0.270741 6
-1.437815 3.148372 0.272292 6
-1.424900 3.221733 0.283383 6
-1.397634 3.280108 0.288747 6
-1.366110 3.333895 0.292380 6
-1.295862 3.351471 0.281370 6
-1.251104 3.393233 0.280047 6
-1.108817 3.348434 0.242726 6
-0.980190 3.319137 0.211065 2
-0.771604 3.224618 0.150957 12
-0.747081 3.289826 0.158081 12
-0.708383 3.342813 0.160029 12
-0.677218 3.401750 0.164610 12
-0.599721 3.423896 0.152889 12
-0.554644 3.472219 0.152637 12
-0.425099 3.456893 0.123308 12
-0.404977 3.525292 0.131857 12
-0.395422 3.600732 0.143859 13
-0.499887 3.756141 0.193986 13
-0.490506 3.828230 0.205383 13
-0.467720 3.890389 0.212189 13
-0.475512 3.972490 0.228933 13
-0.531896 4.084976 0.261237 13
-0.514967 4.148186 0.269406 13
-0.479412 4.199313 0.271517 13
-0.420866 4.236490 0.266328 13
-0.462200 4.333858 0.292717 13
-0.486673 4.419424 0.313462 13
-0.429457 4.457016 0.308593 13
-0.367513 4.492668 0.302384 13
-0.355710 4.556360 0.311624 13
-0.336091 4.615437 0.318399 13
-0.242118 4.635778 0.302762 13
-0.260262 4.714368 0.320865 13
-0.225695 4.765826 0.323137 13
-0.229579 4.835911 0.336726 13
-0.156709 4.869295 0.327781 13
-0.173179 4.944538 0.344887 13
-0.070716 4.965918 0.327627 13
-0.191843 5.085792 0.374440 5
-0.072968 5.101256 0.352696 5
-0.166431 5.205777 0.390984 5
-0.016119 5.210661 0.360803 5
-0.061065 5.293847 0.385173 5
-1.766307 5.997862 0.865332 5
-1.825827 6.064631 0.889726 5
-1.887701 6.130559 0.914448 5
-1.738684 6.122791 0.882201 5
-1.722099 6.161745 0.885797 5
-1.688116 6.195193 0.884791 5
0.301761 5.625332 0.369948 5
0.326421 5.683488 0.375307 5
0.398168 5.728230 0.368485 5
1.862936 6.023201 0.117405 5
1.835240 6.105871 0.137888 5
1.810737 6.187104 0.157440 5
-2.398859 -1.261137 -0.259503 9
-2.409800 -0.983623 -0.207489 9
-2.449200 -0.650002 -0.139907 9
-2.385770 -0.577282 -0.139060 9
-2.317059 -0.518787 -0.141794 9
-2.185482 -0.603131 -0.182333 9
-2.069628 -0.646673 -0.212510 9
-1.972338 -0.646341 -0.231225 9
-1.908108 -0.575131 -0.230829 9
-1.836777 -0.519897 -0.234678 9
-2.406418 0.805948 0.113498 9
-2.390075 0.935653 0.133637 9
-2.367467 1.049033 0.149629 9
-2.358658 1.184219 0.172200 9
-2.329946 1.278915 0.183649 9
-2.317007 1.398688 0.202647 9
-2.298950 1.505851 0.218387 9
-2.286213 1.618776 0.236187 9
-2.210538 1.624731 0.222611 9
-2.082576 1.547863 0.184053 9
-1.995685 1.540606 0.165928 9
-1.946241 1.592992 0.165747 9
-1.876308 1.613918 0.155953 9
-1.355610 0.970513 -0.060276 10
-1.304761 1.034568 -0.058649 10
-1.221768 1.052383 -0.071543 10
-1.085397 0.997440 -0.107829 10
-1.461709 1.642073 0.080632 6
-1.515788 1.834134 0.125522 6
-1.495410 1.923260 0.137528 6
-1.522325 2.070833 0.169174 11
-1.477833 2.125004 0.170235 6
-1.516987 2.281134 0.205780 6
-1.435381 2.287897 0.191142 6
-1.590484 2.574408 0.272527 12
-1.481627 2.547121 0.246498 12
-1.519179 2.687955 0.278981 12
-1.545632 2.812649 0.306417 6
-1.521741 2.879489 0.313721 12
-1.488736 2.935688 0.317347 12
-1.375772 2.907996 0.290430 6
-1.411618 3.035209 0.320128 12
-1.366180 3.077713 0.318880 6
-1.305806 3.105608 0.312112 6
-1.305201 3.191709 0.327366 6
-1.332202 3.302247 0.352352 6
-1.275839 3.333063 0.346876 6
-1.253984 3.395727 0.353800 6
-1.088944 3.330408 0.310001 2
-0.994571 3.331064 0.291732 2
-0.769797 3.222207 0.228525 12
-0.783880 3.319522 0.248615 12
-0.707361 3.340640 0.237462 12
-0.616364 3.351285 0.221617 12
-0.563947 3.393928 0.218991 12
-0.556307 3.471478 0.231310 12
-0.442233 3.467559 0.208360 12
-0.421638 3.535132 0.216369 12
-0.382981 3.589019 0.218414 13
-0.462712 3.726923 0.258508 13
-0.424490 3.779332 0.260368 13
-0.439524 3.867997 0.279068 13
-0.426349 3.936375 0.288650 13
-0.414328 4.004851 0.298472 13
-0.408997 4.076935 0.310238 13
-0.422373 4.159869 0.327581 13
-0.416863 4.229980 0.338955 13
-0.425490 4.307772 0.354451 13
-0.393927 4.361024 0.357733 13
-0.316118 4.387912 0.347295 13
-0.327268 4.465549 0.363246 13
-0.360290 4.553990 0.385386 13
-0.270599 4.575632 0.371684 13
-0.187641 4.602286 0.360184 13
-0.210720 4.683936 0.379166 13
-0.217798 4.756395 0.393386 13
-0.122410 4.778663 0.378667 13
-0.167843 4.868654 0.403489 13
-0.119918 4.914209 0.402173 13
-0.061166 4.955451 0.397971 13
0.096577 4.954546 0.366934 13
0.020498 5.055363 0.399656 5
0.042744 5.113482 0.405575 5
-1.706552 5.970504 0.899559 5
-1.745717 6.030507 0.917826 5
-1.781419 6.088067 0.934980 5
-1.723289 6.112350 0.927878 5
-1.711524 6.152971 0.932739 5
-1.667139 6.183072 0.929352 5
-0.272451 5.795218 0.587667 5
0.333523 5.673082 0.447385 5
0.537567 5.679505 0.408526 5
0.499717 5.757099 0.429614 5
1.794460 6.024776 0.222842 5
1.831751 6.094630 0.227800 5
1.826253 6.172403 0.242537 5
-2.383110 -1.268948 -0.153416 9
-2.381968 -1.022885 -0.112045 9
-2.430992 -0.666232 -0.042543 9
-2.346169 -0.644372 -0.054795 9
-2.270407 -0.600871 -0.061680 9
-2.137655 -0.685769 -0.100980 9
-2.035314 -0.697806 -0.122241 9
-1.950615 -0.669650 -0.133385 9
-1.843597 -0.687337 -0.156470 9
-1.781465 -0.611145 -0.155242 9
-1.758024 -0.460107 -0.134085 9
-2.346174 0.866672 0.200786 9
-2.366051 1.061263 0.237450 9
-2.355070 1.191614 0.257457 9
-2.327458 1.287671 0.268544 9
-2.228356 1.255314 0.244492 9
-2.353949 1.612059 0.328442 9
-2.278697 1.617167 0.315212 9
-2.181632 1.587785 0.292057 9
-2.112299 1.605824 0.282133 9
-2.028904 1.602584 0.265975 9
-1.923720 1.567595 0.240361 9
-1.841428 1.570196 0.225407 9
-1.768650 1.588380 0.214878 9
-1.275549 1.001166 0.023084 10
-1.192552 1.019390 0.010660 10
-1.118886 1.051673 0.002369 10
-1.012108 1.039694 -0.019616 10
-1.442140 1.742551 0.180011 6
-1.451028 1.871262 0.203520 6
-1.515079 2.066817 0.248683 11
-1.493580 2.149489 0.258710 11
-1.483907 2.245045 0.273136 6
-1.447400 2.306356 0.276740 6
-1.454116 2.417738 0.296920 11
-1.486748 2.556281 0.326554 11
-1.463839 2.628382 0.334539 12
-1.494697 2.758836 0.362474 12
-1.478654 2.834996 0.372437 12
-1.514723 2.965267 0.401319 12
-1.463468 3.001100 0.397867 12
-1.427136 3.052462 0.399841 12
-1.297990 3.010536 0.368653 12
-1.240246 3.042099 0.363276 2
-1.242895 3.132335 0.379137 2
-1.202347 3.180044 0.379717 2
-1.213222 3.275246 0.397962 2
-1.164532 3.314477 0.395589 2
-0.875997 3.140724 0.312303 12
-0.835630 3.191953 0.313532 12
-0.804407 3.250908 0.317781 12
-0.697275 3.245934 0.297017 12
-0.693244 3.327732 0.310226 12
-0.632997 3.363087 0.305065 12
-0.561204 3.389967 0.296316 12
-0.516225 3.438531 0.296253 12
-0.437419 3.461657 0.285567 12
-0.387071 3.507058 0.283975 12
-0.336558 3.552658 0.282390 13
-0.461710 3.723377 0.334803 13
-0.404825 3.762615 0.330955 13
-0.365991 3.814715 0.332659 13
-0.385433 3.905711 0.351833 13
-0.398529 3.990977 0.368853 13
-0.369091 4.047726 0.373106 13
-0.357886 4.115711 0.382668 13
0.127296 3.893565 0.254668 3
0.213412 3.921972 0.243571 3
0.427885 3.876770 0.196073 13
0.435989 3.954068 0.207819 13
-0.151545 4.362827 0.386766 13
-0.220329 4.472904 0.418388 13
0.462070 4.180752 0.241862 13
-0.102903 4.552998 0.410378 13
-0.050409 4.597277 0.408257 13
-0.121535 4.703269 0.439625 13
-0.132377 4.777730 0.454420 13
-0.100242 4.831037 0.457629 13
-0.000512 4.853481 0.443026 13
0.001414 4.921318 0.454330 13
0.213186 4.897366 0.411024 13
-1.689881 5.959278 0.945802 5
-1.745644 6.025510 0.967522 5
-1.716357 6.059963 0.968043 5
-1.678398 6.091748 0.966503 5
-1.672107 6.134588 0.972726 5
-1.583427 6.150710 0.959113 5
-1.570961 6.192174 0.963962 5
0.282715 5.680104 0.533008 5
0.502759 5.680950 0.492490 5
0.475861 5.755049 0.510254 5
0.564709 5.797067 0.501095 5
0.716189 5.824384 0.477828 5
1.763177 6.019297 0.318152 5
1.743100 6.099343 0.335720 5
1.794020 6.166134 0.337885 5
-2.301634 -1.445780 -0.086381 9
-2.416432 -0.906376 0.020041 9
-2.380346 -0.761249 0.036394 9
-2.284977 -0.762144 0.018776 9
-2.251507 -0.618716 0.035368 9
-2.100773 -0.743492 -0.011984 9
-2.000027 -0.750860 -0.031569 9
-1.932679 -0.684870 -0.033403 9
-1.850174 -0.651626 -0.043185 9
-1.760463 -0.632614 -0.056526 9
-1.732071 -0.491520 -0.039288 9
-2.321210 0.834434 0.278676 9
-2.326203 1.001086 0.306080 9
-2.352220 1.200273 0.342492 9
-2.286749 1.227733 0.334971 9
-2.211620 1.238614 0.323070 9
-2.284569 1.504534 0.378660 9
-2.257737 1.592976 0.387895 9
-2.165599 1.572029 0.367873 9
-2.081846 1.567025 0.351922 9
-2.040646 1.630617 0.354627 9
-1.921083 1.572771 0.323790 9
-1.851573 1.594239 0.314675 9
-1.793370 1.633103 0.310393 9
-1.269790 1.001600 0.114989 10
-1.211949 1.055021 0.113125 10
-1.138352 1.086366 0.104903 10
-0.985703 1.011354 0.065430 10
-1.428375 1.730523 0.260319 6
-1.449306 1.874750 0.287224 6
-1.471334 2.016336 0.313914 11
-1.480746 2.138265 0.335194 11
-1.448177 2.205756 0.340212 11
-1.414672 2.271171 0.344738 11
-1.447710 2.413845 0.373620 11
-1.450002 2.517234 0.390687 11
-1.435696 2.599544 0.401401 11
-1.391748 2.647551 0.401300 12
-1.433299 2.788076 0.431399 12
-1.458556 2.907500 0.455195 12
-1.473325 3.013024 0.474886 12
-1.390741 3.016668 0.460771 12
-1.275295 2.988950 0.435741 12
-1.243700 3.046372 0.439426 12
-1.191851 3.083817 0.436283 12
-1.046724 3.033542 0.402352 12
-1.010697 3.087985 0.404798 12
-0.911194 3.084573 0.386595 12
-0.901343 3.162887 0.397583 12
-0.874358 3.225093 0.402925 12
-0.751474 3.204833 0.377870 12
-0.738511 3.279363 0.387723 12
-0.680184 3.315690 0.383335 12
-0.618105 3.349554 0.377891 12
-0.593136 3.413340 0.383901 12
-0.426625 3.367326 0.346986 12
-0.394158 3.426676 0.350969 12
-0.364067 3.487535 0.355629 12
-0.339981 3.552447 0.362023 13
-0.268197 3.582988 0.354389 13
-0.253194 3.654026 0.363409 13
-0.258078 3.737929 0.378052 13
-0.224680 3.795060 0.381573 13
-0.158422 3.830626 0.375781 3
-0.154912 3.907118 0.387762 3
-0.015132 3.897509 0.361636 3
0.079751 3.918202 0.348400 3
0.204527 3.922612 0.327242 3
1.414891 3.294614 0.011267 2
0.484939 3.920900 0.277810 13
0.070911 4.602309 0.463287 13
0.023692 4.696581 0.487224 13
0.095526 4.732899 0.480730 13
0.108530 4.797290 0.489195 13
-1.685459 5.952670 0.995146 5
-1.724912 6.012945 1.012135 5
-1.687344 6.044561 1.010913 5
-1.720102 6.100949 1.026097 5
-1.696051 6.137308 1.028038 5
-1.508062 6.120853 0.992588 5
-1.608217 6.198245 1.023049 5
-0.500823 5.908555 0.781754 5
0.522176 5.666730 0.563214 5
0.476380 5.746258 0.584620 5
0.501722 5.805201 0.590203 5
0.657512 5.830408 0.567441 5
0.779829 5.866836 0.552400 5
1.799029 6.000654 0.398466 5
1.680825 6.099416 0.435801 5
1.856585 6.143133 0.412818 5
-2.334739 -1.327987 0.048631 9
-2.348495 -1.045692 0.092734 9
-2.377774 -0.739363 0.143185 9
-2.265796 -0.780308 0.117145 9
-2.184634 -0.746529 0.107669 9
-2.088055 -0.747008 0.090404 9
-1.988072 -0.752936 0.071752 9
-1.883268 -0.766842 0.051086 9
-1.797205 -0.739333 0.039908 9
-1.732993 -0.667103 0.039259 9
-1.717117 -0.501202 0.061091 9
-2.348628 0.902955 0.381293 9
-2.346593 1.054172 0.403430 9
-2.322449 1.159489 0.414860 9
-2.282342 1.233014 0.418766 9
-2.291277 1.390673 0.443852 9
-2.299143 1.541055 0.467682 9
-2.235403 1.566530 0.460328 9
-2.218161 1.668560 0.472575 9
-2.078095 1.571073 0.433519 9
-2.008361 1.589540 0.424125 9
-1.933983 1.601714 0.412997 9
-1.861798 1.618294 0.402931 9
-1.775156 1.614581 0.387322 9
-1.304381 1.060047 0.222211 10
-1.179982 1.018160 0.194349 10
-1.113934 1.060384 0.189286 10
-1.018374 1.062900 0.173152 10
-0.934614 1.082859 0.161711 10
-1.375521 1.784705 0.343882 6
-1.442775 1.985234 0.385828 11
-1.447634 2.101774 0.404331 11
-1.414227 2.168686 0.408750 11
-1.390104 2.245787 0.416328 11
-1.421707 2.386950 0.443216 11
-1.385090 2.445834 0.445919 11
-1.213343 2.351784 0.402228 6
-1.415771 2.676704 0.486384 12
-1.432318 2.789272 0.506411 12
-1.453098 2.903641 0.527452 12
-1.447576 2.987847 0.539415 12
-1.381230 3.008342 0.531287 12
-1.313364 3.028208 0.522822 12
-1.265959 3.069102 0.521076 12
-1.182837 3.075762 0.508028 12
-1.103219 3.087232 0.496332 12
-1.020770 3.097429 0.483978 12
-0.936856 3.107725 0.471409 12
-0.887652 3.150344 0.469712 12
-0.792615 3.153229 0.454157 12
-0.755504 3.207420 0.456325 12
-0.677472 3.227153 0.446280 12
-0.612508 3.258812 0.440303 12
-0.553496 3.296018 0.436206 12
-0.561517 3.386638 0.451690 12
-0.450497 3.383728 0.432658 12
-0.356204 3.395688 0.418766 12
-0.294604 3.433551 0.414411 12
-0.244710 3.480563 0.413464 12
-0.196736 3.529239 0.413116 13
-0.130504 3.565444 0.407784 13
-0.076505 3.610783 0.405945 13
-0.132437 3.729975 0.434050 13
-0.084627 3.778687 0.433809 3
-0.111583 3.875524 0.453607 3
-0.010399 3.890402 0.439193 3
0.052311 3.930619 0.435190 4
0.233478 3.900628 0.400445 3
-1.691191 5.949926 1.046680 5
-1.654146 5.981910 1.045868 5
-1.649182 6.025837 1.052258 5
-1.654803 6.073202 1.060949 5
-1.623020 6.107567 1.061421 5
-1.553802 6.130151 1.053869 5
-1.544406 6.172703 1.059358 5
-1.516679 6.209597 1.060942 5
-1.482581 6.244928 1.061244 5
0.455901 5.743423 0.663098 5
0.472329 5.804422 0.670554 5
0.484917 5.866389 0.678813 5
0.693136 5.879186 0.647150 5
1.752137 5.922225 0.482648 5
1.758442 5.997214 0.494215 5
1.670568 6.089860 0.524023 5
1.656202 6.167219 0.539376 5
-2.371950 -1.456214 0.147416 9
-2.424465 -1.066698 0.209844 9
-2.313315 -1.102882 0.185492 9
-2.348927 -0.781106 0.235770 9
-2.272736 -0.737129 0.228556 9
-2.156657 -0.784739 0.201883 9
-2.077162 -0.746531 0.193371 9
-1.981615 -0.743163 0.177327 9
-1.866236 -0.779965 0.152363 9
-1.781882 -0.749006 0.142117 9
-1.746313 -0.619414 0.153902 9
-1.695364 -0.524261 0.158324 9
-2.285462 0.797421 0.442206 9
-2.288689 0.960362 0.465340 9
-2.305223 1.141778 0.493334 9
-2.268984 1.222224 0.498350 9
-2.374385 1.548106 0.561583 9
-2.308502 1.568482 0.553263 9
-2.264350 1.625797 0.553797 9
-2.215959 1.675233 0.552541 9
-2.061312 1.554235 0.509570 9
-1.987180 1.565927 0.498750 9
-1.921673 1.591938 0.491412 9
-1.851830 1.611981 0.482536 9
-1.723047 1.546346 0.451778 9
-1.298227 1.059762 0.312330 10
-1.189408 1.039603 0.291368 10
-1.101081 1.050375 0.278215 10
-0.971751 1.007236 0.250656 10
-0.894533 1.036695 0.242053 10
-0.865999 1.130026 0.250600 10
-0.836335 1.220153 0.258535 10
-1.397825 2.044543 0.468505 11
-1.400677 2.156548 0.484969 11
-1.391228 2.251150 0.496951 11
-1.428721 2.398785 0.524245 11
-1.434805 2.506244 0.540665 11
-1.368705 2.529868 0.533276 11
-1.388048 2.648653 0.553537 12
-1.378781 2.733535 0.564279 12
-1.409708 2.859497 0.587508 12
-1.438007 2.979526 0.609476 12
-1.398001 3.026846 0.609870 12
-1.356271 3.072283 0.609735 12
-1.224590 3.029366 0.582256 12
-1.125363 3.021072 0.565075 12
-1.012675 3.002167 0.544203 12
-1.007624 3.085390 0.555581 12
-0.976979 3.143996 0.559272 12
-0.827502 3.096485 0.528384 12
-0.837262 3.191540 0.543943 12
-0.757833 3.208559 0.533793 12
-0.685868 3.233093 0.525967 12
-0.594902 3.243023 0.512983 12
-0.577839 3.314045 0.520819 12
-0.493857 3.331495 0.510110 12
-0.426154 3.362890 0.504079 12
-0.403630 3.429342 0.510446 12
-0.312855 3.444599 0.498412 12
-0.191483 3.439159 0.478479 12
-0.061585 3.430083 0.456684 12
0.018623 3.458305 0.448337 12
-0.050404 3.589585 0.478974 13
-0.041162 3.665436 0.488997 13
0.061985 3.679021 0.474922 4
0.008339 3.794839 0.500890 3
0.042639 3.853037 0.504396 3
1.500197 3.038677 0.153122 12
-1.645570 5.927656 1.086937 5
-1.652855 5.976411 1.095817 5
-1.633842 6.015224 1.099121 5
-1.629273 6.059140 1.105456 5
-1.581614 6.088314 1.102891 5
-1.611714 6.143556 1.116347 5
-1.474903 6.145218 1.095848 5
-1.473271 6.190686 1.102946 5
-1.450732 6.229749 1.105854 5
-1.395439 6.259721 1.102344 5
0.606369 5.759135 0.717945 5
0.606287 5.825692 0.728808 5
0.670140 5.875750 0.727336 5
0.760817 5.920279 0.720930 5
0.943660 5.944967 0.697379 5
0.996689 6.001807 0.698729 5
1.661627 5.930058 0.586627 5
1.731571 5.991180 0.586187 5
1.661804 6.080091 0.611425 5
1.654557 6.155961 0.625112 5
-2.371975 -1.168975 0.294161 9
-2.312282 -1.075372 0.295823 9
-2.325872 -0.808733 0.331827 9
-2.232449 -0.804824 0.316519 9
-2.125824 -0.829303 0.295429 9
-2.034743 -0.816106 0.281781 9
-1.965297 -0.754852 0.277917 9
-1.866036 -0.757597 0.260956 9
-1.777066 -0.737091 0.248723 9
-1.743922 -0.603571 0.260270 9
-2.334619 0.747663 0.531324 9
-2.324667 0.888141 0.547691 9
-2.369345 1.125783 0.585600 9
-2.305405 1.155868 0.578940 9
-2.238241 1.180425 0.571073 9
-2.232815 1.313121 0.587326 9
-2.324190 1.606556 0.640237 9
-2.224319 1.569802 0.619191 9
-2.149408 1.576893 0.607933 9
-2.069194 1.576778 0.594910 9
-2.003275 1.600569 0.587351 9
-1.896605 1.562657 0.565186 9
-1.801156 1.544741 0.547479 9
-1.725777 1.558621 0.537202 9
-1.285263 1.049674 0.399730 10
-1.145430 0.985910 0.368993 10
-1.016171 0.941161 0.342490 10
-0.969662 1.011731 0.344441 10
-0.911972 1.066611 0.342577 10
-0.850911 1.116865 0.339604 10
-0.863140 1.260071 0.360617 10
-1.338109 1.975071 0.530858 11
-1.348303 2.097081 0.548792 11
-1.332593 2.185077 0.558140 11
-1.382645 2.348393 0.587925 11
-1.371836 2.437145 0.598206 11
-1.335117 2.494969 0.600312 11
-1.366843 2.627818 0.623229 12
-1.326180 2.678855 0.623867 12
-1.327542 2.774225 0.637060 12
-1.333644 2.872543 0.651416 12
-1.357363 2.986743 0.670684 12
-0.910175 2.626967 0.552776 12
-1.299739 3.103982 0.677958 12
-1.233633 3.125876 0.670885 12
-1.129657 3.112918 0.653259 12
-0.986809 3.066257 0.625086 12
-0.888744 3.063836 0.609880 12
-0.848154 3.114482 0.610792 12
-0.752509 3.117033 0.596708 12
-0.740981 3.193305 0.605650 12
-0.600962 3.160855 0.580044 12
-0.577347 3.227273 0.585850 12
-0.529276 3.273393 0.585162 12
-0.533732 3.361171 0.598249 12
-0.466742 3.392255 0.592672 12
-0.411238 3.432871 0.590191 12
-0.174451 3.339366 0.541686 12
-0.199908 3.442557 0.560222 12
-0.119702 3.468499 0.552079 12
0.079288 3.412743 0.514679 12
0.163380 3.440119 0.506236 12
-0.013473 3.643342 0.561649 13
0.164970 3.607754 0.530288 13
0.067444 3.752993 0.565710 3
0.079833 3.825552 0.574484 3
1.530948 3.014402 0.243908 12
-1.594931 5.949918 1.134334 5
-1.592203 5.995125 1.140981 5
-1.590604 6.040446 1.147827 5
-1.561980 6.076335 1.149402 5
-1.527848 6.110722 1.149986 5
-1.495685 6.146157 1.151034 5
-1.421790 6.169210 1.144275 5
-1.429044 6.217506 1.152944 5
-1.303246 6.227465 1.136858 5
-0.477807 6.047795 0.992415 5
0.640861 5.807599 0.797217 5
0.685837 5.862595 0.799733 5
0.791096 5.903488 0.791578 5
0.945356 5.934765 0.775053 5
0.964036 5.999081 0.782844 5
1.059585 6.047085 0.777292 5
1.642356 5.997907 0.688000 5
1.573444 6.085729 0.711935 5
1.615630 6.151559 0.716832 5
1.692146 6.212002 0.716101 5
-2.300641 -1.574570 0.342556 9
-2.331677 -1.239721 0.386352 9
-2.370695 -0.901722 0.431890 9
-2.326033 -0.780630 0.438547 9
-2.238637 -0.763768 0.426128 9
-2.109119 -0.841582 0.395846 9
-2.012695 -0.840269 0.380245 9
-1.925265 -0.817697 0.368644 9
-1.844500 -0.780294 0.359915 9
-1.752160 -0.766523 0.346594 9
-1.731018 -0.608920 0.361715 9
-2.285457 0.667990 0.601268 9
-2.277367 0.813308 0.617136 9
-2.262755 0.941385 0.629967 9
-2.286761 1.135565 0.656830 9
-2.223731 1.167650 0.650653 9
-2.242891 1.342914 0.674582 9
-2.240694 1.475676 0.690108 9
-2.207207 1.552117 0.694013 9
-2.134491 1.562930 0.683934 9
-2.066026 1.581607 0.675505 9
-1.980172 1.573949 0.661233 9
-1.891883 1.564487 0.646405 9
-1.818475 1.579267 0.636861 9
-1.760104 1.617064 0.632477 9
-1.256832 1.017420 0.482012 10
-1.114505 0.950644 0.452061 10
-1.060377 1.009714 0.451061 10
-0.937964 0.976301 0.428338 10
-0.871567 1.020083 0.423685 10
-0.827149 1.092487 0.425944 10
-0.872272 1.277486 0.455724 10
-1.370654 2.020350 0.623106 11
-1.376777 2.136176 0.638499 11
-1.317809 2.171449 0.634124 11
-1.316063 2.274051 0.646767 11
-1.313106 2.372988 0.658808 11
-1.342081 2.505735 0.679887 11
-1.301951 2.558789 0.680707 11
-1.339781 2.695848 0.703717 12
-1.316225 2.764185 0.708995 12
-1.266221 2.804064 0.706801 12
-1.273792 2.902855 0.720604 12
-1.298919 3.017118 0.738989 12
-0.778009 2.592961 0.608687 12
-1.234198 3.127027 0.743877 12
-1.055506 3.043327 0.707253 12
-0.915294 3.000220 0.681493 12
-0.880861 3.056561 0.683952 12
-0.832302 3.100014 0.682738 12
-0.760731 3.123590 0.675663 12
-0.662112 3.125026 0.661855 12
-0.915237 3.423187 0.737317 6
-0.520052 3.178865 0.648941 12
-0.455173 3.212148 0.644261 12
-0.448265 3.291929 0.654005 12
-0.337707 3.290421 0.638318 12
-0.275970 3.328090 0.634789 12
-0.133368 3.306318 0.611966 12
-0.010415 3.301921 0.594281 12
-0.005146 3.383871 0.604751 12
0.095464 3.398196 0.592805 12
0.223888 3.395244 0.574685 12
0.361370 3.388747 0.554871 12
0.898592 3.122912 0.444277 12
0.987167 3.158787 0.437140 12
0.953389 3.272761 0.457671 2
1.494196 3.031584 0.350163 12
-1.496137 5.908091 1.166436 5
-1.542566 5.972053 1.182194 5
-1.544621 6.019111 1.189616 5
-1.504858 6.051601 1.189388 5
-1.436272 6.075156 1.184066 5
-1.439768 6.122784 1.191841 5
-1.406111 6.158617 1.193000 5
-1.357042 6.190295 1.191544 5
-1.332333 6.229691 1.194468 5
-0.528861 6.054553 1.063246 5
0.664180 5.792426 0.868117 5
0.746806 5.837877 0.864602 5
0.762242 5.901117 0.872589 5
0.819924 5.954415 0.873604 5
0.868396 6.010620 0.876305 5
0.984926 6.052897 0.868082 5
1.612829 5.992745 0.777886 5
1.418444 6.104618 0.820782 5
1.530413 6.155844 0.814704 5
-2.316561 -1.499288 0.464276 9
-2.281541 -1.334874 0.475841 9
-2.376542 -0.858378 0.541214 9
-2.309288 -0.793164 0.537290 9
-2.223657 -0.772261 0.525810 9
-2.129950 -0.768862 0.511253 9
-2.061721 -0.707540 0.506946 9
-1.934678 -0.773907 0.479821 9
-1.832065 -0.783843 0.462624 9
-1.746398 -0.756690 0.452114 9
-1.704463 -0.641561 0.457936 9
-2.311661 0.735584 0.700576 9
-2.288784 0.850570 0.709457 9
-2.281577 0.991017 0.723564 9
-2.243253 1.070122 0.726280 9
-2.238925 1.207653 0.740613 9
-2.250247 1.367828 0.759855 9
-2.219234 1.450616 0.764236 9
-2.180202 1.518029 0.765763 9
-2.143174 1.587339 0.767848 9
-2.005990 1.495942 0.737169 9
-1.930378 1.505836 0.726987 9
-1.859793 1.524576 0.718588 9
-1.784422 1.537011 0.708823 9
-1.691203 1.524487 0.693672 9
-1.243242 1.006459 0.569478 10
-1.122826 0.970454 0.547789 10
-1.052803 1.006966 0.541733 10
-0.949848 0.999572 0.525948 10
-0.849170 0.997375 0.511141 10
-0.815190 1.083389 0.516124 10
-0.806303 1.199724 0.528258 10
-0.821229 1.342980 0.546964 10
-1.338546 2.094005 0.707824 11
-1.319652 2.177668 0.714899 11
-1.281447 2.237195 0.716468 11
-1.235677 2.287452 0.715932 11
-1.291922 2.452229 0.743253 11
-1.257219 2.512055 0.745491 11
-1.381278 2.742985 0.790210 12
-1.326266 2.776796 0.786620 12
-1.309980 2.851261 0.793296 12
-1.295367 2.926257 0.800310 12
-1.270843 2.990149 0.804668 12
-1.209987 3.017645 0.799690 12
-0.738955 2.651226 0.690929 11
-1.095426 3.081356 0.791902 12
-0.999622 3.078357 0.778586 12
-0.904282 3.077684 0.765663 12
-0.837264 3.104061 0.759937 12
-0.689729 3.061051 0.734855 12
-0.919449 3.344238 0.800855 2
-0.910867 3.418494 0.809033 6
-0.797511 3.405587 0.792402 6
-0.594191 3.322587 0.755076 2
-0.377419 3.234185 0.715339 12
-0.332047 3.284000 0.715754 12
-0.190685 3.261122 0.694358 12
-0.174601 3.334433 0.701705 12
-0.097388 3.362470 0.695313 12
0.191294 3.240710 0.642154 12
0.169670 3.343085 0.658302 12
0.184295 3.418832 0.666350 12
0.443916 3.329627 0.621339 12
0.845416 3.153481 0.546758 2
0.893639 3.214282 0.548692 2
0.930329 3.282495 0.553134 2
1.038150 3.306809 0.542743 2
1.219378 3.288717 0.517431 6
-1.482836 5.945217 1.222693 5
-1.485448 5.993042 1.230083 5
-1.485041 6.039447 1.236933 5
-1.439192 6.070546 1.236102 5
-1.405958 6.106340 1.237510 5
-1.417557 6.156371 1.246428 5
-1.333912 6.177474 1.239689 5
-1.363053 6.232484 1.251507 5
-1.170465 6.225153 1.227594 5
0.861934 5.867201 0.932669 5
0.866438 5.933866 0.942503 5
0.872506 5.999933 0.952107 5
1.027375 6.033683 0.939232 5
1.109725 6.085160 0.937693 5
1.403965 6.096499 0.905054 5
1.434204 6.162467 0.912004 5
1.658361 6.194635 0.890968 5
-2.218231 -1.462561 0.562257 9
-2.267640 -1.096099 0.604651 9
-2.328660 -0.719712 0.649874 9
-2.260515 -0.660629 0.644921 9
-2.190749 -0.606422 0.639322 9
-2.061704 -0.683542 0.612095 9
-1.965365 -0.684798 0.597237 9
-1.839571 -0.745720 0.572206 9
-1.757542 -0.712461 0.563001 9
-1.688499 -0.652996 0.558373 9
-2.324882 0.777559 0.793467 9
-2.288278 0.864968 0.796565 9
-2.284963 1.011742 0.810506 9
-2.224347 1.049536 0.805274 9
-2.197861 1.147727 0.811109 9
-2.255498 1.388961 0.843559 9
-2.211423 1.448757 0.843110 9
-2.196196 1.555335 0.851596 9
-2.063657 1.468530 0.823716 9
-1.975708 1.457776 0.809993 9
-1.915600 1.492332 0.804910 9
-1.871080 1.550761 0.804539 9
-1.760768 1.510346 0.784774 9
-1.288972 0.945754 0.660149 10
-1.149396 0.880799 0.633853 10
-1.054231 0.882499 0.620744 10
-0.962196 0.890298 0.608770 10
-0.904084 0.945280 0.606498 10
-0.813474 0.957176 0.595280 10
-0.747830 1.002764 0.591111 10
-0.698514 1.069167 0.591445 10
-0.773544 1.289173 0.625127 10
-1.366349 2.132191 0.795675 11
-1.300649 2.159008 0.789733 11
-1.241087 2.193664 0.785517 11
-1.190342 2.238804 0.783671 11
-1.201408 2.353416 0.797679 11
-1.245104 2.501315 0.819709 12
-1.202072 2.551495 0.819599 12
-1.185740 2.629772 0.826155 12
-1.228887 2.768612 0.847269 12
-1.179920 2.809926 0.845555 12
-1.187214 2.907636 0.857511 12
-1.168580 2.977899 0.863078 12
-1.191284 3.086957 0.878403 12
-1.112919 3.098221 0.869712 12
-1.028419 3.105117 0.859791 12
-0.972214 3.139189 0.856636 2
-0.974682 3.225944 0.867032 2
-0.910244 3.252796 0.862104 2
-0.933963 3.355843 0.877165 6
-0.906047 3.413425 0.880500 6
-0.821672 3.424190 0.871351 6
-0.602380 3.327660 0.832843 2
-0.546668 3.366105 0.830627 2
-0.197108 3.177463 0.765211 12
-0.112923 3.199803 0.757685 12
-0.018909 3.216121 0.748292 12
0.020954 3.273477 0.750513 12
0.255023 3.192116 0.712376 12
0.192490 3.323846 0.736172 12
0.485093 3.209280 0.687036 12
0.513187 3.279325 0.692469 12
0.745585 3.214782 0.656862 2
0.787647 3.277934 0.659897 2
0.848291 3.329401 0.659326 2
0.830711 3.429583 0.674195 2
0.965233 3.436550 0.659416 6
1.017050 3.494771 0.660928 6
-1.422712 5.965584 1.271249 5
-1.438174 6.018009 1.280521 5
-1.425122 6.060332 1.285262 5
-1.336353 6.078350 1.278277 5
-1.378493 6.138517 1.291683 5
-1.380595 6.185510 1.298857 5
-1.319649 6.213958 1.296524 5
-1.187397 6.223539 1.283747 5
0.904003 5.915334 1.013547 5
0.939606 5.974936 1.018900 5
1.003056 6.028880 1.020477 5
1.027048 6.091964 1.027709 5
1.189923 6.127826 1.016049 5
1.395075 6.158719 0.999195 5
1.537459 6.204535 0.991373 5
-2.255213 -1.338067 0.688032 9
-2.287855 -1.017499 0.719957 9
-2.272413 -0.826219 0.733768 9
-2.258246 -0.640153 0.747411 9
-2.196592 -0.568710 0.744262 9
-2.046131 -0.693862 0.711153 9
-1.965326 -0.661955 0.701930 9
-1.876848 -0.645749 0.690302 9
-1.735030 -0.737023 0.661626 9
-2.299908 0.582179 0.858771 9
-2.307936 0.760764 0.875563 9
-2.315751 0.932287 0.891773 9
-2.254404 0.969489 0.886281 9
-2.227052 1.068113 0.891147 9
-2.140052 1.058388 0.877969 9
-2.217520 1.335200 0.913701 9
-2.165652 1.382647 0.910723 9
-1.759694 0.843466 0.805379 9
-2.055059 1.464971 0.902863 9
-1.968071 1.455608 0.890041 9
-1.913523 1.498556 0.886535 9
-1.813087 1.471584 0.870380 9
-1.696832 1.423802 0.850211 9
-1.231740 0.871303 0.735958 10
-1.151923 0.893000 0.727328 10
-1.045812 0.878888 0.711884 10
-0.942818 0.871478 0.697562 10
-0.850568 0.880679 0.686315 10
-0.747342 0.876990 0.672465 10
-0.686770 0.930404 0.669763 10
-0.753269 1.144333 0.699194 10
-0.704638 1.209139 0.699290 10
-1.226705 1.966832 0.840691 11
-1.180598 2.019975 0.840097 11
-1.170858 2.115285 0.848368 11
-1.181801 2.232356 0.861487 11
-1.222507 2.380092 0.881484 11
-1.195224 2.448970 0.885083 11
-1.132677 2.478824 0.880396 11
-1.204036 2.651163 0.906883 12
-1.261752 2.804454 0.929791 12
-1.231440 2.863854 0.932282 12
-1.195367 2.916919 0.933470 12
-1.209110 3.018508 0.945822 12
-1.126767 3.025516 0.936705 12
-1.126270 3.111176 0.945779 12
-1.002255 3.081036 0.927853 12
-0.967446 3.134744 0.929549 2
-0.964234 3.216294 0.938032 6
-0.991472 3.323076 0.952883 2
-0.997726 3.409588 0.963126 6
-0.925572 3.428781 0.956922 6
-0.874061 3.466027 0.955156 6
-0.815483 3.497972 0.952045 6
-0.689533 3.477289 0.935393 6
-0.197548 3.175726 0.845499 12
-0.105487 3.191835 0.836978 12
0.024162 3.181497 0.821269 12
0.123482 3.195912 0.811868 12
0.267684 3.179958 0.794016 12
0.435289 3.150605 0.772075 12
0.694464 3.062077 0.733159 12
0.760254 3.109556 0.731604 2
0.775377 3.190990 0.739689 2
0.755320 3.294319 0.754289 2
0.881045 3.304100 0.741917 2
0.962559 3.343433 0.737959 6
0.997231 3.412118 0.742674 6
0.978102 3.512413 0.757084 6
-1.385653 5.994527 1.324262 5
-1.378148 6.039157 1.329852 5
-1.252172 6.045504 1.318458 5
-1.287257 6.104336 1.330316 5
-1.321696 6.161934 1.341974 5
-1.309910 6.205103 1.347103 5
-1.127932 6.200603 1.328876 5
-1.054803 6.228936 1.325999 5
-0.858561 6.226578 1.306800 5
1.012054 5.948543 1.086351 5
0.989538 6.021809 1.099596 5
1.056559 6.075617 1.101432 5
1.078778 6.139370 1.109101 5
1.173877 6.189509 1.107837 5
1.509538 6.198191 1.077484 5
-2.215639 -1.405696 0.785081 9
-2.279291 -1.009410 0.823676 9
-2.258347 -0.832331 0.833707 9
-2.239848 -0.657005 0.844056 9
-2.238773 -0.449738 0.859412 9
-2.183732 -0.369153 0.857544 9
-2.045498 -0.468213 0.830255 9
-1.963866 -0.442869 0.820573 9
-1.849150 -0.484087 0.801205 9
-2.268437 0.536940 0.938714 9
-2.249641 0.663978 0.945936 9
-2.282321 0.884110 0.967625 9
-2.208003 0.898119 0.958493 9
-2.204200 1.040427 0.969205 9
-2.206341 1.188482 0.981255 9
-2.205842 1.327028 0.992262 9
-2.180981 1.419946 0.996403 9
-2.141974 1.487022 0.996638 9
-2.055480 1.475984 0.984295 9
-1.924296 1.396229 0.960508 9
-1.857512 1.421173 0.953848 9
-1.778398 1.427975 0.944151 9
-1.652398 1.366457 0.922766 9
-1.168549 0.788360 0.812108 10
-1.095973 0.821787 0.805716 10
-0.994494 0.815348 0.792346 10
-0.962869 0.906641 0.796232 10
-0.777137 0.789492 0.762927 10
-0.751619 0.889505 0.768493 10
-0.674207 0.920656 0.761706 10
-0.620826 0.982893 0.760690 10
-0.631040 1.123419 0.774457 10
-0.609302 1.221650 0.780654 10
-1.193031 2.038862 0.924508 11
-1.128031 2.068995 0.919514 11
-1.094215 2.135412 0.921608 11
-1.057801 2.198116 0.923125 11
-1.160655 2.413533 0.955190 11
-1.099307 2.445119 0.951036 11
-1.082578 2.524495 0.956609 11
-1.100499 2.638589 0.969521 12
-1.106231 2.737655 0.979674 12
-1.108720 2.831440 0.989016 12
-1.080779 2.893554 0.991924 12
-1.064167 2.965934 0.997169 12
-1.112639 3.098681 1.015659 12
-0.997988 3.077209 1.000890 12
-0.960510 3.128331 1.001914 2
-0.995640 3.243884 1.017413 2
-0.975704 3.308741 1.021861 2
-0.898657 3.324026 1.015151 2
-0.901222 3.407334 1.024036 6
-0.841572 3.438063 1.020906 6
-0.737679 3.433760 1.009496 6
-0.462658 3.296186 0.966118 2
-0.170959 3.153044 0.920473 12
-0.035587 3.136405 0.904665 12
0.041438 3.166050 0.899941 12
0.155273 3.169880 0.888708 12
0.331981 3.130872 0.866446 12
0.450699 3.136408 0.855050 12
0.635884 3.098524 0.832205 12
0.767846 3.100455 0.819228 2
0.736843 3.212144 0.834949 2
0.768575 3.281385 0.839707 2
0.880406 3.299833 0.830834 2
0.972830 3.332171 0.825542 6
1.024146 3.390721 0.827382 6
1.068431 3.453717 0.830502 6
-1.255846 5.992736 1.365393 5
-1.249623 6.038829 1.371255 5
-1.208756 6.073910 1.372625 5
-1.294042 6.147652 1.390374 5
-1.321312 6.202401 1.400486 5
-1.071683 6.178423 1.375668 5
-0.823119 6.159612 1.351730 5
-0.814246 6.208118 1.358001 5
1.053882 5.997650 1.169136 5
0.926187 6.092823 1.194119 5
1.077553 6.129251 1.186942 5
1.248481 6.164672 1.178046 5
1.518489 6.185301 1.158701 5
-2.217528 -1.369723 0.896089 9
-2.199955 -1.172792 0.906018 9
-2.231073 -0.869586 0.929751 9
-2.279898 -0.539608 0.957806 9
-2.251578 -0.397241 0.963021 9
-2.206026 -0.297829 0.963138 9
-2.098768 -0.332807 0.946013 9
-2.145927 -0.043894 0.971547 9
-2.236022 0.319881 1.008000 9
-2.223224 0.464722 1.015969 9
-2.228173 0.638735 1.028375 9
-2.255408 0.848417 1.046262 9
-2.210053 0.916353 1.044921 9
-2.205902 1.057078 1.054096 9
-2.199092 1.188451 1.062355 9
-2.186710 1.306019 1.069006 9
-2.119107 1.326940 1.061815 9
-2.077267 1.391002 1.061058 9
-2.030438 1.445834 1.059086 9
-1.969185 1.477119 1.053675 9
-1.865253 1.442633 1.038224 9
-1.764163 1.415462 1.023741 9
-1.254248 0.784487 0.914358 10
-1.094532 0.689888 0.887847 10
-1.027038 0.732251 0.882908 10
-0.956627 0.770709 0.877412 10
-0.830583 0.733463 0.859572 10
-0.660209 0.640213 0.832251 10
-0.632334 0.739723 0.836778 10
-0.542977 0.758159 0.827861 10
-0.554565 0.905251 0.840911 10
-0.517492 0.988402 0.843354 10
-0.597847 1.212779 0.870656 10
-0.933895 1.734641 0.951158 6
-1.104148 2.044860 0.995768 11
-1.056341 2.095458 0.994680 11
-1.094186 2.241987 1.011148 11
-1.082527 2.330185 1.017348 11
-1.070326 2.416176 1.023377 11
-1.077735 2.521400 1.033250 11
-1.104746 2.644720 1.046863 12
-1.047930 2.679688 1.043919 12
-1.018865 2.742795 1.046456 12
-1.041632 2.856061 1.058955 12
-1.013697 2.918027 1.061654 12
-1.002853 2.995507 1.067593 12
-0.959317 3.041560 1.067385 12
-0.932827 3.103096 1.070407 2
-0.947945 3.201095 1.081087 2
-0.955911 3.290893 1.090352 2
-0.905200 3.328821 1.088947 6
-0.897348 3.403064 1.095307 6
-0.787684 3.392476 1.083595 6
-0.774539 3.462032 1.089125 6
-0.725516 3.502376 1.088398 6
-0.127649 3.117380 0.993088 12
-0.017566 3.120366 0.982971 12
0.104269 3.116653 0.971149 12
0.210747 3.126530 0.962227 12
0.371979 3.099117 0.944469 12
0.185521 3.318924 0.984487 2
0.622727 3.103851 0.921990 12
0.795925 3.077573 0.903504 2
0.846902 3.135460 0.905100 2
0.792486 3.261570 0.923559 2
0.903207 3.280774 0.915815 2
0.962696 3.333520 0.916354 6
1.073770 3.355561 0.909063 6
-1.148795 6.000278 1.412203 5
-1.224255 6.072793 1.427814 5
-1.264141 6.132626 1.439050 5
-1.297588 6.189450 1.449436 5
-1.246799 6.221494 1.450107 5
-0.934424 6.183074 1.421409 5
-0.842288 6.208513 1.418173 5
-0.734674 6.231661 1.413521 5
1.102804 5.976739 1.241619 5
0.972304 6.073063 1.265329 5
0.987439 6.137097 1.273735 5
1.228546 6.157773 1.259356 5
-2.145530 -1.517277 0.986086 9
-2.189112 -1.169829 1.010505 9
-2.241156 -0.818868 1.036395 9
-2.211077 -0.672157 1.040171 9
-2.263985 -0.345983 1.065059 9
-2.224433 -0.235405 1.065796 9
-2.231838 -0.028927 1.078206 9
-2.250055 0.191642 1.092935 9
-2.155524 0.175619 1.079629 9
-2.237313 0.509794 1.109295 9
-2.168522 0.540023 1.102161 9
-2.238813 0.832280 1.128120 9
-2.190269 0.894320 1.125604 9
-2.115464 0.907943 1.117009 9
-2.132879 1.084716 1.129757 9
-2.108692 1.183791 1.132759 9
-2.097682 1.302317 1.138650 9
-2.066727 1.384485 1.139962 9
-2.024091 1.445894 1.138660 9
-1.943109 1.445778 1.128991 9
-1.796976 1.346593 1.105396 9
-1.712717 1.346683 1.095526 9
-1.169700 0.668746 0.988357 10
-1.076741 0.673261 0.977949 10
-1.004687 0.709165 0.972109 10
-0.783162 0.537240 0.935507 10
-0.811010 0.714568 0.950660 10
-0.712404 0.717575 0.939907 10
-0.575617 0.672312 0.921704 10
-0.443772 0.637147 0.904847 10
-0.435540 0.761214 0.912743 10
-0.439813 0.897945 0.922988 10
-0.327775 0.890410 0.910537 10
-0.942366 1.748981 1.038059 6
-0.948437 1.867058 1.047423 6
-0.960526 1.989296 1.057809 11
-1.058887 2.205409 1.084219 11
-1.029515 2.274544 1.086515 11
-1.021814 2.366181 1.092815 11
-0.996453 2.437399 1.095842 11
-0.919741 2.454359 1.089595 11
-1.071659 2.705291 1.124490 12
-0.926400 2.651582 1.106056 12
-0.932779 2.750269 1.114710 6
-0.853314 2.764472 1.108301 6
-1.008552 3.001249 1.142684 12
-0.865258 2.954680 1.125343 6
-0.827930 3.007806 1.126396 6
-0.898709 3.156927 1.145726 2
-0.872471 3.217490 1.148595 2
-0.856759 3.286553 1.153239 6
-0.840051 3.353950 1.157724 6
-0.630433 3.261776 1.130846 2
-0.625325 3.340128 1.137498 2
-0.220697 3.101166 1.080316 12
-0.070992 3.071333 1.064610 12
0.004097 3.101549 1.061001 12
0.081262 3.131204 1.057248 2
0.035438 3.251773 1.072623 2
0.112334 3.281900 1.069110 2
0.141384 3.346644 1.073018 2
0.354382 3.284619 1.049427 2
0.779605 3.084562 0.994914 12
0.910483 3.089297 0.984831 2
1.019632 3.110489 0.978252 2
1.037589 3.282273 0.994551 2
-1.222601 6.066320 1.480714 5
-1.141198 6.089181 1.478503 5
-1.202310 6.155385 1.491389 5
-1.120564 6.179470 1.489435 5
-0.952000 6.181197 1.478928 5
-0.793316 6.188704 1.469908 5
1.022884 5.984460 1.327230 5
0.887833 6.081030 1.349578 5
0.967608 6.130940 1.351947 5
1.109681 6.170092 1.348985 5
-2.187568 -1.144558 1.116988 9
-2.145590 -1.015948 1.116911 9
-2.220491 -0.625411 1.143812 9
-2.275544 -0.296948 1.165496 9
-2.226896 -0.207940 1.163151 9
-2.239376 0.007731 1.174498 9
-2.249134 0.209081 1.184951 9
-2.170257 0.223945 1.175689 9
-2.198782 0.451089 1.189914 9
-2.203002 0.622668 1.198593 9
-2.164840 0.708442 1.198047 9
-2.167622 0.867107 1.206126 9
-2.066200 0.833297 1.192265 9
-2.154893 1.136205 1.217994 9
-2.130209 1.232876 1.219991 9
-2.051743 1.236596 1.211027 9
-1.916129 1.147782 1.190730 9
-1.860376 1.192773 1.186728 9
-1.852872 1.313472 1.192339 9
-1.752531 1.287589 1.179685 9
-1.678947 1.304788 1.172463 9
-1.005559 0.435565 1.050049 10
-0.888908 0.410220 1.035931 10
-0.797340 0.423417 1.026828 10
-0.687427 0.412489 1.014481 10
-0.582389 0.410597 1.003291 10
-0.435361 0.354631 0.984608 10
-0.338584 0.368733 0.975460 10
-0.251762 0.397128 0.968319 10
-0.194040 0.463150 0.966572 10
-0.152376 0.548545 0.967765 10
-0.134086 0.661061 0.973118 10
-0.100753 0.753488 0.975813 10
-0.968466 1.894235 1.134631 6
-0.890297 1.912496 1.128334 6
-0.921966 2.054964 1.140910 11
-0.889012 2.122763 1.142424 11
-0.898698 2.235768 1.151116 11
-0.889604 2.326414 1.156610 11
-0.934350 2.471296 1.170939 11
-0.877785 2.509332 1.168568 12
-0.876409 2.602833 1.175236 12
-0.837200 2.657520 1.175800 12
-0.820928 2.733984 1.180079 12
-0.778279 2.784491 1.180208 6
-0.823521 2.916199 1.194146 6
-0.791953 2.975041 1.196034 12
-0.839948 3.104276 1.210186 2
-0.819718 3.170855 1.213801 2
-0.592734 3.059695 1.186273 2
-0.547928 3.107633 1.186549 2
-0.633115 3.262700 1.206168 2
-0.321106 3.092976 1.167250 12
-0.233742 3.109662 1.161806 12
-0.058048 3.059184 1.143846 12
-0.043031 3.135072 1.149269 2
-0.013361 3.199209 1.152641 2
-0.080485 3.333768 1.169638 2
0.041350 3.329761 1.160212 2
0.117685 3.360068 1.157348 2
0.185987 3.396941 1.155766 6
0.772369 3.085458 1.084467 12
0.887402 3.100268 1.077654 12
-1.206526 6.055289 1.532197 5
-1.047337 6.054320 1.523461 5
-0.977581 6.082801 1.523470 5
-1.011289 6.141952 1.533141 5
-0.987291 6.184253 1.537556 5
-0.901158 6.210310 1.536564 5
-0.651645 6.196225 1.521602 5
0.938693 5.993389 1.411275 5
0.781391 6.093979 1.433605 5
0.844868 6.145936 1.437849 5
1.015491 6.177975 1.433891 5
-2.199177 -1.087956 1.225469 9
-2.059910 -1.188712 1.204204 9
-2.160732 -0.736326 1.232123 9
-2.275055 -0.274941 1.262184 9
-2.181109 -0.284981 1.250090 9
-2.147460 -0.165624 1.250109 9
-2.182772 0.091689 1.263609 9
-2.239285 0.381123 1.280961 9
-2.205519 0.481501 1.280624 9
-2.188600 0.611177 1.283495 9
-2.089822 0.583185 1.270842 9
-2.172155 0.889774 1.292335 9
-2.103454 0.913881 1.285411 9
-2.166823 1.169813 1.302929 9
-2.097492 1.188836 1.295933 9
-1.975934 1.121027 1.279615 9
-1.903048 1.137518 1.272322 9
-1.842033 1.173963 1.267284 9
-1.767096 1.188594 1.259894 9
-1.703944 1.222375 1.254715 9
-1.673188 1.305246 1.255274 9
-1.586089 1.303137 1.246155 9
-0.643902 0.065121 1.091210 10
-0.803297 1.705751 1.191985 6
-0.765349 1.773298 1.192526 2
-0.787064 1.906946 1.202282 11
-0.859490 2.093087 1.219665 11
-0.860872 2.197410 1.226115 11
-0.737613 2.167775 1.213886 11
-0.829177 2.363946 1.233811 11
-0.866139 2.498960 1.245449 11
-0.789328 2.517069 1.240378 12
-0.761776 2.584549 1.242600 12
-0.743230 2.659956 1.246163 12
-0.740834 2.749570 1.252048 12
-0.710798 2.812064 1.254029 12
-0.694432 2.886435 1.257977 12
-0.733071 3.008794 1.269567 12
-0.716657 3.080289 1.273496 12
-0.597361 3.062808 1.263462 12
-0.484000 3.052858 1.254509 12
-0.403709 3.072454 1.250240 12
-0.287653 3.064372 1.241427 12
-0.235719 3.109404 1.241298 12
-0.099601 3.089356 1.230353 12
-0.039181 3.129822 1.229478 2
-0.042355 3.218313 1.236855 2
-0.020369 3.287074 1.241045 2
0.124597 3.267099 1.229909 6
0.084294 3.380335 1.242071 6
0.191745 3.389549 1.236018 6
0.413370 3.323656 1.216366 2
0.937376 3.063005 1.160910 12
-0.984701 5.978843 1.566749 5
-1.029690 6.042643 1.576810 5
-0.997400 6.082253 1.580511 5
-0.919072 6.109036 1.580656 5
-0.850630 6.139871 1.581819 5
-0.940325 6.213937 1.595392 5
-0.707578 6.203310 1.584334 5
-0.496814 6.202527 1.575581 5
0.679422 6.042170 1.505868 5
0.686734 6.104708 1.514316 5
0.690435 6.167852 1.523084 5
0.933671 6.183726 1.515760 5
-2.167824 -1.134396 1.324834 9
-2.166624 -0.912673 1.329650 9
-2.156476 -0.720717 1.332817 9
-2.101875 -0.634856 1.328200 9
-2.250211 -0.113893 1.358699 9
-2.213065 -0.006683 1.356955 9
-2.155495 0.055144 1.351774 9
-2.188482 0.297269 1.361969 9
-2.152768 0.395273 1.360517 9
-2.144094 0.542138 1.363601 9
-2.114322 0.644526 1.363177 9
-2.215285 0.982868 1.384202 9
-2.165756 1.038881 1.380467 9
-2.084598 1.038696 1.371708 9
-2.024181 1.075537 1.366431 9
-1.984495 1.147050 1.364560 9
-1.855320 1.070533 1.348622 9
-1.757007 1.048291 1.337792 9
-1.714705 1.116517 1.335874 9
-0.649747 1.756387 1.267629 2
-0.701011 2.027591 1.285738 11
-0.681799 2.110929 1.288725 11
-0.689086 2.220454 1.295255 11
-0.656450 2.287079 1.296532 11
-0.681202 2.410334 1.305343 11
-0.700749 2.525704 1.313429 11
-0.665226 2.585653 1.314433 12
-0.640590 2.655451 1.316897 12
-0.639482 2.746231 1.322375 12
-0.649158 2.845231 1.329203 12
-0.604913 2.894353 1.329357 12
-0.623810 2.998618 1.337341 12
-0.624528 3.085231 1.343085 12
-0.501459 3.066431 1.333957 12
-0.403674 3.071089 1.328119 12
-0.287891 3.062977 1.320383 12
-0.154692 3.043375 1.310876 12
-0.118496 3.101956 1.312906 12
-0.005305 3.101697 1.306200 2
0.011829 3.175322 1.310667 2
0.007912 3.263636 1.317553 2
0.050691 3.317134 1.319247 2
0.106183 3.361767 1.319651 6
0.191386 3.386372 1.316955 6
0.749130 3.093217 1.263447 12
-0.839561 5.926293 1.611928 5
-0.943373 6.009729 1.625643 5
-0.901240 6.047163 1.628968 5
-0.859272 6.085214 1.632451 5
-0.825548 6.126124 1.636635 5
-0.760698 6.159107 1.638903 5
-0.688685 6.191285 1.640922 5
-0.456916 6.185098 1.633107 5
0.508647 6.071576 1.589194 5
0.506071 6.134449 1.597898 5
0.636495 6.169353 1.598991 5
0.836422 6.192790 1.596594 5
-2.133030 -0.963880 1.427488 9
-2.166175 -0.673668 1.435131 9
-2.144433 -0.517132 1.434692 9
-2.129486 -0.351915 1.435301 9
-2.158938 -0.099804 1.442405 9
-2.155489 0.074625 1.444731 9
-2.128345 0.195157 1.443679 9
-2.153396 0.413712 1.450148 9
-2.136140 0.543168 1.450586 9
-2.100018 0.633199 1.448405 9
-2.138054 0.856055 1.456717 9
-2.102762 0.939899 1.454745 9
-2.033732 0.962796 1.448164 9
-1.952624 0.965652 1.440046 9
-1.859262 0.949492 1.430399 9
-1.846072 1.066685 1.431857 9
-1.696434 0.962171 1.414860 9
-1.616968 0.973589 1.407584 9
-0.550898 2.079031 1.361239 11
-0.533190 2.163238 1.364073 11
-0.535314 2.265961 1.369228 11
-0.525077 2.354613 1.373002 11
-0.520208 2.446981 1.377421 11
-0.502182 2.525369 1.380408 11
-0.506389 2.623267 1.385908 12
-0.482822 2.694176 1.388383 12
-0.502112 2.802468 1.395579 12
-0.445534 2.842322 1.394602 12
-0.473369 2.954899 1.402757 12
-0.454380 3.025782 1.405938 12
-0.395378 3.062918 1.404995 12
-0.318570 3.086193 1.402349 12
-0.193789 3.072526 1.394957 12
-0.100600 3.085973 1.391052 12
0.012108 3.086097 1.385397 12
0.010936 3.173448 1.391347 2
0.029787 3.244868 1.395349 2
0.069981 3.300323 1.397337 2
0.208037 3.286899 1.389983 2
0.324115 3.291410 1.385045 2
-0.775184 5.899245 1.665323 5
-0.724296 5.935438 1.668551 5
-0.863515 6.029333 1.682994 5
-0.800696 6.061589 1.685649 5
-0.773625 6.104817 1.690494 5
-0.730582 6.144015 1.694588 5
-0.637660 6.170888 1.696198 5
-0.511326 6.191042 1.696372 5
-0.261310 6.183900 1.690698 5
0.157335 6.142844 1.677469 5
0.359612 6.157236 1.675731 5
0.499073 6.188498 1.677510 5
-2.146319 -0.693528 1.532718 9
-2.130439 -0.524392 1.531489 9
-2.103193 -0.386144 1.529025 9
-2.091504 -0.220271 1.528539 9
-2.066738 -0.087262 1.526609 9
-2.116759 0.190394 1.533668 9
-2.106836 0.340108 1.533694 9
-2.121490 0.531437 1.536716 9
-2.089023 0.628075 1.534268 9
-2.125087 0.846724 1.539959 9
-2.036181 0.834938 1.531099 9
-1.942750 0.817347 1.521863 9
-1.882356 0.858373 1.516612 9
-1.763925 0.802493 1.504788 9
-1.682903 0.811633 1.497447 9
-1.599015 0.817454 1.489927 9
-0.349877 2.082194 1.433652 11
-0.333111 2.167633 1.436309 11
-0.317319 2.252753 1.439133 11
-0.318928 2.353036 1.443701 11
-0.294261 2.427213 1.445809 11
-0.286921 2.516286 1.449639 11
-0.240037 2.568773 1.449824 12
-0.241106 2.663145 1.454582 12
-0.258477 2.769911 1.460881 12
-0.197963 2.809165 1.460102 12
-0.177769 2.882175 1.463109 12
-0.209359 2.996305 1.470821 12
-0.136515 3.025274 1.469284 12
-0.084944 3.071721 1.469784 12
0.020955 3.077020 1.465711 12
0.128109 3.083292 1.461767 12
0.260154 3.073239 1.455952 12
0.262012 3.159358 1.461353 2
-0.650514 6.063396 1.742374 5
-0.628509 6.109378 1.747850 5
-0.586062 6.150201 1.752585 5
-0.474740 6.174359 1.754706 5
-0.316769 6.189257 1.755347 5
-0.106138 6.194894 1.754467 5
0.166168 6.190827 1.751950 5
0.398540 6.200281 1.751616 5
-2.104852 -0.557019 1.627380 9
-2.093377 -0.384958 1.625115 9
-2.105298 -0.170602 1.625225 9
-2.029517 -0.143335 1.617316 9
-2.084102 0.143728 1.621783 9
-2.101359 0.346714 1.622926 9
-2.087717 0.483429 1.621324 9
-2.101461 0.666485 1.622445 9
-2.036904 0.700847 1.616341 9
-1.956634 0.707375 1.608895 9
-1.866370 0.697841 1.600649 9
-1.780789 0.698282 1.592985 9
-1.675735 0.667919 1.583639 9
-1.582840 0.660281 1.575583 9
-0.479214 6.061621 1.801943 5
-0.458048 6.109363 1.807825 5
-0.362998 6.138645 1.811681 5
-0.280795 6.172659 1.816194 5
-0.133934 6.193040 1.819270 5
0.138832 6.188093 1.819618 5
-2.089541 -0.371028 1.721589 9
-2.101219 -0.158390 1.719489 9
-2.043414 -0.095251 1.712917 9
-2.087387 0.168630 1.713548 9
-2.086733 0.335548 1.711362 9
-2.093327 0.510286 1.709906 9
-1.997858 0.489714 1.701459 9
-1.904178 0.474882 1.693262 9
-1.822800 0.484115 1.686069 9
-1.711932 0.443442 1.676902 9
-1.625477 0.447585 1.669616 9
-0.215563 6.038031 1.863822 5
-0.175260 6.083365 1.869853 5
-0.179564 6.140077 1.876789 5
-0.005613 6.154820 1.881082 5
0.263108 6.151534 1.884565 5
0.610400 6.077330 -1.802360 5
0.501829 6.002161 -1.802083 5
0.392801 5.995588 -1.800350 5
0.284973 5.957489 -1.799649 5
0.173943 6.004007 -1.797051 5
0.065959 5.977210 -1.796541 5
-0.042960 5.971045 -1.795746 5
-0.153150 5.981913 -1.794751 5
-0.267244 6.035491 -1.792898 5
-0.384023 6.105296 -1.790863 5
0.942349 6.019941 -1.682293 5
0.832109 5.965209 -1.681391 5
0.723070 5.998737 -1.677599 5
0.613593 6.006656 -1.674935 5
0.504908 5.958041 -1.674528 5
0.395118 5.984284 -1.671657 5
0.285330 5.995048 -1.669564 5
0.176410 5.980441 -1.668616 5
0.067945 5.960780 -1.668082 5
-0.041230 5.956197 -1.667223 5
-0.151166 5.961292 -1.666235 5
-0.260345 5.954286 -1.665915 5
-0.369846 5.950335 -1.665709 5
-0.481889 5.970164 -1.664854 5
-0.590645 5.955247 -1.665502 5
-0.708216 6.013618 -1.663685 5
-0.826596 6.067731 -1.662257 5
1.277615 6.052298 -1.561191 5
1.164982 5.996261 -1.560262 5
1.054224 5.964767 -1.558454 5
0.945358 5.992890 -1.554125 5
0.836315 6.048829 -1.548705 5
0.726068 6.023161 -1.547285 5
0.615990 6.039519 -1.544122 5
-0.043055 5.996820 -1.536280 5
-0.150735 5.961795 -1.537063 5
-0.259258 5.943073 -1.537285 5
-0.373213 5.985039 -1.534816 5
-0.481650 5.963215 -1.535616 5
-0.600002 6.032093 -1.532285 5
-0.706503 5.990356 -1.534472 5
-0.811436 5.940803 -1.537249 5
-0.927669 5.976636 -1.536155 5
-1.047039 6.026858 -1.534597 5
1.396247 6.108070 -1.431704 5
1.278197 5.972722 -1.435679 5
1.166206 5.922239 -1.435123 5
1.057064 5.931142 -1.431413 5
0.948974 5.995085 -1.424747 5
-0.041773 5.988977 -1.407149 5
-0.145357 5.894964 -1.411715 5
-0.258538 5.936276 -1.408509 5
-0.826474 6.044922 -1.401291 5
-0.932752 6.000435 -1.404378 5
-1.047145 6.013768 -1.404257 5
-1.156239 5.990353 -1.406513 5
-1.273883 6.018086 -1.405965 5
2.120779 -0.266711 -1.786879 8
2.067346 -0.263950 -1.782994 8
2.017203 -0.248479 -1.778475 8
1.965246 -0.240451 -1.774481 8
1.917780 -0.212656 -1.769409 8
1.868594 -0.191328 -1.764798 8
1.812762 -0.201511 -1.762175 8
1.766757 -0.163147 -1.756699 8
1.716027 -0.147328 -1.752674 8
1.669949 -0.104133 -1.747030 8
1.625234 -0.048584 -1.740668 8
1.614950 0.234572 -1.719946 8
1.514288 6.128376 -1.303310 5
1.389755 5.917005 -1.313716 5
1.277989 5.878474 -1.312763 5
1.170979 5.937101 -1.305428 5
0.227703 3.084190 -1.481817 12
0.155669 2.912211 -1.492915 12
0.080898 2.820708 -1.498548 12
0.002698 2.790195 -1.500055 12
-0.088227 2.902101 -1.491701 12
-0.181543 3.015071 -1.483403 12
-1.056868 6.064679 -1.269541 5
-1.166405 6.038943 -1.272037 5
-1.275483 6.011456 -1.274851 5
-1.395271 6.044622 -1.273613 5
2.126895 -0.462818 -1.742133 8
2.075193 -0.459531 -1.738349 8
2.025350 -0.449672 -1.734209 8
1.971919 -0.454634 -1.731186 8
1.924912 -0.433633 -1.726447 8
1.867760 -0.456872 -1.724910 8
1.827735 -0.403522 -1.718031 8
1.785396 -0.357273 -1.711697 8
1.722388 -0.413258 -1.712817 8
1.679963 -0.365070 -1.706485 8
1.633194 -0.337230 -1.701691 8
1.615271 -0.133029 -1.683901 8
1.629172 0.299660 -1.648972 8
1.502275 5.880355 -1.191349 5
1.395187 5.927572 -1.183965 5
1.288934 6.007006 -1.174199 5
0.562465 2.983490 -1.397907 12
0.490303 2.599754 -1.427322 12
0.420928 2.342911 -1.446743 11
0.353064 2.160316 -1.460358 11
0.288238 1.984641 -1.473584 11
0.214666 1.997237 -1.471686 11
0.139184 2.031338 -1.468156 11
0.068511 1.998372 -1.470198 11
-0.005859 2.010927 -1.468656 11
-0.080409 2.021616 -1.467385 11
-0.150903 1.992913 -1.469445 11
-0.213719 1.904249 -1.476516 2
-0.318906 2.150636 -1.456383 11
-0.469444 2.684036 -1.412972 12
-1.186716 6.150705 -1.131107 5
-1.271050 5.969323 -1.146565 5
-1.383726 5.963343 -1.147919 5
-1.503907 5.995551 -1.146358 5
2.098839 -0.584243 -1.692043 8
2.044263 -0.595802 -1.689624 8
1.996028 -0.584449 -1.685472 8
1.953201 -0.551113 -1.679617 8
1.903225 -0.546219 -1.676133 8
1.852226 -0.546385 -1.673148 8
1.807213 -0.519771 -1.668037 8
1.747363 -0.563637 -1.668856 8
1.704004 -0.528709 -1.663203 8
1.655085 -0.520914 -1.659889 8
1.618512 -0.443144 -1.650713 8
1.666043 0.148084 -1.597724 8
1.631731 0.289698 -1.582849 8
1.634920 0.704166 -1.544400 8
1.624889 5.970327 -1.058322 5
1.516247 6.007268 -1.051204 5
1.404265 5.998321 -1.048353 5
1.299991 6.135629 -1.032527 5
0.812347 3.099990 -1.296447 2
0.728003 2.767716 -1.324797 12
0.650447 2.365465 -1.359813 11
0.580058 1.993714 -1.392315 11
0.507266 1.992383 -1.391063 11
0.433826 2.009090 -1.388264 11
0.359970 2.026817 -1.385478 11
0.286419 2.031466 -1.384006 11
0.215472 1.992660 -1.386659 11
0.141721 2.000979 -1.385074 11
0.069678 1.985554 -1.385798 11
0.016350 1.769885 -1.405189 2
-0.057340 1.792830 -1.402596 2
-0.132424 1.823051 -1.399435 2
-0.201674 1.799198 -1.401399 2
-0.269932 1.770050 -1.403966 2
-0.373656 1.995349 -1.383027 11
-0.447352 1.990928 -1.383522 11
-0.524102 2.004777 -1.382436 11
-1.299606 6.121099 -1.001006 5
-1.383256 5.943783 -1.018102 5
-1.508922 6.004099 -1.013343 5
-1.625796 6.012404 -1.013585 5
2.123799 -0.696685 -1.647030 8
2.068322 -0.713665 -1.645350 8
2.030352 -0.667323 -1.638001 8
1.985636 -0.644516 -1.632841 8
1.934606 -0.646381 -1.630020 8
1.877066 -0.676858 -1.629947 8
1.833543 -0.649124 -1.624543 8
1.783684 -0.649012 -1.621791 8
1.741176 -0.614255 -1.615839 8
1.693414 -0.603638 -1.612229 8
1.642786 -0.608172 -1.610139 8
1.632840 -0.384302 -1.586161 8
1.677031 0.188741 -1.528299 8
1.647853 0.365935 -1.508440 8
1.657083 0.825645 -1.460954 8
1.746132 6.015844 -0.927526 5
1.624959 5.902724 -0.934941 5
1.521565 6.009346 -0.920503 5
1.409520 6.004962 -0.917358 5
0.875647 2.085710 -1.304171 11
0.801086 2.032839 -1.307735 11
0.727665 2.015423 -1.307798 11
0.654609 1.992698 -1.308520 11
0.582343 1.946634 -1.311754 11
0.507858 2.021643 -1.302642 11
0.434719 2.015956 -1.301932 11
0.360348 2.039192 -1.298341 11
0.289169 1.994037 -1.301923 11
0.216078 1.991240 -1.301234 11
0.145129 1.958731 -1.303731 11
0.078552 1.879802 -1.311158 2
0.015977 1.772827 -1.321615 2
-0.049400 1.712209 -1.327373 6
-0.119151 1.699906 -1.328213 6
-0.194838 1.737140 -1.324001 6
-0.272019 1.778989 -1.319407 2
-0.341323 1.757963 -1.321460 2
-0.450046 1.999746 -1.296253 11
-0.524723 1.998799 -1.296424 11
-0.596866 1.981768 -1.298377 11
-0.679964 2.026033 -1.294058 11
-1.512551 6.005289 -0.880618 5
-1.612390 5.926712 -0.889554 5
-1.774184 6.148462 -0.867454 5
2.095574 -0.813260 -1.601468 8
2.066103 -0.740451 -1.591022 8
2.008184 -0.769147 -1.591002 8
1.971701 -0.717910 -1.582830 8
1.912665 -0.754461 -1.583804 8
1.868248 -0.733524 -1.578888 8
1.818651 -0.734429 -1.576320 8
1.777339 -0.698251 -1.569912 8
1.732817 -0.674982 -1.564912 8
1.677917 -0.702838 -1.565412 8
1.637864 -0.655436 -1.557954 8
1.642404 -0.352818 -1.523076 8
1.669229 0.117086 -1.469928 8
1.643755 0.313542 -1.446097 8
1.659696 0.814138 -1.389070 8
1.745643 5.945699 -0.804266 5
1.634000 5.947357 -0.800273 5
1.520689 5.923684 -0.799264 5
1.405638 5.861885 -0.802696 5
1.304536 6.045492 -0.778742 5
1.047774 2.597836 -1.163840 11
0.952659 2.101363 -1.217725 11
0.873795 1.899027 -1.238683 2
0.800964 1.858563 -1.241484 6
0.729445 1.965411 -1.227664 2
0.656682 1.938717 -1.229095 2
0.584076 1.933867 -1.228143 11
0.509478 2.010672 -1.217965 11
0.436543 1.996201 -1.218296 11
0.363780 1.982958 -1.218588 11
0.287793 2.032883 -1.211736 11
0.216879 1.986776 -1.215995 11
0.152778 1.858583 -1.229797 2
0.080647 1.855773 -1.229298 2
0.010182 1.834327 -1.231042 2
-0.048332 1.698823 -1.246027 6
-0.116047 1.667706 -1.249090 6
-0.183412 1.637444 -1.252153 6
-0.260212 1.682197 -1.246654 6
-0.346887 1.789443 -1.234032 2
-0.451067 1.997440 -1.209866 11
-0.527684 2.007366 -1.208665 11
-0.602253 2.002810 -1.209235 11
-0.679826 2.014052 -1.208081 11
-0.754623 2.008210 -1.209000 11
-0.829716 2.003071 -1.209938 11
-1.753452 6.030268 -0.746014 5
2.140471 -0.848440 -1.552167 8
2.083369 -0.873695 -1.552106 8
2.048432 -0.822403 -1.543438 8
2.007469 -0.790508 -1.537002 8
1.946904 -0.832752 -1.539125 8
1.899483 -0.826528 -1.535768 8
1.849336 -0.832116 -1.533846 8
1.812670 -0.780097 -1.525284 8
1.758707 -0.803417 -1.525558 8
1.709545 -0.806852 -1.523586 8
1.667938 -0.773457 -1.517337 8
1.644370 -0.641706 -1.499470 8
1.642272 -0.375976 -1.465617 8
1.668521 0.088043 -1.407928 8
1.655711 0.362648 -1.372608 8
1.665854 0.826454 -1.314395 8
1.623331 0.975991 -1.293794 8
1.868267 5.991046 -0.671996 5
1.759115 6.030371 -0.663306 5
1.637582 5.923787 -0.672640 5
1.525741 5.922185 -0.669268 5
1.409815 5.851474 -0.674562 5
1.114931 2.305242 -1.109624 11
1.031095 2.132392 -1.128874 11
0.943384 1.737433 -1.175882 2
0.873252 1.773903 -1.169516 2
0.802311 1.800572 -1.164442 2
0.730660 1.772381 -1.166293 2
0.659565 1.741653 -1.168562 2
0.587763 1.794245 -1.160494 2
0.511113 1.999041 -1.133400 11
0.435627 2.055412 -1.124967 11
0.364426 1.989340 -1.132006 11
0.288757 2.028499 -1.125903 11
0.217726 1.981596 -1.130729 11
0.149347 1.909598 -1.138824 11
0.084626 1.809021 -1.150637 2
0.015032 1.780855 -1.153403 2
-0.049759 1.709828 -1.161686 6
-0.117339 1.674780 -1.165512 6
-0.184105 1.637392 -1.169725 6
-0.275599 1.792265 -1.149661 2
-0.365583 1.913735 -1.133904 11
-0.452643 1.998793 -1.122844 11
-0.527838 1.998451 -1.122704 11
-0.608127 2.026612 -1.119038 11
-0.680911 2.008844 -1.121291 11
-0.758365 2.016049 -1.120469 11
-0.834106 2.012649 -1.121084 11
-0.901484 1.968531 -1.126955 11
-1.883245 6.067841 -0.607750 5
2.130452 -0.899761 -1.502442 8
2.084195 -0.888914 -1.498341 8
2.034766 -0.889501 -1.495731 8
1.984424 -0.894435 -1.493736 8
1.943497 -0.864443 -1.487393 8
1.895981 -0.859305 -1.484242 8
1.839880 -0.890501 -1.485785 8
1.801308 -0.848927 -1.478104 8
1.751676 -0.854881 -1.476554 8
1.707274 -0.837313 -1.472038 8
1.660570 -0.830444 -1.468953 8
1.644169 -0.663604 -1.445139 8
1.669283 -0.247590 -1.388760 8
1.616030 -0.246564 -1.386364 8
1.609845 0.048696 -1.345435 8
1.673681 0.849731 -1.237791 8
1.631751 1.005781 -1.214713 8
1.871474 5.961652 -0.544339 5
1.762553 6.003708 -0.534952 5
1.650911 6.020131 -0.529105 5
1.200724 2.399816 -1.009501 11
1.111428 2.178609 -1.037092 11
1.021809 1.848068 -1.079667 2
0.942994 1.649972 -1.104565 6
0.873021 1.665224 -1.100702 6
0.801059 1.555073 -1.113953 6
0.732500 1.756248 -1.084957 6
0.661388 1.719376 -1.088406 2
0.590553 1.710116 -1.088180 2
0.512856 1.983086 -1.049450 11
0.439433 1.978421 -1.048710 11
0.366337 1.967187 -1.048953 11
0.293200 1.959525 -1.048792 11
0.217391 1.995036 -1.042783 11
0.149720 1.908712 -1.053600 11
0.072511 1.956385 -1.046078 11
0.016542 1.763457 -1.071770 2
-0.058074 1.788117 -1.067586 2
-0.127440 1.760390 -1.070705 2
-0.207839 1.826361 -1.060974 2
-0.278945 1.810672 -1.062591 2
-0.382008 2.021683 -1.032966 11
-0.462009 2.051580 -1.028435 11
-0.531637 2.012134 -1.033573 11
-0.592421 1.924231 -1.045499 11
-0.691211 2.054500 -1.027334 11
-0.761016 2.018124 -1.032303 11
-0.819030 1.925357 -1.045157 11
-0.908069 1.986998 -1.036736 11
-0.945198 1.806990 -1.061822 2
-1.059685 1.975758 -1.038760 11
2.124216 -0.938244 -1.451992 8
2.077452 -0.930007 -1.448286 8
2.031142 -0.920472 -1.444456 8
1.979328 -0.931424 -1.443497 8
1.923292 -0.960345 -1.445091 8
1.879272 -0.944590 -1.440579 8
1.839746 -0.909707 -1.433448 8
1.791242 -0.911640 -1.431482 8
1.753390 -0.866262 -1.422948 8
1.693343 -0.923102 -1.428793 8
1.644676 -0.929659 -1.427657 8
1.626872 -0.775361 -1.403837 8
1.678680 -0.218195 -1.322814 8
1.630387 -0.185368 -1.315963 8
1.588784 -0.107738 -1.302759 8
1.645042 0.630113 -1.195158 8
1.603858 0.776689 -1.171832 8
1.986548 5.922287 -0.422161 5
1.878528 5.970367 -0.411433 5
1.771309 6.035230 -0.398362 5
1.421015 3.142337 -0.815248 12
1.301060 2.662231 -0.882578 12
1.178496 1.989294 -0.978409 11
1.104963 1.997508 -0.975115 11
1.020563 1.755301 -1.008570 2
0.945789 1.659614 -1.020729 6
0.875776 1.685245 -1.015180 6
0.803698 1.597098 -1.026439 6
0.734144 1.695290 -1.010341 6
0.663584 1.626234 -1.018963 6
0.591648 1.737004 -1.001102 2
0.521073 1.704779 -1.004436 2
0.439826 2.000175 -0.959297 11
0.370361 1.896995 -0.973269 11
0.295463 1.930914 -0.966984 11
0.224326 1.893939 -0.971304 10
0.160921 1.759846 -0.990164 10
0.093350 1.706226 -0.997145 10
0.023373 1.688618 -0.998841 10
-0.044889 1.656363 -1.002799 10
-0.127793 1.759001 -0.986689 10
-0.201666 1.769848 -0.984348 2
-0.302409 1.981640 -0.952030 10
-0.378592 1.989322 -0.950287 11
-0.456337 2.004981 -0.947424 11
-0.524869 1.960308 -0.953667 11
-0.599064 1.952507 -0.954468 11
-0.673466 1.945353 -0.955247 11
-0.758748 1.994451 -0.947673 11
-0.794691 1.792309 -0.977825 2
-0.875859 1.821916 -0.973324 2
-0.931771 1.733493 -0.986587 2
-1.028904 1.829338 -0.972310 2
-1.110241 1.850465 -0.969307 2
2.156162 -1.011571 -1.409859 8
2.112554 -0.994380 -1.404864 8
2.074834 -0.956774 -1.396878 8
2.023581 -0.965202 -1.395762 8
1.977940 -0.954571 -1.391863 8
1.916840 -1.003051 -1.396866 8
1.878854 -0.964519 -1.388889 8
1.823819 -0.994264 -1.391223 8
1.769686 -1.023631 -1.393578 8
1.733888 -0.973620 -1.383972 8
1.691398 -0.951432 -1.378605 8
1.665053 -0.847510 -1.360804 8
1.626844 -0.795740 -1.350943 8
1.632486 -0.496609 -1.303171 8
1.634983 -0.181908 -1.252825 8
1.586780 -0.144438 -1.245006 8
1.547823 -0.041842 -1.227157 10
1.500040 0.011533 -1.216909 10
1.447060 0.032274 -1.211741 10
1.393870 0.053577 -1.206527 10
1.347454 0.138242 -1.191484 10
1.343852 0.658568 -1.108433 10
1.282468 0.660573 -1.106189 10
1.410139 2.959167 -0.744115 12
1.251517 1.927826 -0.903553 11
1.179280 1.950437 -0.897889 11
1.105046 1.942217 -0.897139 2
1.019435 1.666600 -0.938658 6
0.949257 1.688774 -0.933318 6
0.875357 1.572133 -0.950007 6
0.806231 1.629550 -0.939223 6
0.735683 1.616898 -0.939601 6
0.664597 1.757596 -0.915672 6
0.592147 1.805200 -0.906567 2
0.524532 1.616763 -0.935127 10
0.452445 1.664831 -0.926086 10
0.385987 1.562332 -0.941144 10
0.321652 1.456227 -0.956876 10
0.259772 1.342779 -0.973882 10
0.198095 1.255613 -0.986773 10
0.134480 1.211169 -0.992899 10
0.072098 1.161632 -0.999914 10
0.009381 1.123650 -1.005146 10
-0.061836 1.166864 -0.997393 10
-0.130312 1.179499 -0.994608 10
-0.216216 1.321146 -0.971113 10
-0.307121 1.477129 -0.945342 10
-0.446509 1.931066 -0.871591 11
-0.537365 2.027744 -0.855432 11
-0.614626 2.032632 -0.854132 11
-0.688174 2.015167 -0.856505 11
-0.726815 1.816025 -0.888269 2
-0.794904 1.781362 -0.893565 2
-0.864042 1.753613 -0.897813 2
-0.922687 1.679777 -0.909572 6
-1.004458 1.710682 -0.904483 6
-1.096855 1.781466 -0.893020 2
-1.186751 1.835238 -0.884372 2
-1.958359 0.449370 -1.117730 9
-1.970445 0.319613 -1.139591 9
-1.982655 0.195411 -1.160583 9
-1.969811 0.023019 -1.189270 9
-1.981268 -0.091935 -1.208810 9
-2.053984 -0.078952 -1.208036 9
-2.156261 -0.009558 -1.198386 9
2.260891 -1.010272 -1.359502 8
2.222352 -0.976412 -1.351720 8
2.168249 -0.990572 -1.351599 8
2.121431 -0.982732 -1.348032 8
2.057777 -1.032500 -1.353734 8
2.018422 -1.001190 -1.346510 8
1.975385 -0.981875 -1.341238 8
1.932327 -0.962027 -1.335912 8
1.883414 -0.964647 -1.334255 8
1.837080 -0.957757 -1.331102 8
1.791623 -0.947383 -1.327424 8
1.725949 -1.028076 -1.338651 8
1.701180 -0.924215 -1.319783 8
1.665444 -0.865219 -1.308237 8
1.635217 -0.772180 -1.291092 8
1.644094 -0.454393 -1.236875 8
1.631695 -0.224521 -1.196993 8
1.576284 -0.233447 -1.196529 10
1.520352 -0.248007 -1.197055 10
1.471564 -0.215235 -1.189770 10
1.415377 -0.234669 -1.191207 10
1.366456 -0.198729 -1.183462 10
1.316434 -0.167328 -1.176499 10
1.263467 -0.159709 -1.173548 10
1.209698 -0.160176 -1.171996 10
1.159734 -0.115844 -1.162959 10
1.106393 -0.106945 -1.159909 10
1.052730 -0.101485 -1.157480 10
1.000382 -0.070530 -1.150787 10
0.946867 -0.053550 -1.146487 10
0.895420 0.032753 -1.130478 10
0.840719 0.053057 -1.125671 10
0.786028 0.099707 -1.116423 10
0.738037 1.713636 -0.840558 2
0.666292 1.762596 -0.830626 2
0.594389 1.756285 -0.830159 10
0.539466 1.055926 -0.948265 10
0.472224 1.116440 -0.936628 10
0.413589 0.952426 -0.963445 10
0.344916 1.034500 -0.948215 10
0.286630 0.926110 -0.965668 10
0.228896 0.838023 -0.979724 10
0.172204 0.757053 -0.992634 10
0.112835 0.720998 -0.997895 10
0.049555 0.728912 -0.995648 10
-0.003391 0.642329 -1.009722 10
-0.077769 0.744024 -0.991419 10
-0.146776 0.788731 -0.982968 10
-0.218301 0.843812 -0.972765 10
-0.307371 1.006050 -0.944100 10
-0.420473 1.295631 -0.893454 10
-0.601274 1.944258 -0.780752 11
-0.678120 1.948601 -0.779412 10
-0.728188 1.811621 -0.802578 2
-0.799946 1.794308 -0.805112 2
-0.864922 1.745331 -0.813187 6
-0.913064 1.623775 -0.833891 6
-0.994964 1.656685 -0.827912 6
-1.073247 1.670582 -0.825282 6
-1.154208 1.692569 -0.821307 6
-1.959755 0.772705 -0.984938 9
-1.958030 0.597323 -1.015925 9
-1.970182 0.461491 -1.040113 9
-1.977744 0.321139 -1.065103 9
-1.977655 0.170013 -1.091966 9
-2.020830 0.116619 -1.102042 9
-1.970439 -0.128394 -1.145067 9
-1.982431 -0.237268 -1.164709 9
-2.000820 -0.329605 -1.181534 9
-2.059157 -0.342152 -1.184722 9
-2.168982 -0.258791 -1.171564 9
-2.253634 -0.226539 -1.167228 9
-2.332422 -0.207467 -1.165215 9
-2.455879 -0.112291 -1.150313 9
2.255915 -1.042225 -1.309464 8
2.194000 -1.080511 -1.313764 8
2.153610 -1.054273 -1.307108 8
2.106671 -1.048547 -1.303991 8
2.063943 -1.029061 -1.298547 8
2.004805 -1.066684 -1.302978 8
1.972804 -1.009137 -1.291032 8
1.917473 -1.036374 -1.293773 8
1.845134 -1.133824 -1.308776 8
1.801843 -1.120995 -1.304698 8
1.751732 -1.137183 -1.305713 8
1.709886 -1.118633 -1.300704 8
1.681589 -1.035450 -1.284388 8
1.644306 -0.989190 -1.274535 8
1.675553 -0.582751 -1.201275 8
1.658202 -0.398909 -1.167032 8
1.610776 -0.369180 -1.159942 8
1.556853 -0.376823 -1.159493 10
1.506860 -0.360674 -1.154869 10
1.455292 -0.354327 -1.152019 10
1.403067 -0.353002 -1.150099 10
1.354239 -0.324754 -1.143416 10
1.308437 -0.265738 -1.131259 10
1.248573 -0.333093 -1.141725 10
1.200428 -0.289779 -1.132430 10
1.146271 -0.309494 -1.134467 10
1.096636 -0.273954 -1.126616 10
1.046217 -0.240812 -1.119218 10
0.991862 -0.269749 -1.123037 10
0.941286 -0.226939 -1.113951 10
0.889223 -0.204194 -1.108510 10
0.836039 -0.210133 -1.108291 10
0.783504 -0.181417 -1.101829 10
0.730206 -0.194564 -1.102991 10
0.676853 -0.140732 -1.092022 10
0.623109 -0.133351 -1.089521 10
0.569220 -0.126697 -1.087187 10
0.514719 -0.106669 -1.082448 10
0.459762 -0.086068 -1.077634 10
0.403642 -0.052131 -1.070412 10
0.344811 0.013231 -1.057467 10
0.285831 0.062155 -1.047546 10
0.221853 0.158860 -1.028891 10
0.157732 0.235608 -1.013903 10
0.095741 0.275839 -1.005634 10
0.039137 0.260049 -1.007685 10
-0.022387 0.286015 -1.002102 10
-0.082624 0.297309 -0.999250 10
-0.144265 0.315862 -0.995099 10
-0.225745 0.461370 -0.967594 10
-0.308807 0.597635 -0.941800 10
-0.409185 0.817547 -0.900590 10
-0.568574 1.336007 -0.804286 10
-0.628318 1.280566 -0.813888 10
-0.803068 1.797678 -0.717790 2
-0.855821 1.690073 -0.737098 6
-0.919464 1.639850 -0.745864 6
-0.992176 1.631617 -0.746921 6
-1.066444 1.629125 -0.746966 6
-1.152125 1.670475 -0.738949 6
-1.896903 0.965123 -0.869385 9
-1.924217 0.848865 -0.891228 9
-1.944332 0.720283 -0.915389 9
-1.893761 0.431880 -0.969128 9
-1.951361 0.403690 -0.974791 9
-1.960455 0.268030 -1.000349 9
-1.958111 0.113223 -1.029467 9
-2.034045 0.129955 -1.026952 9
-1.958947 -0.166091 -1.082168 9
-1.981518 -0.253017 -1.098826 9
-1.957520 -0.428276 -1.131779 9
-1.990656 -0.487165 -1.143316 9
-2.074034 -0.450568 -1.137325 9
-2.155058 -0.421113 -1.132705 9
-2.226689 -0.410947 -1.131684 9
-2.299958 -0.399582 -1.130497 9
-2.400776 -0.342907 -1.121064 9
-2.480079 -0.325871 -1.118959 9
2.194827 -1.095027 -1.261707 8
2.137352 -1.122671 -1.264762 8
2.100534 -1.085846 -1.256052 8
2.051574 -1.088265 -1.254565 8
1.996284 -1.113921 -1.257402 8
1.947532 -1.118682 -1.256437 8
1.892625 -1.147951 -1.260050 8
1.852506 -1.122392 -1.253549 8
1.806225 -1.120781 -1.251517 8
1.749800 -1.163279 -1.257733 8
1.717305 -1.103557 -1.244938 8
1.680390 -1.059705 -1.235100 8
1.642691 -1.016199 -1.225329 8
1.603233 -0.978119 -1.216580 8
1.661090 -0.405255 -1.107277 8
1.600590 -0.450672 -1.114093 8
1.543818 -0.479811 -1.117904 10
1.493225 -0.473365 -1.115042 10
1.447856 -0.430492 -1.105315 10
1.396155 -0.429766 -1.103588 10
1.343459 -0.437998 -1.103597 10
1.288323 -0.470199 -1.108204 10
1.242384 -0.420625 -1.097284 10
1.192972 -0.398709 -1.091647 10
1.141745 -0.394331 -1.089381 10
1.090110 -0.395310 -1.088170 10
1.039106 -0.387775 -1.085362 10
0.987005 -0.398762 -1.086134 10
0.937267 -0.362522 -1.077873 10
0.885286 -0.371546 -1.078331 10
0.834896 -0.324992 -1.068122 10
0.782721 -0.337355 -1.069283 10
0.730985 -0.314869 -1.063753 10
0.678779 -0.285501 -1.056915 10
0.626738 -0.308875 -1.060298 10
0.573402 -0.259917 -1.049714 10
0.520977 -0.267159 -1.050036 10
0.467299 -0.243261 -1.044348 10
0.412940 -0.216254 -1.038078 10
0.359379 -0.211185 -1.036094 10
0.306366 -0.215918 -1.036046 10
0.249190 -0.170188 -1.026201 10
0.193695 -0.153255 -1.021985 10
0.136278 -0.121805 -1.014961 10
0.079071 -0.098714 -1.009591 10
0.017457 -0.044322 -0.998127 10
-0.037052 -0.052777 -0.998969 10
-0.099567 -0.004776 -0.988795 10
-0.153522 -0.020283 -0.991076 10
-0.223531 0.064027 -0.973832 10
-0.289520 0.114169 -0.963299 10
-0.371287 0.244225 -0.937106 10
-0.545582 0.840098 -0.819469 10
-0.657814 1.069014 -0.773816 10
-0.867943 1.734633 -0.642331 2
-0.927538 1.663317 -0.655651 6
-0.990771 1.612505 -0.664991 6
-1.076663 1.657597 -0.655507 6
-1.151544 1.654320 -0.655580 6
-1.309309 1.963233 -0.594212 11
-1.851145 1.023061 -0.776596 9
-1.843365 0.813886 -0.817867 9
-1.886477 0.740443 -0.832391 9
-1.912952 0.629782 -0.854299 9
-1.887466 0.402461 -0.899264 9
-1.948123 0.381510 -0.903542 9
-1.918896 0.161391 -0.947149 9
-1.955496 0.093173 -0.960819 9
-2.037468 0.122558 -0.955276 9
-1.965188 -0.167272 -1.012706 9
-1.961006 -0.307993 -1.040756 9
-1.961542 -0.433999 -1.065927 9
-1.963188 -0.553157 -1.089770 9
-2.017650 -0.569490 -1.093389 9
-2.080782 -0.570439 -1.094016 9
-2.138705 -0.581790 -1.096727 9
-2.237062 -0.523416 -1.085768 9
-2.299040 -0.530748 -1.087771 9
-2.392249 -0.486960 -1.079775 9
-2.453641 -0.498139 -1.082619 9
2.228100 -1.158131 -1.221064 8
2.191785 -1.121250 -1.212029 8
2.145969 -1.112597 -1.208504 8
2.088012 -1.143663 -1.212769 8
2.024142 -1.197739 -1.221596 8
1.971184 -1.218662 -1.223992 8
1.921780 -1.229203 -1.224394 8
1.882056 -1.205049 -1.217999 8
1.837186 -1.199935 -1.215374 8
1.793780 -1.189290 -1.211681 8
1.760117 -1.137089 -1.199780 8
1.715966 -1.127683 -1.196361 8
1.659352 -1.176404 -1.204516 8
1.652465 -0.987279 -1.165384 8
1.630676 -0.856038 -1.137697 8
1.648433 -0.496183 -1.064297 8
1.583242 -0.572768 -1.078000 10
1.513235 -0.689161 -1.099755 10
1.488821 -0.525102 -1.065340 10
1.437388 -0.527163 -1.064235 10
1.390298 -0.498037 -1.056884 10
1.335110 -0.530627 -1.061982 10
1.283162 -0.541429 -1.062729 10
1.238249 -0.487613 -1.050452 10
1.187775 -0.482567 -1.048042 10
1.135054 -0.504015 -1.051024 10
1.085989 -0.482984 -1.045426 10
1.036586 -0.461780 -1.039809 10
0.985908 -0.457289 -1.037607 10
0.935008 -0.456807 -1.036244 10
0.884502 -0.445896 -1.032782 10
0.833161 -0.460708 -1.034589 10
0.782559 -0.447631 -1.030731 10
0.731682 -0.439608 -1.027925 10
0.680552 -0.408410 -1.020396 10
0.628997 -0.391259 -1.015757 10
0.578856 -0.448429 -1.026385 10
0.526253 -0.399776 -1.015327 10
0.474374 -0.390655 -1.012400 10
0.421418 -0.365551 -1.006205 10
0.370534 -0.381985 -1.008581 10
0.317171 -0.360909 -1.003254 10
0.263701 -0.344479 -0.998901 10
0.211247 -0.343419 -0.997741 10
0.154143 -0.298171 -0.987471 10
0.102959 -0.314446 -0.989936 10
0.046896 -0.289186 -0.983832 10
-0.006350 -0.289939 -0.983132 10
-0.060543 -0.284896 -0.981256 10
-0.127454 -0.198061 -0.962430 10
-0.178681 -0.219443 -0.966072 10
-0.237895 -0.193030 -0.959814 10
-0.303044 -0.138049 -0.947632 10
-0.362122 -0.121327 -0.943420 10
-0.415443 -0.135652 -0.945691 10
-0.480383 -0.095141 -0.936567 10
-0.543504 -0.067507 -0.930142 10
-0.616431 -0.001412 -0.915714 10
-0.682713 0.030825 -0.908360 10
-0.752511 0.073173 -0.898914 10
-1.315864 1.973165 -0.501497 11
-1.886904 1.100700 -0.678153 9
-1.958042 1.088815 -0.680328 9
-1.863213 0.668063 -0.768307 9
-1.917322 0.625158 -0.777073 9
-1.875058 0.358884 -0.832746 9
-1.941792 0.352360 -0.833951 9
-1.884676 0.071418 -0.892784 9
-1.918346 -0.001166 -0.907921 9
-1.986661 0.001336 -0.907327 9
-1.953855 -0.204486 -0.950496 9
-1.953624 -0.336531 -0.978208 9
-1.944258 -0.481297 -1.008618 9
-1.934010 -0.622124 -1.038227 9
-1.943473 -0.720936 -1.059042 9
-2.025018 -0.685397 -1.051682 9
-2.127208 -0.615941 -1.037235 9
-2.174275 -0.646454 -1.043797 9
-2.251609 -0.625418 -1.039572 9
-2.319022 -0.622972 -1.039278 9
-2.411252 -0.581514 -1.030834 9
-2.471720 -0.593569 -1.033644 9
2.245419 -1.124147 -1.159606 8
2.187377 -1.151489 -1.163553 8
2.140482 -1.146758 -1.160904 8
2.062927 -1.241752 -1.178972 8
2.014384 -1.247275 -1.178539 8
1.982561 -1.196030 -1.166315 8
1.940698 -1.177954 -1.160998 8
1.900127 -1.154501 -1.154571 8
1.859186 -1.131469 -1.148241 8
1.823726 -1.085105 -1.137030 8
1.753870 -1.181439 -1.155764 8
1.721833 -1.119742 -1.141364 8
1.673376 -1.129327 -1.141954 8
1.640287 -1.065775 -1.127153 8
1.652986 -0.761411 -1.061489 8
1.650073 -0.509026 -1.006656 8
1.590332 -0.553913 -1.014641 10
1.514553 -0.702811 -1.044731 10
1.469812 -0.671064 -1.036575 10
1.423176 -0.648983 -1.030479 10
1.361640 -0.735448 -1.047500 10
1.319745 -0.678863 -1.034099 10
1.275481 -0.634079 -1.023208 10
1.214576 -0.740947 -1.044721 10
1.165783 -0.743156 -1.043919 10
1.117809 -0.737154 -1.041380 10
1.073954 -0.675483 -1.026919 10
1.027082 -0.642482 -1.018604 10
0.977284 -0.651737 -1.019375 10
0.933065 -0.542742 -0.994725 10
0.883897 -0.513955 -0.987322 10
0.833117 -0.527157 -0.988980 10
0.783214 -0.502313 -0.982451 10
0.732686 -0.502231 -0.981281 10
0.682274 -0.531809 -0.986546 10
0.632080 -0.535631 -0.986266 10
0.581577 -0.523908 -0.982638 10
0.530429 -0.500612 -0.976512 10
0.479381 -0.491064 -0.973380 10
0.429799 -0.513510 -0.977218 10
0.376707 -0.474091 -0.967622 10
0.323074 -0.438831 -0.958935 10
0.273005 -0.455928 -0.961664 10
0.220973 -0.449112 -0.959202 10
0.164640 -0.402630 -0.948094 10
0.115314 -0.427505 -0.952579 10
0.063480 -0.428799 -0.951934 10
0.006338 -0.390793 -0.942705 10
-0.049292 -0.369669 -0.937178 10
-0.105322 -0.349653 -0.931905 10
-0.159090 -0.346975 -0.930447 10
-0.212695 -0.346510 -0.929490 10
-0.268718 -0.333857 -0.925873 10
-0.323019 -0.332420 -0.924736 10
-0.385744 -0.290687 -0.914750 10
-0.442881 -0.280108 -0.911628 10
-0.504194 -0.252843 -0.904844 10
-0.562762 -0.240712 -0.901405 10
-0.627999 -0.203365 -0.892419 10
-0.684144 -0.205740 -0.892207 10
-0.740795 -0.207055 -0.891780 10
-0.819020 -0.131174 -0.874312 10
-0.883880 -0.108565 -0.868620 10
-0.932095 -0.144615 -0.875918 10
-1.007637 -0.090531 -0.863292 10
-1.096261 -0.000153 -0.842634 10
-1.168246 0.032719 -0.834715 10
-1.247353 0.083280 -0.822886 10
-1.481263 0.569860 -0.714365 10
-1.572807 0.633037 -0.699709 10
-1.903823 1.331921 -0.543945 9
-1.876193 1.057185 -0.604286 9
-1.970713 1.104939 -0.593054 9
-1.852959 0.627871 -0.698482 9
-1.905314 0.581400 -0.708274 9
-1.896636 0.394371 -0.749358 9
-1.932182 0.315864 -0.766347 9
-1.884850 0.057576 -0.823385 9
-1.899857 -0.055047 -0.848048 9
-1.937608 -0.115674 -0.861166 9
-1.922250 -0.282968 -0.898076 9
-1.939796 -0.377833 -0.918886 9
-1.959865 -0.464460 -0.937889 9
-1.944201 -0.616047 -0.971405 9
-1.958714 -0.705805 -0.991167 9
-1.992869 -0.757014 -1.002357 9
-2.058198 -0.751840 -1.000992 9
-2.113270 -0.765807 -1.003916 9
-2.186644 -0.749329 -1.000065 9
-2.274152 -0.711334 -0.991430 9
-2.335537 -0.718502 -0.992894 9
-2.414381 -0.698889 -0.988400 9
2.204021 -1.261746 -1.134546 8
2.185761 -1.173178 -1.113662 8
2.117086 -1.236509 -1.126046 8
2.064292 -1.253982 -1.128422 8
2.022834 -1.235771 -1.122984 8
1.975516 -1.237375 -1.121917 8
1.928150 -1.240161 -1.121132 8
1.906044 -1.149787 -1.099792 8
1.858880 -1.150242 -1.098504 8
1.814204 -1.141552 -1.095210 8
1.768493 -1.137365 -1.092928 8
1.726765 -1.116081 -1.086865 8
1.679517 -1.119200 -1.086234 8
1.645186 -1.060753 -1.071914 8
1.649390 -0.800099 -1.012495 8
1.626390 -0.658416 -0.979504 8
1.594844 -0.550029 -0.953895 10
1.513874 -0.728539 -0.992449 10
1.470697 -0.687575 -0.981942 10
1.417121 -0.713566 -0.986450 10
1.372696 -0.676605 -0.976850 10
1.317894 -0.717683 -0.984794 10
1.271854 -0.690678 -0.977450 10
1.218782 -0.726437 -0.984253 10
1.175062 -0.672308 -0.970809 10
1.123011 -0.704305 -0.976807 10
1.075390 -0.686854 -0.971655 10
1.023558 -0.729489 -0.980110 10
0.974566 -0.737135 -0.980671 10
0.926172 -0.735978 -0.979254 10
0.874866 -0.816610 -0.996421 10
0.831897 -0.637713 -0.954653 10
0.781901 -0.678311 -0.962754 10
0.732731 -0.716214 -0.970273 10
0.684135 -0.706900 -0.967059 10
0.634575 -0.640688 -0.950871 10
0.583259 -0.556007 -0.930450 10
0.533808 -0.578321 -0.934464 10
0.489438 -0.708970 -0.963290 10
0.443749 -0.766931 -0.975535 10
0.396740 -0.786533 -0.979023 10
0.350059 -0.806147 -0.982535 10
0.298417 -0.761985 -0.971421 10
0.231271 -0.560954 -0.924247 10
0.179606 -0.550521 -0.920849 10
0.129533 -0.556977 -0.921347 10
0.076967 -0.542959 -0.917141 10
0.020620 -0.503490 -0.907072 10
-0.030692 -0.505761 -0.906633 10
-0.080462 -0.518760 -0.908685 10
-0.137463 -0.486698 -0.900336 10
-0.187208 -0.501255 -0.902771 10
-0.251043 -0.438253 -0.887266 10
-0.309130 -0.412559 -0.880394 10
-0.366694 -0.392986 -0.874943 10
-0.413857 -0.424869 -0.881436 10
-0.476732 -0.384763 -0.871235 10
-0.536785 -0.361204 -0.864875 10
-0.589221 -0.371719 -0.866442 10
-0.652207 -0.341095 -0.858450 10
-0.705605 -0.349934 -0.859648 10
-0.769906 -0.319709 -0.851756 10
-0.832521 -0.298614 -0.845994 10
-0.895186 -0.279894 -0.840790 10
-0.954504 -0.274365 -0.838670 10
-1.014852 -0.267043 -0.836141 10
-1.089972 -0.216557 -0.823527 10
-1.159069 -0.188024 -0.816044 10
-1.213691 -0.203444 -0.818853 10
-1.287765 -0.165503 -0.809177 10
-1.364813 -0.122992 -0.798430 10
-1.444880 -0.076254 -0.786689 10
-1.510540 -0.069595 -0.784350 10
-1.596183 -0.015558 -0.770896 10
-1.666071 -0.003151 -0.767218 10
-1.753066 0.047029 -0.754667 10
-1.850396 0.116676 -0.737535 9
-1.862575 -0.005596 -0.765561 9
-1.911925 -0.043299 -0.773717 9
-1.938719 -0.127441 -0.792832 9
-1.930599 -0.279765 -0.828051 9
-1.922682 -0.425525 -0.861769 9
-1.975487 -0.447759 -0.866385 9
-1.931283 -0.653835 -0.914418 9
-1.944253 -0.745769 -0.935548 9
-1.931706 -0.880753 -0.966883 9
-1.998607 -0.870440 -0.963905 9
-2.088410 -0.822166 -0.951955 9
-2.159574 -0.808642 -0.948226 9
-2.228806 -0.800067 -0.945676 9
-2.297012 -0.794701 -0.943893 9
-2.358621 -0.801194 -0.944929 9
-2.445938 -0.768837 -0.936765 9
2.257958 -1.261254 -1.082037 8
2.233652 -1.192027 -1.064707 8
2.173946 -1.225397 -1.071068 8
2.093149 -1.327350 -1.093339 8
2.041760 -1.342893 -1.095659 8
2.016231 -1.274474 -1.078520 8
1.985905 -1.218420 -1.064228 8
1.935869 -1.229489 -1.065532 8
1.889655 -1.228107 -1.063957 8
1.861149 -1.158996 -1.046601 8
1.804993 -1.196399 -1.054087 8
1.766594 -1.163248 -1.045115 8
1.725620 -1.139279 -1.038287 8
1.694553 -1.068250 -1.020432 8
1.670691 -0.956171 -0.992923 8
1.644556 -0.844871 -0.965550 8
1.612569 -0.753701 -0.942863 8
1.574357 -0.688285 -0.926202 8
1.507625 -0.787722 -0.948358 10
1.455507 -0.807223 -0.951724 10
1.403976 -0.826334 -0.955019 10
1.354050 -0.837389 -0.956431 10
1.306866 -0.829304 -0.953330 10
1.254594 -0.864763 -0.960550 10
1.217408 -0.765040 -0.935746 10
1.166737 -0.786415 -0.939645 10
1.121219 -0.753591 -0.930687 10
1.070377 -0.783377 -0.936613 10
1.021740 -0.789602 -0.936954 10
0.974439 -0.775124 -0.932374 10
0.928586 -0.723912 -0.919035 10
0.881829 -0.670621 -0.905185 10
0.831330 -0.720960 -0.916083 10
0.781460 -0.794912 -0.932660 10
0.733443 -0.809722 -0.935119 10
0.685578 -0.783746 -0.927819 10
0.637448 -0.776968 -0.925120 10
0.589455 -0.782588 -0.925402 10
0.540627 -0.760446 -0.919022 10
0.492891 -0.774678 -0.921389 10
0.445681 -0.794313 -0.925069 10
0.398792 -0.813717 -0.928709 10
0.347644 -0.770173 -0.917184 10
0.305522 -0.846980 -0.934694 10
0.246486 -0.725774 -0.904409 10
0.202877 -0.779153 -0.916291 10
0.153827 -0.775666 -0.914440 10
0.105086 -0.776138 -0.913552 10
0.029450 -0.574946 -0.863787 10
-0.022362 -0.569717 -0.861486 10
-0.073202 -0.572460 -0.861124 10
-0.131957 -0.527273 -0.849122 10
-0.174353 -0.582714 -0.861579 10
-0.231406 -0.553065 -0.853353 10
-0.287254 -0.533707 -0.847627 10
-0.340933 -0.527880 -0.845196 10
-0.395249 -0.520598 -0.842413 10
-0.445222 -0.534275 -0.844749 10
-0.507049 -0.497293 -0.834715 10
-0.568322 -0.466686 -0.826229 10
-0.620125 -0.476556 -0.827643 10
-0.689130 -0.422120 -0.813312 10
-0.741204 -0.433916 -0.815201 10
-0.806594 -0.399602 -0.805785 10
-0.863093 -0.398541 -0.804524 10
-0.919296 -0.399544 -0.803774 10
-0.978611 -0.391798 -0.800875 10
-1.051162 -0.345632 -0.788521 10
-1.117083 -0.322859 -0.781913 10
-1.180305 -0.310224 -0.777799 10
-1.236182 -0.319603 -0.779113 10
-1.298596 -0.312102 -0.776265 10
-1.365598 -0.294273 -0.770866 10
-1.426559 -0.293739 -0.769738 10
-1.512486 -0.233398 -0.753813 10
-1.587995 -0.202229 -0.745091 10
-1.664518 -0.171541 -0.736479 10
-1.726582 -0.176168 -0.736614 10
-1.785556 -0.188510 -0.738666 10
-1.846867 -0.196422 -0.739624 9
-1.922005 -0.176342 -0.733629 9
-1.903584 -0.348478 -0.775435 9
-1.918197 -0.448018 -0.799236 9
-1.880873 -0.644450 -0.847208 9
-1.918266 -0.691685 -0.858062 9
-1.931845 -0.781805 -0.879631 9
-1.937134 -0.883878 -0.904218 9
-2.376239 -0.218318 -0.737068 9
-1.979545 -1.022948 -0.937233 9
-2.016082 -1.063740 -0.946587 9
-2.183171 -0.888858 -0.901954 9
-2.265525 -0.859212 -0.893647 9
-2.321373 -0.873809 -0.896422 9
-2.394628 -0.862129 -0.892607 9
2.252278 -1.293543 -1.035658 8
2.260378 -1.131332 -0.995039 8
2.137570 -1.350745 -1.047256 8
2.087937 -1.359738 -1.048314 8
2.053473 -1.321741 -1.037920 8
2.005710 -1.325943 -1.037822 8
1.966273 -1.302754 -1.031037 8
1.919150 -1.306062 -1.030735 8
1.874310 -1.302051 -1.028649 8
1.849527 -1.221302 -1.007747 8
1.803167 -1.221257 -1.006627 8
1.740156 -1.291869 -1.022880 8
1.699554 -1.271597 -1.016816 8
1.707390 -1.027908 -0.955728 8
1.654752 -1.052249 -0.960601 8
1.718872 -0.488129 -0.820286 8
1.633711 -0.661343 -0.861824 8
1.582463 -0.663758 -0.861225 8
1.544125 -0.589971 -0.841776 10
1.464681 -0.770238 -0.885230 10
1.409097 -0.813412 -0.894784 10
1.353145 -0.866617 -0.906853 10
1.306748 -0.853544 -0.902487 10
1.261560 -0.828740 -0.895204 10
1.212343 -0.838131 -0.896425 10
1.165903 -0.821544 -0.891183 10
1.116555 -0.835784 -0.893625 10
1.067172 -0.855158 -0.897359 10
1.021013 -0.832632 -0.890639 10
0.973577 -0.825803 -0.887837 10
0.927795 -0.781354 -0.875621 10
0.882355 -0.704277 -0.855216 10
0.833722 -0.690989 -0.850772 10
0.782266 -0.832825 -0.885251 10
0.734479 -0.848474 -0.888103 10
0.686661 -0.758071 -0.864306 10
0.638802 -0.801643 -0.874179 10
0.592216 -0.863627 -0.888711 10
0.544747 -0.862339 -0.887324 10
0.496357 -0.840975 -0.880875 10
0.448033 -0.829725 -0.876971 10
0.404307 -0.896057 -0.892670 10
0.347595 -0.766637 -0.858887 10
0.301358 -0.795840 -0.865204 10
0.260154 -0.873875 -0.883907 10
0.203192 -0.784239 -0.860125 10
0.157263 -0.809209 -0.865393 10
0.109584 -0.816721 -0.866238 10
0.054054 -0.764924 -0.852006 10
0.008520 -0.791199 -0.857618 10
-0.036614 -0.817499 -0.863248 10
-0.083073 -0.833307 -0.866215 10
-0.131261 -0.838189 -0.866400 10
-0.189762 -0.787304 -0.852347 10
-0.243031 -0.769665 -0.846766 10
-0.320574 -0.635940 -0.811481 10
-0.386172 -0.571653 -0.793914 10
-0.439885 -0.567042 -0.791607 10
-0.487576 -0.589370 -0.796206 10
-0.543315 -0.578049 -0.792175 10
-0.594149 -0.587748 -0.793537 10
-0.622214 -0.682888 -0.816871 10
-0.660824 -0.733761 -0.828852 10
-0.727734 -0.683727 -0.814860 10
-0.783558 -0.675303 -0.811570 10
-0.827683 -0.706179 -0.818413 10
-0.874912 -0.726278 -0.822484 10
-1.013293 -0.471369 -0.755471 10
-1.076940 -0.451789 -0.749223 10
-1.138758 -0.439647 -0.744887 10
-1.194473 -0.446023 -0.745341 10
-1.265781 -0.411657 -0.735222 10
-1.329563 -0.399783 -0.730923 10
-1.398559 -0.376617 -0.723677 10
-1.444779 -0.411320 -0.731467 10
-1.533939 -0.343515 -0.712578 10
-1.577784 -0.384934 -0.722113 10
-1.674482 -0.306688 -0.700449 10
-1.753056 -0.273261 -0.690440 10
-1.806380 -0.296501 -0.695215 9
-1.881362 -0.274777 -0.688233 9
-1.912054 -0.345036 -0.705312 9
-1.919086 -0.459852 -0.734093 9
-1.908572 -0.604221 -0.770673 9
-1.934545 -0.674233 -0.787794 9
-1.913273 -0.829069 -0.827232 9
-2.384467 -0.092771 -0.632327 9
-1.908696 -1.054507 -0.884136 9
-1.957884 -1.072951 -0.887813 9
-1.997971 -1.106966 -0.895597 9
-2.066751 -1.093482 -0.890845 9
-2.209151 -0.963424 -0.855258 9
-2.260668 -0.982971 -0.859179 9
-2.349614 -0.945281 -0.847936 9
-2.428132 -0.926079 -0.841563 9
2.197488 -1.329624 -0.989742 8
2.162184 -1.293602 -0.979540 8
2.107976 -1.314242 -0.983835 8
2.059523 -1.318881 -0.984041 8
2.016503 -1.306821 -0.979969 8
1.964396 -1.325825 -0.983870 8
1.916589 -1.331894 -0.984458 8
1.883801 -1.283917 -0.971151 8
1.826684 -1.326284 -0.981081 8
1.781953 -1.323558 -0.979415 8
1.747627 -1.278019 -0.966709 8
1.686367 -1.346740 -0.983474 8
1.660090 -1.262923 -0.960869 8
1.708413 -0.813662 -0.843748 8
1.656210 -0.825987 -0.845867 8
1.592916 -0.899660 -0.863881 10
1.540623 -0.920825 -0.868318 10
1.501003 -0.869776 -0.854032 10
1.451682 -0.874755 -0.854270 10
1.407093 -0.849177 -0.846571 10
1.358292 -0.851502 -0.846117 10
1.312765 -0.829321 -0.839286 10
1.263116 -0.839544 -0.840886 10
1.209982 -0.885274 -0.851749 10
1.163662 -0.870972 -0.846965 10
1.121155 -0.810319 -0.830068 10
1.071360 -0.829809 -0.834093 10
1.020416 -0.873329 -0.844412 10
0.972176 -0.885437 -0.846524 10
0.925374 -0.872931 -0.842189 10
0.878536 -0.855597 -0.836580 10
0.830119 -0.885239 -0.843293 10
0.782740 -0.889497 -0.843348 10
0.735397 -0.902034 -0.845580 10
0.687964 -0.799970 -0.817652 10
0.640272 -0.835572 -0.825940 10
0.593813 -0.894864 -0.840486 10
0.545717 -0.869103 -0.832613 10
0.499664 -0.903895 -0.840717 10
0.453547 -0.925131 -0.845250 10
0.406289 -0.922241 -0.843406 10
0.348143 -0.771302 -0.802356 10
0.313574 -0.942628 -0.846637 10
0.261929 -0.893741 -0.832582 10
0.215888 -0.909756 -0.835730 10
0.175089 -0.970196 -0.850685 10
0.124817 -0.944557 -0.842771 10
0.092165 -1.056055 -0.871343 10
0.007149 -0.787024 -0.798581 10
-0.034173 -0.839352 -0.811379 10
-0.082846 -0.841121 -0.810702 10
-0.135480 -0.820780 -0.804113 10
-0.187513 -0.806871 -0.799227 10
-0.239418 -0.795994 -0.795139 10
-0.297957 -0.754723 -0.782897 10
-0.352052 -0.739015 -0.777481 10
-0.388361 -0.804552 -0.793853 10
-0.459005 -0.719714 -0.769857 10
-0.512518 -0.712537 -0.766691 10
-0.544295 -0.791460 -0.786683 10
-0.599963 -0.775823 -0.781234 10
-0.658911 -0.750547 -0.773170 10
-0.707933 -0.762440 -0.775114 10
-0.761535 -0.759168 -0.772958 10
-0.817813 -0.748483 -0.768786 10
-0.868181 -0.757872 -0.770031 10
-0.930751 -0.730937 -0.761429 10
-0.994703 -0.702702 -0.752448 10
-1.059363 -0.675241 -0.743651 10
-1.174154 -0.513488 -0.698332 10
-1.231143 -0.515653 -0.697502 10
-1.289931 -0.514130 -0.695656 10
-1.357063 -0.492911 -0.688427 10
-1.437902 -0.440656 -0.672702 10
-1.479747 -0.484513 -0.683188 10
-1.554501 -0.451451 -0.672650 10
-1.615856 -0.451249 -0.671072 10
-1.676763 -0.453168 -0.670060 10
-1.750741 -0.428353 -0.661698 10
-1.783190 -0.491970 -0.677591 9
-1.900392 -0.382372 -0.645880 9
-1.927417 -0.457040 -0.664805 9
-1.855262 -0.720154 -0.735690 9
-1.905556 -0.741996 -0.740156 9
-1.855878 -0.947389 -0.795317 9
-1.860432 -1.047268 -0.821414 9
-1.898142 -1.085640 -0.830527 9
-1.944246 -1.109018 -0.835490 9
-2.007725 -1.103372 -0.832395 9
-2.033187 -1.161345 -0.846953 9
-2.123649 -1.113794 -0.832171 9
-2.209661 -1.076392 -0.820162 9
-2.249585 -1.112439 -0.828592 9
-2.400459 -0.981525 -0.790392 9
2.189575 -1.368582 -0.946336 8
2.128885 -1.408813 -0.956316 8
2.091935 -1.379839 -0.947729 8
2.070871 -1.299333 -0.925283 8
2.020708 -1.309588 -0.927207 8
1.967958 -1.330294 -0.931943 8
1.916959 -1.347267 -0.935679 8
1.878565 -1.320133 -0.927534 8
1.838969 -1.296260 -0.920255 8
1.789841 -1.309224 -0.922903 8
1.759082 -1.247817 -0.905470 8
1.695742 -1.323309 -0.925004 8
1.665878 -1.254427 -0.905521 8
1.637141 -1.174181 -0.882931 8
1.658009 -0.837087 -0.790742 8
1.596268 -0.902025 -0.807377 10
1.546122 -0.910370 -0.808683 10
1.491446 -0.947601 -0.817829 10
1.448716 -0.914928 -0.807996 10
1.400201 -0.917831 -0.807816 10
1.354631 -0.900676 -0.802175 10
1.315241 -0.833240 -0.782832 10
1.260808 -0.883293 -0.795467 10
1.216551 -0.848848 -0.785076 10
1.164556 -0.887789 -0.794691 10
1.117709 -0.877596 -0.790898 10
1.072793 -0.840654 -0.779783 10
1.024192 -0.848540 -0.780908 10
0.974929 -0.871725 -0.786217 10
0.923503 -0.951578 -0.807055 10
0.875695 -0.977964 -0.813260 10
0.829094 -0.980346 -0.812883 10
0.783415 -0.932995 -0.798842 10
0.736742 -0.893776 -0.787008 10
0.689441 -0.910624 -0.790570 10
0.641871 -0.880377 -0.781167 10
0.594966 -0.906834 -0.787366 10
0.548537 -0.932461 -0.793339 10
0.502614 -0.958734 -0.799494 10
0.455417 -0.951652 -0.796439 10
0.410618 -0.985922 -0.804804 10
0.361864 -0.957161 -0.795735 10
0.314794 -0.956557 -0.794441 10
0.266706 -0.945962 -0.790367 10
0.219593 -0.947764 -0.789718 10
0.174196 -0.965284 -0.793424 10
0.129385 -0.985546 -0.797891 10
0.083260 -0.993720 -0.798994 10
0.032041 -0.966061 -0.790114 10
-0.020700 -0.933021 -0.779709 10
-0.074484 -0.898614 -0.768894 10
-0.131024 -0.853307 -0.755005 10
-0.175703 -0.878283 -0.760723 10
-0.221509 -0.895719 -0.764333 10
-0.276362 -0.868175 -0.755344 10
-0.319180 -0.900053 -0.762982 10
-0.391237 -0.800473 -0.733743 10
-0.440246 -0.808129 -0.734550 10
-0.498649 -0.778030 -0.724734 10
-0.534196 -0.840083 -0.740817 10
-0.587866 -0.830589 -0.736768 10
-0.658407 -0.762275 -0.716111 10
-0.710141 -0.764912 -0.715426 10
-0.765475 -0.756344 -0.711560 10
-0.823135 -0.741878 -0.706004 10
-0.873766 -0.751183 -0.707154 10
-0.920640 -0.772134 -0.711592 10
-0.999185 -0.700775 -0.689829 10
-1.044145 -0.729345 -0.696393 10
-1.116291 -0.683066 -0.681667 10
-1.148569 -0.746016 -0.697994 10
-1.202414 -0.750948 -0.697803 10
-1.263954 -0.737442 -0.692332 10
-1.324770 -0.727484 -0.687845 10
-1.378256 -0.736402 -0.688729 10
-1.449784 -0.704515 -0.677910 10
-1.525226 -0.666640 -0.665329 10
-1.603044 -0.626648 -0.652089 10
-1.718705 -0.509592 -0.616643 10
-1.781234 -0.509321 -0.614701 9
-1.848019 -0.501644 -0.610599 9
-1.876986 -0.569863 -0.628365 9
-1.833259 -0.775479 -0.685856 9
-1.842409 -0.873476 -0.712339 9
-1.862382 -0.948232 -0.732136 9
-1.898697 -0.991458 -0.742816 9
-1.890894 -1.110910 -0.775649 9
-1.952508 -1.107572 -0.772826 9
-1.992060 -1.142327 -0.781069 9
-2.050541 -1.145762 -0.780173 9
-2.107321 -1.152890 -0.780328 9
-2.158278 -1.169949 -0.783365 9
-2.214175 -1.179870 -0.784291 9
-2.278472 -1.177953 -0.781719 9
-2.409501 -1.079464 -0.750718 9
2.177160 -1.420236 -0.907127 8
2.128550 -1.425827 -0.908058 8
2.081449 -1.428069 -0.908041 8
2.040013 -1.413439 -0.903273 8
2.013926 -1.348401 -0.884313 8
1.953738 -1.395172 -0.896793 8
1.920954 -1.349857 -0.883346 8
1.885588 -1.311309 -0.871783 8
1.851882 -1.264189 -0.857782 8
1.801274 -1.281043 -0.861803 8
1.718866 -1.431935 -0.903658 8
1.713933 -1.262016 -0.854941 8
1.765011 -0.822851 -0.730062 8
1.694653 -0.918959 -0.756394 8
1.654853 -0.873029 -0.742556 8
1.593322 -0.937741 -0.760020 10
1.543817 -0.943697 -0.760849 10
1.491611 -0.967300 -0.766674 10
1.447143 -0.946087 -0.759782 10
1.397659 -0.956675 -0.761900 10
1.343756 -1.001709 -0.773797 10
1.302085 -0.959307 -0.760843 10
1.251569 -0.985513 -0.767380 10
1.209980 -0.934779 -0.752013 10
1.160173 -0.958546 -0.757838 10
1.109986 -0.993029 -0.766717 10
1.070095 -0.904768 -0.740580 10
1.021182 -0.924664 -0.745274 10
0.974457 -0.914447 -0.741360 10
0.926350 -0.929926 -0.744777 10
0.876927 -0.989727 -0.760871 10
0.831079 -0.964141 -0.752527 10
0.783882 -0.987342 -0.758140 10
0.737122 -1.015665 -0.765220 10
0.690553 -0.893244 -0.729033 10
0.643166 -0.901901 -0.730429 10
0.596253 -0.924669 -0.735872 10
0.554308 -1.087002 -0.781470 10
0.507654 -1.062946 -0.773457 10
0.460547 -1.040247 -0.765810 10
0.411799 -0.999407 -0.752904 10
0.368129 -1.040586 -0.763644 10
0.316346 -0.974501 -0.743395 10
0.270143 -0.983734 -0.744881 10
0.219588 -0.949699 -0.733831 10
0.177878 -1.000874 -0.747436 10
0.129179 -0.987736 -0.742402 10
0.080964 -0.981088 -0.739229 10
0.036476 -1.002209 -0.744103 10
-0.018711 -0.951810 -0.728174 10
-0.065061 -0.962457 -0.729970 10
-0.115159 -0.951228 -0.725380 10
-0.163860 -0.949699 -0.723596 10
-0.199465 -1.016378 -0.741704 10
-0.271753 -0.898606 -0.705932 10
-0.315039 -0.927478 -0.712968 10
-0.369997 -0.903013 -0.704384 10
-0.425536 -0.879180 -0.695951 10
-0.477432 -0.873029 -0.692671 10
-0.528794 -0.870379 -0.690395 10
-0.579483 -0.871380 -0.689170 10
-0.621199 -0.905349 -0.697630 10
-0.698644 -0.814649 -0.669347 10
-0.750789 -0.815452 -0.667980 10
-0.825435 -0.745056 -0.645559 10
-0.861832 -0.798826 -0.659786 10
-0.928472 -0.759509 -0.646464 10
-0.993314 -0.728923 -0.635678 10
-1.049869 -0.724514 -0.632613 10
-1.102508 -0.732046 -0.633067 10
-1.134444 -0.794773 -0.649921 10
-1.233802 -0.682179 -0.614567 10
-1.272511 -0.727946 -0.626335 10
-1.317445 -0.757152 -0.633163 10
-1.383951 -0.735082 -0.624649 10
-1.420032 -0.784875 -0.637608 10
-1.471736 -0.798302 -0.639670 10
-1.594111 -0.658778 -0.595787 10
-1.623234 -0.724608 -0.613501 10
-1.696603 -0.697058 -0.603120 9
-1.840167 -0.530900 -0.550885 9
-1.857141 -0.622203 -0.576216 9
-1.825419 -0.803494 -0.628805 9
-1.861544 -0.850597 -0.640878 9
-1.892205 -0.906607 -0.655659 9
-1.900621 -1.000827 -0.682063 9
-1.885093 -1.133605 -0.720250 9
-1.961341 -1.105250 -0.709420 9
-1.948077 -1.228298 -0.744740 9
-2.039310 -1.176904 -0.726805 9
-2.087880 -1.196811 -0.730615 9
-2.153199 -1.190893 -0.726481 9
-2.225029 -1.176439 -0.719674 9
-2.267451 -1.207660 -0.726870 9
-2.338501 -1.196908 -0.721109 9
2.312353 -1.326665 -0.827190 8
2.229556 -1.421301 -0.854485 8
2.183610 -1.417816 -0.853004 8
2.137205 -1.416347 -0.852100 8
2.084301 -1.435446 -0.857219 8
2.029410 -1.463004 -0.864812 8
2.008231 -1.383480 -0.840938 8
1.943736 -1.445398 -0.858602 8
1.893861 -1.461591 -0.862822 8
1.860015 -1.421482 -0.850470 8
1.823682 -1.388407 -0.840163 8
1.783958 -1.366814 -0.833214 8
1.724721 -1.424679 -0.849652 8
1.702616 -1.328555 -0.820706 8
1.757038 -0.878597 -0.687372 8
1.704138 -0.893585 -0.691068 8
1.677537 -0.779979 -0.656791 8
1.620085 -0.817108 -0.666983 10
1.558954 -0.879916 -0.684760 10
1.484721 -1.028549 -0.727918 10
1.447681 -0.963859 -0.707997 10
1.403320 -0.940293 -0.700211 10
1.351308 -0.969265 -0.707963 10
1.301529 -0.986406 -0.712203 10
1.252274 -1.002980 -0.716264 10
1.209078 -0.967676 -0.704920 10
1.155566 -1.030973 -0.722825 10
1.112385 -0.992562 -0.710516 10
1.068297 -0.956743 -0.698945 10
1.023245 -0.925434 -0.688686 10
0.975602 -0.928872 -0.688742 10
0.928745 -0.918315 -0.684612 10
0.879677 -0.961496 -0.696484 10
0.832657 -0.963276 -0.696002 10
0.785967 -0.949588 -0.690884 10
0.738519 -0.999346 -0.704703 10
0.692000 -1.018017 -0.709228 10
0.645380 -0.998493 -0.702312 10
0.598334 -0.978187 -0.695135 10
0.553413 -1.036914 -0.711621 10
0.508965 -1.079785 -0.723359 10
0.461301 -1.045697 -0.711992 10
0.413793 -1.025914 -0.704887 10
0.364978 -0.994428 -0.694233 10
0.320848 -1.028105 -0.703158 10
0.278831 -1.078062 -0.716986 10
0.226832 -1.022066 -0.698869 10
0.180440 -1.026534 -0.698951 10
0.128514 -0.986229 -0.685488 10
0.082985 -1.000861 -0.688594 10
0.038500 -1.021537 -0.693516 10
-0.008182 -1.026059 -0.693534 10
-0.062948 -0.981668 -0.678697 10
-0.107659 -1.000991 -0.683154 10
-0.153867 -1.010939 -0.684749 10
-0.199479 -1.023761 -0.687203 10
-0.257553 -0.975599 -0.671069 10
-0.314415 -0.938591 -0.658280 10
-0.358991 -0.960105 -0.663301 10
-0.400988 -0.991486 -0.671325 10
-0.459594 -0.954092 -0.658310 10
-0.507208 -0.963208 -0.659484 10
-0.572814 -0.905703 -0.640215 10
-0.618735 -0.923839 -0.644092 10
-0.674790 -0.906728 -0.637123 10
-0.746796 -0.838941 -0.614524 10
-0.797516 -0.844920 -0.614565 10
-0.856954 -0.824537 -0.606450 10
-0.909904 -0.825860 -0.604990 10
-0.969725 -0.808225 -0.597639 10
-1.018103 -0.824733 -0.600810 10
-1.062015 -0.853349 -0.607715 10
-1.101298 -0.893446 -0.618173 10
-1.192222 -0.800258 -0.587204 10
-1.232145 -0.839998 -0.597493 10
-1.330179 -0.738373 -0.563719 10
-1.391899 -0.728564 -0.558476 10
-1.431633 -0.770534 -0.569371 10
-1.455755 -0.846045 -0.590764 10
-1.549260 -0.768558 -0.564222 10
-1.625242 -0.733058 -0.550749 10
-1.662505 -0.780035 -0.563136 10
-1.762384 -0.700279 -0.535609 9
-1.800832 -0.745673 -0.547439 9
-1.855948 -0.758217 -0.548890 9
-1.871819 -0.844442 -0.573627 9
-1.922197 -0.864992 -0.577588 9
-1.992169 -0.850907 -0.570522 9
-1.881862 -1.151801 -0.663599 9
-1.920541 -1.187314 -0.672387 9
-1.958363 -1.223776 -0.681470 9
-2.002598 -1.249330 -0.687057 9
-2.044833 -1.278064 -0.693644 9
-2.167339 -1.181947 -0.660128 9
-2.202051 -1.224574 -0.671072 9
-2.272695 -1.213081 -0.664571 9
-2.332050 -1.219691 -0.663845 9
-2.386595 -1.234079 -0.665587 9
2.299043 -1.378488 -0.787705 8
2.245161 -1.394316 -0.792282 8
2.196829 -1.396299 -0.792603 8
2.146040 -1.406522 -0.795427 8
2.110398 -1.372405 -0.784654 8
2.057246 -1.391740 -0.790227 8
2.014462 -1.379666 -0.786159 8
1.967096 -1.383018 -0.786798 8
1.882288 -1.518334 -0.827873 8
1.841835 -1.504060 -0.823080 8
1.797994 -1.502273 -0.822095 8
1.760721 -1.475330 -0.813371 8
1.715763 -1.478440 -0.813847 8
1.697466 -1.368194 -0.779490 8
1.750680 -0.926751 -0.643327 8
1.710974 -0.881058 -0.628674 8
1.655068 -0.911992 -0.637552 8
1.625074 -0.811615 -0.606018 8
1.540680 -1.001734 -0.663846 10
1.489646 -1.020039 -0.668799 10
1.451226 -0.962817 -0.650467 10
1.405273 -0.948956 -0.645461 10
1.350314 -0.998515 -0.659988 10
1.297568 -1.039717 -0.671932 10
1.254759 -1.005488 -0.660578 10
1.208768 -0.994975 -0.656517 10
1.154900 -1.062911 -0.676679 10
1.112678 -1.016008 -0.661326 10
1.068003 -0.989152 -0.652137 10
1.024441 -0.939041 -0.635714 10
0.974030 -0.989832 -0.650515 10
0.924678 -1.040875 -0.665392 10
0.875900 -1.104713 -0.684238 10
0.833156 -1.001076 -0.651088 10
0.785597 -1.049056 -0.664980 10
0.738986 -1.100521 -0.679953 10
0.693120 -1.006418 -0.649631 10
0.646688 -1.022947 -0.653693 10
0.601197 -1.067671 -0.666526 10
0.554544 -1.049136 -0.659627 10
0.509781 -1.084913 -0.669647 10
0.464040 -1.089050 -0.669778 10
0.418117 -1.089738 -0.668808 10
0.367243 -1.022822 -0.646658 10
0.320353 -1.021301 -0.644930 10
0.279050 -1.081146 -0.662410 10
0.233086 -1.084770 -0.662260 10
0.183340 -1.055163 -0.651649 10
0.133248 -1.028497 -0.641920 10
0.084559 -1.017271 -0.637006 10
0.038048 -1.023647 -0.637602 10
0.012631 -1.166869 -0.681314 10
-0.039735 -1.129152 -0.667991 10
-0.094375 -1.083738 -0.652185 10
-0.147546 -1.052210 -0.640711 10
-0.204658 -1.004768 -0.624150 10
-0.254361 -0.998969 -0.620724 10
-0.312315 -0.956537 -0.605641 10
-0.333226 -1.082024 -0.643829 10
-0.385534 -1.065180 -0.636820 10
-0.440344 -1.040592 -0.627302 10
-0.490903 -1.035349 -0.623898 10
-0.554902 -0.981624 -0.604988 10
-0.607519 -0.973505 -0.600573 10
-0.652371 -0.993568 -0.605132 10
-0.724557 -0.922734 -0.580559 10
-0.770554 -0.941369 -0.584585 10
-0.831823 -0.912628 -0.573376 10
-0.889631 -0.897067 -0.566344 10
-0.949741 -0.876852 -0.557760 10
-1.003899 -0.875517 -0.555208 10
-1.059721 -0.870755 -0.551507 10
-1.114993 -0.868728 -0.548645 10
-1.179836 -0.843438 -0.538207 10
-1.231467 -0.853330 -0.539110 10
-1.271178 -0.892379 -0.549450 10
-1.320047 -0.908891 -0.552453 10
-1.429101 -0.788528 -0.510833 10
-1.486541 -0.789989 -0.508795 10
-1.507810 -0.870526 -0.532557 10
-1.628909 -0.738070 -0.486624 10
-1.642516 -0.833746 -0.515308 10
-1.743400 -0.751304 -0.485536 9
-1.824216 -0.713144 -0.470189 9
-1.819034 -0.841658 -0.509686 9
-1.867904 -0.864787 -0.514476 9
-1.858473 -0.993777 -0.554261 9
-1.851088 -1.114324 -0.591349 9
-1.884674 -1.159518 -0.603507 9
-1.935643 -1.174353 -0.605564 9
-1.928124 -1.286461 -0.640011 9
-1.990783 -1.281132 -0.635317 9
-2.048724 -1.284611 -0.633505 9
-2.083319 -1.325233 -0.644094 9
-2.205594 -1.232314 -0.609788 9
-2.268537 -1.232522 -0.606655 9
-2.325197 -1.243025 -0.606930 9
-2.389811 -1.242969 -0.603578 9
2.326580 -1.448623 -0.755048 8
2.284474 -1.433382 -0.750136 8
2.246252 -1.407450 -0.741787 8
2.194110 -1.420160 -0.745732 8
2.156616 -1.391799 -0.736553 8
2.096871 -1.429630 -0.748459 8
2.054521 -1.416621 -0.744122 8
2.010060 -1.410402 -0.741925 8
1.975541 -1.371265 -0.729195 8
1.895271 -1.489285 -0.766598 8
1.868353 -1.424459 -0.745616 8
1.814445 -1.456799 -0.755627 8
1.773173 -1.443176 -0.750937 8
1.729070 -1.440798 -0.749813 8
1.746753 -1.174823 -0.664419 8
1.696717 -1.187852 -0.668143 8
1.701538 -0.945248 -0.590092 8
1.662051 -0.897450 -0.574281 8
1.583925 -1.046767 -0.621514 10
1.524147 -1.113037 -0.642167 10
1.496722 -0.999179 -0.605120 10
1.460073 -0.928960 -0.581998 10
1.396573 -1.028476 -0.613237 10
1.341558 -1.082988 -0.630046 10
1.298012 -1.058768 -0.621582 10
1.252499 -1.047745 -0.617321 10
1.203205 -1.070096 -0.623747 10
1.161225 -1.024333 -0.608266 10
1.114418 -1.023148 -0.607075 10
1.065540 -1.048789 -0.614485 10
1.021081 -1.018773 -0.603962 10
0.974988 -1.007155 -0.599325 10
0.925871 -1.053727 -0.613410 10
0.877436 -1.107951 -0.629953 10
0.832505 -1.078680 -0.619548 10
0.787303 -1.033116 -0.603841 10
0.740529 -1.067007 -0.613760 10
0.694427 -1.093289 -0.621206 10
0.648150 -1.060611 -0.609556 10
0.603550 -1.135191 -0.632596 10
0.556872 -1.098662 -0.619635 10
0.510034 -1.076609 -0.611321 10
0.466643 -1.129893 -0.627422 10
0.419626 -1.108553 -0.619278 10
0.374061 -1.114014 -0.619807 10
0.327623 -1.108407 -0.616707 10
0.276106 -1.050161 -0.596427 10
0.233613 -1.091851 -0.608663 10
0.195239 -1.163241 -0.630585 10
0.145685 -1.133109 -0.619359 10
0.101398 -1.147819 -0.622744 10
0.045421 -1.080112 -0.599133 10
-0.000037 -1.090458 -0.601016 10
-0.048372 -1.082899 -0.597000 10
-0.097265 -1.073913 -0.592477 10
-0.151339 -1.038881 -0.579354 10
-0.198518 -1.043653 -0.579266 10
-0.246019 -1.047265 -0.578764 10
-0.296420 -1.038054 -0.574001 10
-0.336255 -1.077027 -0.585101 10
-0.382235 -1.087626 -0.586815 10
-0.429018 -1.094983 -0.587429 10
-0.490924 -1.044381 -0.568807 10
-0.558750 -0.976820 -0.544478 10
-0.589296 -1.047956 -0.566123 10
-0.664751 -0.960981 -0.535201 10
-0.713361 -0.969803 -0.536065 10
-0.752611 -1.008760 -0.546944 10
-0.795324 -1.035363 -0.553691 10
-0.866371 -0.976916 -0.531975 10
-0.934950 -0.930301 -0.514123 10
-1.007087 -0.877681 -0.494164 10
-1.079230 -0.829272 -0.475520 10
-1.158083 -0.767202 -0.452183 10
-1.194678 -0.817257 -0.466510 10
-1.233071 -0.861045 -0.478722 10
-1.289338 -0.860508 -0.475949 10
-1.373144 -0.796769 -0.451724 10
-1.417166 -0.827876 -0.459537 10
-1.487455 -0.800341 -0.447410 10
-1.520690 -0.855095 -0.463196 10
-1.587280 -0.838165 -0.454552 10
-1.652751 -0.825469 -0.447275 10
-1.758791 -0.733614 -0.412839 9
-1.827310 -0.720357 -0.405164 9
-1.818010 -0.856616 -0.448752 9
-1.885720 -0.844848 -0.441522 9
-1.876034 -0.974844 -0.483083 9
-1.875818 -1.083241 -0.517295 9
-1.901929 -1.142342 -0.534528 9
-1.883540 -1.275034 -0.577305 9
-1.900111 -1.345212 -0.598478 9
-1.994107 -1.288408 -0.575451 9
-2.052131 -1.291985 -0.573349 9
-2.096746 -1.317248 -0.578768 9
-2.136386 -1.350084 -0.586809 9
-2.250871 -1.271939 -0.555813 9
-2.335648 -1.241265 -0.541336 9
-2.425378 -1.206039 -0.525118 9
2.346381 -1.413614 -0.688661 8
2.248472 -1.544770 -0.732329 8
2.219545 -1.496547 -0.716429 8
2.175081 -1.489932 -0.714305 8
2.146336 -1.438018 -0.697117 8
2.108133 -1.411960 -0.688476 8
2.048399 -1.452007 -0.701738 8
1.999098 -1.462163 -0.705051 8
1.947054 -1.483103 -0.711910 8
1.898815 -1.493304 -0.715175 8
1.865790 -1.450359 -0.700769 8
1.808370 -1.496226 -0.715812 8
1.775397 -1.451339 -0.700695 8
1.757177 -1.343279 -0.664565 8
1.736755 -1.235667 -0.628538 8
1.728500 -1.064499 -0.571349 8
1.698348 -0.979813 -0.542840 8
1.702868 -0.716637 -0.454953 8
1.617384 -0.892884 -0.513086 8
1.551716 -0.981565 -0.542097 10
1.491265 -1.051569 -0.564879 10
1.445896 -1.038106 -0.559864 10
1.398097 -1.039794 -0.559858 10
1.347938 -1.059392 -0.565785 10
1.299584 -1.069169 -0.568413 10
1.252973 -1.067040 -0.567042 10
1.207981 -1.050730 -0.560908 10
1.162589 -1.035994 -0.555261 10
1.115150 -1.041638 -0.556381 10
1.066125 -1.069588 -0.564919 10
1.017996 -1.093724 -0.572160 10
0.976023 -1.023164 -0.547714 10
0.927212 -1.063626 -0.560352 10
0.882114 -1.030827 -0.548447 10
0.833470 -1.098885 -0.570280 10
0.787023 -1.124189 -0.577778 10
0.741534 -1.099135 -0.568363 10
0.695640 -1.141739 -0.581612 10
0.650686 -1.191565 -0.597273 10
0.605591 -1.189278 -0.595409 10
0.559857 -1.169135 -0.587504 10
0.513102 -1.135182 -0.574904 10
0.468154 -1.149879 -0.578644 10
0.423408 -1.163855 -0.582114 10
0.372390 -1.088181 -0.555302 10
0.330997 -1.148416 -0.574316 10
0.281528 -1.109288 -0.559740 10
0.239940 -1.155207 -0.573880 10
0.198410 -1.194175 -0.585660 10
0.146585 -1.144224 -0.567282 10
0.106162 -1.187944 -0.580623 10
0.061968 -1.200104 -0.583234 10
0.012715 -1.178755 -0.574422 10
-0.054237 -1.053620 -0.530229 10
-0.101635 -1.055724 -0.529263 10
-0.148074 -1.063638 -0.530241 10
-0.192585 -1.081414 -0.534552 10
-0.240075 -1.083860 -0.533594 10
-0.282205 -1.111618 -0.541261 10
-0.334827 -1.091658 -0.532555 10
-0.380776 -1.102340 -0.534304 10
-0.431201 -1.095053 -0.529844 10
-0.468948 -1.138009 -0.542619 10
-0.521501 -1.123797 -0.535695 10
-0.581331 -1.085763 -0.520496 10
-0.641445 -1.050513 -0.506176 10
-0.698935 -1.027379 -0.495966 10
-0.748021 -1.033506 -0.495820 10
-0.806498 -1.011353 -0.485821 10
-0.859077 -1.009118 -0.482668 10
-0.925145 -0.969274 -0.466376 10
-0.989802 -0.936837 -0.452570 10
-1.002950 -1.046173 -0.488154 10
-1.058835 -1.038245 -0.482814 10
-1.137779 -0.973277 -0.457437 10
-1.208708 -0.932786 -0.440513 10
-1.244488 -0.979751 -0.454206 10
-1.295538 -0.989603 -0.454836 10
-1.400682 -0.877422 -0.412395 10
-1.460352 -0.872511 -0.407635 10
-1.555337 -0.793097 -0.376442 10
-1.602743 -0.818388 -0.382195 10
-1.642647 -0.858812 -0.393288 10
-1.754660 -0.754941 -0.353017 10
-1.796672 -0.793073 -0.363161 9
-1.840937 -0.826252 -0.371517 9
-1.876572 -0.874954 -0.385403 9
-1.902228 -0.940538 -0.405342 9
-1.877761 -1.092605 -0.456399 9
-1.898816 -1.160449 -0.477268 9
-1.842311 -1.356935 -0.544625 9
-1.905813 -1.348231 -0.537954 9
-1.934437 -1.397138 -0.552093 9
-2.032311 -1.335988 -0.526212 9
-2.069765 -1.371648 -0.535434 9
-2.126680 -1.377581 -0.533771 9
-2.173615 -1.399121 -0.537751 9
-2.330481 -1.262177 -0.483473 9
-2.403038 -1.251310 -0.475269 9
2.375659 -1.478149 -0.654903 8
2.317374 -1.504024 -0.664202 8
2.281238 -1.473924 -0.654146 8
2.232938 -1.475959 -0.655139 8
2.170256 -1.519412 -0.670375 8
2.129820 -1.502090 -0.664612 8
2.086692 -1.492559 -0.661498 8
2.037147 -1.503144 -0.665281 8
1.980244 -1.538978 -0.677729 8
1.934138 -1.542378 -0.678960 8
1.895029 -1.522727 -0.672207 8
1.855205 -1.504963 -0.666069 8
1.813024 -1.495416 -0.662726 8
1.801913 -1.365093 -0.617711 8
1.759929 -1.349574 -0.612232 8
1.730028 -1.282275 -0.588862 8
1.697406 -1.221586 -0.567727 8
1.713036 -0.930918 -0.467227 8
1.655434 -0.970053 -0.480425 8
1.599929 -1.003548 -0.491642 10
1.530159 -1.119732 -0.531364 10
1.492825 -1.063007 -0.511377 10
1.446044 -1.058137 -0.509246 10
1.401753 -1.037134 -0.501504 10
1.357790 -1.011658 -0.492173 10
1.304838 -1.051583 -0.505404 10
1.259068 -1.039853 -0.500744 10
1.211188 -1.045920 -0.502200 10
1.160276 -1.084316 -0.514808 10
1.110817 -1.116223 -0.525142 10
1.063236 -1.133725 -0.530459 10
1.016009 -1.152177 -0.536074 10
0.967827 -1.193845 -0.549707 10
0.930387 -1.036611 -0.494311 10
0.882134 -1.073837 -0.506320 10
0.833242 -1.159847 -0.535251 10
0.788230 -1.134842 -0.525595 10
0.742548 -1.129268 -0.522647 10
0.696753 -1.122218 -0.519145 10
0.651164 -1.146398 -0.526476 10
0.606746 -1.202881 -0.545038 10
0.561122 -1.185924 -0.537977 10
0.517085 -1.215872 -0.547239 10
0.470094 -1.178144 -0.532839 10
0.423537 -1.160549 -0.525415 10
0.378083 -1.163960 -0.525291 10
0.334892 -1.194726 -0.534709 10
0.287621 -1.175624 -0.526625 10
0.242902 -1.185884 -0.528789 10
0.194647 -1.163950 -0.519613 10
0.144382 -1.130256 -0.506247 10
0.086742 -1.047575 -0.475578 10
0.050633 -1.126735 -0.501809 10
0.009839 -1.165880 -0.513945 10
-0.046836 -1.104800 -0.490692 10
-0.092294 -1.115721 -0.492787 10
-0.132300 -1.155591 -0.505086 10
-0.168711 -1.210362 -0.522649 10
-0.220955 -1.183990 -0.511440 10
-0.268339 -1.183373 -0.509305 10
-0.323875 -1.148001 -0.494769 10
-0.368834 -1.160910 -0.497336 10
-0.423349 -1.135355 -0.486158 10
-0.475463 -1.122020 -0.479268 10
-0.529556 -1.103369 -0.470414 10
-0.582346 -1.091688 -0.463983 10
-0.642383 -1.057096 -0.449279 10
-0.683939 -1.086655 -0.457505 10
-0.734986 -1.084995 -0.454487 10
-0.795205 -1.056309 -0.441685 10
-0.827795 -1.112253 -0.459301 10
-0.905490 -1.036360 -0.429324 10
-0.955375 -1.043344 -0.429171 10
-1.027576 -0.990888 -0.407435 10
-1.074927 -1.007362 -0.410582 10
-1.151383 -0.950220 -0.386932 10
-1.196730 -0.973827 -0.392542 10
-1.261071 -0.951767 -0.381461 10
-1.327154 -0.927911 -0.369626 10
-1.371660 -0.955142 -0.376391 10
-1.464093 -0.876578 -0.344320 10
-1.525723 -0.869152 -0.338207 10
-1.576976 -0.884852 -0.340522 10
-1.630999 -0.895221 -0.340817 10
-1.671297 -0.933403 -0.351331 10
-1.743493 -0.909114 -0.338680 9
-1.847755 -0.826573 -0.304281 9
-1.882519 -0.877183 -0.319208 9
-1.874470 -1.003628 -0.362412 9
-1.866157 -1.125835 -0.404157 9
-1.822611 -1.304105 -0.467029 9
-1.838179 -1.376191 -0.490254 9
-1.908870 -1.355677 -0.478666 9
-1.980910 -1.334997 -0.466889 9
-2.039279 -1.337789 -0.463863 9
-2.086791 -1.358259 -0.467453 9
-2.138182 -1.373159 -0.468869 9
-2.174726 -1.410403 -0.478737 9
-2.298968 -1.321000 -0.440163 9
-2.318997 -1.383368 -0.459483 9
2.294864 -1.454073 -0.591922 8
2.230081 -1.499708 -0.608746 8
2.177015 -1.516387 -0.615147 8
2.142523 -1.481399 -0.603008 8
2.090327 -1.497803 -0.609220 8
2.037133 -1.519311 -0.617210 8
1.995302 -1.506885 -0.613016 8
1.945619 -1.520449 -0.618075 8
1.901623 -1.516348 -0.616773 8
1.863237 -1.492735 -0.608452 8
1.824952 -1.467702 -0.599581 8
1.782299 -1.458354 -0.596278 8
1.760302 -1.365568 -0.563098 8
1.807855 -0.971468 -0.422138 8
1.750900 -1.003363 -0.433446 8
1.704088 -0.992276 -0.429338 8
1.652150 -1.006003 -0.434059 8
1.599019 -1.028297 -0.441800 10
1.532330 -1.127804 -0.477123 10
1.488616 -1.107761 -0.469636 10
1.446325 -1.077334 -0.458386 10
1.406972 -1.024422 -0.439036 10
1.361308 -1.009079 -0.433086 10
1.300637 -1.106016 -0.467308 10
1.250741 -1.131719 -0.475983 10
1.202105 -1.151758 -0.482591 10
1.162092 -1.091424 -0.460341 10
1.112080 -1.128515 -0.472979 10
1.065394 -1.134643 -0.474473 10
1.017973 -1.153931 -0.480651 10
0.972515 -1.148012 -0.477738 10
0.926758 -1.146597 -0.476398 10
0.881075 -1.143522 -0.474417 10
0.833229 -1.212522 -0.498325 10
0.788714 -1.183008 -0.486751 10
0.743708 -1.142704 -0.471233 10
0.697915 -1.134072 -0.467070 10
0.652063 -1.136414 -0.466818 10
0.606201 -1.136854 -0.465836 10
0.561509 -1.174863 -0.478380 10
0.516826 -1.195318 -0.484555 10
0.473146 -1.227856 -0.495068 10
0.425880 -1.192817 -0.481085 10
0.377615 -1.154691 -0.465917 10
0.335246 -1.198196 -0.480289 10
0.285588 -1.154459 -0.462969 10
0.242582 -1.184751 -0.472474 10
0.192877 -1.151356 -0.458789 10
0.145482 -1.143025 -0.454157 10
0.101080 -1.159147 -0.458383 10
0.051768 -1.139847 -0.449650 10
0.005309 -1.142408 -0.448836 10
-0.040069 -1.152047 -0.450561 10
-0.084756 -1.165340 -0.453582 10
-0.131966 -1.164467 -0.451371 10
-0.176240 -1.179471 -0.454933 10
-0.226671 -1.164150 -0.447318 10
-0.276173 -1.155460 -0.442074 10
-0.318812 -1.178460 -0.448438 10
-0.378304 -1.129939 -0.428398 10
-0.429449 -1.119831 -0.422438 10
-0.483473 -1.100443 -0.412980 10
-0.537905 -1.082020 -0.403801 10
-0.586161 -1.087765 -0.403506 10
-0.647082 -1.050935 -0.387348 10
-0.699122 -1.046821 -0.383255 10
-0.747378 -1.055915 -0.384014 10
-0.773824 -1.131964 -0.409698 10
-0.815288 -1.159562 -0.417305 10
-0.886494 -1.101338 -0.392762 10
-0.967900 -1.019523 -0.359237 10
-1.025081 -1.008685 -0.352194 10
-1.071990 -1.026212 -0.355737 10
-1.151198 -0.962177 -0.328495 10
-1.210158 -0.952477 -0.321606 10
-1.275145 -0.929999 -0.309796 10
-1.341141 -0.907466 -0.297856 10
-1.387909 -0.930541 -0.303122 10
-1.464424 -0.888202 -0.283454 10
-1.496119 -0.944892 -0.301394 10
-1.552689 -0.947989 -0.298864 10
-1.609965 -0.950582 -0.296061 10
-1.730958 -0.828114 -0.245193 10
-1.727154 -0.953551 -0.289352 9
-1.975713 -0.598925 -0.148627 9
-2.002133 -0.670604 -0.171849 9
-1.938919 -0.900998 -0.256549 9
-1.831899 -1.198700 -0.367694 9
-1.854664 -1.261633 -0.387966 9
-2.280280 -0.648493 -0.144580 9
-1.883487 -1.409726 -0.437277 9
-1.955329 -1.388622 -0.424706 9
-2.035734 -1.356144 -0.407520 9
-2.118523 -1.322548 -0.389721 9
-2.165464 -1.345239 -0.393988 9
-2.192659 -1.397072 -0.409745 9
-2.312399 -1.315085 -0.372316 9
-2.355433 -1.345476 -0.379380 9
-2.408466 -1.362058 -0.380875 9
2.284468 -1.497425 -0.552189 8
2.242064 -1.483334 -0.547623 8
2.189010 -1.498931 -0.554030 8
2.137916 -1.510808 -0.559000 8
2.100542 -1.483575 -0.549406 8
2.046634 -1.506214 -0.558265 8
2.013387 -1.465538 -0.543592 8
1.957387 -1.497882 -0.555945 8
1.919631 -1.471047 -0.546310 8
1.871714 -1.479157 -0.549580 8
1.825516 -1.482424 -0.551005 8
1.783366 -1.471219 -0.547021 8
1.753768 -1.409376 -0.524232 8
1.796030 -1.040517 -0.387673 8
1.759861 -0.983267 -0.366494 8
1.714557 -0.963544 -0.359164 8
1.694122 -0.821891 -0.306614 8
1.610358 -0.990251 -0.368851 10
1.542754 -1.091281 -0.406103 10
1.497402 -1.077688 -0.400839 10
1.446675 -1.096100 -0.407386 10
1.405811 -1.053605 -0.391309 10
1.358414 -1.051559 -0.390171 10
1.305306 -1.093185 -0.405180 10
1.252137 -1.143278 -0.423288 10
1.205424 -1.145837 -0.423720 10
1.158632 -1.150598 -0.424921 10
1.112392 -1.151277 -0.424559 10
1.069620 -1.110257 -0.408658 10
1.021717 -1.130744 -0.415554 10
0.972605 -1.179024 -0.432742 10
0.931723 -1.084353 -0.396721 10
0.882637 -1.146895 -0.419128 10
0.835163 -1.199233 -0.437711 10
0.789343 -1.222843 -0.445563 10
0.744684 -1.175911 -0.427077 10
0.699136 -1.220327 -0.442598 10
0.653455 -1.170371 -0.422862 10
0.607391 -1.151273 -0.414579 10
0.562183 -1.172666 -0.421373 10
0.518151 -1.212608 -0.435067 10
0.473805 -1.231522 -0.440861 10
0.426918 -1.204095 -0.429253 10
0.379836 -1.182567 -0.419789 10
0.334935 -1.193615 -0.422486 10
0.290252 -1.205397 -0.425415 10
0.247195 -1.231422 -0.433656 10
0.197573 -1.195738 -0.418637 10
0.152013 -1.199632 -0.418450 10
0.112304 -1.247349 -0.434740 10
0.063751 -1.227932 -0.425668 10
0.018595 -1.233876 -0.426112 10
-0.035088 -1.188432 -0.407062 10
-0.083922 -1.176806 -0.400727 10
-0.122554 -1.222009 -0.415878 10
-0.160243 -1.268014 -0.431317 10
-0.215855 -1.223975 -0.412510 10
-0.268939 -1.196667 -0.399971 10
-0.319375 -1.184335 -0.393053 10
-0.374497 -1.154474 -0.379373 10
-0.416952 -1.178587 -0.386229 10
-0.461257 -1.194532 -0.389922 10
-0.519800 -1.157875 -0.373407 10
-0.570191 -1.153710 -0.369260 10
-0.629040 -1.122069 -0.354479 10
-0.692369 -1.078998 -0.335192 10
-0.742474 -1.081629 -0.333410 10
-0.795591 -1.075858 -0.328316 10
-0.822415 -1.148890 -0.353634 10
-0.904005 -1.062037 -0.317007 10
-0.999915 -0.942106 -0.267346 10
-1.046810 -0.961686 -0.271708 10
-1.097569 -0.971076 -0.272048 10
-1.139963 -1.001994 -0.280726 10
-1.184858 -1.026039 -0.286681 10
-1.271698 -0.950074 -0.253396 10
-1.306246 -1.000168 -0.269410 10
-1.403767 -0.907048 -0.229065 10
-1.430958 -0.973813 -0.251523 10
-1.507410 -0.933214 -0.231578 10
-1.559361 -0.946638 -0.232863 10
-1.608758 -0.965645 -0.236293 10
-1.711663 -0.879256 -0.197739 10
-1.720633 -0.978966 -0.233120 10
-1.789545 -0.962445 -0.222139 9
-1.819626 -1.019007 -0.240298 9
-1.832334 -1.105138 -0.270337 9
-1.841346 -1.194867 -0.301890 9
-1.840135 -1.299065 -0.339361 9
-2.258273 -0.699750 -0.092264 9
-2.324917 -0.701935 -0.087813 9
-1.900340 -1.488961 -0.402546 9
-1.955646 -1.493934 -0.399874 9
-2.077866 -1.397657 -0.355678 9
-2.158654 -1.368519 -0.338688 9
-2.224211 -1.364037 -0.331652 9
-2.250601 -1.416946 -0.348170 9
-2.328356 -1.396889 -0.334483 9
-2.355392 -1.448405 -0.350342 9
2.281135 -1.522151 -0.505968 8
2.251881 -1.473053 -0.487930 8
2.191017 -1.509467 -0.502741 8
2.159939 -1.463800 -0.485925 8
2.105435 -1.485360 -0.494900 8
2.062312 -1.474431 -0.491331 8
2.011322 -1.488578 -0.497337 8
1.966911 -1.483011 -0.495716 8
1.909709 -1.521552 -0.510966 8
1.870961 -1.498545 -0.502542 8
1.827132 -1.493291 -0.500877 8
1.784049 -1.485596 -0.498222 8
1.750609 -1.439444 -0.480769 8
1.800788 -1.039685 -0.327701 8
1.760111 -1.001714 -0.313297 8
1.708165 -1.012811 -0.317645 8
1.641583 -1.096820 -0.349884 10
1.601324 -1.056607 -0.334448 10
1.548445 -1.080759 -0.343629 10
1.493501 -1.120549 -0.358750 10
1.447822 -1.110019 -0.354524 10
1.399843 -1.113908 -0.355771 10
1.344674 -1.169328 -0.376727 10
1.300653 -1.150636 -0.369207 10
1.254457 -1.147398 -0.367558 10
1.205093 -1.172625 -0.376780 10
1.158959 -1.172247 -0.376122 10
1.112943 -1.171403 -0.375232 10
1.067426 -1.165128 -0.372201 10
1.017623 -1.218086 -0.391879 10
0.978919 -1.107836 -0.348768 10
0.932407 -1.107780 -0.347952 10
0.883920 -1.157449 -0.366219 10
0.836784 -1.197032 -0.380568 10
0.791490 -1.186087 -0.375411 10
0.745724 -1.201648 -0.380413 10
0.700283 -1.226729 -0.389040 10
0.654666 -1.187989 -0.372991 10
0.608402 -1.157018 -0.359868 10
0.564630 -1.227015 -0.385699 10
0.518974 -1.217761 -0.380859 10
0.473289 -1.212431 -0.377477 10
0.425834 -1.181128 -0.363974 10
0.382481 -1.216316 -0.376176 10
0.338594 -1.237081 -0.382746 10
0.291323 -1.217657 -0.373664 10
0.246790 -1.229477 -0.376658 10
0.198278 -1.204960 -0.365462 10
0.154722 -1.225355 -0.371684 10
0.116043 -1.279730 -0.391113 10
0.063962 -1.234603 -0.371687 10
0.028315 -1.302200 -0.396213 10
-0.025655 -1.251613 -0.374502 10
-0.071158 -1.255920 -0.374185 10
-0.119701 -1.244338 -0.367580 10
-0.162312 -1.264890 -0.373518 10
-0.217061 -1.225921 -0.356013 10
-0.270346 -1.198319 -0.342879 10
-0.310589 -1.230963 -0.353399 10
-0.361439 -1.217461 -0.345672 10
-0.418438 -1.181548 -0.329005 10
-0.446754 -1.258898 -0.357065 10
-0.509680 -1.204264 -0.332821 10
-0.558928 -1.202892 -0.329589 10
-0.615701 -1.177052 -0.316554 10
-0.671711 -1.156499 -0.305519 10
-0.733575 -1.119897 -0.287980 10
-0.785397 -1.117280 -0.283898 10
-0.876240 -1.001099 -0.234271 10
-0.920216 -1.026710 -0.241264 10
-0.948064 -1.096106 -0.265804 10
-1.017774 -1.050490 -0.244069 10
-1.075033 -1.040838 -0.236685 10
-1.135972 -1.023521 -0.226102 10
-1.174018 -1.064061 -0.238826 10
-1.238835 -1.039878 -0.225271 10
-1.295869 -1.035998 -0.219836 10
-1.345624 -1.049689 -0.221459 10
-1.399408 -1.054906 -0.219551 10
-1.452194 -1.063025 -0.218742 10
-1.545814 -0.987260 -0.183452 10
-1.596248 -1.003542 -0.185748 10
-1.612038 -1.088262 -0.216164 10
-1.693080 -1.044713 -0.193671 10
-1.795062 -0.965165 -0.156079 9
-1.820845 -1.029800 -0.178048 9
-1.853244 -1.080727 -0.194334 9
-1.870464 -1.156887 -0.221140 9
-1.871737 -1.257843 -0.258369 9
-2.236106 -0.751107 -0.040829 9
-2.293562 -0.767542 -0.042024 9
-1.921994 -1.466910 -0.331176 9
-1.969115 -1.485477 -0.333912 9
-2.038439 -1.470561 -0.322366 9
-2.114207 -1.447814 -0.307322 9
-2.194713 -1.420276 -0.290042 9
-2.272550 -1.398873 -0.275181 9
-2.334241 -1.402092 -0.270699 9
2.283375 -1.532349 -0.454128 8
2.260204 -1.466996 -0.429144 8
2.222381 -1.438903 -0.418958 8
2.153758 -1.497822 -0.443338 8
2.105781 -1.500689 -0.445338 8
2.050433 -1.527144 -0.456649 8
2.014809 -1.494039 -0.444225 8
1.959499 -1.523873 -0.456745 8
1.909844 -1.537617 -0.462806 8
1.868546 -1.523794 -0.457864 8
1.837051 -1.473720 -0.438482 8
1.777674 -1.527010 -0.460049 8
1.775189 -1.358682 -0.393667 8
1.760249 -1.227998 -0.342175 8
1.716713 -1.210818 -0.335632 8
1.716814 -0.992912 -0.249470 8
1.665636 -1.000562 -0.252654 10
1.596059 -1.103412 -0.293501 10
1.545927 -1.114557 -0.297940 10
1.497783 -1.116655 -0.298732 10
1.449015 -1.123715 -0.301429 10
1.422117 -0.991363 -0.248807 10
1.349467 -1.157734 -0.314530 10
1.300728 -1.172403 -0.320064 10
1.253881 -1.175119 -0.320799 10
1.211493 -1.139820 -0.306397 10
1.163526 -1.152597 -0.311003 10
1.113806 -1.188130 -0.324581 10
1.072316 -1.133217 -0.302203 10
1.026760 -1.120111 -0.296353 10
0.971719 -1.257871 -0.350376 10
0.930708 -1.177742 -0.317782 10
0.884728 -1.179765 -0.317768 10
0.838502 -1.192170 -0.321826 10
0.792821 -1.191260 -0.320529 10
0.747049 -1.198682 -0.322489 10
0.701433 -1.212447 -0.326921 10
0.655917 -1.209466 -0.324622 10
0.609744 -1.178489 -0.311090 10
0.564662 -1.203976 -0.320027 10
0.520330 -1.235742 -0.331426 10
0.472240 -1.182852 -0.308929 10
0.426511 -1.186503 -0.308966 10
0.384023 -1.234814 -0.326832 10
0.340005 -1.253337 -0.332726 10
0.296289 -1.271831 -0.338560 10
0.248014 -1.243308 -0.325461 10
0.209936 -1.310524 -0.350767 10
0.162983 -1.295800 -0.343089 10
0.118315 -1.301180 -0.343432 10
0.067842 -1.266603 -0.327603 10
0.019698 -1.252510 -0.319947 10
-0.020755 -1.287372 -0.332001 10
-0.057648 -1.339074 -0.350835 10
-0.105467 -1.327434 -0.343989 10
-0.154698 -1.310764 -0.335023 10
-0.199576 -1.317526 -0.335490 10
-0.261213 -1.248088 -0.304899 10
-0.307523 -1.252630 -0.304295 10
-0.357347 -1.243065 -0.297869 10
-0.402520 -1.253681 -0.299603 10
-0.456689 -1.230078 -0.287277 10
-0.516640 -1.188148 -0.267337 10
-0.566665 -1.185231 -0.263276 10
-0.615878 -1.186201 -0.260730 10
-0.679263 -1.141880 -0.239459 10
-0.710356 -1.203067 -0.261557 10
-0.766684 -1.184448 -0.250690 10
-0.849308 -1.090906 -0.208705 10
-0.900615 -1.093247 -0.206247 10
-0.964719 -1.061263 -0.189447 10
-0.992653 -1.128538 -0.213813 10
-1.068104 -1.070068 -0.185764 10
-1.120414 -1.074024 -0.183606 10
-1.170820 -1.083400 -0.183629 10
-1.227748 -1.077845 -0.177306 10
-1.311795 -1.011290 -0.145226 10
-1.352742 -1.045767 -0.155494 10
-1.417138 -1.028431 -0.143840 10
-1.509615 -0.953560 -0.107693 10
-1.524887 -1.043016 -0.141006 10
-1.621967 -0.964429 -0.102922 10
-1.680408 -0.966666 -0.099017 10
-1.713467 -1.018482 -0.116188 9
-1.786700 -0.993908 -0.100620 9
-1.846690 -0.995775 -0.096233 9
-1.814095 -1.163446 -0.163140 9
-1.857933 -1.191629 -0.170067 9
-1.875627 -1.264034 -0.196085 9
-1.895086 -1.331352 -0.219943 9
-1.895363 -1.427883 -0.256563 9
-1.916622 -1.487968 -0.277378 9
-1.971634 -1.494174 -0.274608 9
-2.042563 -1.477075 -0.261477 9
-2.096561 -1.486968 -0.260063 9
-2.163288 -1.479093 -0.250674 9
-2.236598 -1.463350 -0.237625 9
-2.389526 -1.338651 -0.175858 9
-2.375780 -1.447443 -0.217890 9
2.303181 -1.618972 -0.432268 8
2.262875 -1.601478 -0.426347 8
2.236063 -1.547784 -0.405450 8
2.176978 -1.580444 -0.420064 8
2.137843 -1.559405 -0.412497 8
2.093290 -1.553770 -0.411203 8
2.065482 -1.497734 -0.389131 8
2.012745 -1.517074 -0.397973 8
1.960279 -1.537833 -0.407321 8
1.902188 -1.580074 -0.425409 8
1.869280 -1.537917 -0.408798 8
1.821769 -1.546645 -0.412998 8
1.789818 -1.497672 -0.393480 8
1.758752 -1.441803 -0.371083 8
1.882564 -0.738357 -0.083347 8
1.840992 -0.689053 -0.063588 8
1.749869 -0.862008 -0.134774 8
1.648065 -1.104976 -0.234531 10
1.600120 -1.102848 -0.233853 10
1.553852 -1.092446 -0.229718 10
1.510908 -1.062905 -0.217681 10
1.455445 -1.105933 -0.235283 10
1.395638 -1.183641 -0.267015 10
1.354687 -1.143508 -0.250440 10
1.310750 -1.120227 -0.240694 10
1.263139 -1.123540 -0.241770 10
1.214901 -1.133889 -0.245663 10
1.166182 -1.151891 -0.252625 10
1.115028 -1.201029 -0.272285 10
1.070901 -1.178316 -0.262438 10
1.023847 -1.190526 -0.266840 10
0.977354 -1.198664 -0.269511 10
0.933346 -1.162789 -0.254057 10
0.882364 -1.278945 -0.300940 10
0.839708 -1.204409 -0.269479 10
0.793833 -1.212312 -0.271800 10
0.748224 -1.211432 -0.270448 10
0.702598 -1.228684 -0.276490 10
0.657141 -1.228331 -0.275227 10
0.612391 -1.263470 -0.288519 10
0.566364 -1.234592 -0.275376 10
0.520887 -1.234317 -0.273949 10
0.474632 -1.219855 -0.266599 10
0.430872 -1.251407 -0.278183 10
0.385194 -1.248174 -0.275338 10
0.340616 -1.259915 -0.278620 10
0.296155 -1.271121 -0.281620 10
0.245583 -1.221796 -0.259465 10
0.198735 -1.215082 -0.254885 10
0.156239 -1.245376 -0.265603 10
0.110485 -1.247635 -0.264619 10
0.070181 -1.287955 -0.279412 10
0.023013 -1.279610 -0.273887 10
-0.022699 -1.281940 -0.272737 10
-0.066349 -1.296499 -0.276626 10
-0.101778 -1.354106 -0.298465 10
-0.165322 -1.264557 -0.258654 10
-0.219354 -1.230570 -0.241973 10
-0.260002 -1.261701 -0.252526 10
-0.310591 -1.247685 -0.244050 10
-0.359976 -1.240803 -0.238484 10
-0.410077 -1.232578 -0.232263 10
-0.455266 -1.244596 -0.234502 10
-0.507429 -1.231131 -0.225892 10
-0.560489 -1.216483 -0.216680 10
-0.602431 -1.241341 -0.224132 10
-0.657366 -1.223101 -0.213208 10
-0.701894 -1.239696 -0.217008 10
-0.767903 -1.191076 -0.192916 10
-0.835734 -1.141311 -0.168169 10
-0.894039 -1.122702 -0.156593 10
-0.972204 -1.051821 -0.122460 10
-1.013968 -1.082986 -0.131986 10
-1.068526 -1.080322 -0.126891 10
-1.146753 -1.019672 -0.096655 10
-1.194572 -1.037344 -0.100088 10
-1.239802 -1.061159 -0.106111 10
-1.285420 -1.083802 -0.111561 10
-1.353915 -1.055239 -0.094644 10
-1.422092 -1.029943 -0.078983 10
-1.486663 -1.014664 -0.067537 10
-1.536002 -1.032617 -0.070515 10
-1.575220 -1.071060 -0.082420 10
-1.636258 -1.065992 -0.075106 10
-1.752415 -0.957102 -0.021772 9
-1.779658 -1.020155 -0.044244 9
-1.772011 -1.144741 -0.094070 9
-1.805415 -1.191754 -0.109504 9
-1.845597 -1.225956 -0.119197 9
-1.877006 -1.274562 -0.135295 9
-1.889641 -1.353148 -0.164852 9
-1.902152 -1.429527 -0.193486 9
-1.906994 -1.515753 -0.226639 9
-1.960499 -1.524055 -0.224551 9
-2.032621 -1.504950 -0.209872 9
-2.090863 -1.508330 -0.205251 9
-2.152264 -1.508135 -0.198850 9
-2.210448 -1.513662 -0.194920 9
-2.312939 -1.458671 -0.162935 9
-2.383206 -1.450930 -0.152472 9
2.415827 -1.593470 -0.362317 8
2.367377 -1.593932 -0.364181 8
2.332315 -1.561838 -0.352078 8
2.288248 -1.551934 -0.349373 8
2.248269 -1.531461 -0.342096 8
2.187534 -1.567530 -0.358807 8
2.153911 -1.530071 -0.344159 8
2.115119 -1.506129 -0.335199 8
2.078345 -1.475332 -0.323266 8
2.014457 -1.528244 -0.346787 8
1.984567 -1.475459 -0.325389 8
1.928590 -1.507529 -0.339902 8
1.883134 -1.506133 -0.340152 8
1.828708 -1.538178 -0.354489 8
1.788229 -1.520847 -0.347845 8
1.753746 -1.479144 -0.330822 8
1.904064 -0.670067 0.010844 8
1.767339 -1.029101 -0.141559 8
1.750291 -0.880662 -0.079266 8
1.673699 -1.002326 -0.131087 8
1.612348 -1.061365 -0.156346 10
1.558013 -1.090735 -0.168986 10
1.527144 -0.992301 -0.127548 10
1.484987 -0.949960 -0.109739 10
1.403180 -1.156589 -0.197046 10
1.362588 -1.111222 -0.177809 10
1.313877 -1.119757 -0.181273 10
1.264522 -1.135818 -0.187845 10
1.217427 -1.135951 -0.187615 10
1.169494 -1.145101 -0.191124 10
1.122855 -1.143365 -0.189960 10
1.068238 -1.238122 -0.229536 10
1.022676 -1.236324 -0.228214 10
0.978977 -1.204949 -0.214303 10
0.931012 -1.244042 -0.230147 10
0.888289 -1.177609 -0.201237 10
0.841945 -1.183886 -0.203042 10
0.795473 -1.203450 -0.210412 10
0.749808 -1.186265 -0.202130 10
0.703773 -1.223859 -0.217019 10
0.658174 -1.228081 -0.217682 10
0.613453 -1.271921 -0.235112 10
0.569339 -1.306774 -0.248674 10
0.523277 -1.277384 -0.234848 10
0.477326 -1.262814 -0.227242 10
0.433790 -1.293060 -0.238656 10
0.387171 -1.272691 -0.228428 10
0.345222 -1.314861 -0.244812 10
0.298076 -1.292523 -0.233590 10
0.251364 -1.279729 -0.226359 10
0.206702 -1.288129 -0.228117 10
0.165522 -1.323962 -0.241565 10
0.114534 -1.282333 -0.221736 10
0.074819 -1.325112 -0.238045 10
0.027488 -1.314127 -0.231202 10
-0.024145 -1.279568 -0.214120 10
-0.068610 -1.290466 -0.216519 10
-0.108736 -1.324087 -0.228656 10
-0.161633 -1.290646 -0.211770 10
-0.214520 -1.261552 -0.196647 10
-0.266070 -1.242270 -0.185657 10
-0.298802 -1.307149 -0.211082 10
-0.344475 -1.313581 -0.211104 10
-0.404195 -1.264794 -0.187016 10
-0.452137 -1.265601 -0.184394 10
-0.514554 -1.214599 -0.159064 10
-0.552168 -1.255184 -0.173626 10
-0.624975 -1.175238 -0.135354 10
-0.678487 -1.164594 -0.127280 10
-0.725691 -1.175376 -0.128513 10
-0.780500 -1.163410 -0.119646 10
-0.818284 -1.202891 -0.133363 10
-0.886303 -1.155397 -0.108593 10
-0.928467 -1.182569 -0.116714 10
-1.002795 -1.123831 -0.086646 10
-1.056379 -1.122927 -0.082087 10
-1.149297 -1.025020 -0.034179 10
-1.189797 -1.060689 -0.045641 10
-1.239752 -1.073138 -0.046661 10
-1.303842 -1.053616 -0.033243 10
-1.343463 -1.090634 -0.045094 10
-1.395280 -1.100331 -0.044585 10
-1.471116 -1.059953 -0.021341 10
-1.515372 -1.087576 -0.028690 10
-1.582708 -1.068701 -0.014851 10
-1.739191 -0.877949 0.077442 9
-1.722573 -1.027087 0.015128 9
-1.727873 -1.129447 -0.025993 9
-1.780977 -1.141421 -0.025730 9
-1.770897 -1.265734 -0.077083 9
-1.805307 -1.308509 -0.090967 9
-1.847552 -1.337202 -0.098300 9
-2.230567 -0.803647 0.155653 9
-1.842069 -1.539097 -0.180107 9
-1.883020 -1.566107 -0.186661 9
-1.953302 -1.547811 -0.171895 9
-2.045539 -1.498318 -0.142236 9
-2.101481 -1.505627 -0.139079 9
-2.158766 -1.511835 -0.135260 9
-2.203882 -1.536131 -0.139890 9
-2.255063 -1.552190 -0.140499 9
-2.347629 -1.512743 -0.114398 9
2.425984 -1.344431 -0.199136 8
2.299029 -1.540411 -0.287199 8
2.239404 -1.571219 -0.302390 8
2.198613 -1.553445 -0.296131 8
2.165433 -1.513949 -0.280265 8
2.116752 -1.517904 -0.283399 8
2.065099 -1.531999 -0.290890 8
2.023695 -1.515988 -0.285105 8
1.973859 -1.526988 -0.291070 8
1.920824 -1.550446 -0.302398 8
1.874129 -1.554493 -0.305149 8
1.831221 -1.546003 -0.302340 8
1.785890 -1.546824 -0.303525 8
1.752200 -1.502698 -0.285009 8
1.718100 -1.457151 -0.265810 8
1.774152 -1.019451 -0.075459 8
1.742370 -0.937087 -0.040125 8
1.700156 -0.896848 -0.023092 10
1.604336 -1.121854 -0.121617 10
1.567894 -1.058952 -0.094529 10
1.531578 -0.988760 -0.064191 10
1.486446 -0.963208 -0.053229 10
1.421379 -1.062121 -0.096425 10
1.359785 -1.152544 -0.135839 10
1.315836 -1.128104 -0.125119 10
1.270760 -1.109474 -0.116852 10
1.218216 -1.153335 -0.135742 10
1.172689 -1.139746 -0.129514 10
1.122803 -1.170414 -0.142503 10
1.075208 -1.182235 -0.147202 10
1.025446 -1.227953 -0.166613 10
0.980913 -1.206455 -0.156628 10
0.935391 -1.196246 -0.151488 10
0.892046 -1.130113 -0.121845 10
0.843643 -1.181315 -0.143364 10
0.797440 -1.180133 -0.141928 10
0.750912 -1.207386 -0.152849 10
0.704958 -1.224399 -0.159226 10
0.659529 -1.259698 -0.173540 10
0.614598 -1.284182 -0.183058 10
0.567753 -1.230091 -0.158067 10
0.522466 -1.242347 -0.162072 10
0.479014 -1.286259 -0.179904 10
0.438567 -1.364892 -0.212944 10
0.390266 -1.312723 -0.188445 10
0.347238 -1.338451 -0.198112 10
0.298204 -1.294644 -0.177090 10
0.262045 -1.384992 -0.215107 10
0.210839 -1.327491 -0.187866 10
0.166447 -1.335292 -0.189345 10
0.122820 -1.348384 -0.193092 10
0.077613 -1.349571 -0.191498 10
0.032260 -1.350512 -0.189715 10
-0.018289 -1.321036 -0.174350 10
-0.060371 -1.343670 -0.182026 10
-0.106002 -1.345732 -0.180489 10
-0.162475 -1.293938 -0.154873 10
-0.205057 -1.314574 -0.161424 10
-0.256697 -1.293001 -0.149053 10
-0.306894 -1.280570 -0.140655 10
-0.363876 -1.242163 -0.120509 10
-0.415780 -1.228023 -0.111109 10
-0.471395 -1.201939 -0.096225 10
-0.520639 -1.202002 -0.092980 10
-0.571660 -1.196789 -0.087258 10
-0.618691 -1.206297 -0.088079 10
-0.658832 -1.238338 -0.099014 10
-0.724421 -1.189661 -0.073297 10
-0.769012 -1.208532 -0.078081 10
-0.840300 -1.149368 -0.047272 10
-0.889574 -1.157032 -0.046728 10
-0.935920 -1.173178 -0.049963 10
-1.012429 -1.109598 -0.016606 10
-1.090838 -1.045996 0.017000 10
-1.148549 -1.038644 0.024980 10
-1.180979 -1.093795 0.004287 10
-1.242969 -1.077511 0.016606 10
-1.279955 -1.120200 0.001776 10
-1.348165 -1.092346 0.019726 10
-1.387686 -1.128973 0.007863 10
-1.473448 -1.067539 0.041796 10
-1.520052 -1.090536 0.036521 10
-1.653555 -0.940055 0.112681 9
-1.778801 -0.814282 0.177745 9
-1.738857 -1.009291 0.092040 9
-1.771584 -1.061470 0.073509 9
-1.772234 -1.170248 0.028153 9
-1.752112 -1.311664 -0.032870 9
-1.809231 -1.314543 -0.028058 9
-1.816881 -1.401648 -0.063397 9
-2.295278 -0.711799 0.274069 9
-1.814712 -1.595535 -0.143860 9
-1.895360 -1.559221 -0.119932 9
-1.976945 -1.524164 -0.096334 9
-2.050358 -1.504035 -0.079713 9
-2.100465 -1.520183 -0.080556 9
-2.135280 -1.558792 -0.092277 9
-2.206404 -1.545800 -0.078587 9
-2.342026 -1.445642 -0.021652 9
-2.358543 -1.511576 -0.046415 9
2.374375 -1.489636 -0.204320 8
2.324778 -1.490855 -0.206847 8
2.250775 -1.557457 -0.238942 8
2.214316 -1.527054 -0.226913 8
2.172721 -1.510017 -0.220869 8
2.141388 -1.462959 -0.201163 8
2.081921 -1.498072 -0.218552 8
2.013993 -1.562887 -0.249247 8
1.962044 -1.581834 -0.259102 8
1.906940 -1.613634 -0.274659 8
1.868649 -1.590379 -0.265288 8
1.827246 -1.577367 -0.260461 8
1.794121 -1.532981 -0.241426 8
1.753198 -1.516238 -0.234773 8
1.807961 -1.106380 -0.051138 8
1.857676 -0.680703 0.139552 8
1.744306 -0.948830 0.018212 8
1.758901 -0.639648 0.156566 8
1.612762 -1.100003 -0.050909 10
1.563267 -1.104121 -0.053198 10
1.530893 -1.014045 -0.013081 10
1.480377 -1.021241 -0.016582 10
1.421410 -1.083924 -0.044916 10
1.378918 -1.044637 -0.027362 10
1.321701 -1.107999 -0.055825 10
1.270492 -1.135240 -0.067979 10
1.224277 -1.125149 -0.063281 10
1.170792 -1.183163 -0.089093 10
1.122923 -1.195569 -0.094337 10
1.076071 -1.199899 -0.095871 10
1.029716 -1.199632 -0.095256 10
0.982349 -1.216165 -0.102112 10
0.936610 -1.209358 -0.098393 10
0.893664 -1.134324 -0.063888 10
0.845506 -1.174176 -0.080990 10
0.798708 -1.190478 -0.087417 10
0.752396 -1.194792 -0.088367 10
0.706152 -1.227531 -0.102051 10
0.660621 -1.264395 -0.117528 10
0.615598 -1.288991 -0.127406 10
0.569909 -1.275603 -0.120059 10
0.523998 -1.264418 -0.113617 10
0.481421 -1.323759 -0.138985 10
0.436703 -1.329083 -0.139858 10
0.392602 -1.342254 -0.144207 10
0.347300 -1.338372 -0.140751 10
0.299804 -1.312610 -0.127276 10
0.254931 -1.318249 -0.127961 10
0.201175 -1.245801 -0.093055 10
0.164230 -1.321417 -0.125395 10
0.123989 -1.361677 -0.141610 10
0.080842 -1.377001 -0.146401 10
0.033058 -1.361440 -0.137014 10
-0.012886 -1.359734 -0.133858 10
-0.053801 -1.387379 -0.144050 10
-0.099032 -1.389843 -0.142639 10
-0.148146 -1.373422 -0.132470 10
-0.188247 -1.402444 -0.143081 10
-0.247107 -1.344599 -0.113642 10
-0.304644 -1.298775 -0.089573 10
-0.355853 -1.284025 -0.079693 10
-0.418736 -1.225479 -0.049436 10
-0.467297 -1.226784 -0.046718 10
-0.514932 -1.232264 -0.045837 10
-0.564131 -1.232799 -0.042561 10
-0.613613 -1.233277 -0.039153 10
-0.658607 -1.249147 -0.042820 10
-0.714379 -1.231281 -0.030637 10
-0.790969 -1.153030 0.009968 10
-0.814025 -1.236479 -0.025044 10
-0.865641 -1.235210 -0.020265 10
-0.935992 -1.184023 0.008152 10
-1.001674 -1.149297 0.029019 10
-1.058661 -1.139898 0.038094 10
-1.124764 -1.109454 0.057297 10
-1.178071 -1.112615 0.060720 10
-1.233496 -1.111673 0.066223 10
-1.293340 -1.101775 0.076139 10
-1.351744 -1.096656 0.083928 10
-1.410204 -1.092754 0.091285 10
-1.449139 -1.131059 0.078485 10
-1.543564 -1.055157 0.120836 10
-1.688173 -0.884353 0.209446 9
-1.691443 -0.997418 0.160955 9
-1.731418 -1.036617 0.148253 9
-1.759584 -1.096851 0.125342 9
-1.744402 -1.233433 0.065062 9
-1.779621 -1.276042 0.050669 9
-1.806787 -1.331614 0.029932 9
-1.790860 -1.458042 -0.025805 9
-1.831660 -1.486815 -0.033388 9
-1.890040 -1.487225 -0.026794 9
-1.947503 -1.490163 -0.021290 9
-1.951352 -1.576220 -0.057221 9
-2.002871 -1.588221 -0.056076 9
-2.117651 -1.508112 -0.008358 9
-2.132138 -1.576418 -0.035246 9
-2.244825 -1.505171 0.008676 9
-2.295246 -1.523648 0.007333 9
2.363173 -1.533930 -0.165700 8
2.324943 -1.507050 -0.155279 8
2.265715 -1.534594 -0.170248 8
2.237587 -1.480536 -0.146944 8
2.186770 -1.487370 -0.152026 8
2.138662 -1.487756 -0.153993 8
2.114544 -1.417329 -0.122851 8
2.050645 -1.466035 -0.147155 8
2.014024 -1.431660 -0.132659 8
1.926883 -1.563839 -0.195552 8
1.874894 -1.585587 -0.206942 8
1.859904 -1.476850 -0.157621 8
1.828413 -1.421773 -0.133179 8
1.777145 -1.440138 -0.142746 8
1.838836 -0.999703 0.060545 8
1.897802 -0.530621 0.277025 8
1.749804 -0.944706 0.084226 8
1.702367 -0.928246 0.091088 10
1.675789 -0.807422 0.146368 10
1.565580 -1.112674 0.004481 10
1.526024 -1.062572 0.027218 10
1.477189 -1.061920 0.027158 10
1.427765 -1.065844 0.025076 10
1.377022 -1.080189 0.018265 10
1.325470 -1.103585 0.007361 10
1.264747 -1.204178 -0.039163 10
1.219192 -1.193431 -0.034090 10
1.172130 -1.195723 -0.034960 10
1.131131 -1.135713 -0.006909 10
1.088958 -1.075612 0.021282 10
1.040695 -1.081552 0.019003 10
0.988431 -1.153170 -0.013599 10
0.944311 -1.100984 0.011216 10
0.897421 -1.088937 0.017539 10
0.844205 -1.265321 -0.063391 10
0.798245 -1.279963 -0.069292 10
0.753205 -1.242359 -0.050871 10
0.707348 -1.237674 -0.047626 10
0.661584 -1.254173 -0.054129 10
0.616677 -1.297470 -0.073007 10
0.571443 -1.300770 -0.073222 10
0.524906 -1.271110 -0.058011 10
0.478972 -1.266237 -0.054234 10
0.434320 -1.284683 -0.061234 10
0.389957 -1.302621 -0.067920 10
0.345182 -1.311850 -0.070464 10
0.298697 -1.301464 -0.063759 10
0.254174 -1.312984 -0.067200 10
0.206181 -1.292817 -0.055722 10
0.162050 -1.307903 -0.060657 10
0.123451 -1.362372 -0.083994 10
0.075858 -1.348138 -0.075019 10
0.037242 -1.394021 -0.094211 10
-0.014196 -1.358259 -0.074911 10
-0.052174 -1.403266 -0.093558 10
-0.102868 -1.376658 -0.078352 10
-0.144821 -1.397581 -0.085487 10
-0.192192 -1.391476 -0.079754 10
-0.245132 -1.361691 -0.062685 10
-0.291473 -1.363989 -0.060709 10
-0.337074 -1.370008 -0.060403 10
-0.395253 -1.326957 -0.036627 10
-0.466566 -1.238938 0.008780 10
-0.517923 -1.231054 0.016135 10
-0.569104 -1.225330 0.022581 10
-0.624987 -1.205257 0.036033 10
-0.676430 -1.201896 0.041604 10
-0.724843 -1.209139 0.042193 10
-0.773359 -1.216534 0.042815 10
-0.816621 -1.239622 0.035958 10
-0.899903 -1.149999 0.083777 10
-0.950470 -1.155837 0.085564 10
-1.011429 -1.134985 0.100452 10
-1.063028 -1.140270 0.102774 10
-1.123507 -1.124293 0.115610 10
-1.186334 -1.104628 0.130425 10
-1.229353 -1.133343 0.121672 10
-1.302164 -1.093922 0.146532 10
-1.347548 -1.118228 0.140188 10
-1.422281 -1.079280 0.165227 10
-1.470152 -1.099617 0.161111 10
-1.529839 -1.095931 0.169046 10
-1.560602 -1.150923 0.147884 10
-1.706191 -0.982148 0.238659 9
-1.739245 -1.035128 0.218844 9
-1.707670 -1.205630 0.139914 9
-1.737256 -1.259230 0.119639 9
-1.805157 -1.244227 0.134101 9
-1.791934 -1.369971 0.077309 9
-1.825260 -1.413167 0.062342 9
-1.815928 -1.525229 0.012207 9
-1.871269 -1.530032 0.016883 9
-1.935213 -1.522293 0.028181 9
-1.979406 -1.546175 0.023361 9
-2.016181 -1.581223 0.012858 9
-2.030086 -1.649298 -0.014767 9
-2.190151 -1.506666 0.067592 9
-2.241280 -1.523661 0.067036 9
-2.276911 -1.562353 0.055204 9
-2.328953 -1.578632 0.055277 9
2.380254 -1.508382 -0.093959 8
2.326109 -1.520750 -0.102338 8
2.282280 -1.507841 -0.098401 8
2.234065 -1.506888 -0.100128 8
2.179537 -1.524397 -0.110633 8
2.144494 -1.487881 -0.095041 8
2.093427 -1.497510 -0.101541 8
2.063348 -1.444008 -0.077633 8
2.011444 -1.457283 -0.085683 8
1.969921 -1.438045 -0.078043 8
1.920842 -1.444256 -0.082499 8
1.869738 -1.459125 -0.090993 8
1.817524 -1.480271 -0.102379 8
1.791872 -1.400759 -0.065555 8
1.832366 -1.046014 0.102773 8
1.810679 -0.923708 0.160077 8
1.750365 -0.962872 0.140389 8
1.707285 -0.926171 0.157007 8
1.653978 -0.937075 0.151022 10
1.565701 -1.132815 0.057044 10
1.523192 -1.099605 0.072318 10
1.492492 -0.993679 0.122328 10
1.440046 -1.010976 0.113726 10
1.382374 -1.066868 0.086845 10
1.339196 -1.027320 0.105521 10
1.283359 -1.081480 0.079669 10
1.231625 -1.111286 0.065514 10
1.182086 -1.127304 0.058023 10
1.132263 -1.150745 0.047091 10
1.087838 -1.117569 0.063226 10
1.040400 -1.116310 0.064254 10
0.992274 -1.126297 0.060019 10
0.942702 -1.168029 0.040744 10
0.896080 -1.162730 0.043982 10
0.845122 -1.287242 -0.014614 10
0.798538 -1.333505 -0.035817 10
0.754016 -1.288538 -0.013384 10
0.708551 -1.247852 0.007120 10
0.663021 -1.294713 -0.014112 10
0.617977 -1.316970 -0.023508 10
0.571959 -1.292042 -0.010238 10
0.525458 -1.268898 0.002287 10
0.482525 -1.326151 -0.023611 10
0.435695 -1.301259 -0.010053 10
0.393425 -1.347852 -0.030699 10
0.350815 -1.379282 -0.044001 10
0.302009 -1.337832 -0.022184 10
0.255988 -1.332556 -0.017647 10
0.212872 -1.354551 -0.026149 10
0.167157 -1.352840 -0.023140 10
0.121326 -1.351399 -0.020160 10
0.064806 -1.277876 0.017771 10
0.022261 -1.304365 0.007475 10
-0.019389 -1.333683 -0.004120 10
-0.055871 -1.389311 -0.028417 10
-0.123308 -1.275806 0.029508 10
-0.163027 -1.314079 0.013830 10
-0.215839 -1.287206 0.029954 10
-0.258635 -1.309033 0.022457 10
-0.306199 -1.309220 0.025615 10
-0.364010 -1.268270 0.049022 10
-0.421241 -1.234068 0.069298 10
-0.466093 -1.250172 0.065036 10
-0.516158 -1.247103 0.070298 10
-0.566406 -1.244576 0.075416 10
-0.621361 -1.227488 0.087851 10
-0.677458 -1.208925 0.101169 10
-0.734210 -1.190608 0.114526 10
-0.776916 -1.216533 0.106070 10
-0.843092 -1.173850 0.131841 10
-0.891061 -1.185843 0.130560 10
-0.960863 -1.138966 0.158817 10
-1.029053 -1.100231 0.183237 10
-1.092952 -1.075776 0.200715 10
-1.154331 -1.060024 0.214015 10
-1.207624 -1.065606 0.216737 10
-1.264243 -1.064185 0.223139 10
-1.300994 -1.108854 0.206329 10
-1.360045 -1.103084 0.215201 10
-1.417068 -1.103039 0.221330 10
-1.472905 -1.106552 0.225803 10
-1.536019 -1.096199 0.237540 10
-1.696328 -0.895174 0.347476 9
-1.698019 -1.011318 0.294698 9
-1.726726 -1.072067 0.270389 9
-1.716761 -1.201971 0.210212 9
-1.726780 -1.290983 0.171074 9
-1.793126 -1.278426 0.184831 9
-1.770421 -1.419612 0.118328 9
-1.790893 -1.483386 0.092187 9
-1.878237 -1.436393 0.124392 9
-1.856985 -1.565575 0.063781 9
-1.907839 -1.577850 0.064937 9
-1.964281 -1.582190 0.070471 9
-2.064346 -1.522530 0.110413 9
-2.106196 -1.551382 0.103299 9
-2.128395 -1.608156 0.081237 9
-2.197037 -1.598925 0.094861 9
-2.244109 -1.620699 0.091910 9
-2.299877 -1.631134 0.095278 9
2.377364 -1.532213 -0.045406 8
2.331392 -1.524119 -0.044000 8
2.289453 -1.505962 -0.037485 8
2.239998 -1.507792 -0.040793 8
2.188000 -1.517737 -0.048004 8
2.145661 -1.501571 -0.042163 8
2.089037 -1.527595 -0.057094 8
2.056781 -1.481535 -0.036267 8
1.992457 -1.535102 -0.064561 8
1.957613 -1.496248 -0.047109 8
1.909814 -1.499720 -0.050443 8
1.865255 -1.492810 -0.048555 8
1.822907 -1.478010 -0.042683 8
1.793415 -1.413001 -0.012019 8
1.828500 -1.081595 0.149673 8
1.816582 -0.919355 0.228176 8
1.798764 -0.768493 0.301124 8
1.711437 -0.927919 0.221807 10
1.647659 -0.989554 0.190654 10
1.589500 -1.029911 0.170071 10
1.537666 -1.041204 0.163863 10
1.484950 -1.060050 0.154064 10
1.440732 -1.029300 0.168686 10
1.392505 -1.021930 0.171952 10
1.339972 -1.045421 0.160202 10
1.290748 -1.047948 0.158832 10
1.229461 -1.154551 0.106573 10
1.192623 -1.054506 0.155674 10
1.137060 -1.127833 0.119926 10
1.089968 -1.121384 0.123372 10
1.039139 -1.163749 0.102994 10
0.992393 -1.157727 0.106435 10
0.944091 -1.179028 0.096579 10
0.896169 -1.202819 0.085597 10
0.850079 -1.187359 0.093971 10
0.803200 -1.193397 0.091898 10
0.756100 -1.228973 0.075415 10
0.709749 -1.265302 0.058647 10
0.663944 -1.277695 0.053729 10
0.616699 -1.202861 0.091821 10
0.570266 -1.208792 0.090299 10
0.524999 -1.241409 0.075729 10
0.479057 -1.248126 0.074007 10
0.435555 -1.293128 0.053493 10
0.392531 -1.332459 0.035846 10
0.348737 -1.353221 0.027445 10
0.309073 -1.414509 -0.000920 10
0.261995 -1.392582 0.011965 10
0.206821 -1.304735 0.057648 10
0.152429 -1.238965 0.092573 10
0.109868 -1.271672 0.078758 10
0.066959 -1.298107 0.068132 10
0.025219 -1.329248 0.055240 10
-0.021806 -1.325788 0.059669 10
-0.068501 -1.325469 0.062644 10
-0.110030 -1.353335 0.051641 10
-0.160568 -1.334096 0.064291 10
-0.202324 -1.359297 0.054803 10
-0.258077 -1.319925 0.077812 10
-0.323767 -1.242576 0.120095 10
-0.375298 -1.231082 0.129451 10
-0.428768 -1.213926 0.141804 10
-0.484028 -1.192430 0.156504 10
-0.520850 -1.239956 0.136422 10
-0.572858 -1.232211 0.144414 10
-0.633738 -1.196488 0.166767 10
-0.673340 -1.232523 0.152785 10
-0.752284 -1.145372 0.201707 10
-0.805954 -1.140620 0.208824 10
-0.857055 -1.144588 0.211623 10
-0.907225 -1.151890 0.212844 10
-0.979679 -1.099564 0.244872 10
-1.037793 -1.089019 0.255623 10
-1.081815 -1.115889 0.247212 10
-1.150890 -1.080547 0.271122 10
-1.205727 -1.082321 0.276000 10
-1.273055 -1.056061 0.295631 10
-1.308463 -1.104353 0.276577 10
-1.372368 -1.088546 0.291109 10
-1.443162 -1.059959 0.312562 10
-1.497550 -1.068082 0.314952 10
-1.556664 -1.067325 0.322182 10
-1.615900 -1.067483 0.329114 10
-1.707204 -1.007091 0.368376 9
-1.893798 -0.772122 0.500988 9
-1.724432 -1.201079 0.279929 9
-1.749618 -1.263215 0.254190 9
-1.812932 -1.257079 0.265136 9
-1.754486 -1.459605 0.163750 9
-1.766890 -1.536092 0.130044 9
-1.782353 -1.605209 0.100252 9
-1.842546 -1.601288 0.110206 9
-1.886380 -1.624027 0.105794 9
-1.947005 -1.621392 0.115433 9
-2.049114 -1.558439 0.158543 9
-2.104497 -1.567192 0.162466 9
-2.154219 -1.584773 0.161676 9
-2.204930 -1.601406 0.161571 9
-2.284393 -1.579424 0.183258 9
2.382142 -1.413209 0.073446 8
2.272490 -1.566916 -0.007972 8
2.241016 -1.522038 0.012377 8
2.178274 -1.561599 -0.010290 8
2.133801 -1.552549 -0.008015 8
2.090426 -1.540549 -0.004129 8
2.049059 -1.522475 0.002951 8
2.014384 -1.482785 0.021113 8
1.970504 -1.471295 0.025037 8
1.919362 -1.484634 0.016474 8
1.872390 -1.485140 0.014538 8
1.880228 -1.283820 0.114930 8
1.899217 -1.023047 0.245381 8
1.882224 -0.884923 0.313747 8
1.852354 -0.789248 0.360694 8
1.780730 -0.870010 0.318578 8
1.704634 -0.980822 0.261452 10
1.653445 -0.982490 0.259587 10
1.608709 -0.951936 0.274098 10
1.537636 -1.063092 0.217242 10
1.498119 -1.005370 0.245689 10
1.442850 -1.038794 0.228289 10
1.395623 -1.024402 0.235111 10
1.352830 -0.976967 0.258696 10
1.292502 -1.058782 0.217261 10
1.239167 -1.097132 0.197845 10
1.192591 -1.081138 0.205925 10
1.144205 -1.081255 0.205997 10
1.096011 -1.080134 0.206805 10
1.047796 -1.079928 0.207262 10
0.996371 -1.129854 0.182555 10
0.947457 -1.154051 0.170921 10
0.899776 -1.162786 0.167189 10
0.853530 -1.135191 0.181894 10
0.806637 -1.111438 0.194780 10
0.756953 -1.272230 0.114586 10
0.711027 -1.244071 0.129894 10
0.664614 -1.228898 0.138758 10
0.618464 -1.245061 0.131889 10
0.571798 -1.233128 0.139338 10
0.526287 -1.257064 0.128735 10
0.480411 -1.264701 0.126486 10
0.433538 -1.254287 0.133496 10
0.388549 -1.274038 0.125309 10
0.350299 -1.371291 0.077834 10
0.300173 -1.319644 0.106108 10
0.256591 -1.342538 0.096593 10
0.212576 -1.358252 0.090824 10
0.160551 -1.308084 0.118760 10
0.118056 -1.336898 0.106524 10
0.072645 -1.342463 0.106256 10
0.026197 -1.341542 0.109416 10
-0.021796 -1.332431 0.116889 10
-0.064716 -1.353655 0.108920 10
-0.116880 -1.324627 0.126868 10
-0.169280 -1.298474 0.143495 10
-0.211337 -1.324781 0.133241 10
-0.255260 -1.341016 0.128267 10
-0.306570 -1.325017 0.140057 10
-0.372719 -1.250775 0.182166 10
-0.422750 -1.246874 0.188036 10
-0.468558 -1.260035 0.185176 10
-0.519979 -1.252917 0.192981 10
-0.568533 -1.257188 0.194993 10
-0.627686 -1.226907 0.215189 10
-0.669707 -1.254576 0.205240 10
-0.748301 -1.168476 0.255068 10
-0.789578 -1.200375 0.243183 10
-0.885140 -1.074975 0.314258 10
-0.943693 -1.061747 0.326536 10
-0.970181 -1.136746 0.292303 10
-1.038015 -1.100225 0.317207 10
-1.089146 -1.109209 0.318164 10
-1.155544 -1.081229 0.338965 10
-1.203474 -1.099935 0.335058 10
-1.278766 -1.055300 0.365207 10
-1.341574 -1.042322 0.378648 10
-1.403564 -1.032931 0.390372 10
-1.456585 -1.044246 0.391123 10
-1.498654 -1.078777 0.379451 10
-1.651411 -0.889162 0.489623 9
-1.632690 -1.047711 0.410905 9
-1.682855 -1.067348 0.407781 9
-1.728540 -1.095540 0.400104 9
-1.764239 -1.141727 0.382639 9
-1.740144 -1.293286 0.307081 9
-1.792650 -1.305677 0.308218 9
-1.854672 -1.302476 0.318181 9
-1.762857 -1.555524 0.185536 9
-1.807873 -1.576545 0.181901 9
-1.866929 -1.575497 0.190785 9
-1.904988 -1.608089 0.180932 9
-1.938848 -1.646707 0.167756 9
-2.052422 -1.566857 0.221913 9
-2.119191 -1.559345 0.235420 9
-2.165667 -1.582054 0.231904 9
-2.187648 -1.638901 0.208906 9
-2.259898 -1.626391 0.225926 9
2.468676 -1.343634 0.176346 8
2.388589 -1.414460 0.135793 8
2.433426 -1.167837 0.262561 8
2.261833 -1.483576 0.093533 8
2.198683 -1.522342 0.070464 8
2.148028 -1.529095 0.064360 8
2.109065 -1.502844 0.075678 8
2.059073 -1.509250 0.070005 8
2.016109 -1.494865 0.075331 8
1.968164 -1.496627 0.072334 8
1.914463 -1.519012 0.058702 8
1.890181 -1.440043 0.098041 8
1.836339 -1.464315 0.083662 8
1.878714 -1.121935 0.260248 8
1.898356 -0.841089 0.404703 8
1.917505 -0.537125 0.561116 8
1.841955 -0.621753 0.515616 8
1.820974 -0.463489 0.596411 10
1.666936 -0.938162 0.348802 10
1.610562 -0.964317 0.334202 10
1.563218 -0.945300 0.343161 10
1.509335 -0.962792 0.333314 10
1.441001 -1.072981 0.275557 10
1.399984 -1.018872 0.303074 10
1.356482 -0.975156 0.325319 10
1.299558 -1.028834 0.297231 10
1.254128 -0.996381 0.313879 10
1.195896 -1.076895 0.272137 10
1.147903 -1.070908 0.275316 10
1.092486 -1.149893 0.234599 10
1.047270 -1.118017 0.251420 10
0.998794 -1.126445 0.247480 10
0.953273 -1.085395 0.269296 10
0.901422 -1.168055 0.227108 10
0.852231 -1.224781 0.198457 10
0.806336 -1.192692 0.215974 10
0.760194 -1.128026 0.250527 10
0.712174 -1.292396 0.166299 10
0.665737 -1.230071 0.199872 10
0.619751 -1.262286 0.184450 10
0.573016 -1.246746 0.193962 10
0.526964 -1.257348 0.189991 10
0.480684 -1.259878 0.190333 10
0.432368 -1.229115 0.208142 10
0.384548 -1.215228 0.217290 10
0.343244 -1.284843 0.182964 10
0.303739 -1.358736 0.146453 10
0.245995 -1.242537 0.209436 10
0.197560 -1.230236 0.218246 10
0.150217 -1.229665 0.221041 10
0.105588 -1.250046 0.212961 10
0.065358 -1.298321 0.190319 10
0.028317 -1.361121 0.160095 10
-0.020218 -1.348438 0.169675 10
-0.063996 -1.364728 0.164111 10
-0.115177 -1.341092 0.179737 10
-0.153969 -1.382533 0.161097 10
-0.215451 -1.313591 0.201001 10
-0.272804 -1.270870 0.227231 10
-0.321890 -1.268404 0.232269 10
-0.372943 -1.259071 0.241101 10
-0.422902 -1.255745 0.246881 10
-0.458522 -1.307168 0.223556 10
-0.518640 -1.267611 0.248964 10
-0.573200 -1.251222 0.262167 10
-0.640043 -1.196352 0.296222 10
-0.693331 -1.189708 0.304580 10
-0.770333 -1.111580 0.351663 10
-0.835394 -1.075302 0.376454 10
-0.909864 -1.015482 0.414242 10
-0.932674 -1.103968 0.371809 10
-0.985272 -1.107820 0.375383 10
-1.054874 -1.068215 0.402819 10
-1.096492 -1.102665 0.390033 10
-1.133012 -1.148594 0.371034 10
-1.198334 -1.124458 0.390590 10
-1.262941 -1.104404 0.408143 10
-1.332159 -1.076199 0.430442 10
-1.392385 -1.070246 0.440684 10
-1.455950 -1.058623 0.454286 10
-1.520904 -1.045856 0.468758 10
-1.605748 -0.994839 0.504850 10
-1.631938 -1.062618 0.474728 9
-1.882073 -0.699978 0.686607 9
-1.667159 -1.223540 0.400100 9
-1.693411 -1.284098 0.373933 9
-1.758382 -1.274152 0.387787 9
-1.761443 -1.373063 0.339877 9
-1.743647 -1.503739 0.273638 9
-1.784721 -1.532208 0.265733 9
-1.809442 -1.586874 0.242847 9
-1.853861 -1.609102 0.238702 9
-1.915210 -1.605341 0.249769 9
-1.941370 -1.655918 0.229437 9
-2.005624 -1.649246 0.242591 9
-2.132006 -1.554428 0.307778 9
-2.166893 -1.593941 0.294477 9
-2.242859 -1.576258 0.315111 9
2.433389 -1.320170 0.250651 8
2.361394 -1.371809 0.219354 8
2.289898 -1.426394 0.186688 8
2.222544 -1.474150 0.157930 8
2.151398 -1.536793 0.121349 8
2.108919 -1.520689 0.127397 8
2.064373 -1.510641 0.130300 8
2.041182 -1.433675 0.169286 8
1.994540 -1.428324 0.169871 8
1.939910 -1.450543 0.155795 8
1.888462 -1.464255 0.146428 8
1.903399 -1.236562 0.266453 8
1.930563 -0.943447 0.421413 8
1.882227 -0.926790 0.428481 8
1.926188 -0.523640 0.642155 8
2.023221 0.150362 1.000309 8
1.768497 -0.728973 0.529337 10
1.691020 -0.843090 0.467128 10
1.646828 -0.800449 0.488681 10
1.566965 -0.947428 0.409310 10
1.526530 -0.886395 0.440934 10
1.479576 -0.858327 0.455116 10
1.409199 -0.981674 0.388813 10
1.363931 -0.946702 0.406938 10
1.317133 -0.918682 0.421487 10
1.260054 -0.972688 0.392512 10
1.204022 -1.028671 0.362617 10
1.167350 -0.900432 0.430880 10
1.120056 -0.863392 0.450745 10
1.056389 -1.030322 0.362185 10
1.009582 -0.997008 0.380318 10
0.953070 -1.126707 0.311792 10
0.909331 -1.034306 0.361639 10
0.861319 -1.010254 0.375227 10
0.805767 -1.283590 0.230463 10
0.760221 -1.236950 0.256300 10
0.713781 -1.154779 0.301231 10
0.667363 -1.292264 0.229101 10
0.620611 -1.256448 0.249551 10
0.575268 -1.295581 0.230097 10
0.527383 -1.250983 0.255505 10
0.480664 -1.249104 0.258211 10
0.438314 -1.320237 0.221943 10
0.385743 -1.228713 0.272907 10
0.341805 -1.266471 0.254732 10
0.297383 -1.291266 0.243604 10
0.246923 -1.253662 0.266108 10
0.198262 -1.239691 0.276065 10
0.152172 -1.249529 0.273342 10
0.108950 -1.279791 0.259722 10
0.063808 -1.293424 0.255169 10
0.018082 -1.302377 0.253256 10
-0.037262 -1.254022 0.282475 10
-0.084415 -1.258083 0.283490 10
-0.126117 -1.291204 0.268860 10
-0.169812 -1.311736 0.261156 10
-0.221270 -1.294512 0.274103 10
-0.270830 -1.288398 0.281160 10
-0.316907 -1.298623 0.279444 10
-0.371860 -1.272751 0.297593 10
-0.448682 -1.165026 0.360783 10
-0.499043 -1.165878 0.364730 10
-0.548439 -1.171077 0.366435 10
-0.592960 -1.193578 0.358749 10
-0.641592 -1.201765 0.359069 10
-0.681830 -1.237037 0.344544 10
-0.760607 -1.152529 0.396497 10
-0.854290 -1.030714 0.469536 10
-0.904055 -1.043810 0.467924 10
-0.934593 -1.110302 0.436653 10
-0.992295 -1.100798 0.447892 10
-1.039706 -1.119639 0.443439 10
-1.125781 -1.041086 0.493858 10
-1.175456 -1.057128 0.491375 10
-1.251895 -1.009883 0.524789 10
-1.304921 -1.020322 0.525860 10
-1.343628 -1.063315 0.508603 10
-1.445582 -0.967431 0.570519 10
-1.491607 -0.996243 0.561716 10
-1.518802 -1.063474 0.531015 10
-1.586297 -1.047453 0.548139 9
-1.688117 -0.966268 0.603102 9
-1.772246 -0.924062 0.636041 9
-1.680549 -1.211956 0.477856 9
-1.701941 -1.281886 0.445676 9
-1.755275 -1.293065 0.447763 9
-1.736872 -1.428736 0.377071 9
-1.748880 -1.507878 0.339298 9
-1.780057 -1.552889 0.321570 9
-1.793089 -1.626137 0.287148 9
-1.860105 -1.612289 0.304437 9
-1.899307 -1.642925 0.295470 9
-1.973539 -1.620692 0.318300 9
-2.012576 -1.652289 0.309089 9
-2.041717 -1.697878 0.291524 9
-2.193045 -1.570884 0.378747 9
-2.255476 -1.572806 0.388320 9
-2.309681 -1.586939 0.390694 9
2.457684 -1.277854 0.340204 8
2.396993 -1.298478 0.325100 8
2.293709 -1.434029 0.246316 8
2.251609 -1.412371 0.255144 8
2.182078 -1.467605 0.221469 8
2.127306 -1.484531 0.209224 8
2.118313 -1.365349 0.272403 8
2.072748 -1.352902 0.276623 8
1.983707 -1.481616 0.203090 8
1.931138 -1.498252 0.191615 8
1.919600 -1.373270 0.258274 8
1.904020 -1.253617 0.322013 8
1.914861 -1.024015 0.446218 8
1.879475 -0.958770 0.480089 8
1.882515 -0.728499 0.604633 8
2.015872 0.091907 1.052852 8
1.776272 -0.715957 0.608087 10
1.734271 -0.656575 0.639132 10
1.659679 -0.757840 0.582323 10
1.596484 -0.810569 0.552280 10
1.541497 -0.823809 0.544010 10
1.485269 -0.847432 0.530211 10
1.435546 -0.832776 0.537492 10
1.395010 -0.752033 0.581040 10
1.333289 -0.820864 0.542956 10
1.278556 -0.844879 0.529516 10
1.228531 -0.831572 0.536615 10
1.183177 -0.769052 0.570747 10
1.119362 -0.902153 0.498110 10
1.074025 -0.834025 0.535585 10
1.016732 -0.924499 0.486508 10
0.962335 -0.998682 0.446457 10
0.910544 -1.051204 0.418367 10
0.864313 -0.976762 0.459848 10
0.813905 -1.011040 0.441993 10
0.764820 -1.002114 0.447910 10
0.715126 -1.143018 0.371900 10
0.667378 -1.150231 0.369207 10
0.619776 -1.157852 0.366416 10
0.576675 -1.315646 0.281358 10
0.529742 -1.293243 0.295245 10
0.481897 -1.263048 0.313557 10
0.436701 -1.287684 0.301874 10
0.389099 -1.272323 0.312307 10
0.342435 -1.273204 0.313939 10
0.298351 -1.302469 0.300052 10
0.246812 -1.254796 0.328720 10
0.201084 -1.267659 0.324135 10
0.149776 -1.234713 0.344999 10
0.106196 -1.264629 0.331237 10
0.054671 -1.237020 0.349457 10
0.015594 -1.292924 0.321501 10
-0.031059 -1.297655 0.322041 10
-0.069002 -1.351157 0.295571 10
-0.120962 -1.325941 0.313025 10
-0.175661 -1.290807 0.336195 10
-0.226777 -1.277075 0.347603 10
-0.285383 -1.232190 0.376621 10
-0.336022 -1.226373 0.383959 10
-0.391071 -1.204136 0.400683 10
-0.438638 -1.213824 0.399637 10
-0.496888 -1.183952 0.421028 10
-0.562813 -1.130103 0.456183 10
-0.596933 -1.190406 0.427013 10
-0.650282 -1.183748 0.435841 10
-0.726774 -1.105112 0.485751 10
-0.783148 -1.094658 0.497192 10
-0.827210 -1.122316 0.487081 10
-0.886423 -1.105883 0.502294 10
-0.930235 -1.134072 0.492147 10
-0.986752 -1.127538 0.502059 10
-1.033917 -1.146658 0.497393 10
-1.103726 -1.108832 0.525749 10
-1.159660 -1.108094 0.532932 10
-1.233986 -1.064998 0.564904 10
-1.299911 -1.044734 0.583921 10
-1.365789 -1.026806 0.601844 10
-1.415194 -1.046716 0.597885 10
-1.444980 -1.108088 0.569730 10
-1.601175 -0.907566 0.695808 9
-1.653770 -0.925974 0.693508 9
-1.697565 -0.961777 0.681067 9
-1.731285 -1.016107 0.657714 9
-1.688204 -1.211240 0.550409 9
-1.717756 -1.266689 0.526160 9
-1.744257 -1.325984 0.499613 9
-1.782772 -1.362914 0.486537 9
-1.767512 -1.489634 0.419236 9
-1.831124 -1.482114 0.433114 9
-1.833754 -1.573870 0.386778 9
-1.881876 -1.591292 0.385738 9
-1.900067 -1.654911 0.356498 9
-2.026629 -1.554543 0.428332 9
-2.078356 -1.569343 0.429628 9
-2.138237 -1.573001 0.438056 9
-2.180797 -1.601961 0.430947 9
-2.265020 -1.573773 0.459824 9
2.439351 -1.341643 0.371117 8
2.401314 -1.305807 0.387791 8
2.344254 -1.318788 0.376689 8
2.239465 -1.463344 0.290736 8
2.190063 -1.462966 0.287711 8
2.134572 -1.481203 0.274250 8
2.108677 -1.412684 0.310250 8
2.076968 -1.358254 0.338313 8
2.020171 -1.381794 0.322266 8
1.944294 -1.472158 0.268561 8
1.929508 -1.357420 0.331113 8
1.897614 -1.296306 0.363385 8
1.913304 -1.050497 0.500016 8
1.868359 -1.023842 0.512936 8
1.921872 -0.587711 0.756806 8
2.017522 0.072763 1.126855 8
1.604050 -0.793339 0.632867 10
1.486256 -0.865612 0.590144 10
1.432919 -0.874744 0.584190 10
1.347172 -0.741696 0.657644 10
1.281433 -0.848159 0.597511 10
1.228907 -0.856423 0.592634 10
1.183616 -0.794616 0.627215 10
1.130652 -0.805477 0.621173 10
1.011449 -1.038650 0.490871 10
0.965679 -0.978093 0.525326 10
0.915948 -0.976796 0.526668 10
0.864863 -1.014256 0.506387 10
0.814405 -1.059781 0.481703 10
0.766456 -0.994761 0.519261 10
0.716603 -1.096544 0.463211 10
0.667961 -1.071835 0.478396 10
0.619882 -1.107879 0.459542 10
0.571092 -1.093512 0.469192 10
0.522486 -1.092472 0.471482 10
0.482350 -1.261399 0.378062 10
0.436067 -1.271028 0.374537 10
0.389685 -1.277291 0.373041 10
0.334876 -1.180516 0.429926 10
0.284841 -1.158241 0.444893 10
0.242310 -1.213713 0.415988 10
0.202433 -1.282788 0.379446 10
0.156527 -1.292845 0.376461 10
0.102422 -1.242090 0.408162 10
0.057074 -1.259195 0.401464 10
0.004046 -1.226302 0.423369 10
-0.037618 -1.265775 0.404186 10
-0.068983 -1.358539 0.354646 10
-0.131182 -1.280210 0.402979 10
-0.204665 -1.155554 0.478136 10
-0.267842 -1.093124 0.517957 10
-0.291061 -1.215854 0.451630 10
-0.342511 -1.208109 0.460344 10
-0.397672 -1.186992 0.476942 10
-0.438408 -1.224533 0.459856 10
-0.498553 -1.187901 0.485785 10
-0.554098 -1.171581 0.500180 10
-0.616019 -1.135730 0.526129 10
-0.667110 -1.139198 0.529441 10
-0.733337 -1.095489 0.560445 10
-0.779600 -1.116860 0.553683 10
-0.826931 -1.134621 0.549164 10
-0.917306 -1.029653 0.616869 10
-0.990766 -0.979198 0.652956 10
-1.052307 -0.964804 0.668099 10
-1.112087 -0.956938 0.679621 10
-1.141894 -1.025652 0.645947 10
-1.228913 -0.952458 0.696664 10
-1.278736 -0.972301 0.692344 10
-1.325389 -0.999383 0.683847 10
-1.364063 -1.043814 0.665074 10
-1.450198 -0.984244 0.708918 10
-1.599637 -0.795780 0.830951 9
-1.631042 -0.860326 0.800828 9
-1.671880 -0.903884 0.783448 9
-1.684685 -1.000898 0.733598 9
-1.730409 -1.031827 0.723986 9
-1.715033 -1.175281 0.645529 9
-1.692294 -1.326138 0.562170 9
-1.735846 -1.354291 0.554151 9
-1.748193 -1.435787 0.513216 9
-1.783790 -1.475623 0.498068 9
-2.202709 -0.887497 0.874898 9
-1.810418 -1.624422 0.424679 9
-1.878781 -1.609449 0.444048 9
-1.918306 -1.640305 0.434818 9
-1.976477 -1.643099 0.443499 9
-2.078434 -1.583021 0.492483 9
-2.194547 -1.506547 0.552574 9
-2.198710 -1.590904 0.510080 9
-2.264220 -1.589054 0.523041 9
2.509098 -1.188026 0.528850 8
2.429170 -1.253510 0.486151 8
2.409352 -1.166610 0.533146 8
2.299403 -1.319026 0.439980 8
2.195615 -1.465395 0.350780 8
2.163923 -1.414260 0.377351 8
2.112214 -1.420408 0.370586 8
2.075515 -1.381395 0.390303 8
2.037733 -1.343904 0.409239 8
2.060838 -1.100984 0.547715 8
2.006455 -1.108956 0.540343 8
1.893774 -1.329572 0.409766 8
1.902446 -1.112104 0.533530 8
1.857704 -1.086773 0.545948 8
2.008355 -0.254100 1.025716 8
1.233429 -0.843875 0.670334 10
0.925984 -0.804141 0.694583 10
0.873298 -0.829579 0.680693 10
0.820948 -0.864444 0.661513 10
0.772003 -0.712138 0.750398 10
0.719301 -0.706688 0.754795 10
0.667714 -0.871556 0.661049 10
0.620578 -1.088713 0.537160 10
0.571935 -1.092118 0.536786 10
0.521793 -1.056508 0.559115 10
0.475490 -1.113669 0.527940 10
0.428720 -1.143921 0.512445 10
0.377798 -1.108022 0.535407 10
0.330509 -1.126545 0.526985 10
0.284373 -1.154074 0.513462 10
0.234811 -1.143858 0.521995 10
0.181969 -1.107931 0.545649 10
0.135445 -1.129423 0.536056 10
0.083775 -1.110735 0.550019 10
0.025790 -1.052940 0.586994 10
0.002100 -1.220572 0.492429 10
-0.037825 -1.271584 0.466027 10
-0.084256 -1.281233 0.463944 10
-0.144220 -1.220022 0.503598 10
-0.203153 -1.171539 0.536033 10
-0.251892 -1.176748 0.537101 10
-0.300965 -1.180912 0.538939 10
-0.344308 -1.209898 0.526269 10
-0.388331 -1.234453 0.516329 10
-0.450690 -1.186986 0.549209 10
-0.515700 -1.134684 0.585237 10
-0.565739 -1.140756 0.586815 10
-0.624676 -1.117008 0.606341 10
-0.662623 -1.164904 0.583291 10
-0.735099 -1.101219 0.627129 10
-0.794646 -1.082477 0.644344 10
-0.886556 -0.970940 0.717624 10
-0.941148 -0.973967 0.722333 10
-1.013501 -0.929089 0.756192 10
-1.079915 -0.903960 0.778424 10
-1.145763 -0.882957 0.798439 10
-1.200143 -0.892973 0.799848 10
-1.251250 -0.911435 0.796288 10
-1.299047 -0.937726 0.788100 10
-1.379912 -0.888159 0.826630 10
-1.422081 -0.928363 0.810288 10
-1.445737 -1.007440 0.770031 10
-1.613973 -0.779971 0.919623 9
-1.641325 -0.853558 0.883255 9
-1.643214 -0.975164 0.816922 9
-1.672376 -1.038861 0.786577 9
-1.648332 -1.201016 0.694443 9
-1.693360 -1.229050 0.686329 9
-1.720173 -1.289581 0.657819 9
-1.718413 -1.398410 0.598673 9
-1.690515 -1.547892 0.513414 9
-1.751230 -1.543446 0.526048 9
-1.766274 -1.614811 0.490349 9
-1.819289 -1.623508 0.494912 9
-1.871455 -1.634253 0.498381 9
-1.944542 -1.613813 0.522316 9
-1.994317 -1.630112 0.522703 9
-2.071009 -1.607705 0.548635 9
-2.205806 -1.504821 0.627916 9
-2.216979 -1.579622 0.590764 9
2.430799 -1.129923 0.625717 8
2.384578 -1.108189 0.634619 8
2.213592 -1.433447 0.435270 8
2.263197 -1.146790 0.603647 8
2.190643 -1.205069 0.565137 8
2.120080 -1.262443 0.527434 8
2.059531 -1.293021 0.505998 8
1.989614 -1.358111 0.464178 8
1.975290 -1.237018 0.533596 8
1.928238 -1.224792 0.538196 8
1.897370 -1.151695 0.579162 8
1.858785 -1.103351 0.605500 8
2.025723 -0.207652 1.135210 8
0.614995 -0.714286 0.826646 10
0.520529 -1.005447 0.657634 10
0.473399 -1.060484 0.626933 10
0.424623 -1.069857 0.623463 10
0.374785 -1.062498 0.630088 10
0.327424 -1.088091 0.617271 10
0.275316 -1.057742 0.637901 10
0.224963 -1.051535 0.644332 10
0.173162 -1.034852 0.657184 10
0.116472 -0.983144 0.691147 10
0.077793 -1.072411 0.641020 10
0.027810 -1.072863 0.644119 10
-0.015958 -1.113383 0.623355 10
-0.062881 -1.131010 0.616439 10
-0.107028 -1.162799 0.601144 10
-0.153889 -1.177722 0.596117 10
-0.200527 -1.193059 0.590981 10
-0.298232 -0.969322 0.730409 10
-0.340239 -1.015940 0.706865 10
-0.376845 -1.081944 0.671655 10
-0.430686 -1.073432 0.681732 10
-0.487781 -1.054120 0.698580 10
-0.535006 -1.073881 0.691843 10
-0.641990 -0.881467 0.814817 10
-0.677685 -0.947680 0.780199 10
-0.748971 -0.893484 0.819448 10
-0.783518 -0.960085 0.784808 10
-0.860627 -0.893706 0.832094 10
-0.923083 -0.875976 0.849743 10
-0.978469 -0.880557 0.853852 10
-1.040221 -0.868496 0.868487 10
-1.096406 -0.873078 0.873032 10
-1.149862 -0.885491 0.872906 10
-1.237565 -0.813035 0.926016 10
-1.273905 -0.870050 0.898460 10
-1.338407 -0.858883 0.913798 10
-1.386134 -0.887690 0.904224 10
-1.436038 -0.911222 0.898128 10
-1.610265 -0.667229 1.061814 9
-1.628118 -0.764847 1.009449 9
-1.637721 -0.875305 0.948775 9
-1.649399 -0.977086 0.893474 9
-1.636827 -1.121683 0.810521 9
-1.620591 -1.267034 0.726726 9
-1.660846 -1.302573 0.713558 9
-1.724709 -1.295238 0.728318 9
-1.681158 -1.477065 0.620189 9
-2.085977 -0.886821 1.016174 9
-1.748798 -1.560858 0.585744 9
-1.808621 -1.559233 0.597292 9
-1.876331 -1.546291 0.616619 9
-1.879190 -1.635709 0.568328 9
-1.938967 -1.635926 0.579330 9
-2.013529 -1.615370 0.604547 9
-2.114393 -1.558779 0.654438 9
-2.199237 -1.528578 0.687157 9
-2.231162 -1.574285 0.668872 9
2.496764 -0.978127 0.791595 8
2.481396 -0.868205 0.854879 8
2.416226 -0.890120 0.836891 8
2.348409 -0.922231 0.812871 8
2.283696 -0.948480 0.792709 8
2.223856 -0.962725 0.780156 8
2.129981 -1.087663 0.699952 8
2.060839 -1.141351 0.663752 8
2.004172 -1.157373 0.650848 8
1.963118 -1.119731 0.670935 8
1.915863 -1.103058 0.678351 8
2.011360 -0.528313 1.026267 8
0.471503 -1.010777 0.726305 10
0.212039 -0.929779 0.788353 10
0.168336 -0.996558 0.750551 10
0.115626 -0.981191 0.763159 10
0.069393 -1.016590 0.744823 10
0.026978 -1.073525 0.713382 10
-0.025698 -1.058964 0.725990 10
-0.156345 -0.898268 0.832946 10
-0.215828 -0.863727 0.858622 10
-0.267343 -0.873180 0.857339 10
-0.315742 -0.897189 0.847210 10
-0.683510 -0.746232 0.974189 10
-0.738930 -0.751387 0.977258 10
-0.810155 -0.705676 1.012524 10
-0.930148 -0.867817 0.930918 10
-0.980760 -0.886759 0.926132 10
-1.050088 -0.854436 0.954136 10
-1.091531 -0.899019 0.933414 10
-1.223376 -0.710459 1.061902 10
-1.277932 -0.726417 1.060113 10
-1.366243 -0.661333 1.110639 10
-1.609714 -0.238711 1.392236 9
-1.526070 -0.583962 1.179039 9
-1.425110 -0.949250 0.951810 10
-1.634652 -0.629745 1.168996 9
-1.630359 -0.774849 1.084493 9
-1.635337 -0.894642 1.016246 9
-1.651587 -0.987097 0.965732 9
-1.606034 -1.195026 0.838977 9
-1.645271 -1.234430 0.823036 9
-1.662556 -1.313195 0.781064 9
-1.652398 -1.438214 0.708185 9
-1.702744 -1.452937 0.708727 9
-1.756277 -1.462671 0.712830 9
-1.797121 -1.494136 0.702530 9
-1.829293 -1.539331 0.683072 9
-1.906688 -1.512015 0.712923 9
-2.017567 -1.435337 0.776906 9
-2.035931 -1.503129 0.742692 9
-2.081077 -1.529529 0.736885 9
-2.161572 -1.504914 0.766506 9
-2.187177 -1.560133 0.741206 9
2.143806 -0.888093 0.894033 8
2.023174 -1.112601 0.749675 8
1.960782 -1.148764 0.723875 8
1.969130 -0.925704 0.860614 8
2.023251 -0.505872 1.120346 8
-1.561092 0.137973 1.699504 9
-1.603734 0.065901 1.662394 9
-1.588989 -0.140977 1.536404 9
-1.595553 -0.287426 1.449922 9
-1.614259 -0.399306 1.386114 9
-1.618007 -0.539077 1.303602 9
-1.595803 -0.727887 1.188082 9
-1.606591 -0.839089 1.124036 9
-1.668341 -0.842435 1.132268 9
-1.620571 -1.062693 0.994562 9
-1.654637 -1.115669 0.969294 9
-1.633345 -1.270725 0.874782 9
-1.656005 -1.339013 0.838923 9
-1.696302 -1.373708 0.825987 9
-1.727710 -1.423295 0.802950 9
-1.752095 -1.483548 0.772607 9
-1.850675 -1.419405 0.828287 9
-1.874696 -1.479827 0.798129 9
-1.976469 -1.415993 0.854598 9
-2.030440 -1.429940 0.857301 9
-2.063467 -1.476009 0.837669 9
-2.102705 -1.512088 0.825158 9
-2.159842 -1.522029 0.831321 9
-2.189609 -1.571284 0.809752 9
-1.571754 -0.029414 1.693602 9
-1.572547 -0.196330 1.591405 9
-1.593202 -0.308646 1.525916 9
-1.623610 -0.393820 1.478760 9
-1.608068 -0.576229 1.365200 9
-1.603243 -0.726991 1.272845 9
-1.627971 -0.809543 1.226992 9
-1.674693 -0.844546 1.213846 9
-1.581377 -1.154093 1.011001 9
-1.651763 -1.135545 1.034655 9
-1.618033 -1.313306 0.921999 9
-1.647044 -1.369252 0.893892 9
-1.666917 -1.439787 0.855566 9
-1.678378 -1.522582 0.808538 9
-1.797207 -1.421273 0.891524 9
-1.850022 -1.434719 0.893945 9
-1.935960 -1.395409 0.934218 9
-1.996611 -1.398865 0.944457 9
-2.057611 -1.402841 0.954652 9
-2.137961 -1.378829 0.985385 9
-2.101927 -1.527855 0.891158 9
-2.158613 -1.538526 0.897113 9
-1.564986 -0.230399 1.660644 9
-1.575549 -0.365413 1.577796 9
-1.582451 -0.502202 1.493471 9
-1.596135 -0.617742 1.423754 9
-1.618150 -0.710454 1.369874 9
-1.577152 -0.929626 1.226821 9
-1.659573 -0.890057 1.265920 9
-1.653463 -1.027181 1.180227 9
-1.629972 -1.191596 1.074756 9
-1.583551 -1.391461 0.943447 9
-1.631097 -1.412161 0.939843 9
-1.827634 -1.169654 1.125846 9
-1.870680 -1.204802 1.112950 9
-1.790419 -1.446953 0.950070 9
-1.864837 -1.424740 0.978628 9
-1.915834 -1.442316 0.978570 9
-2.010865 -1.391302 1.029126 9
-2.071774 -1.396063 1.039234 9
-2.150823 -1.564506 0.956396 9
-1.564793 -0.406153 1.640512 9
-1.573700 -0.537496 1.558035 9
-1.586763 -0.653654 1.486202 9
-1.608139 -0.747034 1.430562 9
-1.615817 -0.864812 1.357197 9
-1.597073 -1.030513 1.248870 9
-1.575084 -1.195049 1.140891 9
-1.625697 -1.214197 1.138477 9
-1.656877 -1.269556 1.109772 9
-1.761866 -1.189990 1.180282 9
-1.672942 -1.457130 0.995734 9
-1.836481 -1.278590 1.140168 9
-1.915452 -1.251642 1.173249 9
-1.953936 -1.293472 1.155491 9
-2.009912 -1.306615 1.159360 9
-2.039560 -1.361483 1.132095 9
-2.124471 -1.330812 1.169577 9
-1.572865 -0.699411 1.541506 9
-1.593826 -0.792706 1.484592 9
-1.607552 -0.897029 1.419402 9
-1.605638 -1.028265 1.334045 9
-1.673084 -1.018845 1.353178 9
-1.686228 -1.114051 1.294451 9
-1.746323 -1.118911 1.303383 9
-1.813695 -1.111645 1.321783 9
-1.882432 -1.103576 1.341201 9
-1.847146 -1.275285 1.224484 9
-1.907032 -1.280912 1.233757 9
-1.965735 -1.289432 1.241160 9
-1.993418 -1.348188 1.210255 9
-2.063607 -1.339349 1.231575 9
-2.415329 -0.150299 -1.157386 9
-2.361960 -0.228937 -1.138580 9
-2.247468 -0.234561 -1.174686 9
-2.183109 -0.299903 -1.166425 9
-2.118180 -0.364915 -1.158835 9
-2.052377 -0.429191 -1.152210 9
-2.007276 -0.521137 -1.126073 9
-2.021147 -0.694179 -1.042722 9
-2.168227 -1.055993 -0.827211 9
-1.966563 -0.940252 -0.951379 9
-2.440177 0.105628 -1.142849 9
-2.324568 0.099927 -1.179359 9
-2.262206 0.034817 -1.169411 9
-2.161003 0.015281 -1.194967 9
-2.074205 -0.020059 -1.208306 9
-1.981388 -0.047076 -1.228006 9
-1.978165 -0.185941 -1.163647 9
-1.948634 -0.294593 -1.123136 9
-1.953399 -0.450862 -1.048393 9
-1.931496 -0.575706 -0.998215 9
-1.933570 -0.736729 -0.922873 9
-1.922767 -0.884376 -0.858743 9
-1.863942 -0.966959 -0.842560 9
-2.495234 0.323385 -1.103842 9
-2.393949 0.300603 -1.127345 9
-2.294774 0.277005 -1.150017 9
-2.203931 0.245441 -1.166142 9
-2.095310 0.235524 -1.199475 9
-2.014520 0.194737 -1.208123 9
-1.972048 0.108308 -1.181128 9
-2.072743 -0.156241 -1.016465 9
-1.965332 -0.167530 -1.049907 9
-1.933334 -0.274100 -1.010282 9
-1.955542 -0.454466 -0.915672 9
-1.944279 -0.595335 -0.852610 9
-1.856791 -0.634923 -0.866417 9
-1.903047 -0.862452 -0.741362 9
-1.875401 -0.991226 -0.691128 9
-1.904310 -1.206880 -0.578883 9
-1.867593 -1.330777 -0.535057 9
-1.823967 -1.447119 -0.497755 9
-2.485795 0.476382 -1.057437 9
-2.379316 0.458865 -1.085918 9
-2.269216 0.447035 -1.118879 9
-2.196776 0.395553 -1.118549 9
-2.079206 0.395288 -1.160630 9
-1.972229 0.385249 -1.194248 9
-1.965265 0.259147 -1.133518 9
-2.140309 -0.089775 -0.895051 9
-1.999818 -0.062566 -0.960432 9
-1.946062 -0.140983 -0.941557 9
-1.945401 -0.288902 -0.868824 9
-1.958479 -0.459128 -0.780251 9
-1.918966 -0.563613 -0.744105 9
-1.871731 -0.659641 -0.715339 9
-1.847778 -0.790369 -0.661080 9
-1.872817 -0.995351 -0.552246 9
-1.827192 -1.102794 -0.518277 9
-1.832630 -1.289910 -0.426339 9
-2.386122 0.593312 -1.026770 9
-2.286329 0.569745 -1.050536 9
-2.177696 0.557222 -1.083572 9
-2.078777 0.535938 -1.108772 9
-1.976578 0.519900 -1.138178 9
-1.962736 0.403693 -1.083388 9
-1.962778 0.268364 -1.013862 9
-1.949903 0.144998 -0.955594 9
-1.904961 0.058096 -0.928331 9
-1.928322 -0.116353 -0.830886 9
-1.988738 -0.344016 -0.692609 9
-1.928161 -0.419931 -0.677766 9
-1.896711 -0.536028 -0.631742 9
-1.900812 -0.703970 -0.546197 9
-1.845020 -0.792460 -0.524103 9
-1.780025 -0.869100 -0.511843 9
-1.834699 -1.123877 -0.364089 9
-1.483387 -0.772534 -0.678234 10
-1.813191 -1.459116 -0.207939 9
-2.402860 0.717163 -0.959755 9
-2.286625 0.709736 -0.998770 9
-2.181663 0.692667 -1.028694 9
-2.093406 0.659373 -1.043969 9
-1.992651 0.640881 -1.072095 9
-1.955259 0.552667 -1.039532 9
-1.902099 0.481127 -1.022049 9
-1.935264 0.307140 -0.917850 9
-1.932106 0.171510 -0.848032 9
-1.916495 0.047573 -0.789426 9
-1.925820 -0.110912 -0.703393 9
-1.882056 -0.205657 -0.671529 9
-1.770294 -0.212455 -0.712240 10
-1.668765 -0.230752 -0.743250 10
-1.605368 -0.299986 -0.733172 10
-1.560079 -0.395508 -0.702658 10
-1.577342 -0.583553 -0.599982 10
-1.461794 -0.581065 -0.648401 10
-1.359777 -0.596335 -0.682580 10
-1.294090 -0.666215 -0.674533 10
-1.197632 -0.687846 -0.703787 10
-0.878570 -0.692037 -0.836046 10
-2.422319 0.838257 -0.891208 9
-2.316222 0.819330 -0.920906 9
-2.199844 0.812749 -0.961576 9
-2.101195 0.789803 -0.986754 9
-2.007150 0.763424 -1.008547 9
-1.940603 0.708134 -1.004228 9
-1.934189 0.585194 -0.940095 9
-1.930391 0.456158 -0.871903 9
-1.917857 0.334039 -0.811133 9
-1.923019 0.187570 -0.730565 9
-1.848754 0.134748 -0.731928 9
-1.768696 0.089386 -0.739854 10
-1.663947 0.076350 -0.775148 10
-1.572717 0.047459 -0.796851 10
-1.493830 0.003110 -0.805646 10
-1.438023 -0.072687 -0.788731 10
-1.347638 -0.100598 -0.811407 10
-1.283189 -0.164882 -0.804616 10
-1.212088 -0.219847 -0.805714 10
-1.144430 -0.280173 -0.802855 10
-1.080734 -0.347083 -0.795188 10
-1.065033 -0.491420 -0.727522 10
-1.023677 -0.598418 -0.690261 10
-0.937744 -0.633369 -0.709315 10
-0.863537 -0.687657 -0.713704 10
-0.741977 -0.658426 -0.781468 10
-0.693087 -0.756793 -0.752959 10
-2.484148 0.918734 -0.784105 9
-2.383385 0.892607 -0.808320 9
-2.220566 0.930266 -0.892938 9
-2.141442 0.886362 -0.899211 9
-2.038405 0.868163 -0.929541 9
-1.962865 0.822188 -0.933745 9
-1.932953 0.726556 -0.892440 9
-1.901717 0.630573 -0.851718 9
-1.933528 0.460281 -0.744867 9
-1.866010 0.401470 -0.739766 9
-1.821542 0.314813 -0.710283 9
-1.745422 0.265682 -0.714502 10
-1.672725 0.212548 -0.715394 10
-1.567611 0.201311 -0.752685 10
-1.466536 0.186809 -0.786792 10
-1.388203 0.143467 -0.796096 10
-1.296186 0.119541 -0.821845 10
-1.209747 0.089113 -0.842008 10
-1.130860 0.048787 -0.853926 10
-1.060913 -0.004272 -0.855496 10
-0.976793 -0.035824 -0.874828 10
-0.896183 -0.071896 -0.890504 10
-0.831928 -0.133433 -0.885881 10
-0.778796 -0.213830 -0.866719 10
-0.703891 -0.259150 -0.875790 10
-0.643133 -0.328708 -0.866175 10
-0.581253 -0.397364 -0.857781 10
-0.524704 -0.476793 -0.841649 10
-0.524869 -0.663924 -0.744357 10
-0.418068 -0.653223 -0.798123 10
-0.351929 -0.719492 -0.793908 10
-0.251965 -0.718167 -0.840243 10
-0.173533 -0.758995 -0.855273 10
-0.091991 -0.792810 -0.875595 10
0.110526 -0.988573 -0.870289 10
-2.330633 1.083043 -0.809879 9
-2.292080 0.998188 -0.776145 9
-2.144549 1.021209 -0.848443 9
-2.079180 0.963806 -0.841750 9
-1.988797 0.932579 -0.860392 9
-1.921508 0.877768 -0.856442 9
-1.884499 0.789813 -0.821524 9
-1.847133 0.700759 -0.786371 9
-1.913083 0.491582 -0.641000 9
-1.826253 0.454661 -0.656183 9
-1.735024 0.423946 -0.676932 10
-1.636339 0.403590 -0.706847 10
-1.549586 0.369865 -0.724531 10
-1.452794 0.350076 -0.754458 10
-1.380529 0.299555 -0.757166 10
-1.294467 0.267823 -0.776398 10
-1.203776 0.243527 -0.801961 10
-1.117876 0.213811 -0.822720 10
-1.041210 0.171764 -0.832957 10
-0.962307 0.133503 -0.846480 10
-0.867932 0.119480 -0.880234 10
-0.798346 0.068499 -0.883221 10
-0.722873 0.026891 -0.894134 10
-0.640908 -0.003642 -0.914163 10
-0.552976 -0.023154 -0.943043 10
-0.505026 -0.110449 -0.917724 10
-0.407429 -0.111527 -0.961340 10
-0.342836 -0.170412 -0.959262 10
-0.278548 -0.230535 -0.956621 10
-0.227199 -0.316379 -0.934580 10
-0.176203 -0.405155 -0.911058 10
-0.124970 -0.495893 -0.886848 10
-0.091163 -0.625796 -0.834042 10
-0.011634 -0.661894 -0.852414 10
0.055581 -0.724810 -0.851110 10
0.157874 -0.708406 -0.908342 10
0.160845 -0.922903 -0.797466 10
0.336026 -0.728410 -0.983261 10
0.415424 -0.759511 -1.005411 10
-2.398045 1.157945 -0.698093 9
-2.291366 1.137650 -0.729532 9
-2.212110 1.092378 -0.735229 9
-2.088976 1.091512 -0.785350 9
-1.971766 1.087226 -0.831251 9
-1.907491 1.030050 -0.824475 9
-1.857918 0.957095 -0.802596 9
-1.899490 0.783589 -0.684312 9
-1.912789 0.636228 -0.593310 9
-1.829577 0.595204 -0.604793 9
-1.757485 0.541877 -0.604703 10
-1.665779 0.512236 -0.626827 10
-1.482105 0.596894 -0.754086 10
-1.473280 0.468154 -0.684390 10
-1.381484 0.442742 -0.709679 10
-1.303784 0.400093 -0.719284 10
-1.215510 0.372252 -0.742129 10
-1.111892 0.366881 -0.784633 10
-1.029216 0.334091 -0.802687 10
-0.938968 0.313233 -0.831030 10
-0.860312 0.276590 -0.845596 10
-0.773641 0.252880 -0.871204 10
-0.684060 0.235053 -0.901628 10
-0.618536 0.180143 -0.900790 10
-0.536737 0.151746 -0.922273 10
-0.447340 0.137248 -0.955137 10
-0.393325 0.062989 -0.939022 10
-0.315549 0.029675 -0.956625 10
-0.260485 -0.044574 -0.941451 10
-0.170700 -0.054939 -0.977669 10
-0.087285 -0.075657 -1.005474 10
-0.033173 -0.153375 -0.988635 10
0.041509 -0.190835 -1.003652 10
0.100197 -0.261637 -0.993192 10
0.162895 -0.325326 -0.988727 10
0.218623 -0.405831 -0.972053 10
0.263515 -0.513632 -0.935652 10
0.300398 -0.644554 -0.883148 10
0.383250 -0.668184 -0.910942 10
0.475198 -0.667462 -0.956489 10
0.525001 -0.774317 -0.923922 10
0.527604 -1.013520 -0.797503 10
1.641007 -0.405659 -1.688402 8
1.697985 -0.489195 -1.674717 8
1.732365 -0.681925 -1.592071 8
-2.302675 1.264993 -0.672228 9
-2.240591 1.203170 -0.660824 9
-2.146196 1.172629 -0.682108 9
-2.006619 1.188366 -0.750535 9
-1.933233 1.140091 -0.752727 9
-1.882337 1.068748 -0.731768 9
-1.987434 0.830214 -0.544631 9
-1.865428 0.831146 -0.597626 9
-1.803704 0.767429 -0.586521 9
-1.770003 0.671291 -0.544338 9
-1.638025 0.688407 -0.611904 10
-1.532478 0.677310 -0.651560 10
-1.449019 0.641184 -0.667075 10
-1.348455 0.627453 -0.703446 10
-1.313652 0.530914 -0.662636 10
-1.215003 0.516532 -0.698224 10
-1.121019 0.497737 -0.729391 10
-1.047300 0.452505 -0.736389 10
-0.955880 0.432733 -0.766279 10
-0.885469 0.383939 -0.770170 10
-0.780605 0.386675 -0.819539 10
-0.707097 0.344088 -0.828838 10
-0.611174 0.337054 -0.868958 10
-0.540611 0.291315 -0.875535 10
-0.443803 0.289115 -0.919247 10
-0.367274 0.254890 -0.935565 10
-0.289035 0.224326 -0.954968 10
-0.204859 0.205258 -0.983867 10
-0.151309 0.131278 -0.967577 10
-0.075316 0.098167 -0.985124 10
0.004220 0.072624 -1.008820 10
0.077921 0.036489 -1.024003 10
0.150264 -0.001990 -1.037436 10
0.218347 -0.049213 -1.044146 10
0.281725 -0.106975 -1.042919 10
0.349382 -0.156029 -1.048830 10
0.406961 -0.228924 -1.036796 10
0.462503 -0.308677 -1.020179 10
0.523770 -0.376735 -1.013072 10
0.575852 -0.470054 -0.987685 10
0.613922 -0.603959 -0.933179 10
0.690254 -0.639614 -0.952093 10
0.766701 -0.674557 -0.971678 10
0.831618 -0.742943 -0.967322 10
1.668683 -0.101191 -1.751497 8
1.724701 -0.177058 -1.740334 8
1.785367 -0.236600 -1.740662 8
1.850991 -0.275794 -1.754820 8
1.910048 -0.348435 -1.747621 8
1.961850 -0.463868 -1.713666 8
2.015160 -0.581109 -1.679764 8
-2.398828 1.315248 -0.531852 9
-2.296585 1.288987 -0.559424 9
-2.212049 1.247524 -0.570201 9
-2.081379 1.251635 -0.629205 9
-1.979824 1.229794 -0.659854 9
-1.899425 1.188135 -0.669365 9
-1.872969 1.091072 -0.621663 9
-1.889524 0.946268 -0.526213 9
-1.876534 0.829467 -0.461009 9
-1.782540 0.800228 -0.484916 9
-1.744122 0.708798 -0.446773 9
-1.582224 0.760213 -0.550018 10
-1.501841 0.719118 -0.561363 10
-1.399886 0.705181 -0.598907 10
-1.280501 0.715140 -0.658827 10
-1.191051 0.689648 -0.684238 10
-1.119427 0.641962 -0.688536 10
-1.055177 0.584514 -0.683877 10
-0.903651 0.647828 -0.791015 10
-0.882940 0.530907 -0.731564 10
-0.799362 0.502247 -0.753451 10
-0.692747 0.509134 -0.807162 10
-0.626657 0.456770 -0.807391 10
-0.525413 0.459550 -0.856594 10
-0.444084 0.432847 -0.879400 10
-0.342538 0.440787 -0.932163 10
-0.263972 0.412537 -0.953165 10
-0.175582 0.402453 -0.989597 10
-0.122392 0.331030 -0.973839 10
-0.038524 0.314831 -1.004963 10
0.018733 0.249660 -0.995177 10
0.082668 0.196336 -0.995654 10
0.163656 0.176775 -1.024047 10
0.229605 0.127464 -1.028213 10
0.300123 0.087521 -1.040191 10
0.371396 0.049392 -1.053780 10
0.452364 0.033496 -1.085060 10
0.507159 -0.042021 -1.069550 10
0.575914 -0.086045 -1.079130 10
0.658010 -0.096986 -1.114394 10
0.720659 -0.156116 -1.112736 10
0.776678 -0.234274 -1.097152 10
0.829472 -0.324073 -1.073556 10
0.879059 -0.426702 -1.041290 10
0.914586 -0.575769 -0.975857 10
0.984782 -0.626385 -0.983896 10
1.068052 -0.636049 -1.021922 10
1.136621 -0.692333 -1.026356 10
1.219615 -0.700112 -1.065713 10
1.673922 0.103285 -1.755185 8
1.741932 0.083814 -1.780846 8
1.799578 0.020545 -1.776764 8
1.860924 -0.029209 -1.782372 8
1.926558 -0.060440 -1.800771 8
1.981755 -0.144738 -1.784249 8
2.046478 -0.184317 -1.797899 8
2.110975 -0.226450 -1.810199 8
2.145638 -0.451425 -1.705105 8
2.165868 -0.797211 -1.525453 8
-2.359697 1.370255 -0.450935 9
-2.268558 1.333416 -0.467804 9
-2.178212 1.296925 -0.484752 9
-2.065936 1.282725 -0.525659 9
-1.953641 1.270665 -0.568125 9
-1.924833 1.176168 -0.521904 9
-1.861767 1.115431 -0.512323 9
-1.838885 1.011813 -0.458163 9
-1.796405 0.927268 -0.424909 9
-1.784140 0.807715 -0.356476 9
-1.594828 0.887204 -0.491824 10
-1.526084 0.832363 -0.489496 10
-1.424926 0.816363 -0.526123 10
-1.320942 0.805736 -0.567550 10
-1.218687 0.795079 -0.608362 10
-1.142605 0.752814 -0.617937 10
-1.064074 0.714296 -0.631136 10
-0.977326 0.687580 -0.655548 10
-0.854344 0.712409 -0.728421 10
-0.772759 0.682180 -0.748674 10
-0.712926 0.621206 -0.740272 10
-0.608798 0.625966 -0.792701 10
-0.494448 0.649248 -0.861332 10
-0.391772 0.657890 -0.915784 10
-0.309896 0.635825 -0.942047 10
-0.227097 0.616605 -0.970646 10
-0.163430 0.566145 -0.971538 10
-0.091020 0.530741 -0.985831 10
-0.018304 0.496414 -1.001101 10
0.060626 0.474187 -1.026780 10
0.099858 0.377411 -0.988991 10
0.185674 0.369046 -1.026640 10
0.230623 0.280076 -0.996669 10
0.307992 0.255869 -1.021162 10
0.385549 0.233184 -1.046833 10
0.443368 0.167998 -1.037846 10
0.524156 0.153764 -1.070475 10
0.598664 0.126458 -1.092468 10
0.658249 0.063688 -1.086358 10
0.736066 0.045268 -1.115599 10
0.791888 -0.028936 -1.101284 10
0.876300 -0.028581 -1.145211 10
0.940740 -0.081139 -1.148293 10
0.998348 -0.154509 -1.135959 10
1.062227 -0.211730 -1.136433 10
1.122607 -0.281376 -1.128086 10
1.184197 -0.349675 -1.121348 10
1.209077 -0.544415 -1.022538 10
1.278726 -0.595049 -1.030640 10
1.352660 -0.631134 -1.049590 10
1.664454 0.245264 -1.720044 8
1.730618 0.220695 -1.741782 8
1.802545 0.221020 -1.781068 8
1.858679 0.154630 -1.773777 8
1.920072 0.108902 -1.781339 8
1.983900 0.073383 -1.796242 8
2.046513 0.030851 -1.806650 8
2.109841 -0.009370 -1.818946 8
2.141344 -0.237587 -1.706677 8
2.161536 -0.563602 -1.532634 8
2.192392 -0.860824 -1.381140 8
2.257220 -0.953803 -1.365031 8
-2.352785 1.396325 -0.336877 9
-2.250969 1.368307 -0.364895 9
-2.129671 1.360184 -0.414766 9
-1.995400 1.367045 -0.480369 9
-1.886142 1.352375 -0.520944 9
-1.897561 1.217787 -0.429738 9
-1.851048 1.139416 -0.401223 9
-1.809480 1.054781 -0.366638 9
-1.892884 0.833075 -0.187383 9
-1.727500 0.880146 -0.294123 9
-1.571696 0.921454 -0.392956 10
-1.514822 0.852058 -0.375921 10
-1.410351 0.838932 -0.416818 10
-1.292136 0.844747 -0.476272 10
-1.196073 0.825728 -0.509896 10
-1.105450 0.801432 -0.537833 10
-1.014069 0.779573 -0.567843 10
-0.932674 0.745731 -0.585814 10
-0.765714 0.831626 -0.719349 10
-0.652700 0.847721 -0.783856 10
-0.574362 0.816533 -0.802557 10
-0.470286 0.824851 -0.858298 10
-0.360368 0.845135 -0.924431 10
-0.277238 0.826670 -0.953840 10
-0.178808 0.834530 -1.007076 10
-0.143303 0.740356 -0.967044 10
-0.038445 0.762303 -1.032419 10
0.010755 0.689917 -1.012823 10
0.065659 0.626239 -1.001545 10
0.116795 0.554387 -0.983595 10
0.174346 0.493170 -0.975495 10
0.242901 0.452609 -0.985626 10
0.314134 0.417629 -1.000665 10
0.366918 0.344439 -0.983453 10
0.441006 0.315330 -1.003843 10
0.536740 0.335248 -1.064987 10
0.586761 0.253959 -1.042024 10
0.665675 0.238608 -1.073694 10
0.744435 0.224537 -1.106228 10
0.798580 0.149739 -1.089825 10
0.881544 0.148128 -1.132351 10
0.941580 0.086812 -1.127432 10
1.018308 0.070851 -1.158487 10
1.086423 0.031342 -1.171162 10
1.139879 -0.052852 -1.149697 10
1.226273 -0.036833 -1.205409 10
1.289357 -0.093090 -1.206005 10
1.347834 -0.166812 -1.193970 10
1.404892 -0.248896 -1.176407 10
1.653965 0.380711 -1.683262 8
1.723382 0.370987 -1.715447 8
1.786284 0.336688 -1.729757 8
1.848280 0.298135 -1.741228 8
1.913593 0.273696 -1.762992 8
1.976171 0.236825 -1.776101 8
2.049092 0.251106 -1.825147 8
2.108286 0.197420 -1.826834 8
2.121407 -0.120169 -1.648217 8
2.158708 -0.330187 -1.546375 8
2.195066 -0.571723 -1.425737 8
2.229276 -0.859943 -1.276767 8
2.253516 -1.264339 -1.054417 8
-2.278396 1.482937 -0.292589 9
-2.181280 1.451043 -0.316750 9
-2.021060 1.479713 -0.410316 9
-1.966415 1.411237 -0.391013 9
-1.932387 1.321965 -0.348623 9
-1.880888 1.248775 -0.325135 9
-1.890089 1.112146 -0.231878 9
-1.817968 1.057695 -0.230702 9
-1.752054 0.996698 -0.222525 9
-1.777766 0.833770 -0.104946 9
-1.570857 0.930382 -0.266275 10
-1.460525 0.922022 -0.313869 10
-1.333975 0.935431 -0.383444 10
-1.228222 0.926793 -0.429025 10
-1.193494 0.831226 -0.384752 10
-1.074090 0.842584 -0.450107 10
-0.229321 1.815354 -1.482179 2
-0.669942 1.099336 -0.811154 10
-0.621615 1.028032 -0.789681 10
-0.517724 1.034762 -0.845201 10
-0.413951 1.044203 -0.902548 10
-0.323772 1.036228 -0.942324 10
-0.242013 1.017320 -0.971187 10
-0.159412 1.001192 -1.002385 10
-0.111281 0.930548 -0.982240 10
-0.049225 0.881743 -0.982954 10
0.032931 0.867241 -1.015444 10
0.084575 0.800461 -0.999987 10
0.143174 0.744985 -0.995281 10
0.191674 0.669890 -0.973374 10
0.256990 0.625284 -0.979196 10
0.319624 0.575234 -0.980429 10
0.370356 0.500380 -0.960322 10
0.443592 0.470910 -0.980112 10
0.507260 0.421409 -0.982724 10
0.594312 0.423823 -1.029724 10
0.661751 0.383627 -1.040378 10
0.716267 0.312500 -1.025385 10
0.793266 0.294861 -1.055272 10
0.876510 0.294711 -1.099362 10
0.941456 0.248809 -1.105866 10
1.013414 0.221601 -1.127716 10
1.096189 0.225986 -1.174830 10
1.152537 0.155409 -1.162153 10
1.213933 0.097680 -1.160199 10
1.290468 0.086612 -1.195027 10
1.351722 0.026751 -1.192035 10
1.417913 -0.018063 -1.201047 10
1.647660 0.528865 -1.659036 8
1.708184 0.487756 -1.667505 8
1.767209 0.439766 -1.671131 8
1.833915 0.422054 -1.697496 8
1.899554 0.400980 -1.721387 8
1.964410 0.377243 -1.743386 8
2.027958 0.347778 -1.761347 8
2.092415 0.322949 -1.782771 8
2.138004 0.195459 -1.731800 8
2.152330 -0.126856 -1.545887 8
2.179344 -0.410650 -1.390558 8
2.237551 -0.523480 -1.356096 8
2.249764 -0.980187 -1.088645 8
-2.224006 1.551480 -0.228384 9
-2.105476 1.539138 -0.276691 9
-2.040619 1.478979 -0.267422 9
-1.917453 1.474613 -0.323650 9
-1.895175 1.373937 -0.267187 9
-1.822256 1.322066 -0.267862 9
-1.792326 1.226210 -0.218659 9
-1.830784 1.056266 -0.087269 9
-0.808648 2.028158 -1.228594 11
-0.681283 2.059225 -1.311368 11
-0.595408 2.047044 -1.345441 11
-0.491784 2.057234 -1.403105 11
-0.420965 2.031041 -1.420843 11
-0.341212 2.016709 -1.450916 11
-1.139707 0.901062 -0.324986 10
-0.209362 1.957002 -1.477454 2
-0.172318 1.890018 -1.452318 2
-0.109751 1.856352 -1.461776 2
-0.060195 1.805042 -1.453381 2
-0.369397 1.241137 -0.932067 10
-0.307937 1.192626 -0.931785 10
-0.239734 1.154119 -0.941540 10
-0.150438 1.148593 -0.983451 10
-0.082703 1.111001 -0.993867 10
0.001057 1.099931 -1.029691 10
0.046467 1.026382 -1.005872 10
0.112034 0.985885 -1.013774 10
0.142330 0.882970 -0.963661 10
0.217169 0.857877 -0.986521 10
0.273753 0.799520 -0.978819 10
0.325635 0.731107 -0.962412 10
0.381526 0.669085 -0.952328 10
0.467332 0.667305 -0.996386 10
0.485482 0.524601 -0.915538 10
0.586972 0.557691 -0.990298 10
0.647200 0.502416 -0.987409 10
0.716496 0.467297 -1.002243 10
0.789550 0.441562 -1.025164 10
0.856444 0.401400 -1.035847 10
0.931517 0.382266 -1.064325 10
0.993367 0.329148 -1.064452 10
1.077000 0.335331 -1.113781 10
1.142846 0.293614 -1.123547 10
1.218851 0.281897 -1.157811 10
1.279301 0.223784 -1.154671 10
1.352059 0.203681 -1.182220 10
1.418350 0.163065 -1.193544 10
1.492605 0.149993 -1.226622 10
1.694101 0.607094 -1.623675 8
1.761956 0.595318 -1.654295 8
1.821541 0.551995 -1.660798 8
1.886432 0.529883 -1.683614 8
1.949736 0.501516 -1.701792 8
2.015224 0.483565 -1.727818 8
2.078735 0.457051 -1.747552 8
2.133417 0.384184 -1.733663 8
2.111267 -0.125771 -1.405192 8
2.182949 -0.138208 -1.438776 8
2.224602 -0.340953 -1.337461 8
2.258582 -0.623113 -1.182762 8
2.269392 -1.119590 -0.882324 8
2.323448 -1.346631 -0.773713 8
-2.356003 1.575899 -0.043514 9
-2.242345 1.555420 -0.085022 9
-2.110542 1.553482 -0.148307 9
-1.986374 1.547366 -0.205152 9
-1.902100 1.505842 -0.218334 9
-1.859082 1.424823 -0.184388 9
-1.110018 2.050519 -0.980948 11
-0.848926 2.208917 -1.218143 11
-0.718159 2.240471 -1.304650 11
-0.620574 2.240157 -1.353177 11
-0.528316 2.236256 -1.396750 11
-0.443422 2.226093 -1.432541 11
-0.382640 2.189622 -1.438634 11
-0.312573 2.164611 -1.457238 11
-0.246772 2.135331 -1.470952 11
-0.191593 2.093428 -1.470960 11
-0.131806 2.057497 -1.477432 11
-0.069942 2.024641 -1.487143 11
-0.037511 1.952352 -1.455671 2
0.009496 1.898722 -1.444211 2
0.031749 1.809074 -1.396242 2
-0.197315 1.348073 -0.972672 10
-0.124978 1.318537 -0.990657 10
-0.072386 1.259256 -0.978891 10
0.004415 1.237661 -1.004725 10
0.070349 1.199538 -1.014144 10
0.126872 1.145882 -1.008564 10
0.179249 1.084436 -0.995835 10
0.236129 1.029917 -0.990163 10
0.291903 0.972657 -0.982257 10
0.337322 0.894947 -0.955637 10
0.384588 0.818655 -0.931071 10
0.440701 0.757967 -0.921544 10
0.505454 0.713939 -0.927637 10
0.577246 0.684742 -0.947300 10
0.640391 0.637263 -0.950580 10
0.713535 0.612048 -0.973850 10
0.762508 0.531019 -0.948006 10
0.852454 0.546728 -1.007190 10
0.912540 0.491168 -1.004165 10
0.999505 0.504421 -1.060427 10
1.060069 0.450129 -1.058775 10
1.120322 0.393700 -1.055720 10
1.205626 0.408681 -1.112619 10
1.272052 0.370640 -1.125103 10
1.335806 0.324018 -1.130735 10
1.415238 0.327896 -1.177672 10
1.483857 0.298143 -1.197135 10
1.677233 0.714722 -1.572765 8
1.740303 0.685653 -1.589820 8
1.802725 0.654245 -1.605148 8
1.869467 0.640523 -1.634364 8
1.933913 0.618586 -1.657162 8
1.999300 0.601782 -1.683907 8
2.060620 0.566795 -1.696859 8
2.119160 0.516896 -1.698845 8
2.153713 0.334339 -1.602642 8
2.182534 0.098357 -1.469256 8
2.214750 -0.145591 -1.332923 8
2.266177 -0.293979 -1.268696 8
2.300541 -0.583479 -1.104973 8
2.335795 -0.910505 -0.918098 8
2.373589 -1.270926 -0.711688 8
-2.334218 1.616465 0.058154 9
-2.223027 1.593037 0.018751 9
-2.124721 1.559892 -0.007535 9
-1.940619 1.607771 -0.133816 9
-1.081095 2.303571 -1.053203 11
-0.965475 2.311920 -1.117606 11
-0.798079 2.374944 -1.246403 11
-0.674068 2.399129 -1.326318 11
-0.576395 2.399234 -1.376257 11
-0.487880 2.391799 -1.416424 11
-0.409240 2.375366 -1.445446 11
-0.358502 2.328740 -1.439457 11
-0.303757 2.286619 -1.438751 11
-0.226956 2.270857 -1.467649 11
-0.153614 2.252278 -1.492946 11
-0.093390 2.218486 -1.501144 11
-0.055918 2.155827 -1.477902 11
0.022765 2.146512 -1.512665 11
0.055855 2.077057 -1.482740 11
0.123289 2.053902 -1.502431 11
0.070072 1.859127 -1.342271 2
-0.115740 1.461137 -0.974547 10
-0.020612 1.467657 -1.029337 10
0.026575 1.402611 -1.010463 10
0.084911 1.354129 -1.008830 10
0.140025 1.300059 -1.001845 10
0.185389 1.228895 -0.978272 10
0.246839 1.183993 -0.981111 10
0.290347 1.106880 -0.952813 10
0.348122 1.053927 -0.948539 10
0.387653 0.965718 -0.910927 10
0.465390 0.949298 -0.942181 10
0.513034 0.873811 -0.917749 10
0.559510 0.793706 -0.889736 10
0.629802 0.762160 -0.907246 10
0.694590 0.719014 -0.914152 10
0.766902 0.692892 -0.936654 10
0.844384 0.679941 -0.970894 10
0.913392 0.648050 -0.988012 10
1.000670 0.662996 -1.046453 10
1.028279 0.524884 -0.970463 10
1.114511 0.539172 -1.028155 10
1.177204 0.490757 -1.031363 10
1.254110 0.483259 -1.069706 10
1.322127 0.450873 -1.086758 10
1.396792 0.439968 -1.121862 10
1.461091 0.396680 -1.129899 10
1.658489 0.814688 -1.517282 8
1.721027 0.784438 -1.533151 8
1.789834 0.778124 -1.568457 8
1.854636 0.758248 -1.592686 8
1.921832 0.749479 -1.625705 8
1.981508 0.709758 -1.634214 8
2.040994 0.668001 -1.641404 8
2.101995 0.632227 -1.653516 8
2.156636 0.562306 -1.639702 8
2.184056 0.335468 -1.507473 8
2.218826 0.125227 -1.390537 8
2.273420 0.015083 -1.350799 8
2.282463 -0.420577 -1.071740 8
2.328172 -0.650971 -0.948528 8
2.372560 -0.928001 -0.794253 8
2.379322 -1.587951 -0.367966 8
-2.233391 1.604718 0.157440 9
-1.215966 2.398760 -0.934571 11
-1.151042 2.355754 -0.937534 11
-0.872271 2.515861 -1.195970 11
-0.758948 2.525856 -1.261965 11
-0.656050 2.528392 -1.317361 11
-0.555424 2.531112 -1.371817 11
-0.482821 2.506934 -1.392722 11
-0.395677 2.499453 -1.433143 11
-0.315457 2.486231 -1.465994 11
-0.254909 2.452325 -1.474049 11
-0.205332 2.406158 -1.467814 11
-0.126828 2.394254 -1.501017 11
-0.095176 2.326691 -1.470517 11
-0.028144 2.302139 -1.489002 11
0.028807 2.265516 -1.493798 11
0.101667 2.250164 -1.522029 11
0.137734 2.186246 -1.496864 11
0.194429 2.149800 -1.501976 11
0.233654 2.088544 -1.480576 11
0.288400 2.048942 -1.482668 11
0.041917 1.553865 -1.006659 10
0.104112 1.513054 -1.012175 10
0.147773 1.442740 -0.987368 10
0.208526 1.398943 -0.990280 10
0.258530 1.336882 -0.974865 10
0.307244 1.271400 -0.956511 10
0.347318 1.189017 -0.921922 10
0.414532 1.154323 -0.935128 10
0.464626 1.087453 -0.916951 10
0.560696 1.109255 -0.985062 10
0.546242 0.911155 -0.841550 10
0.615902 0.878748 -0.858177 10
0.692348 0.861540 -0.889091 10
0.740377 0.782483 -0.862062 10
0.808016 0.745985 -0.875150 10
0.886163 0.734775 -0.911484 10
0.938713 0.662299 -0.891856 10
1.037133 0.704799 -0.976391 10
1.101069 0.661727 -0.983426 10
1.169160 0.629674 -1.000421 10
1.269435 0.690128 -1.098564 10
1.308978 0.577527 -1.044962 10
1.375602 0.542519 -1.059494 10
1.445270 0.517379 -1.082572 10
1.514183 0.490554 -1.104201 10
1.698351 0.870527 -1.467139 8
1.771489 0.879657 -1.515716 8
1.830907 0.839647 -1.523313 8
1.896502 0.823774 -1.550885 8
1.954206 0.775675 -1.552266 8
2.032040 0.816284 -1.625246 8
2.081701 0.730675 -1.596908 8
2.149902 0.731842 -1.637933 8
2.162516 0.438329 -1.448267 8
2.214460 0.334610 -1.409467 8
2.256477 0.159403 -1.316911 8
2.324843 0.135832 -1.341912 8
2.334428 -0.305742 -1.051593 8
2.374109 -0.586086 -0.887530 8
2.404279 -0.994327 -0.632183 8
-1.141532 2.581653 -0.987945 6
-0.987754 2.620209 -1.097496 12
-0.819643 2.676523 -1.227678 12
-0.692027 2.699988 -1.312588 12
-0.599221 2.693356 -1.357242 12
-0.499564 2.695561 -1.412054 12
-0.438686 2.660678 -1.419424 12
-0.364507 2.640197 -1.444417 12
-0.278173 2.633974 -1.486314 12
-0.230708 2.586897 -1.477999 12
-0.199784 2.520909 -1.447274 11
-0.106801 2.525620 -1.500918 11
-0.049025 2.490928 -1.507360 11
-0.004033 2.440992 -1.496058 11
0.039454 2.388703 -1.482355 11
0.093134 2.348932 -1.483241 11
0.157363 2.323157 -1.499966 11
0.199921 2.268760 -1.484552 11
0.251199 2.225736 -1.482109 11
0.304532 2.185484 -1.482864 11
0.339852 2.118652 -1.454942 11
0.388572 2.070563 -1.447798 11
0.426584 2.005285 -1.422666 11
0.218829 1.544686 -0.981888 10
0.247983 1.450228 -0.931434 10
0.312484 1.412686 -0.940928 10
0.374011 1.370214 -0.945400 10
0.430943 1.319420 -0.941557 10
0.495763 1.282680 -0.952131 10
0.537428 1.201904 -0.918870 10
0.592325 1.144702 -0.909721 10
0.629445 1.050221 -0.864509 10
0.625938 0.866762 -0.734094 10
0.735134 0.918666 -0.832447 10
0.809316 0.898188 -0.860395 10
0.848357 0.797380 -0.812313 10
0.911947 0.751279 -0.816559 10
1.011460 0.794186 -0.903569 10
1.072695 0.744207 -0.903993 10
1.141267 0.712974 -0.921810 10
1.218700 0.706882 -0.962343 10
1.292584 0.692962 -0.995498 10
1.362806 0.669823 -1.020240 10
1.421738 0.612301 -1.014666 10
1.439747 0.418849 -0.891072 10
1.658989 0.899526 -1.352465 8
1.743572 0.945972 -1.434277 8
1.804367 0.910725 -1.445671 8
1.877815 0.924840 -1.498773 8
1.933583 0.870409 -1.494147 8
1.997139 0.847299 -1.515882 8
2.066782 0.852953 -1.561204 8
2.133541 0.848638 -1.598033 8
2.171025 0.695730 -1.514973 8
2.210477 0.537371 -1.429440 8
2.248768 0.354158 -1.326189 8
2.300200 0.231368 -1.272592 8
2.306036 -0.217546 -0.966977 8
2.333528 -0.577067 -0.736135 8
2.379026 -0.851255 -0.575079 8
2.381363 -1.557294 -0.090758 8
-1.272875 2.683294 -0.874484 12
-1.065512 2.761201 -1.044861 12
-0.888513 2.819381 -1.184192 12
-0.752346 2.846647 -1.278465 12
-0.656022 2.841264 -1.326922 12
-0.551120 2.846093 -1.387719 12
-0.486239 2.814903 -1.400099 12
-0.404400 2.801225 -1.434790 12
-0.348209 2.763072 -1.437455 12
-0.262034 2.756488 -1.479942 12
-0.212055 2.713082 -1.475507 12
-0.144554 2.688885 -1.494940 12
-0.103686 2.635612 -1.478413 12
-0.041970 2.605867 -1.490760 12
0.026416 2.584681 -1.513163 12
0.063216 2.526029 -1.490714 11
0.123628 2.495998 -1.502400 11
0.179330 2.460477 -1.507545 11
0.238043 2.429192 -1.517549 11
0.265931 2.356504 -1.480253 11
0.324751 2.325153 -1.490450 11
0.353631 2.251292 -1.453038 11
0.413012 2.220466 -1.464113 11
0.431438 2.127966 -1.407476 11
0.487205 2.090654 -1.411995 11
0.537199 2.044152 -1.406690 11
0.328954 1.570186 -0.946035 10
0.380579 1.512754 -0.933953 10
0.428021 1.447026 -0.913606 10
0.495280 1.415619 -0.929406 10
0.518532 1.302799 -0.861521 10
0.575842 1.250899 -0.857082 10
0.608189 1.148770 -0.802310 10
0.673130 1.109384 -0.811457 10
0.687478 0.963027 -0.714778 10
0.775403 0.970424 -0.770960 10
0.818179 0.878974 -0.730291 10
0.894353 0.862086 -0.762484 10
0.973652 0.854399 -0.803184 10
1.028398 0.787281 -0.787200 10
1.103050 0.769915 -0.818485 10
1.160234 0.706839 -0.807026 10
1.254579 0.746321 -0.890624 10
1.331538 0.741094 -0.932238 10
1.414933 0.758070 -0.993564 10
1.412029 0.505145 -0.811898 10
1.648333 1.027130 -1.323216 8
1.687763 0.916552 -1.268079 8
1.759806 0.917107 -1.311404 8
1.847687 0.981232 -1.409414 8
1.899595 0.910928 -1.390612 8
1.971586 0.921120 -1.441041 8
2.034833 0.896848 -1.461880 8
2.101529 0.889424 -1.496833 8
2.152258 0.804855 -1.467602 8
2.198082 0.687043 -1.411963 8
2.224378 0.446321 -1.257593 8
2.253357 0.191431 -1.094932 8
2.302303 0.032683 -1.012542 8
2.264101 -0.764615 -0.425570 8
2.351773 -0.727170 -0.505782 8
2.415331 -0.880085 -0.436809 8
2.448391 -1.343409 -0.129921 8
-1.180977 2.872903 -0.949075 12
-0.995996 2.930683 -1.095724 12
-0.833204 2.975423 -1.220223 12
-0.688875 3.009071 -1.326114 12
-0.612442 2.986526 -1.351649 12
-0.530138 2.970575 -1.385538 12
-0.437216 2.966128 -1.434147 12
-0.386774 2.922915 -1.429773 12
-0.308778 2.906956 -1.461495 12
-0.269740 2.852959 -1.442756 12
-0.187162 2.843688 -1.482254 12
-0.120849 2.818824 -1.500948 12
-0.095437 2.750027 -1.463651 12
-0.028443 2.726598 -1.483968 12
0.031512 2.696010 -1.495018 12
0.083188 2.656163 -1.494524 12
0.132516 2.613503 -1.490674 12
0.174951 2.562089 -1.476446 12
0.226290 2.521516 -1.475462 11
0.272201 2.473733 -1.466085 11
0.325570 2.435634 -1.468266 11
0.371790 2.387621 -1.459059 11
0.417281 2.338058 -1.448362 11
0.455886 2.277708 -1.425781 11
0.499895 2.224323 -1.411560 11
0.547114 2.175091 -1.402350 11
0.590983 2.119822 -1.386817 11
0.639338 2.070967 -1.378710 11
0.591465 1.857076 -1.192897 2
0.663131 1.842846 -1.224070 2
0.684513 1.738877 -1.159846 2
0.567333 1.371415 -0.820640 10
0.778508 1.617168 -1.125109 6
0.652880 1.209874 -0.751814 10
0.716142 1.167304 -0.757655 10
0.774965 1.115134 -0.753927 10
0.779105 0.941736 -0.629068 10
0.845656 0.901212 -0.638638 10
0.942047 0.931067 -0.717555 10
1.009050 0.894121 -0.730209 10
1.085841 0.882138 -0.767050 10
1.141400 0.816262 -0.751917 10
1.234072 0.849709 -0.831642 10
1.301150 0.816019 -0.847106 10
1.382261 0.824134 -0.901601 10
1.444171 0.776705 -0.904126 10
1.522314 0.780531 -0.953898 10
1.685287 1.073535 -1.265731 8
1.752880 1.060870 -1.297306 8
1.826957 1.074017 -1.351694 8
1.885768 1.032390 -1.357037 8
1.949849 1.011130 -1.380490 8
2.013267 0.987998 -1.402267 8
2.076291 0.963829 -1.423136 8
2.143141 0.958721 -1.460289 8
2.184513 0.826055 -1.389234 8
2.232859 0.717672 -1.340187 8
2.293215 0.668271 -1.341447 8
2.299105 0.273616 -1.058596 8
2.220875 -0.750039 -0.267404 8
2.309099 -0.718602 -0.344837 8
2.391485 -0.722130 -0.393398 8
2.462861 -0.817385 -0.368709 8
-0.949356 3.077601 -1.120864 12
-0.837206 3.079244 -1.186035 12
-0.755819 3.057685 -1.215757 12
-0.628691 3.077006 -1.303325 12
-0.527993 3.076419 -1.360462 12
-0.446426 3.060820 -1.395124 12
-0.344222 3.066055 -1.457768 12
-0.280363 3.037142 -1.472151 12
-0.214633 3.010834 -1.489688 12
-0.176191 2.957819 -1.471045 12
-0.120902 2.921719 -1.475184 12
-0.070300 2.880947 -1.473102 12
-0.012282 2.848345 -1.481645 12
0.052860 2.824231 -1.500886 12
0.098497 2.778519 -1.492361 12
0.158771 2.749885 -1.505464 12
0.199233 2.697758 -1.489173 12
0.246427 2.653385 -1.482791 12
0.301732 2.619192 -1.488973 12
0.335992 2.557463 -1.461958 12
0.385550 2.515262 -1.458826 11
0.431847 2.468324 -1.450252 11
0.464007 2.400586 -1.417653 11
0.517322 2.362462 -1.420040 11
0.576960 2.333986 -1.433538 11
0.600615 2.249669 -1.383574 11
0.624237 2.162521 -1.331518 11
0.673716 2.115398 -1.325116 11
0.718892 2.060332 -1.310233 11
0.708095 1.905297 -1.186675 2
0.758438 1.854286 -1.178073 2
0.849242 1.878524 -1.250410 2
0.870732 1.772229 -1.183072 2
0.927468 1.732031 -1.186665 2
0.737417 1.180309 -0.657515 10
0.786124 1.105031 -0.630051 10
0.832306 1.021724 -0.595118 10
0.906525 0.999707 -0.623195 10
0.953407 0.913969 -0.587029 10
1.053094 0.955030 -0.677998 10
1.112261 0.898455 -0.671310 10
1.192246 0.895806 -0.717749 10
1.261724 0.866913 -0.738232 10
1.340305 0.864891 -0.784461 10
1.430222 0.899764 -0.865299 10
1.484373 0.828909 -0.845293 10
1.666772 1.173857 -1.214728 8
1.717563 1.104030 -1.193602 8
1.787351 1.098629 -1.232348 8
1.860494 1.108453 -1.284607 8
1.934082 1.124267 -1.341692 8
1.993980 1.088071 -1.351595 8
2.049296 1.031031 -1.343193 8
2.106064 0.977526 -1.338404 8
2.179700 1.004355 -1.404051 8
2.230608 0.918869 -1.371940 8
2.243187 0.610140 -1.149698 8
2.294038 0.491272 -1.092837 8
2.339154 0.321183 -0.994327 8
2.254478 -0.785965 -0.116937 8
2.348673 -0.714868 -0.228912 8
2.425257 -0.771614 -0.234774 8
2.449554 -1.321251 0.158955 8
-1.253805 3.043035 -0.800848 6
-1.076798 3.086958 -0.938932 2
-0.949547 3.096595 -1.020880 2
-0.862003 3.077108 -1.056644 12
-0.737157 3.090429 -1.140239 12
-0.642233 3.081353 -1.188687 12
-0.546865 3.074716 -1.239386 12
-0.440256 3.080401 -1.306464 12
-0.364738 3.059905 -1.334717 12
-0.209754 3.116649 -1.470565 2
-0.153655 3.081765 -1.476198 12
-0.094185 3.050682 -1.486868 12
-0.024161 3.031115 -1.512868 12
-0.010409 2.952909 -1.459691 12
0.058286 2.932689 -1.484518 12
0.123015 2.909163 -1.504470 12
0.158459 2.852816 -1.481442 12
0.221262 2.827985 -1.499355 12
0.266692 2.782848 -1.491141 12
0.316194 2.742496 -1.489148 12
0.348080 2.679424 -1.459003 12
0.396931 2.637435 -1.455469 12
0.449156 2.599862 -1.457453 12
0.474110 2.524192 -1.413544 11
0.522468 2.480059 -1.408236 11
0.567403 2.430518 -1.396737 11
0.607199 2.372462 -1.375603 11
0.661421 2.335868 -1.379861 11
0.685292 2.250220 -1.327872 11
0.734502 2.203886 -1.321687 11
0.798951 2.183210 -1.344637 11
0.835810 2.114640 -1.313906 11
0.837141 1.979034 -1.209888 2
0.868202 1.893192 -1.162423 2
0.942166 1.887850 -1.203254 2
0.976549 1.804832 -1.160123 2
0.965957 1.624909 -1.014908 6
0.820180 1.143546 -0.554894 10
0.868720 1.064670 -0.523805 10
0.901252 0.945983 -0.452338 10
0.985362 0.945179 -0.503290 10
1.079749 0.972896 -0.582569 10
1.135188 0.905145 -0.564574 10
1.231613 0.945152 -0.654706 10
1.308938 0.938118 -0.697000 10
1.380793 0.917669 -0.725690 10
1.463728 0.932227 -0.788176 10
1.525979 0.885690 -0.791051 10
1.665499 1.094167 -1.037510 8
1.772829 1.213879 -1.195991 8
1.847809 1.230754 -1.255602 8
1.915709 1.225460 -1.293886 8
1.961215 1.132694 -1.251272 8
2.016416 1.074216 -1.241037 8
2.086856 1.080914 -1.290295 8
2.146246 1.039388 -1.295795 8
2.215501 1.046261 -1.344580 8
2.264954 0.950877 -1.302781 8
2.291767 0.714855 -1.139265 8
2.313988 0.418750 -0.927000 8
2.214190 -0.742162 0.023178 8
2.304468 -0.709237 -0.059181 8
2.398042 -0.637189 -0.173602 8
2.444638 -0.958638 0.042254 8
-1.203795 3.280798 -0.900510 2
-1.091009 3.274637 -0.962944 2
-1.044570 3.221391 -0.947659 2
-0.948560 3.206031 -0.992736 2
-0.893150 3.160543 -0.989212 2
-0.881177 3.080051 -0.931451 2
-0.753172 3.094431 -1.019893 2
-0.663822 3.079204 -1.061317 12
-0.617852 3.027638 -1.047461 12
-0.256360 3.260576 -1.452423 2
-0.203883 3.222272 -1.453261 2
-0.143159 3.192065 -1.465628 2
-0.089576 3.155538 -1.468667 2
-0.064841 3.090318 -1.431320 2
0.012879 3.078513 -1.468872 12
0.090498 3.068236 -1.507642 12
0.128215 3.016161 -1.488837 12
0.176272 2.975017 -1.485098 12
0.224217 2.933693 -1.481200 12
0.285402 2.907954 -1.497847 12
0.311840 2.840730 -1.460299 12
0.366580 2.807320 -1.467009 12
0.410924 2.760867 -1.457038 12
0.441433 2.695675 -1.423750 12
0.503268 2.671583 -1.442370 12
0.543700 2.618354 -1.424774 12
0.553227 2.519689 -1.352185 11
0.629335 2.516241 -1.396117 11
0.657485 2.441566 -1.354113 11
0.699925 2.387146 -1.337017 11
0.737583 2.323932 -1.310058 11
0.783864 2.273543 -1.298631 11
0.818589 2.202385 -1.263679 11
0.889853 2.194105 -1.301126 11
0.937278 2.143862 -1.290685 11
0.932078 1.992832 -1.168013 2
0.965673 1.910228 -1.123529 2
1.017813 1.862108 -1.117855 2
1.036703 1.743463 -1.035886 6
0.870338 1.216874 -0.516721 10
0.910599 1.119809 -0.465200 10
0.936848 0.985905 -0.375952 10
1.046432 1.046473 -0.492109 10
1.118900 1.021565 -0.517773 10
1.185900 0.983494 -0.529711 10
1.261466 0.968692 -0.565405 10
1.333460 0.945706 -0.592480 10
1.424171 0.979063 -0.675712 10
1.493118 0.951642 -0.697511 10
1.524850 0.805408 -0.602509 10
1.721982 1.205016 -1.040951 8
1.800849 1.229737 -1.110180 8
1.875972 1.246312 -1.170702 8
1.951273 1.268594 -1.235879 8
2.012016 1.236873 -1.249484 8
2.056403 1.134028 -1.196935 8
2.117855 1.100908 -1.210009 8
2.191420 1.126470 -1.276892 8
2.258055 1.123174 -1.316781 8
2.273130 0.836598 -1.101668 8
2.326902 0.742943 -1.062607 8
2.189569 -0.592362 0.072044 8
2.270437 -0.623897 0.044930 8
2.349957 -0.665179 0.026243 8
2.434485 -0.665926 -0.027498 8
2.463742 -1.174064 0.351757 8
-1.203439 3.304221 -0.799222 2
-1.086361 3.300091 -0.867663 6
-0.922981 3.332987 -0.995119 2
-0.870541 3.285900 -0.988544 2
-0.850137 3.213795 -0.941718 2
-0.823655 3.145290 -0.901643 2
-0.738674 3.124141 -0.936584 2
-0.645581 3.111418 -0.983496 12
-0.316706 3.306837 -1.346808 2
-0.230286 3.297759 -1.392693 2
-0.136317 3.297554 -1.450562 2
-0.089182 3.255266 -1.445032 2
-0.041713 3.213289 -1.440006 2
0.013437 3.178995 -1.446070 2
0.014090 3.088988 -1.372827 2
0.089411 3.075281 -1.408321 12
0.171398 3.070366 -1.455179 12
0.225644 3.036442 -1.461159 12
0.270596 2.992179 -1.452965 12
0.328648 2.963142 -1.465387 12
0.356201 2.897630 -1.429119 12
0.413389 2.867652 -1.440322 12
0.469596 2.836931 -1.450351 12
0.494972 2.765877 -1.408341 12
0.553853 2.738531 -1.422874 12
0.574270 2.657912 -1.370069 12
0.616628 2.606421 -1.354720 12
0.670312 2.570954 -1.359531 12
0.710145 2.514412 -1.338584 11
0.750429 2.457408 -1.317590 11
0.809369 2.429536 -1.331998 11
0.836733 2.349250 -1.284085 11
0.876036 2.286863 -1.258241 11
0.920295 2.231675 -1.241399 11
0.957850 2.162894 -1.209364 11
0.997232 2.095445 -1.179606 11
0.997897 1.949559 -1.061948 6
1.045052 1.890934 -1.044337 6
1.038067 1.716507 -0.898844 6
0.924317 1.298873 -0.489122 10
0.913819 1.087444 -0.311591 10
0.979476 1.042171 -0.316702 10
1.057058 1.025618 -0.352641 10
1.139277 1.022643 -0.402548 10
1.212524 0.998938 -0.430064 10
1.292616 0.995233 -0.478135 10
1.397736 1.065957 -0.602267 10
1.458280 1.013124 -0.598344 10
1.533337 1.004017 -0.639003 10
1.673558 1.209714 -0.894550 8
1.776586 1.311407 -1.042515 8
1.841152 1.288637 -1.065597 8
1.901959 1.252652 -1.075671 8
1.967661 1.235597 -1.104184 8
2.038606 1.242053 -1.155044 8
2.107036 1.241668 -1.198827 8
2.175422 1.244673 -1.245360 8
2.225283 1.159090 -1.208708 8
2.283509 1.110478 -1.207250 8
2.297606 0.806042 -0.971544 8
2.368010 0.806643 -1.017644 8
2.229233 -0.585038 0.191241 8
2.312683 -0.602592 0.151159 8
2.403949 -0.554568 0.053225 8
2.471947 -0.694294 0.121259 8
2.519124 -1.063805 0.387448 8
-1.159617 3.444617 -0.821778 6
-1.044926 3.438255 -0.888637 6
-0.972259 3.404327 -0.905878 6
-0.941093 3.340731 -0.872060 6
-0.836850 3.331746 -0.930246 2
-0.775469 3.291646 -0.935300 2
-0.717267 3.249483 -0.936654 2
-0.712412 3.163724 -0.867779 2
-0.645981 3.127990 -0.879800 12
-0.348086 3.294413 -1.207629 2
-0.199788 3.338946 -1.338755 6
-0.163399 3.285531 -1.317070 6
-0.069386 3.286001 -1.377012 2
0.020744 3.285112 -1.433391 2
0.047114 3.222838 -1.398051 2
0.076026 3.161989 -1.365550 2
0.084709 3.078679 -1.301478 2
0.176085 3.082738 -1.362920 12
0.259245 3.080192 -1.413662 12
0.355537 3.094872 -1.487161 12
0.384438 3.033105 -1.454057 12
0.436902 2.998632 -1.458741 12
0.469961 2.940160 -1.431099 12
0.494344 2.869369 -1.387697 12
0.548630 2.836247 -1.394772 12
0.578641 2.770361 -1.359113 12
0.633470 2.737632 -1.366930 12
0.685739 2.701515 -1.370327 12
0.723728 2.644227 -1.347022 12
0.755965 2.576881 -1.311712 12
0.785629 2.503588 -1.269847 11
0.843400 2.473882 -1.282234 11
0.883119 2.414251 -1.258231 12
0.889532 2.295258 -1.163619 11
0.952625 2.272589 -1.185368 11
0.993353 2.209393 -1.159162 11
1.030296 2.137135 -1.123046 11
1.072181 2.072202 -1.096218 11
1.111713 2.000436 -1.062250 11
0.881758 1.353674 -0.378255 10
0.928850 1.272480 -0.341435 10
0.971793 1.178792 -0.291634 10
1.017141 1.086755 -0.244796 10
1.088160 1.053872 -0.263552 10
1.173393 1.057918 -0.322101 10
1.252190 1.048374 -0.365283 10
1.309626 0.982033 -0.347699 10
1.407465 1.030116 -0.450958 10
1.480377 1.010514 -0.482135 10
1.561050 1.016981 -0.539937 10
1.718679 1.281910 -0.861347 8
1.791854 1.283281 -0.910142 8
1.865652 1.290403 -0.964131 8
1.936398 1.289969 -1.009929 8
2.001409 1.269759 -1.035699 8
2.075141 1.288080 -1.099004 8
2.135339 1.250901 -1.107702 8
2.079692 0.654476 -0.579238 8
2.239720 1.091179 -1.044307 8
2.303043 1.061825 -1.061622 8
2.339464 0.873312 -0.930071 8
2.371059 0.628351 -0.748843 8
2.278959 -0.511870 0.251775 8
2.358657 -0.556217 0.235887 8
2.447707 -0.524462 0.151061 8
2.513442 -0.694565 0.247930 8
-1.018460 3.479658 -0.820066 6
-0.919761 3.463910 -0.870380 6
-0.918398 3.378896 -0.798401 6
-0.883269 3.317280 -0.768343 6
-0.819711 3.277016 -0.775000 2
-0.720056 3.266046 -0.830138 2
-0.731151 3.166529 -0.737786 2
-0.702552 3.097560 -0.697319 12
-0.335296 3.320788 -1.126302 2
-0.126990 3.417822 -1.344347 6
-0.093271 3.362981 -1.319359 6
-0.058276 3.308645 -1.295655 6
0.015746 3.291418 -1.329007 2
0.061612 3.247575 -1.321373 2
0.085816 3.181430 -1.280653 2
0.078484 3.080671 -1.189922 12
0.171976 3.085714 -1.255035 12
0.256886 3.083881 -1.308726 12
0.321284 3.060790 -1.330969 12
0.410808 3.068313 -1.395689 12
0.467583 3.038843 -1.407581 12
0.514962 2.998190 -1.403848 12
0.553459 2.945987 -1.384514 12
0.613539 2.921518 -1.402893 12
0.643106 2.856264 -1.366671 12
0.686335 2.808522 -1.354295 12
0.716307 2.740977 -1.316439 12
0.754886 2.684407 -1.293566 12
0.799780 2.636348 -1.282083 12
0.835301 2.572734 -1.251272 12
0.869037 2.504501 -1.215393 11
0.916486 2.457404 -1.206477 12
0.938297 2.364909 -1.142229 11
0.983288 2.310474 -1.125521 11
1.021322 2.241881 -1.092257 11
1.078640 2.208233 -1.101333 11
1.108833 2.120699 -1.046900 11
1.129279 2.009393 -0.965924 11
1.168957 1.933772 -0.927883 11
0.960189 1.304400 -0.256892 10
0.982069 1.161018 -0.149747 10
1.044797 1.107295 -0.145527 10
1.110396 1.059674 -0.148403 10
1.177772 1.016049 -0.155867 10
1.280490 1.067188 -0.266956 10
1.340209 1.005434 -0.254073 10
1.423907 1.011821 -0.314765 10
1.498910 0.995607 -0.350605 10
1.581224 1.004753 -0.412779 10
1.745477 1.293341 -0.765740 8
1.847881 1.396359 -0.920726 8
1.913627 1.377616 -0.948417 8
1.967179 1.312641 -0.928935 8
2.031985 1.290327 -0.953038 8
2.089462 1.237004 -0.946073 8
2.169314 1.284715 -1.039453 8
2.227923 1.237558 -1.038511 8
2.243884 0.962578 -0.816578 8
2.313118 0.953722 -0.855146 8
2.349929 0.749947 -0.707352 8
2.414809 0.702899 -0.710790 8
2.338896 -0.363897 0.241675 8
2.423967 -0.357758 0.179751 8
2.498124 -0.438849 0.198809 8
2.556001 -0.691372 0.373606 8
-0.980604 3.443263 -0.690486 6
-0.920941 3.398857 -0.691282 6
-0.880847 3.340183 -0.666638 6
-0.761115 3.342322 -0.748011 2
-0.700337 3.300799 -0.752117 2
-0.780692 3.144753 -0.562493 12
-0.641500 3.166512 -0.673976 12
-0.528617 3.169705 -0.751788 12
-0.140490 3.419866 -1.228085 6
-0.076775 3.391238 -1.245478 6
0.013649 3.388486 -1.303220 6
0.019861 3.306775 -1.236099 2
0.080901 3.277183 -1.250918 2
0.078874 3.183927 -1.168281 2
0.082069 3.093180 -1.091322 12
0.153945 3.073828 -1.122325 12
0.236015 3.067134 -1.171162 12
0.314595 3.058484 -1.215985 12
0.403508 3.063888 -1.279949 12
0.492538 3.072118 -1.346468 12
0.576542 3.076893 -1.406643 12
0.599011 3.005161 -1.359194 12
0.640537 2.956617 -1.344655 12
0.683120 2.908866 -1.331525 12
0.738088 2.877902 -1.341283 12
0.774658 2.820681 -1.315932 12
0.792064 2.733571 -1.251798 12
0.831988 2.677998 -1.230150 12
0.885273 2.642487 -1.234889 12
0.929468 2.592148 -1.220677 6
0.965679 2.527373 -1.188593 12
1.008499 2.472286 -1.169364 11
1.026860 2.371667 -1.094218 6
1.087246 2.345285 -1.111719 11
1.131682 2.288702 -1.092320 11
1.132791 2.143787 -0.967186 11
1.176557 2.079599 -0.940764 11
1.217512 2.007298 -0.905427 11
1.256261 1.927349 -0.861987 11
1.003586 1.168178 -0.033403 10
1.053686 1.082040 0.007761 10
1.109809 1.007381 0.034900 10
1.218459 1.067007 -0.089795 10
1.300360 1.062344 -0.140754 10
1.380528 1.055775 -0.188912 10
1.456414 1.039380 -0.225686 10
1.544013 1.061290 -0.303587 10
1.726670 1.397681 -0.718253 8
1.805663 1.417439 -0.788535 8
1.880291 1.426999 -0.847052 8
1.948529 1.416928 -0.884257 8
2.013021 1.394351 -0.908109 8
2.073039 1.353925 -0.913487 8
2.140391 1.345119 -0.951244 8
2.212405 1.361247 -1.013780 8
2.266629 1.293234 -0.991382 8
2.283500 1.016460 -0.762808 8
2.360044 1.051282 -0.844659 8
2.391865 0.813547 -0.660054 8
2.466399 0.833247 -0.727475 8
2.392908 -0.252986 0.263742 8
2.456619 -0.417413 0.363198 8
2.534798 -0.477741 0.362622 8
-1.542904 3.072179 0.148957 12
-1.403516 3.072823 0.053449 2
-1.266792 3.074938 -0.041562 2
-0.813687 3.322410 -0.570692 2
-0.868713 3.187698 -0.413193 12
-0.748660 3.189855 -0.496904 12
-0.601358 3.217823 -0.622176 12
-0.522531 3.191602 -0.652532 12
-0.219787 3.364247 -1.012595 2
-0.154719 3.333890 -1.029903 2
-0.098348 3.296232 -1.034787 2
-0.078476 3.223863 -0.983889 2
0.097130 3.303855 -1.174816 2
0.017479 3.131250 -0.966839 12
0.092914 3.113462 -1.002431 12
0.156332 3.084207 -1.019627 12
0.280623 3.123279 -1.139160 12
0.308097 3.056541 -1.098490 12
0.429629 3.098887 -1.219066 12
0.484584 3.065552 -1.226879 12
0.554847 3.051680 -1.262462 12
0.666149 3.092067 -1.374332 12
0.696827 3.030499 -1.340473 12
0.734110 2.976459 -1.317827 12
0.780434 2.934099 -1.311746 12
0.806338 2.861791 -1.265090 12
0.843739 2.804450 -1.239601 12
0.869180 2.727338 -1.188364 12
0.917557 2.684179 -1.182994 6
0.988493 2.677741 -1.225696 12
1.019825 2.605947 -1.183227 12
1.025017 2.485795 -1.079901 11
1.067348 2.427398 -1.056870 11
1.118696 2.384427 -1.053721 11
1.161249 2.323849 -1.028912 11
1.189700 2.233056 -0.967604 11
1.214137 2.129840 -0.892512 11
1.248219 2.042503 -0.838135 11
1.313167 2.020723 -0.863151 11
0.999258 1.114125 0.157509 10
1.082822 1.104592 0.108870 10
1.147176 1.049074 0.114242 10
1.209333 0.986549 0.127338 10
1.338734 1.107079 -0.068296 10
1.402525 1.053417 -0.064208 10
1.477674 1.032494 -0.097001 10
1.586227 1.118247 -0.247479 10
1.771565 1.469281 -0.686310 8
1.844863 1.471263 -0.738216 8
1.913857 1.461244 -0.776516 8
1.983158 1.454865 -0.818267 8
2.043890 1.416557 -0.825779 8
2.105980 1.383261 -0.838682 8
2.178735 1.398482 -0.902013 8
2.122097 0.788259 -0.320870 8
2.282582 1.230562 -0.823865 8
2.315511 1.027933 -0.666324 8
2.370973 0.934243 -0.621040 8
2.275270 -0.162730 0.419435 8
2.364360 -0.130979 0.330188 8
2.447958 -0.129241 0.271369 8
2.517264 -0.244730 0.326516 8
2.570558 -0.537404 0.550093 8
-1.307572 3.262403 -0.042922 2
-1.159553 3.272783 -0.155797 2
-1.099967 3.221876 -0.151171 2
-0.975694 3.220302 -0.236574 12
-0.955605 3.140357 -0.177947 12
-0.650701 3.288092 -0.525257 12
-0.575517 3.257260 -0.549752 12
-0.505441 3.223164 -0.567705 12
-0.367249 3.249743 -0.688396 12
-0.331621 3.188017 -0.657155 12
-0.211311 3.204200 -0.755893 12
-0.142922 3.174362 -0.776516 12
-0.030004 3.189341 -0.868985 12
-0.009026 3.114570 -0.815629 12
0.103250 3.133347 -0.911093 12
0.163642 3.100044 -0.922960 12
0.245965 3.091599 -0.972741 12
0.362211 3.123870 -1.083235 12
0.409233 3.079270 -1.075476 12
0.476484 3.058901 -1.103875 12
0.525095 3.016500 -1.099216 12
0.655477 3.078990 -1.247048 2
0.711427 3.049182 -1.258957 12
0.766904 3.019234 -1.270405 12
0.823938 2.991953 -1.285360 12
0.856873 2.930285 -1.252206 12
0.878046 2.849390 -1.193344 12
0.924615 2.804934 -1.185354 12
0.971179 2.759964 -1.176887 12
1.017004 2.713209 -1.166274 12
1.067431 2.673599 -1.165370 12
1.082564 2.571457 -1.082931 11
0.901982 2.107385 -0.534568 10
1.156959 2.436385 -1.011806 11
1.208853 2.394195 -1.009553 11
1.222676 2.274289 -0.910005 11
1.251379 2.179417 -0.843616 11
1.293119 2.108532 -0.808144 11
1.304471 1.965995 -0.686251 11
0.965092 0.987832 0.440900 10
1.075626 1.037370 0.318811 10
1.152975 1.009792 0.290069 10
1.207205 0.921822 0.332432 10
1.302219 0.943225 0.246793 10
1.428860 1.062255 0.050226 10
1.482508 0.973967 0.093303 10
1.738846 1.527559 -0.589341 8
1.809684 1.518863 -0.630713 8
1.867120 1.465548 -0.622108 8
1.933038 1.441550 -0.646106 8
2.004185 1.439043 -0.693311 8
2.076585 1.445230 -0.749303 8
2.143763 1.433051 -0.784925 8
2.217284 1.453060 -0.854277 8
2.281448 1.433033 -0.880642 8
2.323796 1.297105 -0.786243 8
2.352778 1.067294 -0.597012 8
2.423519 1.066112 -0.645100 8
2.343058 0.038042 0.347498 8
2.421279 0.004796 0.323438 8
2.492359 -0.087404 0.358062 8
2.566260 -0.167286 0.379510 8
-1.439666 3.387965 0.076865 6
-1.349358 3.354078 0.043478 6
-1.308878 3.287241 0.076378 6
-1.127074 3.320223 -0.084555 2
-1.060896 3.273933 -0.089086 2
-1.016984 3.211341 -0.062523 2
-0.915046 3.193314 -0.118854 12
-0.652130 3.306229 -0.411966 12
-0.544747 3.300875 -0.483917 12
-0.477277 3.264311 -0.498302 12
-0.336094 3.292886 -0.625910 12
-0.249246 3.277154 -0.673472 12
-0.159630 3.265845 -0.727105 12
-0.095656 3.232155 -0.741586 12
0.000119 3.230396 -0.808461 12
0.033912 3.168523 -0.775139 12
0.139695 3.180573 -0.861969 12
0.193205 3.139900 -0.862411 12
0.237397 3.089066 -0.846734 12
0.356204 3.122679 -0.962865 12
0.387396 3.058131 -0.925116 12
0.546085 3.146272 -1.120409 2
0.646445 3.169676 -1.213825 2
0.715022 3.156128 -1.250159 2
0.775147 3.132918 -1.271458 2
0.835893 3.111459 -1.294814 2
0.860420 3.039939 -1.245726 2
0.905122 2.995526 -1.236244 12
0.924688 2.912860 -1.173212 12
0.958806 2.849730 -1.138725 12
1.008520 2.809826 -1.136967 12
1.060906 2.774117 -1.141003 12
1.092316 2.702508 -1.096643 12
1.129626 2.638875 -1.063900 12
1.179072 2.595542 -1.058691 12
1.193556 2.485244 -0.966187 11
1.214612 2.382438 -0.885323 11
1.282380 2.370024 -0.921916 11
1.294199 2.240844 -0.809866 11
1.328017 2.152829 -0.751812 11
1.367561 2.073781 -0.706170 11
1.322035 1.788838 -0.408083 2
1.359001 1.687670 -0.339944 6
1.270301 0.787043 0.563239 10
1.419333 0.964244 0.292267 10
1.509707 0.981283 0.212342 10
1.736017 1.444145 -0.379928 8
1.832896 1.517686 -0.517156 8
1.904010 1.510347 -0.560632 8
1.967331 1.476406 -0.573743 8
2.029511 1.437757 -0.581633 8
2.106918 1.462961 -0.659888 8
2.176918 1.461976 -0.708437 8
2.249658 1.478194 -0.774968 8
2.311404 1.444324 -0.786942 8
2.365959 1.369938 -0.755986 8
2.387937 1.093188 -0.513028 8
2.434873 0.936045 -0.399369 8
2.480665 0.747004 -0.255092 8
2.492142 0.256780 0.194714 8
2.529044 -0.114843 0.515842 8
-1.382672 3.452711 0.118930 6
-1.279130 3.427693 0.066335 6
-1.207447 3.382866 0.055941 6
-1.159139 3.322250 0.077704 6
-1.059079 3.298944 0.026152 2
-1.027373 3.226399 0.071473 2
-0.862133 3.255815 -0.077816 12
-0.571486 3.390028 -0.418431 12
-0.522117 3.337899 -0.405321 12
-0.428991 3.322534 -0.459136 12
-0.291541 3.347732 -0.583896 12
-0.211247 3.326181 -0.622372 12
-0.110926 3.324628 -0.694472 12
-0.055595 3.283023 -0.695565 12
0.021843 3.263276 -0.733572 12
0.123831 3.269798 -0.814471 12
0.204632 3.257388 -0.861849 12
0.223402 3.180467 -0.802523 12
0.307035 3.172978 -0.856594 12
0.352260 3.123993 -0.843109 12
0.608265 3.321482 -1.217998 2
0.655584 3.281742 -1.214782 2
0.713748 3.255423 -1.232225 2
0.761669 3.216688 -1.230352 2
0.816550 3.187105 -1.242244 2
0.878284 3.167383 -1.268494 2
0.883437 3.068935 -1.178503 6
0.896961 2.978650 -1.102362 6
0.970665 2.975401 -1.152949 12
0.996802 2.900444 -1.100545 12
1.031194 2.836152 -1.064288 12
1.107557 2.839698 -1.123206 12
1.142650 2.775049 -1.087066 12
1.160021 2.676821 -1.005996 12
1.185988 2.589957 -0.941982 12
1.230601 2.534990 -0.921912 11
1.264045 2.456488 -0.871250 11
1.325926 2.433187 -0.893875 11
1.314760 2.254973 -0.715624 11
1.359663 2.189854 -0.685961 11
1.419872 2.157690 -0.698828 11
1.430608 2.007039 -0.562675 11
1.431488 1.822016 -0.386525 2
1.487862 1.768938 -0.376547 6
1.426415 0.641212 0.745939 10
1.783829 1.523101 -0.355065 8
1.862890 1.538231 -0.426488 8
1.953763 1.601879 -0.552796 8
2.021149 1.585956 -0.586046 8
2.085827 1.560926 -0.608606 8
2.135896 1.473309 -0.560747 8
2.211237 1.495223 -0.635833 8
2.284443 1.513924 -0.706279 8
2.342104 1.457281 -0.693426 8
2.361902 1.179607 -0.441806 8
2.424362 1.125020 -0.434300 8
2.470230 0.953761 -0.303176 8
2.479373 0.481849 0.142136 8
2.534435 0.292803 0.283778 8
2.585380 0.028422 0.500539 8
-1.258371 3.468461 0.156520 6
-1.135216 3.458012 0.073579 6
-1.143108 3.358771 0.175248 6
-1.104118 3.290610 0.211599 2
-0.951798 3.305950 0.081906 2
-0.953963 3.207257 0.178868 2
-0.566192 3.413882 -0.312995 12
-0.441022 3.422690 -0.415779 12
-0.352378 3.404437 -0.464848 12
-0.232365 3.415165 -0.565524 12
-0.155031 3.391437 -0.600702 12
-0.064834 3.380918 -0.658301 12
-0.046517 3.304555 -0.598056 12
0.083325 3.335027 -0.725080 12
0.164389 3.321120 -0.772418 12
0.238193 3.301535 -0.808759 12
0.236551 3.202869 -0.711744 12
0.333596 3.209332 -0.790714 12
0.378487 3.159694 -0.776092 12
0.640023 3.363008 -1.169390 2
0.676854 3.310589 -1.145958 2
0.748520 3.300637 -1.189833 2
0.809984 3.279384 -1.215053 2
0.852056 3.233482 -1.201769 2
0.900655 3.195938 -1.201456 2
0.940357 3.145787 -1.182194 2
0.963203 3.070147 -1.125498 6
1.011454 3.030191 -1.122466 12
1.035289 2.951954 -1.063902 12
1.082580 2.908644 -1.056811 12
1.147219 2.893768 -1.090318 12
1.150380 2.774279 -0.976027 12
1.176409 2.689669 -0.912724 12
1.218361 2.631016 -0.886540 12
1.274513 2.597956 -0.895842 11
1.295598 2.495243 -0.811073 11
1.351962 2.460347 -0.818661 11
1.371926 2.347277 -0.722858 11
1.389784 2.223286 -0.614782 11
1.441888 2.171727 -0.602804 11
1.466328 2.051809 -0.503488 11
1.525291 2.011900 -0.507887 11
1.520737 1.804018 -0.301019 2
1.815374 1.548525 -0.267239 8
1.906642 1.606142 -0.390619 8
1.981803 1.614159 -0.453532 8
2.042814 1.571301 -0.456165 8
2.106802 1.539617 -0.471888 8
2.158337 1.452614 -0.424213 8
2.246343 1.531286 -0.565635 8
2.304480 1.473758 -0.551608 8
2.370815 1.456981 -0.583495 8
2.384457 1.130192 -0.272759 8
2.443960 1.046779 -0.234195 8
2.446541 0.551749 0.249790 8
2.513019 0.457971 0.293552 8
2.553846 0.127682 0.588150 8
-1.215902 3.430005 0.309289 6
-1.172747 3.363932 0.340876 2
-1.087090 3.327692 0.310248 2
-0.962904 3.321172 0.220589 2
-0.749131 3.385933 -0.008557 12
-0.537468 3.456485 -0.241726 12
-0.400769 3.474017 -0.364603 12
-0.311877 3.455855 -0.415268 12
-0.207053 3.453281 -0.493574 12
-0.121057 3.436813 -0.543572 12
-0.057584 3.401637 -0.557656 12
0.027096 3.387116 -0.608459 12
0.128362 3.390626 -0.689832 12
0.159586 3.326991 -0.650756 12
0.250127 3.323370 -0.716711 12
0.290934 3.269301 -0.694381 12
0.355015 3.240088 -0.714526 12
0.421302 3.214221 -0.739637 12
0.634008 3.360419 -1.047841 6
0.692018 3.332108 -1.064083 6
0.766566 3.325046 -1.114063 6
0.832236 3.308613 -1.147885 2
0.904080 3.301751 -1.195903 2
0.948301 3.259070 -1.187115 2
0.977957 3.195390 -1.146247 6
0.995905 3.112776 -1.077535 6
1.038598 3.064412 -1.061776 12
1.084327 3.019976 -1.052196 12
1.120984 2.960312 -1.020471 12
1.151578 2.888840 -0.972303 12
1.193520 2.834494 -0.949803 12
1.223827 2.757925 -0.896225 12
1.267842 2.703861 -0.875480 12
1.332615 2.688503 -0.909106 12
1.336941 2.553512 -0.777284 12
1.382036 2.495642 -0.753395 11
1.388836 2.353067 -0.615746 11
1.442402 2.307149 -0.610111 11
1.483571 2.231295 -0.565094 11
1.510849 2.118005 -0.472050 11
1.506528 1.917188 -0.267449 6
1.566053 1.871904 -0.266713 6
1.917749 1.557521 -0.214187 8
1.979124 1.508364 -0.210547 8
2.064733 1.554826 -0.320981 8
2.129023 1.520245 -0.334044 8
2.205495 1.540929 -0.411658 8
2.282896 1.573547 -0.501904 8
2.341156 1.515311 -0.486538 8
2.393148 1.417153 -0.426323 8
2.428230 1.203512 -0.237376 8
2.464803 0.966088 -0.025549 8
2.485439 0.569719 0.358024 8
2.538401 0.357825 0.532192 8
-1.148161 3.106558 0.732575 12
-0.508873 3.499116 -0.169517 12
-0.345161 3.537687 -0.338054 13
-0.157698 3.601533 -0.550813 13
-0.186022 3.487865 -0.413664 12
-0.136463 3.438675 -0.403127 12
-0.070339 3.404424 -0.420703 12
0.040518 3.412923 -0.516750 12
0.134955 3.408971 -0.587182 12
0.213890 3.392137 -0.632291 12
0.266961 3.350406 -0.631744 12
0.319623 3.308354 -0.630485 12
0.371000 3.264967 -0.626798 12
0.436650 3.237677 -0.650597 12
0.615497 3.343393 -0.898265 2
0.749133 3.404180 -1.064763 6
0.804903 3.374701 -1.078410 6
0.898112 3.393838 -1.170768 6
0.912478 3.312200 -1.098820 6
0.987935 3.311253 -1.156734 2
0.998798 3.221284 -1.073441 2
1.030218 3.157758 -1.033083 6
1.078949 3.118580 -1.030995 12
0.870146 2.675892 -0.416495 12
1.134969 2.972432 -0.925177 12
1.193422 2.946491 -0.943984 12
1.222827 2.870760 -0.889291 12
1.262205 2.810074 -0.857652 12
1.303160 2.750474 -0.828285 12
1.348546 2.697653 -0.809221 12
1.373454 2.602172 -0.730579 12
1.396142 2.497265 -0.640498 11
1.398080 2.341461 -0.482179 11
1.466166 2.326021 -0.518677 11
1.495953 2.221631 -0.434392 11
1.523182 2.104945 -0.335454 6
1.853701 1.510807 0.023216 8
1.928971 1.505448 -0.028440 8
1.992183 1.456958 -0.026464 8
2.086936 1.536415 -0.180090 8
2.169915 1.579123 -0.286876 8
2.239420 1.569156 -0.329132 8
2.307440 1.554920 -0.365796 8
2.362539 1.473411 -0.323305 8
2.387882 1.209123 -0.069899 8
2.456146 1.177024 -0.088117 8
2.491979 0.917819 0.152310 8
2.549443 0.777726 0.253731 8
2.533936 -0.018048 1.086270 8
-0.418976 3.764870 -0.375623 13
-0.264711 3.708742 -0.443380 3
-0.276669 3.611487 -0.333543 13
-0.105061 3.662360 -0.525223 13
-0.053194 3.617696 -0.521213 4
0.045565 3.614269 -0.597673 13
0.053459 3.531276 -0.518325 13
0.031409 3.417895 -0.383272 13
0.179143 3.463786 -0.550081 12
0.216331 3.405597 -0.519830 12
0.286334 3.380182 -0.549918 12
0.354114 3.353602 -0.576930 12
0.430120 3.337095 -0.620938 12
0.454434 3.263977 -0.564526 12
0.624745 3.358883 -0.799896 2
0.773540 3.436858 -1.000323 6
0.859267 3.444254 -1.076688 6
0.894309 3.389637 -1.047831 6
0.963667 3.379371 -1.092560 6
1.012328 3.342559 -1.093006 6
1.022467 3.251144 -1.005675 6
1.005405 3.116070 -0.851011 12
1.025276 3.030172 -0.777048 12
1.103820 3.032982 -0.842391 12
1.190159 3.051348 -0.930123 12
1.224933 2.986813 -0.890122 12
1.254806 2.911607 -0.834991 12
1.307947 2.875616 -0.839283 12
1.335188 2.790890 -0.771946 12
1.380169 2.737006 -0.750883 12
1.403753 2.638215 -0.665755 12
1.426097 2.531687 -0.571454 12
1.460738 2.446354 -0.509003 11
1.506002 2.381188 -0.476008 11
1.526970 2.255377 -0.360125 11
1.545939 2.116573 -0.228929 11
1.959801 1.522216 0.075810 8
2.025373 1.480571 0.069128 8
2.100348 1.477605 0.014448 8
2.177600 1.489090 -0.057158 8
2.264683 1.554283 -0.192962 8
2.329554 1.519331 -0.205826 8
2.402404 1.528456 -0.271299 8
2.426809 1.250129 0.004204 8
2.450016 0.917421 0.338197 8
2.530503 0.942757 0.250015 8
2.524920 0.280201 0.954918 8
-0.602101 3.830382 -0.154614 13
-0.478695 3.829832 -0.257244 13
-0.399867 3.800467 -0.292322 13
-0.350101 3.750806 -0.281748 13
-0.200181 3.778075 -0.435412 3
-0.046641 3.813147 -0.600205 3
-0.005826 3.761212 -0.579502 3
-0.012100 3.669050 -0.477174 4
0.079780 3.659523 -0.543432 13
0.111860 3.598465 -0.505582 13
0.092133 3.488200 -0.372710 13
0.209156 3.504950 -0.487298 12
0.254465 3.454678 -0.471538 12
0.303735 3.408066 -0.462836 12
0.417050 3.428903 -0.578415 12
0.464273 3.381892 -0.567420 12
0.517733 3.341607 -0.568617 12
0.562703 3.291575 -0.552380 12
0.805227 3.478310 -0.950211 6
0.887148 3.480903 -1.020142 6
0.919901 3.423166 -0.985421 6
0.994904 3.420092 -1.043483 6
1.024173 3.356636 -0.999648 6
0.948050 3.141801 -0.708042 12
1.003160 3.107229 -0.715973 12
1.061650 3.078060 -0.732348 12
1.148798 3.094637 -0.820891 12
1.197554 3.052499 -0.815302 12
1.289959 3.083773 -0.923684 12
1.306116 2.986314 -0.832212 12
1.335365 2.907967 -0.771744 12
1.371519 2.839366 -0.727228 12
1.411528 2.775733 -0.691070 12
1.423238 2.651974 -0.567414 12
1.457720 2.569430 -0.506300 12
1.492990 2.484704 -0.443377 11
1.495920 2.320970 -0.269386 11
1.566690 2.309782 -0.313895 6
1.540311 2.055670 -0.018904 11
1.582924 1.963480 0.046574 11
1.963192 1.432937 0.318781 8
2.037226 1.416404 0.278461 8
2.110681 1.399902 0.238667 8
2.182479 1.378339 0.205756 8
2.279326 1.482725 0.016976 8
2.370083 1.576305 -0.155241 8
2.423189 1.472985 -0.084694 8
2.438206 1.115879 0.290591 8
2.471261 0.819722 0.585912 8
2.521520 0.598959 0.786274 8
-0.521614 3.908803 -0.164380 13
-0.416559 3.896053 -0.240910 13
-0.391639 3.828548 -0.190006 13
-0.204451 3.879668 -0.405110 3
-0.114194 3.863496 -0.464971 3
-0.026331 3.847492 -0.522860 3
0.033171 3.810411 -0.533765 3
0.068839 3.753867 -0.503290 3
0.087912 3.682186 -0.442261 13
0.149806 3.647145 -0.457092 13
0.163046 3.567751 -0.382570 13
0.235829 3.542994 -0.417551 13
0.295760 3.506883 -0.429244 12
0.347488 3.462953 -0.425417 12
0.403541 3.423578 -0.430081 12
0.491466 3.419141 -0.499481 12
0.539368 3.372311 -0.488963 12
0.591055 3.329575 -0.485983 12
0.652671 3.298708 -0.504169 12
0.726749 3.284031 -0.550359 12
0.787510 3.254079 -0.568620 12
0.821551 3.189410 -0.526510 12
0.847430 3.111832 -0.463370 12
0.924428 3.104240 -0.519327 12
1.005181 3.104469 -0.586872 12
1.060850 3.069317 -0.594686 12
1.137097 3.066893 -0.655372 12
1.208507 3.059174 -0.706134 12
1.302601 3.092179 -0.820292 12
1.337975 3.026986 -0.777916 12
1.366841 2.947593 -0.714461 12
1.403514 2.879594 -0.669874 12
1.447738 2.823932 -0.644983 12
1.455289 2.691103 -0.504866 12
1.503397 2.637120 -0.484810 12
1.525051 2.522410 -0.376021 12
1.544898 2.396542 -0.253338 11
1.546847 2.218918 -0.058805 11
1.594034 2.143683 -0.014110 11
1.610783 1.983426 0.149412 11
2.207933 1.355682 0.364675 8
2.302207 1.445323 0.190122 8
2.398778 1.567953 -0.022766 8
2.418287 1.254654 0.309780 8
2.474330 1.128175 0.405970 8
2.506493 0.808562 0.735768 8
-0.485846 4.120803 -0.283115 13
-0.427585 4.077344 -0.287221 13
-0.391356 4.019720 -0.256330 13
-0.385293 3.940862 -0.175557 13
-0.329847 3.894992 -0.174182 13
-0.308218 3.824605 -0.116119 3
-0.040835 3.938825 -0.476041 4
-0.004200 3.883470 -0.447390 1
0.055677 3.846282 -0.458939 3
0.112891 3.807449 -0.466233 3
0.163851 3.763661 -0.462485 3
0.215481 3.720554 -0.459958 13
0.268959 3.679256 -0.460920 13
0.263529 3.582121 -0.348777 13
0.332407 3.554503 -0.378027 13
0.370788 3.497036 -0.347621 12
0.424033 3.454268 -0.346281 13
0.494755 3.430526 -0.381070 12
0.589284 3.434801 -0.467457 12
0.622980 3.371756 -0.426330 12
0.671573 3.325122 -0.416200 12
0.701778 3.255364 -0.364352 12
0.753051 3.210670 -0.358455 12
0.826325 3.194946 -0.403667 12
0.888096 3.165213 -0.423248 12
0.945391 3.129876 -0.432613 12
1.008329 3.103190 -0.456369 12
1.084765 3.098049 -0.515663 12
1.159896 3.093339 -0.574215 12
1.245983 3.109129 -0.664978 12
1.302830 3.079119 -0.679368 12
1.389412 3.102255 -0.778586 12
1.422301 3.031251 -0.726367 12
1.432157 2.913310 -0.601738 12
1.485838 2.875882 -0.604648 12
1.514419 2.786234 -0.527444 12
1.529701 2.663190 -0.401269 12
1.573218 2.596212 -0.361943 12
1.562573 2.398754 -0.129755 11
1.560475 2.207514 0.088399 11
1.603999 2.119462 0.151932 11
2.401084 1.403789 0.312453 8
2.461204 1.313164 0.367192 8
2.503508 1.088243 0.589408 8
-0.544282 4.191363 -0.165943 13
-0.432974 4.179094 -0.253321 13
-0.395939 4.122445 -0.223890 13
-0.358470 4.065592 -0.194487 13
-0.393958 3.958703 -0.043170 13
-0.422414 3.852793 0.100840 13
-0.240310 3.895997 -0.111728 3
-0.084721 3.925708 -0.285152 3
-0.002535 3.903760 -0.334452 3
0.078702 3.882756 -0.383825 3
0.118698 3.829247 -0.359499 3
0.175579 3.789694 -0.365889 13
0.253950 3.769591 -0.413309 13
0.323376 3.742973 -0.445248 13
0.340668 3.668173 -0.376065 13
0.400430 3.632861 -0.389289 13
0.433706 3.571329 -0.349102 13
0.446146 3.486777 -0.264154 12
0.520710 3.466633 -0.307339 12
0.582899 3.434255 -0.325520 12
0.635304 3.391284 -0.322855 12
0.658945 3.313854 -0.255388 12
0.726025 3.287772 -0.284661 12
0.790136 3.259020 -0.308139 12
0.849256 3.224559 -0.320571 12
0.906797 3.188406 -0.329551 12
0.974860 3.167564 -0.365149 12
1.050192 3.158870 -0.420901 12
1.118473 3.141671 -0.460610 12
1.179874 3.115173 -0.483514 12
1.237469 3.083295 -0.496793 12
1.314305 3.084807 -0.565070 12
1.363358 3.039941 -0.555734 12
1.432522 3.031608 -0.605773 12
1.467320 2.959386 -0.552320 12
1.496603 2.873061 -0.477702 12
1.526946 2.784641 -0.401442 12
1.577568 2.735855 -0.388276 12
1.567475 2.547638 -0.161639 12
1.595620 2.436535 -0.056831 11
1.551096 2.137288 0.328117 11
-1.195997 6.079704 -1.478453 5
-1.108718 6.036246 -1.515776 5
-1.103429 5.985404 -1.466867 5
-0.448848 4.351405 -0.289433 13
-0.404875 4.300189 -0.272481 13
-0.388290 4.232278 -0.210928 13
-0.369789 4.164244 -0.150869 13
-0.330229 4.108573 -0.124295 13
-0.375568 3.995410 0.046754 13
-0.368741 3.914090 0.133255 13
-0.230749 3.925065 -0.007028 3
-0.086097 3.945283 -0.163892 7
-0.029309 3.902594 -0.167348 7
0.061431 3.887311 -0.233425 3
0.173450 3.891763 -0.341638 3
0.224654 3.847857 -0.338104 3
0.276757 3.804835 -0.336266 13
0.369730 3.799198 -0.414917 13
0.395786 3.733141 -0.362312 13
0.445056 3.688181 -0.355203 13
0.445566 3.593973 -0.246362 13
0.493596 3.545829 -0.234133 12
0.526593 3.481170 -0.188888 12
0.574979 3.432224 -0.175751 12
0.650839 3.414632 -0.223897 12
0.725339 3.397208 -0.270861 12
0.754763 3.325768 -0.213876 12
0.791783 3.261955 -0.172508 12
0.877985 3.261857 -0.249836 12
0.927670 3.214542 -0.238881 12
0.955437 3.135496 -0.170899 12
1.073329 3.186877 -0.336594 2
1.155296 3.190041 -0.413374 2
1.209924 3.152879 -0.418185 2
1.250979 3.093347 -0.384423 2
1.309532 3.062194 -0.399516 12
1.414235 3.114056 -0.553329 12
1.453858 3.052097 -0.515007 12
1.521394 3.042046 -0.562542 12
1.532861 2.920964 -0.429182 12
1.539019 2.781270 -0.268963 12
1.570077 2.687126 -0.184410 12
1.588977 2.559772 -0.049671 12
-1.242983 6.168710 -1.400939 5
-1.041208 6.131977 -1.559694 5
-0.953678 6.089426 -1.599888 5
-0.905089 6.044481 -1.599142 5
-0.827641 6.003222 -1.630554 5
-0.484438 4.435485 -0.207201 13
-0.373726 4.420925 -0.296621 13
-0.347664 4.360186 -0.251372 13
-0.312111 4.304273 -0.220631 13
-0.406804 4.167113 0.029031 13
-0.356250 4.116897 0.039163 13
-0.347795 4.038704 0.122171 13
-0.142234 4.094372 -0.138398 7
-0.064905 4.066073 -0.178806 7
0.007436 4.035495 -0.211645 7
0.040420 3.976023 -0.173149 7
0.071497 3.914171 -0.129888 7
0.158998 3.897470 -0.192871 3
0.231580 3.870226 -0.229194 3
0.274106 3.817945 -0.207513 3
0.416493 3.855730 -0.385971 13
0.455363 3.802154 -0.358999 13
0.478470 3.732579 -0.298137 13
0.540141 3.699911 -0.316986 13
0.471925 3.532991 -0.054847 13
0.552811 3.517790 -0.112067 12
0.579154 3.443911 -0.048450 12
0.627013 3.392703 -0.031698 12
0.750775 3.431582 -0.192765 12
0.782479 3.362521 -0.139376 12
0.782689 3.251154 -0.006070 12
0.909120 3.302343 -0.183848 12
0.960475 3.257065 -0.176598 12
1.069339 3.293583 -0.320286 2
1.133830 3.270158 -0.351037 2
1.195980 3.244337 -0.376605 2
1.255133 3.214722 -0.394705 2
1.307644 3.174747 -0.394092 2
1.346437 3.110898 -0.352011 2
1.402738 3.076351 -0.361081 6
1.466969 3.056855 -0.395388 12
1.507036 2.991699 -0.352395 12
1.584653 3.000411 -0.432651 12
1.572400 2.822241 -0.205134 12
1.618786 2.761295 -0.172436 12
-1.351479 6.204853 -1.200439 5
-0.977273 6.176179 -1.547067 5
-0.833256 6.137804 -1.650565 5
-0.757755 6.096107 -1.681122 5
-0.672161 6.056600 -1.724118 5
-0.645723 6.011849 -1.701523 5
-0.449836 4.556817 -0.235381 13
-0.378683 4.520414 -0.262788 13
-0.330536 4.472433 -0.253692 13
-0.260738 4.436888 -0.280414 13
-0.370942 4.296011 -0.005363 13
-0.385136 4.207104 0.113996 13
-0.341084 4.152371 0.135851 13
-0.338580 4.070009 0.231449 13
-0.076376 4.162569 -0.135171 7
0.001033 4.134842 -0.177563 7
0.064518 4.098363 -0.195731 7
0.073370 4.021225 -0.111823 7
0.149344 3.994626 -0.153626 7
0.198184 3.947414 -0.144136 3
0.371262 4.004680 -0.380639 13
0.424944 3.965212 -0.384817 13
0.447965 3.898407 -0.326192 13
0.522389 3.877941 -0.373008 13
0.544254 3.808314 -0.309501 13
0.526342 3.697004 -0.157022 13
0.491789 3.563621 0.038426 13
0.481727 3.450139 0.186405 12
0.602282 3.476848 0.038917 12
0.664862 3.442022 0.021998 12
0.754090 3.439630 -0.059741 12
0.796851 3.382814 -0.030555 12
0.856300 3.346325 -0.041914 12
0.900192 3.289607 -0.013551 12
0.931095 3.213884 0.050613 12
1.054740 3.268211 -0.132399 2
1.149497 3.287000 -0.244311 2
1.251289 3.321206 -0.381667 6
1.300017 3.276115 -0.371291 2
1.344195 3.222851 -0.346388 6
1.387203 3.166275 -0.316118 6
1.445811 3.136277 -0.333100 6
1.481867 3.064424 -0.277085 2
1.534385 3.021856 -0.272475 6
1.602655 3.011039 -0.321681 12
1.599306 2.849141 -0.116854 12
1.629150 2.749951 -0.020381 12
1.563200 2.420108 0.451475 11
-1.530495 6.240683 -0.917556 5
-1.443689 6.190209 -0.951897 5
-0.758415 6.181565 -1.653683 5
-0.673715 6.140667 -1.696107 5
-0.579291 6.102063 -1.751018 5
-0.553359 6.058029 -1.728651 5
-0.507401 6.016314 -1.729495 5
-0.377748 4.622746 -0.238020 13
-0.279811 4.600781 -0.310954 13
-0.143297 4.601842 -0.450490 13
-0.110083 4.548718 -0.419966 13
-0.014127 4.531724 -0.496315 13
-0.364526 4.246798 0.202366 13
-0.132386 4.309823 -0.107906 7
-0.074463 4.267863 -0.115059 7
-0.000753 4.237044 -0.151445 7
0.068755 4.204543 -0.181367 7
0.124476 4.163122 -0.186380 7
0.182570 4.123872 -0.196231 7
0.160383 4.022608 -0.049634 7
0.375560 4.108892 -0.369989 13
0.410239 4.053850 -0.336513 13
0.462300 4.013059 -0.337694 13
0.484906 3.946077 -0.277113 13
0.492309 3.863296 -0.181733 13
0.542984 3.819329 -0.177033 13
0.565549 3.747351 -0.109630 13
0.556606 3.640812 0.031977 13
0.505286 3.484424 0.277528 12
0.551099 3.427547 0.303904 12
0.653442 3.434778 0.195062 12
0.695314 3.373880 0.230733 12
0.759020 3.338713 0.213087 12
0.831126 3.314975 0.173133 12
0.863702 3.240213 0.235866 12
0.925106 3.202795 0.223901 12
0.963347 3.132636 0.275782 12
1.229531 3.399463 -0.317078 6
1.275419 3.349996 -0.298313 6
1.339570 3.328999 -0.332897 6
1.385130 3.278265 -0.311834 6
1.451768 3.263159 -0.355886 6
1.497580 3.212083 -0.334251 6
1.544988 3.162774 -0.316185 6
1.559483 3.047252 -0.182480 12
1.571288 2.919048 -0.029867 12
1.489441 2.580123 0.479968 11
-1.691617 6.224104 -0.581531 5
-1.204415 6.194382 -1.068156 5
-0.638554 6.180933 -1.656908 5
-0.532239 6.142720 -1.727030 5
-0.443930 6.104770 -1.778068 5
-0.402507 6.063378 -1.775011 5
-0.359430 6.022575 -1.774225 5
-0.383601 5.973371 -1.691965 5
-0.356148 4.734460 -0.246373 13
-0.204261 4.738130 -0.409406 13
-0.148473 4.696884 -0.416917 13
-0.076332 4.664867 -0.452602 13
-0.028178 4.620771 -0.448252 13
-0.001426 4.564557 -0.406509 13
0.035283 4.513535 -0.381312 13
-0.028068 4.400061 -0.174841 7
0.034083 4.362328 -0.192053 7
0.084445 4.317453 -0.187989 7
0.113331 4.257852 -0.143204 7
0.191295 4.232573 -0.191625 7
0.196275 4.154481 -0.098690 7
0.398517 4.226429 -0.396202 13
0.449120 4.185587 -0.396413 13
0.470706 4.120873 -0.336684 13
0.518126 4.076826 -0.329194 13
0.531851 4.002703 -0.249151 13
0.526478 3.908693 -0.124288 13
0.561931 3.850082 -0.085550 13
0.573431 3.766642 0.009222 13
0.604310 3.700238 0.062938 13
0.262914 3.235366 1.000607 2
0.294823 3.152106 1.075322 2
0.652706 3.440027 0.347897 12
0.684641 3.365663 0.411645 12
0.648411 3.205017 0.654558 12
0.727222 3.182889 0.604859 12
0.791548 3.143356 0.592223 12
0.896003 3.159679 0.467936 12
0.987199 3.161777 0.375374 12
1.238831 3.406717 -0.189594 6
1.313600 3.400449 -0.254726 6
1.373135 3.372229 -0.276210 6
1.428833 3.338361 -0.286394 6
1.483294 3.302620 -0.292727 6
1.520988 3.236356 -0.242760 6
1.497331 3.050540 0.022950 12
1.573902 3.050975 -0.051406 12
1.613858 2.978647 0.004939 12
-1.656443 6.216379 -0.456054 5
-1.559467 6.163755 -0.502062 5
-0.472757 6.184089 -1.718113 5
-0.400477 6.144555 -1.751693 5
-0.318804 6.107087 -1.797790 5
-0.259476 6.068585 -1.818004 5
-0.205584 6.030280 -1.832312 5
-0.227892 5.982444 -1.751793 5
-0.291987 4.863635 -0.323954 13
-0.141012 4.865218 -0.488165 13
-0.167066 4.785387 -0.360290 13
-0.059633 4.770104 -0.456225 13
-0.025846 4.718835 -0.427874 13
0.026249 4.677182 -0.430990 13
0.082363 4.638193 -0.441542 13
0.134868 4.597636 -0.446047 13
0.153814 4.536911 -0.389037 13
0.201359 4.493203 -0.383830 13
0.250187 4.450475 -0.381013 13
0.188660 4.332231 -0.164686 7
0.385719 4.392518 -0.449954 13
0.400784 4.326382 -0.380834 13
0.467677 4.298267 -0.414949 13
0.473545 4.222835 -0.323755 13
0.531251 4.187725 -0.338767 13
0.512543 4.087957 -0.189926 13
0.561225 4.043701 -0.183213 13
0.576053 3.968316 -0.100552 13
0.564071 3.865041 0.046521 13
0.593873 3.798633 0.102395 13
0.225661 3.322878 1.105403 2
0.286851 3.271250 1.110011 2
0.362129 3.235117 1.080056 2
0.405546 3.163642 1.129551 2
0.438005 3.077540 1.209806 12
0.541943 3.076770 1.104742 12
0.766179 3.233747 0.668927 2
0.867778 3.243679 0.552623 2
0.953254 3.235691 0.476666 2
1.011100 3.190901 0.477749 2
1.314268 3.512606 -0.255495 6
1.356891 3.458838 -0.226670 6
1.419110 3.435497 -0.257834 6
1.475037 3.402746 -0.269924 6
1.492076 3.301915 -0.152022 6
1.551672 3.273668 -0.173342 6
1.509108 3.050143 0.168486 12
1.615239 3.107947 -0.013805 12
-1.741442 6.202750 -0.184725 5
-1.501831 6.157300 -0.401936 5
-0.348838 6.184825 -1.735540 5
-0.260155 6.147700 -1.791764 5
-0.181433 6.111178 -1.837274 5
-0.143228 6.071480 -1.833139 5
-0.117764 6.030529 -1.812961 5
-0.104400 5.987907 -1.776968 5
-1.168692 5.782053 -0.331303 5
-0.259596 4.909171 -0.265222 13
-0.108628 4.909745 -0.432774 13
-0.062751 4.864641 -0.425686 13
-0.049721 4.803425 -0.361503 13
0.032078 4.776503 -0.416848 13
0.098508 4.742972 -0.446553 13
0.124362 4.687769 -0.403509 13
0.156898 4.635684 -0.371588 13
0.224595 4.604360 -0.404836 13
0.233578 4.537232 -0.327157 13
0.319467 4.518622 -0.396346 13
0.379507 4.484526 -0.416935 13
0.398299 4.422151 -0.355438 13
0.441810 4.376446 -0.342395 13
0.471558 4.320159 -0.300295 13
0.492007 4.255596 -0.237001 13
0.551354 4.221267 -0.255354 13
0.501972 4.095407 -0.035277 13
0.558948 4.056972 -0.045149 13
0.555182 3.963524 0.083454 13
0.597445 3.909990 0.109926 13
0.650573 3.866475 0.111686 13
0.278966 3.389671 1.145324 6
0.306991 3.303297 1.231742 6
0.403781 3.289821 1.147740 2
0.446991 3.218079 1.199021 2
0.436078 3.080526 1.396342 12
0.524219 3.058137 1.334362 12
0.858070 3.352332 0.586859 2
0.929854 3.325204 0.548956 6
0.976379 3.264539 0.583174 2
1.063692 3.261215 0.497302 2
1.316914 3.509709 -0.103214 6
1.369204 3.468935 -0.101311 6
1.430193 3.442115 -0.127190 6
1.481801 3.400363 -0.122764 6
1.382097 3.090466 0.404246 12
1.442798 3.052800 0.394298 12
1.525499 3.057875 0.303503 12
-1.817556 6.250668 0.014470 5
-1.551167 6.203152 -0.238227 5
-1.540609 6.144866 -0.180726 5
-0.228999 6.185769 -1.752259 5
-0.135312 6.150089 -1.817934 5
-0.075624 6.112692 -1.841891 5
-0.038414 6.073612 -1.837541 5
-0.005726 6.034272 -1.827433 5
-0.000610 5.991231 -1.780661 5
-0.315281 5.898144 -1.301963 5
-0.321225 5.847704 -1.232874 5
-0.941638 5.684158 -0.313057 5
-0.144626 5.054919 -0.429810 5
-0.216822 4.959349 -0.223337 13
-0.073896 4.955500 -0.380758 13
-0.016594 4.915688 -0.393699 13
0.044389 4.878300 -0.413738 13
0.103026 4.840514 -0.430348 13
0.144652 4.794433 -0.416551 13
0.189664 4.750185 -0.408747 13
0.251865 4.715900 -0.433257 13
0.261773 4.651283 -0.358419 13
0.282668 4.591889 -0.302619 13
0.347132 4.559473 -0.331407 13
0.389499 4.513224 -0.316714 13
0.429293 4.465042 -0.296301 13
0.473634 4.419847 -0.284721 13
0.537998 4.389630 -0.315343 13
0.501746 4.281847 -0.129249 13
0.535675 4.226049 -0.091013 13
0.550809 4.153537 -0.009058 13
0.563071 4.076350 0.082691 13
0.588492 4.008607 0.147361 13
0.643011 3.966529 0.145301 13
0.897994 3.404416 0.646406 2
0.977764 3.387897 0.584206 2
1.049288 3.362249 0.543823 6
1.115812 3.330886 0.517029 6
1.157263 3.262858 0.568408 2
1.194040 3.185357 0.638292 6
1.259681 3.151956 0.616155 2
1.304761 3.084318 0.664031 6
1.413351 3.127404 0.489833 12
1.481784 3.103491 0.452278 12
1.539795 3.060804 0.452347 12
-1.831113 6.178915 0.293176 5
-1.731015 6.122199 0.242995 5
-0.107260 6.187378 -1.775709 5
-0.062405 6.148279 -1.781037 5
0.035820 6.115282 -1.857383 5
0.056356 6.075060 -1.831885 5
0.134181 6.042229 -1.883690 5
0.111856 5.996336 -1.799608 5
-0.104403 5.918409 -1.444130 5
-0.227168 5.849811 -1.211468 5
-0.182423 5.808166 -1.211910 5
-0.169822 5.760471 -1.166229 5
-0.341444 5.205139 -0.243763 5
-0.242737 5.176800 -0.322511 5
-0.196397 5.130635 -0.315926 5
-0.100512 5.104468 -0.393683 5
-0.058370 5.057923 -0.381129 5
-0.172033 4.943273 -0.095262 13
0.022374 4.963385 -0.349145 13
0.076897 4.922825 -0.358249 13
0.152298 4.893209 -0.406115 13
0.202943 4.852145 -0.409492 13
0.204427 4.784788 -0.319984 13
0.257021 4.744460 -0.326083 13
0.280968 4.687699 -0.276431 13
0.336912 4.649593 -0.288887 13
0.381533 4.604843 -0.278942 13
0.430126 4.562728 -0.276906 13
0.464438 4.510956 -0.244935 13
0.497674 4.457811 -0.209568 13
0.511542 4.389520 -0.130864 13
0.548959 4.337562 -0.101360 13
0.547735 4.253909 0.016396 13
0.571073 4.187709 0.082264 13
0.594316 4.119747 0.150985 13
0.651099 4.080238 0.142312 13
1.015716 3.437341 0.648936 6
1.061585 3.376036 0.686626 6
1.159730 3.388751 0.561448 6
1.209889 3.334024 0.585643 6
1.251409 3.264671 0.640555 6
1.299123 3.203089 0.677886 2
-1.725641 6.175201 0.352022 5
-1.302292 6.141130 -0.125543 5
-0.008323 6.187669 -1.773443 5
0.044398 6.149976 -1.790637 5
0.122949 6.115792 -1.843755 5
0.145690 6.076303 -1.821432 5
0.166220 6.036459 -1.795722 5
0.235565 6.003708 -1.838710 5
-0.079755 5.909819 -1.331641 5
-0.043197 5.868255 -1.322661 5
-0.078332 5.813216 -1.208265 5
-0.070551 5.765089 -1.155075 5
-0.171866 5.692185 -0.936025 5
-0.075312 5.661932 -1.014096 5
-0.536586 5.493211 -0.229587 5
-0.510487 5.439208 -0.189933 5
-0.384932 5.352035 -0.226613 5
-0.318753 5.310728 -0.251679 5
-0.188239 5.291903 -0.384584 5
-0.143017 5.246216 -0.377792 5
-0.117209 5.193547 -0.337815 5
-0.059211 5.152910 -0.352715 5
0.034869 5.127696 -0.431794 5
0.079038 5.083211 -0.424222 5
0.019678 4.992491 -0.228669 5
0.108884 4.967295 -0.301050 13
0.182178 4.936285 -0.346071 13
0.248454 4.903037 -0.379322 13
0.287796 4.856491 -0.361710 13
0.304057 4.796968 -0.298278 13
0.392309 4.777964 -0.376654 13
0.370876 4.694845 -0.234926 13
0.420750 4.653371 -0.235762 13
0.459300 4.604753 -0.212880 13
0.513813 4.566682 -0.223405 13
0.494651 4.476850 -0.073753 13
0.550690 4.438818 -0.085543 13
0.577753 4.379081 -0.032238 13
0.587451 4.304254 0.063161 13
0.618742 4.244912 0.111565 13
0.655597 4.189198 0.148605 13
1.008901 3.548293 0.674979 6
1.035646 3.462784 0.770415 6
1.122664 3.457405 0.680697 6
1.191196 3.428599 0.646508 6
1.239669 3.370770 0.677848 6
-1.806888 6.225360 0.577925 5
-1.730656 6.165568 0.557690 5
-1.687422 6.104468 0.581221 5
0.076631 6.187235 -1.754968 5
0.175133 6.154484 -1.837140 5
0.215240 6.117278 -1.839544 5
0.257198 6.080723 -1.844897 5
0.283154 6.042438 -1.827564 5
0.309037 6.004164 -1.809921 5
-0.008566 5.908915 -1.284065 5
-0.019395 5.859018 -1.204333 5
-0.016835 5.810539 -1.143071 5
-0.033687 5.757139 -1.050568 5
0.001521 5.714019 -1.036969 5
-0.162909 5.622791 -0.707829 5
-0.177803 5.563768 -0.609388 5
-0.138059 5.518084 -0.597170 5
-0.097142 5.472873 -0.586770 5
-0.200865 5.383334 -0.334784 5
-0.137880 5.343085 -0.358137 5
-0.019397 5.322732 -0.477737 5
0.020067 5.276752 -0.463284 5
0.022353 5.216693 -0.382807 5
0.082467 5.178303 -0.403940 5
0.095295 5.120923 -0.339668 5
0.180448 5.094175 -0.407479 5
0.180734 5.030287 -0.317967 5
0.246160 4.995986 -0.350194 5
0.239720 4.926636 -0.244075 13
0.305921 4.893236 -0.277919 13
0.342740 4.844828 -0.254060 13
0.361342 4.785726 -0.192325 13
0.390289 4.731579 -0.150016 13
0.424496 4.679933 -0.117399 13
0.458363 4.627519 -0.082950 13
0.503247 4.581910 -0.071394 13
0.560558 4.544963 -0.087123 13
0.554404 4.462300 0.040577 13
0.579248 4.400063 0.101469 13
-1.674958 6.223172 0.604778 5
-1.654334 6.160848 0.659235 5
-1.574583 6.102402 0.632047 5
0.183209 6.189045 -1.768971 5
0.248800 6.153958 -1.807857 5
0.303932 6.118808 -1.832812 5
0.348438 6.083153 -1.843040 5
0.385867 6.047055 -1.843236 5
0.406822 6.008752 -1.818842 5
-0.019584 5.894382 -1.111205 5
0.022961 5.853136 -1.110298 5
0.023422 5.803850 -1.043651 5
-0.008373 5.746686 -0.924201 5
0.015126 5.700296 -0.890743 5
0.059332 5.658727 -0.890382 5
0.077188 5.610578 -0.846617 5
0.007363 5.537343 -0.654678 5
0.048015 5.493387 -0.645514 5
0.016823 5.426992 -0.512231 5
-0.002780 5.362042 -0.395549 5
0.049833 5.320348 -0.403987 5
0.095740 5.276703 -0.400754 5
0.124130 5.226520 -0.365502 5
0.161973 5.179774 -0.346907 5
0.230762 5.146219 -0.386335 5
0.218745 5.077526 -0.272091 5
0.276515 5.039460 -0.290368 5
0.313227 4.991734 -0.267632 13
0.359494 4.948708 -0.263494 13
0.383323 4.893793 -0.213356 13
0.385335 4.825720 -0.116141 13
0.431214 4.781363 -0.108581 13
0.486292 4.742720 -0.120648 13
0.465515 4.656198 0.033332 13
0.487609 4.594652 0.097079 13
0.529996 4.545820 0.116980 13
0.587613 4.507712 0.102298 13
0.629296 4.458214 0.124752 13
-1.660471 6.215880 0.793608 5
-1.575137 6.156691 0.758356 5
-1.512150 6.097100 0.754007 5
0.266292 6.189283 -1.752596 5
0.342627 6.155836 -1.809437 5
0.398642 6.121474 -1.837569 5
0.434870 6.085429 -1.836674 5
0.451144 6.046836 -1.805341 5
0.511669 6.015008 -1.842208 5
0.050042 5.893545 -1.057436 5
0.078711 5.849871 -1.034776 5
-0.002844 5.783613 -0.833305 5
0.017542 5.736232 -0.793795 5
0.066389 5.695174 -0.800752 5
0.086642 5.647400 -0.759876 5
0.085390 5.593380 -0.681248 5
0.105250 5.544190 -0.637191 5
0.101401 5.487252 -0.550298 5
0.091170 5.426836 -0.449625 5
0.117141 5.377020 -0.411763 5
0.140735 5.325908 -0.368548 5
0.176769 5.278938 -0.347413 5
0.241475 5.243274 -0.380178 5
0.263966 5.190961 -0.332740 5
0.294708 5.141562 -0.300071 5
0.326025 5.092021 -0.267603 5
0.357283 5.042034 -0.234053 5
0.324152 4.959036 -0.067058 13
0.398869 4.929574 -0.120029 13
0.402524 4.862323 -0.023715 13
0.422348 4.802441 0.040918 13
0.478535 4.763232 0.027691 13
-1.638147 6.209199 0.978250 5
-1.488481 6.153421 0.848116 5
-1.447877 6.092276 0.876337 5
0.352659 6.190218 -1.743072 5
0.426182 6.157107 -1.798365 5
0.470635 6.121934 -1.810436 5
0.528477 6.089109 -1.843970 5
0.544545 6.051088 -1.812394 5
0.574898 6.015117 -1.803103 5
-0.216181 5.609489 -0.133918 0
0.041010 5.617018 -0.496611 5
0.106237 5.579181 -0.530288 5
0.086920 5.517579 -0.413329 5
0.121402 5.470731 -0.391102 5
0.123681 5.413164 -0.308812 5
0.192760 5.377549 -0.349598 5
0.235896 5.333568 -0.342327 5
0.275762 5.288496 -0.328630 5
0.310442 5.241340 -0.304423 5
0.314203 5.180711 -0.217745 5
0.364719 5.139596 -0.223324 5
0.422373 5.102278 -0.243922 5
0.386604 5.019405 -0.069095 5
0.369168 4.942426 0.072496 13
0.402039 4.889851 0.109630 13
0.422597 4.829706 0.175274 13
-1.545804 6.206394 1.065214 5
-1.449709 6.147500 1.011423 5
-1.362517 6.089475 0.969542 5
0.452178 6.192795 -1.756270 5
0.519971 6.159892 -1.805539 5
0.572265 6.126357 -1.831603 5
0.580879 6.087697 -1.788008 5
0.623158 6.053632 -1.798525 5
0.650120 6.017539 -1.784094 5
-0.190133 5.655150 -0.061313 7
-0.010243 5.640937 -0.293708 0
0.104311 5.614354 -0.415143 5
0.078483 5.550916 -0.283241 0
0.062612 5.488218 -0.166070 7
0.072814 5.431851 -0.094702 7
0.107925 5.382813 -0.069013 7
0.273598 5.380228 -0.296693 5
0.339886 5.345180 -0.335270 5
0.331929 5.281737 -0.226110 5
0.352283 5.228166 -0.171275 5
0.419485 5.194363 -0.211903 5
0.433749 5.137251 -0.142320 5
0.407388 5.059200 0.016712 5
0.367094 4.970845 0.211607 13
0.426690 4.931695 0.191492 13
-1.430110 6.205335 1.116988 5
-1.363885 6.145030 1.107092 5
-1.299058 6.085372 1.098815 5
0.504976 6.191434 -1.698296 5
0.583561 6.159860 -1.766948 5
0.640949 6.127237 -1.802730 5
0.651513 6.089081 -1.761533 5
0.721125 6.059598 -1.819242 5
0.716735 6.018918 -1.751826 5
0.742486 5.982890 -1.735083 5
-0.153986 5.760514 -0.091978 7
-0.053886 5.725415 -0.184261 7
-0.023063 5.676142 -0.153716 0
0.075156 5.643712 -0.246522 0
0.116069 5.597938 -0.235191 0
0.168680 5.555683 -0.245855 0
0.145349 5.490652 -0.110773 7
0.296521 5.480248 -0.312828 5
0.333973 5.434889 -0.295521 5
0.359420 5.385113 -0.253554 5
0.401618 5.341273 -0.244674 5
0.436659 5.294644 -0.220680 5
0.431583 5.230592 -0.110976 5
0.382994 5.144864 0.096128 5
0.388389 5.080630 0.192001 5
0.470849 5.053030 0.119329 5
-1.336368 6.267205 1.108459 5
-1.281467 6.206662 1.114940 5
-1.222941 6.146828 1.115423 5
-1.194279 6.085083 1.164412 5
-1.210050 6.018708 1.287983 5
0.668766 6.162586 -1.764857 5
0.711876 6.128773 -1.778499 5
0.751363 6.095005 -1.786430 5
0.762711 6.057248 -1.745537 5
0.787362 6.021358 -1.727225 5
0.812922 5.985604 -1.710169 5
-0.029701 5.770426 -0.109046 7
0.046083 5.731097 -0.161090 7
0.115518 5.691598 -0.202913 7
0.164349 5.647931 -0.206867 0
0.200413 5.601165 -0.186376 0
0.261641 5.561796 -0.214837 0
0.346006 5.530607 -0.290484 5
0.429659 5.501002 -0.367197 5
0.441444 5.447771 -0.298435 5
0.407869 5.376456 -0.132549 5
0.441543 5.328736 -0.104366 5
0.491885 5.287714 -0.111376 5
0.463393 5.212397 0.054853 5
-1.175687 6.206300 1.178557 5
-1.090102 6.148756 1.133163 5
-1.090418 6.085294 1.231285 5
-1.043383 6.025356 1.250771 5
0.711691 6.160937 -1.692060 5
0.778369 6.130125 -1.747569 5
0.807853 6.095206 -1.738458 5
0.848811 6.062276 -1.749978 5
0.869409 6.026233 -1.724612 5
0.879642 5.988004 -1.679347 5
0.088353 5.779849 -0.119308 7
0.128179 5.733308 -0.105713 7
0.165617 5.686295 -0.087204 7
0.256097 5.653347 -0.173033 0
0.296839 5.608278 -0.161880 0
0.405800 5.583989 -0.289485 5
0.482172 5.551995 -0.353811 5
0.523201 5.509469 -0.345962 5
0.552498 5.462835 -0.312841 5
0.545291 5.401799 -0.199306 5
0.492160 5.320091 0.019595 5
-1.063127 6.206922 1.230269 5
-1.039475 6.145480 1.289024 5
-0.973110 6.087260 1.274589 5
-0.955778 6.024847 1.346241 5
0.805770 6.165522 -1.708789 5
0.852042 6.132806 -1.730294 5
0.896450 6.100493 -1.749104 5
0.899411 6.061973 -1.691014 5
0.909033 6.023911 -1.643987 5
0.943618 5.990247 -1.643782 5
0.190448 5.786615 -0.102802 7
0.207662 5.735354 -0.044817 7
0.261087 5.692521 -0.058180 0
0.307397 5.648363 -0.057501 0
0.530126 5.655756 -0.423977 5
0.578478 5.616377 -0.433694 5
0.580123 5.562067 -0.343429 5
0.626609 5.522055 -0.348191 5
0.439111 5.395251 0.166703 5
-0.998273 6.205395 1.364626 5
-0.949419 6.145534 1.380726 5
-0.813258 6.093637 1.239494 5
-0.659323 6.046516 1.061547 5
0.880173 6.168280 -1.692916 5
0.902760 6.132807 -1.671311 5
0.942586 6.099867 -1.682118 5
0.980623 6.067104 -1.689883 5
1.002633 6.031785 -1.666459 5
1.014912 5.994349 -1.622986 5
0.624427 5.664483 -0.409484 5
0.685876 5.629873 -0.449242 5
0.688858 5.576526 -0.359853 5
-0.815083 6.211441 1.288738 5
-0.753619 6.154061 1.279476 5
-0.679703 6.098471 1.246497 5
-0.487450 6.056449 0.988277 5
0.958067 6.171897 -1.685344 5
0.986406 6.137666 -1.675018 5
1.002753 6.101684 -1.640761 5
1.037671 6.068584 -1.642854 5
1.054386 6.032346 -1.607984 5
1.067881 5.995094 -1.565445 5
1.096969 5.960877 -1.554429 5
0.647238 5.758404 -0.428659 5
0.696278 5.719912 -0.442574 5
0.749023 5.683112 -0.465318 5
0.794551 5.644686 -0.472405 5
0.735649 5.570422 -0.237293 5
